8.54143464e-05,-7.95636861e-04,-3.83651688e-03,-2.59517593e-054,83476029e-05,-1.14207682e-04
7.21780136e-044,74157718e-04,-1.05393131e-021,77765996e-041,51934699e-05,-1.48743661e-04
2.92992715e-031,58602655e-03,-1.10363694e-023,29356964e-04,-1.43782541e-04,-7.99083333e-05
-7.60842368e-05,-1.72895822e-04,-9.48871285e-032,87104209e-041,00651576e-04,-1.02593846e-04
2.50569463e-03,-2.58789385e-03,-6.60560784e-031,99949270e-044,27514739e-05,-1.36883565e-04
4.25251076e-03,-2.95024710e-05,-5.04474455e-032,47128762e-042,33155574e-05,-1.63879680e-04
9.60126332e-042,02589943e-03,-9.21057147e-035,20215721e-041,15651053e-04,-6.95254749e-05
7.26950257e-052,20910708e-03,-5.05811242e-032,49835754e-041,88894213e-04,-6.65908845e-05
-0.000758790,00184084,-0.004024690,000208050.0001792,-0.00011305,-2.39697993e-047
32575361e-03,-8.13244158e-034,83236174e-041,52741947e-04,-7.46167483e-05,1.12680755e-034
06036445e-03,-9.15128095e-033,95082847e-041,78940317e-04,-8.13632413e-05,-0.000680680
00026456,-0.006424870,000188720.00028188,-0.00012504,-0.000320450,00405353
-0.011395240,000364130.00023246,-0.0001337,2.17181786e-035,36311478e-03,-1.68297503e-025
70050117e-041,49441383e-04,-7.33533084e-05,1.86250129e-051,76364532e-03,-1.58683467e-023
97698490e-042,32618046e-04,-1.06214695e-04,-1.15558387e-031,01095818e-03,-1.41431643e-022
94738669e-042,35148390e-04,-8.17315897e-05,-1.57330228e-042,98646190e-03,-2.07294722e-024
73182940e-042,31183839e-04,-2.60799024e-05,-8.41194685e-041,66426637e-03,-2.36720372e-025
70112759e-042,72029360e-04,-8.34134665e-05,-9.22156241e-04,-1.90466004e-04,-2.13146318e-023
83401575e-042,43511949e-04,-2.15778925e-05,-1.35089959e-03,-7.66873202e-04,-2.22104436e-023
86213167e-043,56405300e-04,-8.74308198e-05,-1.70947129e-035,85134221e-04,-2.29572601e-025
25907434e-043,81531137e-04,-4.98769918e-05,-5.39953560e-044,46018643e-04,-2.46266517e-025
12813430e-043,60861204e-04,-6.97057472e-05,-0.00090522,-0.00139282,-0.02163140
000425490.000389,-0.00015145,-0.00150911,-0.00133662,-0.024589770,000506540.00036522
-0.0001749,-0.00085328,-0.00212035,-0.025189440,000534370.00038614,-0.00016785
0.0023035,-0.00105719,-0.025825230,000501770.00031229,-0.00013405,1.82315211e-03
-2.03907553e-04,-2.67215426e-024,81744286e-042,87361221e-04,-5.78969980e-05,1.72042036e-041
67982522e-03,-2.66254743e-024,94490881e-044,47991595e-04,-6.93775599e-05,-2.59060200e-031
32026040e-03,-2.57408338e-025,13493831e-045,77361925e-04,-6.12668577e-05,1.54202836e-033
76406999e-03,-2.76949236e-025,47604717e-044,15798962e-04,-8.91060967e-05,2.22683810e-034
16737571e-03,-2.56324602e-024,43611665e-044,36783504e-04,-9.29652300e-05,0.001085240
00277406,-0.023899050,000437640.00063992,-0.00012945,0.000936260,00452157
-0.026224990,000540740.00061244,-0.00016754,0.000863190,00579118,-0.02908610
00061890.00040315,-0.00015591,0.001752450,00451998,-0.028084920,00044870.00045218
-0.00015817,0.000174850,00508659,-0.028876020,000519390.00082183,-0.00018036
0.002753750,00667391,-0.033746640,000784430.00058643,-0.00014759,3.45504379e-036
30083011e-03,-3.28391406e-026,22359702e-045,15436009e-04,-9.96981880e-05,0.001869720
00447574,-0.029690550,000499950.00069424,-0.00013844,0.002102280,00421507
-0.031033710,000670350.00075774,-0.00012413,2.24131975e-037,17103710e-03,-3.40745325e-027
23420899e-046,75674001e-04,-9.69390210e-05,0.002852090,00540506,-0.031190580
000523770.0005358,-0.00012548,0.003094960,00528082,-0.032462350,000696430.00087269
-0.00013862,0.001556980,00698297,-0.036462650,00087520.00077746,-0.00011445
6.20995429e-035,94873726e-03,-3.28626392e-027,07107558e-044,89268828e-04,-7.50209717e-05
0.001589150,00545601,-0.034257930,000813040.00079732,-0.00010864,0.002142310
00541904,-0.030554950,000823420.00094564,-0.00015907,0.004778640,00889203
-0.034379030,000912740.00064725,-0.00012478,0.003752830,00864438,-0.031613360
000888140.00077679,-0.00015324,0.003000880,00608381,-0.032201950,000877480.00085417
-0.00019873,0.003646060,00564244,-0.035416520,000971410.00094755,-0.00015898
0.004969110,00495478,-0.039388230,00110910.00074357,-0.00017562,0.002748390
00474673,-0.037821750,001074540.00075197,-0.00020019,0.003102870,00708935
-0.039380950,001172860.00096105,-0.00021726,0.005130630,00734168,-0.039034480
001123950.00086222,-0.00020338,0.007636280,00771657,-0.041183320,001215730.00074032
-0.000186,0.005321130,01106425,-0.039712040,00139660.00093768,-0.00014371
0.006678950,00835619,-0.035163770,001219090.0009427,-0.0001803,0.00731950
00794522,-0.035170330,001288090.00098804,-0.00011711,0.008741920,01083
-0.03993680,001540620.0008717,-0.00013161,0.006655330,00742197,-0.039776070
001529310.00087463,-0.00020476,0.004516250,00662768,-0.033206760,001351860.0010121
-0.00027761,0.008877850,00876586,-0.036564860,001552650.00081908,-0.00020952
0.008555420,01078727,-0.037509690,001744230.0008196,-0.00019282,0.008363520
00866537,-0.031754080,001578150.00098715,-0.00019491,0.008215020,00750786
-0.028121940,001565390.00097562,-0.00022291,0.01024120,00881347,-0.032807090
001822240.0008603,-0.00023334,0.009037290,01137129,-0.034748610,001972630.00082073
-0.00020364,0.008819380,00779714,-0.027693040,00171480.00090617,-0.00021575
0.009693540,00893073,-0.030073310,001703310.00101592,-0.00015964,0.010254770
01240425,-0.034784530,002033530.00084658,-0.00013608,1.17312201e-021,12605838e-02
-3.25680036e-021,85833692e-039,44922109e-04,-8.82307688e-05,0.011811780,00794976
-0.028060820,001663810.00113017,-0.00015306,0.012136640,01089491,-0.032214460
001939830.00093015,-0.00012375,0.012625110,00999234,-0.035148070,002178590.00095245
-0.00012371,0.01396350,0075974,-0.030884640,001892950.00094295,-0.00020177
0.014133470,00865784,-0.030353490,001867540.00094662,-0.00016715,0.013887150
00871451,-0.03211020,002078020.00098862,-0.00016194,0.011634890,00849748
-0.029764470,002062670.00094276,-0.0001763,0.012682590,00911952,-0.030600710
002037530.00088833,-0.00017172,0.013436620,00951802,-0.027840890,002050310.00093488
-0.00022832,0.011282480,00775421,-0.026729950,002104930.001013,-0.00022684
0.01065380,01061312,-0.025918170,002125970.00105592,-0.00016834,0.014120720
01095102,-0.028327720,002099960.0008211,-0.00016774,0.011021540,01089195
-0.027256680,002175680.00103818,-0.0002522,0.010788880,00830215,-0.027156520
002088720.00109565,-0.00028851,0.014695430,00909427,-0.025691910,0021020.00086247
-0.00027045,0.016202050,01067418,-0.029535110,002258230.00088512,-0.00027252
0.013496850,00786382,-0.023776940,001934310.00110045,-0.0002957,0.012562760
01071839,-0.025939620,00213290.00114313,-0.00030259,0.015435290,0132126
-0.025113270,002212090.00087945,-0.00025209,0.016141130,0097325,-0.025377440
002134680.00088726,-0.00019835,0.015293410,00809048,-0.021621190,002056560.00099447
-0.00020026,0.016747740,01147857,-0.024276010,002255880.00090256,-0.00024192
0.016183490,00972773,-0.021510620,002253170.00092463,-0.00018725,0.014978220
00955846,-0.019919860,002144860.00103224,-0.00011762,0.014661250,00942496
-0.019803510,002187270.00119026,-0.00015058,0.019481790,01254517,-0.022103390
002274340.00094514,-0.00010625,0.021824540,01505174,-0.021750690,002201120.00084177
-0.00011954,0.017110710,01348168,-0.019016740,002107960.00121829,-0.00016629
0.018762670,01165261,-0.020971040,002171540.00103583,-0.0001163,0.021268270
01238847,-0.022651540,002295670.00081335,-0.00015079,0.018411060,0109185
-0.021695580,002281950.00100688,-0.00012021,0.016478590,01131959,-0.019599160
002256850.00113446,-0.00014565,0.017352870,01234033,-0.018584640,002245040.00098772
-0.00017242,0.018948180,012951,-0.020948440,00234930.00090989,-0.00017961
0.020101080,01587809,-0.022270470,002526240.00105076,-0.00018637,0.02087140
01349783,-0.017725060,002327750.00090504,-0.00024794,0.019527840,01108309
-0.017389680,00233750.00099257,-0.00031116,0.019969250,01564801,-0.024032270
002646440.00091922,-0.00027458,0.021404460,01352048,-0.023146590,002576510.00082801
-0.00024792,0.019395840,01195307,-0.020470690,002311710.00101037,-0.00023788
0.021979490,01656475,-0.022718840,002609790.00092639,-0.00020917,0.024340220
01888115,-0.024481620,002763210.0008336,-0.00017842,0.023549340,01898095
-0.018051650,002500040.00103425,-0.00022457,0.024602410,01823565,-0.016398040
002430870.00100235,-0.00020604,0.025184560,01924598,-0.020779380,002742820.00099032
-0.00017935,0.024507720,02085157,-0.019694910,002686680.00099605,-0.00018621
0.023173320,01688166,-0.015816730,002461330.00094892,-0.00023963,0.022352610
01782591,-0.014233590,002573010.00108334,-0.00026635,0.024333480,0207938
-0.018306660,002797460.00101498,-0.00022896,0.021080010,01912759,-0.01460790
002618710.00093255,-0.00027225,0.019032650,01910176,-0.012499760,002564770.00101511
-0.00035942,0.019785080,02104294,-0.015173150,002702580.00102294,-0.00034342
0.018728750,01867031,-0.01651440,002700920.00091374,-0.00028854,0.017763490
01747834,-0.016119880,002569620.00092362,-0.00025173,0.016726520,01738815
-0.017509450,002617770.00086668,-0.000278,0.016880740,0148161,-0.016394620
002628670.00096164,-0.00030557,0.018987450,01534871,-0.017511080,002621350.00095817
-0.00023254,0.020954320,01651983,-0.01642710,002668890.00093091,-0.0002174
0.02161270,01643925,-0.017961930,002699390.00091838,-0.00019869,0.017472730
01595016,-0.016626740,002486710.00096838,-0.00023069,0.01816750,01598368
-0.021352740,002601020.00095509,-0.00023971,0.017875990,01682175,-0.026025020
002779740.00088213,-0.00023986,0.020371270,01454232,-0.022385340,002661830.00088877
-0.00018681,0.02110380,01415772,-0.02075450,002579870.00110151,-0.0001694
0.023028540,01651983,-0.024208580,002779990.00109334,-0.0001696,0.022597640
01646896,-0.024752930,002763640.00092388,-0.00019693,0.019753130,01166902
-0.022400370,002437430.00110704,-0.00019658,0.017291110,01420442,-0.029715150
002679480.00111174,-0.00023125,0.019050190,01631357,-0.033603990,002884080.00088137
-0.00026159,0.017519430,01281016,-0.030911320,002492960.00080527,-0.00027382
0.01603950,01376854,-0.031077170,002545850.00104798,-0.00033824,0.019409290
01585244,-0.032946080,002684290.00098287,-0.00029006,0.01954610,01869081
-0.034584670,002767830.00092413,-0.00024986,0.018555890,01792584,-0.032670950
002594230.00107526,-0.00024292,0.016274670,01859941,-0.031204610,002558650.00123175
-0.00031902,0.019281670,01986553,-0.034890850,002644750.00113849,-0.00028134
0.020554270,01903782,-0.036485560,002702150.00110603,-0.00030698,0.019326990
01839581,-0.03515360,002555790.00108372,-0.0003346,0.018662930,02205295
-0.042011020,002700050.00111698,-0.00037913,0.020953690,02144106,-0.04736820
002715890.00107153,-0.00023505,0.022486330,02345958,-0.053386750,002897470.00096046
-0.00019064,0.022535650,01975634,-0.048923590,002591540.00111829,-0.00023662
0.025498710,02291341,-0.051373320,002757460.00105544,-0.00019212,0.024740560
01769201,-0.044800880,002284210.00098866,-0.00021279,0.022184740,02029946
-0.049839830,002546720.00116982,-0.00023609,0.022970360,02120662,-0.050638750
002662850.00110362,-0.0002193,0.024234870,01771664,-0.050812770,002501690.00083422
-0.00019021,0.02286720,01900347,-0.050822160,002731650.00123341,-0.00016751
0.025592090,01943306,-0.054144520,002717620.0009664,-0.00019732,0.023201540
01448622,-0.046431880,002402320.00120315,-0.00022585,0.026414740,01849249
-0.055492450,002672660.00098912,-0.00018624,0.02763720,01834705,-0.05347480
002767110.00100099,-0.00022916,0.027616450,0166999,-0.05626260,002641690.00107366
-0.00014834,0.026826830,01520749,-0.054971110,002561580.00113199,-0.00015726
0.02950910,01718622,-0.060171720,002756480.00085835,-0.00014393,0.027013130
01922117,-0.057992470,002818820.00115372,-0.00016296,0.027127260,0179568
-0.054765870,002509720.0010343,-0.00018745,0.025114370,01619332,-0.055536250
002616730.00110419,-0.00011499,0.026028810,01824057,-0.064295380,002940720.00094411
-0.00012776,0.027809240,01684373,-0.058386230,002762220.00088744,-0.00016731
0.024229010,01628417,-0.053033950,002602340.0011662,-0.00022029,0.025881530
01722847,-0.053053480,00266810.00103518,-0.00015609,0.028019320,01781702
-0.06126550,002915710.00086637,-0.00016678,0.025441680,01406415,-0.056819420
002725260.00100246,-0.00028587,0.024568590,01018891,-0.056136480,002658630.00085344
-0.00027221,0.024669970,01316376,-0.059568310,002968410.00094445,-0.00028546
0.026972180,01330263,-0.060583750,00295290.00078028,-0.00028493,0.024889330
0119294,-0.057528340,002792150.00084934,-0.00029631,0.026750880,01362169
-0.059231410,002897630.00086558,-0.00025797,0.027353430,0128594,-0.054211750
002813050.00087082,-0.00029647,0.026859160,01382083,-0.055778220,002840450.00096505
-0.00021947,0.026245080,01508529,-0.058938420,002983940.000868,-0.00015791
0.026162330,01342904,-0.057019550,002891950.0008017,-0.00020699,0.023715340
0111903,-0.054388330,002819780.00097948,-0.00029705,0.027129690,01318312
-0.057753010,003084480.00076361,-0.00020976,0.027696040,01305756,-0.059708570
003107960.00063071,-0.00021812,0.025567940,01125872,-0.051917820,002887510.0009639
-0.00027076,0.02582250,01252664,-0.053722950,002969320.00075136,-0.00028016
0.025891790,01318073,-0.0532550,003061980.00062886,-0.00020681,0.025184750
01251074,-0.050549120,002988050.00072884,-0.00015359,0.024605720,01244706
-0.047699430,002926320.00065885,-0.0002172,0.02452160,01393706,-0.052957590
003221450.00082519,-0.00019874,0.024737340,01374199,-0.049732710,003130760.00064691
-0.00011503,0.025807430,01035254,-0.047458960,002906160.00055565,-0.00014071
0.022902890,01080245,-0.05003690,002960390.00088275,-0.00018634,0.024680530
01019549,-0.052577370,003038750.00076696,-0.00019831,0.028668830,01035505
-0.053318470,002960830.0003396,-0.00023631,0.024847580,01242,-0.053191950
003108310.0006716,-0.00023882,0.022996630,0112572,-0.050066510,00313090.00073539
-0.00019738,0.026491470,01252215,-0.048544210,003032250.00064607,-0.00026545
0.028583090,01290525,-0.047297340,003105950.00065221,-0.00026055,0.028144910
01043352,-0.045797820,002924370.00075634,-0.00029087,0.02641290,0119697
-0.050058280,003012540.00078764,-0.00023104,0.026619940,01084482,-0.051904930
003028160.00066209,-0.00021377,0.026683890,01229351,-0.055935070,003062170.00043589
-0.00022352,0.024618080,01442793,-0.057206810,00312510.00082694,-0.00026108
0.026790,01233133,-0.056391560,002924120.00060505,-0.00027024,0.026427620
01198606,-0.059327450,002936550.00065462,-0.00027194,0.026761960,01631896
-0.065329890,003145060.0006876,-0.00027955,0.029914790,01480625,-0.065903390
003002720.00067072,-0.00028331,0.028677890,01303471,-0.063001710,002831830.00091959
-0.00031573,0.030742270,01523896,-0.066720420,003017560.00073248,-0.00024826
0.029825860,01476163,-0.068230380,003098080.00087322,-0.00023237,0.029435330
01125028,-0.063955610,002758790.00094452,-0.00021235,0.028662270,01105752
-0.06664760,002762160.00079168,-0.00024174,0.027960370,01333869,-0.074381590
003054740.00081998,-0.00017598,0.027919360,01056858,-0.07396390,002875370.000839
-0.00019786,0.028422380,0086144,-0.073990920,002723530.00079963,-0.00021937
0.027926060,01049818,-0.07525810,002785060.0007751,-0.00019912,0.027044870
00999006,-0.081056330,002951450.00073686,-0.00023715,0.027515620,01027579
-0.077810580,002804370.00075419,-0.00024546,0.028018760,01004978,-0.077237310
002659740.00078787,-0.00022325,0.028060290,01138897,-0.08043960,002837480.00083919
-0.0002155,0.027881320,01254932,-0.081089850,002890220.00081555,-0.00020329
0.026946430,01044564,-0.078069020,002693260.00085568,-0.00021579,0.029538030
01299861,-0.078571480,002725410.00087066,-0.00019055,0.028693440,01477447
-0.083455220,002955980.00092441,-0.0001632,0.031100510,01252354,-0.081738140
002868190.00094476,-0.00021084,0.030563050,01219482,-0.08019160,002738670.00083408
-0.0002929,0.032651710,01401769,-0.081653390,002898660.00098001,-0.00031789
0.033314540,01555171,-0.083869610,002961330.00085564,-0.00027195,0.032919820
01494342,-0.081671630,00290510.00083549,-0.00029335,0.032142760,01559673
-0.081509840,002783480.00084445,-0.00028334,0.031401470,01664741,-0.081671120
002848890.00089118,-0.00034013,0.029366630,01866548,-0.086022740,002914950.00089354
-0.00031637,0.033268290,01897444,-0.085645610,002818360.00077653,-0.00030066
0.03163220,01996468,-0.087653110,002870670.00086807,-0.00027561,0.032202260
01734252,-0.084166790,002790220.00095564,-0.00025404,0.033597850,02046366
-0.087324990,002960990.00087867,-0.00033141,0.034825090,01905503,-0.087088730
002884380.00077681,-0.0003589,0.033738190,01654495,-0.088975690,002804570.00089257
-0.00038199,0.033853310,01740673,-0.090484490,002888760.00110415,-0.0003313
0.036884830,01828584,-0.092265690,002947720.00080247,-0.00025728,0.035823830
01641376,-0.091097970,002883720.0008024,-0.00031133,0.035366320,01733137
-0.091932050,002905410.00106064,-0.00026024,0.034599180,01736094,-0.091288010
002863320.00100744,-0.00032302,0.03540960,01969494,-0.094582050,002900480.00082104
-0.00029241,0.033696560,02232561,-0.094279860,002911530.00095018,-0.00030933
0.032977270,01961689,-0.094148560,002746250.00109585,-0.00032089,0.034586220
01899419,-0.098358980,002841760.00093174,-0.00029797,0.034744360,01652997
-0.100199860,002961490.00083255,-0.00036653,0.032640610,0173664,-0.099516570
002918860.00097581,-0.00041074,0.032849920,01462042,-0.100792480,002974020.00102282
-0.00041461,0.034610710,01530791,-0.101338230,002908060.00081722,-0.00036512
0.037335730,01560402,-0.102644880,002880370.00085528,-0.00036005,0.036593120
01719161,-0.103629980,002991180.00092366,-0.00039983,0.036265270,01632545
-0.100678410,002817770.00103747,-0.00040906,0.038003350,01795264,-0.105370020
002947740.00070814,-0.00036984,0.036230930,01928655,-0.108563020,003149820.00091339
-0.00041621,0.035361940,01719766,-0.104277430,002910930.00095492,-0.00043847
0.035940460,01602357,-0.101160150,002960920.0010293,-0.00039302,0.038067460
01944342,-0.104296310,003093230.00091682,-0.00038024,0.037511520,02073105
-0.106378310,003187020.00093925,-0.00040527,0.037705120,01838191,-0.102261540
002982190.00105553,-0.00035406,0.036849040,01835728,-0.102614120,00301150.00090876
-0.00036416,0.038479760,02132209,-0.109261530,003340910.00090175,-0.00031422
0.036133510,01843875,-0.102588060,003175760.00087335,-0.00030424,0.034118560
01636918,-0.099635890,003048850.00094964,-0.00037537,0.03400960,01728475
-0.102957920,003246130.00091014,-0.00032089,0.035049610,01633893,-0.10426260
003412540.00091685,-0.00030263,0.036351540,01227761,-0.103519050,003279410.00091917
-0.00032268,0.037886240,01099105,-0.102725280,003273570.00095255,-0.00033614
0.039258390,0114145,-0.10017130,003250620.00085464,-0.00036371,0.035920190
01016478,-0.086884690,002798640.00092221,-0.00043955,0.033283070,01282722
-0.09848140,003487540.0009653,-0.00035043,0.029429460,01652117,-0.099776610
003874060.00114127,-0.00034439,0.029195360,00775357,-0.087096490,002666970.00069371
-0.00032774,0.029350470,01448458,-0.095606960,003691780.00093699,-0.00023398
0.031363140,01109783,-0.085921660,002929970.00037584,-0.0002468,0.030948990
01855221,-0.095903110,00398450.00096542,-0.00022962,0.031179680,01435539
-0.086524940,003044850.00070919,-0.00030645,0.031780010,01601053,-0.087637230
003335650.00067503,-0.00032555,0.03600940,01677891,-0.089030610,003289640.00055892
-0.0003083,0.02965220,01915196,-0.089839350,003667790.00101709,-0.00041564
0.032982540,01008474,-0.084945080,002506020.00047348,-0.00047632,0.035369590
01288665,-0.084905880,002703880.00036601,-0.00052965,0.037572740,01084912
-0.080697950,002283230.00037028,-0.00059468,0.03656050,01599127,-0.081411920
003041250.00081247,-0.00059693,0.034676390,02202207,-0.094152820,00407050.00123129
-0.00065454,0.04353490,01119098,-0.094626950,002824980.000199,-0.00065408
0.042588990,01276598,-0.094393910,003156330.0005665,-0.00063335,0.033496890
01721998,-0.10064910,004234620.00153094,-0.00060016,0.036003290,01461692
-0.097308220,00348020.00063573,-0.00053112,0.032356880,01695965,-0.109106320
003799210.0005344,-0.0004779,0.02894070,01254362,-0.108109840,00353560.00082701
-0.00053115,0.026306620,00805716,-0.110422520,003408720.00091172,-0.00061162
0.027699110,01408122,-0.121467360,004134870.00074516,-0.00053529,2.52380056e-027
59509185e-04,-1.03170397e-012,27943293e-033,93399829e-05,-6.54432929e-04,0.018455920
00669719,-0.1065210,003054360.00073184,-0.00067969,0.015201980,01551155
-0.126087860,004781210.00112385,-0.00061691,2.27382507e-011,28262294e-01,-5.19525741e-013
29742808e-02,-3.69392687e-021,50834610e-04,0.864599820,27587241,-1.618105950
1126402,-0.12776401,-0.00339781,1.578263510,32614871,-2.718072080
22377583,-0.20017088,-0.01444813,2.126667110,35892514,-3.622428460
31870535,-0.24728275,-0.02473537,2.584396930,29427182,-4.157845430
39105376,-0.27829883,-0.03532761,2.907238590,18505229,-4.346675030
42118441,-0.3054449,-0.04192019,3.15475280,083875,-4.408885110
43396618,-0.3307451,-0.04618871,3.33819087e+00,-4.22043706e-03,-4.42293373e+004
36507917e-01,-3.50963214e-01,-4.89926501e-02,3.47038532,-0.09090282,-4.385089310
432832,-0.36644575,-0.05109109,3.56111133,-0.15174144,-4.348774190
42878561,-0.37749934,-0.05264604,3.62480696,-0.20064864,-4.310138530
42509625,-0.38488004,-0.05374621,3.66872469,-0.23742098,-4.278509280
42177283,-0.38974069,-0.0544831,3.69968495,-0.26560061,-4.265232630
41872636,-0.39290435,-0.05500605,3.72325382,-0.29541958,-4.224879130
41363489,-0.39624736,-0.05547873,3.74322991,-0.32935484,-4.172364380
40766394,-0.39959121,-0.05587981,3.75976516,-0.35600614,-4.131448640
40209513,-0.40207737,-0.05624227,3.77452668,-0.38333391,-4.077507850
39628512,-0.40424854,-0.05651345,3.78605734,-0.41286503,-4.014999050
39000199,-0.40648621,-0.05667404,3.79303933,-0.43659572,-3.969412860
38496234,-0.40758206,-0.05682818,3.7957851,-0.45009647,-3.93633580
38099026,-0.40794284,-0.05680623,3.79943066,-0.46418018,-3.894457440
37753851,-0.40792866,-0.05672247,3.80092949,-0.47781902,-3.862479510
37464232,-0.40797075,-0.05665827,3.80149641,-0.48476512,-3.871036450
37400814,-0.40722234,-0.05651631,3.80289903,-0.48866202,-3.863195820
3727984,-0.40668124,-0.05638265,3.80663462,-0.50049708,-3.835622920
37031603,-0.40689125,-0.05643505,3.80829799,-0.50700095,-3.82754640
36871776,-0.40690166,-0.05639036,3.81105917,-0.51519101,-3.820600040
3671262,-0.40673219,-0.05636044,3.81593808,-0.52435942,-3.79847940
3650532,-0.40692705,-0.05635091,3.81640562,-0.53410513,-3.776617640
36291576,-0.40730376,-0.0563732,3.81626717,-0.53714919,-3.780488670
36258864,-0.40688014,-0.05628331,3.81216425,-0.52389657,-3.804194060
36503462,-0.40535424,-0.05611886,3.80249023,-0.50489324,-3.834961380
36931061,-0.40315911,-0.05582681,3.79362025,-0.48764082,-3.885422980
37376361,-0.4009726,-0.05567876,3.78810022,-0.4683048,-3.933836390
37824807,-0.3986414,-0.05543097,3.78426911,-0.45724138,-3.955060910
38101283,-0.39701411,-0.05525744,3.78220521,-0.45277404,-3.962721120
38239345,-0.39620533,-0.05517896,3.77934738,-0.44194212,-3.994286510
38495296,-0.39476781,-0.05510282,3.77684618,-0.43299387,-4.027968380
38716193,-0.39345662,-0.05497421,3.77611566,-0.42947556,-4.031603510
38792494,-0.39287623,-0.05496098,3.77553474,-0.42551261,-4.028322190
38834295,-0.39240063,-0.05492215,3.77319735,-0.42160911,-4.04009750
38946739,-0.39154777,-0.05484597,3.76673175,-0.40719612,-4.06471480
39241199,-0.39036079,-0.05475331,3.76233213,-0.39470008,-4.081944380
39540006,-0.38883267,-0.05458272,3.75923302,-0.38585825,-4.092659780
3978498,-0.38740612,-0.05450245,3.75513239,-0.37850861,-4.114217910
40017448,-0.38651888,-0.05441982,3.75263654,-0.36991207,-4.124711830
40156955,-0.3857534,-0.05435549,3.75166984,-0.36695239,-4.119065450
4020734,-0.38512811,-0.05438413,3.75063716,-0.36372898,-4.119659870
40255291,-0.38478193,-0.05433284,3.74864039,-0.36205495,-4.131682360
40323324,-0.38451142,-0.05435004,3.7478225,-0.35888015,-4.137626420
40356753,-0.38420323,-0.05432,3.7482401,-0.35819085,-4.124034460
40326624,-0.38375174,-0.05432733,3.7481449,-0.35812604,-4.130307340
40358034,-0.38355194,-0.05439344,3.74720143,-0.35645125,-4.137879760
40390894,-0.38343583,-0.05432827,3.7470718,-0.35710215,-4.124152060
40341186,-0.38326828,-0.0543742,3.74905295,-0.35624099,-4.118714430
40322384,-0.3830675,-0.05445304,3.75069286,-0.35689037,-4.125062840
40341015,-0.38298963,-0.05442769,3.7503588,-0.3592914,-4.122994250
40317676,-0.38316696,-0.05439883,3.75025388,-0.35925606,-4.113222490
40287908,-0.38300736,-0.05441712,3.74896021,-0.35872915,-4.107088280
40267704,-0.38272084,-0.05445764,3.74837184,-0.3587227,-4.114107560
40287089,-0.38275441,-0.05443395,3.74881428,-0.35749197,-4.106528160
40251534,-0.38275026,-0.05448497,3.74948088,-0.35859002,-4.095775640
40207529,-0.38244304,-0.05452607,3.75098962,-0.35853562,-4.0979120
40221289,-0.3823434,-0.05449772,3.75117783,-0.3600326,-4.092921910
40187775,-0.38253995,-0.05445157,3.7512441,-0.36060762,-4.083921660
40143154,-0.38254488,-0.05446991,3.75018082,-0.36020202,-4.083054390
40170139,-0.38203411,-0.05450459,3.75101561,-0.35991241,-4.081058490
40154061,-0.38207472,-0.05445384,3.93960793,-0.4168062,-3.872814620
38421263,-0.39782802,-0.05972437,4.12488495,-0.44121779,-3.749329770
37163752,-0.40947296,-0.06467859,4.24130074,-0.44970309,-3.690674640
36461322,-0.41597572,-0.06765815,4.4144472,-0.46136721,-3.557271360
35159678,-0.42744234,-0.07222231,4.47754069,-0.43645244,-3.546225680
34790718,-0.43069317,-0.07365116,4.41892928,-0.37781659,-3.669057270
35510072,-0.42431858,-0.07150704,4.36691973,-0.33238462,-3.764047920
3608834,-0.41898901,-0.06957696,4.33190245,-0.30957944,-3.801204010
36337233,-0.41620792,-0.06839368,4.30785473,-0.29467682,-3.834197340
36520776,-0.41424617,-0.06763578,4.29099192,-0.27742915,-3.875455160
36745567,-0.41228392,-0.06703671,4.28062755,-0.26831561,-3.891506980
36831159,-0.41102994,-0.0667272,4.27456113,-0.27056004,-3.882472130
36762664,-0.4108246,-0.06645727,4.26812153,-0.26873783,-3.892906210
3680188,-0.41027722,-0.06624468,4.26367064,-0.26386986,-3.909818760
36895272,-0.40923603,-0.06608228,4.26280768,-0.26303987,-3.905383970
36866426,-0.40907504,-0.06608463,4.26281925,-0.26636937,-3.893376750
36787546,-0.40925213,-0.06615483,4.25949191,-0.26484957,-3.906146630
36845674,-0.40882947,-0.06609026,4.26071738,-0.26417971,-3.908418790
36865446,-0.40850038,-0.06606609,4.298356,-0.28218468,-3.847094040
36429221,-0.41172574,-0.06719632,4.4192821,-0.32453941,-3.705352750
35373526,-0.4205832,-0.0709751,4.52924461,-0.35781638,-3.591195920
34488391,-0.42818347,-0.07427516,4.62612171,-0.38055315,-3.467805890
3352211,-0.43645401,-0.07716682,4.69007121,-0.39570779,-3.356377050
32663501,-0.442645,-0.07920954,4.72649685,-0.39764817,-3.291147740
32118017,-0.4463765,-0.08032237,4.74496551,-0.390353,-3.266554340
31862055,-0.44862464,-0.08079713,4.7270573,-0.35624472,-3.31583620
32320504,-0.44584579,-0.07971854,4.71827579,-0.33098154,-3.34843630
32652755,-0.44360108,-0.07910545,4.72135917,-0.31880203,-3.353654270
32790632,-0.4431361,-0.07901701,4.72917362,-0.31219824,-3.345736840
32781929,-0.4441044,-0.07915035,4.73602788,-0.30901575,-3.328767680
32737187,-0.44467202,-0.07931668,4.74546198,-0.30811456,-3.307445090
32670888,-0.44563543,-0.07960255,4.794221,-0.31384528,-3.233534830
32182406,-0.45419337,-0.08084384,4.86188377,-0.29875742,-3.105801180
31246671,-0.47069357,-0.08238506,4.93656153,-0.22283883,-2.958563070
30381328,-0.49388973,-0.08316892,5.06220028,-0.04530004,-2.815002630
30396767,-0.53548987,-0.08325091,5.114388810,22881374,-2.773612310
30957253,-0.57305411,-0.08088704,5.057792330,39360431,-3.329164210
32975643,-0.57761739,-0.07497033,5.046151160,53488757,-4.041414790
35376276,-0.58687737,-0.0764608,4.807849740,70202784,-9.906774630
42339935,-0.55070783,-0.09052677,4.675439050,63275515,-15.011457910
36329683,-0.58660848,-0.08610551,4.617945950,80660566,-24.067837450
36678588,-0.6634486,-0.07892524,4.541520451,06987166,-31.283105790
36123267,-0.7295878,-0.06772382,4.468823811,26450285,-36.473941940
35563383,-0.77574011,-0.05880804,4.414359441,3895907,-39.809025270
35249263,-0.80430147,-0.05307292,4.372558811,48416473,-42.118989390
35040889,-0.82375007,-0.04880635,4.34634461,5427907,-43.718968590
34822805,-0.83745888,-0.04544544,4.32021874e+001,59005064e+00,-4.48206020e+013
46930348e-01,-8.46657151e-01,-4.33010227e-02,4.30757520e+001,62345115e+00,-4.55473835e+013
45846603e-01,-8.52545866e-01,-4.16003236e-02,4.29252661e+001,64548487e+00,-4.60403594e+013
45204334e-01,-8.56440128e-01,-4.05358130e-02,4.28287344e+001,66430506e+00,-4.63976280e+013
44540305e-01,-8.59318917e-01,-3.94923916e-02,4.27388863e+001,67453905e+00,-4.66199383e+013
43820441e-01,-8.61255182e-01,-3.88405427e-02,4.26338610e+001,68229383e+00,-4.67941020e+013
43315059e-01,-8.62658883e-01,-3.83271882e-02,4.26217077e+001,69448444e+00,-4.69065116e+013
42935438e-01,-8.63775213e-01,-3.78129278e-02,4.25350083e+001,69698827e+00,-4.69875049e+013
42557848e-01,-8.64765693e-01,-3.73680503e-02,4.24865878e+001,70465099e+00,-4.70422311e+013
42136242e-01,-8.65463148e-01,-3.71593582e-02,4.24461539e+001,71077705e+00,-4.70962469e+013
42177066e-01,-8.65812699e-01,-3.69537814e-02,4.24056516e+001,71141580e+00,-4.71397583e+013
42290456e-01,-8.66200805e-01,-3.66736383e-02,4.23690700e+001,71053261e+00,-4.71554918e+013
41846560e-01,-8.66820818e-01,-3.64077810e-02,4.23567373e+001,71518834e+00,-4.71736053e+013
41703057e-01,-8.67133733e-01,-3.62740805e-02,4.23241363e+001,72118550e+00,-4.71969119e+013
41909902e-01,-8.67219601e-01,-3.60650553e-02,4.22735506e+001,72445332e+00,-4.72122949e+013
41822053e-01,-8.67415923e-01,-3.60485343e-02,4.22441978e+001,72633448e+00,-4.72202465e+013
41682702e-01,-8.67682657e-01,-3.58628173e-02,4.22488701e+001,73314451e+00,-4.72306604e+013
41880278e-01,-8.67717039e-01,-3.56748876e-02,4.21855729e+001,73354356e+00,-4.72478718e+013
42095383e-01,-8.67783406e-01,-3.56732841e-02,4.21549400e+001,73799106e+00,-4.72519258e+013
41877608e-01,-8.68034556e-01,-3.56798262e-02,4.21587977e+001,73453077e+00,-4.72591835e+013
41689958e-01,-8.68389983e-01,-3.54444471e-02,4.21510922e+001,73833336e+00,-4.72778714e+013
41770861e-01,-8.68505333e-01,-3.54080058e-02,4.21210648e+001,73963611e+00,-4.72909758e+013
41863830e-01,-8.68689276e-01,-3.53107486e-02,4.20980456e+001,73947924e+00,-4.73006858e+013
41588167e-01,-8.69019174e-01,-3.53766348e-02,4.20964961e+001,74393123e+00,-4.73089171e+013
41556126e-01,-8.69093970e-01,-3.52239271e-02,4.20641591e+001,74839016e+00,-4.73156437e+013
41801036e-01,-8.69130804e-01,-3.49991996e-02,4.20409864e+001,75047831e+00,-4.73197762e+013
41405081e-01,-8.69361500e-01,-3.50922570e-02,4.20125447e+001,74903554e+00,-4.73256333e+013
41264268e-01,-8.69452102e-01,-3.51086255e-02,4.20026449e+001,75163720e+00,-4.73334063e+013
41565928e-01,-8.69460831e-01,-3.48666148e-02,4.20179468e+001,75604617e+00,-4.73381484e+013
41495183e-01,-8.69664027e-01,-3.47881889e-02,4.19890881e+001,75457662e+00,-4.73409569e+013
41129495e-01,-8.69995626e-01,-3.48072417e-02,4.199407281,760667572.655013560,34129854
-0.87005302,-0.0347517,4.199312991,760529652.655287450,34134851,-0.87014348
-0.03456053,4.197534531,762534762.658584870,34108657,-0.87039501,-0.03450823
4.195823671,763875632.657670580,34084497,-0.87054864,-0.03454422,4.195014041
765185762.651022460,34093548,-0.87052499,-0.03446936,4.195775271,765607712.651817260
34086539,-0.87069226,-0.03425994,4.196048311,766841912.656615580,34042355
-0.8710496,-0.03427012,4.195480761,766054342.65454950,34024464,-0.8711851
-0.03428769,4.195968521,768310722.64913870,34037183,-0.87133212,-0.03417777
4.194191351,767166382.649296420,34012061,-0.87170166,-0.03420055,4.196224971
767522222.651590240,33988519,-0.87194156,-0.03425493,4.197575091,767063952.648476110
33984398,-0.87200008,-0.03418213,4.194612161,769602922.649880310,33979753
-0.8720488,-0.03422721,4.191673141,76964222.652920720,33950183,-0.87231912
-0.03416995,4.193157051,769619242.655945580,339192,-0.87256103,-0.03407906
4.192380641,774342132.650007710,33933994,-0.87249422,-0.03398559,4.187079381
775581362.645153830,33921015,-0.87256099,-0.03392488,4.186234781,773747742.648023820
33892237,-0.87276801,-0.03376457,4.187785261,773729032.650971540,33845532
-0.87318522,-0.03353086,4.187109921,774135122.640257750,33846369,-0.87319302
-0.03365774,4.187625811,771811082.633784390,33838949,-0.8733155,-0.03356303
4.189685471,775260252.632105420,33811461,-0.87355932,-0.03344803,4.192254811
778248392.628941570,33809411,-0.8736591,-0.03337209,4.19050071,780306982.615804230
33813645,-0.87369476,-0.03339101,4.189570761,774635192.611226930,33785324
-0.87383233,-0.03339799,4.190439091,778579672.615768620,33786466,-0.87395034
-0.03315043,4.188371881,781310142.608837850,33797593,-0.87382419,-0.03321755
4.183629671,77737392.60114340,33777139,-0.87407635,-0.03330047,4.184904481
779401882.596057230,33767401,-0.87428008,-0.03324286,4.188702691,78019712.596229690
33739244,-0.87448142,-0.03322783,4.18572241,783000452.592549750,33761869
-0.87423871,-0.03312572,4.181741181,784321922.58111290,33795315,-0.87396072
-0.03317656,4.179593871,784025492.575493110,33783521,-0.87407444,-0.03314827
4.180289841,786991512.57611330,33763308,-0.87443789,-0.03311919,4.179958121
787234192.56486190,33765413,-0.87452889,-0.03309659,4.18060591,784214372.552999730
337805,-0.8745115,-0.03296984,4.178303871,784861682.54711380,33769842
-0.87455283,-0.03296207,4.178581351,786890712.542210310,33765972,-0.87458671
-0.03284422,4.178628551,792433692.527537640,33804002,-0.87444131,-0.03284882
4.178501411,791174462.520128810,33823161,-0.87437442,-0.03274833,4.172663521
788271722.51870030,33768124,-0.87478279,-0.03276558,4.175479441,791738012.508699020
3378449,-0.87468308,-0.03265156,4.173470811,795110732.495704170,33825787
-0.87445233,-0.03252653,4.172641391,793573452.485156060,33814031,-0.87449586
-0.03263281,4.173506191,792978062.477970760,33809999,-0.87464249,-0.03256629
4.174098951,791435892.478288970,33809867,-0.87482208,-0.03237573,4.173169851
793961632.463990470,33829273,-0.87479595,-0.03236222,4.170878061,7921162.456672090
33829533,-0.87488714,-0.03233788,4.170558251,791508792.450154980,33824368
-0.87485753,-0.03236657,4.171751351,793415262.445878720,33852318,-0.87482801
-0.0321906,4.170981651,795978752.438995870,33842803,-0.87488362,-0.03226929
4.172080131,792012082.436989620,33814594,-0.87491798,-0.03216607,4.17173071
795597082.424658780,33845277,-0.8747925,-0.0321751,4.172036351,79868862.42525790
33828417,-0.87501275,-0.03210697,4.172235691,798195112.426100560,33787081
-0.87520905,-0.03217245,4.170974851,797695482.417125440,33797669,-0.87514799
-0.03210986,4.174608421,802154332.411896020,33814348,-0.87518247,-0.03197186
4.173206891,801825992.414410180,33786579,-0.87540812,-0.0320089,4.175974851
796592552.337814190,33715253,-0.87698645,-0.03167311,4.199764281,802552181.63111180
342334,-0.88181478,-0.02973633,4.197940631,847323681.015156580,355286
-0.88018895,-0.02913161,4.176729751,883830250.775778260,36519609,-0.87502824
-0.02971228,4.125697751,928198540.84273380,37917958,-0.86065572,-0.03225684
4.070011981,969012851.050852750,39356705,-0.84063433,-0.03441163,4.013632311
990205011.302892130,40398355,-0.81985304,-0.03585245,3.962234622,007383951.511695020
41418267,-0.79922304,-0.03689692,3.910329982,023189061.672941280,42490428
-0.7783712,-0.03766547,3.864287112,054721431.590856760,4396004,-0.75793989
-0.03856346,3.818943642,081584221.82080010,44632244,-0.74328647,-0.0388077
3.782093752,117770421.84563160,45593019,-0.72938343,-0.03936622,3.745871912
155846361.659352410,46956947,-0.71468555,-0.04005402,3.702763292,161596952.037885620
47314102,-0.70401791,-0.04133922,3.681309562,183792752.211169640,47908996
-0.69620078,-0.0415557,3.636239822,222168452.289163450,49173453,-0.683025
-0.04328419,3.601171352,265135642.410097210,50286795,-0.67280878,-0.04524979
3.575881552,306130872.494281110,51340465,-0.66535805,-0.04673247,3.589189742
401855091.651528620,5370769,-0.66431873,-0.04788803,3.632560382,526000360.327324240
56458037,-0.66903404,-0.04782649,3.659266132,62517563,-0.636612680
58444795,-0.67216037,-0.04839505,3.659656112,66045244,-0.781403130
59379264,-0.6647065,-0.04964369,3.652837062,66119297,-0.426040290
59571376,-0.65776731,-0.04961915,3.648009632,66353699,-0.15057270
59635395,-0.6533636,-0.0486941,3.636243742,659126210.022561690,59810788
-0.64553128,-0.0472149,3.625367892,661733510.154518490,59848423,-0.64135496
-0.04764913,3.61617812,658782850.237734550,59851843,-0.63846584,-0.0481411
3.608823972,653054370.297828860,59764426,-0.63756014,-0.04893611,3.602386242
670032370.210743570,6029219,-0.63305573,-0.04833178,3.610619742,707464190.100365460
60993351,-0.62851829,-0.04636006,3.62098322,72892831,-0.169904020
61431025,-0.62887242,-0.04486752,3.607233412,71142176,-0.197340570
6156518,-0.61945761,-0.04241095,3.601263452,6890562,-0.131213280
61445028,-0.61347679,-0.03992701,3.585504782,67364516,-0.049503560
61354574,-0.60536104,-0.03716812,3.568869052,674615170.05760060,61778907
-0.59210816,-0.03345764,3.560148832,660736010.377476750,61708423,-0.5826017
-0.02978856,3.548590232,635203120.814582070,61323371,-0.57408289,-0.02712609
3.536690762,626233391.149649050,61383088,-0.56731909,-0.02516372,3.523015912
639677111.397846680,61722879,-0.56234092,-0.02494579,3.509356282,671744841.608439680
62337917,-0.55995295,-0.02667865,3.503763652,730387791.604466120,63384363
-0.5560194,-0.02762148,3.510393212,801416921.235521030,64918623,-0.55383925
-0.02857152,3.527913652,845969461.206105840,65931069,-0.55274576,-0.02929852
3.531259742,878026111.405579180,66711835,-0.54869048,-0.02917719,3.542840152
920331751.572995160,67685021,-0.54393339,-0.02869558,3.552621782,969287071.813928410
68624783,-0.54151174,-0.02901144,3.575752023,000356121.976823630,69002164
-0.54465645,-0.02721844,3.589895893,047152111.729863670,70062532,-0.5439128
-0.02693314,3.613302093,149801991.301238490,71994472,-0.54065455,-0.02656841
3.649182483,23729591.072987380,73433969,-0.54051077,-0.02502049,3.68480013
315809790.88302910,74606293,-0.54370827,-0.02421295,3.695792423,378477540.546797950
75767158,-0.54067299,-0.0244776,3.69393643,438032470.083741350,76991112
-0.53679291,-0.02477298,3.689088393,4970955,-0.500049670,78223557
-0.52768031,-0.02508457,3.670956783,50399519,-0.841624030,78662962
-0.51954903,-0.02551572,3.669303993,51417291,-1.090173810,78859781
-0.51818402,-0.02546376,3.676897873,51274879,-1.204693780,78702195
-0.52131843,-0.02475742,3.690804763,47556669,-1.221082020,78023929
-0.52877266,-0.02345389,3.69657883,43423112,-1.208167840,77338075
-0.53366104,-0.02252482,3.687445053,37145764,-1.067043690,76407102
-0.53499671,-0.02197907,3.612598843,2989099,-0.860532720,75828027
-0.5174247,-0.02402032,3.566661583,24522273,-0.685990350,75327253
-0.50690163,-0.02567709,3.515597263,18638531,-0.450161640,74758187
-0.49518853,-0.02717719,3.465510793,12090769,-0.127126760,74015159
-0.48583813,-0.02827598,3.42686573,046925840.261293750,73103482,-0.47785921
-0.02897472,3.410422892,991089610.557004830,72287348,-0.47733698,-0.02821081
3.39976487e+002,94245988e+00,-4.91802377e+017,15168253e-01,-4.79714558e-01,-2.73469143e-02
3.39968632e+002,89348078e+00,-4.83650081e+016,99744427e-01,-4.84025668e-01,-2.61103700e-02
3.795260953,8715876,-40.648445980,86501378,-0.42100557,-0.0446564
2.73550705e+007,48333464e+00,-2.88037757e+011,42897988e+001,84026172e-02,-7.90658483e-02
0.4707525210,97148811,-12.081130282,015778390.570604,-0.11014028,-1.0138117212
274150242.854516282,366254620.86392748,-0.12642632,-2.0256877812,9538496512.988231172,596767291.0478414
-0.13308724,-2.7144738114,1814026616.643004792,791730011.19415593,-0.13919376,-3.0107905615
5890872114.485253852,912425071.30857559,-0.16364049,-2.6176786416,707814518.863731762,934510061.30491342
-0.18373652,-1.5740708517,026688513.080436912,87885841.16440427,-0.20190797,-0.5413954917
01511196,-1.557555722,80929661.00285015,-0.21657654,0.2716796116,78059533
-4.881459722,737394290.87995958,-0.22272694,0.7075754216,16899448,-6.445394962
662955120.81818933,-0.21862333,0.5581440615,62605115,-6.173609022,630188210.86103312
-0.20316608,-0.0671265115,42356715,-4.662248772,648287951.00279322,-0.18787178
-0.845066915,35670209,-2.470410752,689204821.16496287,-0.17941201,-1.6658810315
35196456,-0.148063912,735306331.33177402,-0.17677908,-2.2444314215,349819741.49351032
77137641.45382526,-0.18105465,-2.6282833715,394075952.535564732,803685171.53613061,-0.18544085
-2.8927773615,529889292.898462822,834693591.5894768,-0.19135002,-3.0832951615,894551322.730816532
874879231.62365428,-0.1980727,-3.1038676416,231397541.858969912,895347241.62211005,-0.20382517
-3.0916995516,365999230.922965122,890811751.6181187,-0.20882044,-3.0609080516,3822298
-0.12560412,871682151.61244667,-0.21123995,-3.0429199216,3326383,-1.013677882
848513151.61463729,-0.21486161,-3.0970220616,31348491,-1.521418772,835259361.62784882
-0.21427716,-3.1664119816,18495873,-1.682221712,816373431.6414229,-0.21350961
-3.2908404915,94743023,-1.142013772,801229741.66311255,-0.21111736,-3.4199945215
72656231,-0.450947452,790739621.68361304,-0.20815185,-3.5176596315,548803210.267513962
789930771.70426551,-0.20993431,-3.5832591415,472219970.685039752,797014851.71649363,-0.20982524
-3.696988815,423655130.967624542,800505421.73684236,-0.20787397,-3.7802439615,353675530.867263912
794985381.74879113,-0.2057474,-3.849176915,318805710.709329562,793293611.75866286,-0.20370536
-3.9385009115,283446940.638256242,789784371.77250052,-0.20131554,-4.0775883215,314630580.534831122
794752221.79605226,-0.19842651,-4.2477239815,306243920.405922612,790400621.82344723,-0.19558002
-4.4471815615,2059074870.517316432,783571141.85563031,-0.19238052,-2.0731177612,7563413262.806721132
393293991.29976279,-0.18594488,-0.1927456310,0402981547.267763311,909308830.70823412,-0.14120441
1.063617147,4593625545.52509211,386620620.28946266,-0.10255982,1.87894672e+005,62936185e+004
53331734e+011,01022625e+001,08505061e-02,-7.23216117e-02,2.400058044,3183953145.178586550
7459173,-0.16687848,-0.05089996,2.70954643e+003,43617954e+004,51869248e+015
64900653e-01,-2.81163293e-01,-3.65667425e-02,2.94975496e+002,83892703e+004,52407108e+014
37780049e-01,-3.67054004e-01,-2.65860874e-02,3.12790275e+002,42664878e+004,52131956e+013
46719197e-01,-4.35219648e-01,-1.94627493e-02,3.27674210e+002,14054260e+004,52374422e+012
78051411e-01,-4.90561358e-01,-1.42793763e-02,3.37231478e+001,94143987e+004,52577238e+012
31108461e-01,-5.25157362e-01,-1.08059004e-02,3.44059109e+001,81056510e+004,52838817e+011
96715366e-01,-5.51630820e-01,-8.35280654e-03,3.48449775e+001,72269553e+004,53844636e+011
71938473e-01,-5.65587209e-01,-6.51573009e-03,3.41391569e+001,65188217e+004,57267393e+011
58722464e-01,-5.35562628e-01,-6.84705510e-03,3.30254504e+001,62305465e+004,61398926e+011
51895505e-01,-4.94756873e-01,-6.67596947e-03,3.14650502e+001,61192826e+004,65031498e+011
59929758e-01,-4.37955280e-01,-7.67543599e-03,2.74300250e+001,64995317e+004,66148976e+012
13914596e-01,-2.87562489e-01,-9.93369380e-03,2.03125237e+001,80909563e+004,68429227e+012
64423865e-01,-6.71957037e-02,-1.09653044e-02,1.48065780e+001,99440320e+004,68608271e+013
02395714e-018,38632705e-02,-7.62672326e-03,1.09279283e+002,13840551e+004,68490713e+013
31058403e-011,87854768e-01,-4.80037408e-03,8.37353729e-012,21655776e+004,69071697e+013
42146093e-012,53628905e-01,-3.37272783e-03,6.46876045e-012,28543909e+004,68861072e+013
55645565e-013,02068400e-01,-1.71870076e-03,5.17514761e-012,33843106e+004,68814103e+013
62487894e-013,34156307e-01,-5.92395703e-04,4.17664480e-012,36273368e+004,69250623e+013
67051066e-013,59026787e-011,73272305e-04,3.63005192e-012,38108990e+004,69285809e+013
67399673e-013,70956729e-018,42675438e-04,3.17734148e-012,40924644e+004,69129828e+013
70590220e-013,80308597e-011,62734429e-03,2.78796058e-012,43220099e+004,69130909e+013
73235281e-013,87863212e-012,27016981e-03,2.52517664e-012,44617764e+004,69193621e+013
71607778e-013,90371834e-013,07298762e-03,2.31443487e-012,45333547e+004,69482381e+013
67704812e-013,91091624e-013,50465777e-03,2.11470255e-012,46048472e+004,69623034e+013
67899690e-013,93186293e-013,93949795e-03,1.98017299e-012,46300754e+004,69975560e+013
65291966e-013,94112261e-014,06036870e-03,1.83450176e-012,46986912e+004,70036468e+013
65800223e-013,97141897e-014,30545463e-03,1.93539425e-012,47018552e+004,70351424e+013
60861339e-013,92284701e-014,91630629e-03,1.82753079e-012,47592802e+004,70362143e+013
62430006e-013,93870870e-015,50989922e-03,1.80573136e-012,47949423e+004,70511499e+013
60610646e-013,92111389e-015,59946739e-03,1.76330571e-012,48270432e+004,70385664e+013
60774532e-013,91465251e-015,56411310e-03,1.74188367e-012,47797920e+004,70637152e+013
59135755e-013,91076873e-015,70138477e-03,1.67539022e-012,48649225e+004,70872002e+013
58461322e-013,91961866e-015,63426484e-03,1.65079997e-012,47987719e+004,71144658e+013
56375545e-013,93244288e-015,98584030e-03,1.64066035e-012,46865995e+004,71725529e+013
52085417e-013,92411443e-015,82477639e-03,1.58658919e-012,48420097e+004,71232251e+013
56873507e-013,93281965e-016,18727865e-03,1.69294073e-012,47446606e+004,71577912e+013
53110462e-013,90796804e-016,39507689e-03,1.63601531e-012,47005917e+004,72113072e+013
49972937e-013,90967293e-015,83815908e-03,1.73803139e-012,47137361e+004,72181439e+013
47422231e-013,87191182e-016,13079707e-03,1.76464222e-012,46622178e+004,72515628e+013
46064180e-013,86264061e-016,24949119e-03,1.68770460e-012,47100229e+004,72474430e+013
47382116e-013,87524411e-016,48600969e-03,1.56774856e-012,48640197e+004,72352992e+013
47653249e-013,88700527e-016,82686130e-03,1.48666021e-012,49238383e+004,72235674e+013
47830296e-013,88899195e-017,27835835e-03,1.60066924e-012,47999272e+004,72659575e+013
43511543e-013,84358672e-017,43120724e-03,1.56393735e-012,47885751e+00,-2.26617427e+013
38668063e-013,85009744e-017,11681609e-03,1.49030127e-012,47374543e+00,-2.26176578e+013
38561840e-013,83323491e-017,09895621e-03,1.38670271e-012,47907862e+00,-2.26344968e+013
39277304e-013,84285660e-017,63797180e-03,1.16177625e-012,48644266e+00,-2.26789809e+013
42785313e-013,89080053e-017,50346063e-03,1.18195449e-012,48325068e+00,-2.26732201e+013
41031256e-013,87631867e-017,91683466e-03,1.09129841e-012,48535454e+00,-2.26907937e+013
41740465e-013,88527382e-017,49851408e-03,1.00639475e-012,49608358e+00,-2.27605386e+013
48334052e-013,90964186e-018,01530418e-03,9.68774467e-022,50245164e+00,-2.27821091e+013
48612786e-013,90464281e-017,84711313e-03,9.10785040e-022,50652370e+00,-2.27987664e+013
50666081e-013,92010727e-017,98641292e-03,8.90286009e-022,50119740e+00,-2.27789418e+013
49618275e-013,91509597e-017,81390564e-03,8.38721478e-022,50278890e+00,-2.28015655e+013
50661054e-013,91901838e-017,73973823e-03,8.60922219e-022,50544477e+00,-2.28143811e+013
51842310e-013,90872338e-017,97396680e-03,8.19048753e-022,48903292e+00,-2.27972421e+013
50910346e-013,91932963e-017,60743445e-03,8.36185114e-022,48885313e+00,-2.27921355e+013
50680295e-013,92360244e-017,53672559e-03,7.52222646e-022,49195731e+00,-2.28412900e+013
55155442e-013,93689960e-017,48022485e-03,7.10638676e-022,48429692e+00,-2.28232542e+013
53526129e-013,93677110e-017,01616903e-03,6.95239619e-022,49088136e+00,-2.28642913e+013
57347906e-013,94484747e-017,42912009e-03,6.28664332e-022,48451667e+00,-2.28497730e+013
56879934e-013,96064588e-017,12088584e-03,6.11944381e-022,48584289e+00,-2.28697437e+013
59111272e-013,96500407e-017,10397902e-03,5.70734555e-022,50321463e+00,-2.29399007e+013
62949327e-013,95520348e-017,64106491e-03,4.55066779e-022,51119093e+00,-2.29354512e+013
61163225e-013,95195080e-017,72909016e-03,3.53240779e-022,50441960e+00,-2.29311635e+013
60154447e-013,96442145e-017,75256655e-03,2.51275077e-022,51943957e+00,-2.29589204e+013
63541563e-013,97607337e-017,83101652e-03,2.09933749e-022,53019801e+00,-2.30153535e+013
66866460e-013,97731765e-018,05852511e-03,1.34695521e-022,51827915e+00,-2.29612907e+013
64159531e-013,99181887e-017,74775952e-03,1.29753248e-022,52582975e+00,-2.30209031e+013
66147106e-013,99223055e-018,14371385e-03,7.58761437e-032,53226474e+00,-2.30390105e+013
67246008e-013,99888405e-018,40784464e-03,3.39072025e-032,53707590e+00,-2.30421056e+013
68678630e-014,00699472e-018,48219347e-03,5.07843585e-032,53834654e+00,-2.30589811e+013
68947530e-014,00301837e-018,57447872e-03,4.69478056e-042,53149866e+00,-2.30175053e+013
66931534e-014,01333405e-018,36876165e-03,1.14580043e-032,53767052e+00,-2.30560953e+013
68683512e-014,00651024e-018,57377155e-03,-1.36922516e-032,53648597e+00,-2.30470137e+013
68579709e-014,01188024e-018,56529555e-03,-1.07712663e-042,53792001e+00,-2.30441671e+013
67963429e-014,01053310e-018,61721538e-03,1.04858321e-032,53703116e+00,-2.30357356e+013
67781492e-014,01419471e-018,69287784e-03,-8.41351524e-052,53754774e+00,-2.30462726e+013
68432328e-014,01116983e-018,74740196e-03,3.31953308e-032,53543424e+00,-2.30448100e+013
67616293e-014,00649753e-018,72354130e-03,2.01052826e-032,53940381e+00,-2.30513540e+013
68495362e-014,01212364e-018,76163706e-03,3.45201269e-032,53807141e+00,-2.30530022e+013
67956871e-014,00523323e-018,66815510e-03,-1.18854800e-042,53239125e+00,-2.30281348e+013
66687174e-014,01112253e-018,56209325e-03,1.43673442e-032,54109727e+00,-2.30643664e+013
68939891e-014,00971490e-018,79203545e-03,1.78824081e-032,53577583e+00,-2.30465472e+013
67919119e-014,00930623e-018,75046722e-03,2.96006695e-032,53230085e+00,-2.30442016e+013
67161707e-014,00815349e-018,71592595e-03,3.99225903e-032,53372701e+00,-2.30496723e+013
67736222e-014,00839784e-018,69225219e-03,3.58261977e-032,53605344e+00,-2.30641679e+013
68598650e-014,00863440e-018,75412750e-03,3.54754354e-032,53215226e+00,-2.30518271e+013
67878893e-014,00457599e-018,71697696e-03,2.79935064e-032,52843550e+00,-2.30399768e+013
67015909e-014,00757077e-018,63328875e-03,1.25158284e-032,53120406e+00,-2.30480808e+013
67755734e-014,00914342e-018,75740843e-03,6.53309185e-042,53310931e+00,-2.30616983e+013
68434322e-014,00556556e-018,81227702e-03,1.53258163e-032,53344208e+00,-2.30521599e+013
67408205e-014,00258123e-018,79251979e-03,-8.25506945e-032,53808358e+00,-2.30488985e+013
68895579e-014,03701612e-018,82855686e-03,-1.33401573e-032,53903773e+00,-2.30398083e+013
69166074e-014,03127203e-019,21805253e-03,-8.97842025e-032,53477618e+00,-2.30249424e+013
69803959e-014,05950051e-018,68693449e-03,9.95455620e-032,53843027e+00,-2.30439227e+013
70977836e-014,01262978e-019,16779914e-03,1.90537772e-022,53653520e+00,-2.30066115e+013
68914936e-014,00492032e-019,73517041e-03,2.01731115e-022,54843969e+00,-2.30124844e+013
71943242e-014,01319879e-019,83002852e-03,2.83236164e-022,53948016e+00,-2.29925053e+013
72245363e-014,00438100e-019,92121303e-03,4.01154371e-022,53225294e+00,-2.29644531e+013
71646026e-013,99296436e-019,97691835e-03,4.98114463e-022,52868060e+00,-2.29098032e+013
71764572e-014,01149869e-011,02811088e-02,8.27589844e-022,52735045e+00,-2.28990508e+013
70129630e-013,93075423e-011,03323930e-02,9.06350759e-022,51942538e+00,-2.28400574e+013
70359469e-013,95682401e-011,03995804e-02,1.18620295e-012,51921529e+00,-2.27960111e+013
69953206e-013,93816776e-011,03887180e-02,1.31903347e-012,52291645e+00,-2.27609603e+013
70252263e-013,92600705e-011,02881935e-02,1.53331881e-012,52175221e+00,-2.27303804e+013
70762539e-013,90031861e-011,03254600e-02,1.85194804e-012,51414069e+00,-2.26794358e+013
68044624e-013,84901388e-011,06787894e-02,1.95265377e-012,50880847e+00,-2.25904913e+013
68468094e-013,88380265e-011,03134846e-02,2.30468708e-012,48752473e+00,-2.25250640e+013
66371088e-013,83267471e-011,11855866e-02,2.48671868e-012,48294912e+00,-2.24608375e+013
66316288e-013,83063249e-011,08827671e-02,2.78833148e-012,47185956e+00,-2.23807466e+013
64158474e-013,81051575e-011,13361557e-02,3.16694650e-012,47025805e+00,-2.23261747e+013
62159849e-013,73901230e-011,16820311e-02,3.40086311e-012,45174579e+00,-2.22432488e+013
59452677e-013,71623813e-011,14980508e-02,3.59035485e-012,45008517e+00,-2.21663810e+013
58590940e-013,69446138e-011,16409825e-02,3.88360577e-012,43461128e+00,-2.20859001e+013
55862321e-013,65969948e-011,17234583e-02,4.08885472e-012,40902182e+00,-2.19583440e+013
52041391e-013,64930631e-011,16891165e-02,4.40610488e-012,40386859e+00,-2.19076053e+013
49474973e-013,59577102e-011,17073153e-02,4.57791446e-012,39546452e+00,-2.18271976e+013
49459690e-013,60847794e-011,23495419e-02,4.86735958e-012,37115593e+00,-2.16880532e+013
41881210e-013,57398718e-011,17408440e-02,5.29578971e-012,37154504e+00,-2.16764778e+013
40439950e-013,48402792e-011,21351345e-02,5.29702042e-012,35148429e+00,-2.15309467e+013
38157983e-013,52879434e-011,19165836e-02,5.60645802e-012,33825463e+00,-2.14632175e+013
35137343e-013,49385649e-011,23521888e-02,5.88463321e-012,33254888e+00,-2.13930900e+013
31984894e-013,44754470e-011,22419799e-02,6.14294959e-012,32468738e+00,-2.12995712e+013
27931165e-013,42519953e-011,27761711e-02,6.29684943e-012,31130440e+00,-2.12231429e+013
26319624e-013,41343050e-011,27661609e-02,6.60130950e-012,29798322e+00,-2.11207050e+013
21788852e-013,38567817e-011,30329363e-02,6.70538422e-012,30457840e+00,-2.10575833e+013
20356941e-013,37866146e-011,26790240e-02,7.12271446e-012,31397635e+00,-2.10307580e+013
16358162e-013,30893026e-011,38058215e-02,7.26942678e-012,31582053e+00,-2.09251388e+013
12844556e-013,31034772e-011,41292237e-02,7.42717765e-012,29881415e+00,-2.08301930e+013
10611965e-013,32499075e-011,47050189e-02,7.64442019e-012,29531544e+00,-2.07718870e+013
08317556e-013,29335783e-011,42865449e-02,7.86142295e-012,27538112e+00,-2.06623193e+013
03197943e-013,27520479e-011,38894196e-02,8.31607241e-012,26765293e+00,-2.06297149e+013
00525688e-013,20515608e-011,46416117e-02,8.51324131e-012,24503197e+00,-2.05020930e+012
93916278e-013,18879976e-011,40929544e-02,8.76460017e-012,23048169e+00,-2.04320521e+012
92177136e-013,17722343e-011,46982417e-02,9.04774877e-012,22134634e+00,-2.03850759e+012
91316702e-013,15110141e-011,54872349e-02,9.20733198e-012,20627849e+00,-2.02916955e+012
88359204e-013,15340135e-011,56239301e-02,9.44311177e-012,18575420e+00,-2.02001823e+012
84389495e-013,13796928e-011,53076184e-02,9.61891072e-012,16619246e+00,-2.01128452e+012
80102083e-013,11477618e-011,44989485e-02,9.92709071e-012,14557391e+00,-2.00598015e+012
76823662e-013,07279253e-011,44584537e-02,1.01731983e+002,13318416e+00,-1.99885374e+012
73778960e-013,05313267e-011,42600608e-02,1.04239333e+002,10613725e+00,-1.98838636e+012
67570601e-013,03181036e-011,44692787e-02,1.05096037e+002,10130978e+00,-1.98020009e+012
67279407e-013,04724650e-011,44972710e-02,1.07816371e+002,09678497e+00,-1.97500286e+012
63009348e-013,01939123e-011,51336664e-02,1.08957920e+002,11266254e+00,-1.96749422e+012
61090003e-013,02833060e-011,50024948e-02,1.11757219e+002,10541319e+00,-1.95941162e+012
54600672e-013,00551804e-011,57734563e-02,1.13642615e+002,11478551e+00,-1.95455527e+012
51550189e-012,98977088e-011,60827814e-02,1.16295069e+002,12705351e+00,-1.94901679e+012
45474135e-012,95759161e-011,65854619e-02,1.18871660e+002,12710711e+00,-1.94374259e+012
41111137e-012,94292326e-011,74044957e-02,1.22104953e+002,12749318e+00,-1.93750311e+012
34703429e-012,91051202e-011,73084648e-02,1.24839121e+002,12106974e+00,-1.93147122e+012
30324465e-012,89099319e-011,77907819e-02,1.27968525e+002,10842176e+00,-1.92520503e+012
23647560e-012,85768806e-011,81201220e-02,1.29974107e+002,10144390e+00,-1.91908598e+012
20767648e-012,85780856e-011,81743577e-02,1.32042857e+002,08217116e+00,-1.90959676e+012
15850481e-012,85558923e-011,82572500e-02,1.35250531e+002,05991210e+00,-1.90276211e+012
10076800e-012,83335748e-011,86454609e-02,1.36663681e+002,05112609e+00,-1.89561989e+012
09299162e-012,84424180e-011,84330646e-02,1.39692921e+002,03234630e+00,-1.88857072e+012
03133991e-012,81821961e-011,79274368e-02,1.41278324e+002,01208011e+00,-1.88144286e+012
00993427e-012,82227629e-011,81184341e-02,1.44605697e+001,99772672e+00,-1.87692405e+011
95813465e-012,79125595e-011,78999736e-02,1.457395841,97945345,-18.685653920
193252550.280504940,01883987,1.478905811,96763397,-18.635580230,189768170.278821140
01864234,1.48468588e+001,96938877e+00,-1.85634350e+011,89537704e-012,81437767e-011
84716815e-02,1.523517071,96560106,-18.517101120,180056930.278496840,01977572
1.556755461,96775289,-18.495422890,177217880.276727640,02070273,1.580995311
96228873,-18.413440850,172200690.277210310,02006515,1.623995191,93054942
-18.377123830,162877270.272164660,0203536,1.646188421,9195058,-18.331592930
160654310.272156380,02007058,1.673966321,93002745,-18.26573040,155956760.2741340
0204143,1.723656411,91643294,-18.241433590,146427030.270147570,02142735
1.766248431,8982656,-18.197582380,14190020.269392020,02149433,1.788361471
88267778,-18.121453520,138571580.271048360,02083633,1.808546751,85856301
-18.053447010,131252140.269794950,02108534,1.820828991,83031618,-18.006531930
124928740.268163270,02106494,1.836370081,80498973,-17.963416010,118474260.265895390
02065912,1.848711851,77184249,-17.879410680,110190140.265917110,02046465
1.854699141,76086939,-17.815537580,112155950.268488640,02117063,1.871804341
72598003,-17.749719440,10239070.267331530,0204539,1.891048751,70561503
-17.741444030,099986290.265226420,02032093,1.903634721,67694721,-17.690635910
093679880.265073430,02028904,1.902541761,66290755,-17.638357810,092288220.267351680
01996678,1.923366661,6233196,-17.584276510,081766710.264709750,01943589
1.927044621,60483616,-17.535269270,080565570.266410,01987521,1.943435141
58483912,-17.532456140,076059280.264186620,0195731,1.958300881,56063245
-17.493741320,071470690.264345050,01940483,1.963586991,53751033,-17.447303350
068190580.26533010,01904225,1.968994511,52184579,-17.41640920,068138070.266336670
01960017,1.980913521,51757905,-17.406295110,066144680.265383330,01942535
1.986971721,51326823,-17.398143380,064551660.26568820,0190136,1.984763111
49993328,-17.35097030,061003610.266655460,01853731,1.993780711,48933907
-17.350537910,059152720.26663410,01854859,1.995620041,48542094,-17.341948520
058478610.266116760,01855126,1.99978131,47639931,-17.327220320,055911750.266451030
0182261,2.002726281,46806718,-17.326665910,054650610.266129430,01833355
1.996667881,46566923,-17.308490290,055901910.268042490,01859425,1.99679151
46605296,-17.304551060,056271650.26832290,01837831,1.996360671,4631042
-17.293331520,055482190.268964270,01833701,1.993768031,46066772,-17.280994730
054899990.269555060,01835619,1.993992251,4616817,-17.281875350,055955610.269876780
01840403,1.998871061,46245025,-17.289595740,055675340.26923740,01839075
1.997369831,46296861,-17.276702010,05548210.269887120,01836261,1.998119471
45845835,-17.262905060,054588540.270355360,0183253,1.998501071,46261167
-17.27385760,055985380.270124220,01846338,2.003567311,46274929,-17.279989940
055855710.269721770,01849169,1.999062861,4581029,-17.262378860,05475970.270436620
01839317,1.998517791,45950582,-17.263161270,054882230.270414690,01829037
2.002277281,46629402,-17.284556760,056660450.269754510,0183932,2.001278871
46087686,-17.26996190,055269650.270043150,01835699,1.996091551,4569141
-17.252838510,054921660.271025770,0182389,2.00030131,46172731,-17.267301660
055567490.270304430,01829637,2.00126671,46292592,-17.276932570,056013050.269944010
01837056,2.003938591,46187885,-17.268172120,055364410.270132610,01838994
2.000124671,45924986,-17.250275480,054925860.271115430,01832526,2.004275981
46139611,-17.264610620,05513270.270427870,0182907,2.008847161,46217761
-17.2775310,055649860.269781450,0184217,2.006745341,46075976,-17.264883660
055629070.270497860,01842938,2.00575431,45879853,-17.25457390,054901930.270862740
01833316,2.008182751,45682582,-17.2617070,054789780.270360920,0183156
2.011836321,45951972,-17.272964030,055706330.269887710,01840682,2.009949411
45651851,-17.263214050,055635120.270431440,0185636,2.019549281,44705916
-17.262991940,051963760.269109220,01840826,2.020695331,45170556,-17.273592050
052460920.268758530,01845197,2.024824831,45677815,-17.297182140,052487790.267086550
01831484,2.021939291,45807449,-17.277230420,050864260.26818450,01818797
2.021809491,46208769,-17.286268950,050895410.268532760,01821531,2.027119411
47403593,-17.336909960,053963940.266954180,01887281,2.022765411,49584394
-17.316605460,053856940.26975360,01911993,2.037128321,52292534,-17.347561560
04991590.268197970,01910061,2.02824791,55219037,-17.375234970,053331370.269617660
0198055,2.028866981,58582663,-17.435316640,056757450.269247910,02045225
2.022716571,60361579,-17.42800170,056908650.270840910,02098958,2.007885841
62087578,-17.437640580,055140180.270755920,01997987,1.996716221,64989547
-17.494471730,059560840.271044720,02074906,1.992750581,67289967,-17.522010790
060418490.271178390,02053167,1.986406691,69600942,-17.577178030,059485580.268730710
020573,1.94947251,72754067,-17.577339110,06624740.272980950,02122951
1.930360351,76691659,-17.63166730,069189060.272785680,02107711,1.924596131
79202975,-17.686313940,069424290.271218030,02168463,1.905053331,82227879
-17.731162210,07139470.270440960,02168704,1.873678611,85227488,-17.768375440
074185340.27179260,0219373,1.850255491,90281255,-17.855146380,082502410.272362060
02247128,1.823337331,92921226,-17.885472420,08449790.273377840,02299469
1.801361871,96374797,-17.949341180,087900180.273170310,02331903,1.764184282
00030654,-17.998192640,095355250.276040180,02399482,1.7297582,05469936
-18.051322030,102535970.279292910,02331199,1.703996882,08486136,-18.102853480
105792720.280077390,02414909,1.687078612,11952142,-18.191215680,109477560.279464630
02530135,1.644492572,17379768,-18.262101560,117720970.282193520,0247801
1.624217552,19542581,-18.325174370,117637010.280530270,02514479,1.609180062
23235004,-18.443307060,121691380.278097510,0261862,1.566368852,27110651
-18.485706780,126392810.281192470,02599174,1.545194242,28987518,-18.538401850
124984230.280040720,02588936,1.516715732,32057446,-18.633272360,130683120.280095910
02736916,1.485058482,35449596,-18.699452870,13240620.279541240,026617
1.443962592,38476405,-18.759576480,137727480.282390,02721763,1.420478052
41052794,-18.831489310,140173730.28203250,02778435,1.37976322,45026761
-18.911955820,148920280.285544710,02811238,1.346034372,46956583,-18.961542170
149620410.286572050,02826177,1.310496422,5063121,-19.041719810,15498110.288616710
02874374,1.284988782,53208428,-19.11433880,1574960.288127450,02883668
1.240105962,55789665,-19.184291470,163285580.292583040,0292675,1.21382582
58848895,-19.272692380,167043290.292469940,02964078,1.185520212,60706276
-19.330476540,166409120.29198820,02936679,1.155850082,63607525,-19.431669240
171067030.292872550,02984169,1.135624522,66296244,-19.527758290,173168540.291369860
03008187,1.092787772,68995929,-19.578029630,176550270.294774860,02988738
1.060775112,71514259,-19.656284610,17935860.295856950,03046945,1.024623952
74114283,-19.748146040,183885930.296650810,03114315,0.97771332,76758528
-19.823228340,190140990.301725070,03104701,0.947785232,78841585,-19.871836660
189639560.302063920,0306976,0.927725352,80602969,-19.994325140,193559220.300119570
03130932,0.893050652,82605732,-20.074221950,195205850.299252510,03137808
0.863156322,85088641,-20.149447730,198045820.301129750,03162817,0.806750272
87894427,-20.230723940,205706990.307397440,03169588,0.764665062,89996716
-20.300832580,209273450.309797820,03178324,0.736922462,91194222,-20.367060310
20865130.309407310,03217658,0.688326272,9426886,-20.474929610,216175530.313280890
03244351,0.658754462,94863683,-20.512944990,213683350.312527190,0320576
0.629768222,97322542,-20.635020660,217946570.311331010,03236333,0.569871282
99033633,-20.693282660,224176040.318410260,032413,0.545232182,99502943
-20.779305650,22598950.317941550,03290465,0.51773153,00575032,-20.897020930
229274780.316696340,03270938,0.470623463,0067187,-20.913234060,229442910.321197620
03179367,0.451403153,02801873,-21.051247060,234797840.319365140,03254352
0.399011083,0395069,-21.089320840,238124740.326830220,03289336,0.38066853
05154076,-21.178523890,237274370.32258330,03238703,0.349424253,0559128
-21.258925190,238578750.323247460,03223206,0.294348353,08260557,-21.346448720
244703780.330020130,03189578,0.273455863,08481044,-21.418049420,244088870.328934070
03217722,0.252574163,10335463,-21.524285930,246675090.329195410,03243294
0.206144353,11718052,-21.58795660,250217550.334130160,03132631,0.188884323
14075834,-21.725227170,252849950.331033630,03255741,0.117488563,14953673
-21.756928630,25421770.336347850,03181455,0.080727083,14698996,-21.821054150
254122290.335362170,03249496,0.029111573,15807089,-21.940873760,258693950.336177640
03293101,-0.034390843,1661426,-21.996272740,261040360.342366930,03260975
-0.062835093,16842228,-22.0870320,2609170.338470610,03302482,-0.103559963
17619086,-22.184127960,263641220.339708210,03320525,-0.14379313,19804903
-22.257048810,268162630.347044390,03245051,-0.140467013,21175391,-22.338265990
269571520.345712270,03283144,-0.157408143,23138706,-22.448840490,273426720.348402790
03335567,-0.170875643,24629967,-22.507097210,274843890.350640740,03279759
-0.201803913,25754684,-22.607003110,281265530.357467340,0324326,-0.20629253
25992003,-22.686692510,282889980.3552230,03235112,-0.238515293,26245068
-22.732673110,285393890.360211370,03204092,-0.245661653,27866887,-22.819591220
286546950.357442510,03153933,-0.282154393,28365135,-22.91794810,290391080.358217880
03255031,-0.332546543,28306721,-22.96403420,292100770.358993550,03247316
-0.359816493,27930627,-23.024838580,292079580.355079770,03315869,-0.412762753
2724747,-23.035644130,293435440.359887880,03311644,-0.43007373,26502324
-23.086664310,294630050.357337160,0336384,-0.456599553,26852594,-23.1747530
299957280.358679550,03344845,-0.458217653,23328099,-23.127582920,298585390.359292550
03310981,-0.444784163,21351281,-23.140903790,300084470.359912510,03237035
-0.43636143,210524,-23.173456630,30193690.359928420,03206251,-0.407832173
22440353,-23.225078820,304871530.358464750,0317875,-0.387555123,23316846
-23.203586220,305404520.362506880,03062881,-0.35538863,2365714,-23.231579150
306086640.361009040,03042941,-0.326918323,24654959,-23.252508430,306998690.358443670
03023212,-0.30839573,24654703,-23.249220420,306507190.358184550,03061277
-0.300828233,2432508,-23.233262010,30510810.357595780,03003214,-0.29404823
24362155,-23.233778240,305213010.357555810,02990241,-0.284755433,25011067
-23.263401910,306317040.355820880,03022224,-0.283898733,24312888,-23.231166580
304026960.356114380,03000079,-0.281551543,24798522,-23.230282250,304511380.35569770
02993395,-0.280356193,24404263,-23.247128320,305600990.355214850,02933164
-0.276035753,24265491,-23.254399560,306551770.355451750,02982491,-0.277794483
24751359,-23.24004990,305906380.355630830,02933673,-0.271439943,2359284
-23.19084340,301742340.354271780,02935494,-0.267042533,22700934,-23.222137590
306744340.355684710,02894317,-0.257565453,21209233,-23.183993410,303096010.354204940
02847245,-0.263418693,21843761,-23.224551390,308259920.358431470,02881465
-0.26065663,22983891,-23.279512040,312878540.357376640,02948595,-0.250556133
19669646,-23.159737930,301395420.352860870,02859218,-0.262873633,2245732
-23.273219220,311565960.356428970,02903506,-0.270893733,20707994,-23.2757410
312919060.359068640,02882919,-0.254579593,18551347,-23.229726030,307440680.354283290
0284965,-0.259266383,19366391,-23.288380780,313710070.356751540,02866982
-0.257046993,18808143,-23.260147070,310462280.35623330,02815816,-0.258502683
19306848,-23.278832910,313021860.358199790,02858768,-0.254743223,16901618
-23.228792460,307752090.356722150,02807785,-0.261863183,19153246,-23.27074750
311888770.357625510,0281057,-0.255329313,18201829,-23.224707840,308345490.356861790
02803967,-0.259476373,17732491,-23.22508450,308613490.358242650,02794026
-0.24754073,17505285,-23.242770290,309161590.356681340,02897017,-0.245755453
19108577,-23.239806570,309126450.355049480,02798791,-0.230549093,18851341
-23.245363250,308349810.354020490,02821748,-0.215841113,20373182,-23.262269740
310600130.355294370,02818406,-0.185949083,19866197,-23.220395210,306495650.351846660
0282588,-0.181913123,21073253,-23.270668880,310507330.353046830,02825242
-0.183023523,20301087,-23.214173470,307283930.354929670,02914528,-0.19106323
20410561,-23.235596230,308731680.353805770,02892928,-0.195552073,19573752
-23.236275410,307715380.35203240,03003181,-0.211918623,19054458,-23.234906090
307505540.353630570,02931293,-0.229988933,18108344,-23.183490150,306066260.356697170
02904131,-0.231543,17078713,-23.154760220,303654160.357205280,02953711
-0.231349423,17045464,-23.161436860,304337470.356279620,03029418,-0.251591773
16395913,-23.139351640,303808910.359788560,02976762,-0.255036183,15563025
-23.126534780,302369910.359113980,02964608,-0.266197663,1510464,-23.119715390
302478490.360740660,03033304,-0.282048773,15481826,-23.133078920,304319280.361429240
03026457,-0.280889623,15117369,-23.163307660,305145210.359127510,03061672
-0.29756333,14476047,-23.133686620,303971190.361996290,03022502,-0.292742163
13722769,-23.11218250,302553220.360688620,03102918,-0.285216943,14609902
-23.161328190,304153380.357843070,03088259,-2.86240946e-013,14938784e+00,-4.31744331e+013
05396417e-013,57954075e-013,10004347e-02,-2.88040840e-013,14445565e+00,-4.31493146e+013
03600390e-013,58191700e-013,11436853e-02,-2.87014239e-013,14244231e+00,-4.31482740e+013
03384541e-013,57522818e-013,11215995e-02,-2.84057114e-013,15104348e+00,-4.31956245e+013
05915204e-013,56223711e-013,13709270e-02,-2.86475273e-013,14899894e+00,-4.31794878e+013
05207739e-013,56573566e-013,13993550e-02,-2.86387730e-013,14501431e+00,-4.31604432e+013
03938540e-013,56722615e-013,11304124e-02,-2.87753167e-013,14566798e+00,-4.31750427e+013
04834121e-013,56955909e-013,11749720e-02,-2.84570191e-013,14834402e+00,-4.31856120e+013
05371687e-013,56194938e-013,12755480e-02,-2.88215854e-013,14560459e+00,-4.31810125e+013
05386526e-013,57070740e-013,12167563e-02,-2.83902900e-013,14180790e+00,-4.31688177e+013
04102998e-013,55955533e-013,11983182e-02,-2.87089332e-013,14653868e+00,-4.31862015e+013
05376181e-013,56816723e-013,12575186e-02,-2.81912593e-013,14848835e+00,-4.31930364e+013
05618838e-013,55478273e-013,14064924e-02,-2.86505327e-013,14601914e+00,-4.31849661e+013
05175944e-013,56938761e-013,12306535e-02,-2.92174311e-013,14124203e+00,-4.31680583e+013
06392717e-013,56896893e-013,11717957e-02,-2.97821468e-013,12629700e+00,-4.31385552e+013
03338658e-013,57164658e-013,07232802e-02,-2.97848079e-013,13092390e+00,-4.31907663e+013
06521958e-013,55859532e-013,09179967e-02,-3.12232384e-013,13587173e+00,-4.32518383e+013
12083115e-013,58536269e-013,08486036e-02,-3.18840433e-013,14317582e+00,-4.33069046e+013
16343472e-013,60534027e-013,09204953e-02,-3.23712166e-013,12888256e+00,-4.32634732e+013
13717108e-013,59566061e-013,05585233e-02,-3.30158496e-013,14651945e+00,-4.33583696e+013
20303687e-013,60029622e-013,06310315e-02,-3.51411563e-013,13333838e+00,-4.32987670e+013
16893244e-013,64551896e-013,02573497e-02,-3.41040028e-013,12236779e+00,-4.32990894e+013
16421308e-013,61383971e-013,03033735e-02,-3.53705793e-013,12045127e+00,-4.33220569e+013
17892108e-013,63211791e-012,98164641e-02,-3.45854118e-013,11641853e+00,-4.33309120e+013
20088298e-013,61050548e-013,04689427e-02,2.38849172e-012,99638546e+00,-4.26212002e+012
51227726e-011,45957919e-013,49528399e-02,9.01170086e-012,84904390e+00,-4.13381052e+011
49929660e-01,-9.36723396e-024,00423388e-02,1.412665272,7048229,-40.495318310
08184099,-0.271932260,04153173,1.77185760e+002,59862925e+00,-4.01256252e+013
76164375e-02,-3.94166652e-014,26884888e-02,2.03550611e+002,52549187e+00,-4.05044269e+011
79236995e-02,-4.84841961e-014,36402785e-02,2.23161958e+002,47591167e+00,-4.10854347e+019
68139655e-03,-5.49835577e-014,44292644e-02,2.35326139e+002,45627859e+00,-4.17624375e+011
16816862e-02,-5.91366287e-014,49105418e-02,2.44038412e+002,43556008e+00,-4.24405154e+012
08340755e-02,-6.17263456e-014,48126961e-02,2.459542092,4312997,-42.987199210
04566481,-0.613229420,04423803,2.48823037e+002,38073803e+00,-4.32365827e+016
01401083e-02,-6.05830633e-014,21103533e-02,2.52836714e+002,34991946e+00,-4.34216675e+016
56180049e-02,-6.07158607e-014,06724137e-02,2.53229063e+002,31180920e+00,-4.35803599e+017
29392349e-02,-5.99722143e-013,95198458e-02,2.53333254e+002,30154122e+00,-4.37635985e+018
10442667e-02,-5.94607592e-013,88044201e-02,2.52033871e+002,28653792e+00,-4.39459850e+019
18184807e-02,-5.86464603e-013,82686744e-02,2.70183877e+002,26140819e+00,-4.36016854e+018
77457015e-02,-6.27558022e-013,87218458e-02,2.87815735e+002,13437708e+00,-4.33807823e+017
27963388e-02,-6.65431627e-012,89054648e-02,3.02280613e+002,06654518e+00,-4.30190253e+016
59246798e-02,-6.89091696e-012,51889794e-02,3.32536532e+001,72913341e+00,-3.73974781e+012
96305461e-02,-7.54974587e-012,08924372e-02,3.59204466e+001,38878472e+00,-3.82377799e+016
95910861e-02,-7.65444988e-019,40313031e-03,3.78077912e+001,56924181e+00,-4.05096527e+011
85225205e-01,-7.40374246e-01,-5.31223291e-03,4.068348272,47566209,-38.194060910
56328707,-0.59384534,-0.04455769,4.442122912,08815421,-26.295996770
77037012,-0.65325546,-0.07958014,4.511608660,96796006,-10.359304110
83859753,-0.81459775,-0.11289473,4.51353435,-0.627770211,701525180.63233634
-1.00838009,-0.12496815,4.4627455,-1.7950621610,117247780.43605526,-1.14544167
-0.12950905,4.4702497,-2.5040264613,162886450.36118528,-1.23308793,-0.12118367
4.49560213,-2.8611071511,392626430.32954408,-1.27876176,-0.1126352,4.52354019
-2.846610336,800364930.30815634,-1.27279982,-0.10569373,4.47059678,-2.574774811
519223830.23870343,-1.21156562,-0.09079773,4.37979096,-2.34023378,-2.149540510
16656868,-1.14855609,-0.08161847,4.28746385,-2.1651654,-4.242865380
11837871,-1.10330321,-0.07554097,4.17640409,-2.02533435,-4.924840790
08023027,-1.0656361,-0.07424113,4.01292719,-1.87667923,-3.787733870
05815542,-1.02813741,-0.08029654,3.85609207,-1.80174541,-1.307510610
05359055,-0.99041326,-0.08878659,3.74648234,-1.777136931,033108770.07014372
-0.96126716,-0.09314947,3.67359403,-1.789732952,766691320.09742108,-0.93184631
-0.09546321,3.63239885,-1.818555823,650147590.11509066,-0.91266108,-0.0955766
3.66858213,-1.940789323,912363420.10716416,-0.90795141,-0.09405005,3.71710356
-2.05981153,896576470.09372034,-0.90912548,-0.09210422,3.75522088,-2.151609793
847682560.08306763,-0.91030445,-0.09054145,3.78160262,-2.20823873,80580250.07605607
-0.91058149,-0.08941827,3.80254721,-2.249294283,7562790.07150627,-0.91111803
-0.08858362,3.8116699,-2.279532923,748711850.06739574,-0.91109515,-0.08803726
3.8176419,-2.301630583,735395860.06455275,-0.9105574,-0.0877734,3.82130028
-2.308006473,685689130.06443761,-0.90957127,-0.08755451,3.82009792,-2.31917513
670804860.06357397,-0.90851493,-0.087504,3.82152874,-2.327919873,67564980.06195552
-0.90808826,-0.08741998,3.82328112,-2.332639353,669021850.06127876,-0.90800661
-0.08734323,3.8251605,-2.3324940523,649996240.06164216,-0.90703798,-0.08724979
3.82440816,-2.3330586723,644708690.06142953,-0.90640716,-0.08732575,3.82866768
-2.3406243723,668734470.05971959,-0.90660321,-0.08735513,3.82651873,-2.3437174523
666210090.05931954,-0.90658895,-0.08731462,3.82525274,-2.3404335723,646029610.06015641
-0.90575095,-0.08727955,3.82784584,-2.3457301823,662363150.05910679,-0.90556915
-0.08732529,3.82852772,-2.351720723,677406750.058048,-0.90600223,-0.08735217
3.82873518,-2.3491840623,659477550.05855567,-0.90551145,-0.08746689,3.82845736
-2.3467737323,652435330.05892896,-0.90509265,-0.08743078,3.82768746,-2.3508698623
681327630.05755802,-0.90526149,-0.08739201,3.82946968,-2.3526382423,686237060.05723112
-0.9050988,-0.08742891,3.82833812,-2.3477386723,670308310.05785397,-0.90488524
-0.08745531,3.83047341,-2.3479851523,667999490.05788706,-0.905066,-0.08748881
3.83153277,-2.3538815223,699795770.05641407,-0.90476849,-0.08753359,3.83220934
-2.3539784123,690129910.05664731,-0.90493469,-0.08752392,3.83124661,-2.3519229823
683797060.05691472,-0.90475967,-0.08756088,3.83039099,-2.3557726723,697564810.05620453
-0.90462685,-0.08771447,3.83181694,-2.3603501923,713267160.05529656,-0.90476964
-0.08766859,3.83310659,-2.3560923723,697158570.05590996,-0.90497188,-0.0875605
3.83424564,-2.3579322623,70414930.05553114,-0.90512896,-0.08762399,3.83341957
-2.3603934723,722216820.05460256,-0.90511933,-0.08765847,3.83392759,-2.3584653623
719908380.05464437,-0.90484345,-0.08765579,3.83254725,-2.3563918323,716690950.0548055
-0.90508662,-0.08767084,3.83309754,-2.3586575823,720099970.054379,-0.90490104
-0.08770225,3.83447198,-2.3594161523,732035310.05400018,-0.9046528,-0.08778647
3.83321549,-2.3613982323,740308530.0536396,-0.90442434,-0.0878489,3.83495214
-2.358893423,730016530.05378822,-0.90471619,-0.08787275,3.83410938,-2.3594187623
732738720.05374992,-0.90451393,-0.08793124,3.83425608,-2.3617523223,747226960.05322278
-0.9039212,-0.08808287,3.83632214,-2.360698423,752312810.05308063,-0.90422488
-0.08806678,3.83685084,-2.3630806623,752375870.0530126,-0.90455158,-0.08810312
3.83554852,-2.3670261423,757687440.05274831,-0.90451331,-0.08818202,3.8338617
-2.3616769923,752710120.05305048,-0.9039625,-0.08821798,3.83323359,-2.3629040623
761139970.05272274,-0.90407041,-0.08827241,3.83516358,-2.362443723,772627810.05227882
-0.904478,-0.08829962,3.83719784,-2.3610396623,772216820.05243015,-0.90427476
-0.08831026,3.83569462,-2.3632437723,775560250.05251027,-0.90369024,-0.08834491
3.83394752,-2.3614971823,780466570.05233854,-0.90392467,-0.0884448,3.83305376
-2.3639006923,784059020.05209748,-0.90424981,-0.08845837,3.83426734,-2.3621995523
7889210.05207304,-0.90373375,-0.08856735,3.83551916,-2.3636099323,791991160.05207384
-0.90375409,-0.08868901,3.83738986,-2.3649434223,803042870.05150793,-0.90403823
-0.08857075,3.83435721,-2.3656449723,808242030.05139662,-0.90414834,-0.08865795
3.83421708,-2.3643262423,801300090.05177948,-0.90390409,-0.08866849,3.83491118
-2.3658449723,812011020.05143017,-0.90379903,-0.08862273,3.83646523,-2.369541623
824869710.05076807,-0.90398461,-0.08869103,3.83321884,-2.3698819123,829354030.05062173
-0.90416805,-0.0888153,3.83294357,-2.3689959123,828157510.0506801,-0.90396206
-0.08877962,3.83159638,-2.3675768223,823333280.05099414,-0.90378364,-0.08878292
3.83385203,-2.369206823,835176480.05042974,-0.90377742,-0.08880287,3.83507724
-2.3728779723,848195260.04978033,-0.90386862,-0.08883823,3.83218674e+00,-2.37330147e+005
38356513e+015,00574266e-02,-9.04179917e-01,-8.88809486e-02,3.83312184e+00,-2.37111634e+005
38399608e+014,98991010e-02,-9.03963371e-01,-8.88205282e-02,3.83418243e+00,-2.37360805e+005
38554913e+014,91545202e-02,-9.03681221e-01,-8.88809342e-02,3.82993076e+00,-2.37600336e+005
38152995e+015,07691466e-02,-8.99068322e-01,-8.70276698e-02,3.80722222,-2.4043412153
538101080.06503983,-0.83757311,-0.06267344,3.67562754e+00,-2.40307578e+005,31295546e+018
56018970e-02,-7.58137788e-01,-4.45178021e-02,3.47695486e+00,-2.42017008e+005,28729326e+019
97224688e-02,-6.69269423e-01,-3.59905966e-02,3.22083939e+00,-2.44433612e+005,25831060e+011
16126705e-01,-5.78195997e-01,-3.01213865e-02,2.92619087e+00,-2.46007050e+005,22623221e+011
35017190e-01,-4.90365252e-01,-2.52940287e-02,2.63177952e+00,-2.48026164e+005,20332343e+011
50209349e-01,-4.07818508e-01,-2.30787375e-02,2.39281455e+00,-2.47402963e+005,18142468e+011
67356530e-01,-3.44393161e-01,-2.14727311e-02,2.20500747e+00,-2.44320771e+005,15907645e+011
87685800e-01,-2.96473504e-01,-2.05998943e-02,2.06502300e+00,-2.41382929e+005,14198969e+012
03317893e-01,-2.58107377e-01,-1.85556982e-02,1.95805474e+00,-2.39292919e+005,12968309e+012
15150539e-01,-2.27502333e-01,-1.62681132e-02,1.86066871e+00,-2.37139675e+005,11661213e+012
25997580e-01,-2.03053637e-01,-1.49191385e-02,1.78241354e+00,-2.35453383e+005,10452256e+012
35275354e-01,-1.84468532e-01,-1.35597310e-02,1.71747727e+00,-2.34228691e+005,09510178e+012
42836427e-01,-1.69434986e-01,-1.16033161e-02,1.66280157e+00,-2.32996801e+005,08640385e+012
49518812e-01,-1.56771154e-01,-9.83309262e-03,1.62461443e+00,-2.32352669e+005,08024098e+012
53853378e-01,-1.48871987e-01,-8.72212153e-03,1.59134025e+00,-2.32136414e+005,07689915e+012
56377526e-01,-1.44109681e-01,-9.56933831e-03,1.56906883e+00,-2.32170463e+005,07590413e+012
57587353e-01,-1.41514056e-01,-1.11864864e-02,1.55168526e+00,-2.32363435e+005,07563308e+012
58202147e-01,-1.39783787e-01,-1.25317538e-02,1.54319290e+00,-2.32324298e+005,07541168e+012
58781894e-01,-1.38546616e-01,-1.27888113e-02,1.53920360e+00,-2.32342018e+005,07560878e+012
58705006e-01,-1.38506078e-01,-1.33390807e-02,1.53718459e+00,-2.32457579e+005,07693634e+012
58190100e-01,-1.38974261e-01,-1.48504369e-02,1.54415252e+00,-2.33005059e+005,07925491e+012
56807270e-01,-1.41866853e-01,-1.60248920e-02,1.54560358e+00,-2.33639328e+005,07991091e+012
56167329e-01,-1.44198845e-01,-1.63063054e-02,1.55556471e+00,-2.34841108e+005,08636020e+012
52234793e-01,-1.49862931e-01,-2.14161658e-02,1.56090520e+00,-2.36551671e+005,09694249e+012
46320362e-01,-1.59945457e-01,-2.96056541e-02,1.56330300e+00,-2.38140031e+005,10487382e+012
41804262e-01,-1.67662020e-01,-3.57716612e-02,1.56788619e+00,-2.38823416e+005,10846697e+012
39607918e-01,-1.73180316e-01,-4.00614120e-02,1.56679879e+00,-2.39046105e+005,11000291e+012
38928277e-01,-1.74921067e-01,-4.23253097e-02,1.57489290e+00,-2.39038629e+005,11431829e+012
36659878e-01,-1.77375404e-01,-4.49605761e-02,1.57466645e+00,-2.39647158e+005,11706256e+012
35038808e-01,-1.80084148e-01,-4.68729745e-02,1.57051449e+00,-2.39800428e+005,11769133e+012
34971949e-01,-1.80682020e-01,-4.76888175e-02,1.57084149e+00,-2.39935367e+005,11738973e+012
35091011e-01,-1.80636883e-01,-4.82076316e-02,1.56087216e+00,-2.38551468e+005,11274793e+012
37964126e-01,-1.74526481e-01,-4.46407907e-02,1.57393501e+00,-2.37823972e+005,11285159e+012
37435264e-01,-1.71817263e-01,-4.34530431e-02,1.60664036e+00,-2.37499711e+005,11617391e+012
34789186e-01,-1.72437848e-01,-4.36658644e-02,1.61879934e+00,-2.36146939e+005,10632236e+012
40062338e-01,-1.62027666e-01,-3.33759976e-02,1.59975489e+00,-2.37367716e+005,11316673e+012
36625518e-01,-1.70361942e-01,-3.94569947e-02,1.55193119e+00,-2.38216998e+005,11456883e+012
36995404e-01,-1.70171887e-01,-4.24708500e-02,1.48601957e+00,-2.36695300e+005,09691521e+012
48451635e-01,-1.49006996e-01,-2.86079872e-02,1.29271766e+00,-2.34229727e+005,07184762e+012
65037300e-01,-1.10714802e-01,-1.57530570e-02,9.76482562e-01,-2.32559862e+005,05359593e+012
84890270e-01,-5.70787371e-02,-1.17574944e-02,5.69340661e-01,-2.30732482e+005,04945302e+013
08417201e-011,62723435e-02,-1.69926504e-02,2.66564999e-01,-2.30191422e+005,04948663e+013
24214651e-017,14261762e-02,-2.28859348e-02,5.67781533e-02,-2.29935480e+005,05144451e+013
34584081e-011,09839975e-01,-2.73286054e-02,-9.02571014e-02,-2.30145020e+005,05340161e+013
41862794e-011,36960296e-01,-3.06877174e-02,-1.96676089e-01,-2.30180917e+005,05344488e+013
47193575e-011,56082967e-01,-3.31131499e-02,-2.68830530e-01,-2.30203522e+005,05420962e+013
50501635e-011,69533458e-01,-3.48548586e-02,-3.29524561e-01,-2.30705394e+005,05582517e+013
52822786e-011,80682711e-01,-3.62816007e-02,-3.74975038e-01,-2.31379903e+005,05949205e+013
53266831e-011,88979945e-01,-3.73532412e-02,-4.10817874e-01,-2.32171854e+005,06200539e+013
53383920e-011,95210930e-01,-3.81736849e-02,-4.34649621e-01,-2.33366576e+005,06354372e+013
53275439e-011,98620918e-01,-3.92545256e-02,-0.40046978,-2.3527611350,690293110.348351990
18766882,-0.05189237,-0.39483599,-2.3695028750,75676620.3449490,18564037
-0.0591039,-0.39533063,-2.3811651950,804338830.342609590,18524985,-0.0640384
-0.39882757,-2.3914716350,844665780.340833530,18556903,-0.06743213,-0.40467481
-2.3991283550,891081760.339019660,18644259,-0.06966505,-0.38329195,-2.3771337749
704388840.353798740,18396326,-0.06677262,-0.3687863,-1.8689702643,829093750.278835510
16588002,-0.0514494,-3.44160324e-01,-1.45129794e+003,95532070e+011,96786876e-011
42629229e-01,-3.72042852e-02,-3.09093923e-01,-1.17051375e+003,67312221e+011,39994383e-011
21637975e-01,-2.73070797e-02,-3.20626621e-01,-9.98674554e-013,48874911e+019,20872388e-021
12582950e-01,-2.04161400e-02,-2.73295603e-01,-8.24915667e-013,34873419e+016,20711107e-029
21070382e-02,-1.41533216e-02,-1.79610630e-01,-6.54528780e-013,23745936e+014,97808557e-026
51920424e-02,-9.26501518e-03,-1.09525418e-01,-5.30025064e-013,15903302e+014,16965227e-024
56874904e-02,-5.85881541e-03,-6.74302469e-02,-4.53242626e-013,10931099e+013,54214866e-023
35439115e-02,-3.68755336e-03,-3.27626964e-02,-4.01482478e-013,07338234e+013,06612165e-022
39963329e-02,-2.20130583e-03,-3.48021347e-03,-3.62166841e-013,04952846e+012,81451340e-021
70579155e-02,-1.21074746e-03,1.07331288e-02,-3.38956678e-013,03374562e+012,61165378e-021
28820917e-02,-5.85238750e-04,2.17624894e-02,-3.32977212e-013,02485905e+012,34127153e-029
76477455e-03,-2.76399518e-04,2.88262056e-02,-3.16652149e-013,01661253e+012,28623874e-027
71773645e-031,09164488e-04,3.37297512e-02,-3.13161267e-013,01292955e+012,15054403e-026
04556200e-033,27104494e-04,3.72052874e-02,-3.08112240e-013,00901355e+012,06027986e-024
59146701e-034,24637761e-04,3.78881981e-02,-3.02636953e-013,00583827e+012,09110214e-024
18831850e-034,75424617e-04,4.12825172e-02,-3.08293913e-013,00538266e+011,95653888e-023
03008669e-034,55652323e-04,3.84578238e-02,-3.06223803e-013,00461686e+011,96852938e-022
84506400e-034,88159962e-04,4.38029985e-02,-3.11458146e-013,00558347e+011,85645263e-021
59756706e-035,30896355e-04,4.18176810e-02,-3.13535006e-013,00569424e+011,78269952e-021
14115705e-034,59851081e-04,4.07636523e-02,-3.12449623e-013,00578756e+011,78550920e-028
53838860e-044,40140029e-04,4.00154780e-02,-3.13363547e-013,00651013e+011,74405880e-024
77720762e-045,23825509e-04,3.80741120e-02,-3.21054551e-013,00776325e+011,61708710e-021
12846951e-045,30588454e-04,4.10595007e-02,-3.20472575e-013,00825610e+011,59405257e-02
-9.13467689e-045,61699386e-04,3.67092503e-02,-3.14540154e-013,00716781e+011,66363043e-02
-3.73894142e-045,58730384e-04,3.86042017e-02,-3.20003691e-013,00813976e+011,55442435e-02
-1.00171846e-034,53211762e-04,3.93785853e-02,-3.25268694e-013,00888617e+011,47129388e-02
-1.30534417e-034,28691293e-04,4.11558451e-02,-3.24979552e-013,00881438e+011,45506826e-02
-1.55654806e-034,53851486e-04,4.08038876e-02,-3.28384194e-013,00876701e+011,41330937e-02
-1.89600692e-034,89806730e-04,4.01787783e-02,-3.28473941e-013,00897386e+011,39963452e-02
-2.03344056e-034,55244674e-04,4.27267487e-02,-3.35847782e-013,01027127e+011,29800438e-02
-2.66808036e-034,45242259e-04,4.31044608e-02,-3.42661087e-013,01158634e+011,18009015e-02
-3.24927289e-034,30766095e-04,3.99848156e-02,-3.35819776e-013,01043671e+011,31461532e-02
-2.77757429e-034,60190455e-04,4.11612411e-02,-3.45271614e-013,01331516e+011,19684373e-02
-3.10302536e-033,23851554e-04,4.31271306e-02,-3.45633526e-013,01209216e+011,22723273e-02
-3.18217157e-032,73735104e-04,4.05241888e-02,-3.48473257e-013,01299451e+011,19296327e-02
-3.06363565e-031,77434034e-04,4.23007256e-02,-3.45678673e-013,01221210e+011,19532439e-02
-3.25838319e-031,69660285e-04,4.49094141e-02,-3.45597191e-013,01277163e+011,18630503e-02
-3.55054738e-039,67906261e-05,4.42851083e-02,-3.45685046e-013,01184263e+011,20912638e-02
-3.57782876e-039,99934312e-05,4.21367850e-02,-3.46815379e-013,01274279e+011,17317255e-02
-3.43235454e-031,01139236e-04,4.51462728e-02,-3.46800017e-013,01220930e+011,18978775e-02
-3.39985802e-038,46229094e-05,4.70434587e-02,-3.47787817e-013,01229443e+011,16352943e-02
-4.09041117e-039,34113796e-05,4.54742619e-02,-3.46455784e-013,01162231e+011,19541083e-02
-4.02744539e-039,74714361e-05,4.42822059e-02,-3.49707505e-013,01215278e+011,17209163e-02
-4.01209806e-039,42177698e-05,4.47008629e-02,-3.47503961e-013,01208089e+011,17497312e-02
-4.06318048e-031,25078456e-04,4.35375931e-02,-3.43560937e-013,01168733e+011,20358880e-02
-4.11956225e-031,62703392e-04,4.52755503e-02,-3.47559413e-013,01206326e+011,16975365e-02
-4.39939093e-031,29222432e-04,3.92257260e-02,-3.47229516e-013,01201447e+011,18819483e-02
-3.94535061e-039,30653654e-05,4.49790274e-02,-3.48363174e-013,01149521e+011,18249518e-02
-4.63843628e-039,38588597e-05,4.42377066e-02,-3.49858159e-013,01129151e+011,15757894e-02
-4.54776871e-03,-8.03367651e-06,4.57249364e-02,-3.56743927e-013,01140467e+011,08409450e-02
-5.40263305e-03,-6.29647906e-05,4.36197270e-02,-3.64860769e-013,01244495e+019,56704766e-03
-5.89999081e-03,-9.91754501e-05,4.46762605e-02,-3.79330328e-013,01432387e+017,82334108e-03
-6.84832093e-03,-9.06085223e-05,4.55315251e-02,-3.94789840e-013,01628469e+015,23766903e-03
-9.02082041e-035,98588690e-06,4.49942120e-02,-4.22514709e-013,01910858e+012,05577959e-03
-1.01702069e-021,03156103e-05,5.29267077e-02,-4.60828675e-013,02240272e+01,-2.07125441e-03
-1.28079794e-021,03925877e-04,6.10290038e-02,-5.06130808e-012,72940092e-01,-7.18796079e-03
-1.62317666e-02,-1.11352002e-04,5.53245172e-02,-5.56397823e-013,35688479e-01,-1.29015015e-02
-1.81935813e-02,-3.95595661e-04,6.56177051e-02,-6.03353260e-013,90346341e-01,-1.99061055e-02
-2.28900588e-02,-3.70985559e-04,7.90063008e-02,-6.63590076e-014,67935175e-01,-2.86182934e-02
-2.85373507e-02,-4.54462696e-04,9.32023109e-02,-7.31746849e-015,45844112e-01,-3.72519868e-02
-3.37317590e-02,-6.60675245e-04,0.11377213,-0.796425560,61156213,-0.04469638
-0.03827351,-0.00110003,0.16693402,-0.876860490,70952604,-0.05478325
-0.04458779,-0.00189844,0.22402658,-0.961175440,80695049,-0.06514174
-0.05112742,-0.00302902,0.26905537,-1.066252450,94266417,-0.07703895
-0.05667086,-0.00427014,0.3283201,-1.174877491,06244103,-0.08921141
-0.06423353,-0.00587695,0.40376641,-1.301777171,20924964,-0.10366405
-0.07418486,-0.00785701,0.44934547,-1.430310341,33736151,-0.11607295
-0.08104012,-0.00990819,0.5064012,-1.577321841,49450309,-0.13083117
-0.09040848,-0.01221206,0.55684246,-1.73255951,6536559,-0.14632232
-0.09962565,-0.01493963,0.60871378,-1.906828111,82382515,-0.16264735
-0.10977273,-0.0178901,0.64622578,-2.083717091,98928321,-0.17837478
-0.12116182,-0.02092874,0.66641818,-2.240401572,12512373,-0.19241619
-0.13034317,-0.0236465,0.68842495,-2.426508992,29158207,-0.20888946
-0.14028178,-0.02687567,0.72150062,-2.617938622,4597278,-0.22541166
-0.15070657,-0.03052833,0.76014596,-2.810179582,62050828,-0.24132652
-0.16106867,-0.03443788,0.81329872,-2.996693192,78206373,-0.25612585
-0.17133693,-0.03871719,0.89565273,-3.178073312,94242784,-0.27145148
-0.18129519,-0.0434937,0.98369362,-3.373861143,11776214,-0.28728146
-0.19213578,-0.04884857,1.0488624,-3.564008593,27714693,-0.30168019
-0.20112635,-0.05385487,1.12227795,-3.766027663,44503255,-0.31699376
-0.21143294,-0.05955281,1.18672419,-3.985580123,61780452,-0.33285017
-0.22093078,-0.06537517,1.2558987,-4.179594043,76451978,-0.34704585
-0.23152901,-0.07137605,1.31443356,-4.382952643,92049527,-0.36241391
-0.24209156,-0.07731525,1.36135102,-4.572374454,06228747,-0.37708848
-0.25162805,-0.08303217,1.40815,-4.791527074,23109757,-0.39278091
-0.26096452,-0.08913183,1.45057215,-4.996787824,37306271,-0.40718083
-0.27004407,-0.09513065,1.49892721,-5.213248514,51684242,-0.42225477
-0.28094372,-0.10212781,1.54568047,-5.408913144,64349962,-0.43627502
-0.29120328,-0.10850865,1.57500299,-5.652824354,80484661,-0.4521159
-0.30103297,-0.11545925,1.60800258,-5.878886234,93220903,-0.46576181
-0.31001014,-0.12234784,1.64649959,-6.10646815,07028273,-0.47947001
-0.31962982,-0.12959799,1.6891454,-6.328153255,19722027,-0.49349652
-0.32936731,-0.13682553,1.73029785,-6.563488285,338243,-0.50808409
-0.33879927,-0.14447876,1.77880635,-6.802656415,47559578,-0.52240973
-0.34872402,-0.15260703,1.8356101,-7.052064575,61813587,-0.53618769
-0.35800234,-0.16081201,1.89149884,-7.299046815,74471076,-0.54903813
-0.36652455,-0.16928891,1.94330896,-7.561262515,8759911,-0.56203587
-0.37493218,-0.17781513,2.00163131,-7.832124816,01079836,-0.57544752
-0.3840285,-0.18668787,2.06063412,-8.084895266,12000607,-0.58714
-0.3925175,-0.19563408,2.12364016,-8.363934756,24219004,-0.60053891
-0.40166943,-0.2054235,2.17552944,-8.632872526,36206337,-0.6129086
-0.40947114,-0.21432294,2.2348497,-8.899915836,47072144,-0.62547789
-0.41811414,-0.22384616,2.2797735,-9.166255956,57925668,-0.6373749
-0.42530461,-0.23290967,2.32737569,-9.445062156,69752464,-0.65147868
-0.43394113,-0.24260426,2.36774533,-9.698583476,79216391,-0.66457674
-0.44272258,-0.2521382,2.40647648,-9.94710586,88382237,-0.67630204
-0.45042069,-0.26133922,2.46463372,-10.224968666,98289045,-0.68965821
-0.45910298,-0.27164715,2.50029524,-10.474273657,07191818,-0.70145799
-0.46664203,-0.2812968,2.53983907,-10.73598787,16260677,-0.71482633
-0.47464306,-0.29076483,2.54988042,-10.943381977,23253492,-0.72780216
-0.48392822,-0.30036228,2.51950904,-11.142490587,29945874,-0.74203812
-0.49129313,-0.30793146,2.52009137,-11.371656547,36754931,-0.75551034
-0.4994806,-0.3171274,2.53940306,-11.622341497,44102978,-0.76887593
-0.50878227,-0.32762599,2.5675089,-11.889417857,50299573,-0.78070636
-0.51604304,-0.3381625,2.60990778,-12.18586777,5774874,-0.79241616
-0.5222078,-0.34814143,2.66473593,-12.489808497,64248477,-0.8032763
-0.52865295,-0.35885256,2.72111265,-12.797849817,7074782,-0.81354938
-0.53484123,-0.3696589,2.78355254,-13.094421197,77532667,-0.82358032
-0.54170987,-0.38054883,2.83959623,-13.387826627,83870258,-0.83326409
-0.54627183,-0.38983708,2.89602423,-13.694701187,90818969,-0.84294655
-0.550197,-0.39936286,2.97615133,-13.949740987,97054598,-0.85107353
-0.55606097,-0.40929369,3.03795696,-14.205608998,02732766,-0.85931045
-0.55875517,-0.41719912,3.1079215,-14.468266938,09237072,-0.86772361
-0.56303868,-0.42556819,3.15605738,-14.715560218,14308712,-0.87516843
-0.5656263,-0.43286966,3.21477144,-14.930557368,18317778,-0.881508
-0.57049705,-0.44090522,3.25632055,-15.140173488,22190684,-0.88765862
-0.57339445,-0.44709919,3.29071488,-15.350807898,26852804,-0.89469323
-0.57567967,-0.45276044,3.31808166,-15.512773728,29789947,-0.89988652
-0.57773605,-0.45769588,3.32337876,-15.634328218,32327141,-0.90572232
-0.58131477,-0.46247643,3.32773444,-15.726774048,33447767,-0.91033487
-0.58461975,-0.46632391,3.313485,-15.831674968,3519311,-0.91554357
-0.58619652,-0.4690587,3.31444421,-15.918801598,38280699,-0.92076908
-0.59052682,-0.47266853,3.29217763,-15.974788058,40126489,-0.9234724
-0.59089994,-0.4736885,3.28524309,-16.038386198,42673177,-0.92695237
-0.5918887,-0.474721,3.28006423,-16.086658558,44712653,-0.92959407
-0.59331754,-0.47622446,3.27691619,-16.121826378,46553307,-0.93175318
-0.59424428,-0.47658603,3.27057185,-16.137904328,47574596,-0.93291699
-0.59491639,-0.47689711,3.26836691,-16.155142718,48441549,-0.9340007
-0.59542135,-0.47725428,3.26526273,-16.16532798,48572256,-0.93469697
-0.59566787,-0.47738158,3.26581524,-16.170078648,48882918,-0.93523453
-0.59615027,-0.4775994,3.26463411,-16.171567068,48848781,-0.93550605
-0.59640252,-0.4777703,3.2652548,-16.174587558,48678732,-0.93575194
-0.59657623,-0.47787754,3.25975762,-16.182166968,49120709,-0.93616658
-0.59636089,-0.47785455,3.26076515,-16.180524688,49067361,-0.93631133
-0.59669156,-0.47807888,3.26211348,-16.18010828,48979245,-0.93630738
-0.59701852,-0.47825091,3.25925811,-16.183979788,48972749,-0.93653552
-0.59668186,-0.47797827,3.26349767,-16.184202058,48563764,-0.93657626
-0.59689239,-0.47819052,3.26339843,-16.185078268,48638309,-0.93668138
-0.59689032,-0.47819362,3.2644849,-16.181430368,48330625,-0.93662319
-0.59707559,-0.47835203,3.26087485,-16.185130838,48878287,-0.93680982
-0.59685882,-0.47805147,3.25974953,-16.191297958,4896165,-0.93721128
-0.59691417,-0.47816212,3.26071329,-16.184368458,48333088,-0.93682644
-0.59691695,-0.47819315,3.25870676,-16.19222988,48748561,-0.93722925
-0.59688844,-0.47809549,3.26037415,-16.188734598,4821931,-0.93717025
-0.59717639,-0.47836645,3.25687883,-16.192342228,4856065,-0.93720768
-0.59697605,-0.47815201,3.25913843,-16.1937778,48410483,-0.93734206
-0.59713034,-0.47829203,3.25968093,-16.1916858,4891851,-0.93724915
-0.59742186,-0.47841027,3.25584457,-16.199046338,49064573,-0.93760529
-0.59686497,-0.47799825,3.25429253,-16.190244298,48730957,-0.93760867
-0.59691848,-0.47804263,3.25922223,-16.187357048,48710838,-0.93740414
-0.59763517,-0.47847177,3.252883,-16.190627678,48387152,-0.93778872
-0.59691364,-0.47794496,3.25425094,-16.192451338,48750228,-0.93782863
-0.59737906,-0.47817512,3.25461362,-16.183472688,48189015,-0.93748101
-0.59758015,-0.47834916,3.25071836,-16.188551428,48281212,-0.93778751
-0.59716139,-0.47792961,3.2480318,-16.1887058,48471965,-0.93774093
-0.59718253,-0.47803457,3.24828375,-16.191382658,48508885,-0.93805129
-0.59737513,-0.47813018,3.24673583,-16.181347398,47671329,-0.93779051
-0.59716547,-0.47799653,3.25018003,-16.181627218,48814162,-0.93759484
-0.59784307,-0.47849967,3.24420726,-16.188601438,4881243,-0.93782434
-0.59705126,-0.47804707,3.24102087,-16.182652548,47473282,-0.93788516
-0.5967978,-0.47785269,3.2381456,-16.17778918,47326922,-0.93752508
-0.59666175,-0.47767202,3.23550752,-16.179451258,47048283,-0.9376588
-0.59631137,-0.47746632,3.25123871,-16.192891188,48720605,-0.93872301
-0.60114075,-0.48154539,3.25490676,-16.190233658,48969911,-0.93854686
-0.60230841,-0.48220165,3.26438672,-16.381252298,67311806,-0.94737036
-0.60360551,-0.48316279,3.29617968,-16.442526058,80805322,-0.94704093
-0.6160036,-0.49174021,3.3288115,-16.66735989,06436648,-0.95460111
-0.62316854,-0.49738358,3.49687926,-16.871149089,35774176,-0.96351586
-0.66120654,-0.52490165,3.59405479,-17.095741129,65679039,-0.97122975
-0.68505845,-0.54321206,3.55120881,-17.157222769,73184103,-0.97067223
-0.67581648,-0.53626759,3.49614382,-17.124588879,61843907,-0.97218935
-0.66235361,-0.52658422,3.46977258,-17.115188629,53750553,-0.97585844
-0.65518676,-0.521702,3.42615109,-17.36970689,71282754,-0.99000366
-0.64494319,-0.51527229,3.42915364,-17.185870019,54635003,-0.98172647
-0.64489083,-0.51448851,3.39460171,-16.900670849,27261641,-0.96770205
-0.6382898,-0.5087999,3.40153352,-16.693572719,08129336,-0.95878004
-0.63942914,-0.50885255,3.38714012,-16.639978548,99103346,-0.95853044
-0.63561544,-0.50621053,3.38965372,-16.501926228,86182366,-0.95220306
-0.63702791,-0.5067118,3.36707358,-16.508591898,88139788,-0.95113813
-0.63176177,-0.50303615,3.3342686,-16.626132299,06347043,-0.94945108
-0.62651166,-0.49909878,3.41596027,-16.857835469,45286096,-0.94873686
-0.64566415,-0.51195201,3.6175015,-17.7759499810,46991331,-0.98273261
-0.6881042,-0.53933043,3.76057002,-18.6087609111,37366251,-1.01344006
-0.72068429,-0.56105742,3.82907393,-19.8998191712,67219794,-1.06301832
-0.73634715,-0.574259,3.80169894,-21.9482167514,84077034,-1.18058331
-0.78825366,-0.60955319,3.67983145,-23.8102742416,91909629,-1.28759595
-0.81949825,-0.62922597,3.49839443,-23.3221760116,68698356,-1.26782588
-0.83131929,-0.63421042,3.22636244,-21.6891140515,22853179,-1.19474772
-0.79715983,-0.60228088,3.01326795,-19.6721542213,28132735,-1.10912945
-0.75913253,-0.56665849,2.89003651,-19.3080747312,88965645,-1.09780803
-0.73762673,-0.5484174,2.71980198,-19.2903627312,89451365,-1.08389335
-0.70983587,-0.53296312,2.69459878,-20.4391996214,11925832,-1.11675402
-0.71526144,-0.54036395,2.67159642,-22.4074322616,33571596,-1.17218276
-0.72609441,-0.55169916,2.62693859,-21.6003195615,41078768,-1.15438246
-0.71763617,-0.54412233,2.54159803,-19.6685500813,22613675,-1.10038892
-0.69128962,-0.52050207,2.44721423,-18.3160078111,70815674,-1.05859437
-0.66802504,-0.50098344,2.38432143,-17.3425172810,63347124,-1.02846663
-0.65277923,-0.48781741,2.34176914,-16.709645029,93345029,-1.00856049
-0.64289972,-0.47951785,2.31844662,-16.263166769,44810748,-0.99494407
-0.63632588,-0.47377886,2.29779685,-15.991313979,15707532,-0.98570986
-0.63035141,-0.4688869,2.32146863,-15.759604658,92561869,-0.97796265
-0.63381081,-0.47037779,2.34846589,-15.78009958,91359717,-0.97295903
-0.63158485,-0.4694591,2.40736755,-15.836862918,96420678,-0.96870812
-0.63475907,-0.47127209,2.48506664,-16.292049789,49601453,-0.98114172
-0.6542377,-0.48613565,2.51537343,-17.5978466710,94833407,-1.01634637
-0.66638421,-0.49693723,2.43843672,-19.3483093812,81031688,-1.06875605
-0.65602235,-0.49167917,2.3999405,-21.7188131815,29222205,-1.14537187
-0.64938052,-0.48191919,2.21605141,-24.3591421117,85008662,-1.24838024
-0.61994936,-0.46436479,1.98885913,-26.1079617319,37535899,-1.30598785
-0.57270685,-0.43800269,1.81366769,-28.3407345321,35088727,-1.39751655
-0.54292172,-0.41524017,1.63248325,-29.7790751422,85276892,-1.49987649
-0.56253612,-0.42536314,1.64843847,-30.7389386224,07087081,-1.56405233
-0.61864324,-0.46234906,1.48948029,-31.9584056925,49047398,-1.62277858
-0.59228876,-0.43581017,1.06232352,-32.021699625,79525593,-1.57323293
-0.50398982,-0.35769283,0.8113375,-32.6471615426,59840007,-1.59849231
-0.52365053,-0.3832911,0.55686242,-32.3735595726,42037409,-1.57520059
-0.499574,-0.36649995,0.45874478,-31.5927279425,71504611,-1.52998834
-0.50217094,-0.36510234,0.38509773,-30.5420488124,58308355,-1.454378
-0.45414031,-0.31831259,0.22086842,-30.6082532724,64302774,-1.44399026
-0.38031156,-0.25197876,0.09931513,-29.5370480423,45038593,-1.3534289
-0.30015017,-0.18080618,-0.12372467,-29.4731778323,23670071,-1.35595269
-0.2247153,-0.12578705,-0.25855227,-29.6289836323,33706753,-1.37327734
-0.17350365,-0.08520752,-0.32743307,-29.6296031623,29106845,-1.38158851
-0.14984996,-0.0644614,-0.3316542,-29.534759123,12845779,-1.38579613
-0.14759188,-0.06340943,-0.32232856,-29.8658214223,42323464,-1.41016602
-0.14993045,-0.06631612,-0.2688648,-29.9432308423,47980354,-1.41780501
-0.17252548,-0.08498328,-0.14935459,-30.1802150623,71214579,-1.44032323
-0.21370414,-0.11738645,-0.06490149,-30.5653851724,09653702,-1.47265353
-0.24410411,-0.14068362,-6.82536118e-03,-3.07819336e+012,43180509e+01,-1.49048281e+00
-2.64254485e-01,-1.54572623e-01,0.0756175,-30.7453235524,33227615,-1.48956052
-0.29545591,-0.17641838,0.19796599,-30.9376747324,5567076,-1.50453762
-0.33746604,-0.20790495,0.3205354,-31.8210593525,45909631,-1.56861979
-0.38091913,-0.24268583,0.41280073,-32.9862217626,58245166,-1.65768028
-0.44092348,-0.28809937,0.12326678,-35.0106585828,82109298,-1.86080464
-0.47632047,-0.31884204,-0.56243423,-36.2490783830,67380308,-2.01251833
-0.48598563,-0.31670015,-1.02396324,-36.3417473431,3252595,-2.04032841
-0.48290205,-0.30393241,-1.19696862,-36.1132138731,68086094,-2.04857531
-0.51538028,-0.32415439,-1.33372008,-35.5356966331,47954521,-2.03224658
-0.53229467,-0.33123767,-1.43486392,-34.9348706131,16145869,-2.00170937
-0.5477079,-0.33901861,-1.5687675,-34.429766430,7500715,-1.9720781
-0.55979275,-0.34373257,-1.69461686,-33.9296784130,2907943,-1.94037248
-0.56045734,-0.34003188,-1.75886009,-33.4716005329,83594648,-1.9145731
-0.56218026,-0.33773991,-1.79916223,-33.0359729829,40575611,-1.89008168
-0.56407842,-0.33642596,-1.83239749,-32.8378225729,1926509,-1.88330297
-0.56084086,-0.33419519,-1.83732604,-32.8883062529,22105486,-1.89105995
-0.56521632,-0.33811474,-1.8609998,-33.027996729,30737736,-1.90535113
-0.55453294,-0.33085931,-1.84543431,-33.1130701529,35661162,-1.91609624
-0.5591451,-0.33399013,-1.83968967,-33.2497636829,45932787,-1.9294171
-0.56264933,-0.33752179,-1.80745988,-33.3752253829,5546689,-1.9374527
-0.57676643,-0.34847539,-1.76002292,-33.315725229,51124023,-1.9344132
-0.59608005,-0.36240969,-1.73640612,-33.5232137729,74262971,-1.9489841
-0.59698105,-0.3594892,-1.83207506,-32.9718679629,21835464,-1.91408085
-0.55386032,-0.320432,-1.95370895,-31.4681791127,69454844,-1.80756514
-0.49597815,-0.28939091,-1.92045638,-30.9315993527,24177446,-1.7610875
-0.45860603,-0.27658082,-1.66221411,-30.1176112826,51859957,-1.71909956
-0.48357709,-0.30580708,-1.36296077,-29.8366466726,33192837,-1.72481522
-0.52901574,-0.35151904,-1.09224781,-30.7236775927,31464393,-1.77211437
-0.6013615,-0.42248271,-0.95631853,-31.6950217428,33183335,-1.81722721
-0.6301441,-0.45393422,-0.93026749,-32.3803319528,99016821,-1.86161661
-0.6293345,-0.46182214,-0.91352288,-32.2154772428,80366148,-1.85714054
-0.64541451,-0.4796433,-0.84468075,-30.8792568927,47662195,-1.80373416
-0.67064344,-0.49772121,-0.78728076,-28.8646603325,42924055,-1.72632008
-0.67382413,-0.49120126,-0.77203517,-26.7706891723,20638528,-1.63643636
-0.65247111,-0.46412246,-0.81270788,-26.4541874222,7797371,-1.63337911
-0.63368666,-0.4535843,-0.90530587,-26.8994285423,15873958,-1.66326515
-0.60927466,-0.43923638,-0.94612131,-27.1416690923,35908122,-1.67594298
-0.58957906,-0.42682545,-0.82235228,-27.7294849424,02994708,-1.71442575
-0.57614553,-0.42356709,-0.5873658,-28.3289656624,81234864,-1.75317355
-0.55519645,-0.42566358,-0.22913598,-28.5416741925,31578943,-1.75830057
-0.53066014,-0.42993565,-0.2949144,-28.9097399225,60083288,-1.7730803
-0.51260965,-0.41448129,-0.31987586,-29.2831947925,8926942,-1.78802918
-0.50930562,-0.40933933,-0.24225795,-29.6182116326,22044309,-1.80540015
-0.51882009,-0.41752901,-0.15467847,-29.8804012726,48182327,-1.81360977
-0.51408525,-0.41610026,-0.03112728,-30.0841068126,7224479,-1.8232036
-0.517252,-0.42320073,0.08169875,-30.2277957126,90817167,-1.82965587
-0.51681654,-0.43142342,0.22295165,-30.3172327727,09723915,-1.83233999
-0.51895729,-0.44648868,0.4209841,-30.3713609927,3137737,-1.83321005
-0.53495161,-0.47253422,0.62391208,-30.5568071827,67054807,-1.84867036
-0.55924281,-0.50269073,0.76177654,-30.5175742727,73897464,-1.85245862
-0.58265977,-0.52522036,0.8347364,-30.3767116627,65212821,-1.85008134
-0.59707386,-0.53533972,0.90091763,-30.3309862827,66551434,-1.85298309
-0.62656471,-0.55861461,0.92064562,-30.427103627,77085865,-1.86739627
-0.66277459,-0.58550093,0.83535404,-30.4000772327,65787767,-1.88170277
-0.68359773,-0.59456681,0.64419106,-29.7838867226,87817786,-1.86519949
-0.657052,-0.56140947,0.4661161,-28.3916565625,33781197,-1.8031165
-0.61903429,-0.51595142,0.49405293,-26.8651973923,78724037,-1.72667458
-0.58974329,-0.48406653,0.48573009,-25.7519271122,58692115,-1.67874974
-0.57738182,-0.46456753,0.52487155,-24.6138818421,37922181,-1.63680547
-0.58499613,-0.46233003,0.61822243,-23.0189997419,67098192,-1.59218213
-0.59705648,-0.46537141,0.85551889,-21.5407045217,9541869,-1.58385757
-0.64640815,-0.504808,1.27907998,-19.9602943616,21544288,-1.57071298
-0.74966381,-0.57599785,1.57584174,-18.8335314414,99587091,-1.55780508
-0.82465957,-0.62698917,1.78461277,-18.0559289114,15058034,-1.54930524
-0.87725647,-0.66284407,1.92490855,-17.5396324813,58700756,-1.54381247
-0.91223097,-0.68682549,2.01827097,-17.1827575813,20247702,-1.53999108
-0.93616447,-0.70289755,2.0903718,-16.9212723812,9365948,-1.53585018
-0.95392194,-0.71501602,2.13878916,-16.7654485412,75796333,-1.53535568
-0.9657319,-0.72309975,2.16727322,-16.644847712,62774106,-1.53388727
-0.9730696,-0.72801928,2.19185185,-16.56211412,54390114,-1.5331276
-0.97901292,-0.73198608,2.20375958,-16.5150230812,48930106,-1.53307004
-0.98236687,-0.73422221,2.2166615,-16.461363612,43910286,-1.5320902
-0.9855523,-0.7364311,2.22091244,-16.4492293412,41672145,-1.53256634
-0.98672744,-0.73723616,2.22403436,-16.425980612,39251278,-1.53212045
-0.98796584,-0.7378952,2.22818264,-16.4120105912,37657142,-1.5321345
-0.98909485,-0.73870176,2.22938975,-16.3971137812,36215918,-1.53190478
-0.98933416,-0.73867609,2.23205681,-16.3920937712,35951456,-1.53200691
-0.98996854,-0.73924947,2.23013654,-16.3835682612,34998764,-1.53202768
-0.98987644,-0.73908327,2.23511351,-16.3742527512,34343086,-1.5319148
-0.99077389,-0.73959969,2.23362431,-16.366863712,33316508,-1.53189113
-0.9904803,-0.73944228,2.2338471,-16.3622635512,32768224,-1.53210064
-0.99056718,-0.73958043,2.2341615,-16.360866712,32634308,-1.53232048
-0.9907853,-0.73972536,2.23500966,-16.3476810112,3155758,-1.53203055
-0.990943,-0.73989526,2.23341426,-16.3439672512,31097398,-1.53192964
-0.99074854,-0.73956588,2.23273205,-16.3525215512,31372292,-1.53247192
-0.99074054,-0.73956854,2.22959226,-16.3440611512,30892108,-1.53215622
-0.99059977,-0.73940273,2.23084637,-16.340970712,30696827,-1.53221668
-0.99101525,-0.73960264,2.2272748,-16.3393446412,30539613,-1.532391
-0.99065215,-0.73936371,2.22963759,-16.3380874512,30336774,-1.53265055
-0.99093457,-0.73961695,2.2246155,-16.332715912,29387256,-1.53259044
-0.99027147,-0.73918051,2.22915198,-16.325286712,28531901,-1.53236807
-0.99091309,-0.73953778,2.22825675,-16.3274862412,28384786,-1.53252624
-0.99067591,-0.73920351,2.23002511,-16.3269998712,28528908,-1.53278573
-0.9908249,-0.73940821,2.22989964,-16.3190060512,27457315,-1.53257112
-0.99083233,-0.73944283,2.22639053,-16.3204898312,27599912,-1.53270522
-0.99058444,-0.73919113,2.22826455,-16.3212959412,27381883,-1.53285161
-0.99077958,-0.73932927,2.22863716,-16.318043512,27076559,-1.53278634
-0.99070118,-0.73921725,2.22855051,-16.3151319212,26765277,-1.53266475
-0.9909081,-0.73949153,2.22727614,-16.3163685112,26667086,-1.53275772
-0.99094091,-0.73955192,2.22568553,-16.3219261312,27260739,-1.53307857
-0.99079774,-0.73924458,2.22767244,-16.3154826112,26534781,-1.53286707
-0.99079355,-0.73932157,2.23139521,-16.3156933112,26295075,-1.53280447
-0.99092039,-0.73932856,2.23166177,-16.3161209212,26425641,-1.53289594
-0.9908291,-0.73930969,2.23122648,-16.3150427312,26608995,-1.53302407
-0.99077714,-0.73927601,2.22887873,-16.316494412,26530391,-1.53311543
-0.99061514,-0.7390433,2.22863383,-16.3138297412,26260561,-1.53285272
-0.99090283,-0.73937816,2.2305608,-16.3133335212,26317624,-1.5328264
-0.99114049,-0.73938966,2.2272435,-16.3113271212,26399619,-1.53287754
-0.99084344,-0.73915298,2.22675438,-16.3171091812,26651887,-1.53308646
-0.99085624,-0.73922735,2.22804608,-16.3153477312,26388073,-1.53275538
-0.99102036,-0.73935779,2.22829096,-16.3146662712,26517457,-1.53273581
-0.99111636,-0.73937122,2.22607113,-16.3193894912,26908186,-1.53298178
-0.99081375,-0.73908757,2.22540997,-16.3219735712,27275558,-1.53305005
-0.99091269,-0.7391803,2.22485658,-16.3214788412,27324815,-1.53311505
-0.99064947,-0.73902346,2.22612416,-16.3144710112,27107213,-1.53262509
-0.9911718,-0.73937586,2.22425946,-16.3220007512,27851183,-1.53303248
-0.99073155,-0.7390426,2.22366354,-16.3218829912,282159,-1.5330428
-0.99080708,-0.73912517,2.22812187,-16.3200835512,28267112,-1.53270555
-0.99133224,-0.73930031,2.22498535,-16.3256199712,28752572,-1.53277826
-0.99078964,-0.73907376,2.22413988,-16.3339558712,29133186,-1.53289623
-0.99092192,-0.73915546,2.22692902,-16.3287585512,29084151,-1.53259678
-0.99109135,-0.73931001,2.22499623,-16.3283624912,29068559,-1.532356
-0.99108382,-0.7391781,2.22512522,-16.3357796412,29419611,-1.53255181
-0.9910412,-0.73918872,2.22496613,-16.3407234412,29371351,-1.53249258
-0.99101877,-0.73922274,2.22424505,-16.3355596912,29147561,-1.53220397
-0.9912207,-0.73934345,2.22623137,-16.3400219912,29364635,-1.53214162
-0.99115992,-0.73924579,2.22141719,-16.3484585312,30124851,-1.53228171
-0.99053926,-0.73885616,2.22826371,-16.3486869112,3022785,-1.53220847
-0.9915106,-0.73952751,2.22704847,-16.3444184812,30183167,-1.53185891
-0.9913523,-0.73931783,2.22920312,-16.3482721612,30783114,-1.53215137
-0.99167166,-0.73960541,2.22327736,-16.3477403512,3125082,-1.5320285
-0.99107451,-0.73907993,2.22381244,-16.3507013312,31731868,-1.53205025
-0.9912286,-0.73924857,2.22723323,-16.3508260612,32155085,-1.53192568
-0.99144393,-0.73926566,2.22443392,-16.3612911612,33181698,-1.53192522
-0.99134268,-0.73926627,2.22286719,-16.3798091912,34335773,-1.53301503
-0.99024434,-0.73864079,2.22529053,-16.3615657912,33946932,-1.5319657
-0.99101523,-0.7390636,2.22498818,-16.3693612,34307547,-1.53229581
-0.99073759,-0.73879458,2.22717287,-16.3571397912,33617304,-1.53170316
-0.99099387,-0.73909343,2.22741658,-16.3722311212,34449414,-1.53221019
-0.99129263,-0.73935001,2.22887192,-16.36048212,34212583,-1.53194361
-0.99157596,-0.73936746,2.22842368,-16.3604383112,34780656,-1.53166035
-0.99192243,-0.73952848,2.22527889,-16.3602523312,34492791,-1.53166286
-0.99122435,-0.73894104,2.23004087,-16.3618919712,3485544,-1.53163285
-0.99206206,-0.73961318,2.22918009,-16.363393512,3518241,-1.53179389
-0.99165871,-0.73934343,2.23564667,-16.3636780112,35418106,-1.53185804
-0.99270757,-0.74021243,2.22349813,-16.3622109612,35542228,-1.53132827
-0.9912883,-0.73901668,2.22864586,-16.3696469712,36087688,-1.5315067
-0.99226302,-0.73970546,2.22081803,-16.3706273512,36067697,-1.53152432
-0.99108019,-0.73883239,2.22801043,-16.370115112,36051857,-1.53144495
-0.99242996,-0.73995617,2.22677752,-16.3711575212,36382876,-1.53136805
-0.99209384,-0.73965756,2.22348795,-16.37587512,37063374,-1.53143702
-0.99176771,-0.73933298,2.22194722,-16.3758314612,37103622,-1.53136254
-0.99181164,-0.73952723,2.21742362,-16.3713909512,37233085,-1.53113155
-0.99173807,-0.73933569,2.22164904,-16.3739767112,37332931,-1.53117869
-0.99224461,-0.73970908,2.21865362,-16.3780589412,37660311,-1.53125808
-0.99177928,-0.73929836,2.21908483,-16.3778096112,37624614,-1.53125094
-0.99223539,-0.73969698,2.21882969,-16.3732307812,37337198,-1.53091403
-0.99210297,-0.7396212,2.21890173,-16.383612112,37952795,-1.53115563
-0.9919795,-0.73943984,2.21723877,-16.3793781912,37854263,-1.53101178
-0.99187732,-0.73930131,2.21852278,-16.3848872312,37865313,-1.53126961
-0.9922291,-0.73961317,2.22027806,-16.3764906712,37280378,-1.53094672
-0.9924519,-0.7397214,2.21714278,-16.3788420712,37391582,-1.53098624
-0.99209849,-0.73941374,2.21596237,-16.3810108212,37731245,-1.53110512
-0.99194006,-0.73923683,2.21376488,-16.3739183712,37551589,-1.53079992
-0.99207141,-0.73940645,2.21505447,-16.375967412,37679737,-1.53099475
-0.99216693,-0.73953374,2.21679458,-16.3793514312,38110118,-1.53108509
-0.99199156,-0.73931913,2.21572187,-16.3806612312,38451468,-1.53120316
-0.99208982,-0.73953103,2.21540957,-16.3795234512,38344008,-1.53108057
-0.99201775,-0.73933648,2.21709071,-16.3762501112,38081072,-1.53088179
-0.99238907,-0.73958211,2.21352071,-16.3772841912,38263859,-1.53096738
-0.99197308,-0.7393628,2.21553148,-16.3796800712,38624666,-1.5311887
-0.99189504,-0.73930815,2.2147013,-16.3742948212,38043963,-1.53086371
-0.99202133,-0.73939461,2.2187229,-16.374022412,37700876,-1.5308786
-0.99246433,-0.73968565,2.21505071,-16.378404412,37294393,-1.53102512
-0.99209256,-0.7395283,2.21466499,-16.3777917612,37577736,-1.53112053
-0.99226256,-0.73963209,2.21188634,-16.3740386212,3717057,-1.53088881
-0.99183807,-0.73924507,2.21501172,-16.3734336812,37576392,-1.53093484
-0.99238547,-0.73960693,2.21388748,-16.3717964612,37682735,-1.53101673
-0.99200682,-0.73927377,2.21484528,-16.3749343312,37702687,-1.53117669
-0.9922901,-0.73960672,2.21615548,-16.377503812,37835573,-1.53134318
-0.99223461,-0.73952261,2.21808904,-16.3707134712,37552821,-1.53105816
-0.99266236,-0.73968081,2.21497916,-16.376410812,37870091,-1.53120588
-0.99190431,-0.73917335,2.21196948,-16.3785334912,38166234,-1.53124928
-0.99180955,-0.73909428,2.21500675,-16.3732483812,38209442,-1.53109614
-0.99233227,-0.739301,2.21773854,-16.3725599112,38180091,-1.53099696
-0.99270381,-0.73965693,2.21518989,-16.3799518512,38471645,-1.5312435
-0.9921603,-0.73939909,2.21311583,-16.3778772612,38786492,-1.5311584
-0.99200457,-0.73923651,2.21344368,-16.3742073812,38762859,-1.53098229
-0.99244975,-0.73947307,2.21340752,-16.3758814412,39072125,-1.5311309
-0.99223577,-0.73939134,2.21162399,-16.3771880312,39032604,-1.53122313
-0.99226323,-0.73935646,2.21540212,-16.3828668112,39295852,-1.53137419
-0.99271578,-0.73975479,2.21310994,-16.3767883412,38984922,-1.53112888
-0.99255659,-0.7396688,2.21143462,-16.3822465412,3926849,-1.53122602
-0.99219629,-0.73940788,2.21131999,-16.385409712,39562855,-1.53150377
-0.99220131,-0.73955875,2.2142754,-16.3862267212,39732719,-1.53141838
-0.99249459,-0.7396971,2.21082844,-16.3808774412,39542316,-1.53108182
-0.9924329,-0.73958207,2.21092398,-16.3910754212,40053383,-1.53151841
-0.99233497,-0.73957507,2.2095052,-16.3925802212,40371113,-1.5314974
-0.99234784,-0.73953924,2.21022456,-16.3891945112,40043245,-1.53132387
-0.99249955,-0.73969884,2.20664003,-16.3899469512,40543723,-1.53131473
-0.99216924,-0.73921879,2.2109983,-16.3907358512,40736495,-1.53119795
-0.99297385,-0.73972642,2.20860025,-16.3954377612,40840111,-1.53146866
-0.99252387,-0.73942806,2.21414639,-16.3943709512,40931742,-1.53142744
-0.99328702,-0.73998226,2.20909352,-16.3922961312,40572579,-1.53112761
-0.99259355,-0.73961601,2.2068924,-16.402708712,41421292,-1.53150374
-0.99222023,-0.73938794,2.20642191,-16.3931290712,41330608,-1.53118124
-0.99269139,-0.73948651,2.20796826,-16.3938321712,41256405,-1.53131077
-0.99304638,-0.73985993,2.20679774,-16.3952008212,41476828,-1.53138662
-0.99308057,-0.73989871,2.20402673,-16.403204712,41932092,-1.53167599
-0.99261128,-0.73974491,2.19977909,-16.3988873512,41711634,-1.53140398
-0.99240123,-0.73951165,2.19883991,-16.3917959212,4132993,-1.53119528
-0.99245703,-0.73946402,2.20051912,-16.3931214712,41528362,-1.53140816
-0.99282312,-0.73968492,2.19992062,-16.3971130512,41230301,-1.53155191
-0.99287946,-0.73979565,2.20081526,-16.393667412,41024712,-1.53139057
-0.99305362,-0.73978462,2.19764288,-16.3937866212,40818585,-1.53143612
-0.99256542,-0.73943412,2.20005024,-16.3895389112,40400636,-1.53130203
-0.99294495,-0.73965736,2.20068424,-16.3882097712,40104543,-1.53122853
-0.99279891,-0.73957941,2.20012126,-16.3954965112,40497192,-1.53167893
-0.99288816,-0.73974509,2.2017397,-16.386689912,39901557,-1.53136709
-0.99296043,-0.73982902,2.20455506,-16.3887844512,40311214,-1.53135297
-0.99346433,-0.74010554,2.19878872,-16.3898833712,40335819,-1.53149118
-0.99260084,-0.73942684,2.20090656,-16.3890454812,40397134,-1.53138061
-0.9929186,-0.73954738,2.20072455,-16.3870706612,40145476,-1.53137277
-0.99279081,-0.73952926,2.20488829,-16.3871024812,40218607,-1.53137533
-0.99347706,-0.74000309,2.20174332,-16.3911579712,40560305,-1.53159683
-0.99296068,-0.73951408,2.20283931,-16.3911862412,40309867,-1.53158117
-0.99298271,-0.73965763,2.20106754,-16.3898728412,40407314,-1.53154309
-0.99284662,-0.73951531,2.20062687,-16.3867408112,40146781,-1.53139299
-0.99298344,-0.73966826,2.19814321,-16.3928824212,40840387,-1.53165357
-0.99271017,-0.73941509,2.19869143,-16.395028312,41014444,-1.53187573
-0.99281569,-0.73954631,2.20176185,-16.3858999212,40490845,-1.53139793
-0.99341574,-0.73996341,2.1963858,-16.3924074812,40888218,-1.53179991
-0.99296889,-0.7396723,2.19252417,-16.3911418212,4084344,-1.53173695
-0.99244471,-0.7392739,2.19661974,-16.3915543312,40968354,-1.53177596
-0.99282074,-0.73946905,2.19655065,-16.3879154212,40556525,-1.53154934
-0.99314069,-0.73971568,2.19988983,-16.3881194912,40473972,-1.53162883
-0.99321992,-0.73975301,2.19822581,-16.3918778312,40640485,-1.53186145
-0.99277908,-0.73938026,2.20168303,-16.3901045712,40701521,-1.53182212
-0.99313982,-0.73963596,2.19934704,-16.3838249312,4059628,-1.53153431
-0.99308912,-0.73961485,2.19641969,-16.3879678212,40873216,-1.53166394
-0.99274826,-0.73940685,2.1980258,-16.3913639612,41060448,-1.53179181
-0.99297553,-0.73959305,2.19842402,-16.3916796112,4125531,-1.53181086
-0.99299789,-0.73959041,2.19879855,-16.3878915612,410151,-1.53167382
-0.99305511,-0.73957352,2.1976757,-16.3919492112,41243385,-1.53164719
-0.99312301,-0.73969782,2.19385525,-16.4032360112,421632,-1.53195466
-0.9927556,-0.73937045,2.19306618,-16.393797312,41637678,-1.53161047
-0.9928767,-0.73942265,2.19334627,-16.3930827612,41544302,-1.53158907
-0.9932754,-0.73971627,2.19063166,-16.3989830312,42120517,-1.53187583
-0.99285193,-0.73933042,2.19358195,-16.3996421712,41939199,-1.53186355
-0.9934699,-0.73991857,2.1900435,-16.3968092412,41403186,-1.53169341
-0.99294917,-0.73943849,2.19460359,-16.3923813112,4141208,-1.53155788
-0.99377392,-0.74001865,2.18787056,-16.4012721212,41876674,-1.53196644
-0.99265596,-0.7392767,2.19344088,-16.3933822812,4114063,-1.53171608
-0.99351198,-0.73992144,2.19065123,-16.3914563812,4096884,-1.53163173
-0.99290167,-0.73932417,2.19166784,-16.3952913712,41344678,-1.53181063
-0.99320714,-0.73955025,2.1935868,-16.3908292112,40881341,-1.53161362
-0.99338448,-0.73975722,2.18996932,-16.3929409112,41192036,-1.53177225
-0.99308426,-0.73953642,2.19297984,-16.3863834512,41025701,-1.53151603
-0.99356973,-0.73977906,2.19136536,-16.393139712,41277646,-1.53190217
-0.99313715,-0.73958391,2.19729206,-16.3908853612,41085497,-1.5318945
-0.99384484,-0.73998394,2.18813766,-16.3917372912,412298,-1.53181587
-0.99229838,-0.73900698,2.19458346,-16.3919719412,41139353,-1.53205899
-0.99344737,-0.73968904,2.18560316,-16.3924934212,41180357,-1.531918
-0.99243208,-0.73899312,2.19214699,-16.3908306612,40810649,-1.53209202
-0.99357336,-0.73985027,2.18353015,-16.3875847512,40334814,-1.53183289
-0.99215538,-0.7387132,2.19866783,-16.3844383912,40133254,-1.53191439
-0.9945647,-0.74056078,2.18936452,-16.3858295812,40013853,-1.53161908
-0.99302235,-0.73944936,2.18969999,-16.3899565912,39798091,-1.53212172
-0.99330717,-0.73957205,2.18851266,-16.3892994112,3995747,-1.53165056
-0.99310977,-0.73945504,2.19220576,-16.3849358212,39003858,-1.53172681
-0.99351993,-0.73976181,2.18694918,-16.3902965412,39781693,-1.5317335
-0.99312002,-0.73947734,2.18967985,-16.387754812,39686289,-1.53195211
-0.99334368,-0.73970754,2.18747152,-16.386625312,39777489,-1.53193839
-0.9926838,-0.73906153,2.18939374,-16.3850312812,3978788,-1.5318445
-0.99332342,-0.73963925,2.19150067,-16.3849017412,40056613,-1.53188216
-0.99345212,-0.73961759,2.19001326,-16.3872330312,40068623,-1.53226156
-0.99298688,-0.73928216,2.19472272,-16.3791166412,39915056,-1.53180412
-0.99367292,-0.73964157,2.19232216,-16.3762353712,39270205,-1.53175134
-0.99325677,-0.73936208,2.18763349,-16.3783413412,39628905,-1.53161985
-0.99270049,-0.73898961,2.18577533,-16.3849066212,39516482,-1.53230806
-0.99222941,-0.73886336,2.19499292,-16.3672097612,38986738,-1.53157732
-0.99403764,-0.73992759,2.18927209,-16.3669410612,38835784,-1.53171707
-0.99343669,-0.73949734,2.19203677,-16.3742820212,38822552,-1.53223528
-0.99384491,-0.74002752,2.18340184,-16.3559652912,37404824,-1.5312052
-0.99228276,-0.73898817,2.19449139,-16.3690513712,38666209,-1.53207778
-0.99371112,-0.7398191,2.18504795,-16.3581183412,37991854,-1.53171441
-0.99215249,-0.73875615,2.19630091,-16.3571518112,37879327,-1.53174777
-0.99422662,-0.74030211,2.18438898,-16.3730557912,38405425,-1.53235684
-0.99229706,-0.73896964,2.19760877,-16.3497570712,37092967,-1.5315527
-0.99412153,-0.74016544,2.1895942,-16.357062712,37279362,-1.5319945
-0.99289798,-0.73936345,2.18837216,-16.3605318812,37449367,-1.53218483
-0.99291225,-0.73941383,2.18975176,-16.3466318112,36987292,-1.5315046
-0.99344585,-0.73949844,2.19080449,-16.3567061912,37762953,-1.53224937
-0.993618,-0.73971814,2.18840869,-16.3463902512,365757,-1.53174403
-0.99314246,-0.7394965,2.19113269,-16.3551624712,3725664,-1.53216165
-0.99360741,-0.73983388,2.18679507,-16.3467480612,36869392,-1.53214231
-0.9930558,-0.73924101,2.18958148,-16.3383051112,36230476,-1.53186538
-0.99375011,-0.73973608,2.18551792,-16.3482465312,36421349,-1.5324768
-0.99260728,-0.73907851,2.19060199,-16.3434130812,36486602,-1.53229874
-0.99337814,-0.73943581,2.19383215,-16.3347547812,35838451,-1.53215013
-0.99384654,-0.73973365,2.18711245,-16.3350680112,35734262,-1.53216618
-0.9926736,-0.73911811,2.19525987,-16.3350484612,35955805,-1.53233839
-0.99373095,-0.73962391,2.18956165,-16.3334042212,35676303,-1.5325122
-0.9926971,-0.73912736,2.19359586,-16.3262671312,35293487,-1.53220232
-0.99350398,-0.73951099,2.19181898,-16.3289846712,35152266,-1.53243303
-0.99287821,-0.73922379,2.191461,-16.330323912,35549031,-1.53253338
-0.99320833,-0.7392591,2.19197076,-16.3222447212,35064519,-1.53220631
-0.99317934,-0.73919415,2.19203642,-16.3206442412,34631774,-1.53223333
-0.99311044,-0.7392828,2.19097233,-16.3229546212,34755709,-1.53248103
-0.99306392,-0.73920651,2.19196511,-16.3142488712,34365325,-1.53199981
-0.99352559,-0.73958812,2.18806096,-16.3228254912,35216637,-1.53270691
-0.99314958,-0.73925317,2.19039829,-16.308481512,34015453,-1.53223228
-0.99355972,-0.73964603,2.18844346,-16.3097321512,34562424,-1.53208377
-0.99357828,-0.73959253,2.18654927,-16.3133931212,34261028,-1.53244673
-0.99280757,-0.73910773,2.18395077,-16.3213830312,35006204,-1.53286143
-0.99237615,-0.73884036,2.18967923,-16.3049982412,33656158,-1.53225919
-0.99340966,-0.73959123,2.18918148,-16.3128490212,34640568,-1.53234228
-0.99336887,-0.73953755,2.19060368,-16.3112218712,34493939,-1.5324994
-0.99334912,-0.73940038,2.18642998,-16.3194073612,35420879,-1.53287995
-0.99296139,-0.73901423,2.18994548,-16.3113239412,34440027,-1.53270915
-0.99343308,-0.73946074,2.18349563,-16.3197055512,34764206,-1.53298505
-0.99226983,-0.73877761,2.19202147,-16.3056766712,34352783,-1.5323178
-0.99361062,-0.73942824,2.18734512,-16.3231358212,35592095,-1.5330226
-0.99253482,-0.73891878,2.19326559,-16.2992743512,33854461,-1.53244866
-0.99370565,-0.7395069,2.18630735,-16.3196566412,35523433,-1.53298941
-0.99281197,-0.73898605,2.18905135,-16.3136267712,34636022,-1.53307909
-0.99307927,-0.73930715,2.18862071,-16.3122116312,349188,-1.53285749
-0.99329646,-0.73937527,2.1903774,-16.3104926712,34686491,-1.53306078
-0.99340692,-0.73939478,2.1877325,-16.3136540912,34863327,-1.53285794
-0.9929153,-0.73905368,2.18916107,-16.3181139912,35168969,-1.53339938
-0.99295417,-0.73925264,2.18946716,-16.3055302412,3413714,-1.53272003
-0.99321678,-0.73926233,2.19233929,-16.3125975912,34413515,-1.53291981
-0.99353009,-0.73959221,2.18858176,-16.3126041512,34235762,-1.53317859
-0.99301827,-0.73921275,2.19296084,-16.3049986312,33792714,-1.53282328
-0.99353168,-0.73967882,2.19121752,-16.3064779712,33826355,-1.53312736
-0.99321806,-0.73936959,2.192128,-16.3018913312,3334152,-1.53285122
-0.99345902,-0.73956565,2.19042182,-16.3065850812,33477826,-1.53321644
-0.99315399,-0.73938208,2.19148592,-16.3040707512,33065512,-1.53317343
-0.9933388,-0.73955507,2.19311226,-16.2965151612,32746392,-1.53295826
-0.99373992,-0.73974494,2.18828171,-16.3037216512,32901246,-1.53339052
-0.99300219,-0.73929971,2.1897181,-16.2991736212,32765059,-1.53337535
-0.99314955,-0.73939511,2.19099497,-16.2976321712,3263834,-1.5332009
-0.99330845,-0.73942659,2.19031523,-16.2969459612,325999,-1.53328904
-0.99340337,-0.73951673,2.18876369,-16.2979911212,32695487,-1.53335995
-0.99319204,-0.73935792,2.18940426,-16.3001951712,32603152,-1.53349674
-0.99312243,-0.73950631,2.19048396,-16.2919175712,32282259,-1.53327299
-0.99331849,-0.73957942,2.19250297,-16.2922308112,32373762,-1.53330962
-0.99345892,-0.73943656,2.18982692,-16.3002566112,3280338,-1.53373892
-0.99298324,-0.73906877,2.19243238,-16.2879158212,32083032,-1.5334429
-0.99328732,-0.7393495,2.19043353,-16.2925182712,32447102,-1.53361124
-0.99301044,-0.73913158,2.19411711,-16.2846604212,31727954,-1.53331847
-0.9935484,-0.73958456,2.19209379,-16.2908818312,32530593,-1.53357384
-0.99317463,-0.73940585,2.19109885,-16.2897367812,32383811,-1.53372503
-0.9930585,-0.73946399,2.19299658,-16.2812916912,31719442,-1.53310905
-0.9933975,-0.73961302,2.19180266,-16.2850211712,32262359,-1.53349676
-0.99325518,-0.73956241,2.19366741,-16.2828638712,31892729,-1.53342369
-0.99311139,-0.73957616,2.19368043,-16.2837952412,32189191,-1.53343061
-0.99336575,-0.73976059,2.19432213,-16.2791764912,32043866,-1.53330208
-0.99343843,-0.73981917,2.19350758,-16.2801283612,32546279,-1.5333778
-0.99331434,-0.73963468,2.19448052,-16.2839683412,32315543,-1.53352392
-0.99314077,-0.7396562,2.19526947,-16.2802408512,32107273,-1.533318
-0.99333232,-0.73954156,2.19851719,-16.2786159812,32382371,-1.5332906
-0.9936383,-0.73950677,2.19678859,-16.2840657212,32689422,-1.53354073
-0.99332887,-0.73936341,2.19777954,-16.2838731712,3285372,-1.53359121
-0.99336747,-0.73953128,2.19839391,-16.2807583112,32772045,-1.53342886
-0.99345972,-0.73967315,2.19974708,-16.2829606412,32992932,-1.53339457
-0.99358513,-0.73963618,2.19866502,-16.2891073812,33317838,-1.5336438
-0.99312168,-0.73938834,2.20001826,-16.2887403712,33283687,-1.5335452
-0.99360107,-0.7396407,2.19748093,-16.2877388412,33158837,-1.53347687
-0.99339474,-0.73966788,2.19700229,-16.2880525112,33494418,-1.53341488
-0.99343397,-0.73964872,2.19629731,-16.2881110212,33709178,-1.53357021
-0.99336622,-0.73952787,2.19564021,-16.2900949212,34047249,-1.53359098
-0.99336096,-0.73957316,2.19731541,-16.2875981312,34209437,-1.53346581
-0.99344497,-0.73951753,2.19960532,-16.2873360112,34338156,-1.53343576
-0.99363241,-0.73969535,2.19665495,-16.2892192312,34834928,-1.53359171
-0.99343015,-0.73964916,2.20314561,-16.2822980312,34383375,-1.53318042
-0.99432375,-0.74008205,2.20151981,-16.288712,34613865,-1.53429377
-0.99350272,-0.73968012,2.19209502,-16.2779418712,34549956,-1.53398213
-0.99305615,-0.73891489,2.17345627,-16.2803117712,34929442,-1.5350317
-0.99188638,-0.73761456,2.15931013,-16.2633545112,34608085,-1.53543141
-0.9927484,-0.7370483,2.1357262,-16.2344496412,34362399,-1.534947
-0.99082551,-0.73426615,2.11750474,-16.1859040212,32753894,-1.53421832
-0.99131661,-0.7331719,2.10499005,-16.1333381712,31324551,-1.53347495
-0.99066425,-0.73059031,2.09766979,-16.0692860112,30870841,-1.53286139
-0.98975707,-0.72815339,2.08826726,-16.0103479112,31676863,-1.53334733
-0.98824413,-0.72474751,2.07947668,-15.9048912312,29932064,-1.53136328
-0.98622364,-0.72064408,2.0667847,-15.8014340512,28096689,-1.53019328
-0.98580141,-0.71693306,2.03358339,-15.696487312,25434708,-1.52854945
-0.98380213,-0.712204,2.01288123,-15.5718904812,21869549,-1.52685983
-0.98283447,-0.70785927,1.97659714,-15.4271073612,18271024,-1.52334604
-0.97977325,-0.70178946,1.95873161,-15.3189832212,16377895,-1.52273821
-0.97725322,-0.69658358,1.93686485,-15.1648104412,13467432,-1.52028768
-0.97484853,-0.69044603,1.92907336,-14.9892576512,08980511,-1.51643367
-0.97482935,-0.68555135,1.90587993,-14.8158231112,0432398,-1.51334092
-0.97343753,-0.67983527,1.88695926,-14.6246451911,98752236,-1.50995126
-0.97197925,-0.67371221,1.848518,-14.4629371811,95179276,-1.50707278
-0.96771073,-0.66604385,1.81584799,-14.2470337611,87782485,-1.50228246
-0.96473799,-0.6577886,1.78264481,-14.0606303711,80840745,-1.49835925
-0.96296205,-0.65115742,1.76077116,-13.8427522811,73086489,-1.49309044
-0.9614603,-0.64438856,1.74008341,-13.640034611,66125094,-1.4885791
-0.95777084,-0.63696084,1.71023999,-13.433221911,59153127,-1.48441853
-0.95345413,-0.62893065,1.69329923,-13.2126207311,51171189,-1.47901889
-0.95120469,-0.62184873,1.67812276,-13.0044702811,43889959,-1.47396244
-0.94908055,-0.61477947,1.65127445,-12.8191432211,36840326,-1.47024275
-0.94485088,-0.60714097,1.63561575,-12.5830917711,26663909,-1.4636909
-0.94391291,-0.60033149,1.60887336,-12.4026184211,19872538,-1.45968387
-0.93981123,-0.59212195,1.58187454,-12.1747170411,09898367,-1.452927
-0.93604378,-0.58458224,1.57569035,-11.9542518110,9993092,-1.4472391
-0.93538606,-0.5787147,1.53914007,-11.7615821210,92373344,-1.44253686
-0.92935241,-0.56920476,1.52399483,-11.5613762710,84020981,-1.43736935
-0.92657674,-0.56207224,1.50609553,-11.3506898110,73960216,-1.43111465
-0.92300073,-0.55464414,1.49525652,-11.1438467310,64510188,-1.42579319
-0.92046573,-0.54744622,1.4765845,-10.9570567910,56557713,-1.4207938
-0.9163424,-0.53990756,1.45726843,-10.7624110510,47523237,-1.41593363
-0.91311985,-0.53259356,1.44529814,-10.547367810,36905324,-1.40945278
-0.9094945,-0.52458195,1.44208443,-10.3556109310,2763323,-1.4042301
-0.90782302,-0.51793215,1.4161306,-10.1638783610,17914846,-1.39796409
-0.90153372,-0.50980643,1.41297334,-9.9541576310,07079894,-1.39157306
-0.89936237,-0.50337021,1.4013669,-9.755641729,96757705,-1.38614734
-0.8947268,-0.4950147,1.39203613,-9.564880049,86771405,-1.38005841
-0.89173987,-0.48828059,1.38047781,-9.384171369,76980674,-1.37451966
-0.88723095,-0.48072737,1.37601029,-9.172186229,643116,-1.36777806
-0.88462332,-0.47400402,1.36148105,-8.993200719,54806662,-1.36230117
-0.88053445,-0.46634944,1.34604223,-8.811054429,44503417,-1.35598443
-0.87633145,-0.45914337,1.33568662,-8.6300789,33513803,-1.35005325
-0.87239156,-0.45224283,1.32588546,-8.432925969,21762511,-1.34392632
-0.86911457,-0.44463389,1.30975646,-8.244154069,10851339,-1.33712163
-0.86471945,-0.43727951,1.29683532,-8.059833138,9966018,-1.32979352
-0.8593939,-0.42893114,1.29600026,-7.90457448,89793159,-1.32473443
-0.85661131,-0.42341314,1.29113624,-7.705462948,7645562,-1.31688316
-0.85239776,-0.41554653,1.27379646,-7.548979518,66664696,-1.31162696
-0.84720475,-0.40825739,1.27657434,-7.360490918,54171772,-1.30389316
-0.84463198,-0.40167714,1.26264123,-7.174553238,40196772,-1.29587345
-0.83819877,-0.3940715,1.26721427,-7.004878618,28038604,-1.2897072
-0.83496662,-0.38717135,1.26707469,-6.851879818,17630204,-1.28175557
-0.83044859,-0.38058359,1.27013425,-6.703117558,06222186,-1.27485502
-0.82535046,-0.37417356,1.26348284,-6.53996527,9329102,-1.26799013
-0.82092666,-0.36742079,1.26190027,-6.35766787,80175931,-1.25964679
-0.81517406,-0.35962918,1.26050782,-6.196512767,69405035,-1.25362557
-0.81175797,-0.3528189,1.25423278,-6.022287747,56635517,-1.2463575
-0.8069659,-0.34587007,1.25503315,-5.854723267,43811363,-1.23843413
-0.80240883,-0.33916101,1.24944744,-5.706897547,322727,-1.23151059
-0.79759332,-0.3328491,1.24330503,-5.506544197,15860285,-1.22216117
-0.79289537,-0.32555374,1.23650514,-5.376309097,07054707,-1.21759388
-0.7889931,-0.31889112,1.22761503,-5.195791566,92696727,-1.20868397
-0.78325079,-0.31173952,1.22797096,-5.039924126,80576655,-1.20203201
-0.77999543,-0.30568566,1.21589835,-4.849544966,65109547,-1.19260725
-0.7734108,-0.29792983,1.20955185,-4.707485156,54614308,-1.18694931
-0.76794106,-0.29096882,1.22015382,-4.543344736,41037376,-1.17918343
-0.76419092,-0.28451054,1.22835371,-4.393835436,27536998,-1.16957171
-0.7583962,-0.27795515,1.2388727,-4.266334336,14860483,-1.16221546
-0.75407217,-0.27241895,1.24457387,-4.109154295,99565456,-1.15250125
-0.7489577,-0.26621548,1.23308084,-3.965663465,86414784,-1.14389033
-0.74168339,-0.25873011,1.24303918,-3.823775275,73942976,-1.13689947
-0.739396,-0.25308442,1.23808109,-3.669262325,59708599,-1.12738199
-0.73343947,-0.24649383,1.22552583,-3.550531665,49362483,-1.12128639
-0.72698882,-0.23956475,1.22519273,-3.406500735,35990352,-1.11328203
-0.72303833,-0.23395501,1.22375681,-3.239932695,1983838,-1.10377684
-0.71813219,-0.22752014,1.20657837,-3.112633085,07834987,-1.09692432
-0.71080011,-0.22081711,1.22215263,-2.96302284,91909787,-1.08748184
-0.70810607,-0.21572719,1.22473867,-2.811591934,76921492,-1.07645557
-0.70153911,-0.20911434,1.22608087,-2.696762824,66032604,-1.06973667
-0.69571858,-0.20308582,1.23706625,-2.579078954,54199716,-1.06261586
-0.69217059,-0.19797804,1.23687789,-2.422049974,37790422,-1.05068127
-0.68481734,-0.19122726,1.24512361,-2.297234114,23971726,-1.04130639
-0.67958853,-0.18611191,1.25392205,-2.209827744,13374088,-1.0356943
-0.67408005,-0.18049805,1.27648913,-2.0981393,98242334,-1.02569359
-0.66908649,-0.17551889,1.30142442,-2.012759133,85407777,-1.01550877
-0.66328134,-0.17123883,1.32276188,-1.902799773,70558125,-1.0051445
-0.65747749,-0.16622314,1.32112709,-1.779257763,55474101,-0.99346217
-0.64955119,-0.16005723,1.33266391,-1.663338253,41071041,-0.9832163
-0.64511651,-0.1547905,1.33932151,-1.552124333,27800443,-0.97555572
-0.64038078,-0.1500202,1.34861152,-1.42418263,10245712,-0.9640894
-0.63481036,-0.14498527,1.35082969,-1.338307242,99388208,-0.95521865
-0.62853772,-0.14046172,1.3559935,-1.250691372,88449673,-0.94501143
-0.62242825,-0.136003,1.39202948,-1.206650452,78364022,-0.93511761
-0.61724685,-0.1331707,1.4346711,-1.167309492,67221258,-0.92589274
-0.61300401,-0.13070038,1.47064481,-1.141868872,57555145,-0.91801284
-0.60911689,-0.12911997,1.49199705,-1.070213012,45284166,-0.9056179
-0.60290517,-0.12609711,1.52014906,-1.024408542,37317889,-0.89933716
-0.6014287,-0.12407927,1.52558029,-0.957461122,2608281,-0.89105579
-0.59599529,-0.12163109,1.53394071,-0.914821462,19135198,-0.88588002
-0.59350134,-0.1196278,1.54635135,-0.881164642,12757175,-0.88243517
-0.59209558,-0.11837068,1.55364763,-0.826618572,04873427,-0.87459597
-0.588497,-0.11663357,1.56330422,-0.800133612,00181178,-0.87056158
-0.58605304,-0.11528077,1.57348364,-0.774756381,95715337,-0.8659661
-0.58410817,-0.11397675,1.58112537,-0.746474541,90218956,-0.86173491
-0.58199648,-0.11278115,1.58489078,-0.711398621,84676394,-0.85699229
-0.58031465,-0.11198652,1.59259639,-0.685305351,80645477,-0.85372873
-0.57955411,-0.11120058,1.59021276,-0.679305711,79113491,-0.85263755
-0.57817263,-0.11112721,1.58792005,-0.659936991,76307572,-0.85019849
-0.57741201,-0.11068044,1.58587089,-0.65253691,75074092,-0.84926474
-0.57718966,-0.11062168,1.57969747,-0.638217721,73238858,-0.84756913
-0.57510484,-0.10969297,1.57676461,-0.6302861,71865453,-0.84687745
-0.57360712,-0.10877642,1.57425329,-0.614344211,70227006,-0.84643562
-0.57262294,-0.10760359,1.56479748,-0.592297421,67057897,-0.84328011
-0.56755653,-0.10544995,1.56875393,-0.582587081,64298364,-0.84194815
-0.56595235,-0.10418549,1.57512415,-0.569042331,59314298,-0.83777551
-0.56241305,-0.1023546,1.57883823,-0.546602191,53571951,-0.83341899
-0.5578279,-0.09977986,1.56902873,-0.49506461,46288828,-0.82685329
-0.55106054,-0.09647297,1.56721944,-0.454508961,39754459,-0.82314781
-0.54564058,-0.09317211,1.5560039,-0.387672411,29821998,-0.81662691
-0.53927475,-0.08917684,1.55363341,-0.320257951,19046649,-0.80799648
-0.5310433,-0.0849407,1.56161904,-0.28032551,09095812,-0.80046845
-0.52294427,-0.08139096,1.55258835,-0.201521140,96793616,-0.79021862
-0.51218528,-0.07638459,1.55347982,-0.137968710,83757985,-0.77893312
-0.50296745,-0.07207736,1.55542786,-0.058444540,68147013,-0.76697482
-0.49357582,-0.06743003,1.539292390,038583840.52510723,-0.75400384,-0.48084797
-0.06146446,1.519340050,145537410.34413369,-0.738765,-0.46719626,-0.0558921
1.512990750,237483360.17426745,-0.72560768,-0.45539455,-0.05020848,1.494819150
34667412,-0.01740562,-0.71013819,-0.44057494,-0.04392532,1.525633510
41700258,-0.22514492,-0.68942194,-0.42701272,-0.03985131,1.532329260
50595835,-0.43742629,-0.669542,-0.41287347,-0.0352164,1.531954230
59690516,-0.63310606,-0.65190237,-0.39906242,-0.03048923,1.5238280
70080502,-0.84477364,-0.63432511,-0.38634441,-0.02551512,1.503418460
81614264,-1.07283093,-0.61226124,-0.36997206,-0.01996271,1.477393260
92986321,-1.29746488,-0.59157975,-0.35412566,-0.0150783,1.466149531
01629375,-1.509882,-0.56993308,-0.33817366,-0.01041133,1.469604361
09269147,-1.72913691,-0.54663464,-0.3231251,-0.0073128,1.475620231
1343518,-1.9111458,-0.52667928,-0.30987248,-0.0044461,1.48274216e+001
18658537e+00,-2.11037024e+00,-5.05425661e-01,-2.97531031e-01,-1.76579433e-03,1.45279906e+001
26254022e+00,-2.30669542e+00,-4.81831502e-01,-2.79506962e-011,64090206e-03,1.440802971
35504731,-2.5388383,-0.45925411,-0.265755490,00461446,1.416096611
44764382,-2.76032861,-0.4365372,-0.251029740,00803263,1.392816281
51666849,-2.95410843,-0.41477027,-0.236950870,01063309,1.360766281
61201496,-3.17239839,-0.39034752,-0.222090450,01299776,1.340816481
68752847,-3.38181195,-0.36824804,-0.209670360,0157053,1.318794451
74007698,-3.58185855,-0.34354466,-0.195606930,0164008,1.304735091
76769717,-3.74385278,-0.32121439,-0.183527210,0171755,1.28395271
81286558,-3.91554449,-0.29867551,-0.170801540,01799725,1.268350741
86474434,-4.0975796,-0.27720631,-0.160565160,01837566,1.250290721
90522983,-4.2603008,-0.25708848,-0.150761210,01903218,1.230398241
94059426,-4.4079591,-0.23423315,-0.139807420,0184628,1.219188961
93764332,-4.51487549,-0.21457542,-0.130522720,01739796,1.259391541
81960987,-4.56254782,-0.19564241,-0.124786340,0138338,1.258964091
75296701,-4.63591877,-0.17269752,-0.11358280,01053365,1.261495951
72645232,-4.71235922,-0.15674273,-0.107103020,0089566,1.25468591
7276721,-4.81803237,-0.13911376,-0.10024850,00752828,1.251089651
72239878,-4.86746736,-0.12909331,-0.095057870,00693997,1.237944451
74274951,-4.95288485,-0.11605141,-0.090114840,00629823,1.218411111
76199062,-5.01006789,-0.10584145,-0.084457180,00569516,1.206739271
78899169,-5.09425883,-0.09635756,-0.081542310,00532494,1.19331721e+001
81091168e+00,-5.15852551e+00,-8.75871554e-02,-7.71152321e-024,97019623e-03,1.17112471e+001
84127190e+00,-5.21117025e+00,-7.90973740e-02,-7.19121198e-024,68128318e-03,1.16259941e+001
86293550e+00,-5.25874119e+00,-7.31846549e-02,-6.98667666e-024,67187922e-03,1.15259013e+001
87750428e+00,-5.27407214e+00,-7.05084049e-02,-6.80802672e-024,58201242e-03,1.14320171e+001
89898534e+00,-5.31021527e+00,-6.60433046e-02,-6.58633290e-024,85063947e-03,1.13699853e+001
90739421e+00,-5.32347719e+00,-6.38223749e-02,-6.43619964e-024,75223770e-03,1.13053127e+001
91621264e+00,-5.33464719e+00,-6.16558276e-02,-6.28511290e-024,64200836e-03,1.12888627e+001
92314640e+00,-5.34919455e+00,-6.01504645e-02,-6.25091346e-024,60420030e-03,1.12460675e+001
92388387e+00,-5.34571083e+00,-5.95174251e-02,-6.16032870e-024,55506837e-03,1.12466266e+001
92739634e+00,-5.35375988e+00,-5.87378270e-02,-6.14204876e-024,53350920e-03,1.12255606e+001
92926810e+00,-5.35673349e+00,-5.80695166e-02,-6.10218156e-024,48079946e-03,1.12229722e+001
92612561e+00,-5.35749065e+00,-5.79336953e-02,-6.09433031e-024,49548092e-03,1.12102290e+001
92727076e+00,-5.35861349e+00,-5.75473865e-02,-6.08962480e-024,43779766e-03,1.12224178e+001
92735040e+00,-5.35515829e+00,-5.72835248e-02,-6.06458895e-024,52348127e-03,1.12369859e+001
92863139e+00,-5.35799237e+00,-5.70573211e-02,-6.05265692e-024,57423698e-03,1.12379812e+001
92792414e+00,-5.35838444e+00,-5.68272531e-02,-6.03655722e-024,60906421e-03,1.12247070e+001
92541047e+00,-5.36031041e+00,-5.68092896e-02,-6.04584006e-024,56849236e-03,1.12508340e+001
92379196e+00,-5.35705327e+00,-5.68205783e-02,-6.04077640e-024,60127370e-03,1.12878208e+001
92679823e+00,-5.36221042e+00,-5.67390657e-02,-6.08347712e-024,61701580e-03,1.12779211e+001
92743555e+00,-5.36186737e+00,-5.65973532e-02,-6.06605461e-024,57950703e-03,1.12747551e+001
92488060e+00,-5.35904960e+00,-5.67584380e-02,-6.06476415e-024,56317895e-03,1.12310389e+001
92763112e+00,-5.35969289e+00,-5.64082835e-02,-6.02521674e-024,55343262e-03,1.12896148e+001
92916936e+00,-5.36657545e+00,-5.65408304e-02,-6.11317241e-024,63393864e-03,1.12811519e+001
93105185e+00,-5.36255007e+00,-5.64963792e-02,-6.06699399e-024,59715223e-03,1.13060721e+001
92898783e+00,-5.36126438e+00,-5.67396329e-02,-6.09426107e-024,61891399e-03,1.12777062e+001
92994134e+00,-5.35793552e+00,-5.66059615e-02,-6.07543933e-024,59585873e-03,1.12999020e+001
93181838e+00,-5.36040624e+00,-5.65137487e-02,-6.10406785e-024,68307133e-03,1.12957678e+001
93280255e+00,-5.35955584e+00,-5.65632662e-02,-6.10263811e-024,69192934e-03,1.13034065e+001
92973986e+00,-5.35685227e+00,-5.67079734e-02,-6.10165981e-024,68794719e-03,1.13028349e+001
93047263e+00,-5.36035318e+00,-5.64896873e-02,-6.10810488e-024,65980058e-03,1.13023686e+001
93238787e+00,-5.36008867e+00,-5.63454197e-02,-6.11793365e-024,68263151e-03,1.12915140e+001
93140544e+00,-2.53573705e+01,-5.65116705e-02,-6.12159340e-024,70350194e-03,1.12632120e+001
93119187e+00,-2.53577776e+01,-5.64244016e-02,-6.12401063e-024,75080279e-03,1.12718053e+001
93207662e+00,-2.53559575e+01,-5.63614283e-02,-6.14256245e-024,67147825e-03,1.12984590e+001
93267792e+00,-2.53606121e+01,-5.62326076e-02,-6.16349920e-024,70225494e-03,1.12615072e+001
93140819e+00,-2.53563943e+01,-5.62489026e-02,-6.15135489e-024,72972305e-03,1.12674237e+001
93024366e+00,-2.53576895e+01,-5.62884335e-02,-6.16888365e-024,75762937e-03,1.12721270e+001
93112469e+00,-2.53580958e+01,-5.61942954e-02,-6.18232623e-024,72162728e-03,1.12612563e+001
93047146e+00,-2.53558170e+01,-5.61586838e-02,-6.18230330e-024,67289974e-03,1.12686936e+001
92967472e+00,-2.53554435e+01,-5.60472456e-02,-6.18852888e-024,68394517e-03,1.12703990e+001
92834973e+00,-2.53515937e+01,-5.62725110e-02,-6.20136704e-024,61172504e-03,1.12381750e+001
92886743e+00,-2.53549407e+01,-5.61442307e-02,-6.22028626e-024,62347679e-03,1.12368401e+001
92893296e+00,-2.53566093e+01,-5.59336977e-02,-6.21217525e-024,59101489e-03,1.12344506e+001
92771398e+00,-2.53567964e+01,-5.61035274e-02,-6.22385697e-024,60029997e-03,1.12277214e+001
92482720e+00,-2.53566014e+01,-5.62362427e-02,-6.22927770e-024,62095960e-03,1.12129242e+001
92596425e+00,-2.53605082e+01,-5.59377686e-02,-6.23351993e-024,60342704e-03,1.12180396e+001
92478487e+00,-2.53592998e+01,-5.61599116e-02,-6.24075049e-024,54279158e-03,1.12195576e+001
92746749e+00,-2.53409761e+01,-5.57335441e-02,-6.21954433e-024,53899016e-03,1.11987282e+001
92030888e+00,-2.53332593e+01,-5.65914066e-02,-6.25761434e-024,60375190e-03,1.11667300e+001
92589801e+00,-2.53473260e+01,-5.60995003e-02,-6.22885575e-024,67888381e-03,1.11293384e+001
93300943e+00,-2.53682798e+01,-5.46809915e-02,-6.23473654e-024,69424627e-03,1.10915764e+001
93823224e+00,-2.53816883e+01,-5.34651575e-02,-6.16564920e-024,66734864e-03,1.11107837e+001
93797760e+00,-2.53930037e+01,-5.30610416e-02,-6.24196429e-024,76808870e-03,1.10773427e+001
94336874e+00,-2.53949737e+01,-5.19010286e-02,-6.16553496e-024,80675095e-03,1.10544749e+001
95356757e+00,-2.54123183e+01,-4.95696367e-02,-6.13450650e-024,89561818e-03,1.10422227e+001
94404538e+00,-2.54074693e+01,-5.11073328e-02,-6.15947292e-025,02353942e-03,1.10568112e+001
95089782e+00,-2.54201200e+01,-5.02980800e-02,-6.16916786e-025,01393420e-03,1.10221021e+001
95490178e+00,-2.54268500e+01,-4.94451185e-02,-6.12987601e-025,02211071e-03,1.10515906e+001
95487973e+00,-2.54395745e+01,-4.91748474e-02,-6.19052468e-025,07709459e-03,1.10215917e+001
95598358e+00,-2.54317361e+01,-4.87563826e-02,-6.12871925e-025,10749085e-03,1.10088910e+001
96654625e+00,-2.54596504e+01,-4.62685312e-02,-6.09649653e-025,16634199e-03,1.10110928e+001
96438911e+00,-2.54569046e+01,-4.73881299e-02,-6.11755655e-025,10685407e-03,1.10174434e+001
98015379e+00,-2.54846971e+01,-4.43546496e-02,-6.06994552e-025,16249660e-03,1.10447749e+001
97500489e+00,-2.54717850e+01,-4.57149829e-02,-6.09933685e-025,24778801e-03,1.10099994e+001
97530768e+00,-2.54661684e+01,-4.55283600e-02,-6.04139071e-025,24529824e-03,1.10057910e+001
98615785e+00,-2.54883426e+01,-4.37275487e-02,-6.04323749e-025,41509065e-03,1.09578690e+001
99419245e+00,-2.54862765e+01,-4.23102221e-02,-5.97078948e-025,46208357e-03,1.09322614e+001
98250550e+00,-2.54860076e+01,-4.36331363e-02,-6.01963417e-025,60864798e-03,1.08693702e+001
98897915e+00,-2.55053666e+01,-4.22969690e-02,-5.99108692e-025,74937782e-03,1.08655313e+001
98359040e+00,-2.54925499e+01,-4.28212651e-02,-6.00917699e-025,95553026e-03,1.08215919e+001
98741405e+00,-2.55014880e+01,-4.15782840e-02,-5.95121877e-025,99907884e-03,1.07962984e+001
98719082e+00,-2.55060807e+01,-4.10681788e-02,-5.94532504e-026,07838613e-03,1.07647731e+001
99114057e+00,-2.55201773e+01,-3.97872508e-02,-5.94522196e-026,20789563e-03,1.07557798e+002
00087706e+00,-2.55281216e+01,-3.84011058e-02,-5.87259615e-026,29841912e-03,1.07725877e+002
00753706e+00,-2.55424002e+01,-3.74048511e-02,-5.90030665e-026,29413238e-03,1.07401475e+002
01468896e+00,-2.55541580e+01,-3.62804805e-02,-5.84949453e-026,35664557e-03,1.07154554e+002
01871287e+00,-2.55636029e+01,-3.54333848e-02,-5.86158239e-026,33157203e-03,1.07298897e+002
01501277e+00,-2.55649413e+01,-3.58899852e-02,-5.90984311e-026,44421254e-03,1.07079102e+002
02361527e+00,-2.55849259e+01,-3.37193757e-02,-5.85944366e-026,49420408e-03,1.06774880e+002
02155335e+00,-2.55827035e+01,-3.39070140e-02,-5.82305800e-026,40276503e-03,1.06733463e+002
02628373e+00,-2.55887643e+01,-3.21096289e-02,-5.84177516e-026,44696460e-03,1.06819112e+002
02411715e+00,-2.55845474e+01,-3.23461927e-02,-5.83292529e-026,37398369e-03,1.06551904e+002
02651923e+00,-2.55957575e+01,-3.19629650e-02,-5.84167404e-026,37688751e-03,1.06575877e+002
02960602e+00,-2.56112195e+01,-3.09944601e-02,-5.85048843e-026,37839696e-03,1.06130623e+002
03383295e+00,-2.56169590e+01,-3.02409448e-02,-5.78941257e-026,44406996e-03,1.06171180e+002
03620437e+00,-2.56251148e+01,-2.90927325e-02,-5.79951324e-026,49697354e-03,1.06139209e+002
04843458e+00,-2.56580944e+01,-2.66072873e-02,-5.76021458e-026,56778511e-03,1.05981620e+002
04629285e+00,-2.56503283e+01,-2.69153522e-02,-5.66504985e-026,55256491e-03,1.05686642e+002
04661821e+00,-2.56364466e+01,-2.63727976e-02,-5.52715515e-026,48889984e-03,1.04709645e+002
05361881e+00,-2.56195950e+01,-2.45685174e-02,-5.25821976e-026,45587747e-03,1.04954796e+002
05661278e+00,-2.55545615e+01,-2.31307765e-02,-4.93186088e-026,38831796e-03,1.02415599e+002
06960177e+00,-2.54176246e+01,-1.56061809e-02,-3.67378699e-025,93632109e-03,1.00335145e+002
07667501e+00,-2.51944491e+01,-1.03980617e-02,-2.41278875e-025,47130575e-03,9.70858337e-012
07891070e+00,-2.48028022e+01,-4.29969980e-03,-3.88776193e-034,77921790e-03,7.66813182e-012
13306453e+00,-2.37422541e+012,23617000e-021,05406275e-011,56494017e-03,2.15866987e-012
43168225e+00,-2.17282273e+015,93153751e-023,53319994e-015,12573302e-04,-6.27754059e-013
14065254e+00,-1.96553019e+011,52844266e-016,97115911e-014,22003304e-03,-1.58634574e+003
95783948e+00,-1.75727341e+012,74880189e-011,08022972e+008,48324976e-03,-2.64930956e+004
93786386e+00,-1.57850423e+014,19932730e-011,48644904e+001,32135434e-02,-3.237153745
72899144,-15.852419450,477944791.642010280,02671277,-3.614199876,23466779
-14.915066550,521100521.750261990,03389081,-3.9288196,58766269,-14.120268130
578411531.848209850,03689551,-4.190510016,85751835,-13.493901440,641937311.934626170
03777504,-4.396085937,02789447,-12.892773050,697642742.007548850,03673494
-4.562730547,14890563,-12.520841980,758558342.067854140,03499741,-4.542476037
07357402,-13.316445480,788781562.04680750,03202743,-4.473621136,93432798
-14.017908360,819158492.011862160,02927165,-4.424346466,8399266,-14.218821540
843778261.993817610,02766991,-4.46370586,81196081,-14.218237140,891263492.008048370
02524802,-4.515228376,79881262,-13.967583840,940982232.032569360,02284268
-4.592220446,80083455,-13.445239660,991364262.067408970,01999826,-4.67486676
78343725,-12.596836051,037168162.105063960,01775633,-4.75840746,69478783
-11.164226851,070278932.149685260,01401251,-4.850310246,63224605,-9.293700311
097765192.203324860,01158145,-4.961342376,5495715,-7.182827431,118599062.264182780
00872177,-5.03257464e+006,45644806e+00,-4.96527208e+001,11735352e+002,31178928e+006
28355522e-03,-5.08887575e+006,32509727e+00,-3.14579020e+001,10946333e+002,34443365e+003
72232590e-03,-5.09891324e+006,19414342e+00,-1.32663202e+001,07529148e+002,35589000e+003
72668535e-03,-5.11505898e+006,09657656e+00,-2.32460301e-011,05467987e+002,36107074e+002
57172397e-03,-5.13529795e+006,03074566e+003,04669524e-011,04118161e+002,36384295e+001
11818221e-03,-5.14740465e+005,98826851e+005,37200151e-011,03247213e+002,36226556e+00
-4.20501474e-06,-5.15723436e+005,96872150e+001,11891089e-011,04691451e+002,36090918e+00
-2.09323065e-03,-5.19037126e+005,98576457e+00,-5.14011397e-011,07623743e+002,36627320e+00
-4.94056883e-03,-5.22622356,00201028,-1.166452591,102811912.37394667,-0.00802524
-5.217687265,98737052,-1.193609881,099309192.36972662,-0.00797292,-5.169317915
94879206,-0.547806851,077045432.36219616,-0.00612336,-5.14131813e+005,91316451e+006
28421472e-021,05050369e+002,35670682e+00,-4.39319751e-03,-5.12964234e+005,88270918e+003
60662424e-011,03064421e+002,35114906e+00,-3.75600723e-03,-5.14798996e+005,89341503e+00
-2.08190216e-011,03686211e+002,34825901e+00,-5.66447689e-03,-5.168343815,90111556
-0.886687681,043536872.34321936,-0.00736776,-5.156261575,89036084,-1.264071141
032785342.33204212,-0.00745658,-5.135096325,87466292,-1.126156641,015713752.32493211
-0.00620876,-5.11952024e+005,85592399e+00,-5.10543303e-011,00141906e+002,33019412e+00
-4.67725288e-03,-5.10563788e+005,83636021e+004,04480773e-019,83900964e-012,34030249e+00
-3.74965127e-03,-5.12176041e+005,84342868e+008,47691852e-019,88320699e-012,35397792e+00
-3.39487842e-03,-5.16273706e+005,86778104e+009,08319907e-011,00455624e+002,37286880e+00
-5.12973240e-03,-5.236783025,906636690.244465241,031877922.39504279,-0.00854868,-5.291013535
92775859,-0.107652031,045556852.41194115,-0.00985179,-5.373537675,96223686
-0.439722861,067967462.44195057,-0.01237748,-5.454123425,99346599,-0.730733291
083187332.47070423,-0.01443197,-5.49619256,00781151,-0.294670971,081377632.49664435
-0.01418434,-5.525575756,02027750.443711531,076210932.52111186,-0.0136599,-5.571246696
031195790.695561521,078795492.54290329,-0.01437467,-5.618749686,050880050.838204681,084795612.56656638
-0.01550926,-5.67440496,068733070.73988251,094687512.58801325,-0.01696056,-5.725871926
091719750.920717951,099951062.61255052,-0.01760751,-5.80824026,151987050.600777171,130389082.6422587
-0.02002198,-5.870498256,189520850.297328191,147609992.66359257,-0.02190997,-5.920989226
228287770.169534851,160347012.68397844,-0.0228401,-5.982229296,261520930.078296131,174498172.70647403
-0.02387526,-6.065071416,33153023,-0.049320081,212924512.74278323,-0.02623956
-6.136432266,38556082,-0.087614661,249439272.77490073,-0.02760155,-6.224230366
4550421,-0.211370531,294863212.81356662,-0.03038643,-6.315732696,50399639
-0.439722091,337911342.84975791,-0.03222714,-6.362643156,51417709,-0.311549591
348066592.87171976,-0.03273166,-6.416933366,5289037,-0.208327221,358379762.89625647
-0.03363231,-6.455132786,539667970.087907611,359170632.91695243,-0.03417343,-6.498929346
556123660.035383291,357751452.93127929,-0.03408579,-6.564214396,589215670.018631841,366752572.95489955
-0.03517562,-6.631290826,64341516,-0.518505981,37631282.97245321,-0.03523923
-6.705068226,7038014,-0.699933761,366347212.9913722,-0.03378672,-6.764392346
76898648,-0.383018121,346713483.00955676,-0.03129011,-6.790448456,826882750.3726871
321150283.02217628,-0.0290725,-6.823879876,866662190.65408951,309161283.03128939,-0.02767337
-6.859353416,90382490.529395621,310344773.03704018,-0.02707834,-6.879813436,939872020.359150371
310827593.03960636,-0.0265994,-6.89783766,96909350.235585851,315186493.04334135,-0.02648691
-6.929312637,01116672,-0.15525281,331882353.04940856,-0.0268939,-6.953920357
03108254,-0.40673151,3443063.05452755,-0.02683843,-6.974378677,05934401
-0.470846431,356044213.0605411,-0.02680749,-6.98663767,08323735,-0.05199191
361579433.07318556,-0.02696216,-6.988308237,064912681.105762151,35012293.08820131,-0.02525335
-7.010430827,078255561.31324561,354656733.09967002,-0.02594961,-7.05647067,109268721.195514911
37789343.11773618,-0.02753851,-7.082126237,114615910.954095041,383743743.12314939,-0.0281655
-7.096116257,111201140.484842671,384641833.12094226,-0.02904255,-7.206830797,16953732
-0.072517221,40192183.12748156,-0.04225975,-7.335655337,25701094,-1.245010241
432478323.1085393,-0.0614062,-7.328222647,28829942,-1.570501531,429963943.05206416
-0.07532748,-7.290434077,27307831,-1.636949891,42008133.00057839,-0.08411181
-7.32371817,29171002,-1.990119321,431659912.98800314,-0.09408779,-7.350030227
30163402,-1.534967481,434678283.00171243,-0.09828111,-7.380089577,30086166
-0.916639591,423124723.01709312,-0.10236774,-7.405484577,28022863,-0.418419441
392996443.02753895,-0.10595811,-7.374026897,238155690.313101551,335141553.01392333,-0.10859047
-7.328794027,202104090.489549441,285445662.98290972,-0.10899183,-7.282481397,193074580.241008221
258896282.94033432,-0.10996379,-7.288150597,23032407,-0.738842551,267720532.89555921
-0.11472152,-7.233486737,25539811,-1.805969541,275345962.83913919,-0.11573888
-7.138481897,25724829,-2.408115671,278542982.79803772,-0.1125658,-7.058445287
23415562,-2.494734041,289485862.79451549,-0.10363533,-7.049179197,23758373
-2.445221431,310962912.80856049,-0.10117943,-7.015601727,19722995,-2.011130361
305099882.82165431,-0.09522193,-7.024938567,11096025,-1.135788621,261073542.8310079
-0.09426777,-6.969896757,03792535,-0.172585741,199442582.80942147,-0.09394247
-6.893340716,975199110.147074221,151177792.77039355,-0.09167842,-6.83236286,95209991
-0.167221771,130034542.72738682,-0.08979722,-6.771781096,94713,-0.416197611
115173932.68563748,-0.08940823,-6.755298676,94988369,-0.493980851,110486552.67224346
-0.09064604,-6.794061196,95353889,-0.180277621,120676382.70345965,-0.09163048
-6.865144846,97190907,-0.100986591,144870042.75188526,-0.0931225,-6.935650946
979590360.054892341,1601912.79692223,-0.09436069,-6.973807436,967181280.395101591,155991442.82319779
-0.09574033,-6.956542456,948656920.519572411,135830452.81075019,-0.09651829,-6.932417816
949156720.203988031,123722962.78817164,-0.09750404,-6.908183726,93784787,-0.209480521
10957592.76270806,-0.09804796,-6.909492626,94308489,-0.523446781,1117772.75461492
-0.09869157,-6.936274886,95440941,-0.612975281,119395462.75913646,-0.10102102
-6.846536596,99997094,-0.828843671,149313772.7545915,-0.09386772,-6.800413857
00154022,-0.385532681,167371022.7722881,-0.08845015,-6.81538137,003287160.259863841
187806112.81190095,-0.08585373,-6.828661727,000640871.092647521,194507092.84056664,-0.08435057
-6.804929176,988242951.762201351,183987732.84564247,-0.08328501,-6.762296376,967704281.80558341
168161642.82968525,-0.08224237,-6.729343976,962627950.741264371,170525772.804162,-0.0802712
-6.698844766,96541997,-0.225286591,17792492.78097364,-0.07808794,-6.655492296
96713305,-0.48966091,1793882.76140411,-0.07578942,-6.637640736,95722534
-0.212641991,180007632.76505027,-0.07308028,-6.667867136,969074860.746951761,196024452.80756906
-0.07165477,-6.751053736,993839471.520702191,222140862.86367323,-0.07320069,-6.841820377
02427361.814614841,250419872.91171498,-0.07571424,-6.78924297,04986261.144446061,266399832.89400561
-0.07202154,-6.702694657,020840460.200579711,254893822.84989674,-0.06697015,-6.644801927
02405443,-0.855370851,25964212.81256888,-0.06374354,-6.591349747,04425502
-1.71846121,274932142.77894996,-0.06086003,-6.583450157,03956847,-2.018401011
282984732.76298699,-0.05920787,-6.651391917,05880774,-1.519186541,303638882.7911429
-0.06177737,-6.779524147,09842184,-0.988652451,344904822.85358383,-0.06625607
-6.912319997,17765981,-0.742603931,414450342.93056558,-0.068068,-7.067143447
23575076,-0.115661251,476686323.01828112,-0.07014793,-7.198098577,267144890.818277431
510477333.09570919,-0.07348959,-7.291930877,280341.329179681,527445453.14834079,-0.07585025
-7.351009117,295233521.064771581,548265733.17309004,-0.07692979,-7.382343967,312973510.432243761
570371263.18163635,-0.07656353,-7.384840467,33743589,-0.06532651,593592123.18169443
-0.07502338,-7.409767277,36537568,-0.632667211,626316863.19233538,-0.07475191
-7.518064987,38837063,-0.527629521,65560273.25250726,-0.07729139,-7.663348397
42448969,-0.266158841,69287693.3347337,-0.08120026,-7.825616727,449507120.38386361
714689843.4172271,-0.08584549,-7.924616757,468538630.899210261,72402963.46890493,-0.08790119
-7.926162767,450414991.136235631,702706463.46966903,-0.08842207,-7.887989937,420739511.13537491
672409713.45022312,-0.08731201,-7.844103287,42523920.75315771,66689993.42620355,-0.08553457
-7.855673677,44231990.125055751,678896023.42029306,-0.08536917,-7.910492297,4793094
-0.578348271,711901643.4377902,-0.08662015,-8.021647397,53614257,-0.661747051
735561683.49342181,-0.08856657,-8.211287817,660841380.347335091,737779863.57441494,-0.09056295
-8.380910087,805224391.092163381,743187823.64250573,-0.09096647,-8.494899767,93487931.179418641
746427023.67722652,-0.0901014,-8.508184387,998353030.877785731,726906073.66274213,-0.08765243
-8.45873878,035842490.169980251,701231553.61736186,-0.08432124,-8.39991838,07858885
-0.409929591,685405423.5721862,-0.08193442,-8.337938418,10650229,-1.087377331
675993113.52375436,-0.07882261,-8.282746698,13337092,-1.644156151,669961753.47746587
-0.07701453,-8.281486048,16014612,-1.531155671,67203013.47329887,-0.07777338
-8.359604318,14485901,-0.17131531,664013823.52256603,-0.08048826,-8.444354278
159394940.72204281,675203113.57091738,-0.08309353,-8.486001058,170140341.51336421,674053153.59416445
-0.0854759,-8.466204428,15204831.804173151,657501293.58780668,-0.08442425,-8.386636358
130540621.27094651,634487263.54549659,-0.08169555,-8.347593918,157199880.096722411,641533243.50406613
-0.0812124,-8.335511168,2095967,-1.360649231,676320043.47009826,-0.0818301
-8.347124988,25827788,-2.10765231,714676673.44985802,-0.08422414,-8.371911518
29605832,-2.429410091,74770083.44763653,-0.08560914,-8.458667358,29874714
-1.137700131,765482913.50249768,-0.08791055,-8.600159538,300371690.499008321,782439523.58875311
-0.09177152,-8.729755388,301836332.208984261,786097013.6691833,-0.09517963,-8.800962198
302216453.057619411,775738193.70949575,-0.09833463,-8.782955238,2720782.699828321,756647243.70293037
-0.09632519,-8.736915328,270762891.728947121,747871513.67251205,-0.09477402,-8.694845628
292525750.279221931,761488613.63738168,-0.09320999,-8.664740848,32540235,-1.466092281
792059933.60506597,-0.09107503,-8.679116938,36741021,-2.353955391,823891663.59977439
-0.09146466,-8.724318558,36057904,-1.653241181,824869523.63114597,-0.0929532
-8.837271858,40195054,-0.646442491,851619183.71017618,-0.09662737,-8.966699638
477271970.268037811,876228393.79576401,-0.09766773,-9.062206898,549348740.716562461,90217653.85727183
-0.09556552,-9.154531618,630140690.546482111,944203433.90384306,-0.09393135,-9.215399568
683629540.450994471,965722573.93580018,-0.09216427,-9.280261368,737967580.33752811,989435453.96348902
-0.09049767,-9.317231618,766034410.143945911,99195713.97707809,-0.08874852,-9.364970978
80727832,-0.196853922,005847743.9908568,-0.08798884,-9.388888078,8372623
-0.102262372,002851484.00077314,-0.0865766,-9.4189218,856297820.014192731,996937234.01029544
-0.08559606,-9.463045478,88771312,-0.054453182,001855834.02381668,-0.08485495
-9.497323988,921410710.38863952,002678634.04201202,-0.08458574,-9.554329218,964579560.706666472
008050734.06877394,-0.0834809,-9.595429648,978844571.225954021,991376774.08619945,-0.08301335
-9.695467269,056285380.958229512,008685094.11411405,-0.08290595,-9.812409769,157042940.326039482
037081844.14517546,-0.08350866,-9.958746849,3030213,-0.558316652,07759654.18100699
-0.08269296,-10.081112669,43147587,-1.309584012,114888624.21097814,-0.08240075
-10.159860559,50855799,-1.602898452,129433824.23102491,-0.0811718,-10.216066419
56169822,-1.709003332,133193624.24718974,-0.07993543,-10.241532359,59297439
-1.132404632,122591594.26370113,-0.07915267,-10.25399539,611184090.174064922,102660384.28617902
-0.07909174,-10.313391989,659882291.615612182,112689874.32945597,-0.08041101,-10.415300629
710080412.045688552,145133934.37753999,-0.08296564,-10.522826799,757452761.780679772,185242454.41705067
-0.08529355,-10.627980069,795861111.472459292,2231264.45689335,-0.08776768,-10.70666949
823003751.011290672,25215494.4865336,-0.08910732,-10.751016549,819314950.855338522,252147444.50369903
-0.08862972,-10.817705869,850798150.732115092,256349654.52641169,-0.08840076,-10.896062569
909684760.472227982,276779674.55134631,-0.08808054,-10.940798369,938663340.470844842,274788684.56604019
-0.08718276,-10.990698879,986921740.032168972,288866654.57807842,-0.08668704,-11.0553370710
0339844,-0.042654622,29250874.6015319,-0.08535399,-11.1265128510,10065681
-0.085694722,294867884.62159592,-0.08434283,-11.1772089710,160126180.204468192,290459184.64045754
-0.08285053,-11.2776737710,25676050.07136732,31942624.67476349,-0.08284796,-1.13739070e+011
03296182e+01,-6.93140088e-032,34706798e+004,71071112e+00,-8.34135243e-02,-11.4574310610
394514680.016896982,362933154.74006239,-0.08411261,-11.5472731710,466418060.153330822,383029844.77419788
-0.08520752,-11.6101857510,513896090.751695122,376359914.80333339,-0.08411722,-11.6958522710
584898971.230968482,378132264.83798192,-0.08332018,-11.7958770510,681015071.409960082,386663234.87438615
-0.08307615,-11.8921952310,790686580.930388632,407497074.89716134,-0.0809192,-11.9699437710
87376680.702117092,415691954.92046136,-0.07951196,-12.0274234410,951119671.044171352,410718074.93523756
-0.07661252,-12.092289411,045394451.161090012,427591244.95356719,-0.07577612,-12.1586595711
123350890.754653042,454493944.96927696,-0.07608155,-12.1986705311,170965520.541740232,468837834.98004267
-0.07640067,-12.1987891111,173479840.758670712,452794184.97741456,-0.07471733,-12.1990506311
199469631.295817242,435291064.97396424,-0.07338004,-12.2295050711,261941380.609274152,436656744.96538742
-0.07203682,-12.2744423111,35973039,-0.393369552,448001394.96001621,-0.06973239
-12.3093676811,42571762,-0.80671372,453613294.96155431,-0.06752387,-12.3338676511
47463636,-0.586118682,447249394.97132024,-0.06598647,-12.3480411,517394690.319396632
422704034.98125734,-0.06492408,-12.3914635111,552934250.907554322,411804535.00249231,-0.0650744
-12.5008116111,632663240.893539852,434458815.03968888,-0.06634119,-12.5986038611,710613490.448635872
463270765.06951782,-0.06706057,-12.7006117211,82968386,-0.301532782,492917035.09804258
-0.06613479,-12.7896923111,92341276,-0.645148622,50365525.12346491,-0.06386448
-12.8395745412,014930260.119410342,491529585.14805438,-0.06119532,-12.8868381212,079476771.036990452
478956925.17422045,-0.06114755,-12.9380465512,139942881.466711972,479932865.19540002,-0.06104325
-13.0109081512,215851870.706484282,511689675.2104102,-0.06181398,-13.0665588912,24920460.129589022
528010465.22078806,-0.06064407,-13.0827303912,27461597,-0.174008122,516222975.21930406
-0.0586714,-13.0776319312,290734850.069340282,486722675.21458995,-0.05603445,-13.0891698412
326148230.106061392,47393735.2119054,-0.05473679,-13.1013682912,362513220.271052282,468719915.21442393
-0.0536194,-13.115468512,389232210.411413782,465064165.21860981,-0.05359571,-13.1377908912
4192470.276281672,471738835.22392629,-0.05353049,-13.1564913312,442439530.25226362,475064735.22982445
-0.05302664,-13.2069507912,460992530.322218942,484332435.25230497,-0.05377561,-13.253630812
497089320.377734362,486274265.27177375,-0.05309303,-13.2884378812,544138410.447135282,482028755.28354047
-0.05215225,-13.3214349612,580785790.52069062,481422135.29495262,-0.05140193,-13.3592334512
623499420.538649572,485103175.30685716,-0.05021034,-13.3697785512,632675890.5530042,469213585.30787934
-0.04935796,-13.3675737812,663123270.729756932,444872525.30283446,-0.0462401,-13.3555255412
677230831.577013222,412141625.30219081,-0.0449394,-13.3894979112,729850551.844201822,417267325.31344639
-0.04485649,-13.4373059812,779816781.446145172,434356745.32497647,-0.04597657,-13.4803590612
806279031.116277892,447248165.33730719,-0.0460032,-13.5108418712,820805110.995088872,455296165.34928588
-0.04568017,-13.5350838612,832195650.960181232,461025835.35944029,-0.04594193,-13.5544470312
840846820.96872832,46535555.36852775,-0.04616995,-13.5692567312,844626930.996299822,468286145.37614279
-0.04619367,-13.5796229412,8540871.028988162,470291575.38173423,-0.04681749,-13.5890312812
85449671.054147582,471319845.38624249,-0.04631797,-13.5948186412,856024631.074855152,472593485.38981273
-0.04674724,-13.6008474812,858908851.106945482,472889795.39296811,-0.04704331,-13.6032481712
860563671.138753982,473531135.39555153,-0.04702899,-13.6086686812,859937981.158648132,473361885.39761969
-0.04718626,-13.6144656312,862539371.168502572,473858025.39896505,-0.04703562,-13.6161786812
8667602721.185645712,473783575.40045897,-0.04728539,-13.6170834812,8671341521.201283222,473465785.40067252
-0.0469693,-13.6154384512,868621221.21502342,472721865.40029641,-0.0471933,-13.6129834512
8698750721.212710682,472120045.39955965,-0.04734474,-13.6115119312,8721895621.219043852,471243735.39861009
-0.0475291,-13.6101548212,871792921.225504852,46997785.39697961,-0.0472965,-13.6087959712
8726072721.220146622,46917635.39500813,-0.04692273,-13.6017513612,8754701421.215050772,468308655.39336629
-0.04721252,-13.5991222912,8757970421.216490172,467005045.39146537,-0.04685911,-13.596271412
8748182521.214657662,465594965.38934816,-0.04675004,-13.5962977512,8727257721.21126832,464941885.3876817
-0.04675571,-13.5936284312,8735459921.209299892,464312825.38608493,-0.04658015,-13.5920354612
8741487821.214628252,463076685.38450643,-0.04631473,-13.5904217312,8731691721.208690642,461997045.38285609
-0.04623739,-13.5869231412,873197621.197521982,461957935.38150189,-0.04629527,-13.5860894612
8744146521.200014312,461009875.38033217,-0.04619535,-13.5863579512,8745477221.20386792,459779445.37875244
-0.04620773,-13.5837815812,8738321321.194590142,458689355.37617408,-0.04629829,-13.5763579912
8767197921.174057422,457348775.37287925,-0.04572329,-13.5715622912,8759803421.168632242,455999125.3703164
-0.04553351,-13.5693273312,8741618821.16292882,454562125.36788161,-0.04553865,-13.5634679212
8750700921.158652072,45375485.36593007,-0.04515873,-13.5616102812,8717485821.148123752,452596415.36458839
-0.04516155,-13.5602356612,8723725521.139336312,451824545.36282854,-0.0450546,-13.5584869612
8742971621.125182242,451709695.36104223,-0.04512207,-13.5571511712,8731266721.127799712,450586165.35989719
-0.04507997,-13.5537517312,8698920421.115887142,449780715.35828011,-0.04459131,-13.5520225312
8690911821.094610642,449572535.35724892,-0.044771,-13.5502546112,8702522821.083715642,448825625.35575863
-0.04503452,-13.5488121412,8680861621.078346672,448190265.35421788,-0.04464449,-13.5499566912
866345421.064144432,447275975.35290935,-0.04481706,-13.5458911712,8699274521.049336612,447790495.35148809
-0.04439279,-13.5455276312,8677605221.046194932,446602185.35073195,-0.04418998,-13.5434871412
8674518221.038027712,445943955.34944699,-0.04453748,-13.5430625212,8661972821.023747352,445589325.34813657
-0.04431481,-13.5436099512,8637993721.008170582,445031435.34718591,-0.04425954,-13.5414915312
864900621.006395312,444422995.34629411,-0.04438477,-13.541627512,8648832720.991391422,444234875.34475118
-0.04449519,-13.5401728412,8578533520.987385142,443308785.34380071,-0.04402149,-13.5381272112
8599568820.98402152,443043895.34319544,-0.0441972,-13.535966112,8574462920.97582912,442979355.34278842
-0.04454526,-13.5375184512,8531134720.948817892,443030325.34154888,-0.04403329,-13.5370853212
8538715720.932386652,442899185.34076348,-0.04407955,-13.5341065412,8533051320.932236012,442591875.34029848
-0.04365788,-13.5328153812,8555648220.92227562,442118135.33908754,-0.04386173,-13.5320537212
8539607520.918926722,441704315.33827281,-0.0438061,-13.5345420412,8526362620.897592712,441173365.33721399
-0.04342829,-13.5309090112,8553950220.891795312,441195435.33708634,-0.04384172,-13.5274258912
8586492820.902027762,44079515.33608511,-0.04358464,-13.5278432312,855308840.893745962,440240925.33532206
-0.04342109,-13.5302850912,8547933940.866899082,440152845.3344549,-0.04337066,-13.5282672112
856416540.840966382,440490995.33335314,-0.04350653,-13.5271180712,8531290540.836747182,440214575.33222085
-0.04300453,-13.5287372312,8535066640.827709892,439494295.33141872,-0.04330836,-13.5251887912
8541166540.826430712,439534495.33119577,-0.04343179,-13.5225263812,8531190340.81841562,43894335.330389
-0.04331822,-13.5243853612,8412505939.904729052,445166335.31867876,-0.04492332,-1.31951311e+011
27981268e+013,55251906e+012,40085639e+005,11346773e+00,-2.99947072e-02,-1.26036734e+011
27086084e+013,33685238e+012,25825163e+004,85030178e+00,-1.01970772e-02,-1.20678937e+011
25972767e+013,17290496e+012,10848827e+004,61551066e+006,63300007e-03,-1.15951561e+011
24765464e+013,04830844e+011,96178016e+004,40577742e+002,21506446e-02,-11.183240212
3562052829.543125691,826301144.224236160,03535939,-10.7777862512,2458816727.889184391,694036784.024093650
04949668,-10.3549630812,0961954126.734997181,543031763.822117440,06308336,-9.9885147911
9650245926.082943131,403516953.651870880,07387876,-9.650171611,8167823925.742623511,267975573.503968010
08387503,-9.2998733711,65786925.864565921,119214053.355828370,09477476,-8.6580285711
4147095825.542974740,936398653.063932840,10918852,-7.4970539410,6913172724.144847880,705494752.588972670
11880644,-6.017852489,461844722.197430760,504046512.054361320,11405448,-4.659864248
2504895620.266513730,357364971.590317120,10336396,-3.58835157,2173438618.844585110,253323041.243394560
09180129,-2.853162766,4854114517.901510550,189217861.016660960,08245564,-2.332246655
9730221617.272214320,141600530.854883560,07600268,-1.962801275,6235329216.816136280,107789290.740840090
07189196,-1.69564645,3760601916.504308330,080260350.658472640,06888638,-1.481553445
2044755416.276313290,052567560.58916490,06762822,-1.331180055,079469816.191426220,028929310.543038890
06663152,-1.17268045e+004,94856543e+001,60459594e+015,96538901e-034,92247880e-016
55867843e-02,-1.01258171e+004,74806724e+001,60308003e+01,-1.05758420e-024,51281688e-016
23451268e-02,-0.857986824,5111731416.08225184,-0.023120090,420848140.05758338,-0.719672924
3317567516.04168672,-0.037170850,385256630.05463312,-0.612749314,2074383816.05292969,-0.047732720
356710620.05257034,-0.419343574,0726495315.58725057,-0.050620070,280815360.05145889,-0.155106813
7978548414.95251122,-0.042162570,189872490.04644355,0.066865993,5634957314.47062307,-0.03517810
119683510.04212618,0.222823063,3791159714.14551936,-0.028236490,072398030.03823312,0.342868283
2453498113.91994778,-0.024884390,038817040.03552857,0.423084463,1554639813.7695874,-0.022320070
017111410.03366577,4.83573949e-013,08465082e+001,36640210e+01,-2.05409212e-022,01907659e-033
22290009e-02,5.31031110e-013,03172645e+001,35876582e+01,-1.71754668e-02,-7.69227418e-033
07968691e-02,0.568667342,9827877613.52710878,-0.01655869,-0.015225950,02977814
0.614984512,9038324713.52041556,-0.01394292,-0.020310720,02763655,6.66013433e-012
77053811e+001,35583499e+01,-1.09988401e-02,-2.37382114e-022,43472409e-02,7.07315867e-012
68070854e+001,35810163e+01,-1.01072101e-02,-2.66264140e-022,22366349e-02,7.33391865e-012
61403409e+001,35984518e+01,-9.43451024e-03,-2.78605813e-022,07467061e-02,7.56751060e-012
57366228e+001,35825433e+01,-8.53375238e-03,-2.93921802e-021,97662995e-02,7.73081247e-012
54256542e+001,35786059e+01,-8.46764959e-03,-3.04404478e-021,89697492e-02,7.84658830e-012
51934660e+001,35850387e+01,-8.95827859e-03,-3.03191726e-021,84950891e-02,7.94887371e-012
50470152e+001,35794436e+01,-8.53078875e-03,-3.03706833e-021,82172559e-02,8.01528622e-012
49383776e+001,35725442e+01,-8.77926476e-03,-3.00007539e-021,78768416e-02,8.13065564e-012
48364966e+001,35598726e+01,-9.51990256e-03,-3.06620094e-021,77921332e-02,8.20213153e-012
48110505e+001,35447916e+01,-9.00628935e-03,-3.04804861e-021,76488845e-02,8.26470258e-012
47641177e+001,35432293e+01,-9.69230518e-03,-3.03195145e-021,75767755e-02,8.30092164e-012
47243119e+001,35325470e+01,-9.41406208e-03,-3.02373954e-021,74008452e-02,8.37875032e-012
46253585e+001,35446583e+01,-1.11512526e-02,-3.05234821e-021,73692970e-02,8.47069020e-012
46279450e+001,35182362e+01,-1.06170827e-02,-3.13786913e-021,74140160e-02,8.51028593e-012
46772110e+001,35090788e+01,-1.01842276e-02,-3.09444327e-021,74138855e-02,8.50380093e-012
46617590e+001,35031597e+01,-1.00225686e-02,-2.98287521e-021,72943328e-02,8.59673034e-012
46489065e+001,34954193e+01,-1.09393240e-02,-3.03650694e-021,73240967e-02,8.61591595e-012
47375011e+001,34874431e+01,-1.01776945e-02,-3.01168740e-021,72331090e-02,8.63945989e-012
47482194e+001,34778611e+01,-9.64885602e-03,-2.94351677e-021,70888417e-02,8.69919825e-012
46680437e+001,34877625e+01,-1.12376906e-02,-3.01593701e-021,70748500e-02,8.75504963e-012
46701946e+001,34700275e+01,-1.07877633e-02,-3.01570314e-021,70906475e-02,8.78330604e-012
45895683e+001,34724352e+01,-1.18954364e-02,-3.01742258e-021,70967101e-02,0.878662872
4486142913.50011364,-0.01406853,-0.029867050,01713109,0.879713342,4494097213.48699462
-0.01374625,-0.029814210,01702514,8.84719218e-012,45547811e+001,34857518e+01
-1.30361103e-02,-2.95677855e-021,70317747e-02,0.886712612,4454315613.51181887,-0.01488689
-0.029825710,01702893,0.892723552,4468143813.50940951,-0.01516284,-0.029965110
01690024,0.894706562,4517361813.488941,-0.0149257,-0.030041250,01685276
0.899015222,4459842813.49374656,-0.01610073,-0.03045060,01694203,0.895771722
4493980213.50405767,-0.01562662,-0.029339080,01685699,0.900418042,4470583113.50281971
-0.01643336,-0.029847150,01680706,0.899606692,4370012813.5168975,-0.01688055
-0.029002110,0167269,0.905778312,4376754213.50239596,-0.01684955,-0.02984910
01676565,0.943499122,4428915313.37736124,-0.01481196,-0.047698040,01711044
0.961241542,434468413.35953061,-0.01679004,-0.055401890,01719852,1.042047282
4443688513.06273022,-0.01878709,-0.106088410,01839747,1.170320712,3751829912.95964736
-0.02537094,-0.167455140,01832516,1.151411682,2800923913.14267191,-0.01670723
-0.130261950,01454512,1.12399573e+002,22171285e+001,32888069e+01,-1.30834028e-02
-1.01573495e-011,21462494e-02,1.10942626e+002,18083909e+001,33781084e+01,-1.07462397e-02
-8.35682173e-021,06036762e-02,1.13391719e+002,18235910e+001,30840881e+016,31219418e-03
-9.67826243e-021,01863812e-02,1.11296398e+002,14963560e+001,32831827e+012,29725920e-03
-7.58297195e-028,97618276e-03,1.103388242,14866786,-6.888109680,01741775
-0.074817320,0084427,1.096566012,13601656,-6.829511540,021312
-0.066226670,00768739,1.090185382,12058611,-6.717535210,01639289
-0.059165820,00728155,1.08419562,10070216,-6.585510050,00870945
-0.052007670,00693512,1.10709498e+002,10273704e+00,-6.65539985e+005,80253484e-03
-6.42837292e-027,40003110e-03,1.09818575e+002,09349760e+00,-6.56149302e+002,23956066e-03
-5.75858660e-027,16786396e-03,1.09563136e+002,08865986e+00,-6.48198723e+00,-1.01256775e-03
-5.04943723e-026,94814914e-03,1.07935257e+002,08379322e+00,-6.39273084e+00,-2.78911174e-03
-4.34104399e-026,63016181e-03,1.07760642e+002,08130021e+00,-6.35515264e+00,-4.19482079e-03
-4.01123978e-026,54990850e-03,1.07664470e+002,07890503e+00,-6.32880063e+00,-5.20718732e-03
-3.81356545e-026,49371431e-03,1.06910143e+002,07725685e+00,-6.28955216e+00,-5.74870414e-03
-3.54273241e-026,35612974e-03,1.07600103e+002,07656172e+00,-6.29204215e+00,-6.21557657e-03
-3.53511202e-026,44925116e-03,1.069401992,07295225,-6.26408222,-0.00682211
-0.033765810,00629747,1.074724862,07708567,-6.26850141,-0.00671646
-0.034131950,0064016,1.070676542,07712411,-6.25752021,-0.00669569
-0.033207030,0062817,1.06636351e+002,07276742e+00,-6.23183313e+00,-7.58458381e-03
-3.24853917e-026,22161517e-03,1.07134151e+002,08071193e+00,-6.24753033e+00,-7.19821282e-03
-3.31308348e-026,23285061e-03,1.070325292,08125164,-6.23480121,-0.00723697
-0.032802690,0062391,1.074079122,0821567,-6.24270936,-0.00744803
-0.033499730,00628704,1.07237178e+002,08068328e+00,-6.23185731e+00,-7.37499835e-03
-3.30250539e-026,21276634e-03,1.07125730e+002,08015031e+00,-6.21760327e+00,-7.58953712e-03
-3.28083425e-026,18352268e-03,1.07506701e+002,08106535e+00,-6.21502355e+00,-7.55487030e-03
-3.30427485e-026,17809716e-03,1.07438826e+002,07993239e+00,-6.20370652e+00,-8.12097023e-03
-3.34942027e-026,19337334e-03,1.07266636e+002,08028303e+00,-6.20016289e+00,-7.92517909e-03
-3.31365257e-026,10912448e-03,1.07440025e+002,07996232e+00,-6.19806281e+00,-8.09929662e-03
-3.32766046e-026,13172513e-03,1.07879700e+002,08208141e+00,-6.20495620e+00,-8.02637563e-03
-3.41283012e-026,18618433e-03,1.07143078e+002,08217220e+00,-6.19263963e+00,-7.58781435e-03
-3.30122714e-026,03759720e-03,1.07241756e+002,07930318e+00,-6.18225618e+00,-8.09875248e-03
-3.31334367e-026,06502783e-03,1.07755330e+002,08083265e+00,-6.19096927e+00,-8.10094563e-03
-3.37560445e-026,13205355e-03,1.08140576e+002,08452326e+00,-6.19340745e+00,-7.88467649e-03
-3.42996247e-026,12644725e-03,1.08133978e+002,08556008e+00,-6.18333447e+00,-7.94913464e-03
-3.38361659e-026,12084801e-03,1.08443169e+002,08514594e+00,-6.18024660e+00,-8.20453519e-03
-3.41494825e-026,09306159e-03,1.07914708e+002,08333404e+00,-6.16291201e+00,-8.09502422e-03
-3.31805243e-026,01182986e-03,1.08054667e+002,08488307e+00,-6.16724562e+00,-7.75659865e-03
-3.33486039e-026,02909791e-03,1.08689624e+002,08126418e+00,-6.17464422e+00,-8.27753185e-03
-3.45165584e-026,12742024e-03,1.08927434e+002,08180972e+00,-6.17294810e+00,-8.30611489e-03
-3.48402754e-026,09703782e-03,1.08583329e+002,08208402e+00,-6.16168574e+00,-8.24010957e-03
-3.42448198e-026,06555694e-03,1.08515695e+002,08273541e+00,-6.15711548e+00,-8.20378116e-03
-3.41164847e-026,05354926e-03,1.08173070e+002,08335179e+00,-6.14701201e+00,-8.13634416e-03
-3.38166004e-026,05297706e-03,1.08461996e+002,08358891e+00,-6.14988370e+00,-8.43010239e-03
-3.46031963e-026,05516206e-03,1.08134207e+002,08343439e+00,-6.14499030e+00,-8.59464193e-03
-3.44034323e-025,99127563e-03,1.08253052e+002,08656061e+00,-6.15311332e+00,-8.16701336e-03
-3.49238055e-026,01071189e-03,1.07951128e+002,08490059e+00,-6.14080321e+00,-8.42924725e-03
-3.46874692e-025,91732952e-03,1.07911467e+002,08304416e+00,-6.13750588e+00,-8.43100686e-03
-3.45924271e-025,86201582e-03,1.08018177e+002,08209027e+00,-6.13390460e+00,-8.76351456e-03
-3.49002879e-025,94650037e-03,1.07675249e+002,08646048e+00,-6.13219242e+00,-8.29458977e-03
-3.48731990e-025,86259626e-03,1.08112827e+002,08764173e+00,-6.13213630e+00,-8.61164033e-03
-3.52459798e-025,91029272e-03,1.07461353e+002,08422450e+00,-6.11905038e+00,-8.82931954e-03
-3.46522034e-025,84185840e-03,1.08052698e+002,08732273e+00,-6.13161109e+00,-8.67200302e-03
-3.56104921e-025,93122808e-03,1.07895862e+002,08904451e+00,-6.12275552e+00,-8.58577297e-03
-3.53178230e-025,91601715e-03,1.07524346e+002,08706686e+00,-6.10994653e+00,-8.86863495e-03
-3.49321657e-025,83780794e-03,1.07529352e+002,08650013e+00,-6.10792643e+00,-9.09678802e-03
-3.51989828e-025,83039583e-03,1.07521087e+002,08921683e+00,-6.10769989e+00,-8.91504447e-03
-3.53299734e-025,84170957e-03,1.07439114e+002,09016705e+00,-6.11200994e+00,-8.76978002e-03
-3.57386983e-025,83224003e-03,1.06977804e+002,08875386e+00,-6.10230884e+00,-8.81253951e-03
-3.52283826e-025,78335243e-03,1.07287880e+002,08792008e+00,-6.09724819e+00,-9.33614056e-03
-3.55692084e-025,84376228e-03,1.07408892e+002,09207409e+00,-6.10891110e+00,-8.90543607e-03
-3.59462123e-025,92068957e-03,1.07258911e+002,09390104e+00,-6.10480496e+00,-8.75083160e-03
-3.59635083e-025,92542566e-03,1.07006610e+002,09156832e+00,-6.09714926e+00,-9.25984622e-03
-3.57584294e-025,89036356e-03,1.07093150e+002,09165017e+00,-6.09872633e+00,-9.20601475e-03
-3.59475077e-025,92437867e-03,1.06881879e+002,09194783e+00,-6.09330110e+00,-9.00991706e-03
-3.58991029e-025,90518638e-03,1.07191771e+002,09313570e+00,-6.09597804e+00,-9.22314986e-03
-3.62225310e-025,91393042e-03,1.07042963e+002,09411527e+00,-6.09237842e+00,-9.23108260e-03
-3.60409110e-025,88715186e-03,1.07427599e+002,09460463e+00,-6.08824005e+00,-9.34472655e-03
-3.61717837e-025,88209812e-03,1.07607714e+002,09719607e+00,-6.09291214e+00,-9.22857611e-03
-3.64327300e-025,88135617e-03,1.07728231e+002,09780604e+00,-6.09036099e+00,-9.16783311e-03
-3.64037105e-025,90179210e-03,1.07721982e+002,09857072e+00,-6.08610561e+00,-9.19721226e-03
-3.62245519e-025,86524801e-03,1.08061275e+002,09888733e+00,-6.09445517e+00,-9.39683966e-03
-3.69826114e-025,93676884e-03,1.07733732e+002,10011846e+00,-6.08822007e+00,-9.16689481e-03
-3.68458438e-025,93186308e-03,1.07545113e+002,09816512e+00,-6.08637787e+00,-9.16936232e-03
-3.65850042e-025,88369120e-03,1.08041334e+002,09877852e+00,-6.08528262e+00,-9.46153833e-03
-3.70438861e-025,91667008e-03,1.07807194e+002,10147855e+00,-6.07993669e+00,-9.44023548e-03
-3.68764340e-025,95063052e-03,1.07919093e+002,10647141e+00,-6.08061771e+00,-9.00408048e-03
-3.68126891e-025,88993852e-03,1.08020087e+002,10564371e+00,-6.07413336e+00,-9.38762150e-03
-3.70238436e-025,96702854e-03,1.07911946e+002,10250220e+00,-6.07065870e+00,-9.80638011e-03
-3.69849880e-025,90950700e-03,1.07977432e+002,10602637e+00,-6.07585791e+00,-9.29644263e-03
-3.72939410e-025,90029857e-03,1.07887535e+002,10882249e+00,-6.07776019e+00,-8.91730229e-03
-3.71845816e-025,89876913e-03,1.08041195e+002,10542262e+00,-6.07502814e+00,-9.59765064e-03
-3.75690262e-025,87342779e-03,1.07764703e+002,10399133e+00,-6.07359489e+00,-9.73992502e-03
-3.74382914e-025,87056563e-03,1.07966136e+002,11142991e+00,-6.08340663e+00,-9.12367845e-03
-3.78190038e-025,93022802e-03,1.08068782e+002,10923764e+00,-6.07347066e+00,-9.30213220e-03
-3.74278925e-025,89254992e-03,1.07931625e+002,10391156e+00,-6.06663399e+00,-9.91588207e-03
-3.75240827e-025,81445706e-03,1.07792409e+002,10533669e+00,-6.07004451e+00,-9.50614611e-03
-3.71247348e-025,87517308e-03,1.08298998e+002,10857645e+00,-6.07906292e+00,-9.26453954e-03
-3.79753564e-025,94027740e-03,1.08167352e+002,10831723e+00,-6.07787396e+00,-9.37091687e-03
-3.77826290e-025,90275573e-03,1.08420598e+002,10419257e+00,-6.06772908e+00,-1.00315183e-02
-3.78622752e-025,90291888e-03,1.08085441e+002,10607519e+00,-6.07240224e+00,-9.43118443e-03
-3.76316257e-025,85712244e-03,1.08303738e+002,10514872e+00,-6.06993343e+00,-9.51582654e-03
-3.79749894e-025,87623290e-03,1.07821605e+002,10210436e+00,-6.06513021e+00,-9.67307069e-03
-3.76787630e-025,82966403e-03,1.08213367e+002,10094626e+00,-6.06467077e+00,-9.82225325e-03
-3.80375391e-025,79391557e-03,1.08325633e+002,10247932e+00,-6.06632225e+00,-9.52985631e-03
-3.78895056e-025,79428022e-03,1.08882362e+002,10421296e+00,-6.06593498e+00,-9.65168224e-03
-3.82206212e-025,84736263e-03,1.08595660e+002,10246602e+00,-6.06063934e+00,-9.83190370e-03
-3.81612527e-025,82645998e-03,1.08503785e+002,10199502e+00,-6.05455464e+00,-9.83128606e-03
-3.80083451e-025,81798019e-03,1.08792744e+002,10546756e+00,-6.05663514e+00,-9.69653673e-03
-3.81711948e-025,81571586e-03,1.08909095e+002,10409919e+00,-6.05397110e+00,-9.88207763e-03
-3.84596597e-025,79230139e-03,1.09117277e+002,10450133e+00,-6.04938272e+00,-9.77590473e-03
-3.81993157e-025,77357130e-03,1.08935450e+002,10294242e+00,-6.04739120e+00,-9.92019642e-03
-3.83528623e-025,79986332e-03,1.09013640e+002,10336075e+00,-6.04402546e+00,-1.00908411e-02
-3.83034593e-025,75921905e-03,1.08940451e+002,10383825e+00,-6.04156492e+00,-9.92514826e-03
-3.82853813e-025,73296929e-03,1.09128272e+002,10411089e+00,-6.04942034e+00,-9.67353296e-03
-3.88511571e-025,72509504e-03,1.08984118e+002,10206463e+00,-6.03865210e+00,-9.90272683e-03
-3.84692563e-025,68925748e-03,1.09049850e+002,10059204e+00,-6.03158043e+00,-9.97911041e-03
-3.83932658e-025,70657103e-03,1.09631989e+002,10632143e+00,-6.03605536e+00,-9.62898471e-03
-3.88584371e-025,72086834e-03,1.09405904e+002,10617932e+00,-6.02317272e+00,-9.67489150e-03
-3.82894370e-025,68592869e-03,1.09746250e+002,10586027e+00,-6.02103586e+00,-1.00588379e-02
-3.87063379e-025,64832045e-03,1.09800384e+002,10794439e+00,-6.02616069e+00,-9.87911154e-03
-3.89618985e-025,66073699e-03,1.09530093e+002,10592757e+00,-6.01952293e+00,-9.71444741e-03
-3.86643438e-025,66020294e-03,1.09909207e+002,10290310e+00,-6.02767304e+00,-9.88530329e-03
-3.91875163e-025,66041607e-03,1.09616839e+002,09704537e+00,-6.01766919e+00,-1.01524543e-02
-3.88872566e-025,56652528e-03,1.09612790e+002,09601922e+00,-6.01406863e+00,-1.00789441e-02
-3.87305831e-025,50470917e-03,1.09903566e+002,10054356e+00,-6.02264606e+00,-9.74606302e-03
-3.89190947e-025,49259717e-03,1.10093540e+002,09843931e+00,-6.01917628e+00,-9.97421318e-03
-3.90757692e-025,50831651e-03,1.08663523e+002,09541651e+00,-6.00067921e+00,-9.63679421e-03
-3.69351112e-025,36539648e-03,1.10486853e+002,10004366e+00,-6.02359860e+00,-1.00563644e-02
-3.99335382e-025,58192040e-03,1.10507387e+002,10213554e+00,-6.01525130e+00,-1.00474133e-02
-3.93487716e-025,58607803e-03,1.09810016e+002,10071296e+00,-6.00464676e+00,-9.91852748e-03
-3.78395252e-025,49152072e-03,1.10786822e+002,09917289e+00,-6.01052244e+00,-1.06978372e-02
-3.92446915e-025,62755629e-03,1.10589036e+002,10329035e+00,-6.01409972e+00,-9.89082119e-03
-3.85799472e-025,61912729e-03,1.11152931e+002,10101258e+00,-6.01290865e+00,-1.06446206e-02
-3.95487005e-025,66639491e-03,1.10346863e+002,10188555e+00,-6.00796308e+00,-1.04433618e-02
-3.82681591e-025,58863396e-03,1.11145914e+002,10239891e+00,-6.01569731e+00,-1.07161561e-02
-3.95165137e-025,63039929e-03,1.11110465e+002,10536231e+00,-6.01927781e+00,-1.03775151e-02
-3.91643629e-025,65433540e-03,1.10977031e+002,10331437e+00,-6.00709967e+00,-1.06476841e-02
-3.89475785e-025,66158887e-03,1.11008472e+002,10330305e+00,-6.00461676e+00,-1.07719966e-02
-3.90347750e-025,60037310e-03,1.11101826e+002,10356652e+00,-6.00932637e+00,-1.05228262e-02
-3.88146090e-025,56912111e-03,1.11708039e+002,10664520e+00,-6.01647286e+00,-1.06870921e-02
-3.99551765e-025,66642261e-03,1.11586207e+002,10795837e+00,-6.00984718e+00,-1.05278091e-02
-3.93725319e-025,61175673e-03,1.11562901e+002,10417180e+00,-6.00239009e+00,-1.09244533e-02
-3.94484997e-025,62895066e-03,1.11465647e+002,10505308e+00,-6.00400112e+00,-1.08255165e-02
-3.95803860e-025,58610846e-03,1.11555538e+002,10740930e+00,-6.00758780e+00,-1.06439736e-02
-4.00316289e-025,68930916e-03,1.11557457e+002,10447285e+00,-6.00715635e+00,-1.08391213e-02
-4.01480721e-025,72182580e-03,1.11638869e+002,10369434e+00,-5.99621109e+00,-1.11129896e-02
-3.98842513e-025,69596915e-03,1.11682507e+002,10547427e+00,-5.99241792e+00,-1.08798378e-02
-3.98471730e-025,63024517e-03,1.12057328e+002,10592437e+00,-5.99643390e+00,-1.08085644e-02
-4.01621284e-025,61645515e-03,1.12048677e+002,10554216e+00,-5.99114728e+00,-1.10868933e-02
-4.02090103e-025,64704685e-03,1.12308284e+002,10478650e+00,-5.99284878e+00,-1.11809916e-02
-4.03840937e-025,58915193e-03,1.12020603e+002,10492038e+00,-5.99056975e+00,-1.09151026e-02
-4.01372627e-025,52884783e-03,1.12191421e+002,10248786e+00,-5.99111489e+00,-1.10420628e-02
-4.02841683e-025,53070144e-03,1.12025304e+002,10099961e+00,-5.98902260e+00,-1.12872765e-02
-4.03010547e-025,41402731e-03,1.12068784e+002,10179955e+00,-5.99072460e+00,-1.10023696e-02
-4.02620379e-025,43178302e-03,1.12341740e+002,10315635e+00,-5.99677295e+00,-1.09363228e-02
-4.06464836e-025,39367561e-03,1.12476067e+002,10009838e+00,-5.98873356e+00,-1.13537002e-02
-4.06082679e-025,33040183e-03,1.12642606e+002,10257139e+00,-5.98617416e+00,-1.13821317e-02
-4.03640090e-025,35058879e-03,1.12760645e+002,10268633e+00,-5.99382112e+00,-1.12704577e-02
-4.05054673e-025,28354608e-03,1.12903710e+002,10162254e+00,-5.98931965e+00,-1.15203333e-02
-4.03327423e-025,26568455e-03,1.12865719e+002,10156360e+00,-5.99123937e+00,-1.15009307e-02
-4.04918566e-025,20747369e-03,1.12894008e+002,10260222e+00,-5.99393773e+00,-1.16491567e-02
-4.07201492e-025,20927825e-03,1.12689287e+002,10043721e+00,-5.98858129e+00,-1.17713314e-02
-4.02642078e-025,14422821e-03,1.12917487e+002,09755854e+00,-5.99046439e+00,-1.18741237e-02
-4.04954423e-025,16185202e-03,1.13037589e+002,09875548e+00,-5.99251143e+00,-1.18195163e-02
-4.05515033e-025,12025451e-03,1.12931115e+002,09822039e+00,-5.98891399e+00,-1.19138704e-02
-4.04917818e-025,08165329e-03,1.12846928e+002,09707429e+00,-5.98765052e+00,-1.20850390e-02
-4.05431640e-025,09709373e-03,1.12815043e+002,09511833e+00,-5.98562643e+00,-1.22234111e-02
-4.07693456e-025,08924669e-03,1.12854718e+002,09837501e+00,-5.98757427e+00,-1.19621451e-02
-4.07729913e-025,16986299e-03,1.12694374e+002,09630981e+00,-5.98021934e+00,-1.21580539e-02
-4.06991420e-025,07769647e-03,1.13042750e+002,09446379e+00,-5.97537466e+00,-1.24697993e-02
-4.06205921e-025,05880662e-03,1.13119710e+002,09708349e+00,-5.98304581e+00,-1.22867253e-02
-4.08115218e-025,11033300e-03,1.13238851e+002,09872456e+00,-5.98321820e+00,-1.22535282e-02
-4.09369974e-025,03649033e-03,1.13187902e+002,09728246e+00,-5.97521737e+00,-1.26675051e-02
-4.07252846e-025,01209980e-03,1.13285060e+002,09800806e+00,-5.96672786e+00,-1.28622560e-02
-4.07761568e-025,04231719e-03,1.13260440e+002,10432687e+00,-5.96876886e+00,-1.23718113e-02
-4.07276861e-025,07976556e-03,1.13168473e+002,10227001e+00,-5.96763639e+00,-1.27609638e-02
-4.12497096e-025,15428932e-03,1.12925935e+002,09762576e+00,-5.96091693e+00,-1.29740770e-02
-4.09730746e-025,03255397e-03,1.13550203e+002,09884962e+00,-5.96058995e+00,-1.30911365e-02
-4.14134125e-025,02673447e-03,1.13385523e+002,09871880e+00,-5.95661136e+00,-1.28164992e-02
-4.12391482e-024,99428267e-03,1.13600958e+002,09893994e+00,-5.95350571e+00,-1.29623756e-02
-4.16593183e-025,02106660e-03,1.13265398e+002,09767097e+00,-5.94961759e+00,-1.31168190e-02
-4.15471873e-024,98261499e-03,1.13213801e+002,09621813e+00,-5.94478185e+00,-1.30588322e-02
-4.16740800e-024,97989893e-03,1.13205224e+002,09582127e+00,-5.94919489e+00,-1.27703819e-02
-4.20002532e-024,99841113e-03,1.13134685e+002,09366727e+00,-5.94179972e+00,-1.30760630e-02
-4.20188322e-024,96811217e-03,1.12931197e+002,09046054e+00,-5.93798303e+00,-1.31055673e-02
-4.19815267e-024,94435203e-03,1.12998859e+002,09289623e+00,-5.93682712e+00,-1.30779229e-02
-4.23116294e-024,96266007e-03,1.12805284e+002,09295398e+00,-5.93443760e+00,-1.30407470e-02
-4.22759791e-024,92573529e-03,1.12940654e+002,09125732e+00,-5.93195635e+00,-1.30938842e-02
-4.25247497e-024,88170973e-03,1.12785633e+002,08896746e+00,-5.93037850e+00,-1.30239421e-02
-4.23883070e-024,88389401e-03,1.12904758e+002,08743656e+00,-5.93069265e+00,-1.30563141e-02
-4.27565928e-024,89757598e-03,1.12764496e+002,08574172e+00,-5.92996489e+00,-1.27900598e-02
-4.26072162e-024,92209517e-03,1.12897145e+002,08130206e+00,-5.92996994e+00,-1.29646135e-02
-4.29305009e-024,91612140e-03,1.12877163e+002,08088906e+00,-5.92954910e+00,-1.29349123e-02
-4.27508769e-024,89902547e-03,1.12667274e+002,07905721e+00,-5.92151418e+00,-1.30874495e-02
-4.27372928e-024,82783725e-03,1.12851039e+002,08266785e+00,-5.92437469e+00,-1.29648363e-02
-4.28538859e-024,79523331e-03,1.12845407e+002,08373821e+00,-5.92357392e+00,-1.27783750e-02
-4.29377594e-024,82553083e-03,1.12690839e+002,08093692e+00,-5.91981298e+00,-1.32106420e-02
-4.30335658e-024,83591151e-03,1.12663968e+002,08137862e+00,-5.92069870e+00,-1.31779529e-02
-4.29498032e-024,80065234e-03,1.12834671e+002,08399477e+00,-5.92403165e+00,-1.27840322e-02
-4.30796756e-024,82663218e-03,1.13033932e+002,08569580e+00,-5.92260455e+00,-1.29606998e-02
-4.32572589e-024,89268971e-03,1.12828074e+002,08679677e+00,-5.91496128e+00,-1.32602529e-02
-4.31981769e-024,79381894e-03,1.12760230e+002,09039171e+00,-5.91928346e+00,-1.27734235e-02
-4.31604277e-024,83591128e-03,1.12733013e+002,09037492e+00,-5.92185086e+00,-1.26335369e-02
-4.32608314e-024,85615901e-03,1.12656229e+002,08646273e+00,-5.91812931e+00,-1.30071705e-02
-4.35898823e-024,94448395e-03,1.12451222e+002,08605875e+00,-5.91643161e+00,-1.27961869e-02
-4.33616368e-024,95552480e-03,1.12393832e+002,08616002e+00,-5.91524539e+00,-1.27173199e-02
-4.34828285e-024,94418991e-03,1.12378836e+002,08486938e+00,-5.91574681e+00,-1.26127235e-02
-4.36048284e-024,93120877e-03,1.12469115e+002,08428667e+00,-5.91550179e+00,-1.26939895e-02
-4.39017231e-024,98818977e-03,1.12014017e+002,08146220e+00,-5.90936309e+00,-1.27721629e-02
-4.36866176e-024,88310086e-03,1.11794997e+002,07975631e+00,-5.90865621e+00,-1.26744239e-02
-4.37473348e-024,90381666e-03,1.12046974e+002,07895377e+00,-5.91104569e+00,-1.24616332e-02
-4.41224962e-024,90738706e-03,1.11777880e+002,07622795e+00,-5.90456015e+00,-1.25950421e-02
-4.38472968e-024,96674825e-03,1.11648799e+002,07428296e+00,-5.90178038e+00,-1.28331766e-02
-4.39003747e-024,85083392e-03,1.11602955e+002,07971823e+00,-5.90681705e+00,-1.21991975e-02
-4.39696715e-024,82885975e-03,1.11672851e+002,07915927e+00,-5.90865783e+00,-1.25896014e-02
-4.48192421e-024,91871721e-03,1.11029195e+002,08081963e+00,-5.90347305e+00,-1.23434655e-02
-4.39330709e-024,87332020e-03,1.11478170e+002,08026023e+00,-5.90441587e+00,-1.25678941e-02
-4.46957201e-024,91882565e-03,1.11131308e+002,08151366e+00,-5.90206193e+00,-1.24699586e-02
-4.43455398e-024,91851807e-03,1.11166620e+002,08459663e+00,-5.90259586e+00,-1.23467369e-02
-4.44468115e-024,95514873e-03,1.11768394e+002,08260182e+00,-5.90507415e+00,-1.24511478e-02
-4.50495984e-025,02972494e-03,1.11339744e+002,08067976e+00,-5.89629094e+00,-1.25490644e-02
-4.43710357e-024,90571739e-03,1.11553490e+002,08122950e+00,-5.89782681e+00,-1.25992923e-02
-4.47636122e-024,97087188e-03,1.11589578e+002,08481012e+00,-5.90316524e+00,-1.22482150e-02
-4.47865050e-024,98588580e-03,1.11513922e+002,08029090e+00,-5.89467616e+00,-1.27430364e-02
-4.47474376e-024,99616935e-03,1.11351819e+002,08131905e+00,-5.89744258e+00,-1.25811903e-02
-4.46118764e-024,95685461e-03,1.11501559e+002,08237039e+00,-5.89686882e+00,-1.25148213e-02
-4.48476514e-025,01133519e-03,1.11531254e+002,08559213e+00,-5.90045259e+00,-1.23372212e-02
-4.49053955e-025,08219631e-03,1.11697487e+002,08286653e+00,-5.90029490e+00,-1.24980948e-02
-4.49495291e-025,05247918e-03,1.11473439e+002,08192466e+00,-5.89564277e+00,-1.25539766e-02
-4.46951031e-025,05232420e-03,1.11609978e+002,08577846e+00,-5.90249110e+00,-1.23570227e-02
-4.50043751e-025,09084158e-03,1.11662482e+002,08565763e+00,-5.90471394e+00,-1.22730664e-02
-4.50558895e-025,09129247e-03,1.11519321e+002,08524137e+00,-5.90206147e+00,-1.24159428e-02
-4.49448167e-025,12250398e-03,1.11687683e+002,08420219e+00,-5.90417699e+00,-1.24081214e-02
-4.50730975e-025,14631697e-03,1.11522498e+002,08377938e+00,-5.90494940e+00,-1.22562627e-02
-4.49298625e-025,08575711e-03,1.11605357e+002,08422217e+00,-5.90936245e+00,-1.21484181e-02
-4.51660013e-025,18462742e-03,1.11317984e+002,08373030e+00,-5.90568049e+00,-1.24191720e-02
-4.49665439e-025,12908950e-03,1.11159281e+002,08360916e+00,-5.90770616e+00,-1.24626895e-02
-4.50710300e-025,10080262e-03,1.11139672e+002,08546494e+00,-5.91133097e+00,-1.20959857e-02
-4.49981601e-025,07867673e-03,1.11000398e+002,08502793e+00,-5.91192876e+00,-1.21708690e-02
-4.50603731e-025,13945939e-03,1.10942236e+002,08445600e+00,-5.91215973e+00,-1.22687977e-02
-4.49859209e-025,10895379e-03,1.10973944e+002,08519646e+00,-5.91211138e+00,-1.23391423e-02
-4.50374946e-025,15281088e-03,1.10962042e+002,08859790e+00,-5.91676320e+00,-1.21102609e-02
-4.48769036e-025,11211618e-03,1.10992949e+002,08889539e+00,-5.91670771e+00,-1.20564528e-02
-4.48964841e-025,13374083e-03,1.10985564e+002,08749686e+00,-5.91573976e+00,-1.22637744e-02
-4.48194215e-025,16871692e-03,1.10872412e+002,08608891e+00,-5.91499057e+00,-1.24449777e-02
-4.48501188e-025,19916520e-03,1.10826763e+002,08891478e+00,-5.92093677e+00,-1.19591533e-02
-4.47430031e-025,20856616e-03,1.10803633e+002,08658061e+00,-5.92145730e+00,-1.21574880e-02
-4.48827479e-025,20849588e-03,1.10634366e+002,08471671e+00,-5.91920758e+00,-1.24528164e-02
-4.46500063e-025,19975650e-03,1.10821868e+002,08382214e+00,-5.92077969e+00,-1.23800095e-02
-4.47551456e-025,13764989e-03,1.11019542e+002,08531850e+00,-5.92966282e+00,-1.19919898e-02
-4.47871149e-025,15213107e-03,1.10761901e+002,08271871e+00,-5.92908171e+00,-1.20624059e-02
-4.49288961e-025,17257474e-03,1.10794845e+002,08141422e+00,-5.92916559e+00,-1.22605304e-02
-4.48884226e-025,15592950e-03,1.10684950e+002,08124710e+00,-5.93502695e+00,-1.18234130e-02
-4.49051922e-025,17938470e-03,1.10929488e+002,07959629e+00,-5.93744541e+00,-1.18251196e-02
-4.50536255e-025,26953763e-03,1.11067859e+002,07769413e+00,-5.93498674e+00,-1.22531566e-02
-4.51534593e-025,27736202e-03,1.10836497e+002,07753783e+00,-5.93620817e+00,-1.20268459e-02
-4.48588807e-025,24373281e-03,1.10759386e+002,07945251e+00,-5.94174012e+00,-1.17865565e-02
-4.50673523e-025,26168448e-03,1.10861201e+002,07853472e+00,-5.94025093e+00,-1.19940544e-02
-4.51414832e-025,30248835e-03,1.10643204e+002,07664718e+00,-5.93843539e+00,-1.22207890e-02
-4.51215488e-025,23382941e-03,1.10582193e+002,07885087e+00,-5.94351701e+00,-1.19741276e-02
-4.51066002e-025,20332176e-03,1.10691318e+002,07998978e+00,-5.94571979e+00,-1.17636272e-02
-4.50565265e-025,21664931e-03,1.10912251e+002,07838461e+00,-5.94384637e+00,-1.22182075e-02
-4.54066442e-025,17614343e-03,1.10905132e+002,08090199e+00,-5.94672725e+00,-1.18906033e-02
-4.51851695e-025,13497493e-03,1.10759447e+002,08249051e+00,-5.94520824e+00,-1.19286534e-02
-4.51814665e-025,15874910e-03,1.10666952e+002,08159171e+00,-5.94494116e+00,-1.21046957e-02
-4.52749686e-025,09686898e-03,1.10708670e+002,08471216e+00,-5.94737549e+00,-1.18469226e-02
-4.52844357e-025,12302301e-03,1.10627202e+002,08304986e+00,-5.94878634e+00,-1.19411635e-02
-4.54717584e-025,13142987e-03,1.10461870e+002,08159781e+00,-5.94625614e+00,-1.21808114e-02
-4.52115093e-025,08010786e-03,1.10444808e+002,08072446e+00,-5.94866664e+00,-1.19436734e-02
-4.52729684e-025,13562168e-03,1.10563137e+002,08258645e+00,-5.95302331e+00,-1.17921047e-02
-4.54700617e-025,16865635e-03,1.10580661e+002,08022113e+00,-5.95014721e+00,-1.20196214e-02
-4.51037454e-025,13823057e-03,1.10760867e+002,07808021e+00,-5.94922368e+00,-1.20510229e-02
-4.50966406e-025,17571697e-03,1.10787539e+002,07936785e+00,-5.95454926e+00,-1.18165100e-02
-4.53268712e-025,21428282e-03,1.10846028e+002,07909244e+00,-5.95606346e+00,-1.18965952e-02
-4.53757210e-025,18100723e-03,1.10614289e+002,07608494e+00,-5.95350736e+00,-1.20925193e-02
-4.51506892e-025,16280767e-03,1.10677525e+002,07603323e+00,-5.95466875e+00,-1.20032779e-02
-4.51324279e-025,22800680e-03,1.10608365e+002,07940008e+00,-5.96282704e+00,-1.17053988e-02
-4.52118908e-025,22551420e-03,1.10670021e+002,07544134e+00,-5.95736826e+00,-1.23659807e-02
-4.55105228e-025,23450536e-03,1.10502092e+002,07540571e+00,-5.95726591e+00,-1.20388050e-02
-4.49403446e-025,27779971e-03,1.10816906e+002,07932046e+00,-5.96193543e+00,-1.20760717e-02
-4.54733165e-025,37068217e-03,1.10668489e+002,07743086e+00,-5.95587142e+00,-1.23357905e-02
-4.51667444e-025,30555724e-03,1.10536826e+002,08134750e+00,-5.96404311e+00,-1.19582710e-02
-4.51988145e-025,33714965e-03,1.10402845e+002,07933410e+00,-5.96456633e+00,-1.21119613e-02
-4.52197396e-025,33403907e-03,1.10324909e+002,07696141e+00,-5.96284521e+00,-1.24100312e-02
-4.52812606e-025,26004878e-03,1.10593047e+002,07957875e+00,-5.97453068e+00,-1.18206725e-02
-4.54551141e-025,36634619e-03,1.10319867e+002,07691360e+00,-5.97287581e+00,-1.19211116e-02
-4.53801176e-025,32954762e-03,1.10198219e+002,07609812e+00,-5.96977679e+00,-1.22451679e-02
-4.53768633e-025,31442436e-03,1.10000319e+002,07913692e+00,-5.97276860e+00,-1.20705257e-02
-4.53438088e-025,29129717e-03,1.10235918e+002,08047426e+00,-5.97738151e+00,-1.19444062e-02
-4.55903660e-025,38750382e-03,1.10321533e+002,08257873e+00,-5.97985065e+00,-1.18446444e-02
-4.54594849e-025,33713162e-03,1.10264656e+002,07999437e+00,-5.97598005e+00,-1.24347009e-02
-4.55444431e-025,34924450e-03,1.10334439e+002,08074132e+00,-5.98253993e+00,-1.21498347e-02
-4.56280109e-025,32987257e-03,1.09963693e+002,08321495e+00,-5.98578706e+00,-1.18032167e-02
-4.55499826e-025,29854124e-03,1.09829227e+002,08129378e+00,-5.98206556e+00,-1.20988102e-02
-4.53020829e-025,24909914e-03,1.10134764e+002,08153306e+00,-5.98454450e+00,-1.24076832e-02
-4.56779303e-025,28836946e-03,1.09798904e+002,08601357e+00,-5.98779117e+00,-1.17641440e-02
-4.52442483e-025,20793324e-03,1.09917411e+002,08587579e+00,-5.98859149e+00,-1.20000925e-02
-4.56235987e-025,20365028e-03,1.09780493e+002,08382623e+00,-5.98222945e+00,-1.22759054e-02
-4.50563368e-025,22458990e-03,1.10139680e+002,08510233e+00,-5.98799923e+00,-1.22321225e-02
-4.56306575e-025,27953385e-03,1.10022900e+002,08804123e+00,-5.99487030e+00,-1.18072345e-02
-4.52376563e-025,22308732e-03,1.10211904e+002,08841350e+00,-5.98887984e+00,-1.22314587e-02
-4.53871045e-025,31256823e-03,1.10297963e+002,09098935e+00,-5.99205892e+00,-1.23061029e-02
-4.54358530e-025,31976325e-03,1.10238011e+002,09110022e+00,-5.99121535e+00,-1.21763251e-02
-4.51492948e-025,29565166e-03,1.10484271e+002,09244629e+00,-5.99752399e+00,-1.20355058e-02
-4.52921057e-025,36873201e-03,1.10339844e+002,09282183e+00,-6.00224268e+00,-1.21386330e-02
-4.54704545e-025,38638464e-03,1.10358812e+002,09254288e+00,-6.00067765e+00,-1.23449623e-02
-4.54537110e-025,38924853e-03,1.10405291e+002,09505533e+00,-6.00615021e+00,-1.19277791e-02
-4.52222446e-025,34262905e-03,1.10483531e+002,09685673e+00,-6.00285770e+00,-1.22638930e-02
-4.53459815e-025,33227833e-03,1.10331340e+002,09639461e+00,-6.00653618e+00,-1.22355863e-02
-4.53349539e-025,37798135e-03,1.10349404e+002,09615746e+00,-6.01204810e+00,-1.19861665e-02
-4.52108207e-025,36884911e-03,1.10097553e+002,09450801e+00,-6.01106336e+00,-1.23338153e-02
-4.53004340e-025,34055226e-03,1.10288334e+002,09613149e+00,-6.01715157e+00,-1.20272405e-02
-4.52835181e-025,36889568e-03,1.10174556e+002,09685809e+00,-6.02005201e+00,-1.20912852e-02
-4.54740543e-025,28285958e-03,1.09960381e+002,09449710e+00,-6.01450962e+00,-1.22205890e-02
-4.51148389e-025,24260390e-03,1.09924373e+002,09548692e+00,-6.01838084e+00,-1.20984205e-02
-4.51742906e-025,28808680e-03,1.10089105e+002,09515244e+00,-6.02386777e+00,-1.21075089e-02
-4.54448705e-025,26533821e-03,1.09917271e+002,09402239e+00,-6.02363169e+00,-1.21150613e-02
-4.53858101e-025,29193943e-03,1.10111970e+002,09224193e+00,-6.02474696e+00,-1.20370488e-02
-4.52438916e-025,27749158e-03,1.10029119e+002,09052056e+00,-6.02360038e+00,-1.22237502e-02
-4.54273845e-025,27088876e-03,1.09877242e+002,09159997e+00,-6.03131122e+00,-1.18779999e-02
-4.52964516e-025,35505005e-03,1.10122445e+002,09113773e+00,-6.03443105e+00,-1.19067974e-02
-4.55557409e-025,33934995e-03,1.10098776e+002,08997951e+00,-6.02602665e+00,-1.22027599e-02
-4.51863474e-025,29636098e-03,1.10066663e+002,09264367e+00,-6.02852182e+00,-1.20268189e-02
-4.51928160e-025,36871902e-03,1.10354608e+002,09470294e+00,-6.03744574e+00,-1.17466952e-02
-4.56615470e-025,38072712e-03,1.09952600e+002,08974690e+00,-6.02915669e+00,-1.19387765e-02
-4.52833279e-025,31144682e-03,1.09751445e+002,08471054e+00,-6.02575968e+00,-1.23071136e-02
-4.51262611e-025,29927252e-03,1.10017658e+002,08932286e+00,-6.03573855e+00,-1.19378145e-02
-4.55923898e-025,30456068e-03,1.10050395e+002,09006308e+00,-6.03581323e+00,-1.19655774e-02
-4.54961406e-025,30913990e-03,1.10108790e+002,08669380e+00,-6.03122863e+00,-1.23994739e-02
-4.53999016e-025,25923935e-03,1.10061605e+002,08910436e+00,-6.03532512e+00,-1.19321801e-02
-4.51459301e-025,33124055e-03,1.10233699e+002,08940920e+00,-6.04184845e+00,-1.19305482e-02
-4.57008481e-025,36771444e-03,1.09904137e+002,08787965e+00,-6.03939933e+00,-1.20983967e-02
-4.54621007e-025,38183636e-03,1.09655257e+002,08990547e+00,-6.03720846e+00,-1.21277475e-02
-4.51680085e-025,31813158e-03,1.09995358e+002,09234146e+00,-6.03983362e+00,-1.21115048e-02
-4.55909713e-025,32730944e-03,1.10073171e+002,09552572e+00,-6.04053572e+00,-1.19773696e-02
-4.55045088e-025,28993254e-03,1.10089233e+002,09636345e+00,-6.04192899e+00,-1.18618060e-02
-4.54634038e-025,34932938e-03,1.10072032e+002,09534026e+00,-6.03814303e+00,-1.20945400e-02
-4.54430488e-025,27922382e-03,1.10260963e+002,09763113e+00,-6.04007862e+00,-1.18196437e-02
-4.53792673e-025,34243659e-03,1.10635226e+002,10020132e+00,-6.04586996e+00,-1.16158802e-02
-4.56457374e-025,41222731e-03,1.10488424e+002,09734599e+00,-6.03868028e+00,-1.19535151e-02
-4.52428714e-025,41043112e-03,1.10551903e+002,09742456e+00,-6.03872515e+00,-1.19540606e-02
-4.53417031e-025,43331978e-03,1.10582619e+002,10043815e+00,-6.04688890e+00,-1.16387225e-02
-4.53975955e-025,41407170e-03,1.10484410e+002,09933875e+00,-6.04247538e+00,-1.18704701e-02
-4.54239231e-025,37643938e-03,1.10293242e+002,09955592e+00,-6.04468945e+00,-1.16480778e-02
-4.50704625e-025,35561704e-03,1.10609932e+002,09667264e+00,-6.04588042e+00,-1.19284480e-02
-4.53492316e-025,30565613e-03,1.10493570e+002,10044606e+00,-6.04779371e+00,-1.18103434e-02
-4.50535613e-025,35884214e-03,1.10473645e+002,10178131e+00,-6.05260411e+00,-1.17213693e-02
-4.54361121e-025,38147096e-03,1.10184105e+002,09929269e+00,-6.04921502e+00,-1.18216213e-02
-4.49955220e-025,40825841e-03,1.09937654e+002,09766411e+00,-6.04855732e+00,-1.20829610e-02
-4.51697222e-025,37460018e-03,1.09855694e+002,09907249e+00,-6.05335113e+00,-1.18665173e-02
-4.50626974e-025,38155275e-03,1.09767489e+002,10031468e+00,-6.05942772e+00,-1.17774957e-02
-4.51444476e-025,33655232e-03,1.09730458e+002,09866539e+00,-6.05756685e+00,-1.20377846e-02
-4.50982382e-025,32266851e-03,1.09591049e+002,09643241e+00,-6.05848696e+00,-1.20215603e-02
-4.49834469e-025,28512301e-03,1.09414630e+002,09678559e+00,-6.06647830e+00,-1.19141964e-02
-4.51045154e-025,32756118e-03,1.09469098e+002,09698084e+00,-6.06615566e+00,-1.18980447e-02
-4.50699787e-025,30043043e-03,1.09438290e+002,09455830e+00,-6.06750149e+00,-1.20089708e-02
-4.50737455e-025,28584264e-03,1.09473820e+002,09349725e+00,-6.06855712e+00,-1.22142401e-02
-4.49977058e-025,26654331e-03,1.09532319e+002,09769418e+00,-6.07651153e+00,-1.16276843e-02
-4.48103459e-025,17741171e-03,1.09685329e+002,09426650e+00,-6.08005770e+00,-1.19063267e-02
-4.50885913e-025,19776411e-03,1.09473237e+002,09309614e+00,-6.07732254e+00,-1.21701850e-02
-4.48463876e-025,19067366e-03,1.09437008e+002,09691227e+00,-6.08700315e+00,-1.18855690e-02
-4.50541820e-025,20260580e-03,1.09379148e+002,09498094e+00,-6.08701285e+00,-1.20253816e-02
-4.49673772e-025,25589250e-03,1.09318626e+002,09543899e+00,-6.08856657e+00,-1.20668942e-02
-4.49208272e-025,25305102e-03,1.09437254e+002,09792533e+00,-6.09444078e+00,-1.20714239e-02
-4.52914015e-025,28772972e-03,1.09157288e+002,09577013e+00,-6.08683616e+00,-1.22833951e-02
-4.46664670e-025,23813918e-03,1.09573238e+002,09683989e+00,-6.09573456e+00,-1.20613928e-02
-4.49423794e-025,33238699e-03,1.09602884e+002,09572343e+00,-6.09600860e+00,-1.21040613e-02
-4.47399584e-025,33974280e-03,1.09560727e+002,09354772e+00,-6.09475996e+00,-1.22604754e-02
-4.45950633e-025,36689186e-03,1.09918031e+002,09511214e+00,-6.10266374e+00,-1.21466083e-02
-4.50113006e-025,38714742e-03,1.09608757e+002,09314055e+00,-6.09698123e+00,-1.22436794e-02
-4.46799797e-025,32423686e-03,1.09920883e+002,09302089e+00,-6.10024034e+00,-1.21553999e-02
-4.46816901e-025,35397581e-03,1.10095816e+002,09290965e+00,-6.10141745e+00,-1.20936017e-02
-4.46097321e-025,35461122e-03,1.10168423e+002,09242124e+00,-6.10309142e+00,-1.23516110e-02
-4.48612997e-025,38268506e-03,1.10298139e+002,09439319e+00,-6.11179208e+00,-1.20339283e-02
-4.50539810e-025,37239091e-03,1.10106568e+002,09240120e+00,-6.10703858e+00,-1.20037334e-02
-4.46718414e-025,34592942e-03,1.09962615e+002,09064781e+00,-6.10942759e+00,-1.23174762e-02
-4.49349581e-025,44665225e-03,1.10069647e+002,09142580e+00,-6.11040535e+00,-1.20636726e-02
-4.48098205e-025,38782565e-03,1.09977271e+002,09402992e+00,-6.11270327e+00,-1.17563910e-02
-4.50987069e-025,30779770e-03,1.09886051e+002,09099760e+00,-6.11023183e+00,-1.19221122e-02
-4.49305019e-025,32954997e-03,1.09848225e+002,09099266e+00,-6.10529928e+00,-1.20955181e-02
-4.49395616e-025,33402185e-03,1.09779844e+002,09149514e+00,-6.11318049e+00,-1.17589818e-02
-4.49861219e-025,36460851e-03,1.09795274e+002,09106317e+00,-6.11391820e+00,-1.15938234e-02
-4.49978604e-025,30898128e-03,1.09877199e+002,08978217e+00,-6.11071687e+00,-1.20607372e-02
-4.51861048e-025,36831414e-03,1.09813259e+002,08861398e+00,-6.11378412e+00,-1.19626125e-02
-4.51460617e-025,34845717e-03,1.09797154e+002,09009772e+00,-6.11753199e+00,-1.16639735e-02
-4.50488841e-025,36713226e-03,1.09784665e+002,09233747e+00,-6.11987122e+00,-1.16322203e-02
-4.52047975e-025,34748561e-03,1.09853849e+002,08896749e+00,-6.11259600e+00,-1.20078469e-02
-4.50178862e-025,26797629e-03,1.10055696e+002,08975954e+00,-6.11379376e+00,-1.19409091e-02
-4.52427410e-025,29982650e-03,1.10201308e+002,09272390e+00,-6.11945815e+00,-1.15165072e-02
-4.52002619e-025,26975330e-03,1.10617588e+002,09238985e+00,-6.11724083e+00,-1.17924874e-02
-4.51978264e-025,26283951e-03,1.10403647e+002,09345877e+00,-6.11378050e+00,-1.19931028e-02
-4.50024330e-025,29884649e-03,1.10580686e+002,09683442e+00,-6.11844711e+00,-1.17710573e-02
-4.51342873e-025,34250658e-03,1.10637432e+002,10020341e+00,-6.12503987e+00,-1.14993940e-02
-4.52180262e-025,37749877e-03,1.10588867e+002,09886332e+00,-6.11788513e+00,-1.18421065e-02
-4.51329555e-025,31575600e-03,1.10355129e+002,09796592e+00,-6.11691477e+00,-1.18786640e-02
-4.50512829e-025,32275636e-03,1.10510466e+002,09907478e+00,-6.12508177e+00,-1.14124994e-02
-4.52105817e-025,37265691e-03,1.10620525e+002,09899079e+00,-6.12293463e+00,-1.15708667e-02
-4.51555416e-025,35283543e-03,1.10369589e+002,09739150e+00,-6.11976662e+00,-1.19105488e-02
-4.51420917e-025,32493537e-03,1.10388873e+002,09791033e+00,-6.12118575e+00,-1.17032803e-02
-4.51679158e-025,21743907e-03,1.10570139e+002,09811742e+00,-6.12306500e+00,-1.13754924e-02
-4.52137343e-025,27779482e-03,1.10517156e+002,09535462e+00,-6.11855650e+00,-1.16306595e-02
-4.52081461e-025,19415732e-03,1.10567153e+002,09140387e+00,-6.11565778e+00,-1.17192580e-02
-4.52189455e-025,19362758e-03,1.10524676e+002,09313139e+00,-6.11705019e+00,-1.13986279e-02
-4.51422083e-025,25271088e-03,1.10483543e+002,09355077e+00,-6.11566080e+00,-1.14114757e-02
-4.52259085e-025,26291475e-03,1.10566235e+002,09204507e+00,-6.11337671e+00,-1.14855671e-02
-4.52808102e-025,25088411e-03,1.10449188e+002,09416156e+00,-6.11181172e+00,-1.14688562e-02
-4.52573660e-025,18893014e-03,1.10461090e+002,09211141e+00,-6.11078939e+00,-1.14640757e-02
-4.52170515e-025,22433002e-03,1.10545115e+002,09296508e+00,-6.10904170e+00,-1.14384673e-02
-4.52452988e-025,26486711e-03,1.10481102e+002,09405677e+00,-6.11286111e+00,-1.12893982e-02
-4.53583436e-025,27514185e-03,1.10971176e+002,09360706e+00,-6.11568407e+00,-1.12972426e-02
-4.54229546e-025,27034291e-03,1.10964659e+002,09268706e+00,-6.11454166e+00,-1.14486285e-02
-4.53244275e-025,18749107e-03,1.10812140e+002,09471614e+00,-6.11652797e+00,-1.12911029e-02
-4.53402524e-025,21241491e-03,1.10947047e+002,09623510e+00,-6.12070528e+00,-1.11602300e-02
-4.55205227e-025,27925663e-03,1.10553498e+002,09531323e+00,-6.11501732e+00,-1.13137051e-02
-4.53882106e-025,23954089e-03,1.10506164e+002,09476529e+00,-6.11155056e+00,-1.14981525e-02
-4.53114208e-025,25294835e-03,1.10650468e+002,09382948e+00,-6.11669354e+00,-1.12731047e-02
-4.55234082e-025,29011262e-03,1.10752354e+002,09492485e+00,-6.11757182e+00,-1.12088915e-02
-4.55848284e-025,25908208e-03,1.10773461e+002,09011616e+00,-6.11396470e+00,-1.14929401e-02
-4.55020268e-025,30204275e-03,1.10576557e+002,08964602e+00,-6.11139575e+00,-1.14018503e-02
-4.51905364e-025,25166276e-03,1.10899112e+002,09531745e+00,-6.11535295e+00,-1.11642707e-02
-4.57749690e-025,24593344e-03,1.10518457e+002,09297020e+00,-6.11229032e+00,-1.12755005e-02
-4.55539458e-025,17868853e-03,1.10302446e+002,09157461e+00,-6.10388568e+00,-1.15715372e-02
-4.54815207e-025,17169414e-03,1.10320366e+002,09094064e+00,-6.10339792e+00,-1.13583815e-02
-4.54505344e-025,12910978e-03,1.10469305e+002,09361547e+00,-6.10860147e+00,-1.08268154e-02
-4.57049252e-025,15159919e-03,1.10366808e+002,08671553e+00,-6.10431069e+00,-1.11992460e-02
-4.56206882e-025,07778599e-03,1.10322375e+002,08481663e+00,-6.09672421e+00,-1.14472099e-02
-4.53296380e-025,04585570e-03,1.10874446e+002,08650267e+00,-6.11027016e+00,-1.08271653e-02
-4.59720496e-025,11539408e-03,1.10649156e+002,08241343e+00,-6.10449285e+00,-1.10316245e-02
-4.56489005e-025,08508718e-03,1.10492758e+002,07888722e+00,-6.09742782e+00,-1.12941387e-02
-4.52851606e-025,05612567e-03,1.10576380e+002,08206776e+00,-6.10445326e+00,-1.09183788e-02
-4.55529465e-025,10965734e-03,1.10742638e+002,08298706e+00,-6.10277902e+00,-1.08870674e-02
-4.55533340e-025,15487381e-03,1.10755451e+002,08360161e+00,-6.10304474e+00,-1.08720412e-02
-4.55570251e-025,18720046e-03,1.10935491e+002,08397843e+00,-6.10100617e+00,-1.09706838e-02
-4.53899527e-025,16864215e-03,1.11131077e+002,08345286e+00,-6.09650680e+00,-1.10252520e-02
-4.52791297e-025,13047007e-03,1.11441744e+002,08601922e+00,-6.10203680e+00,-1.07575825e-02
-4.53710937e-025,17316386e-03,1.11590553e+002,08640103e+00,-6.09850565e+00,-1.07197929e-02
-4.51556935e-025,18648584e-03,1.11854409e+002,08230588e+00,-6.10049735e+00,-1.09534341e-02
-4.53266509e-025,08346014e-03,1.11956826e+002,08303650e+00,-6.10025189e+00,-1.08031185e-02
-4.51267102e-025,07742929e-03,1.12286075e+002,08403377e+00,-6.10017908e+00,-1.06717223e-02
-4.51706934e-025,11553087e-03,1.12471525e+002,08382301e+00,-6.10202510e+00,-1.06371267e-02
-4.52740461e-025,16900412e-03,1.12709735e+002,08116197e+00,-6.09444068e+00,-1.08341202e-02
-4.51665665e-025,20305064e-03,1.13002653e+002,08356473e+00,-6.09634420e+00,-1.08119896e-02
-4.51304875e-025,16798251e-03,1.13304898e+002,08492282e+00,-6.09700479e+00,-1.06607646e-02
-4.51357153e-025,21589156e-03,1.13261667e+002,08659373e+00,-6.09682348e+00,-1.05653765e-02
-4.51607957e-025,22785778e-03,1.13367879e+002,08435762e+00,-6.09230229e+00,-1.08878747e-02
-4.52609736e-025,17956453e-03,1.13483760e+002,08742528e+00,-6.09058805e+00,-1.08043485e-02
-4.51930438e-025,20717566e-03,1.13831492e+002,08947929e+00,-6.09556592e+00,-1.05370454e-02
-4.54365876e-025,21035569e-03,1.13725899e+002,08706643e+00,-6.08800060e+00,-1.07448795e-02
-4.52034725e-025,13704606e-03,1.13791562e+002,08904416e+00,-6.08686420e+00,-1.08428201e-02
-4.54053747e-025,22759104e-03,1.13848920e+002,08996121e+00,-6.08816432e+00,-1.06496049e-02
-4.54176687e-025,15333084e-03,1.13777419e+002,08789301e+00,-6.08651563e+00,-1.06273121e-02
-4.55177084e-025,18823541e-03,1.13734109e+002,08774232e+00,-6.08828230e+00,-1.08068391e-02
-4.56981548e-025,14722616e-03,1.13711656e+002,08835239e+00,-6.08547274e+00,-1.08115068e-02
-4.55061996e-025,17678668e-03,1.13929037e+002,08854085e+00,-6.08987653e+00,-1.06392703e-02
-4.57597034e-025,13267906e-03,1.13611405e+002,08721375e+00,-6.08700545e+00,-1.06585175e-02
-4.56024909e-025,10085053e-03,1.13576224e+002,08537558e+00,-6.08353224e+00,-1.10251766e-02
-4.58860451e-025,12589611e-03,1.13286627e+002,08777161e+00,-6.08595580e+00,-1.07939712e-02
-4.55510173e-025,10480411e-03,1.13326636e+002,08932572e+00,-6.08718072e+00,-1.07402008e-02
-4.59894448e-025,13144498e-03,1.13248667e+002,08877743e+00,-6.08660130e+00,-1.07464578e-02
-4.59144023e-025,12396454e-03,1.13197956e+002,08611998e+00,-6.08422734e+00,-1.11505220e-02
-4.60072036e-025,14782704e-03,1.12984455e+002,09024940e+00,-6.08724455e+00,-1.05735829e-02
-4.56007483e-025,14757664e-03,1.13347040e+002,08957457e+00,-6.09035983e+00,-1.07788341e-02
-4.63017648e-025,15792617e-03,1.13047867e+002,08679218e+00,-6.08698610e+00,-1.08101854e-02
-4.58271925e-025,13937404e-03,1.13208110e+002,08921227e+00,-6.08996602e+00,-1.08365910e-02
-4.60817532e-025,12584384e-03,1.13056567e+002,08926473e+00,-6.08869766e+00,-1.07110287e-02
-4.58340785e-025,09583916e-03,1.13214857e+002,09134137e+00,-6.08994341e+00,-1.07038223e-02
-4.60423808e-025,10484496e-03,1.13087564e+002,09096649e+00,-6.08845340e+00,-1.06684079e-02
-4.59779278e-025,06528906e-03,1.13073306e+002,09135875e+00,-6.08257112e+00,-1.08012875e-02
-4.56982889e-025,14330696e-03,1.13200857e+002,09167830e+00,-6.09017295e+00,-1.06766673e-02
-4.61642092e-025,19413270e-03,1.13346368e+002,09269104e+00,-6.09019096e+00,-1.05033606e-02
-4.61054957e-025,15889407e-03,1.13285168e+002,09028214e+00,-6.08843621e+00,-1.06216948e-02
-4.58195045e-025,10988272e-03,1.13309501e+002,08880275e+00,-6.08511363e+00,-1.07705667e-02
-4.57161105e-025,14027856e-03,1.13640800e+002,09232727e+00,-6.09155658e+00,-1.05829899e-02
-4.59790836e-025,13246005e-03,1.13662589e+002,09263973e+00,-6.09482387e+00,-1.05291229e-02
-4.60928890e-025,12688204e-03,1.13567178e+002,08899912e+00,-6.08761374e+00,-1.09016683e-02
-4.59034277e-025,13571196e-03,1.13635489e+002,08915772e+00,-6.09199961e+00,-1.08104650e-02
-4.58917345e-025,13375294e-03,1.13749352e+002,09271009e+00,-6.09762029e+00,-1.04766176e-02
-4.60721309e-025,08452347e-03,1.13846945e+002,09332540e+00,-6.09821055e+00,-1.04970348e-02
-4.60862036e-025,08908124e-03,1.13654035e+002,08915692e+00,-6.09394730e+00,-1.09573371e-02
-4.60664787e-025,10162357e-03,1.13663970e+002,09139769e+00,-6.09601285e+00,-1.06888875e-02
-4.60882923e-025,06348865e-03,1.13829134e+002,09462158e+00,-6.10280279e+00,-1.04495193e-02
-4.62741433e-025,08540340e-03,1.13893807e+002,09349412e+00,-6.09760996e+00,-1.07715469e-02
-4.63719617e-025,11641912e-03,1.13810533e+002,09456675e+00,-6.09552889e+00,-1.07412979e-02
-4.60359276e-025,07082289e-03,1.14010160e+002,09395001e+00,-6.09627691e+00,-1.07203226e-02
-4.62984726e-025,17345215e-03,1.13772936e+002,09328585e+00,-6.09631472e+00,-1.06923464e-02
-4.61982261e-025,18506021e-03,1.13796180e+002,09210147e+00,-6.09871127e+00,-1.08031691e-02
-4.63600970e-025,14774040e-03,1.13685846e+002,09165161e+00,-6.09790072e+00,-1.08619772e-02
-4.63578984e-025,14114666e-03,1.13587008e+002,09156422e+00,-6.09873916e+00,-1.08429526e-02
-4.64112984e-025,16647099e-03,1.13646099e+002,09162844e+00,-6.09294741e+00,-1.08280498e-02
-4.62874495e-025,14706565e-03,1.13755671e+002,09201226e+00,-6.09352602e+00,-1.08218433e-02
-4.63190442e-025,13926708e-03,1.13654173e+002,09407784e+00,-6.09184606e+00,-1.08945800e-02
-4.63200924e-025,11188978e-03,1.13611209e+002,09429286e+00,-6.09001590e+00,-1.09524909e-02
-4.63655314e-025,14723299e-03,1.13715311e+002,09588737e+00,-6.09298806e+00,-1.07788575e-02
-4.65578907e-025,15293257e-03,1.13636741e+002,09445204e+00,-6.09240454e+00,-1.06868059e-02
-4.64747762e-025,12323833e-03,1.13684772e+002,09425257e+00,-6.09082652e+00,-1.07860767e-02
-4.64926575e-025,11300586e-03,1.13500653e+002,09127707e+00,-6.08906489e+00,-1.09826811e-02
-4.64537344e-025,11928140e-03,1.13551422e+002,09238669e+00,-6.09401551e+00,-1.05646122e-02
-4.64828199e-025,07837826e-03,1.13608054e+002,09402097e+00,-6.09515804e+00,-1.05254708e-02
-4.66645769e-025,06308118e-03,1.13343801e+002,08706619e+00,-6.08846136e+00,-1.08208227e-02
-4.61725823e-024,98129317e-03,1.13358982e+002,08684247e+00,-6.08851687e+00,-1.08784230e-02
-4.64000842e-025,03633493e-03,1.13196252e+002,08977640e+00,-6.09459301e+00,-1.04398055e-02
-4.64698530e-025,07045261e-03,1.13395240e+002,08941680e+00,-6.09301793e+00,-1.05758074e-02
-4.63795646e-025,13538384e-03,1.13073362e+002,08729877e+00,-6.09036178e+00,-1.09237529e-02
-4.62483421e-025,04162724e-03,1.13267621e+002,08840972e+00,-6.09569940e+00,-1.07062699e-02
-4.63473440e-025,05901178e-03,1.13251128e+002,09069629e+00,-6.10200011e+00,-1.05143599e-02
-4.63790023e-025,06749480e-03,1.13122884e+002,08903109e+00,-6.09556409e+00,-1.08144946e-02
-4.62929363e-025,13625571e-03,1.13016794e+002,08685238e+00,-6.09220106e+00,-1.11272084e-02
-4.61723039e-025,13574106e-03,1.12995814e+002,09015475e+00,-6.10120709e+00,-1.06164202e-02
-4.62721854e-025,17508546e-03,1.13170073e+002,08989342e+00,-6.10353309e+00,-1.06839223e-02
-4.64034901e-025,21127210e-03,1.13164909e+002,08798459e+00,-6.09787272e+00,-1.11209457e-02
-4.60421022e-025,14422190e-03,1.13117617e+002,08783232e+00,-6.10109319e+00,-1.10117399e-02
-4.62306521e-025,16940016e-03,1.13124034e+002,09057824e+00,-6.10999122e+00,-1.05618239e-02
-4.63871680e-025,18822562e-03,1.13078897e+002,08882693e+00,-6.10689688e+00,-1.09493495e-02
-4.63304579e-025,17845617e-03,1.12798992e+002,08562139e+00,-6.10276010e+00,-1.12497586e-02
-4.60211717e-025,14339338e-03,1.12827632e+002,08765302e+00,-6.11048586e+00,-1.08865766e-02
-4.61844444e-025,18113699e-03,1.13077007e+002,08761094e+00,-6.11772732e+00,-1.08363871e-02
-4.63974406e-025,17923795e-03,1.12841941e+002,08523602e+00,-6.11118662e+00,-1.11715605e-02
-4.60537447e-025,15321962e-03,1.12885504e+002,08664643e+00,-6.11702156e+00,-1.12132401e-02
-4.61121642e-025,13428641e-03,1.12831558e+002,08702783e+00,-6.12430947e+00,-1.10683562e-02
-4.62507970e-025,13636950e-03,1.12719340e+002,08703330e+00,-6.12652799e+00,-1.10647178e-02
-4.63550083e-025,13084713e-03,1.12515879e+002,08840681e+00,-6.12656585e+00,-1.11139665e-02
-4.62094850e-025,13038597e-03,1.12514409e+002,08891266e+00,-6.12617406e+00,-1.12443535e-02
-4.63428343e-025,10991275e-03,1.12430373e+002,09157498e+00,-6.12700704e+00,-1.11665934e-02
-4.63838882e-025,17127807e-03,1.12463872e+002,09305312e+00,-6.12902621e+00,-1.09805132e-02
-4.63773692e-025,19850083e-03,1.12341403e+002,09012166e+00,-6.12230743e+00,-1.11911449e-02
-4.60843935e-025,18452010e-03,1.12634141e+002,09083166e+00,-6.12874635e+00,-1.12045168e-02
-4.64479704e-025,18566267e-03,1.12319332e+002,09138883e+00,-6.12501447e+00,-1.11989927e-02
-4.60764050e-025,14641831e-03,1.12383940e+002,09531746e+00,-6.13150081e+00,-1.08903954e-02
-4.62209825e-025,17149304e-03,1.12561470e+002,09417236e+00,-6.12940921e+00,-1.10146098e-02
-4.63148629e-025,16993286e-03,1.12589857e+002,09483990e+00,-6.13085252e+00,-1.13454819e-02
-4.65742053e-025,19458671e-03,1.12524418e+002,09923049e+00,-6.13203692e+00,-1.10084472e-02
-4.62104677e-025,18474092e-03,1.12855381e+002,10129160e+00,-6.13701213e+00,-1.09688345e-02
-4.67537308e-025,26383921e-03,1.12410350e+002,09654564e+00,-6.12708411e+00,-1.12888075e-02
-4.63288022e-025,20120371e-03,1.12926343e+002,09594202e+00,-6.13367035e+00,-1.12532832e-02
-4.66854971e-025,20292942e-03,1.13038153e+002,09911521e+00,-6.13806814e+00,-1.06879592e-02
-4.63633222e-025,14232667e-03,1.13323745e+002,09498812e+00,-6.13155012e+00,-1.12713851e-02
-4.67348778e-025,19366619e-03,1.13201691e+002,09873180e+00,-6.13270667e+00,-1.09880963e-02
-4.63278590e-025,10644859e-03,1.13225070e+002,09690143e+00,-6.12638398e+00,-1.10848509e-02
-4.61955330e-025,06780756e-03,1.13175645e+002,10019396e+00,-6.13142001e+00,-1.08390497e-02
-4.60309530e-025,09039451e-03,1.13651628e+002,09739754e+00,-6.13662194e+00,-1.11095476e-02
-4.65382314e-025,13291816e-03,1.13891387e+002,09958419e+00,-6.14661575e+00,-1.06387196e-02
-4.65599172e-025,08844112e-03,1.13754385e+002,09504786e+00,-6.13765006e+00,-1.09557208e-02
-4.66014771e-025,10013485e-03,1.13414584e+002,09328412e+00,-6.12996237e+00,-1.08505678e-02
-4.57727221e-025,04814380e-03,1.13612691e+002,09484130e+00,-6.14024678e+00,-1.05128196e-02
-4.62636060e-025,05944202e-03,1.14037830e+002,09328278e+00,-6.14401112e+00,-1.07262956e-02
-4.64226822e-025,00604455e-03,1.13670145e+002,08909048e+00,-6.13973000e+00,-1.08161152e-02
-4.61117861e-024,94565099e-03,1.14245930e+002,09067469e+00,-6.15057941e+00,-1.04604406e-02
-4.66840999e-025,04510112e-03,1.14089947e+002,08947256e+00,-6.14697568e+00,-1.04432748e-02
-4.63697636e-025,02798966e-03,1.13681104e+002,08678195e+00,-6.13660858e+00,-1.06455417e-02
-4.58088729e-024,92547137e-03,1.14321796e+002,09236675e+00,-6.15108539e+00,-1.03880637e-02
-4.64873934e-025,00831791e-03,1.14293117e+002,08882256e+00,-6.14113846e+00,-1.06009038e-02
-4.62659195e-024,99490183e-03,1.14217411e+002,09028568e+00,-6.14349144e+00,-1.02662409e-02
-4.60604274e-024,93158198e-03,1.14364885e+002,08563970e+00,-6.14080318e+00,-1.05807491e-02
-4.61451929e-024,96333456e-03,1.14335859e+002,08456587e+00,-6.13693138e+00,-1.05693179e-02
-4.60276481e-024,89286836e-03,1.14816534e+002,08875459e+00,-6.14642914e+00,-1.00069986e-02
-4.63004409e-024,95666559e-03,1.14831644e+002,08536478e+00,-6.13925079e+00,-1.06124790e-02
-4.63197434e-024,95261367e-03,1.14661576e+002,08480662e+00,-6.13267235e+00,-1.07281507e-02
-4.61882677e-024,95955637e-03,1.14308805e+002,08761776e+00,-6.12818075e+00,-1.03868131e-02
-4.59046868e-024,97877950e-03,1.14772051e+002,09040933e+00,-6.14055342e+00,-1.01176740e-02
-4.66724139e-025,05143553e-03,1.14313390e+002,08509727e+00,-6.12513264e+00,-1.06999809e-02
-4.60634404e-025,02629033e-03,1.14589784e+002,08854307e+00,-6.12911573e+00,-1.05200694e-02
-4.63036691e-025,04702110e-03,1.14809768e+002,09228116e+00,-6.14244145e+00,-1.02231528e-02
-4.70112300e-025,08138953e-03,1.14277240e+002,08862568e+00,-6.12795413e+00,-1.06807082e-02
-4.65573220e-025,01425466e-03,1.14699623e+002,09201925e+00,-6.13953310e+00,-1.04924046e-02
-4.70838387e-025,14204768e-03,1.14173959e+002,09244063e+00,-6.12632367e+00,-1.04896153e-02
-4.62308158e-025,12478699e-03,1.14074970e+002,09203533e+00,-6.12220026e+00,-1.05992619e-02
-4.62741597e-025,12204120e-03,1.14589112e+002,09488199e+00,-6.13900587e+00,-1.04645831e-02
-4.71435839e-025,20667104e-03,1.14337488e+002,09104875e+00,-6.12998581e+00,-1.06650477e-02
-4.67879287e-025,10400772e-03,1.14402776e+002,08927489e+00,-6.13007478e+00,-1.10575591e-02
-4.71283178e-025,10258757e-03,1.13753990e+002,09285860e+00,-6.11940950e+00,-1.05227514e-02
-4.62458223e-025,00058194e-03,1.14131146e+002,09382922e+00,-6.12193763e+00,-1.07754775e-02
-4.70388893e-025,06474237e-03,1.14121637e+002,09325442e+00,-6.13067514e+00,-1.06252358e-02
-4.72931833e-025,03884553e-03,1.13420767e+002,08895916e+00,-6.11046081e+00,-1.08314041e-02
-4.66652357e-024,93840868e-03,1.14601148e+002,09464942e+00,-6.14837247e+00,-1.04974000e-02
-4.86610079e-025,02850243e-03,1.13112495e+002,09112236e+00,-6.11196288e+00,-1.04209452e-02
-4.63637049e-024,87756510e-03,1.14117789e+002,08889524e+00,-6.12100639e+00,-1.09749207e-02
-4.79638540e-025,03696426e-03,1.14461686e+002,09340574e+00,-6.15132758e+00,-1.00771180e-02
-4.84670666e-025,08377509e-03,1.13356529e+002,08477079e+00,-6.10184048e+00,-1.08907061e-02
-4.68079832e-024,91860603e-03,1.13858193e+002,09042115e+00,-6.12761331e+00,-1.03080928e-02
-4.75805092e-025,03171115e-03,1.13280281e+002,08325999e+00,-6.10496852e+00,-1.09592057e-02
-4.67970616e-024,99139165e-03,1.13825134e+002,08608186e+00,-6.12002672e+00,-1.06542515e-02
-4.76488580e-025,11345471e-03,1.13854345e+002,08842061e+00,-6.13511960e+00,-1.01163689e-02
-4.77900432e-025,15375314e-03,1.13587000e+002,08038319e+00,-6.10903062e+00,-1.11910630e-02
-4.71969891e-025,09040055e-03,1.13667980e+002,08338171e+00,-6.12545343e+00,-1.05773846e-02
-4.73104379e-025,08524232e-03,1.14081646e+002,08551888e+00,-6.12807364e+00,-1.04665007e-02
-4.76982560e-025,06073931e-03,1.13686738e+002,08437326e+00,-6.12902141e+00,-1.05133379e-02
-4.74799378e-024,97426260e-03,1.14024740e+002,08508796e+00,-6.13317732e+00,-1.11804960e-02
-4.81064218e-024,98991141e-03,1.13487323e+002,08451703e+00,-6.12388619e+00,-1.07154907e-02
-4.70922352e-024,97596778e-03,1.13916589e+002,08736695e+00,-6.13450005e+00,-1.05860169e-02
-4.77460564e-025,04604516e-03,1.13704026e+002,08682743e+00,-6.12918013e+00,-1.10840292e-02
-4.78188955e-025,01183305e-03,1.13575076e+002,08336896e+00,-6.12708855e+00,-1.11703705e-02
-4.75300272e-024,96791540e-03,1.13679514e+002,08700880e+00,-6.14031807e+00,-1.06498675e-02
-4.79904821e-024,97799017e-03,1.13468875e+002,08460713e+00,-6.13060086e+00,-1.08298835e-02
-4.75047393e-024,91753684e-03,1.13720589e+002,08170942e+00,-6.13079876e+00,-1.10849100e-02
-4.76665136e-024,89898487e-03,1.13837714e+002,08457404e+00,-6.13185772e+00,-1.08704970e-02
-4.75103190e-024,89446390e-03,1.13957807e+002,08671617e+00,-6.13293984e+00,-1.08864994e-02
-4.77491692e-024,95267354e-03,1.14166241e+002,08512395e+00,-6.13680333e+00,-1.09022712e-02
-4.78038922e-024,95775797e-03,1.14309673e+002,08457470e+00,-6.13595384e+00,-1.09824615e-02
-4.77955960e-024,95251290e-03,1.14054524e+002,08272747e+00,-6.13616854e+00,-1.07840357e-02
-4.74770663e-024,98157699e-03,1.14213302e+002,07993309e+00,-6.14288395e+00,-1.09139961e-02
-4.78922191e-024,91883282e-03,1.14035602e+002,07896523e+00,-6.14567244e+00,-1.07606005e-02
-4.78783184e-024,89568475e-03,1.14194550e+002,07947212e+00,-6.14911344e+00,-1.08458343e-02
-4.82206512e-024,88742271e-03,1.13921352e+002,07576579e+00,-6.14389433e+00,-1.10085578e-02
-4.78608112e-024,81039698e-03,1.13892943e+002,07417110e+00,-6.13859104e+00,-1.08976660e-02
-4.76192086e-024,77786932e-03,1.14240007e+002,07559503e+00,-6.14780804e+00,-1.06663702e-02
-4.80030841e-024,81997456e-03,1.14163935e+002,07176133e+00,-6.14690882e+00,-1.08248469e-02
-4.79078746e-024,80034805e-03,1.14194373e+002,07085614e+00,-6.14395682e+00,-1.09555633e-02
-4.78075537e-024,78788397e-03,1.14553328e+002,07425194e+00,-6.15145772e+00,-1.05509730e-02
-4.79286250e-024,80998787e-03,1.14699557e+002,07608916e+00,-6.14975091e+00,-1.04927178e-02
-4.80582580e-024,81035979e-03,1.14746628e+002,07373212e+00,-6.14885097e+00,-1.08580889e-02
-4.82854088e-024,85223833e-03,1.14359906e+002,07215600e+00,-6.14002322e+00,-1.07162489e-02
-4.77154188e-024,85224494e-03,1.14505432e+002,07776078e+00,-6.14470461e+00,-1.02724247e-02
-4.78470136e-024,91043670e-03,1.14693773e+002,07640690e+00,-6.14512415e+00,-1.05605065e-02
-4.81575769e-024,91731370e-03,1.14123746e+002,07405205e+00,-6.12988400e+00,-1.09762506e-02
-4.77023784e-024,82669629e-03,1.14351513e+002,07882134e+00,-6.14509242e+00,-1.03554214e-02
-4.83094924e-024,89074807e-03,1.14563064e+002,08011113e+00,-6.14576324e+00,-1.00378229e-02
-4.81895965e-024,87043605e-03,1.14122306e+002,07772518e+00,-6.13763985e+00,-1.04515762e-02
-4.80300476e-024,89965932e-03,1.14196667e+002,07811821e+00,-6.13580963e+00,-1.04205557e-02
-4.79882717e-025,00399738e-03,1.14575671e+002,07938664e+00,-6.13881229e+00,-1.00924822e-02
-4.81682493e-024,96338460e-03,1.14801429e+002,07953517e+00,-6.14487974e+00,-9.98058383e-03
-4.85128465e-025,03517531e-03,1.14729246e+002,07687457e+00,-6.13094195e+00,-1.03748818e-02
-4.81478176e-025,06036621e-03,1.14844210e+002,07811470e+00,-6.13245648e+00,-1.01902019e-02
-4.81726338e-025,04622782e-03,1.15004104e+002,08489706e+00,-6.13798132e+00,-9.79081161e-03
-4.83876649e-025,00851237e-03,1.15047625e+002,08268777e+00,-6.13221584e+00,-9.91736064e-03
-4.84301795e-024,96562318e-03,1.15023174e+002,08264909e+00,-6.13035793e+00,-1.00717930e-02
-4.83886411e-024,93015230e-03,1.14907686e+002,08388926e+00,-6.13140816e+00,-9.81130403e-03
-4.84357148e-024,96687687e-03,1.15025375e+002,08664640e+00,-6.13224724e+00,-9.78690430e-03
-4.86741142e-024,98699379e-03,1.15147981e+002,08395939e+00,-6.13189216e+00,-9.93442123e-03
-4.85865410e-025,01078449e-03,1.15093053e+002,08336855e+00,-6.12520195e+00,-1.01307969e-02
-4.83747748e-024,96658581e-03,1.15266045e+002,08529660e+00,-6.12867860e+00,-9.86188838e-03
-4.82430661e-025,00917449e-03,1.15548609e+002,08598949e+00,-6.13176122e+00,-9.83450425e-03
-4.85696365e-025,07198677e-03,1.15378071e+002,08622475e+00,-6.12640926e+00,-9.99258573e-03
-4.85278301e-025,01318054e-03,1.15205811e+002,08558526e+00,-6.12224726e+00,-1.01946190e-02
-4.84610426e-025,00124854e-03,1.15244172e+002,08648875e+00,-6.12505824e+00,-1.00119831e-02
-4.84575189e-025,03581866e-03,1.14769783e+002,08773316e+00,-6.12047659e+00,-9.80809014e-03
-4.80222830e-025,01035730e-03,1.15112774e+002,08811476e+00,-6.12908214e+00,-1.00364552e-02
-4.86041348e-025,04401047e-03,1.15093925e+002,08604119e+00,-6.12234292e+00,-1.01711828e-02
-4.82167187e-025,07199238e-03,1.15217899e+002,08838679e+00,-6.13206232e+00,-9.83596316e-03
-4.85805010e-025,08852563e-03,1.14749868e+002,08773815e+00,-6.13673774e+00,-9.67393412e-03
-4.83572508e-025,08252615e-03,1.14532186e+002,08491452e+00,-6.12646635e+00,-1.00580425e-02
-4.79649206e-024,96577053e-03,1.14678951e+002,08514153e+00,-6.13932547e+00,-9.99262073e-03
-4.85866119e-024,98779749e-03,1.14715472e+002,08539647e+00,-6.14463943e+00,-9.74892984e-03
-4.85075580e-025,01736534e-03,1.14668354e+002,08750478e+00,-6.14967309e+00,-9.68117936e-03
-4.86282046e-025,07781280e-03,1.14455406e+002,08706594e+00,-6.14334950e+00,-1.00273805e-02
-4.84275742e-024,98904941e-03,1.14353110e+002,08475092e+00,-6.14150905e+00,-1.00044604e-02
-4.81084135e-024,99472644e-03,1.14724741e+002,08568228e+00,-6.15423114e+00,-9.71360865e-03
-4.85863036e-024,96300270e-03,1.14925508e+002,08412814e+00,-6.15468451e+00,-9.81084046e-03
-4.84538640e-024,99264416e-03,1.14496542e+002,08402482e+00,-6.15138301e+00,-9.94894785e-03
-4.82192888e-024,99182064e-03,1.14494947e+002,08426468e+00,-6.15609829e+00,-9.74823788e-03
-4.81551769e-025,05343298e-03,1.14260431e+002,08178415e+00,-6.14941739e+00,-9.73713064e-03
-4.78046372e-025,04955529e-03,1.14343073e+002,08051895e+00,-6.15393250e+00,-9.75978290e-03
-4.80232098e-025,05698738e-03,1.14524803e+002,08413558e+00,-6.17300932e+00,-9.48156723e-03
-4.86699581e-025,18303026e-03,1.13811008e+002,07804182e+00,-6.15413937e+00,-9.86160791e-03
-4.76960069e-025,02453496e-03,1.14255942e+002,07999169e+00,-6.17004267e+00,-9.71995335e-03
-4.83932094e-025,10571408e-03,1.14441758e+002,08152989e+00,-6.18058219e+00,-9.43217679e-03
-4.84358928e-025,13931490e-03,1.13961123e+002,07761696e+00,-6.15967648e+00,-9.68954171e-03
-4.74146756e-025,07654509e-03,1.14634923e+002,07706264e+00,-6.17097494e+00,-9.79250487e-03
-4.79213671e-025,05416806e-03,1.15023355e+002,08173580e+00,-6.18401083e+00,-9.48852005e-03
-4.86590220e-025,13654417e-03,1.14992207e+002,08126742e+00,-6.17764819e+00,-9.71454051e-03
-4.83520230e-025,09579185e-03,1.15118348e+002,08300069e+00,-6.18441998e+00,-9.81385818e-03
-4.86825435e-025,19619067e-03,1.14032415e+002,08103554e+00,-6.16022542e+00,-9.86116401e-03
-4.71080457e-025,11786032e-03,1.14830804e+002,08411936e+00,-6.17907149e+00,-9.78380475e-03
-4.83613596e-025,26456025e-03,1.14780799e+002,08566659e+00,-6.18326663e+00,-9.66531530e-03
-4.84483015e-025,28157103e-03,1.14768145e+002,08265216e+00,-6.17300029e+00,-1.02200045e-02
-4.85163688e-025,27134061e-03,1.14411397e+002,08557407e+00,-6.17437319e+00,-9.64609835e-03
-4.78761681e-025,13154704e-03,1.14548904e+002,08491073e+00,-6.17072566e+00,-9.69298144e-03
-4.82242013e-025,12575152e-03,1.14495129e+002,08674945e+00,-6.17369441e+00,-9.47716317e-03
-4.78929892e-025,10741523e-03,1.14614783e+002,08070148e+00,-6.17207589e+00,-1.01695260e-02
-4.83155569e-025,16237243e-03,1.14728277e+002,08847714e+00,-6.18747921e+00,-9.35965162e-03
-4.86235541e-025,15416339e-03,1.14561761e+002,08817682e+00,-6.17505865e+00,-9.39677910e-03
-4.82832354e-025,10181332e-03,1.14458926e+002,08802652e+00,-6.17490095e+00,-9.65225511e-03
-4.81299739e-025,11943738e-03,1.14429655e+002,09111135e+00,-6.17235431e+00,-9.54065816e-03
-4.78614104e-025,15142589e-03,1.14809712e+002,09084683e+00,-6.17754793e+00,-9.55074777e-03
-4.83017467e-025,18258675e-03,1.14975926e+002,09107759e+00,-6.18221797e+00,-9.47891045e-03
-4.83464530e-025,15691210e-03,1.14967209e+002,09062983e+00,-6.17405357e+00,-9.67190318e-03
-4.83304537e-025,16104912e-03,1.14937069e+002,09037754e+00,-6.17370082e+00,-9.36715560e-03
-4.78030350e-025,13774067e-03,1.14741965e+002,08854295e+00,-6.16897807e+00,-9.51358136e-03
-4.78151900e-025,13927282e-03,1.14984090e+002,09299855e+00,-6.17602541e+00,-9.17805680e-03
-4.80651063e-025,19943876e-03,1.15185150e+002,09080119e+00,-6.17603517e+00,-9.48306410e-03
-4.82899340e-025,14708223e-03,1.15133451e+002,08857130e+00,-6.17309930e+00,-9.57838940e-03
-4.80032054e-025,16140758e-03,1.15038394e+002,09143192e+00,-6.17577123e+00,-9.26085665e-03
-4.79649224e-025,14858995e-03,1.14561971e+002,09131892e+00,-6.16306209e+00,-9.27758329e-03
-4.76652493e-025,12854757e-03,1.14905813e+002,09120188e+00,-6.16739953e+00,-9.53754125e-03
-4.79702389e-025,11212273e-03,1.15256086e+002,09594906e+00,-6.17803624e+00,-9.36213138e-03
-4.85890022e-025,17728385e-03,1.14921277e+002,09415751e+00,-6.16677797e+00,-9.50421488e-03
-4.81732962e-025,15422122e-03,1.15197219e+002,09665488e+00,-6.17553029e+00,-9.27122903e-03
-4.84311234e-025,19562745e-03,1.14611385e+002,09467785e+00,-6.15770755e+00,-9.23713895e-03
-4.74129454e-025,05255669e-03,1.15122747e+002,09276463e+00,-6.16519276e+00,-9.43283502e-03
-4.81112389e-025,05992719e-03,1.15298298e+002,09599042e+00,-6.17068807e+00,-9.09797456e-03
-4.80376071e-025,04825610e-03,1.15726457e+002,09881539e+00,-6.17705538e+00,-8.91063026e-03
-4.88091382e-025,19112674e-03,1.15504196e+002,09945225e+00,-6.16893070e+00,-9.03686253e-03
-4.81405459e-025,12502346e-03,1.15305670e+002,09449818e+00,-6.15582956e+00,-9.56161097e-03
-4.79345212e-025,15393183e-03,1.15355389e+002,10070538e+00,-6.16985270e+00,-8.64772337e-03
-4.80602477e-025,14678988e-03,1.15256364e+002,10061283e+00,-6.16805752e+00,-8.77632094e-03
-4.81430370e-025,13437235e-03,1.15141502e+002,09776761e+00,-6.15877228e+00,-9.28005650e-03
-4.80593544e-025,15498235e-03,1.15342792e+002,10095368e+00,-6.16655052e+00,-8.89244951e-03
-4.82652266e-025,21717579e-03,1.15524887e+002,10496700e+00,-6.15851220e+00,-8.78632090e-03
-4.80478554e-025,15155454e-03,1.15596625e+002,10619770e+00,-6.16006402e+00,-8.91661412e-03
-4.82288682e-025,25076379e-03,1.15533808e+002,10591216e+00,-6.15146108e+00,-8.96615538e-03
-4.79902433e-025,19890885e-03,1.15494438e+002,10660085e+00,-6.15315833e+00,-8.83248540e-03
-4.78877389e-025,21846364e-03,1.15650083e+002,10637649e+00,-6.15839521e+00,-8.78942290e-03
-4.81370708e-025,24609483e-03,1.15640230e+002,10578474e+00,-6.15606440e+00,-8.83435484e-03
-4.80578421e-025,22857487e-03,1.15788511e+002,10630039e+00,-6.16095125e+00,-8.74627115e-03
-4.81763691e-025,30169993e-03,1.15660827e+002,10653790e+00,-6.15469501e+00,-8.83711904e-03
-4.77384179e-025,24020422e-03,1.15924182e+002,10958438e+00,-6.15734442e+00,-8.77841230e-03
-4.81205484e-025,29508585e-03,1.15890663e+002,11322017e+00,-6.16023409e+00,-8.66916142e-03
-4.81352332e-025,24877523e-03,1.15877513e+002,11121954e+00,-6.15400635e+00,-8.80731895e-03
-4.77654404e-025,21716307e-03,1.15920171e+002,11207592e+00,-6.15690001e+00,-8.93638034e-03
-4.79380686e-025,22884462e-03,1.16137172e+002,11387573e+00,-6.15795426e+00,-8.79494958e-03
-4.78585092e-025,21716358e-03,1.16275492e+002,11749426e+00,-6.16320636e+00,-8.49453845e-03
-4.80164836e-025,30510942e-03,1.16115205e+002,11525222e+00,-6.15731966e+00,-8.92710436e-03
-4.78322930e-025,27306389e-03,1.16262438e+002,11368388e+00,-6.16128164e+00,-9.01565286e-03
-4.79362607e-025,28207959e-03,1.16226180e+002,11569480e+00,-6.16800363e+00,-8.54016141e-03
-4.79275088e-025,31238179e-03,1.15863574e+002,11459667e+00,-6.16376078e+00,-8.68361283e-03
-4.76608805e-025,34773951e-03,1.15885481e+002,11171127e+00,-6.16307944e+00,-9.12471467e-03
-4.77640873e-025,34471633e-03,1.15911386e+002,11322037e+00,-6.16898822e+00,-9.04507728e-03
-4.78175732e-025,36451281e-03,1.16000882e+002,11525609e+00,-6.17849409e+00,-8.64101425e-03
-4.80170596e-025,33815010e-03,1.15849454e+002,11182558e+00,-6.17725258e+00,-8.77375308e-03
-4.77410914e-025,34492684e-03,1.15541774e+002,10556372e+00,-6.17331617e+00,-9.22977879e-03
-4.74370851e-025,31403521e-03,1.15847364e+002,10832313e+00,-6.18877472e+00,-8.91630059e-03
-4.79063631e-025,33700215e-03,1.15829427e+002,10953169e+00,-6.18923667e+00,-8.99555380e-03
-4.78967789e-025,30678958e-03,1.15731560e+002,10533631e+00,-6.19112435e+00,-9.18169814e-03
-4.78075780e-025,30556174e-03,1.15488848e+002,10540104e+00,-6.19312122e+00,-9.13393555e-03
-4.76721889e-025,22832055e-03,1.15442040e+002,10561829e+00,-6.19085762e+00,-9.08389827e-03
-4.74617919e-025,22467029e-03,1.15260292e+002,10585473e+00,-6.19627938e+00,-9.06403816e-03
-4.76869267e-025,24414957e-03,1.15040752e+002,10469258e+00,-6.19561700e+00,-9.22492669e-03
-4.76656883e-025,19777686e-03,1.15008720e+002,10347236e+00,-6.20031296e+00,-9.30755755e-03
-4.79185047e-025,19347401e-03,1.15207093e+002,10281509e+00,-6.19850608e+00,-9.29555800e-03
-4.76941434e-025,20980377e-03,1.15105816e+002,10138172e+00,-6.19482978e+00,-9.11468376e-03
-4.72969156e-025,17476881e-03,1.15069802e+002,10164617e+00,-6.19896320e+00,-9.18667974e-03
-4.77156957e-025,23354201e-03,1.14969661e+002,09721543e+00,-6.19226917e+00,-9.26241223e-03
-4.72634498e-025,22138520e-03,1.15571995e+002,09789760e+00,-6.20250280e+00,-9.22986210e-03
-4.79211126e-025,23388589e-03,1.15468201e+002,09852172e+00,-6.20366610e+00,-8.89003743e-03
-4.77389796e-025,17609326e-03,1.15400346e+002,09578098e+00,-6.19361430e+00,-9.32991099e-03
-4.76540127e-025,13460253e-03,1.15020109e+002,09969194e+00,-6.19192759e+00,-9.21845108e-03
-4.73556499e-025,15127884e-03,1.15154885e+002,10048502e+00,-6.19385677e+00,-9.10922052e-03
-4.74382861e-025,08031051e-03,1.15408117e+002,10148166e+00,-6.20279687e+00,-9.03399882e-03
-4.80665340e-025,15451572e-03,1.15447230e+002,10069492e+00,-6.19813500e+00,-9.23154434e-03
-4.78962549e-025,17889957e-03,1.15223558e+002,10021698e+00,-6.19017874e+00,-9.33992844e-03
-4.76168786e-025,19438323e-03,1.15166228e+002,10050292e+00,-6.19572192e+00,-9.01718595e-03
-4.76304134e-025,21033465e-03,1.15184141e+002,10065719e+00,-6.19503926e+00,-8.89046018e-03
-4.77571407e-025,19168732e-03,1.15066607e+002,09645806e+00,-6.19210537e+00,-9.15139130e-03
-4.76814320e-025,18727233e-03,1.15470765e+002,09772087e+00,-6.19540546e+00,-9.29495245e-03
-4.80311948e-025,24445876e-03,1.15625935e+002,10158710e+00,-6.19830644e+00,-8.84448664e-03
-4.77521938e-025,24650361e-03,1.15845646e+002,09941574e+00,-6.19724294e+00,-9.17655952e-03
-4.79896239e-025,25764155e-03,1.15408256e+002,09906884e+00,-6.19131375e+00,-9.28567373e-03
-4.75060998e-025,23364660e-03,1.15841243e+002,10197851e+00,-6.19840961e+00,-8.97637438e-03
-4.77951115e-025,22251521e-03,1.15767528e+002,10175745e+00,-6.20048212e+00,-8.94921132e-03
-4.76894324e-025,19208362e-03,1.15896908e+002,09828010e+00,-6.20281098e+00,-9.26909824e-03
-4.79121177e-025,22667271e-03,1.15449627e+002,09666149e+00,-6.19939416e+00,-9.23503008e-03
-4.76269993e-025,26182527e-03,1.15409436e+002,09729320e+00,-6.20431380e+00,-9.33995154e-03
-4.77743462e-025,28873573e-03,1.15339128e+002,09785831e+00,-6.20617942e+00,-9.14989502e-03
-4.76934537e-025,25135601e-03,1.15251875e+002,09541414e+00,-6.20335566e+00,-9.30836583e-03
-4.76911723e-025,29627755e-03,1.14984644e+002,09574931e+00,-6.20513799e+00,-9.35355162e-03
-4.75776048e-025,29009710e-03,1.14846676e+002,09253467e+00,-6.20129229e+00,-9.51758990e-03
-4.74829990e-025,29961375e-03,1.14947143e+002,09327224e+00,-6.21127538e+00,-9.27652506e-03
-4.79103223e-025,30386381e-03,1.14774820e+002,09118414e+00,-6.20958103e+00,-9.26839162e-03
-4.78112626e-025,24950013e-03,1.14602109e+002,08915869e+00,-6.20517303e+00,-9.59993347e-03
-4.76301497e-025,23638077e-03,1.14470073e+002,09056168e+00,-6.21140686e+00,-9.36434353e-03
-4.78335901e-025,25201621e-03,1.14161093e+002,09033215e+00,-6.21499667e+00,-9.23138782e-03
-4.77234237e-025,25362148e-03,1.14061960e+002,08881570e+00,-6.21611740e+00,-9.42400023e-03
-4.79704543e-025,23760726e-03,1.13874750e+002,08644349e+00,-6.21371464e+00,-9.62906725e-03
-4.78626853e-025,27596012e-03,1.13986154e+002,08859274e+00,-6.21848224e+00,-9.47520148e-03
-4.80708053e-025,30706251e-03,1.13931543e+002,09047569e+00,-6.22122753e+00,-9.27229102e-03
-4.79549808e-025,27924899e-03,1.13866606e+002,09044893e+00,-6.21855619e+00,-9.67299947e-03
-4.80553262e-025,28805870e-03,1.13389618e+002,08992727e+00,-6.21972138e+00,-9.68340505e-03
-4.78264569e-025,24490861e-03,1.13568966e+002,08998062e+00,-6.22721398e+00,-9.53813749e-03
-4.81161142e-025,28891654e-03,1.13577696e+002,09267799e+00,-6.22683329e+00,-9.55693959e-03
-4.79404791e-025,21710391e-03,1.13641980e+002,08963484e+00,-6.22725818e+00,-9.83200269e-03
-4.81118793e-025,17296012e-03,1.13527776e+002,08972310e+00,-6.22973275e+00,-9.75116463e-03
-4.80969298e-025,19082453e-03,1.13500605e+002,09084300e+00,-6.23459448e+00,-9.47961579e-03
-4.80607074e-025,21548874e-03,1.13607683e+002,08924614e+00,-6.23419615e+00,-9.65185304e-03
-4.80697982e-025,23113226e-03,1.13643498e+002,08888112e+00,-6.22811604e+00,-9.84147112e-03
-4.79126525e-025,15570829e-03,1.13710869e+002,09026597e+00,-6.23269895e+00,-9.64755314e-03
-4.79732974e-025,17766952e-03,1.13615995e+002,09203182e+00,-6.23172509e+00,-9.61136675e-03
-4.78757034e-025,15841352e-03,1.13535690e+002,09163810e+00,-6.23156499e+00,-9.78716525e-03
-4.79033094e-025,15656856e-03,1.13939649e+002,09187791e+00,-6.23450523e+00,-9.83341507e-03
-4.80077393e-025,12613785e-03,1.13807617e+002,09453974e+00,-6.23296195e+00,-9.77685275e-03
-4.77297295e-025,13870653e-03,1.13839101e+002,09724763e+00,-6.23795239e+00,-9.67713084e-03
-4.79967068e-025,14876452e-03,1.13679322e+002,09432611e+00,-6.23384280e+00,-9.87215211e-03
-4.78172208e-025,10654281e-03,1.13634461e+002,09558837e+00,-6.23574582e+00,-9.79171917e-03
-4.78037308e-025,15926687e-03,1.13689497e+002,09591282e+00,-6.24015814e+00,-9.68523968e-03
-4.78456014e-025,18001593e-03,1.13335427e+002,09645971e+00,-6.23990843e+00,-9.81904869e-03
-4.77977334e-025,15127068e-03,1.13586464e+002,09801627e+00,-6.25061043e+00,-9.61085618e-03
-4.79446155e-025,19458506e-03,1.13396441e+002,09650825e+00,-6.24685310e+00,-9.71597766e-03
-4.76155366e-025,13197490e-03,1.13569358e+002,09459120e+00,-6.25248413e+00,-9.98917423e-03
-4.77745178e-025,18042469e-03,1.13749071e+002,10013667e+00,-6.25987824e+00,-9.74910940e-03
-4.79321527e-025,18095655e-03,1.13698793e+002,10025883e+00,-6.25771187e+00,-9.65203306e-03
-4.76225733e-025,14516313e-03,1.13396288e+002,09839246e+00,-6.25293363e+00,-9.83166375e-03
-4.73908101e-025,08356076e-03,1.13516248e+002,09630116e+00,-6.25026030e+00,-1.00752204e-02
-4.72957204e-025,01738699e-03,1.14048774e+002,10160445e+00,-6.26078273e+00,-9.53819738e-03
-4.74669131e-025,02199183e-03,1.14313512e+002,10110973e+00,-6.26272058e+00,-9.52282485e-03
-4.75574646e-025,03571221e-03,1.14074445e+002,09696225e+00,-6.25153489e+00,-1.00456757e-02
-4.71107848e-024,95025448e-03,1.14240089e+002,09682664e+00,-6.26097245e+00,-9.77137663e-03
-4.72360444e-024,94096765e-03,1.14419041e+002,10054452e+00,-6.26608074e+00,-9.46912357e-03
-4.73285376e-024,96207259e-03,1.14373685e+002,09818195e+00,-6.25975060e+00,-9.79523993e-03
-4.68137266e-024,92507155e-03,1.14644089e+002,09415522e+00,-6.26366047e+00,-1.00263844e-02
-4.69520935e-024,99681108e-03,1.14598650e+002,09478815e+00,-6.26660900e+00,-9.76649997e-03
-4.68409182e-024,99446368e-03,1.14738229e+002,09669386e+00,-6.27193889e+00,-9.51798636e-03
-4.69203957e-025,03873187e-03,1.14795709e+002,09526811e+00,-6.26861676e+00,-9.83233489e-03
-4.67580138e-025,06491791e-03,1.15223023e+002,09470468e+00,-6.26779203e+00,-1.00518813e-02
-4.68424371e-025,05110593e-03,1.15126446e+002,09809546e+00,-6.27212876e+00,-9.65767025e-03
-4.67587194e-025,04328386e-03,1.15231441e+002,09896706e+00,-6.27319474e+00,-9.61882771e-03
-4.67408362e-025,04649484e-03,1.15082631e+002,09662180e+00,-6.27071591e+00,-9.76890573e-03
-4.65726432e-025,04053666e-03,1.15092392e+002,09767060e+00,-6.27053058e+00,-9.89341598e-03
-4.67088837e-024,94783240e-03,1.15115340e+002,09843823e+00,-6.27297743e+00,-9.49676426e-03
-4.66372254e-025,02737106e-03,1.15080036e+002,09584507e+00,-6.27105572e+00,-9.65500294e-03
-4.65287825e-025,06176991e-03,1.14920249e+002,09643887e+00,-6.27385686e+00,-9.87822396e-03
-4.69324408e-025,06558267e-03,1.15061579e+002,09565353e+00,-6.27331912e+00,-9.86047034e-03
-4.67593399e-025,03681572e-03,1.14938327e+002,09607078e+00,-6.27398197e+00,-9.79368295e-03
-4.68310009e-024,97834376e-03,1.14644320e+002,09416354e+00,-6.27163809e+00,-9.74679419e-03
-4.65747794e-024,97224667e-03,1.14695383e+002,09399517e+00,-6.27853776e+00,-9.99391276e-03
-4.71250825e-025,03461193e-03,1.14797934e+002,09442180e+00,-6.27958741e+00,-9.91334635e-03
-4.71113713e-025,00781605e-03,1.15007949e+002,09742625e+00,-6.27968264e+00,-9.82878598e-03
-4.72502414e-025,05882744e-03,1.14750927e+002,09611113e+00,-6.27472595e+00,-9.83804910e-03
-4.69235688e-025,07641378e-03,1.14727444e+002,09682281e+00,-6.27055931e+00,-1.00819812e-02
-4.69505511e-025,06846126e-03,1.14778918e+002,09827306e+00,-6.27821489e+00,-9.87393645e-03
-4.71112247e-025,07954422e-03,1.14925502e+002,09708376e+00,-6.28210387e+00,-9.87326171e-03
-4.74599600e-025,12684480e-03,1.14799625e+002,09654572e+00,-6.28407885e+00,-9.78625588e-03
-4.74312887e-025,11105269e-03,1.14674145e+002,09408392e+00,-6.27451984e+00,-1.00421947e-02
-4.70295487e-025,05168178e-03,1.14645628e+002,09540559e+00,-6.28051879e+00,-9.69170734e-03
-4.72479972e-025,03592531e-03,1.14525894e+002,09795303e+00,-6.28032792e+00,-9.60174494e-03
-4.72463429e-025,04033181e-03,1.14656855e+002,09379254e+00,-6.27782153e+00,-1.00074731e-02
-4.73835285e-025,04276821e-03,1.14631228e+002,09682956e+00,-6.28454545e+00,-1.00003592e-02
-4.76573820e-025,10436686e-03,1.14630502e+002,09768765e+00,-6.28165190e+00,-9.75873183e-03
-4.75183845e-025,00244795e-03,1.14507521e+002,09724458e+00,-6.28307233e+00,-9.80297734e-03
-4.75519644e-025,03032172e-03,1.14264100e+002,09688986e+00,-6.27830931e+00,-1.00968740e-02
-4.76492127e-025,01347321e-03,1.14084885e+002,09619724e+00,-6.27437580e+00,-9.95412306e-03
-4.74732917e-025,00354589e-03,1.14435212e+002,10120461e+00,-6.28150901e+00,-9.69770193e-03
-4.77459795e-025,00936542e-03,1.13890741e+002,10071862e+00,-6.27148914e+00,-9.84903554e-03
-4.73633957e-024,95004948e-03,1.13974771e+002,10226695e+00,-6.27511134e+00,-1.00714761e-02
-4.78104137e-024,96626348e-03,1.14018605e+002,10481642e+00,-6.27606660e+00,-9.91685728e-03
-4.76222128e-024,93201463e-03,1.14069290e+002,10423590e+00,-6.27695095e+00,-9.70970502e-03
-4.77252239e-025,04009425e-03,1.14155937e+002,10333094e+00,-6.27788649e+00,-9.69512180e-03
-4.78065829e-025,00598067e-03,1.14001554e+002,09764369e+00,-6.26720545e+00,-1.01562430e-02
-4.75313785e-024,92565222e-03,1.14127181e+002,10029603e+00,-6.27609426e+00,-9.79977240e-03
-4.74818855e-024,92583953e-03,1.14456568e+002,10063021e+00,-6.28213297e+00,-9.63859191e-03
-4.77516575e-024,87648314e-03,1.14632178e+002,09825729e+00,-6.28284548e+00,-9.86861635e-03
-4.75910959e-024,85440423e-03,1.14756600e+002,09385852e+00,-6.28641649e+00,-9.95791852e-03
-4.76805049e-024,86712855e-03,1.14380787e+002,09431139e+00,-6.27896588e+00,-9.76098655e-03
-4.71013673e-024,82855409e-03,1.14658648e+002,09389353e+00,-6.28797669e+00,-9.64406135e-03
-4.74067879e-024,86046509e-03,1.14813868e+002,09384271e+00,-6.28702437e+00,-9.82575260e-03
-4.74038693e-024,86644362e-03,1.14889012e+002,09388131e+00,-6.28414642e+00,-9.94520630e-03
-4.72792221e-024,85249822e-03,1.15084231e+002,09463010e+00,-6.28495488e+00,-9.85128859e-03
-4.71607092e-024,85186606e-03,1.15252714e+002,09676767e+00,-6.28423077e+00,-9.79527736e-03
-4.70864359e-024,91229893e-03,1.15228349e+002,09679337e+00,-6.28686500e+00,-9.79840454e-03
-4.70615097e-024,87568601e-03,1.15143812e+002,09336049e+00,-6.28321037e+00,-9.94602109e-03
-4.67968371e-024,87313888e-03,1.15535512e+002,09462976e+00,-6.29132355e+00,-9.96590106e-03
-4.71917707e-024,87679292e-03,1.15420796e+002,09596349e+00,-6.29521530e+00,-9.86140993e-03
-4.72667843e-024,88062411e-03,1.15213683e+002,09596156e+00,-6.29276344e+00,-1.00193426e-02
-4.72156895e-024,97080807e-03,1.14859204e+002,09435682e+00,-6.29164209e+00,-1.01376772e-02
-4.70446200e-024,96890303e-03,1.14910746e+002,09531327e+00,-6.29250949e+00,-1.01669324e-02
-4.70589854e-024,96123148e-03,1.15068637e+002,09598996e+00,-6.30111864e+00,-9.86536699e-03
-4.73780317e-025,02449875e-03,1.14940692e+002,09337917e+00,-6.30141714e+00,-1.00784552e-02
-4.74449042e-025,00345957e-03,1.14841737e+002,08847466e+00,-6.29174686e+00,-1.05916473e-02
-4.73860554e-024,96240013e-03,1.14660800e+002,09204089e+00,-6.30080768e+00,-1.00497125e-02
-4.72245173e-024,90662819e-03,1.14904359e+002,09615989e+00,-6.30785260e+00,-9.80332953e-03
-4.76293069e-025,02265681e-03,1.14858663e+002,09338280e+00,-6.30639987e+00,-1.01600152e-02
-4.77091591e-024,95295601e-03,1.14670080e+002,09145452e+00,-6.30500923e+00,-1.03452368e-02
-4.74661159e-024,90982085e-03,1.14857047e+002,09522695e+00,-6.31330473e+00,-9.98211511e-03
-4.76983397e-024,93771490e-03,1.15055659e+002,09683100e+00,-6.31533531e+00,-9.85187234e-03
-4.76949894e-024,90872214e-03,1.15021853e+002,09473522e+00,-6.31078721e+00,-1.02404288e-02
-4.77142326e-024,93289094e-03,1.15089222e+002,09820780e+00,-6.31655397e+00,-9.93632178e-03
-4.75727692e-024,88946034e-03,1.15279290e+002,09794364e+00,-6.31881267e+00,-9.99542590e-03
-4.78028789e-024,97428949e-03,1.15192532e+002,09653066e+00,-6.31836095e+00,-9.98278232e-03
-4.75885655e-024,97939897e-03,1.15482266e+002,09548255e+00,-6.32203150e+00,-9.87904117e-03
-4.77530123e-025,03044350e-03,1.15351679e+002,09619443e+00,-6.31900973e+00,-9.94023817e-03
-4.75409924e-024,97650543e-03,1.15550024e+002,09624374e+00,-6.32289632e+00,-1.00159179e-02
-4.77668435e-024,90590689e-03,1.15450705e+002,09742398e+00,-6.31844673e+00,-9.94258702e-03
-4.74872447e-024,89516662e-03,1.15631728e+002,09704012e+00,-6.31967822e+00,-1.00140550e-02
-4.76405422e-024,91131978e-03,1.15567217e+002,09605503e+00,-6.31522685e+00,-1.00017398e-02
-4.75704206e-024,86695762e-03,1.15725626e+002,09723617e+00,-6.31699335e+00,-9.96685738e-03
-4.78989241e-024,88804829e-03,1.15807807e+002,09744886e+00,-6.31586920e+00,-9.68872688e-03
-4.75798189e-024,84557955e-03,1.16001369e+002,09699228e+00,-6.31128270e+00,-9.77974725e-03
-4.75663362e-024,82543348e-03,1.16228733e+002,09679669e+00,-6.31192473e+00,-9.85872005e-03
-4.77663191e-024,81284203e-03,1.16235003e+002,10025480e+00,-6.31248059e+00,-9.53651910e-03
-4.78665608e-024,89249728e-03,1.16323554e+002,09797748e+00,-6.31000137e+00,-9.56609325e-03
-4.77414569e-024,89338463e-03,1.16347086e+002,09575699e+00,-6.30486855e+00,-1.00720684e-02
-4.77807814e-024,85018320e-03,1.16473153e+002,09965442e+00,-6.30997048e+00,-9.35561340e-03
-4.76891447e-024,84498238e-03,1.16712376e+002,09879240e+00,-6.30798134e+00,-9.52219284e-03
-4.78831270e-024,82738315e-03,1.16790376e+002,09446195e+00,-6.30182115e+00,-9.65629153e-03
-4.76957045e-024,80091730e-03,1.17049588e+002,09340174e+00,-6.30667324e+00,-9.40255601e-03
-4.79804916e-024,76604759e-03,1.17026728e+002,09270249e+00,-6.30106514e+00,-9.49644225e-03
-4.76740219e-024,68732195e-03,1.17001090e+002,09190251e+00,-6.30243723e+00,-9.30385395e-03
-4.74901924e-024,66007926e-03,1.17331220e+002,08852626e+00,-6.30554593e+00,-9.53233475e-03
-4.79762160e-024,69797173e-03,1.16971370e+002,08756782e+00,-6.30141677e+00,-9.50806060e-03
-4.74979093e-024,67184033e-03,1.17251410e+002,09021819e+00,-6.30505410e+00,-9.39567564e-03
-4.78101799e-024,71709094e-03,1.16958919e+002,08837780e+00,-6.30127640e+00,-9.39329138e-03
-4.75087495e-024,69011454e-03,1.17004097e+002,08649520e+00,-6.29952242e+00,-9.74602117e-03
-4.75523634e-024,67099771e-03,1.16668232e+002,08861260e+00,-6.30217039e+00,-9.48396356e-03
-4.74511699e-024,62417855e-03,1.16720980e+002,08822097e+00,-6.30644537e+00,-9.50772959e-03
-4.76773021e-024,61090798e-03,1.16440339e+002,08533326e+00,-6.30814234e+00,-9.68116495e-03
-4.75921710e-024,68367915e-03,1.16286424e+002,08279531e+00,-6.30944818e+00,-9.77826172e-03
-4.76164843e-024,65107369e-03,1.16138405e+002,08346118e+00,-6.31075653e+00,-9.86773859e-03
-4.74736567e-024,67303308e-03,1.15916203e+002,08155962e+00,-6.31319762e+00,-9.87217389e-03
-4.73642610e-024,72267027e-03,1.16054510e+002,08364114e+00,-6.31733137e+00,-9.81878527e-03
-4.75482650e-024,73647697e-03,1.15823084e+002,08071367e+00,-6.31712722e+00,-1.00750354e-02
-4.74496487e-024,66356440e-03,1.15604915e+002,08108949e+00,-6.31850550e+00,-1.00682731e-02
-4.73067411e-024,58639046e-03,1.15787073e+002,08141777e+00,-6.32839413e+00,-9.80072496e-03
-4.76376914e-024,63311690e-03,1.15793956e+002,07968082e+00,-6.32695555e+00,-9.89008280e-03
-4.75534124e-024,58571134e-03,1.15539830e+002,07788599e+00,-6.32320227e+00,-1.01123497e-02
-4.73264363e-024,57877575e-03,1.15676062e+002,08300932e+00,-6.32724480e+00,-9.98066305e-03
-4.74142789e-024,58200929e-03,1.15725961e+002,08547782e+00,-6.33155637e+00,-9.88941237e-03
-4.75008643e-024,60980397e-03,1.15855639e+002,08483673e+00,-6.33305059e+00,-1.00030689e-02
-4.74712663e-024,62468538e-03,1.15470268e+002,08250812e+00,-6.32877669e+00,-1.01543811e-02
-4.73473043e-024,56864344e-03,1.15437035e+002,08345581e+00,-6.33478497e+00,-1.00533849e-02
-4.73880287e-024,57774054e-03,1.15415078e+002,08476269e+00,-6.33623696e+00,-9.90111433e-03
-4.76640583e-024,57214566e-03,1.15039224e+002,08268808e+00,-6.33301419e+00,-1.00162186e-02
-4.74327239e-024,58565149e-03,1.14844134e+002,08019969e+00,-6.33000485e+00,-1.01918863e-02
-4.75279766e-024,62719179e-03,1.14898494e+002,08335246e+00,-6.33267640e+00,-9.87765698e-03
-4.75276532e-024,70147905e-03,1.15084722e+002,08499779e+00,-6.33092152e+00,-9.82072381e-03
-4.76475080e-024,74200469e-03,1.14997639e+002,08309110e+00,-6.32228167e+00,-9.99235076e-03
-4.74804881e-024,72272492e-03,1.14821156e+002,08426659e+00,-6.32086504e+00,-9.95501817e-03
-4.74684209e-024,70666015e-03,1.14838577e+002,08776614e+00,-6.31954341e+00,-9.85559612e-03
-4.76710373e-024,73119401e-03,1.14709672e+002,08801723e+00,-6.32344519e+00,-9.76243435e-03
-4.77164070e-024,75712708e-03,1.14825213e+002,08890979e+00,-6.31919178e+00,-9.99399399e-03
-4.78702930e-024,79760804e-03,1.14607012e+002,08857263e+00,-6.31687521e+00,-9.90119706e-03
-4.76421532e-024,78197937e-03,1.15031300e+002,09061163e+00,-6.32118875e+00,-9.86877891e-03
-4.80832639e-024,87975310e-03,1.14586374e+002,09061207e+00,-6.31591473e+00,-9.69588634e-03
-4.77460680e-024,88512503e-03,1.14628549e+002,08737209e+00,-6.31724705e+00,-9.83781965e-03
-4.80200882e-024,89313356e-03,1.14599448e+002,08735596e+00,-6.31611100e+00,-9.72807996e-03
-4.78171513e-024,84982542e-03,1.14866103e+002,08991481e+00,-6.31899230e+00,-9.52599102e-03
-4.82571509e-024,92030248e-03,1.14826506e+002,08880872e+00,-6.31755400e+00,-9.65432047e-03
-4.80718941e-024,86540228e-03,1.14625631e+002,08636208e+00,-6.31058052e+00,-9.73154727e-03
-4.78557752e-024,84262847e-03,1.14480129e+002,08546128e+00,-6.31565785e+00,-9.50341363e-03
-4.83254131e-024,89530900e-03,1.14420183e+002,08325699e+00,-6.31690124e+00,-9.61700782e-03
-4.86097990e-024,89332896e-03,1.13685713e+002,08180864e+00,-6.31388348e+00,-9.51302993e-03
-4.81907903e-024,81909373e-03,1.13686573e+002,07995480e+00,-6.31527663e+00,-9.53890828e-03
-4.83262449e-024,82802866e-03,1.13840728e+002,07975001e+00,-6.31951437e+00,-9.52321027e-03
-4.85738085e-024,76029587e-03,1.13864386e+002,08104151e+00,-6.32472411e+00,-9.24472893e-03
-4.85719643e-024,80031885e-03,1.13726926e+002,07912985e+00,-6.32083509e+00,-9.29471420e-03
-4.84330992e-024,73903170e-03,1.13533168e+002,07516714e+00,-6.31993119e+00,-9.63570236e-03
-4.86204114e-024,79149892e-03,1.13649900e+002,07768846e+00,-6.32569838e+00,-9.22623202e-03
-4.86419918e-024,81570264e-03,1.13480407e+002,07802691e+00,-6.32845961e+00,-9.07131770e-03
-4.85727209e-024,82810578e-03,1.13312696e+002,07637133e+00,-6.32739044e+00,-9.35416919e-03
-4.85731151e-024,88894500e-03,1.13419367e+002,07748186e+00,-6.32961567e+00,-9.42472508e-03
-4.87553523e-024,90510280e-03,1.13308657e+002,07848813e+00,-6.33363834e+00,-9.03154550e-03
-4.87168342e-024,87920698e-03,1.12958111e+002,07721953e+00,-6.33383769e+00,-9.20492499e-03
-4.87352521e-024,92703873e-03,1.12857411e+002,07390726e+00,-6.33201111e+00,-9.59215518e-03
-4.88135413e-024,92461784e-03,1.12991162e+002,07378863e+00,-6.33596857e+00,-9.42036668e-03
-4.88795547e-024,95214200e-03,1.13140637e+002,07658815e+00,-6.34689701e+00,-9.00626213e-03
-4.91205859e-024,94739549e-03,1.12844047e+002,07477522e+00,-6.33695996e+00,-9.36117534e-03
-4.87994944e-024,89868668e-03,1.12859288e+002,07611639e+00,-6.33765936e+00,-9.63684217e-03
-4.88140738e-024,91324738e-03,1.12805225e+002,07679368e+00,-6.34300583e+00,-9.31508846e-03
-4.87849796e-024,94279898e-03,1.12980200e+002,07667938e+00,-6.34730821e+00,-9.26096944e-03
-4.89602249e-024,94091236e-03,1.12971932e+002,07689861e+00,-6.34984869e+00,-9.45701491e-03
-4.90486484e-024,86703064e-03,1.12552929e+002,07447654e+00,-6.34304002e+00,-9.73486057e-03
-4.88771067e-024,89549687e-03,1.12497799e+002,07964197e+00,-6.34944273e+00,-9.25788023e-03
-4.87700467e-024,88960220e-03,1.12607022e+002,08068673e+00,-6.35075649e+00,-9.31345352e-03
-4.88563581e-024,91560985e-03,1.12474231e+002,08118766e+00,-6.34758961e+00,-9.59922019e-03
-4.87817158e-024,90168616e-03,0.930539352,1166249,-6.46186035,-0.01379502
-0.048639730,0124383,0.734395492,15578336,-6.57410374,-0.01753401
-0.048448870,02005084,0.601582382,18097366,-6.65034092,-0.02001914
-0.048479250,02527693,0.508210752,19479127,-6.68564029,-0.02203177
-0.047771810,02854115,0.44408582,20719296,-6.7247357,-0.02298525
-0.048076740,03095849,0.399907822,21360608,-6.7491742,-0.02368012
-0.047996350,03266077,0.372464922,21756202,-6.76503789,-0.02441822
-0.048244630,03385446,0.350521942,22000446,-6.77301241,-0.02467747
-0.047819240,03460386,0.333356092,22019369,-6.77357444,-0.02480321
-0.047488270,0350596,0.321276352,22425789,-6.77623939,-0.0247345
-0.047136880,03539291,0.317677872,22382269,-6.78410429,-0.02504907
-0.047838830,03581605,0.315082992,22845768,-6.79468974,-0.0249882
-0.047976190,03602636,0.309828372,22682665,-6.79305202,-0.02504014
-0.047645020,03620784,0.306889822,22769578,-6.79730252,-0.0249687
-0.047742240,03635422,0.304152182,22948696,-6.78923238,-0.0249381
-0.047211370,03645439,0.300904982,22858466,-6.78869003,-0.02511887
-0.047261280,03652997,0.298809222,23323294,-6.79017981,-0.02494348
-0.047246880,03663249,0.300769312,23581563,-6.79203051,-0.02488038
-0.047619590,0367468,0.303880812,23851063,-6.80069321,-0.02499945
-0.048194770,03690443,0.297223992,23671196,-6.78967537,-0.02520704
-0.04756910,03685638,0.293992072,23840685,-6.79790745,-0.02483605
-0.047689570,03686967,0.289329382,23744607,-6.79268931,-0.02472803
-0.047368660,03683444,0.291472752,23462598,-6.79352151,-0.02502851
-0.047867970,03684455,0.289988792,23679287,-6.80179083,-0.02472417
-0.047987170,0368976,0.292252072,23992522,-6.80457789,-0.02482344
-0.048422290,03699269,0.292139772,24036072,-6.80709604,-0.02461711
-0.048518480,0369976,0.287857232,23679169,-6.7913119,-0.02480427
-0.047996910,03698033,0.286446852,23765017,-6.79323822,-0.02465151
-0.047963950,03702722,0.291152032,24018289,-6.79934442,-0.02447039
-0.048341770,03707263,0.291582312,24085098,-6.80155076,-0.02449748
-0.048739910,03715325,0.289908762,24228232,-6.80185757,-0.02448603
-0.048762920,03720531,0.286244162,23936451,-6.7922604,-0.02459155
-0.04844770,03722637,0.28803462,24382505,-6.79507085,-0.02433533
-0.04870410,03724763,0.287241552,24343442,-6.79256242,-0.02438524
-0.048720220,03730432,0.284779252,24255568,-6.78839797,-0.02457376
-0.048605350,03738163,0.287226212,24545632,-6.7934946,-0.02432453
-0.048996080,03737797,0.28768752,24367139,-6.79221852,-0.02418416
-0.049179410,0374166,0.284351722,24343239,-6.78649097,-0.02442974
-0.048918940,03742736,0.282413692,24383779,-6.78492057,-0.02431927
-0.048852860,03743284,0.283388852,24637252,-6.78660985,-0.02418812
-0.049081440,03748243,0.285687832,24599891,-6.78556516,-0.02436312
-0.049367960,03747314,0.285831032,24698185,-6.7849215,-0.02407529
-0.049031630,03745531,0.28532282,24620771,-6.77842318,-0.02425764
-0.049167860,03751022,0.284457992,24625413,-6.77674388,-0.02424934
-0.049104310,03749358,0.285523532,24828107,-6.77787577,-0.02402502
-0.049274580,03758061,0.284319852,2486913,-6.77272102,-0.02405971
-0.049064790,03751007,0.287186062,24661581,-6.77016742,-0.02431965
-0.049326870,03762174,0.287597162,24939618,-6.77458116,-0.02397285
-0.049378020,0376745,0.287306422,24996353,-6.76966341,-0.02384543
-0.049210820,03767631,0.285002322,2476338,-6.76239319,-0.02414426
-0.0491180,03770927,0.287535912,2506397,-6.76199338,-0.02415645
-0.049272910,03780008,0.287333832,25441949,-6.76940445,-0.0237749
-0.049489380,03782914,0.28667472,25433523,-6.76640866,-0.02401643
-0.049455120,03781303,0.28478122,25270571,-6.76110385,-0.02424848
-0.049430550,03782819,0.284314752,25381886,-6.76485174,-0.02395384
-0.049369820,03780184,0.285145322,25507782,-6.76915596,-0.02387726
-0.049529280,03784159,0.284097432,25122033,-6.76601779,-0.0240703
-0.049377080,03786215,0.282882262,2528589,-6.76872427,-0.02406856
-0.049504210,03788721,0.282097172,25450494,-6.77359777,-0.02382868
-0.049563360,03789757,0.280767232,25362173,-6.77252922,-0.02390344
-0.049727970,03787452,0.277232842,24890589,-6.76959982,-0.02394906
-0.049364790,03782434,0.278573272,24763547,-6.77044656,-0.02403286
-0.049561750,0378086,0.278140222,25082897,-6.77564535,-0.02360831
-0.049602090,03781353,0.277245392,2498344,-6.7751731,-0.0238334
-0.049843820,03781161,0.273408812,24922834,-6.76884665,-0.02400749
-0.049415960,03782155,0.273357372,25237881,-6.77427927,-0.02384224
-0.049668960,03791343,0.271996632,25199598,-6.77680236,-0.02350165
-0.049546670,03789328,0.270771192,25046018,-6.77372391,-0.02381054
-0.049656210,03788689,0.272305532,2493391,-6.77362042,-0.02398714
-0.0495130,0378892,0.274271472,25248392,-6.77543065,-0.02380876
-0.049606770,03794183,0.274102362,25379163,-6.77696176,-0.02354499
-0.049584760,03798412,0.272364542,25145457,-6.77103318,-0.02383567
-0.049502540,03803415,0.272422472,25373583,-6.7695359,-0.02383172
-0.049298310,03801268,0.273935182,25824109,-6.77676527,-0.02366712
-0.049616340,03804679,0.270385532,26052091,-6.77890894,-0.02345837
-0.049570280,038037,0.271276692,25729666,-6.7760248,-0.02384176
-0.049638170,0380855,0.270253912,25941041,-6.77361535,-0.02375283
-0.049257130,03806973,0.273766082,26090456,-6.78049859,-0.02359232
-0.049651210,03811357,0.26905782,26081248,-6.78038544,-0.02337919
-0.049215970,03810337,0.270558882,25961897,-6.77549771,-0.02386308
-0.049375270,03812611,0.27332912,26039812,-6.78014804,-0.02345264
-0.04915210,03815085,0.279701492,26000465,-6.78374422,-0.02349899
-0.049553370,03821786,0.278666422,26304404,-6.78442958,-0.02334745
-0.049249740,03822667,0.279022692,26015475,-6.78007518,-0.02378092
-0.049372730,03818555,0.279002792,25997503,-6.78373692,-0.02366688
-0.049379670,03823273,0.281241082,26297135,-6.79194651,-0.02354195
-0.049723010,03823912,0.279968112,26229717,-6.79021437,-0.02361363
-0.049483260,03814366,0.278457712,26052426,-6.78518995,-0.02400263
-0.049402580,03809583,0.282126642,26161281,-6.79060026,-0.02363678
-0.049353350,03812478,0.283065132,26292764,-6.79316404,-0.02337223
-0.049382910,03816469,0.283669242,25907689,-6.78982823,-0.02412371
-0.049820050,03815891,0.278302362,25914839,-6.78938206,-0.02373226
-0.048933360,03809158,0.284616582,25814089,-6.79373423,-0.02350258
-0.049527410,03803487,0.284651122,2578749,-6.79359648,-0.02328268
-0.049070520,03799747,0.291277292,25526645,-6.78915124,-0.02400689
-0.049869390,03803088,0.291087322,25784186,-6.797552,-0.02350932
-0.049650750,03797029,0.288269662,25747977,-6.7959472,-0.02343104
-0.04937370,03789417,0.290016542,25557252,-6.79619251,-0.02362157
-0.049453810,03800285,0.287359252,2585358,-6.80279487,-0.02333079
-0.049305650,03794725,0.290396312,25563736,-6.80077107,-0.02374415
-0.049710830,03802643,0.285058332,25546753,-6.80478183,-0.02362315
-0.049066510,03805467,0.288027812,25453166,-6.80890473,-0.0237636
-0.049767910,03810458,0.285699362,25735186,-6.81260681,-0.02339884
-0.049372730,03802851,0.286058112,25401565,-6.8084959,-0.02383575
-0.04965430,03802559,0.281655572,25525545,-6.80580898,-0.02380191
-0.049032490,03800864,0.286459552,25967794,-6.81811007,-0.02342168
-0.049570430,03807393,0.284904332,25858026,-6.81593483,-0.02343569
-0.04941070,03811523,0.283141912,25281126,-6.80894131,-0.02396791
-0.049276810,03813751,0.28127862,25436659,-6.8118605,-0.02367312
-0.04928020,03807804,0.280578262,25544683,-6.81358848,-0.02329062
-0.049279240,03801634,0.281854272,24906391,-6.81309294,-0.02369937
-0.049382840,03813506,0.27761312,24416526,-6.81176694,-0.02387477
-0.04927310,03813513,0.276626532,24692474,-6.8202892,-0.02355987
-0.049493160,03818423,0.277276032,24900715,-6.82602263,-0.02337833
-0.049604640,03814627,0.273963342,24380721,-6.814642,-0.02410897
-0.049224640,03807062,0.272560262,24464903,-6.8226441,-0.02376437
-0.049041040,03807315,0.2758562,24768436,-6.8307073,-0.02344252
-0.049372030,03808144,0.27542042,24090872,-6.83221208,-0.02365788
-0.04926530,03800237,0.274639522,23671581,-6.82948589,-0.02395607
-0.049050550,03802291,0.274876812,23809722,-6.83449779,-0.02362192
-0.048988390,03803243,0.274292092,23968404,-6.84199642,-0.02351806
-0.048980550,03800931,0.273299362,23602821,-6.84279028,-0.02376712
-0.048937030,03803596,0.27165332,23674672,-6.8468524,-0.02370388
-0.048781320,03801937,0.274352912,23507827,-6.84971242,-0.02376612
-0.048795550,03813181,0.275505832,23467611,-6.85378558,-0.02383683
-0.048654480,03811551,0.276826432,23306546,-6.85825812,-0.02378728
-0.048561490,03812266,0.280187622,23331361,-6.86221761,-0.02363535
-0.04849560,03810479,0.280482892,23158172,-6.86552939,-0.02392274
-0.048471140,03810488,0.280941752,22943031,-6.86505197,-0.02388687
-0.048093560,0380537,0.285760592,23405166,-6.87514758,-0.02368917
-0.048496970,038081,0.28490372,23086204,-6.87866602,-0.02378562
-0.048386430,03811578,0.284462772,23099016,-6.87541971,-0.02418961
-0.048220720,03813539,0.287962752,23368369,-6.88614385,-0.02372103
-0.048393470,03812042,0.287806862,23461639,-6.89022972,-0.02368483
-0.048546270,03814146,0.284981062,23144556,-6.88448438,-0.02410159
-0.048415850,03808287,0.285380582,23165087,-6.88646629,-0.02407054
-0.048420630,03807351,0.286603672,23441447,-6.89384986,-0.02363431
-0.048703170,03809613,0.284754582,23408331,-6.89097322,-0.02394045
-0.048793460,03813376,0.284381462,23124083,-6.88498427,-0.02414358
-0.04859430,0381392,0.285036192,23424394,-6.88848479,-0.02387491
-0.04857170,03819134,0.286184452,23665834,-6.89359044,-0.02379661
-0.048935260,03820353,0.283573442,23350084,-6.89073896,-0.0240057
-0.048784930,03824348,0.284357062,23339468,-6.89078827,-0.02391148
-0.048673240,0382466,0.284175882,23586075,-6.89380766,-0.02381961
-0.048924770,03822908,0.284740992,2369258,-6.89078534,-0.02385218
-0.048889290,0382325,0.285682752,23854949,-6.89142412,-0.02391936
-0.048972660,03827696,0.286071862,23885662,-6.89015164,-0.02380531
-0.048690410,03822694,0.286398292,23746984,-6.88909496,-0.02403475
-0.048884740,03824017,0.28676022,24016463,-6.89390606,-0.02372897
-0.048923370,03828808,0.285676492,24017689,-6.89114429,-0.02382959
-0.048967160,03826202,0.282679132,23679816,-6.88896591,-0.02418434
-0.048777610,03822892,0.284286432,23780146,-6.89310777,-0.02401136
-0.048996670,03829905,0.285619472,24194146,-6.89635922,-0.02370315
-0.049056050,03834977,0.284270462,23718993,-6.88904333,-0.02418679
-0.048728170,03831755,0.284956192,23890026,-6.88887928,-0.02424669
-0.048754340,03833319,0.287601022,24322771,-6.89882916,-0.02380976
-0.049039460,03833454,0.285942322,2428614,-6.89811995,-0.02382164
-0.048797850,03834298,0.28705482,24022263,-6.89385392,-0.02423162
-0.048836870,03825872,0.286505312,2412257,-6.89944474,-0.02398046
-0.04879410,03830688,0.287049892,24191204,-6.90509448,-0.0236909
-0.049128460,03834683,0.285924852,2400647,-6.90139771,-0.02390061
-0.048883570,0383044,0.286500142,23819062,-6.89589872,-0.02412324
-0.048808420,03825987,0.286616262,23952291,-6.90246089,-0.02378518
-0.048885730,0383306,0.286321362,24219176,-6.90207348,-0.02356147
-0.048948140,03835098,0.287766042,23986105,-6.89738489,-0.02381167
-0.049032450,03834723,0.286223332,23795713,-6.89328335,-0.02387069
-0.048826120,03837866,0.285991682,24056175,-6.8991663,-0.02358998
-0.049029890,03836591,0.285594742,24091235,-6.90318567,-0.02331469
-0.049058690,03839357,0.283228672,23786437,-6.89658119,-0.02382869
-0.049042810,03843086,0.282348822,23997763,-6.89756286,-0.02369907
-0.049045380,03844336,0.282772552,23956674,-6.90103284,-0.02338306
-0.049101870,03848401,0.282610712,2377843,-6.9011547,-0.02356486
-0.049204760,03844885,0.282456982,23862721,-6.90053249,-0.02370182
-0.049076710,03842818,0.282032052,23951951,-6.90085224,-0.02352021
-0.049081230,03845693,0.281381822,23979849,-6.90265894,-0.02336222
-0.049149060,03845244,0.282689442,23696715,-6.89899053,-0.02356409
-0.049231760,0384656,0.282802882,23693592,-6.90158863,-0.02330218
-0.049222290,03848187,0.282613012,2358045,-6.89719423,-0.02326204
-0.049183420,03848635,0.281855492,23778784,-6.89359525,-0.02337336
-0.049075250,03847536,0.284748472,23784319,-6.89982736,-0.02307785
-0.04963580,03853211,0.281035292,23903478,-6.89651532,-0.02291834
-0.049260290,03847511,0.281601672,23662148,-6.89088253,-0.02324853
-0.049366130,03851211,0.281253532,2368247,-6.88864065,-0.02306643
-0.049240460,03856878,0.283012162,24317183,-6.88849069,-0.02272759
-0.049438380,03858515,0.28246992,24249855,-6.88775553,-0.02284315
-0.049384310,0386389,0.281555742,24080474,-6.88004578,-0.02302139
-0.049161230,03859732,0.284997252,24385212,-6.88803202,-0.02257826
-0.04949720,03866348,0.284448942,24727463,-6.88606442,-0.02243964
-0.049411560,03864216,0.282712812,24418826,-6.87529545,-0.02285014
-0.049269270,03867335,0.281393952,2441413,-6.87910165,-0.02267921
-0.049323270,03867037,0.284223592,24844049,-6.88305666,-0.02237922
-0.049532710,03871706,0.282375252,24495825,-6.87997078,-0.02235296
-0.049368160,0386754,0.283202262,24419027,-6.87365861,-0.02262821
-0.049190870,03865777,0.287025432,24486858,-6.87496004,-0.02230045
-0.049070010,03863911,0.288503982,24867448,-6.88041143,-0.0221835
-0.049411030,03866794,0.286319792,24552086,-6.8769131,-0.02234182
-0.049165020,03866147,0.285638192,24395365,-6.87757083,-0.02230476
-0.049106490,0387388,0.28780942,24385133,-6.87739693,-0.02217224
-0.049271220,03875655,0.287166012,24662923,-6.8783906,-0.02193074
-0.049254910,03875653,0.286049772,24806197,-6.86983428,-0.02239383
-0.04927190,03877986,0.286872842,24623325,-6.87063796,-0.02215447
-0.049070720,03883141,0.287642232,24760198,-6.87446121,-0.02196955
-0.049374020,03889763,0.286790022,24677833,-6.87228929,-0.02193892
-0.049216810,03884433,0.285106642,24478747,-6.87123272,-0.02196087
-0.049196260,03883965,0.284329142,24314789,-6.86929852,-0.0221861
-0.049284160,03884767,0.282953832,24562551,-6.87067508,-0.02182188
-0.049124650,03884554,0.283693982,2477599,-6.87561076,-0.02179855
-0.049474720,03888069,0.281129532,2473398,-6.86722677,-0.02211296
-0.049047230,0387854,0.283001242,24715486,-6.86779819,-0.02217907
-0.049271370,03880526,0.283839182,24926796,-6.87134836,-0.02174916
-0.049262350,03873925,0.284015372,24604984,-6.87092881,-0.021873
-0.04926430,03872123,0.282114782,24541372,-6.86328696,-0.02227215
-0.049237570,03871672,0.279917172,24681641,-6.86632308,-0.02205618
-0.049307980,03877389,0.2779132,24870521,-6.86975804,-0.02174223
-0.049482030,03877775,0.280157842,24680722,-6.86370072,-0.02194629
-0.049311680,03883613,0.27841042,24485051,-6.85992834,-0.02222603
-0.049449950,03890757,0.278134822,24874294,-6.8656564,-0.02170303
-0.049521420,03895238,0.278850442,24699343,-6.8656868,-0.02158546
-0.049474310,03892579,0.277527452,24398018,-6.85771319,-0.02204557
-0.049373990,03893375,0.278014982,24372963,-6.85794668,-0.02200934
-0.049476650,03895103,0.2784822,24783273,-6.86582429,-0.02145469
-0.049593530,03895828,0.276783012,24632466,-6.86186047,-0.0216243
-0.049516830,03896262,0.274295662,2431627,-6.85494675,-0.02211641
-0.049434710,03896471,0.275571122,24942389,-6.86277339,-0.02153166
-0.049599220,03906178,0.279929382,25388047,-6.86358397,-0.02138817
-0.049661730,03901848,0.279633082,25300991,-6.85405534,-0.02188206
-0.049452180,03904712,0.279339392,25321265,-6.85438699,-0.02204332
-0.049575970,03901313,0.280131142,25745272,-6.86254742,-0.02153366
-0.049678950,03903419,0.280395552,25922173,-6.86426328,-0.02140298
-0.049645780,03903577,0.27953312,25546628,-6.86022651,-0.02191637
-0.049650690,03905083,0.280184662,25554327,-6.86520193,-0.02180354
-0.049641270,03903482,0.280337832,25996354,-6.873544,-0.02132323
-0.049605030,03903966,0.281775092,25917485,-6.87176565,-0.02158429
-0.049703080,03908312,0.281449862,25861141,-6.86706099,-0.02197101
-0.04960360,03911776,0.2826822,26362498,-6.87372554,-0.02163834
-0.049605470,03914016,0.283377882,26557412,-6.87898797,-0.02137552
-0.049504390,03912151,0.284512352,26480235,-6.87463128,-0.02177984
-0.049622590,03910938,0.28310332,26717739,-6.87608247,-0.02180219
-0.049570210,03901126,0.283168582,27117707,-6.87940804,-0.02159567
-0.0495970,03903221,0.284817412,27277025,-6.88249348,-0.02156426
-0.049575690,03908693,0.282440652,27249405,-6.87995206,-0.02184958
-0.049593730,03910285,0.282223532,27370351,-6.87980726,-0.02189127
-0.049481470,03908624,0.282098792,27644085,-6.88669009,-0.02166628
-0.049493660,03911316,0.284141012,27734679,-6.88789837,-0.02162835
-0.04947480,03912607,0.285687682,27576088,-6.88871766,-0.02172813
-0.049659280,03913311,0.287557562,27685058,-6.88696428,-0.02170775
-0.049421790,03916043,0.28802512,2771431,-6.88965092,-0.02173534
-0.049343220,03914469,0.290707482,28169272,-6.8916304,-0.02158224
-0.049453740,03919123,0.294701492,28142868,-6.89213069,-0.02159028
-0.049456820,03924045,0.294080492,28188467,-6.89143764,-0.02176986
-0.04933140,03919923,0.295104622,28177071,-6.89116738,-0.0217913
-0.049144220,03918938,0.298057452,28414968,-6.8979408,-0.02157399
-0.049362750,03920639,0.29700782,2853308,-6.89996434,-0.02166738
-0.049375750,03924927,0.295450112,28552444,-6.89574077,-0.02186779
-0.04909270,03923764,0.297500122,28723535,-6.90050545,-0.02168117
-0.04918520,0392233,0.300948612,28870777,-6.90499382,-0.02159272
-0.049286990,03930938,0.300759712,28778348,-6.90247984,-0.02178385
-0.049283640,03925817,0.298302622,28777035,-6.90022554,-0.02185053
-0.049185160,03920983,0.297701962,28967302,-6.90099292,-0.02185414
-0.049334980,03917128,0.300393062,29046755,-6.90664401,-0.02174922
-0.049403390,03926269,0.299546182,29137629,-6.90383537,-0.02176558
-0.04923270,03925242,0.297678362,29202214,-6.90109363,-0.02188797
-0.049139090,03930679,0.30040612,2947529,-6.90383241,-0.02189321
-0.049336740,03929372,0.300502012,29586022,-6.90448833,-0.02168348
-0.049319250,03933102,0.30057942,29554437,-6.90416218,-0.02185087
-0.049231150,03929695,0.299573482,29298304,-6.89812035,-0.02207895
-0.049082910,03920212,0.301665192,29539591,-6.8999517,-0.02196468
-0.049190940,03923435,0.301512932,29747551,-6.90419027,-0.02160805
-0.04930950,03919049,0.301299042,29563922,-6.89921587,-0.02175809
-0.049189340,03920024,0.301240272,29444385,-6.89499914,-0.0220594
-0.049157290,03914541,0.300081442,29577061,-6.90015829,-0.02178735
-0.049259230,03915196,0.302230542,2981491,-6.90059999,-0.02157215
-0.049322290,03915525,0.301379142,29549573,-6.89541072,-0.02188746
-0.049228090,0391478,0.301204022,295339,-6.89211169,-0.02216879
-0.049181030,03918641,0.302318672,29793063,-6.89971199,-0.02176774
-0.049345360,03920113,0.301473122,29898937,-6.90269405,-0.0216404
-0.049399890,03923265,0.298605422,29523674,-6.9002458,-0.0220359
-0.049301710,03923577,0.298814732,29609004,-6.89732135,-0.02224246
-0.049336940,03920788,0.300439672,30208727,-6.90254189,-0.02170752
-0.049353320,039234,0.300859952,30349734,-6.90182202,-0.02173551
-0.049357480,03922001,0.300055282,29937313,-6.89594076,-0.02217421
-0.049295310,03920776,0.29970182,299946,-6.89870126,-0.02202321
-0.049280630,03920942,0.300460582,30346414,-6.9053837,-0.02150816
-0.04944630,03928249,0.299497072,30267221,-6.8997674,-0.02177484
-0.049343130,03933386,0.298228012,30028938,-6.89403783,-0.02219341
-0.049311050,03928059,0.298537382,30685107,-6.90078029,-0.02148249
-0.049308850,03925264,0.296897212,30707044,-6.90317059,-0.02142605
-0.049483460,0392036,0.296927632,30274079,-6.89739996,-0.02191214
-0.049345790,03923245,0.2957392,30278598,-6.89567676,-0.02188845
-0.049345950,03927907,0.29992552,30922475,-6.90566517,-0.02139244
-0.04952530,03930426,0.298799712,30860678,-6.8982314,-0.02153557
-0.049461580,03927273,0.297468292,3063169,-6.89507257,-0.02186483
-0.049602110,03928012,0.294980282,30773194,-6.89487382,-0.02152674
-0.049288950,03932324,0.29589212,30866416,-6.8956615,-0.02129389
-0.049420990,0393256,0.295602422,30696715,-6.89578132,-0.02134189
-0.049585290,03932148,0.293875632,30486313,-6.89108632,-0.0215538
-0.04955460,03936866,0.292477672,30696525,-6.89439115,-0.0211797
-0.049341140,03935975,0.295573792,30429364,-6.89090088,-0.0213993
-0.049549250,03930072,0.293976792,30515205,-6.88980327,-0.02128733
-0.049335680,03925126,0.297435392,30832864,-6.8920382,-0.02108781
-0.049592540,03928001,0.295737862,309123,-6.8868268,-0.02115698
-0.049279960,03928236,0.297617322,30898543,-6.88542834,-0.02133992
-0.049500070,03923695,0.300633512,31344194,-6.88946269,-0.02081892
-0.04944460,03923901,0.29912292,31254086,-6.88612418,-0.02080203
-0.049489720,03921848,0.298979162,30904072,-6.87673316,-0.02126928
-0.049197720,03919942,0.298387772,31522204,-6.88039818,-0.02091949
-0.049282660,03927304,0.301751932,32058176,-6.88607585,-0.02048457
-0.049638030,03928175,0.299868762,31612542,-6.8757696,-0.02099321
-0.049219060,03922055,0.300168182,31718048,-6.87697964,-0.02103353
-0.049289260,03921643,0.300104852,3215786,-6.88561747,-0.02047664
-0.049386690,03926724,0.299609752,31959026,-6.88684039,-0.02072951
-0.049530380,03928921,0.295404212,31461499,-6.88318278,-0.02104014
-0.049197550,03927428,0.299097992,31816749,-6.88778597,-0.02072637
-0.049336330,03926633,0.298473772,31831262,-6.89384975,-0.0203214
-0.049439840,03931016,0.296027282,31784533,-6.88413228,-0.02071212
-0.049389050,03923466,0.294866022,31666161,-6.88171913,-0.02089108
-0.04910560,03929081,0.298622,31768181,-6.88783006,-0.02057295
-0.049311750,03931479,0.296686242,31786946,-6.88964554,-0.02052814
-0.0493010,03930125,0.294439852,31610389,-6.88457445,-0.02077947
-0.049210160,03930179,0.29330662,31512998,-6.88268642,-0.02080093
-0.048978390,03919037,0.294468262,31862054,-6.88836086,-0.02078817
-0.049364920,03921269,0.291818532,31725235,-6.89054426,-0.02063591
-0.049149650,03918755,0.291529392,31620165,-6.8890035,-0.02073352
-0.049010,03918151,0.290788322,31284029,-6.88703855,-0.02092505
-0.049130320,03924725,0.289547752,3158589,-6.88601109,-0.02071255
-0.048902470,03924716,0.291532392,31671693,-6.89193141,-0.02049518
-0.049314250,03925159,0.29097222,31246722,-6.8846222,-0.02083748
-0.048986110,03928238,0.292311252,31015686,-6.8829182,-0.0210941
-0.049174220,03922084,0.289615782,31748438,-6.89101805,-0.02046281
-0.049044120,03926384,0.290847952,31529609,-6.89019279,-0.02063556
-0.049220340,03926197,0.289193192,31286952,-6.88627875,-0.02106401
-0.049056710,03921698,0.289579652,31365794,-6.89038436,-0.02086058
-0.04919710,03926712,0.294044792,31562232,-6.89430609,-0.02049827
-0.049072870,03928276,0.295238382,31660664,-6.89244851,-0.02085136
-0.049181770,03927423,0.295571592,31589134,-6.88917891,-0.0210361
-0.048998210,03924933,0.297174112,31974122,-6.89803687,-0.02067442
-0.048972340,03926948,0.298700862,32141638,-6.90065527,-0.02063272
-0.049089510,03926614,0.29733612,32104877,-6.89589274,-0.02101417
-0.048852790,03923917,0.301266942,32071694,-6.89921393,-0.02106245
-0.048918520,03921577,0.300736392,32563869,-6.90038741,-0.02068658
-0.048715690,03921489,0.301485932,32498604,-6.90511722,-0.02084642
-0.048974880,03924394,0.300734072,32356722,-6.90123516,-0.02111825
-0.048794230,03922278,0.299796922,32517636,-6.90505176,-0.02110607
-0.048805110,03920126,0.301381872,32849362,-6.9078177,-0.02092383
-0.048688630,03919881,0.301224272,32623568,-6.90714059,-0.02113012
-0.048733780,03921942,0.302388942,32668458,-6.90926902,-0.02110491
-0.048675630,0391786,0.304081882,32610819,-6.90739689,-0.02106198
-0.048577290,03917137,0.302301982,32498193,-6.9108713,-0.02098242
-0.048584240,03920538,0.303467142,32500566,-6.91110793,-0.02116277
-0.048682470,03919631,0.306028612,32528629,-6.91624434,-0.02117087
-0.048601680,03918483,0.303764952,3236772,-6.91390933,-0.02124915
-0.048468610,03917507,0.300561322,32522504,-6.91824204,-0.02112785
-0.048473540,0392109,0.302433182,32471808,-6.92070387,-0.02115022
-0.048661340,03924106,0.300049612,32325218,-6.91431432,-0.02141356
-0.048345310,03911962,0.300992472,32413845,-6.91507678,-0.0213927
-0.048285210,03914417,0.304201832,32679269,-6.91765041,-0.02111094
-0.048401620,03918606,0.303521722,32506433,-6.91145518,-0.02120985
-0.048362720,03922266,0.300828672,32242685,-6.9062725,-0.02148396
-0.04810670,0392203,0.302387262,32334318,-6.91206548,-0.02129572
-0.048366470,03923756,0.302676012,32282408,-6.91347051,-0.02105286
-0.048485790,03922679,0.301111852,32024369,-6.90686464,-0.02129507
-0.04835460,0392124,0.29873962,31891418,-6.90371068,-0.02143834
-0.048185880,03919386,0.301382172,32009758,-6.90804496,-0.02108696
-0.04850630,0392429,0.301236332,31718552,-6.9055641,-0.02108592
-0.048436150,03925288,0.299954832,31439645,-6.89975947,-0.02142353
-0.04835960,03921745,0.299567872,31372447,-6.89992787,-0.02123728
-0.048355910,03907298,0.30111262,3135415,-6.90489737,-0.02098279
-0.048723860,03911444,0.299618792,31071221,-6.8995723,-0.02118228
-0.048620350,0391308,0.299583922,30796019,-6.89378955,-0.02132252
-0.048381710,03914849,0.302843212,30972491,-6.89895322,-0.02112105
-0.048690810,03917093,0.301373712,30927134,-6.90087839,-0.02093825
-0.048850710,03919312,0.301565032,30822671,-6.89552035,-0.02118572
-0.048669150,03916348,0.301566922,30820044,-6.89446877,-0.02123005
-0.048575490,03919628,0.303845882,31092374,-6.89635674,-0.02112756
-0.048863660,03919915,0.305328152,31110197,-6.89618436,-0.02088902
-0.048825710,03918919,0.306792242,31033059,-6.89274633,-0.02112305
-0.048831820,03922942,0.306072142,30742248,-6.88833411,-0.02136536
-0.048818180,03922385,0.305010892,31012744,-6.89139831,-0.02101168
-0.048847190,03930374,0.306890822,31244006,-6.89659112,-0.02075434
-0.048966170,03940361,0.306556432,3118812,-6.88861606,-0.02119593
-0.048891840,03936735,0.307821812,30996626,-6.88530395,-0.02130431
-0.048872120,03938559,0.306940892,3130419,-6.89135113,-0.0208172
-0.049057440,03930852,0.306333562,31267658,-6.89091713,-0.02078586
-0.048976160,03932043,0.306228362,31017706,-6.88456349,-0.02125156
-0.048893460,0393751,0.308156942,3109565,-6.88806844,-0.02107828
-0.048974090,03935207,0.308941142,31386843,-6.89181655,-0.02067294
-0.048851260,03934903,0.308966112,31305995,-6.88732934,-0.0210315
-0.048920850,03939966,0.306244592,31184792,-6.88286341,-0.02124391
-0.048781520,0393624,0.307991162,31333888,-6.8875233,-0.02095587
-0.048806510,03938365,0.308507792,31510689,-6.88903375,-0.02077473
-0.048740810,0394231,0.311393832,31261468,-6.88856648,-0.02105927
-0.048948250,03942668,0.312206352,31373246,-6.88493139,-0.02113796
-0.048765640,03944747,0.310937712,31607049,-6.88613683,-0.02088171
-0.048593760,03943008,0.310426272,31471062,-6.88935306,-0.02088416
-0.048710810,03940094,0.311611612,31230135,-6.88731704,-0.02107401
-0.048795260,03941493,0.312559452,31193764,-6.88715035,-0.02109793
-0.048740610,03943942,0.313192362,31296279,-6.88575247,-0.02100159
-0.048588390,03937505,0.316140242,31241524,-6.88784808,-0.02098423
-0.048829180,03944119,0.314146922,31092924,-6.886447,-0.02106712
-0.048707360,03940506,0.312275762,31030116,-6.88613473,-0.02100986
-0.048619540,03941324,0.31212312,31259549,-6.88874768,-0.02089338
-0.048662840,03939211,0.315420392,31190213,-6.88860799,-0.0209659
-0.048856430,03941431,0.315274922,31428859,-6.8855796,-0.02089199
-0.048706060,03941444,0.317112252,31279392,-6.88298341,-0.02105055
-0.048719530,03942609,0.317589922,31413633,-6.88283306,-0.02112202
-0.048631280,03945852,0.320791372,31680037,-6.88851408,-0.02087924
-0.048765450,03952869,0.320592322,31622017,-6.88431531,-0.02088704
-0.048624710,03951457,0.31848292,31237782,-6.88048101,-0.02112859
-0.048577150,03954745,0.319537472,3132615,-6.8829701,-0.02120906
-0.048875560,03954093,0.318246212,3163552,-6.88626829,-0.02074981
-0.048766860,03947163,0.31996622,31623237,-6.88348786,-0.02101973
-0.048661680,03951297,0.320601612,31445566,-6.87873017,-0.02133988
-0.048534240,03949705,0.323258442,31894292,-6.88263644,-0.0209293
-0.048708830,03952743,0.32250692,31926826,-6.88755621,-0.02066716
-0.048821590,03953824,0.319670762,31364099,-6.87894644,-0.02107274
-0.04869010,0394731,0.318085152,31341173,-6.87991343,-0.02094946
-0.048658570,03945263,0.319387422,31705313,-6.88575413,-0.02055697
-0.048899420,03942213,0.318442492,31487514,-6.88114018,-0.02070704
-0.048794040,0394236,0.317727512,31059637,-6.87317496,-0.02102761
-0.048661770,03943253,0.320352982,31287615,-6.87529515,-0.02071978
-0.048655790,03943302,0.320172922,31286382,-6.88001432,-0.02047897
-0.048950970,0394187,0.316386092,31111185,-6.87351393,-0.02076116
-0.048674780,03940252,0.317767972,31093227,-6.87552659,-0.02078502
-0.048862380,03944829,0.318739212,31315356,-6.87719757,-0.02054661
-0.048780360,03940283,0.318328932,31233191,-6.87490132,-0.0206153
-0.0487010,03943682,0.31935552,31239339,-6.87651429,-0.02058858
-0.04869370,03949272,0.318847952,31339657,-6.87485271,-0.02062015
-0.048749720,03946866,0.319046022,3122646,-6.87653942,-0.02074235
-0.048751710,03948276,0.318944472,31284886,-6.87402751,-0.02060122
-0.048586890,03953766,0.319859172,31356197,-6.8767759,-0.02050188
-0.048717980,03952785,0.320169922,31037622,-6.87331,-0.02087375
-0.048742660,03951737,0.318763312,31020986,-6.87129346,-0.02079599
-0.048603520,03946612,0.320627352,31187563,-6.87592761,-0.02046667
-0.048772910,03948807,0.320374482,31079758,-6.87246478,-0.02072056
-0.048776760,03949023,0.31937762,30884417,-6.86833478,-0.02094687
-0.048651910,03953635,0.317856832,31163433,-6.87292109,-0.02073956
-0.048714320,03954709,0.319704322,31241545,-6.87375855,-0.02062461
-0.048852580,03956116,0.321652792,3111679,-6.86954597,-0.02092478
-0.048718640,03955877,0.319464752,30954997,-6.86386778,-0.02097239
-0.048419240,03952212,0.321417812,31248687,-6.86939678,-0.02075906
-0.048849630,03949619,0.321962992,31503666,-6.86841546,-0.02065772
-0.048712390,03956746,0.319946472,31152139,-6.86196806,-0.021051
-0.04856830,03948028,0.322675852,31297664,-6.8626605,-0.02104091
-0.048616240,03952959,0.322855982,31747226,-6.87079877,-0.02053831
-0.048690520,03960712,0.323454762,31543484,-6.86561188,-0.02103828
-0.048825630,03955256,0.321094912,31424321,-6.85819695,-0.0211639
-0.0483730,03949809,0.326132972,31736605,-6.8644248,-0.02089844
-0.048778880,0394939,0.320087762,31995476,-6.86111526,-0.02035031
-0.047588320,03940904,0.336238832,31600304,-6.8692588,-0.02158724
-0.049934470,03958907,0.323640482,31880994,-6.86040937,-0.02057722
-0.047764710,03943454,0.328292072,31952638,-6.86247896,-0.02086364
-0.048685080,03948956,0.327959242,31983869,-6.86800461,-0.02082134
-0.048821310,03941332,0.327825272,31851786,-6.86117419,-0.02102386
-0.048851370,0394388,0.325890032,31840731,-6.86454904,-0.02084593
-0.048475110,03941658,0.326127412,31637186,-6.86216753,-0.02106923
-0.048774570,03947543,0.326780772,31764783,-6.86346244,-0.02081965
-0.0488030,03949783,0.327349262,32019829,-6.86430032,-0.02070055
-0.048600260,03950798,0.328086632,32059163,-6.85435762,-0.02112725
-0.048611510,03949354,0.329786462,32106452,-6.85588693,-0.0210022
-0.048671350,03951243,0.328927732,32157737,-6.85562383,-0.02072619
-0.048678270,03949441,0.329683922,3214512,-6.85594476,-0.02072052
-0.048695530,0395896,0.329102172,31918091,-6.8511003,-0.02111482
-0.048754570,0395556,0.32942462,32171863,-6.85268955,-0.0207719
-0.048525230,03960584,0.333516832,32525811,-6.85820522,-0.02053464
-0.048874630,03963876,0.331250882,32161268,-6.85152556,-0.02090025
-0.048662550,03965824,0.330270522,3190271,-6.84775836,-0.02109194
-0.048564880,03965444,0.331811162,32568062,-6.85743655,-0.02062188
-0.048651820,03974797,0.333697392,32562991,-6.85664297,-0.02074433
-0.048681510,03970468,0.33394292,32435877,-6.85502112,-0.0210924
-0.048636770,03966313,0.334938022,32642799,-6.85706041,-0.02097193
-0.048511410,03959844,0.334663532,32974657,-6.8630403,-0.02079645
-0.048653610,03955226,0.334623932,32778316,-6.85908322,-0.02106592
-0.048588460,0396022,0.332398322,32683903,-6.85987069,-0.02110636
-0.048618530,03958152,0.333837282,32838282,-6.86142062,-0.02100465
-0.048537380,03954014,0.335031182,32943398,-6.85907667,-0.02109266
-0.048547940,03950171,0.337278422,3313087,-6.86093942,-0.02111233
-0.048628390,0395094,0.335832792,33090528,-6.85540535,-0.02118303
-0.04835690,0395025,0.336770652,33228877,-6.85578953,-0.02119941
-0.048350840,03943624,0.33834912,33310958,-6.85871026,-0.02102032
-0.048526010,03950029,0.336216942,3341056,-6.85765775,-0.02107898
-0.048494680,03951797,0.334227512,33179964,-6.85370772,-0.02126347
-0.048324270,03950311,0.333196342,33489443,-6.85095845,-0.02137369
-0.048357260,03954212,0.335305522,33771955,-6.85471514,-0.02107735
-0.048362530,03956561,0.33549992,33757274,-6.85365715,-0.02117838
-0.048484220,03958275,0.333989142,33720004,-6.84807582,-0.02141747
-0.048245560,03960442,0.337671442,33605501,-6.85076826,-0.0213328
-0.04833840,03965367,0.339044512,336787,-6.85863929,-0.02101227
-0.048411360,03970836,0.336398952,33603861,-6.85895032,-0.0212076
-0.048487040,03963374,0.336649612,33239363,-6.85372826,-0.02160037
-0.048254220,03958444,0.33721482,33444156,-6.85751105,-0.02132421
-0.04823440,03956744,0.336518462,33682017,-6.86489307,-0.0210478
-0.048578380,03953954,0.332442852,33200595,-6.85798228,-0.02139658
-0.04831730,03949079,0.33113152,333044,-6.85711881,-0.02149428
-0.048279830,03948111,0.329781082,33387253,-6.86394562,-0.02121425
-0.048505170,03954326,0.326854952,335357,-6.86043209,-0.02126166
-0.048445670,03946939,0.326393262,33185961,-6.85869996,-0.02133517
-0.048415140,03951227,0.327907882,33337917,-6.85955562,-0.02137434
-0.04838640,03950805,0.328149592,33273584,-6.85953022,-0.02123928
-0.048318650,03955677,0.330000472,33208771,-6.86088087,-0.02112357
-0.048438530,03959736,0.328738832,32962798,-6.85759598,-0.02116305
-0.048247720,03951265,0.330866452,32982654,-6.85783908,-0.02130829
-0.048369960,03947186,0.333094612,33157891,-6.86085058,-0.02111983
-0.04830240,03946799,0.33138232,33206634,-6.85972565,-0.0210375
-0.048316620,0394589,0.329983562,33150795,-6.85764411,-0.02122494
-0.048316640,03947815,0.330860122,33106338,-6.85590529,-0.0213517
-0.048293210,03945631,0.332329122,33316031,-6.86273852,-0.02104147
-0.048402330,03948017,0.333143942,3322722,-6.86422018,-0.02112608
-0.048457440,03951729,0.331760042,32888691,-6.85841653,-0.02138064
-0.04841380,03945263,0.329660312,32877983,-6.86066677,-0.02117374
-0.048372820,03951801,0.330298392,3302619,-6.86537615,-0.02083999
-0.048478150,03952393,0.329414282,33027828,-6.86401208,-0.02107147
-0.048464650,03952081,0.328945892,32517272,-6.85969931,-0.02132893
-0.048344430,03948209,0.330540512,32728825,-6.86598298,-0.02106086
-0.048314750,03955182,0.331328192,32979936,-6.87056708,-0.02091691
-0.048350010,03955925,0.330682912,32850077,-6.86731424,-0.02127088
-0.048314710,03954072,0.330481922,32748855,-6.86639803,-0.02136179
-0.048260390,0396104,0.329031482,33204628,-6.86917919,-0.02113939
-0.048243180,03957405,0.330741212,3317508,-6.87105417,-0.02108852
-0.04832780,0395807,0.331311822,33005996,-6.87042882,-0.02126608
-0.048229040,03959813,0.329964972,32917706,-6.86977945,-0.02146915
-0.048203160,03965005,0.327812862,33073602,-6.87334457,-0.02113575
-0.048038660,03958625,0.328752132,33067475,-6.87423936,-0.0212188
-0.048247950,03967106,0.329057862,32938488,-6.87509964,-0.02129562
-0.048078790,03967119,0.327295722,32917087,-6.87387634,-0.02135698
-0.047901690,03965249,0.326373962,33126112,-6.87658572,-0.0214097
-0.048138340,03965023,0.326164562,33212708,-6.87923377,-0.02122698
-0.048070170,03965205,0.326067952,33155159,-6.87970484,-0.02129981
-0.048226360,03965065,0.323023592,32999342,-6.87755881,-0.0214127
-0.04793630,03959292,0.323930622,3289262,-6.87383201,-0.02166406
-0.048100590,03957033,0.324740432,33311103,-6.88270376,-0.02118908
-0.048104530,03964034,0.327205972,33306019,-6.8795452,-0.02124495
-0.04813250,03960219,0.327072222,33073695,-6.87366047,-0.02153005
-0.047921430,03951778,0.328329452,33177445,-6.87714426,-0.02139459
-0.048080830,0395421,0.329503642,33571653,-6.88330743,-0.02093926
-0.048247620,03950094,0.328715312,33488725,-6.87910295,-0.02114806
-0.048225180,03947232,0.327990192,33358023,-6.87193988,-0.02145196
-0.048069720,03949624,0.331724582,33767672,-6.87850091,-0.02104199
-0.048209440,03952429,0.3322022,33956898,-6.87775077,-0.02093332
-0.048257110,03948144,0.331292532,3403548,-6.87408683,-0.02108305
-0.048179710,03952128,0.332114672,33919574,-6.87117531,-0.02115783
-0.048312420,03956558,0.335181172,34213559,-6.87232287,-0.02098003
-0.048320620,03952904,0.336837552,3424313,-6.87237438,-0.02092932
-0.048275720,03956377,0.338558872,34273357,-6.86872008,-0.02110498
-0.048268610,03954116,0.341083862,34490372,-6.86995515,-0.02106612
-0.048403550,03954525,0.341686142,34419776,-6.86563401,-0.02109307
-0.048343450,03956582,0.343411512,3435591,-6.86412739,-0.02106829
-0.048410440,03955826,0.345020572,34592092,-6.86691142,-0.02092635
-0.048574220,03958966,0.339991822,34406359,-6.85569126,-0.02136781
-0.048312180,0396044,0.343170482,34784328,-6.86549413,-0.02102161
-0.048573520,03963798,0.343628282,34866798,-6.86067796,-0.02083703
-0.048647910,03968147,0.34210652,34184301,-6.85528354,-0.02129635
-0.04846890,03964425,0.343933422,34411798,-6.85198264,-0.02121735
-0.048700130,03960889,0.341859052,34660462,-6.85268872,-0.02096265
-0.048475930,03963391,0.344250122,34569853,-6.85464894,-0.02103989
-0.048648010,0396221,0.343765772,34675425,-6.85407764,-0.02108598
-0.048646140,03965337,0.341508982,34589717,-6.85359935,-0.0210714
-0.048559170,03960934,0.342769142,34754571,-6.85766055,-0.02099201
-0.048626970,03969278,0.34285322,34965027,-6.85970732,-0.02084501
-0.048705030,03972463,0.340776182,34902071,-6.85692759,-0.02098278
-0.048513230,03963671,0.341882182,34796744,-6.85517695,-0.02117392
-0.048472320,03965108,0.343437692,3509255,-6.86277146,-0.0208383
-0.048499960,03965436,0.341807872,3528823,-6.86264901,-0.02091614
-0.048632530,03961693,0.341201392,34968373,-6.85918378,-0.0211939
-0.048443370,03957577,0.336981462,34669875,-6.85950204,-0.02104549
-0.048151310,03954702,0.33930372,34940673,-6.86719604,-0.0208113
-0.048479140,03962019,0.33759562,35009093,-6.86832897,-0.02086468
-0.048372030,03959824,0.334599722,3480692,-6.86088825,-0.02119146
-0.048240380,03962379,0.333833212,35029036,-6.86891154,-0.0209513
-0.048290380,03962192,0.334805042,3508564,-6.8721309,-0.02088313
-0.048421770,03961442,0.332787942,34898493,-6.87305128,-0.02094714
-0.048200310,03959759,0.330720412,34705744,-6.87410072,-0.02119074
-0.048258450,03959456,0.331844382,34711326,-6.87893463,-0.02105176
-0.04806010,03965029,0.332150272,34911787,-6.88569382,-0.02088275
-0.048227480,03966807,0.332093112,34496338,-6.88404048,-0.02111952
-0.048186160,03968462,0.33100922,3466119,-6.87886176,-0.02121724
-0.047764140,03965132,0.321273332,34883003,-6.87321346,-0.02067611
-0.046358790,03955045,0.329914712,34812332,-6.87797639,-0.02099207
-0.047756260,03960922,0.337986972,34708585,-6.88710194,-0.02129747
-0.048845280,03966282,0.326865692,34635726,-6.87340001,-0.02098801
-0.04720350,0395117,0.340564842,3477207,-6.88786759,-0.02124549
-0.048962990,039618,0.332668152,3517327,-6.87706471,-0.02080261
-0.047577040,03952455,0.334706242,34774127,-6.87164857,-0.02129285
-0.047986210,03950001,0.334578012,35203996,-6.87848281,-0.02095467
-0.047898720,03954196,0.334000152,35284874,-6.87490235,-0.02090058
-0.047712870,03949709,0.331739232,3539347,-6.88028125,-0.0208371
-0.047888530,03947233,0.333809872,35440189,-6.88081932,-0.02084351
-0.048015510,03953153,0.332927652,35036253,-6.87851074,-0.02123776
-0.047949150,03960594,0.332589612,35191153,-6.88329641,-0.02097028
-0.047853330,03962534,0.332880652,3529183,-6.88694513,-0.02063633
-0.047992050,03961042,0.332957422,34922228,-6.88624096,-0.0209653
-0.048020510,0395894,0.33383222,34781967,-6.8812098,-0.02131388
-0.048003320,03961807,0.336611792,35298936,-6.88810678,-0.02068328
-0.048013410,03962046,0.339873212,35310284,-6.88741866,-0.02059343
-0.048189180,03963019,0.338315362,35126849,-6.87476986,-0.02116629
-0.047894790,03958549,0.339364052,35428431,-6.88231804,-0.02077607
-0.0481540,03962355,0.338829552,35834463,-6.88142452,-0.02052142
-0.047935090,03958524,0.339269822,35798662,-6.87651336,-0.0208351
-0.048166360,03961425,0.339568252,35811629,-6.87510948,-0.02094803
-0.04823450,03963217,0.338691272,36071901,-6.87204037,-0.02073906
-0.048060260,03964185,0.340873312,36263532,-6.87599189,-0.02049253
-0.048143390,03968906,0.343224632,36116098,-6.87017706,-0.02073304
-0.048107910,03964639,0.343388872,36038222,-6.86823432,-0.02068536
-0.048057670,03971053,0.34324532,36457253,-6.87137786,-0.02050461
-0.04810580,03965479,0.346394452,36278879,-6.86643418,-0.02055618
-0.048098510,0396851,0.347422472,363235,-6.8675035,-0.02048623
-0.048204390,03968684,0.34633132,36432459,-6.8656126,-0.02059147
-0.048162850,03965751,0.346688432,36111648,-6.86573567,-0.02049641
-0.047924410,03958659,0.349642952,361468,-6.87079205,-0.02049533
-0.048214260,03960798,0.351756632,36258206,-6.86981273,-0.02040623
-0.048118960,03955329,0.352343882,36374214,-6.86681038,-0.02052874
-0.048089880,03958022,0.351830552,36323798,-6.86302933,-0.02063255
-0.048000710,03956863,0.351411262,3645501,-6.86609588,-0.02043217
-0.047968560,03952035,0.354508592,36483115,-6.87078863,-0.02045871
-0.04837010,03952999,0.35443792,36244075,-6.86253991,-0.02074494
-0.048114760,03958708,0.35532312,363411,-6.8630271,-0.02059271
-0.048023910,03961249,0.358834492,36497651,-6.86653847,-0.02040571
-0.048467230,03972441,0.356770042,36278889,-6.86355056,-0.02040389
-0.048177480,03968901,0.356873192,36002014,-6.85956506,-0.02080059
-0.048198250,03971442,0.355008172,36255003,-6.86166928,-0.02054045
-0.048222580,03974818,0.359103812,36255651,-6.86450642,-0.02050068
-0.048602040,03977299,0.356713232,36125876,-6.86118803,-0.02059431
-0.048180440,0397036,0.356354572,36012014,-6.86113543,-0.02064929
-0.048341050,03974943,0.355720922,36025924,-6.86159508,-0.02055423
-0.048345560,03971569,0.358473442,36161775,-6.86881451,-0.02046655
-0.048684920,03975137,0.354995492,36137267,-6.86399115,-0.02060108
-0.048355890,03978307,0.354462522,3610725,-6.86189621,-0.02066511
-0.048378390,03976195,0.355420182,36424098,-6.86500104,-0.02050782
-0.048446790,03969423,0.357617042,36257496,-6.86601259,-0.02053411
-0.048550350,03977091,0.357629162,36097578,-6.86325198,-0.02062182
-0.048370280,03976478,0.359200762,36134874,-6.8614454,-0.02077643
-0.048358790,03974602,0.35888712,36353983,-6.86267539,-0.02066773
-0.048386310,03970471,0.360199392,36456058,-6.86511422,-0.02050295
-0.048353860,039706,0.359007182,36574188,-6.86030929,-0.02073594
-0.048219030,03970408,0.360784852,36434024,-6.86138759,-0.02102908
-0.048343730,03968018,0.358021862,36756218,-6.86489505,-0.02063357
-0.048181980,03971352,0.361596342,36947121,-6.86837278,-0.02068506
-0.048431380,03979064,0.359833382,36654412,-6.86244578,-0.02088218
-0.048090540,03978136,0.361994852,36609471,-6.86234495,-0.02088589
-0.048157590,03974475,0.361993112,36689355,-6.86619019,-0.02050941
-0.048183730,03979423,0.360878282,3666627,-6.86066861,-0.02075241
-0.048007290,03977164,0.362498422,36720225,-6.86175357,-0.02098101
-0.048157750,03973994,0.360680552,36787579,-6.86101459,-0.02071708
-0.047968170,03970129,0.361874592,36921858,-6.86306319,-0.02063356
-0.048135390,03971361,0.362638742,36970692,-6.86212877,-0.02063673
-0.048074320,03969214,0.362909492,36622516,-6.85420804,-0.02090717
-0.047878140,03966399,0.36224872,36743362,-6.86045068,-0.02067741
-0.048034470,03971819,0.362577482,36853249,-6.86223494,-0.02057199
-0.048056240,03968722,0.363242582,36666797,-6.8596768,-0.02078119
-0.04800280,0396854,0.363522492,36856654,-6.85926248,-0.02068085
-0.047818440,03972371,0.364001252,3703932,-6.85976547,-0.02072079
-0.04802230,03975413,0.36305722,37307997,-6.86122985,-0.020581
-0.047858520,0396946,0.364214562,36982863,-6.85774781,-0.02082042
-0.047911830,03978324,0.363361682,369299,-6.85680465,-0.02062074
-0.0476670,03978324,0.364902632,36836555,-6.8554296,-0.02067413
-0.047762930,03981421,0.364750332,37097808,-6.85625696,-0.02059142
-0.047679630,03974647,0.366102392,3716053,-6.85836141,-0.02056453
-0.047848940,03978368,0.36480062,37050903,-6.85463945,-0.02071529
-0.047703150,03974457,0.365487522,36845661,-6.85444971,-0.02081259
-0.047716610,03973422,0.367618792,37276994,-6.86032446,-0.02046576
-0.04788350,03976591,0.366017482,37114031,-6.85594138,-0.02059523
-0.047689690,0397819,0.368110932,37118514,-6.85032301,-0.02102153
-0.04756520,03981391,0.366609612,37330804,-6.85141283,-0.02065313
-0.047379370,03983,0.370278042,37708673,-6.85585823,-0.02034918
-0.047729610,03988243,0.366144442,37118723,-6.84752861,-0.02091363
-0.047423820,03975815,0.367094342,37306954,-6.84917081,-0.02093199
-0.047378890,03981117,0.369991422,37419425,-6.85687214,-0.0205938
-0.047633070,0398147,0.368541712,37400418,-6.85180316,-0.02078945
-0.0475690,03982881,0.36874462,37212735,-6.85104212,-0.02093822
-0.047520380,03975737,0.367890452,37221764,-6.85006009,-0.02091571
-0.04756950,0397729,0.369087662,37230555,-6.85070906,-0.02077641
-0.047594090,03970977,0.369579932,37398311,-6.85025753,-0.02084435
-0.047746240,03971757,0.368788132,37303073,-6.8451051,-0.02089682
-0.047470590,0397414,0.370450782,37000716,-6.84482633,-0.02106132
-0.047675130,0397475,0.369481412,37158258,-6.84663805,-0.0208924
-0.04776170,03972734,0.368679662,36871012,-6.8449581,-0.02091907
-0.047749020,03971444,0.369382452,36589823,-6.8432277,-0.02107181
-0.047726880,03968052,0.370517432,36614808,-6.84136719,-0.02104691
-0.047754390,03972298,0.369807392,36731034,-6.8468417,-0.02081275
-0.047917940,03970032,0.366395562,36534368,-6.84280044,-0.02095374
-0.047816530,03969378,0.366534532,36380212,-6.84065617,-0.0212024
-0.048053970,0396868,0.3650262,36595256,-6.83783453,-0.02104101
-0.047800540,03967861,0.365677612,36531357,-6.83967073,-0.02090082
-0.048041510,03969328,0.36604712,36447409,-6.84023267,-0.02090658
-0.047920510,03970676,0.365221012,36122665,-6.83663437,-0.02127671
-0.048127380,03970295,0.363364782,36388148,-6.8408182,-0.02096603
-0.047884870,03971768,0.362946252,36468785,-6.83908962,-0.02096815
-0.048107490,03974545,0.361483622,36151953,-6.83711873,-0.02101891
-0.047980740,03969758,0.363549342,35928533,-6.83319536,-0.0212439
-0.048040440,03971423,0.362318842,36175515,-6.83497067,-0.02094027
-0.047893460,03975338,0.365416232,36221593,-6.83729711,-0.02089841
-0.048197070,03971142,0.36353492,35991994,-6.83131851,-0.02108967
-0.04807020,0396875,0.364650282,35926676,-6.82662773,-0.0210991
-0.047948020,03975229,0.365781412,36321013,-6.8338336,-0.02074914
-0.04796120,0397857,0.36847412,36163114,-6.82789375,-0.02104446
-0.048088050,03973635,0.364833072,36120225,-6.82365255,-0.02113512
-0.047919760,03981526,0.366632062,36284283,-6.82941794,-0.02094984
-0.048069480,03986032,0.366459842,36456485,-6.82468157,-0.02086937
-0.048004180,03987514,0.36704922,36652491,-6.82475886,-0.02098566
-0.04824610,03986825,0.363722552,36489601,-6.81656616,-0.02113174
-0.047955650,03976836,0.364907872,3686094,-6.81248646,-0.02101365
-0.047828820,03976368,0.36831642,36876363,-6.82106622,-0.02080771
-0.048368880,03987642,0.365864762,3650587,-6.81228791,-0.02098777
-0.047877340,03986815,0.368496522,36469404,-6.81513278,-0.02108772
-0.048280540,03987116,0.367279942,36508685,-6.80405699,-0.0210233
-0.047664320,03978631,0.369078152,36645107,-6.80486036,-0.02095464
-0.047858460,03981625,0.373346822,36885323,-6.81632491,-0.02080355
-0.048511930,03985562,0.367190672,36463544,-6.79236696,-0.02124224
-0.047419690,03976746,0.372836012,36646881,-6.81065002,-0.02112872
-0.048461490,03981882,0.368694712,36966363,-6.80691744,-0.02070546
-0.04802120,03985482,0.367057852,36831026,-6.79107919,-0.0211144
-0.047748560,0397977,0.371042312,37054288,-6.80760177,-0.02106913
-0.048315910,03985701,0.366870332,36809388,-6.79161198,-0.02089653
-0.047643880,03982854,0.3739312,37232201,-6.81123112,-0.02042985
-0.048828320,03996171,0.368688092,36756142,-6.7918051,-0.02096758
-0.047840670,03986204,0.371544672,36659929,-6.78744548,-0.0213398
-0.048159740,03993497,0.374395232,37525444,-6.81063503,-0.02014371
-0.048498190,04003572,0.372835422,36999733,-6.78872224,-0.02079013
-0.048080760,03994999,0.373430582,36997755,-6.79667046,-0.02094378
-0.048558320,03989136,0.365813282,36900662,-6.78503653,-0.02069994
-0.047700040,03981922,0.372138932,36992417,-6.79105775,-0.02062694
-0.048430090,03991292,0.369597162,36940036,-6.79063088,-0.0205245
-0.047959930,03987964,0.369295132,36370248,-6.77809372,-0.02116113
-0.048085780,03986244,0.371992992,36601771,-6.7922163,-0.02041146
-0.04800110,03996485,0.374773212,36560974,-6.78830573,-0.02077153
-0.048385680,03993388,0.367604832,36456849,-6.78461274,-0.02049683
-0.047346740,03983889,0.374176742,36333981,-6.78467157,-0.0211157
-0.04863820,03995253,0.366944682,36572371,-6.77821114,-0.02070332
-0.047698610,03986023,0.369899992,36502112,-6.78308422,-0.0208243
-0.048095820,03983413,0.370424672,3671947,-6.78443328,-0.02072407
-0.048079020,03988775,0.370271482,36853953,-6.78719535,-0.02081245
-0.048279260,03985613,0.368862662,36647021,-6.78375973,-0.02102325
-0.048061380,03980616,0.367188782,36778858,-6.78290707,-0.02077299
-0.047897630,03978491,0.368915012,37156557,-6.79039431,-0.02070601
-0.04847830,03981764,0.365963172,36784481,-6.78159865,-0.02109833
-0.047971830,03982047,0.367539872,36916141,-6.78628019,-0.02111114
-0.048227910,03984811,0.368115062,37319358,-6.79113478,-0.02067588
-0.048268490,03982421,0.367216872,3696654,-6.78739457,-0.02116134
-0.048266930,03983968,0.367008412,37043816,-6.78830946,-0.02121208
-0.048103790,03990356,0.366834062,37183222,-6.78861064,-0.0209564
-0.04810290,03988282,0.369104572,37161339,-6.79166208,-0.02101424
-0.048289380,03993471,0.370357192,36969095,-6.7872707,-0.02119534
-0.048195580,03987568,0.371310992,36954093,-6.7866654,-0.0211844
-0.04800740,03987502,0.374728032,37216611,-6.78807336,-0.0210456
-0.048111480,03981487,0.374992312,3714613,-6.78959678,-0.02111308
-0.048216690,0398462,0.373591712,37238421,-6.79105401,-0.02113782
-0.048119550,0398391,0.374459652,37188327,-6.78806714,-0.02125051
-0.04807020,03986756,0.376749242,37353408,-6.78849431,-0.02120429
-0.048145720,03992994,0.378120792,3746067,-6.7887573,-0.02111463
-0.048252410,03986974,0.376310352,37378872,-6.78425318,-0.02119653
-0.048021070,03986717,0.376202512,37277979,-6.78328992,-0.02131035
-0.047960140,03988129,0.377240652,3756044,-6.78599561,-0.02123746
-0.048214210,03992667,0.378034892,37638493,-6.78629007,-0.02113251
-0.04819410,03990718,0.376078392,37325265,-6.7825765,-0.02136068
-0.048090110,0398712,0.375538712,37511635,-6.78334652,-0.02137379
-0.04807960,03985255,0.376926822,37603333,-6.78880021,-0.02117823
-0.048310640,03991994,0.373538962,37507638,-6.78697083,-0.02116629
-0.04819810,0399098,0.370572782,37298581,-6.78451879,-0.0214146
-0.048119820,0398583,0.373265812,37344719,-6.78686709,-0.02142274
-0.048234140,03987231,0.373809782,37533559,-6.79145304,-0.02112175
-0.048361450,03982499,0.372673872,37497647,-6.79283576,-0.02106378
-0.048169720,03983552,0.371762012,37167808,-6.78380949,-0.02155213
-0.047993170,03980187,0.373807142,37313826,-6.78714991,-0.02138608
-0.048238170,03982981,0.375618312,37399318,-6.79311993,-0.02096057
-0.048299250,03990295,0.373977812,37284738,-6.78422452,-0.02137487
-0.04806050,03990191,0.375010862,3721358,-6.7832458,-0.02161809
-0.048117940,03991461,0.375675572,37453917,-6.78742013,-0.02113987
-0.048080740,03994149,0.378417722,37612542,-6.79161185,-0.02094441
-0.04833340,03998303,0.376366852,37115851,-6.78050959,-0.02139709
-0.048010470,03993463,0.378441692,37194749,-6.78287842,-0.02147063
-0.048044180,03990976,0.382794042,37505855,-6.7918036,-0.02082422
-0.048332830,03988816,0.382219922,37289691,-6.78833257,-0.02097824
-0.048202590,03992639,0.381955152,37108081,-6.78037597,-0.02136477
-0.048080480,03994355,0.382488832,37337349,-6.77804227,-0.02119166
-0.047987670,03990387,0.385247852,380002,-6.78228699,-0.02096642
-0.04813560,03992744,0.385846272,38012852,-6.77982701,-0.02116616
-0.048135980,03993054,0.384502182,37918455,-6.7767058,-0.02130572
-0.047982910,03990888,0.38432772,37996606,-6.78019897,-0.02108732
-0.048016670,0398995,0.38269942,38009193,-6.77699316,-0.02125053
-0.047955760,03984542,0.383883932,37911516,-6.77857415,-0.02131514
-0.048052270,03981798,0.384641332,37933175,-6.78211288,-0.02116268
-0.048121120,03984093,0.383911282,37904704,-6.78152975,-0.02128257
-0.048018410,03982963,0.381866332,37791453,-6.77717632,-0.0213473
-0.047798160,03979359,0.384702122,37902982,-6.78387512,-0.02118299
-0.04797240,03983082,0.383617052,37922214,-6.78323262,-0.02127588
-0.048095350,03988067,0.380950192,37670415,-6.78038666,-0.02136572
-0.047865580,03986382,0.379880222,37734557,-6.78749295,-0.0211005
-0.047963670,03988593,0.38108792,3789717,-6.78825205,-0.0210406
-0.048114610,03993486,0.378252132,37609282,-6.78157143,-0.02130857
-0.047840240,03992148,0.379460862,37688049,-6.7843708,-0.02138344
-0.048005660,03991955,0.380617392,38094497,-6.79034822,-0.0210619
-0.048246610,0399662,0.378282322,37768669,-6.78731545,-0.02122891
-0.048009260,0399037,0.380238772,37533701,-6.78592873,-0.02144272
-0.047998740,03985044,0.379136892,37252038,-6.78805989,-0.0214597
-0.047935040,03979853,0.382472292,37854988,-6.79656527,-0.0210351
-0.048297350,03992982,0.379130882,37463792,-6.79064659,-0.02138693
-0.048033660,03991787,0.377084442,37232726,-6.78794317,-0.0215156
-0.047695540,03991596,0.379217522,37686522,-6.79840392,-0.02125291
-0.048220850,03992121,0.378600132,37504632,-6.79585654,-0.02152492
-0.048114380,03988757,0.378644732,37640901,-6.79896178,-0.021538
-0.048286490,03990304,0.375503722,37618979,-6.79513949,-0.02141042
-0.047863090,03986499,0.375391482,37588603,-6.79464055,-0.02172249
-0.048139790,03988949,0.373508672,37830885,-6.79586518,-0.02152532
-0.047984350,0399039,0.374835682,38004055,-6.79645579,-0.02130176
-0.047935750,03994055,0.37611232,37912543,-6.79156526,-0.02171634
-0.047894590,03998656,0.378437842,38200155,-6.79816189,-0.02156943
-0.048312680,04002742,0.37955762,38424679,-6.80235469,-0.02122082
-0.04832230,03998546,0.378795822,3824193,-6.79236479,-0.02167901
-0.048110890,03993415,0.378542082,3828871,-6.78994533,-0.02186644
-0.047942950,03992222,0.379769252,38790374,-6.79442476,-0.02140056
-0.048076210,03993853,0.379504732,38658204,-6.79507664,-0.02139201
-0.048083680,04002373,0.378883952,38232974,-6.78910221,-0.02192781
-0.047964660,03998124,0.380591662,38481981,-6.79503631,-0.02158001
-0.048359930,03998636,0.381723452,38465608,-6.79803727,-0.02127673
-0.048213150,03998603,0.380534652,38098871,-6.79289722,-0.02166902
-0.048158550,03991812,0.380447682,37853586,-6.79139643,-0.02186707
-0.047951950,03982714,0.382515112,38192195,-6.79604639,-0.02161222
-0.048161160,03985439,0.383041252,38521919,-6.79945556,-0.0214021
-0.048289420,03985052,0.379187062,38179094,-6.79354889,-0.02173035
-0.048122330,03986359,0.378913392,38110577,-6.791858,-0.02181111
-0.048017040,03985235,0.382815032,38394387,-6.80024342,-0.02144925
-0.048231510,03990247,0.380053882,38322191,-6.79613007,-0.02153401
-0.048078870,03988746,0.378421652,37928947,-6.79490278,-0.02194451
-0.04813430,03987002,0.378269452,37813105,-6.79487071,-0.02198502
-0.048206620,03984046,0.377331762,38210986,-6.8012568,-0.02139303
-0.048152040,03990195,0.377324612,37948382,-6.79781153,-0.02184912
-0.048229940,03989098,0.375546342,37741387,-6.79271635,-0.02215426
-0.047936980,03982691,0.379457592,38004797,-6.80230719,-0.02177752
-0.048217830,03984178,0.378952262,38110862,-6.80304793,-0.02166612
-0.048184440,03985931,0.377839662,37563947,-6.79991322,-0.02197542
-0.048100050,03985117,0.379986342,37645488,-6.80147873,-0.02203406
-0.048229480,03983537,0.37713962,37889194,-6.80016777,-0.02189168
-0.047944510,03982217,0.378107292,38144225,-6.8033751,-0.02191165
-0.048217310,03983378,0.378716492,38098489,-6.80079103,-0.02202984
-0.048218730,03985518,0.377306432,38031724,-6.7987474,-0.02209952
-0.048128920,03983558,0.376739282,38070366,-6.80269675,-0.02185965
-0.048002020,03979131,0.37969852,38078093,-6.80210935,-0.02189364
-0.048099610,03982371,0.381776582,37903285,-6.79968257,-0.02210102
-0.048097810,03978573,0.382557442,37810837,-6.79822695,-0.02216819
-0.047993260,03983749,0.382280652,38001464,-6.80172634,-0.02184226
-0.047875970,03980095,0.385628812,38276783,-6.80278003,-0.02196977
-0.048442570,03985462,0.3847132,38194337,-6.79648928,-0.02216676
-0.048047220,03987151,0.383871372,38281557,-6.7922737,-0.02233584
-0.048078610,03980045,0.384547662,38690846,-6.797889,-0.02188759
-0.048083350,03991013,0.386207462,38683176,-6.79498775,-0.02204304
-0.048317750,03989733,0.383814422,38438614,-6.79020163,-0.02235268
-0.048039830,03982805,0.383806392,38777399,-6.78985656,-0.02203903
-0.047855010,03987778,0.386366692,39173012,-6.79445193,-0.02182792
-0.048275830,03988813,0.386067322,39051301,-6.7894881,-0.0221956
-0.048312010,03990468,0.382325452,38986174,-6.78558854,-0.02216713
-0.047999380,03992391,0.382709192,39329014,-6.78792978,-0.02205127
-0.048014840,03989805,0.384875082,39418179,-6.78730824,-0.02217726
-0.048164090,04001325,0.384952392,39737537,-6.78964351,-0.02214999
-0.048176330,03993187,0.384892812,39849906,-6.78788022,-0.02200499
-0.048071180,03990477,0.385431042,39811618,-6.78396769,-0.02218962
-0.04802160,03985523,0.38502812,39950394,-6.78729421,-0.02217293
-0.048254850,03998365,0.385100472,40185109,-6.79021098,-0.02194541
-0.048044670,03992892,0.385627652,40012738,-6.79052418,-0.02208681
-0.048030090,03997388,0.389147322,39938825,-6.78856605,-0.02227868
-0.047878660,03998102,0.392311162,40309377,-6.79495388,-0.02193569
-0.048047450,03998015,0.389545922,40534055,-6.79640019,-0.02174497
-0.047981510,03995149,0.389986982,40304086,-6.7917366,-0.02219588
-0.047963410,03993708,0.389552932,4038842,-6.79748277,-0.02203468
-0.04805710,03991397,0.388752192,40722688,-6.80186882,-0.02161599
-0.048172450,03993271,0.386944912,40457615,-6.79855379,-0.02178643
-0.047903480,03995944,0.389343552,40270018,-6.79461441,-0.02213056
-0.048040980,0399659,0.388756662,40614934,-6.80298322,-0.02149163
-0.048021530,04003066,0.388813542,40956851,-6.80678289,-0.02122355
-0.048089330,04011362,0.388414152,40531988,-6.79888689,-0.02186005
-0.048007460,0400138,0.386095882,40614799,-6.79576627,-0.02163836
-0.047728980,03995459,0.390126242,41174333,-6.80415675,-0.02109945
-0.047983490,04002134,0.388251172,40941482,-6.79615399,-0.0215647
-0.047692150,03998888,0.389004682,40752698,-6.79695217,-0.02199825
-0.048027950,04006411,0.390212552,41243048,-6.80383482,-0.02141717
-0.048065210,04003822,0.390542462,41520319,-6.80810064,-0.02123505
-0.048211080,04000759,0.387864192,41121802,-6.79659994,-0.02160918
-0.047621450,03990246,0.388241242,40886131,-6.79660333,-0.02165192
-0.04749640,03989868,0.391956342,41335942,-6.80865465,-0.02128933
-0.048052270,0398854,0.389015872,41144999,-6.8019926,-0.02148388
-0.047659230,03993459,0.391807152,41122866,-6.80806701,-0.02172303
-0.048149570,03996108,0.386312222,40879951,-6.79950039,-0.02163035
-0.047463560,03986859,0.387016142,40990137,-6.80813981,-0.0212303
-0.047784630,03986734,0.385410712,41073731,-6.80637909,-0.02123595
-0.047486790,03987765,0.384295082,40797611,-6.80306091,-0.02186444
-0.047943470,03987642,0.383769852,41055225,-6.81426553,-0.02159536
-0.048055460,03986575,0.385339782,41190111,-6.81558102,-0.02142322
-0.04819550,03989291,0.383698392,41160797,-6.8107938,-0.02139798
-0.04774860,03994794,0.383719242,40877046,-6.80581355,-0.0217146
-0.047839870,03989351,0.38438632,40816611,-6.80864278,-0.02145703
-0.047752430,0399066,0.385431972,40915736,-6.81140886,-0.02157124
-0.048104340,03988308,0.384230142,40610752,-6.80883035,-0.02158547
-0.04800230,039951,0.382453712,40541233,-6.80524629,-0.02163538
-0.047879230,0399028,0.38162872,40525168,-6.80425098,-0.02161246
-0.047890160,03996113,0.382095532,40606673,-6.80446542,-0.02151566
-0.047892420,03992272,0.382987522,40870624,-6.80702012,-0.02163502
-0.048210550,0398858,0.379290032,40730327,-6.79884902,-0.02180172
-0.047923760,03984258,0.379570622,40784759,-6.80449984,-0.02171608
-0.048059330,03990133,0.379754252,41178484,-6.8029856,-0.02133686
-0.047925430,0399002,0.377976892,40908222,-6.79624323,-0.0218879
-0.048030550,03991081,0.374899192,4081436,-6.79599542,-0.02187199
-0.047825680,03987111,0.377336762,41080781,-6.80688843,-0.02139475
-0.048243130,03992862,0.375581192,40949911,-6.80621289,-0.02146478
-0.048312810,03987721,0.374299852,40289118,-6.79882649,-0.02190243
-0.04823550,03989804,0.368940182,40529815,-6.80266828,-0.02153351
-0.048062160,03994786,0.369145832,40533319,-6.80434583,-0.02139612
-0.048195660,04000296,0.370280662,4026582,-6.80076092,-0.02168495
-0.048259450,04001562,0.367330792,40205366,-6.80337577,-0.02161042
-0.048264680,04000472,0.364723072,40406815,-6.80195238,-0.02153892
-0.048144180,03995989,0.364241762,40150309,-6.802151,-0.02154529
-0.048283270,03997221,0.363188792,40200994,-6.8038224,-0.02140549
-0.048177790,03993768,0.362539322,40105258,-6.80290405,-0.02142862
-0.048210460,03996716,0.364680562,40167298,-6.80501659,-0.02160463
-0.048232830,03997276,0.361448142,4037539,-6.80702065,-0.02152976
-0.048350790,04001598,0.363352422,40400738,-6.81103077,-0.02133431
-0.04844480,04002616,0.360875852,40317255,-6.80553908,-0.02141664
-0.048046160,03999977,0.364948432,4026251,-6.80435958,-0.02159109
-0.048028950,04000246,0.36549942,40635691,-6.80831553,-0.02132017
-0.048160670,03998308,0.36490832,41049398,-6.80826396,-0.02118721
-0.04806670,0399994,0.363660992,40924606,-6.80665465,-0.02154133
-0.048054620,0399985,0.359956282,40983146,-6.8060883,-0.02164963
-0.047977990,04004264,0.361937042,41280034,-6.81525175,-0.02122064
-0.048158620,04006922,0.359526022,4108263,-6.81241874,-0.0213246
-0.048025490,04003557,0.357914762,40655059,-6.80641326,-0.02180225
-0.047946230,04000678,0.359765352,41215364,-6.8153874,-0.02131577
-0.048012110,04003161,0.35933842,41307376,-6.81914899,-0.02103887
-0.048096420,04007095,0.358436322,40964473,-6.81131926,-0.02152062
-0.047713060,04002084,0.358722782,40853888,-6.81024781,-0.02175006
-0.047832190,03998569,0.359562652,41411797,-6.82025736,-0.02101026
-0.047818580,04002042,0.360617012,41370808,-6.81991215,-0.02113489
-0.04783640,04002016,0.35877942,40884875,-6.81422502,-0.02158323
-0.04759470,03999047,0.36042792,4103527,-6.81885913,-0.02143365
-0.047721270,03998386,0.360675522,4131309,-6.82804317,-0.02088645
-0.047654250,04006,0.361225442,41023602,-6.82746663,-0.02121503
-0.047806070,04003935,0.359528362,40783844,-6.82365809,-0.02158506
-0.047530320,03998153,0.361145732,41189818,-6.82969565,-0.02127097
-0.047645950,03995978,0.360533582,41188768,-6.83438889,-0.02096671
-0.047587310,03996594,0.359434072,40891971,-6.83192767,-0.02139382
-0.047626580,03992471,0.358310242,40752635,-6.83136476,-0.02156812
-0.047522860,03993465,0.358032822,41074642,-6.83694022,-0.02113326
-0.047388830,0398899,0.356702722,41331804,-6.8387638,-0.02120298
-0.047521260,03988387,0.353720732,41119024,-6.83837927,-0.02151949
-0.047502750,03990725,0.352942082,41245938,-6.840141,-0.02141543
-0.04747660,03997971,0.354758362,41495127,-6.8467379,-0.02122433
-0.047412010,03994538,0.356402742,41286041,-6.84392758,-0.02142172
-0.047590,03996983,0.356782062,41389627,-6.84797953,-0.02118722
-0.047348840,03996772,0.359726242,41215293,-6.85063795,-0.02124079
-0.047605110,03999228,0.358924192,4130856,-6.85057772,-0.02134536
-0.047294420,03995359,0.358716992,41200163,-6.85387331,-0.02140645
-0.047433470,04004487,0.358421452,4148056,-6.85921326,-0.02114707
-0.047415460,03999139,0.35823962,41302753,-6.85811531,-0.02153612
-0.047495380,04003103,0.357697982,41074431,-6.85886267,-0.02143832
-0.047169230,03998996,0.359869422,41300696,-6.86730007,-0.02130606
-0.047507020,04003756,0.359477112,41193787,-6.86544092,-0.02137442
-0.047317910,03999798,0.360117472,4101954,-6.86401601,-0.02162655
-0.047355520,03995694,0.35831492,41164741,-6.86843208,-0.02146447
-0.047294040,03999864,0.357962432,4129938,-6.87332731,-0.02134433
-0.047463790,04002332,0.357950972,40948837,-6.87601774,-0.0215231
-0.047493750,04006899,0.353895662,40633659,-6.87112317,-0.02169309
-0.047179550,04004621,0.355737792,40906727,-6.87840506,-0.02133042
-0.047383320,04006313,0.355343262,41022824,-6.87952664,-0.02127904
-0.04740320,04008445,0.3540892,40966792,-6.87341018,-0.02173962
-0.047245460,04004234,0.350655182,41195062,-6.87879325,-0.02153732
-0.047204520,04006336,0.352200672,41305328,-6.88515032,-0.0212384
-0.047446750,04006075,0.352509452,41206034,-6.88172307,-0.02151468
-0.047322890,04001848,0.350887162,41053491,-6.87903513,-0.02160266
-0.047151510,04008725,0.351931112,41154106,-6.8842569,-0.02127352
-0.047229320,04012917,0.351917282,41205831,-6.88484227,-0.02124512
-0.047310340,04007995,0.350343772,41042695,-6.88829803,-0.02129204
-0.047329680,04014901,0.3488032,41075797,-6.88722805,-0.02141234
-0.047281390,04018291,0.34598862,4086615,-6.88588426,-0.02137733
-0.047146740,04016326,0.346419182,41290059,-6.89096814,-0.02128138
-0.047339820,04012431,0.346341342,4154274,-6.89570786,-0.02111441
-0.047247750,04009769,0.347011362,41221202,-6.89497169,-0.02135058
-0.04716460,04016301,0.346480322,4136975,-6.89634551,-0.02145035
-0.047275710,04016382,0.346376692,41524383,-6.90457778,-0.02118944
-0.047267010,0401736,0.346224492,41659699,-6.90839895,-0.02115149
-0.047206740,0401577,0.344589932,41314038,-6.90947251,-0.02150188
-0.047091250,0401317,0.344171952,41433081,-6.91206536,-0.02146206
-0.047256690,04009033,0.346308122,41660499,-6.92049553,-0.02100859
-0.047218820,04011682,0.346617992,41627419,-6.92130315,-0.02119597
-0.047204120,04010002,0.344593932,41230281,-6.91964145,-0.02160801
-0.047105160,04012854,0.34571712,4144264,-6.92986956,-0.02119038
-0.047217630,04016817,0.345296442,4145814,-6.93974706,-0.02087967
-0.047277190,04017231,0.343597682,4111419,-6.93175563,-0.02153283
-0.047196850,04017074,0.344338082,4097969,-6.93659515,-0.02162763
-0.0472140,04019235,0.343828122,41506772,-6.94621534,-0.02109889
-0.047307560,04022038,0.344867662,41411342,-6.94825723,-0.02113305
-0.047304420,0402242,0.343571452,41164617,-6.94310269,-0.02149542
-0.047228920,04018941,0.344739362,41150493,-6.94952167,-0.02152208
-0.047331820,04019594,0.344443322,41416747,-6.95360292,-0.02123531
-0.047202450,04018815,0.346225972,4159627,-6.95674344,-0.02119159
-0.047406450,0402038,0.344062052,4118807,-6.95252816,-0.0216716
-0.047139490,04017721,0.344620182,41393148,-6.95504508,-0.02151327
-0.047205230,04021011,0.346666312,41798507,-6.96274581,-0.02107536
-0.047172880,04018581,0.347419532,41670211,-6.95843377,-0.02145313
-0.04717960,04017347,0.345427672,41638552,-6.95910695,-0.02142107
-0.047111790,04019301,0.347403492,41814823,-6.96559322,-0.02138039
-0.04726880,04020645,0.347384272,41814603,-6.96495293,-0.0212796
-0.047073950,04019233,0.346972612,4176533,-6.96691963,-0.02126905
-0.0472210,04015463,0.345901742,41603998,-6.96597185,-0.02157426
-0.047160460,04016975,0.346593582,41567047,-6.96761514,-0.02143482
-0.047051360,04011768,0.349317422,41586978,-6.97200062,-0.02136946
-0.047193670,04016255,0.347206382,41478955,-6.97091053,-0.02147731
-0.046953780,0401024,0.347491672,41392665,-6.97114616,-0.02165702
-0.047025390,04012463,0.349106812,41555088,-6.97418196,-0.02142198
-0.046858760,04012313,0.349934672,41706718,-6.97618303,-0.02134677
-0.047004290,04012115,0.351448852,41473228,-6.97240574,-0.0216021
-0.04693850,04010858,0.351863452,41477518,-6.96741238,-0.02174025
-0.046656170,04006594,0.356155752,41808459,-6.97678734,-0.02146161
-0.047087190,04014276,0.3559572,41769291,-6.97472983,-0.02146288
-0.046811290,04009918,0.359535272,41655779,-6.97319631,-0.02181223
-0.04691130,0400947,0.359528872,41982391,-6.97213787,-0.0217037
-0.046763940,0400697,0.361873132,42121101,-6.97270824,-0.02151417
-0.046927720,04003455,0.363970112,42188857,-6.9735085,-0.02164342
-0.046965440,04003573,0.364021962,42129251,-6.96991152,-0.02188529
-0.0469510,04000447,0.362383512,42063864,-6.97401592,-0.02163979
-0.046839710,03996405,0.363688142,42184231,-6.97347575,-0.02162146
-0.046985250,03996369,0.364885512,42159088,-6.97046863,-0.02157307
-0.04688190,03996894,0.367945992,41840739,-6.96688684,-0.02199479
-0.047010790,04000519,0.365463822,41822303,-6.96761125,-0.02162181
-0.046680080,03991935,0.36784482,41848219,-6.97161863,-0.02144303
-0.046917070,03991812,0.367083652,41372976,-6.96445738,-0.02180516
-0.04691410,03986599,0.364706542,41367616,-6.96135803,-0.02168001
-0.046514310,03983282,0.366849112,41466461,-6.96467638,-0.0215665
-0.046632930,03984483,0.369085572,41343232,-6.96504187,-0.02159996
-0.046720620,03984823,0.37069762,41225846,-6.96184161,-0.02172079
-0.046607450,03985034,0.376027712,41216347,-6.96399772,-0.02160128
-0.046434530,03977223,0.37665372,41324092,-6.96077053,-0.02164391
-0.046343530,03977113,0.379083522,41430193,-6.96003391,-0.02172417
-0.046388980,03976202,0.380612232,41701627,-6.96218215,-0.02153681
-0.046327880,03979024,0.379765852,41515773,-6.95588424,-0.02154766
-0.046068320,03981898,0.380998182,41510879,-6.9539572,-0.02165445
-0.046204490,0398524,0.384335182,41582896,-6.95365839,-0.02158296
-0.046453870,03995567,0.381962372,41619578,-6.95409781,-0.02133513
-0.046249820,03997818,0.380941172,41327453,-6.94553235,-0.02201818
-0.046240890,03994591,0.380751172,41458145,-6.94588696,-0.02192864
-0.046273520,03996001,0.381486582,41863691,-6.95424465,-0.02137518
-0.046541830,03996122,0.379169972,41359694,-6.9462711,-0.02183683
-0.046397750,03994481,0.38123312,4130567,-6.94393983,-0.02182903
-0.046263450,03989649,0.384584722,4171164,-6.94781616,-0.02144093
-0.046478150,03994202,0.384199532,41460848,-6.94107771,-0.02152941
-0.046383650,03991182,0.385842152,41425373,-6.93707001,-0.02171503
-0.046309390,03983218,0.386689042,41393294,-6.9371984,-0.02164825
-0.046454730,03990892,0.385717192,41585725,-6.93825645,-0.02134087
-0.04657650,03986998,0.387382622,41287379,-6.93550444,-0.02130746
-0.046575010,0398815,0.385346232,41016132,-6.92570309,-0.02177418
-0.046450990,03981137,0.386837282,41281461,-6.92886072,-0.02127163
-0.046535440,03984993,0.389682382,41333143,-6.93022145,-0.0210902
-0.046778140,03988009,0.389255832,4126368,-6.91919606,-0.02149681
-0.046385880,03978144,0.390321652,41232393,-6.91917196,-0.02143584
-0.046626250,03991533,0.392404842,41554987,-6.91732517,-0.02116355
-0.046530530,03988505,0.395690962,41745918,-6.91284594,-0.02136478
-0.046742440,03990392,0.396757722,41651544,-6.9084901,-0.02118109
-0.046543980,03990874,0.395736972,41354896,-6.90499585,-0.02139437
-0.046699330,03989998,0.394300682,41013353,-6.90178745,-0.02137343
-0.046553520,03983203,0.394988342,40952375,-6.90846496,-0.0210822
-0.046781870,03987609,0.396184112,40651522,-6.90669121,-0.02116259
-0.046876870,03978824,0.394466212,40272227,-6.89980715,-0.02150818
-0.046681190,0397656,0.394066012,40317851,-6.90105992,-0.02126731
-0.046767990,03975629,0.395113862,4031678,-6.90582418,-0.02102178
-0.046763330,03971146,0.398049672,39893636,-6.90168081,-0.02142839
-0.046798440,03967602,0.393990482,39503974,-6.90082582,-0.0213893
-0.04659760,03967127,0.394404152,3991798,-6.90378522,-0.02112892
-0.046816970,03965983,0.395720892,39910021,-6.90011354,-0.02113166
-0.046767170,03963823,0.395425242,39689162,-6.88766988,-0.02157
-0.046561280,03956831,0.398526782,3988924,-6.88757318,-0.0214271
-0.046538270,03962757,0.39867852,39976121,-6.8870872,-0.02100476
-0.046524420,03960689,0.400312722,40062187,-6.88356541,-0.02124525
-0.046758120,03976282,0.396492482,39848546,-6.8785861,-0.02137467
-0.046553890,03971158,0.394943692,39949948,-6.87831385,-0.02131755
-0.046663640,03979885,0.396445612,40218412,-6.88306025,-0.02110563
-0.046945060,03978574,0.397640572,40050111,-6.87928095,-0.0212467
-0.047174280,03973267,0.392538922,40038543,-6.87470491,-0.02112601
-0.046629140,03968419,0.393764242,40206054,-6.87640263,-0.02120338
-0.047041860,03973179,0.392790722,40359117,-6.87371715,-0.02094707
-0.046773140,03970894,0.393614842,40328532,-6.87470355,-0.02112727
-0.047339920,03973467,0.388990692,4038998,-6.87007364,-0.02093994
-0.046773420,03965328,0.392619522,40319001,-6.87009562,-0.02117505
-0.047293930,03977105,0.387733422,40364871,-6.86864115,-0.02063271
-0.04654660,03969211,0.392311582,4017417,-6.86571069,-0.02123799
-0.047484970,0398252,0.387630462,4039373,-6.86526871,-0.02078851
-0.046759030,0397676,0.388911542,40391114,-6.86446755,-0.02104965
-0.047158180,03983915,0.391378082,40505489,-6.87051833,-0.02087163
-0.047528560,03988267,0.388447432,40372955,-6.86595072,-0.02071177
-0.04705150,03987995,0.388958842,40203136,-6.86347189,-0.02121229
-0.047459270,03987527,0.385728492,40367396,-6.86562157,-0.02092188
-0.047120410,03984879,0.388728492,40925515,-6.86476283,-0.02085219
-0.047546460,03990867,0.383689392,40951697,-6.86138228,-0.02072834
-0.046915120,03989388,0.387563952,40711238,-6.85339169,-0.02132393
-0.047426610,03982507,0.385593042,41414645,-6.86175119,-0.02059799
-0.047164070,0397858,0.386661112,41279991,-6.86061483,-0.02080926
-0.047735250,03986763,0.383404312,41064946,-6.85381172,-0.02107563
-0.047234860,03983622,0.385562,41055976,-6.85516208,-0.02127061
-0.047694510,03980485,0.383627922,41323337,-6.85762232,-0.0206912
-0.047521850,03979925,0.385257642,41312734,-6.85504697,-0.02072548
-0.047673040,03978747,0.383677792,41098175,-6.84715907,-0.02114724
-0.047565230,0397089,0.384334022,41455525,-6.84926085,-0.02096731
-0.0477560,03968416,0.384825662,41892284,-6.85277502,-0.02059805
-0.047861030,03970703,0.383348342,4174618,-6.84549607,-0.02098937
-0.047750980,03973124,0.381126422,41526807,-6.8402848,-0.02108643
-0.047675510,03968675,0.383812262,41895188,-6.84638489,-0.02072416
-0.047829050,03968717,0.381359462,42033663,-6.84436349,-0.02065864
-0.047740250,03967937,0.381272162,41907496,-6.83953717,-0.02091337
-0.047770880,03967926,0.383187562,42143433,-6.84233113,-0.02073821
-0.047778280,0396623,0.383562462,42245435,-6.83790515,-0.02087771
-0.047743990,03962261,0.383898992,42212213,-6.84186459,-0.02071634
-0.047788650,03966298,0.384517992,42417405,-6.83932709,-0.02079889
-0.047961470,03966333,0.383892982,42383437,-6.83387683,-0.02088553
-0.047605880,03962065,0.38340182,42400679,-6.83512328,-0.02074873
-0.047775970,03961356,0.3829122,4235413,-6.83541448,-0.02064695
-0.04786830,03964178,0.383517362,42118407,-6.83289907,-0.02077939
-0.047895940,03965352,0.38223442,41922514,-6.82799196,-0.02083649
-0.047746760,03973158,0.38406992,42152128,-6.82968291,-0.02055602
-0.047688530,03975003,0.385589542,42060682,-6.83144705,-0.02056014
-0.047901760,03979581,0.38538212,42125998,-6.82939453,-0.02051815
-0.047714550,03979233,0.385726922,42102805,-6.82688109,-0.02066464
-0.047735520,03976935,0.386502792,42155189,-6.82707025,-0.02065444
-0.04765520,03985581,0.389015052,42379198,-6.83413879,-0.02035293
-0.047931040,03981012,0.389116632,42353747,-6.83228109,-0.02052025
-0.047988220,03982988,0.385436972,41944308,-6.82690458,-0.0207558
-0.047535470,03980289,0.389287792,42336218,-6.83695116,-0.02041649
-0.048043860,03988941,0.388784052,42139898,-6.83708635,-0.02039557
-0.047971380,03989948,0.38692322,41926949,-6.83558529,-0.02071264
-0.047836330,03985356,0.385661342,41882156,-6.83664315,-0.02054305
-0.047912910,03981601,0.38501252,41845819,-6.84269784,-0.02034855
-0.048204140,03989705,0.383043252,41713263,-6.83968956,-0.02050981
-0.048054440,03985018,0.384319932,41837504,-6.84132906,-0.02042014
-0.047932810,03993326,0.385066492,41496966,-6.84149601,-0.02034706
-0.048057910,03990887,0.385297362,41644094,-6.84132722,-0.02036565
-0.048217730,03986847,0.384831312,41617711,-6.84462152,-0.02017661
-0.048174530,03985963,0.383133352,41451814,-6.83801112,-0.02037704
-0.048037780,03981003,0.384360722,41580893,-6.83930551,-0.02048744
-0.048178860,03983418,0.383912022,4157002,-6.84217403,-0.02028
-0.048298520,0398939,0.38396352,41563508,-6.84274821,-0.0201136
-0.04834120,03993336,0.385262992,41259883,-6.83656037,-0.02046784
-0.048281550,03995538,0.383474092,41445851,-6.83153991,-0.02042627
-0.048150570,03991136,0.386156592,41867437,-6.83604681,-0.02009847
-0.048294690,03992865,0.374064322,42033988,-6.82000258,-0.01960695
-0.046340320,03984254,0.391006432,4169447,-6.82202547,-0.02084505
-0.048612940,03997045,0.39102852,42016003,-6.82656663,-0.02037393
-0.048445260,03998878,0.391075032,42300826,-6.8218761,-0.02027386
-0.048209040,0399849,0.390727282,42701952,-6.82433248,-0.02007385
-0.047908080,03997957,0.389840562,42267311,-6.81646696,-0.02069982
-0.048030750,03996434,0.390951732,42351648,-6.82398026,-0.02058181
-0.048408930,04004982,0.388917882,42728049,-6.82426354,-0.02010893
-0.047724980,04003978,0.388715822,42727725,-6.82091587,-0.02056708
-0.048090770,0400417,0.389632032,42545546,-6.82446717,-0.0206971
-0.048137410,04001813,0.385502882,42704243,-6.82345974,-0.02040092
-0.047634760,04004506,0.387767792,4295445,-6.8315357,-0.02025804
-0.047891530,04005469,0.388716032,42934809,-6.83130908,-0.02059449
-0.048174740,03998277,0.386493592,42963655,-6.82632281,-0.02056892
-0.047770570,03996919,0.38503592,43136947,-6.83048755,-0.0203758
-0.047863120,03998953,0.384003662,43071058,-6.82672312,-0.02044731
-0.047807450,03997607,0.385624922,42901197,-6.82907302,-0.02057043
-0.047930480,03994218,0.384058682,42843093,-6.8278117,-0.02061325
-0.047721760,03995873,0.383853382,4297033,-6.82773063,-0.020632
-0.047804740,03992213,0.384987562,43123597,-6.83301268,-0.02047562
-0.04776210,03994997,0.386557652,42977933,-6.83008735,-0.02062569
-0.047753920,04003814,0.384389842,4293948,-6.82750511,-0.02053933
-0.047298980,03997961,3.88387867e-012,43135242e+00,-2.68280484e+01,-2.09119648e-02
-4.80378198e-023,99645026e-02,3.85250405e-012,43466852e+00,-2.68285336e+01,-2.02421784e-02
-4.72447976e-023,99824781e-02,3.89966588e-012,43309599e+00,-2.68306459e+01,-2.06926662e-02
-4.78871072e-024,00230533e-02,3.85707155e-012,43097260e+00,-2.68255249e+01,-2.08735833e-02
-4.74056277e-023,99966427e-02,3.86077176e-012,43353229e+00,-2.68309300e+01,-2.07955725e-02
-4.74009452e-023,99951389e-02,3.87491848e-012,43672747e+00,-2.68366098e+01,-2.06614629e-02
-4.75374953e-023,99827985e-02,3.85897831e-012,43675884e+00,-2.68369568e+01,-2.07338129e-02
-4.74623525e-024,00311179e-02,3.83413639e-012,43469094e+00,-2.68355391e+01,-2.10750100e-02
-4.73642370e-023,99831067e-02,3.81929637e-012,43526516e+00,-2.68391401e+01,-2.07246896e-02
-4.69883324e-023,99222440e-02,3.84074050e-012,43886706e+00,-2.68507911e+01,-2.04337566e-02
-4.74811832e-023,99346194e-02,3.83702965e-012,43589907e+00,-2.68465676e+01,-2.09485833e-02
-4.73081404e-023,99265344e-02,3.85049406e-012,43832110e+00,-2.68492631e+01,-2.09952077e-02
-4.71581689e-024,00119003e-02,3.88373117e-012,43974052e+00,-2.68555046e+01,-2.08007162e-02
-4.75092433e-023,99742321e-02,3.87855343e-012,44042891e+00,-2.68511503e+01,-2.08201753e-02
-4.70151294e-023,99298316e-02,3.88741988e-012,43699616e+00,-2.68500671e+01,-2.13275797e-02
-4.74928279e-023,99916020e-02,3.85149233e-012,43993348e+00,-2.68527251e+01,-2.10680578e-02
-4.66738603e-023,99580403e-02,3.88970760e-012,44006395e+00,-2.68594231e+01,-2.11557358e-02
-4.75632619e-024,00392568e-02,3.85131214e-012,44039359e+00,-2.68617007e+01,-2.08237889e-02
-4.69543366e-024,00550385e-02,3.87391579e-012,43699707e+00,-2.68538710e+01,-2.13591270e-02
-4.72387853e-024,00686379e-02,3.85167130e-012,43999311e+00,-2.68600111e+01,-2.08745519e-02
-4.68793146e-023,99815157e-02,3.89906427e-012,44044993e+00,-2.68597656e+01,-2.09279820e-02
-4.74991122e-024,00360915e-02,3.86559014e-012,43920509e+00,-2.68583976e+01,-2.07331461e-02
-4.68625609e-023,99583582e-02,3.85567178e-012,43830569e+00,-2.68626626e+01,-2.08287900e-02
-4.69383162e-023,99237629e-02,3.91253961e-012,44012469e+00,-2.68600581e+01,-2.05107780e-02
-4.74323895e-024,00042483e-02,3.88546491e-012,44253416e+00,-2.68616064e+01,-2.04151562e-02
-4.69132267e-023,99831279e-02,3.91970510e-012,43876795e+00,-2.68471803e+01,-2.12331756e-02
-4.74626446e-024,00149438e-02,3.89245972e-012,44497824e+00,-2.68544801e+01,-2.02241982e-02
-4.68623181e-024,00341452e-02,3.95874412e-012,44447803e+00,-2.68484157e+01,-2.10943806e-02
-4.77461263e-024,00848627e-02,3.88718622e-012,44867400e+00,-2.68396428e+01,-2.04566385e-02
-4.65739262e-023,99777158e-02,3.98321084e-012,45023473e+00,-2.68464238e+01,-2.06497656e-02
-4.78372268e-024,01305212e-02,3.91306886e-012,44960859e+00,-2.68384539e+01,-2.04199304e-02
-4.66463160e-024,00446271e-02,3.96993692e-012,44967610e+00,-2.68359255e+01,-2.06996003e-02
-4.73066396e-024,01299649e-02,3.94593550e-012,45117167e+00,-2.68398824e+01,-2.01732581e-02
-4.71004988e-024,00648025e-02,3.95975546e-012,44720596e+00,-2.68330894e+01,-2.07032986e-02
-4.74855231e-024,00573242e-02,3.92914182e-012,44722447e+00,-2.68333682e+01,-2.04077521e-02
-4.70115018e-023,99903944e-02,3.95134603e-012,44733505e+00,-2.68309616e+01,-2.04818222e-02
-4.71713238e-024,00736638e-02,3.97689084e-012,44741178e+00,-2.68316261e+01,-2.02495014e-02
-4.71742694e-024,00576541e-02,3.99770885e-012,44591918e+00,-2.68321134e+01,-2.03087684e-02
-4.74774432e-024,00688740e-02,3.97933983e-012,44480462e+00,-2.68246673e+01,-2.04594652e-02
-4.70661020e-024,00655832e-02,3.97812921e-012,44565102e+00,-2.68263541e+01,-2.02724664e-02
-4.71818647e-024,00610496e-02,3.99442351e-012,44675950e+00,-2.68285129e+01,-2.00454781e-02
-4.72773349e-024,00851548e-02,3.99973802e-012,44342431e+00,-2.68228867e+01,-2.02725114e-02
-4.72303867e-024,00413768e-02,4.00931243e-012,44342884e+00,-2.68241332e+01,-2.03277839e-02
-4.72366131e-024,00729841e-02,3.99641124e-012,44260114e+00,-2.68240390e+01,-2.02050941e-02
-4.70578929e-024,00830880e-02,4.01482121e-012,44109873e+00,-2.68292523e+01,-2.02267331e-02
-4.73726929e-024,00980532e-02,3.97321393e-012,43654232e+00,-2.68268405e+01,-2.02409529e-02
-4.72322979e-024,01193852e-02,3.98606717e-012,43576596e+00,-2.68274967e+01,-2.02579591e-02
-4.71153644e-024,01198655e-02,3.97035489e-012,43575253e+00,-2.68273931e+01,-2.03150657e-02
-4.72015178e-024,01596071e-02,3.96951052e-012,43646863e+00,-2.68281616e+01,-2.03867951e-02
-4.73473621e-024,01474393e-02,3.93801130e-012,43872297e+00,-2.68317228e+01,-2.02550251e-02
-4.71833678e-024,01206880e-02,3.94140998e-012,43514248e+00,-2.68278312e+01,-2.04841732e-02
-4.70883987e-024,00742488e-02,3.93329389e-012,43520960e+00,-2.68293148e+01,-2.05724842e-02
-4.71775233e-024,00659828e-02,3.94081648e-012,43825632e+00,-2.68342549e+01,-2.02839789e-02
-4.73303421e-024,01011287e-02,3.94455162e-012,43536890e+00,-2.68050880e+01,-2.03444718e-02
-4.74903841e-024,00397759e-02,3.94813230e-012,42502521e+00,-2.67794632e+01,-2.19357840e-02
-4.71423349e-023,98967473e-02,3.99100923e-012,42133376e+00,-2.67866553e+01,-2.21901726e-02
-4.74852049e-023,97995119e-02,3.99916942e-012,43563448e+00,-2.68246016e+01,-1.87878864e-02
-4.70618398e-023,96630313e-02,4.01549299e-012,43573201e+00,-2.68335012e+01,-1.79607059e-02
-4.70244348e-023,95323156e-02,4.00915645e-012,43705111e+00,-2.68353284e+01,-1.71857198e-02
-4.67069691e-023,94769284e-02,4.01691925e-012,44262633e+00,-2.68462012e+01,-1.60551369e-02
-4.68745212e-023,95086918e-02,4.00453559e-012,44140577e+00,-2.68462378e+01,-1.61699761e-02
-4.67920990e-023,95237590e-02,3.97528653e-012,44440800e+00,-2.68587753e+01,-1.52409669e-02
-4.62755423e-023,95841873e-02,4.00055514e-012,44554729e+00,-2.68612686e+01,-1.47348159e-02
-4.67054700e-023,96247960e-02,3.99373339e-012,44794953e+00,-2.68708186e+01,-1.38043591e-02
-4.63421560e-023,96642299e-02,3.98155882e-012,45492146e+00,-2.68778857e+01,-1.23270371e-02
-4.64244473e-023,96740770e-02,3.93694278e-012,45872414e+00,-2.68831681e+01,-1.18401899e-02
-4.56557678e-023,96791388e-02,3.95418220e-012,47203584e+00,-2.69239567e+01,-8.98445245e-03
-4.58040446e-023,97200926e-02,3.95622371e-012,47741934e+00,-2.69418619e+01,-6.76555839e-03
-4.54851992e-023,95601803e-02,4.05095620e-012,47248550e+00,-2.69537713e+01,-4.50361004e-03
-4.50121668e-023,91214766e-02,4.14210219e-012,46120096e+00,-2.69491841e+01,-4.57208142e-03
-4.53186172e-023,87799669e-02,4.16926744e-012,45345597e+00,-2.69475249e+01,-4.15282532e-03
-4.52130229e-023,84705409e-02,4.21608482e-012,44344467e+00,-2.69289599e+01,-4.20114443e-03
-4.43822193e-023,81846880e-02,4.06394140e-012,44318813e+00,-2.68511689e+01,-1.04093905e-03
-3.67193646e-023,77130394e-02,3.82021878e-012,44355813e+00,-2.66829994e+014,57792902e-03
-2.21784196e-023,69925498e-02,3.49995738e-012,45553483e+00,-2.64993512e+011,15106705e-02
-6.16205150e-033,63091731e-02,3.09851490e-012,46141403e+00,-2.62649167e+012,10773569e-021
40719639e-023,54365708e-02,2.77993589e-012,46251510e+00,-2.60847059e+012,28936611e-022
48428540e-023,50906271e-02,2.87922060e-012,48040992e+00,-2.61314343e+011,90115889e-021
67526114e-023,58665213e-02,4.19098292e-012,39124372e+00,-2.34890260e+01,-9.65653531e-038
68749203e-033,46459051e-02,8.16815629e-011,93018101e+00,-1.74486512e+01,-5.43500095e-02
-1.41702425e-022,41927081e-02,1.223594111,37672331,-9.24602603,-0.1209824
-0.033320590,01296849,1.63615013e+007,20915980e-01,-1.36675841e+00,-1.84506060e-01
-4.94920210e-02,-7.14985705e-04,1.931684580,225056683.73729512,-0.25178226,-0.06112743
-0.00938269,2.12608781,-0.109571426,34011041,-0.28383268,-0.06208027
-0.01602598,2.21970375,-0.317139696,6647235,-0.28564166,-0.05555111
-0.02081412,2.2304299,-0.40288825,49223714,-0.28494742,-0.04373456
-0.02246353,2.17255014,-0.396719543,08363787,-0.26519265,-0.02908866
-0.02275863,2.08468211,-0.345799960,61344578,-0.24476468,-0.01558701
-0.0221085,2.00873187,-0.27651819,-0.93078458,-0.24307392,-0.00249926
-0.02014052,1.955031,-0.21136877,-1.8739983,-0.245826690,00608953
-0.018246,1.931946,-0.14576522,-2.0021019,-0.249400530,01177764
-0.01642245,1.93112563,-0.09184449,-1.38664758,-0.247935690,01726622
-0.0153868,1.92270032,-0.06687987,-0.66623642,-0.239699830,03361333
-0.01434846,0.671977221,41831532,-2.98949245,-0.224688290,385628670.01553487
-0.436676932,81788864,-4.7905531,-0.223836920,662408030.03929281,-1.23044533
74823772,-5.79818745,-0.204772630,877405930.05359239,-1.864549924,43675437
-6.04877861,-0.168013471,069459420.06175026,-2.387541064,93475959,-5.89707301
-0.131372341,249340250.06533069,-2.865716945,41147543,-5.19835654,-0.105292351
427303720.06861489,-3.328980775,89580599,-4.29274015,-0.083663071,603163350.07246148
-3.688445396,27613792,-3.56757233,-0.059559761,737932650.07509094,-3.99806296
63580871,-2.49296166,-0.07074391,860892690.07914149,-4.316513897,0750547
-1.33245761,-0.09486981,982817810.08572076,-4.601709647,43712495,-0.78499416
-0.099154862,085401250.09075667,-4.821412347,7371074,-0.59966199,-0.101462272
155590560.09537264,-4.987025817,96386426,-0.47339848,-0.094367542,207766340.09863262
-5.124524288,1535156,-0.21882678,-0.072683582,254464910.10023992,-5.236664238
286977160.01365266,-0.045066192,292328060.10072282,-5.335105958,405180580.02593346,-0.009991142
322415930.10048179,-5.39416684e+008,45809827e+009,35170355e-022,70029819e-032,33929333e+001
00986651e-01,-5.432897518,505940840.087696840,008693352.348990770,10136635,-5.45625508e+008
51958209e+001,11670264e-016,53814449e-032,35533997e+001,01734070e-01,-5.485835148
540995750.076876080,010594442.360474770,10184244,-5.507588748,559442950.013740660,01769112.365920610
10160438,-5.529769048,57487978,-0.016434790,022821852.369359960,10170441
-5.54405694e+008,58455286e+00,-6.93358920e-032,61173628e-022,37250724e+001,01800906e-01
-5.560713548,58709272,-0.023146510,028453092.374085220,10173286,-5.566423338
59710129,-0.026214080,031140692.376202360,10156051,-5.576452368,60020314
-0.016182850,032272042.377189190,10145932,-5.58390838e+008,60063244e+005,40310457e-033
29980519e-022,37861924e+001,01525803e-01,-5.59429946e+008,60573189e+004,36933906e-043
42782861e-022,37943382e+001,01375444e-01,-5.601260498,607857380.016418790,035230142.381038830
10144532,-5.609347898,605594640.039285380,035271222.381899250,10130342,-5.615348648
604036140.056588920,035844932.383041050,10127338,-5.622216528,603782940.055803360,036627262.383811380
1012091,-5.62646158,608424620.079568240,036899092.384778580,10107066,-5.630355978
605159220.102831620,036555332.3854180,10095712,-5.634062018,604466140.097144930,037152722.385964170
10101657,-5.640485348,606484820.107802870,037617192.386377840,10096994,-5.644508018
602291930.135441780,03681082.386501150,10103665,-5.647484418,60414480.138657840,036976432.386366950
10096768,-5.647991218,602129770.141824610,037376752.386780690,10098935,-5.650965268
600534240.14114090,0371932.386546010,10100496,-5.651508888,603375340.159009980,037229442.386873320
10105743,-5.655551318,601823610.168751480,037014832.38668470,10104045,-5.660018528
598392990.170335380,036759212.386587310,10101946,-5.662831328,59911490.160831290,036964372.386474040
10094944,-5.66535378,600869040.165370560,037256482.386606860,10088965,-5.671258988
596599870.178075970,036783042.386251330,10102376,-5.673221948,595089760.185065730,036869892.386394030
10101397,-5.676551318,59354710.18126720,037216392.386435910,10115255,-5.68081478
595864450.188522460,037347542.386624440,10116723,-5.682740538,594135630.196510090,037129372.386439290
10125027,-5.683989738,594362060.198730890,037024732.38661120,10107386,-5.685717758
595537040.196216350,037656252.386781150,1011788,-5.68707328,595452250.210169410,037642562.387043060
10118644,-5.690202998,592498140.210511920,037332232.386903410,1009695,-5.69243668
593171640.207865040,03779182.387308820,10098381,-5.695909318,597540740.212562930,038141952.387478340
10108181,-5.69822798,5956388120.22204790,037858662.387408780,10099611,-5.699407988
5940413320.22010790,037872252.387533350,10098152,-5.700530088,5934998420.214540490,038206372.38793340
10119601,-5.702258138,5941388520.222180330,038125882.387986980,10120182,-5.701498818
5908510320.225842980,037969832.3880040,10114455,-5.703485838,5914821720.221204120,03821692.388104490
10106156,-5.702952038,5928870420.220237490,038486592.388341260,10118979,-5.703853678
5921973420.229337740,038268722.388292490,10111408,-5.705797948,5910005720.225263180,037984852.388023090
10107903,-5.705750018,5902813920.216415090,03838122.388112180,10120439,-5.705291998
5915838420.216313670,0383952.3880140,10096177,-5.706289828,5894444220.227922770,037965772.387820140
1011825,-5.707832818,5857538120.218940350,037832142.387711960,10117416,-5.70619070e+008
58808366e+004,02104494e+013,82373390e-022,38768336e+001,01316279e-01,-5.70636599e+008
58600023e+004,02104342e+013,80297899e-022,38749567e+001,01291234e-01,-5.70610130e+008
58537210e+004,02191295e+013,76936138e-022,38728365e+001,01273073e-01,-5.70685772e+008
58716566e+004,02176839e+013,76119024e-022,38722811e+001,01246759e-01,-5.70628483e+008
58523557e+004,02061745e+013,77625795e-022,38690830e+001,01163949e-01,-5.70580787e+008
58570304e+004,02063855e+013,77820362e-022,38665986e+001,01228763e-01,-5.70546469e+008
58648500e+004,02214270e+013,73191427e-022,38619878e+001,01327133e-01,-5.70443302e+008
58469104e+004,02192789e+013,70302565e-022,38581164e+001,01261412e-01,-5.70522017e+008
58282474e+004,01986719e+013,69446215e-022,38516481e+001,01401383e-01,-5.70272820e+008
58715335e+004,01891649e+013,73494311e-022,38526375e+001,01279960e-01,-5.70250420e+008
58903999e+004,02049581e+013,70380546e-022,38511976e+001,01339566e-01,-5.70204670e+008
58498277e+003,97377143e+013,71573489e-022,37230756e+001,01212386e-01,-5.331345938
4301584138.09939137,-0.107108132,161427250.11231227,-4.808821018,3086749534.49071414,-0.190207241
850780560.12569883,-3.788545757,3853909228.77441179,-0.150467371,415338280.11527105,-2.485925865
9286230823.7887887,-0.104068250,950949680.091879,-1.585841514,8961335720.49460027,-0.073576430
638391330.07456436,-0.955024964,1788517818.20381659,-0.052684020,420680970.06262008,-0.5322043
7034069916.68405398,-0.039453970,275949690.05462511,-0.242827953,3772756515.63309645,-0.029452170
176961880.04897843,-0.030881973,1517512514.8956841,-0.023094270,107035360.04522715,0.110169553
0042269214.38711868,-0.018188750,060558470.04265305,0.210759522,9025952114.02045592,-0.01450330
028106610.0408748,2.75446442e-012,83374849e+001,37788963e+01,-1.26756009e-027,05992457e-033
96067446e-02,3.30749643e-012,77951863e+001,36160024e+01,-1.22993096e-02,-8.51448881e-033
88136407e-02,3.65784807e-012,74386866e+001,35058939e+01,-1.12639734e-02,-1.82917032e-023
80647967e-02,3.93983058e-012,71522040e+001,34227069e+01,-1.09861748e-02,-2.52835151e-023
74915401e-02,4.13242950e-012,69943053e+001,33469916e+01,-9.95401076e-03,-2.96397116e-023
72073303e-02,4.29851941e-012,68042182e+001,32934577e+01,-1.07011245e-02,-3.35092222e-023
69927599e-02,4.44954458e-012,66459915e+001,32666785e+01,-1.18122469e-02,-3.56163367e-023
68022224e-02,4.56937245e-012,66164269e+001,32182362e+01,-1.04624443e-02,-3.70233932e-023
66815482e-02,4.64471178e-012,65556202e+001,31998716e+01,-1.05521943e-02,-3.71543905e-023
65283956e-02,4.72510225e-012,64586131e+001,31938195e+01,-1.20040187e-02,-3.78519683e-023
63846010e-02,4.87406829e-012,63333730e+001,31637132e+01,-1.03365431e-02,-3.84939437e-023
59063875e-02,4.96320146e-012,61518115e+001,31608468e+01,-1.15955076e-02,-3.86550039e-023
55946722e-02,5.04741949e-012,60739388e+001,31370106e+01,-1.11910265e-02,-3.88855575e-023
54883890e-02,5.15031349e-012,59916133e+001,31177882e+01,-1.15705711e-02,-3.92895770e-023
52956127e-02,5.20612627e-012,58908476e+001,31210407e+01,-1.23139803e-02,-3.89420750e-023
50950950e-02,5.30657634e-012,58511443e+001,30996614e+01,-1.22496405e-02,-3.93368470e-023
50040405e-02,5.37569813e-012,58130712e+001,30902676e+01,-1.29418324e-02,-3.95604574e-023
49202805e-02,0.538746882,5742492213.0907583,-0.01327687,-0.038602730,03469608
0.546657882,5729377213.07507446,-0.01321911,-0.038957430,03470013,5.46456465e-012
57300828e+001,30559177e+01,-1.27695905e-02,-3.83302667e-023,46011320e-02,5.52899182e-012
57333732e+001,30467330e+01,-1.29791899e-02,-3.84934582e-023,46059060e-02,5.59698366e-012
57851781e+001,30200184e+01,-1.17371586e-02,-3.81441798e-023,45412826e-02,0.561416142
5754091813.03113837,-0.01322616,-0.037762260,0345397,5.64336492e-012,57340819e+001
30162730e+01,-1.28965146e-02,-3.71547437e-023,45963113e-02,0.568317872,5733331313.01160709
-0.01314892,-0.037112310,03454632,0.568185622,5705595812.99650166,-0.01307349
-0.036853380,03448602,0.570264762,5700522212.98570046,-0.01304467,-0.0369120
03450986,5.68576032e-012,57116445e+001,29799314e+01,-1.28823939e-02,-3.64235610e-023
45118045e-02,0.572826312,5604606312.97766849,-0.01382504,-0.037182350,03442274
5.75581127e-012,56016353e+001,29667518e+01,-1.15445401e-02,-3.57886219e-023,40202537e-02
5.89026039e-012,54554958e+001,29752498e+01,-1.26410439e-02,-3.67741990e-023,38028806e-02
5.82980786e-012,54316354e+001,29604568e+01,-1.11467604e-02,-3.47102839e-023,35817277e-02
0.583143562,5199036313.02429875,-0.01427924,-0.033186720,03345259,5.32591980e-012
54607475e+001,29709544e+01,-1.58766847e-03,-1.66150740e-023,45594073e-02,5.29909625e-012
55138344e+001,29492095e+011,85636122e-03,-1.37966383e-023,51730699e-02,5.47966400e-012
54721991e+001,29495876e+01,-1.87514327e-03,-1.96227053e-023,43991334e-02,0.573924272
4634512713.24644073,-0.02926362,-0.02151040,03625544,0.540926982,477359713.31911766
-0.03284943,-0.016154890,03530169,5.31895398e-012,45146492e+001,34071158e+01
-4.62557115e-02,-1.27263803e-023,69542433e-02,0.508865642,511060813.16833019,-0.05632221
-0.036816140,03358704,0.543355332,4966065813.17075131,-0.12447177,-0.107710760
02276112,0.586990642,5051016213.06227165,-0.10130998,-0.099482190,02457712
0.59143942,505860613.02319166,-0.07104803,-0.07760690,02686295,0.612960432
5028893812.99719388,-0.05183436,-0.065311030,02869745,0.613441872,5010824212.99325125
-0.04041592,-0.056591670,02977671,0.710782432,322428212.98631924,-0.02836498
-0.064050660,02625916,0.745294152,1654903313.12131384,-0.01590427,-0.054194960
02269889,7.77928920e-012,05917224e+001,31914042e+01,-8.89257704e-03,-5.01103014e-022
03965225e-02,7.97597858e-011,99464763e+001,32134449e+01,-2.73699569e-03,-4.65112002e-021
87852962e-02,8.10278544e-011,93750375e+001,32593856e+01,-5.57230873e-04,-4.43735772e-021
76788592e-02,8.24855146e-011,90866763e+001,32786800e+011,87040491e-03,-4.31446362e-021
68774323e-02,8.30440837e-011,89308681e+001,32785864e+014,28431719e-03,-4.20563194e-021
64572391e-02,8.34920311e-011,86918599e+001,33132526e+014,21939556e-03,-4.12885766e-021
60264955e-02,8.38471656e-011,86202453e+001,33120822e+015,54205434e-03,-4.04834020e-021
58632106e-02,8.44167263e-011,85687450e+001,33121643e+016,32952935e-03,-4.05609186e-021
56454975e-02,8.45653616e-011,84953321e+001,33291488e+016,30169056e-03,-3.98312359e-021
55596795e-02,8.49926897e-011,84707044e+001,33264337e+016,66870789e-03,-3.99032483e-021
54855309e-02,8.52001609e-011,84585507e+001,33334993e+016,95026346e-03,-3.98965705e-021
54738473e-02,8.31100198e-011,83813263e+001,35304627e+015,16716772e-03,-2.76252721e-021
51452159e-02,8.36941482e-011,85097165e+001,34587363e+016,50743962e-03,-3.10396009e-021
54948467e-02,8.37933468e-011,85834228e+001,34230414e+016,97627326e-03,-3.32604816e-021
56166770e-02,8.46529197e-011,86248061e+001,33906185e+016,73699050e-03,-3.59127414e-021
58246166e-02,8.45784270e-011,87128776e+001,33602784e+017,86692122e-03,-3.67484468e-021
58762787e-02,8.42029586e-011,85920429e+001,33829209e+016,19590314e-03,-3.69255831e-021
58592315e-02,8.56368874e-011,87258895e+001,33304012e+017,68747419e-03,-3.93047511e-021
61039947e-02,8.46883860e-011,86423601e+001,33624855e+016,83403991e-03,-3.81985817e-021
59217423e-02,8.52874066e-011,86509613e+001,33472358e+016,76874943e-03,-3.91800075e-021
60083967e-02,8.00984681e-011,88206245e+001,35027509e+011,42659733e-02,-1.15940078e-021
54569663e-02,-9.63776900e-022,72544937e+001,59159821e+01,-4.01685688e-033,30773608e-012
65663192e-02,-0.295228773,6221120217.34535212,-0.2274950,326678770.05548106,-0.18455844
076192518.15576532,-0.44285970,222757810.07654039,-0.445332454,4504605118.70639693,-0.465714810
299966260.08201122,-0.978911655,014215321.15831842,-0.559526380,517943740.08779007,-0.991468095
1484057619.55361564,-0.448220420,479744870.08967541,-0.561554964,6074840117.45826113,-0.329391770
317517130.07897888,-0.329046364,1258140216.51759127,-0.239658640,261249890.06731624,-1.08038954
6818967319.2237209,-0.278757430,573193350.07050484,-1.309594245,2858562818.94073058,-0.280799870
60134570.08530088,-0.866537854,80658917.19654106,-0.217972990,424655560.07837011,-0.450312154
2745459315.77975526,-0.158668170,278030880.06877141,-0.145357443,8658996314.82101099,-0.111131730
183398180.06069633,-0.298972023,6581519915.5721636,-0.095420630,28607150.05269635,-0.217923083
6211569215.47842916,-0.115233890,251155340.0531275,-5.10295471e-033,48040501e+001,46405561e+01
-9.11372836e-021,60870472e-015,16744892e-02,0.158589343,3374847814.05744507,-0.06919380
098273120.04961988,0.264705013,2384722113.66761633,-0.053934660,057187570.04810563,0.339779073
1679980213.41381811,-0.044508830,028901870.04708613,3.93863320e-013,13027621e+001,32217952e+01
-3.69562226e-029,56151159e-034,64537575e-02,4.27034163e-013,09466571e+001,31086448e+01
-3.24159046e-02,-3.63432487e-034,58720236e-02,4.50795056e-013,06944032e+001,30269052e+01
-2.93600493e-02,-1.25424497e-024,54844460e-02,0.468997273,05426212.97055871,-0.02705578
-0.018972910,04532004,0.481105863,0427688712.93348893,-0.02527475,-0.023104610
04511402,0.487348313,0328532612.90769676,-0.02431341,-0.025986370,04503027
0.490903783,0259422612.89411916,-0.02344134,-0.027611420,04492372,0.498812273
0216838312.88138523,-0.02318433,-0.029341360,04486484,0.502979063,0184516712.86949884
-0.02264999,-0.030303020,04484571,0.504447643,0147396612.86402537,-0.02231712
-0.030939360,04483767,0.507667643,0145264812.85574254,-0.02226826,-0.031589810
04485006,0.508561563,0104270712.85238414,-0.02216061,-0.031742930,04476416
0.50993723,0085253912.84690902,-0.02215871,-0.032049230,04470825,0.513789723
0084208812.84572252,-0.02203645,-0.032415360,04466303,0.513666293,0062569512.84823804
-0.02166772,-0.032036250,04467761,0.517484723,0062785912.84357133,-0.02141182
-0.032398790,04467555,0.514284953,002638712.84504078,-0.02155229,-0.031807450
04462783,0.525368293,0025712712.84133851,-0.02181687,-0.033192350,04469325
0.52200053,0034324812.84619075,-0.0212748,-0.032257780,0446198,0.52861562
9955076212.84797052,-0.02225354,-0.032944270,04460148,0.539074612,9899121912.8538811
-0.02214874,-0.034340730,04445112,0.537365262,9801216312.85436168,-0.02080443
-0.032916590,04397012,0.546546642,969473412.85762296,-0.02083337,-0.033464340
04383289,0.540464692,9615510512.87634683,-0.02050537,-0.032146520,0435063
0.550973692,9602009912.85756778,-0.02027134,-0.033731670,04346097,0.546987432
9505856712.89178797,-0.02095279,-0.032783350,04328482,0.552434922,9557971912.86851901
-0.01976976,-0.033115360,04330491,0.555841022,9495392712.88722042,-0.02061839
-0.033324090,04324434,0.555592712,9518907712.8852926,-0.02000456,-0.032882210
04321516,0.564297612,9527406812.87006813,-0.01995936,-0.03400180,04322927
0.556394252,9482946312.89598372,-0.02050742,-0.032761540,04308069,0.562812452
9522143312.87491676,-0.01981795,-0.033619080,04315159,0.562051712,9509445412.88012952
-0.01991902,-0.033553530,04316939,0.560046572,9505857912.88418266,-0.01979777
-0.032886510,04303856,0.562667442,9511472912.87498578,-0.01981568,-0.033602720
04307705,5.10218575e-012,94159390e+001,30698672e+01,-1.59159052e-02,-6.89633646e-034
20782038e-02,2.42905897e-012,94082543e+001,41224435e+01,-4.68710788e-031,31157607e-013
80919806e-02,-0.223956723,1272020515.427682640,021460730.343700410,03584151,-0.660405913
374830116.317766270,060746560.53006750,03609919,-0.926699633,5401900717.024970030,056901580.638625880
03684413,-0.723025883,5832860116.281658070,030583130.522978750,04173591,-0.505090713
4520715215.71706340,023412220.426689010,0414346,-1.14913436e+004,05678412e+001,76583797e+01
-3.01975801e-036,78171560e-014,74775188e-02,-1.66143030e+004,69476011e+001,86464450e+01
-1.06478912e-028,52506498e-015,72385862e-02,-1.09639791e+004,32557295e+001,70224016e+01
-1.28022397e-026,16814874e-015,63408132e-02,-0.691940673,9278441416.0514895,-0.016459120
454732130.05201545,-0.365107243,602926915.38254179,-0.022766750,328751990.04797212,-0.042916033
3189905915.03508195,-0.058581540,213095390.04658958,0.166902373,1320027614.81055418,-0.08970170
136221610.04728369,0.318860853,0022366114.60690446,-0.106511970,081182920.04737951,0.424884082
9107303414.49851855,-0.127929240,041958730.04730467,0.455094932,908490814.08587218,-0.102040430
022687290.04597624,4.88775993e-012,89969798e+001,37269681e+01,-7.58444606e-024,00937564e-034
47772483e-02,5.06947216e-012,89351704e+001,34898078e+01,-5.72717894e-02,-7.83763186e-034
37838760e-02,0.525584442,8899866513.32842631,-0.04528849,-0.016643740,04322962
0.518231162,8834386713.31842486,-0.03836544,-0.013962050,04237994,0.529505842
8831560813.20627762,-0.03156572,-0.020618650,04220068,0.524179912,8779125913.15514017
-0.0270033,-0.017133090,04199977,5.16716237e-012,87113563e+001,31021324e+01
-2.17956153e-02,-1.03564726e-024,27297070e-02,5.09052801e-012,87884579e+001,28930306e+01
-7.47008680e-03,-3.77202592e-034,48315460e-02,5.22528271e-012,89214296e+001,26124981e+012
39807371e-03,-1.17520650e-024,61057753e-02,4.90186653e-012,89635091e+001,27031653e+019
27849174e-03,-6.09751415e-044,39524555e-02,0.543969862,8690044412.89515151,-0.02239263
-0.020436990,04413979,0.639803292,8304346313.00287423,-0.05927165,-0.050366630
0484001,0.713352422,8042884413.01516658,-0.08468682,-0.072561290,0526624
0.76684992,7782522113.03603212,-0.10298442,-0.085370890,05608853,0.812430252
7582855113.11066013,-0.12437058,-0.100950020,0570982,0.819557482,7573091613.19523206
-0.1322464,-0.102369130,0565329,0.715002672,7906370313.20648497,-0.09611023
-0.063059880,05284265,0.682502072,7947798113.12649117,-0.07129557,-0.056793630
04871527,0.653648262,800688113.08398698,-0.05346027,-0.049374780,04560845
0.639829022,8051501513.05110083,-0.0414841,-0.045290620,04356476,0.620805262
8052416713.04972491,-0.03369121,-0.04124840,04203014,0.584635692,754237413.3084933
-0.0365881,-0.02685630,04553855,5.23907512e-012,61324208e+001,38342342e+01
-6.24681689e-02,-9.56908734e-034,55679974e-02,5.28691679e-012,58267209e+001,38514458e+01
-5.20672860e-021,01206263e-025,84177128e-02,0.578616712,5153713413.91304309,-0.047412710
027235110.07714305,0.604727542,527466313.75047749,-0.032605350,038284160.08868538,0.622254272
6171214413.42122611,-0.022637490,016026070.07694912,6.18809006e-012,67604064e+001,32685974e+01
-2.03823502e-02,-7.55945080e-046,49111525e-02,6.07779638e-012,71673238e+001,31874234e+01
-1.89114902e-02,-1.09872580e-025,66028883e-02,0.609592842,7389649713.12215388,-0.01881114
-0.019232940,05117109,0.604665392,7563558213.07916753,-0.01789565,-0.023893950
04737859,0.605407462,7686422413.04989758,-0.01761213,-0.027679880,0447826
0.604967042,7799158213.02726948,-0.01734741,-0.030224530,043067,0.602217062
784580213.02342849,-0.01754189,-0.031516170,04182093,0.600892892,7897983813.0034715
-0.01725808,-0.032856050,04094959,0.602162682,7936336512.99883456,-0.01711884
-0.033535270,04036157,0.598536062,7936991413.00402608,-0.01735601,-0.033753660
03989478,0.600857362,7990962212.99092045,-0.01721026,-0.034496120,03962915
0.60051452,8004768712.99355314,-0.01711112,-0.034570840,03943819,0.598179242
8019504312.99227966,-0.01695435,-0.034423840,0392656,0.601688062,800393212.98772387
-0.01698702,-0.034913770,03919511,0.59801242,7998486712.99648049,-0.01724519
-0.034528890,03913307,0.601923942,801862312.98732883,-0.01707865,-0.034990910
03917306,0.601627272,8020875612.98393606,-0.01692997,-0.034932930,03918164
0.603683352,7970214612.99259822,-0.01763622,-0.035324570,0391379,0.601907082
7993719312.98855883,-0.01749118,-0.035266820,03905969,0.604646582,7988102712.98091575
-0.01737794,-0.035467410,03904659,0.604077352,7962979612.98428945,-0.01764661
-0.035300260,03896752,0.60445132,7990145512.98122304,-0.01759879,-0.035417430
03898586,0.60624622,8004591112.98201551,-0.01762052,-0.035449090,03898218
0.606000862,7996258212.98238423,-0.01759382,-0.035374010,03892051,0.60655312
7993490912.97626094,-0.01752581,-0.035564690,03895671,0.60423882,7991634112.98122963
-0.01766705,-0.035427120,03889959,0.70882162,7448292713.01339558,-0.02489201
-0.044339480,04059194,0.972404232,5675319713.30890102,-0.04481825,-0.052697710
05323807,1.02402427e+002,37531503e+001,38150596e+01,-4.40599298e-02,-8.10584553e-031
05436874e-01,1.238249861,9270357714.95006292,-0.070996150,062263430.22933869,1.3243981
4533733616.72615244,-0.140826360,158593480.39993383,1.333275951,1775512618.58032533,-0.226886610
278153320.62957369,1.224465071,1861820319.41652779,-0.280599390,333790780.7649192,0.726069361
630982818.53128981,-0.261415140,27658410.68170532,0.387318471,9292647717.29223149,-0.21351440
189419840.51222521,0.175829052,2961586315.82699421,-0.15590060,114111140.37126263,0.373327182
2018754915.27085676,-0.132674320,07686970.32247111,0.780049981,8650615416.49837435,-0.168816850
186408170.54081438,0.945154451,6253181218.50346764,-0.255732680,343262820.8628776,0.948684131
613598519.83993107,-0.33875780,460168271.13383886,0.635243761,6013257520.94349694,-0.384350980
583136491.31614902,-0.181545171,9102497921.31381364,-0.405738850,649387531.3730078,-0.741326852
3234379519.6227741,-0.351278160,504628091.11444379,-0.96082342,6639866517.50317708,-0.249434130
357903170.80206137,-0.788310442,7235825816.05768792,-0.180409090,229139690.57102757,-0.666217022
7753325515.0334938,-0.130841570,142496550.41400549,-0.567351612,8072247914.30352081,-0.095569440
078828970.30056577,-0.511529272,81605513.87719446,-0.073740250,03993270.22783561,-4.59393260e-012
83328755e+001,35316204e+01,-5.73119953e-021,18650039e-021,77544066e-01,-3.87283304e-012
82336201e+001,34242656e+01,-5.10860535e-02,-1.26010808e-021,42708451e-01,-0.338841812
8148608913.25309587,-0.04161451,-0.026402590,11801138,-0.263447542,7738267313.19123731
-0.03482622,-0.037093460,10007579,-0.232215752,7409632613.14662059,-0.02751367
-0.040556780,08673495,-0.188767892,7066384913.10077678,-0.02461717,-0.044834650
07804043,-0.180373572,6808899313.08511689,-0.02231934,-0.044852160,07163118
-0.164643292,6679550913.05638565,-0.02061091,-0.046484730,06735468,-0.153418212
6612621413.01507226,-0.0192698,-0.047783760,06433871,-0.145295492,64432613.04280723
-0.01994072,-0.048313380,06219254,-0.154476692,6482184313.00955328,-0.01733216
-0.046254910,06063415,-0.129139382,6396147613.00376298,-0.01905834,-0.05012010
05984287,-0.147420312,6411991313.01040317,-0.01754282,-0.047014140,05893819
-0.13047912,6383135112.98143769,-0.018156,-0.04960480,05857893,-0.137677772
6354913813.00984765,-0.01808866,-0.048227740,05808714,-0.134976452,6338633913.00017993
-0.0181657,-0.048427920,05778652,-0.123152772,6311804312.97738087,-0.01848928
-0.050372450,05773661,-0.160228192,6351187613.01434372,-0.01634209,-0.044193310
05721796,-0.134305742,6301563512.98651541,-0.01641332,-0.047193450,05685718
-0.121175922,6152250513.00914518,-0.01769901,-0.048288750,05651968,-0.111495582
6076345813.00806044,-0.01859117,-0.049924140,05631222,-0.130462742,60993913.0202045
-0.01658465,-0.045807440,05594814,-0.115146752,6049225713.00840971,-0.0175628
-0.047839040,05581147,-0.100438492,5985135213.00582935,-0.01882512,-0.050391910
05581007,-0.101060012,5992926812.97973558,-0.01822607,-0.050588880,05569908
-0.091617132,5939260312.99126141,-0.01977457,-0.053512670,05567911,-0.107495952
5971204213.01011522,-0.01845177,-0.050303320,05564497,-0.153016772,606307213.01798132
-0.01502736,-0.042985380,05506236,-0.103032412,6023932412.98025263,-0.01764831
-0.05065230,05549758,-0.130654922,6094221612.99919715,-0.01540656,-0.045811070
0550627,-0.108498022,6060477312.98136402,-0.01666665,-0.049423120,05531608
-0.112426632,6066898812.97240366,-0.01601407,-0.048746190,05522511,-0.116805282
6084595212.98350027,-0.01589711,-0.048059410,05509258,-0.105070662,6115354812.95631644
-0.01596417,-0.050068420,05521726,-0.115333392,6095916412.97296152,-0.01579
-0.048396670,05510455,-0.104858252,6107255912.96479145,-0.01618552,-0.049751280
0551936,-0.113434612,6166130612.96096267,-0.01521493,-0.048190350,05502329
-0.108322552,6120003312.96929032,-0.01614538,-0.049221160,05507213,-0.105479682
616214712.94617407,-0.0155013,-0.049628580,05513848,-0.110954062,6121110812.96499284
-0.01597018,-0.048831880,05511085,-0.116505612,6120465812.9621973,-0.01560342
-0.048235230,05504258,-0.114985532,6157584512.95270888,-0.0152185,-0.048452890
05505628,-0.106852992,6129672412.9584661,-0.01608853,-0.049814690,05506681
-0.11477862,6164183212.95385527,-0.01555328,-0.048511940,05491411,-0.108518642
6128916312.95545601,-0.01623802,-0.04958670,055023,-0.114532512,6165057812.95197058
-0.01556749,-0.048569450,05493269,-0.110598822,6171212412.94558737,-0.01583945
-0.049501290,05499372,-0.112564272,6134043712.95581445,-0.01613861,-0.048950620
054965,-0.113318492,6170297412.94494947,-0.0157119,-0.048772070,05502804
-0.110186522,6168057212.94227715,-0.01569956,-0.049086550,05502833,-0.107967092
6144496512.94645359,-0.01598189,-0.04885160,05498967,-0.107062952,6151734112.94157489
-0.01586332,-0.048881740,05497138,-0.107966822,6147884312.94431267,-0.01591594
-0.048872550,05491668,-0.106383472,6190352512.93439945,-0.01556565,-0.048901540
05495661,-0.107922412,6143572712.93786877,-0.01587808,-0.048871150,05492276
-0.109948132,6146592512.94144003,-0.01603839,-0.04870570,0549251,-0.107741662
6170489712.93383919,-0.01591861,-0.04882790,05489526,-0.106928772,6150680412.93608472
-0.01592632,-0.048674540,05482233,-0.106188272,6169073112.92884548,-0.01576674
-0.048699650,05492191,-0.107226222,6158002112.93592544,-0.01611802,-0.048690830
05491522,-0.108472672,6183076412.93347731,-0.01589898,-0.048464040,05482865
-0.103851552,6197480612.92692803,-0.01576235,-0.048765480,05490983,-0.107007892
616711812.93257043,-0.01600208,-0.048336220,05485201,-0.107175562,6147602512.92868415
-0.01627261,-0.048505450,05483272,-0.108455492,6168997212.92139982,-0.015753
-0.048316780,05478219,-0.106035282,6175366812.91496826,-0.01590945,-0.048692750
05486152,-0.10699382,6164118612.91768085,-0.01609657,-0.048379170,05476081
-0.106810652,6178127912.91757394,-0.01620244,-0.04832560,05474266,-0.105167352
6197773612.91193316,-0.0159008,-0.048349390,05475607,-0.106233952,6204854812.91030944
-0.01590697,-0.048339770,05477895,-0.107869352,6176094912.91198255,-0.01625658
-0.048434060,05473028,-0.108929912,6186988612.90959943,-0.01603916,-0.048125020
05471909,-0.108771832,6184611712.90940211,-0.01594723,-0.04846110,05472076
-0.111828682,6201035912.90553379,-0.01567202,-0.047952760,05462834,-0.106885442
6182352612.90959097,-0.01642395,-0.048695610,05461134,-0.110010662,6194166712.90470804
-0.01609934,-0.048274890,05461699,-0.107241742,6203034212.89834973,-0.01587747
-0.048340340,05461802,-0.108371712,6214040212.90204091,-0.01601104,-0.048101820
05466541,-0.106237082,6203553312.90055686,-0.01589528,-0.048068190,0546917
-0.106677562,6219383312.90232019,-0.01593972,-0.047865280,05465573,-0.105089172
6222240912.89997061,-0.016001,-0.048106540,0546985,-1.04838670e-012,62409763e+00
-2.71024017e+01,-1.59060373e-02,-4.79842844e-025,47392858e-02,-1.05806286e-012,62305943e+00
-2.70966680e+01,-1.60569240e-02,-4.77746344e-025,46885289e-02,-1.03673756e-012,62429851e+00
-2.71029568e+01,-1.60687819e-02,-4.80018664e-025,46950566e-02,-1.02951028e-012,62668653e+00
-2.71050035e+01,-1.59246964e-02,-4.79456482e-025,46691787e-02,-1.04513513e-012,62487720e+00
-2.71058887e+01,-1.59790984e-02,-4.78516376e-025,46683321e-02,-1.03465716e-012,62336794e+00
-2.71049430e+01,-1.63145453e-02,-4.77822132e-025,46658272e-02,-1.04999983e-012,62442264e+00
-2.71086501e+01,-1.60506989e-02,-4.77656149e-025,46839560e-02,-1.03317525e-012,62756726e+00
-2.71137783e+01,-1.57601972e-02,-4.80374881e-025,47151433e-02,-1.03289241e-012,62586524e+00
-2.71065568e+01,-1.60776480e-02,-4.77342185e-025,46903789e-02,-1.02169652e-012,62702792e+00
-2.71029990e+01,-1.62882374e-02,-4.76174872e-025,46805463e-02,-1.00855366e-012,63021396e+00
-2.71101925e+01,-1.59040221e-02,-4.78588698e-025,47012259e-02,-1.02878342e-012,63107186e+00
-2.71063474e+01,-1.59680643e-02,-4.76713463e-025,46395140e-02,-1.01469395e-012,63024223e+00
-2.71028475e+01,-1.61484471e-02,-4.76671060e-025,45934225e-02,-1.03260359e-012,62860983e+00
-2.71031715e+01,-1.61452090e-02,-4.76383008e-025,45833019e-02,-1.02724727e-012,62926748e+00
-2.71076154e+01,-1.59474464e-02,-4.78373810e-025,46079916e-02,-1.06983146e-012,62435143e+00
-2.70795244e+01,-1.64591816e-02,-4.75879422e-025,45822259e-02,-9.59393590e-022,61732637e+00
-2.70869993e+01,-1.46177257e-02,-4.74609285e-025,39801493e-02,-7.83596552e-022,61221901e+00
-2.71032292e+01,-1.26313916e-02,-4.72413839e-025,32845579e-02,-6.70900319e-022,60227674e+00
-2.70993022e+01,-1.16699714e-02,-4.74174722e-025,27245200e-02,-5.41429820e-022,59483154e+00
-2.70963677e+01,-1.08787267e-02,-4.77132125e-025,23796321e-02,-4.62011123e-022,58125368e+00
-2.70802641e+01,-1.02354046e-02,-4.73083895e-025,17614912e-02,-3.80129282e-022,57584607e+00
-2.70808157e+01,-9.54785947e-03,-4.75956178e-025,13349174e-02,-3.01668018e-022,57326566e+00
-2.70891424e+01,-8.28227242e-03,-4.73179264e-025,10885223e-02,-2.30038011e-022,56840688e+00
-2.70903706e+01,-7.86581999e-03,-4.73810038e-025,07902721e-02,-1.74958762e-022,56971253e+00
-2.70909473e+01,-6.53481942e-03,-4.68257728e-025,06562227e-02,-1.18556794e-022,56920421e+00
-2.71012067e+01,-5.67892664e-03,-4.68615051e-025,04842645e-02,-8.23637322e-032,56547490e+00
-2.71125424e+01,-5.44660286e-03,-4.71143747e-025,03534793e-02,-6.23080592e-032,57145868e+00
-2.71215399e+01,-3.52785086e-03,-4.66099381e-025,01282516e-02,-2.69804935e-032,57015692e+00
-2.71285291e+01,-2.54516677e-03,-4.66174023e-025,00895735e-02,-4.58977868e-042,56082043e+00
-2.71055038e+01,-3.88976157e-03,-4.62984771e-024,99253027e-02,8.23564273e-042,56464127e+00
-2.71185285e+01,-3.09180889e-03,-4.61160171e-024,98245537e-02,3.16477080e-032,57017887e+00
-2.71378700e+01,-1.43067582e-03,-4.65337730e-024,98431245e-02,3.96790040e-032,57947880e+00
-2.71625194e+011,06081417e-03,-4.59216875e-024,97604361e-02,4.20990974e-032,57745503e+00
-2.71648733e+011,59928103e-03,-4.54754908e-024,96213649e-02,4.02281390e-022,54015675e+00
-2.71260997e+013,39857973e-03,-4.62032634e-024,80363901e-02,6.48942437e-022,50855068e+00
-2.71047066e+017,71114381e-03,-4.71630148e-024,67068052e-02,8.17206878e-022,49421115e+00
-2.70733829e+011,49220409e-02,-4.82358262e-024,58649526e-02,9.37305111e-022,49276144e+00
-2.70157679e+012,43412739e-02,-4.69455594e-024,50701646e-02,1.00062879e-012,47524329e+00
-2.68019286e+012,55914450e-02,-4.29475055e-024,44368771e-02,1.01897448e-012,44803898e+00
-2.63162290e+011,73624086e-02,-3.41415288e-024,37893495e-02,9.95870084e-022,44880182e+00
-2.58494176e+011,36552537e-02,-2.56553106e-024,33105541e-02,1.47594301e-012,39503570e+00
-2.57240022e+013,67618848e-03,-3.38765580e-024,22129910e-02,1.82793501e-012,37697491e+00
-2.50322590e+01,-8.33468196e-03,-3.28895761e-024,12189138e-02,1.89871338e-012,33884781e+00
-2.34311284e+01,-1.13604388e-02,-1.28496306e-023,90788927e-02,2.17379407e-012,31290170e+00
-2.21056630e+01,-8.48062235e-031,70944949e-033,66916022e-02,2.57608744e-012,26618448e+00
-2.08830828e+01,-7.03311961e-031,28325300e-023,40902369e-02,3.28347365e-012,15926880e+00
-1.97290225e+01,-3.64852350e-032,22607258e-022,97318084e-02,3.92232653e-012,03956276e+00
-1.87039996e+01,-2.72978012e-033,06464606e-022,56438101e-02,4.43715906e-011,96464505e+00
-1.77233207e+01,-1.29927424e-033,85478049e-022,25260825e-02,4.79600086e-011,91504843e+00
-1.68622365e+011,57232988e-044,59286064e-022,03027792e-02,5.05893131e-011,87746542e+00
-1.60422610e+01,-6.64551589e-045,28139232e-021,85607041e-02,5.39592990e-011,83368176e+00
-1.52678831e+011,19592094e-045,87467006e-021,67080957e-02,5.66510320e-011,78403420e+00
-1.44643963e+01,-9.91920011e-046,48412572e-021,49627578e-02,5.93229143e-011,74857863e+00
-1.37064372e+01,-1.19760043e-037,08610160e-021,34957029e-02,6.09421234e-011,71666231e+00
-1.29500988e+01,-1.47423739e-037,82060275e-021,21434301e-02,6.33502726e-011,65374982e+00
-1.21125240e+01,-4.78878005e-038,51556662e-021,02518664e-02,6.81238671e-011,55420861e+00
-1.12154631e+01,-7.37303662e-039,18203643e-027,37102328e-03,6.86562526e-011,44614912e+00
-9.20988142e+00,-2.66207199e-021,15054304e-014,44612886e-03,6.50669117e-011,33551206e+00
-5.52609989e+00,-6.72570502e-021,59243899e-011,54905328e-03,0.60526861,19514813
-1.53427499,-0.113954770,20690537,-0.00154892,0.5994220,887590461.95687047
-0.152342570,24514524,-0.0076787,6.16938047e-016,42646945e-013,96604540e+00
-1.86346586e-012,77036979e-012,78420842e-04,0.639159410,506023124.20334297,-0.198994840
284488110.00695856,0.675226310,452527533.41344744,-0.186144960,277748750.00916676,0.673275630
427954922.46500386,-0.164276970,283650470.01078821,0.639503980,448825851.0611082,-0.12745560
297384840.01055039,0.569375410,482773890.10441554,-0.091973250,328171570.009756,0.471512980
519159080.06450497,-0.069352330,375147450.0099139,0.375671830,564786490.13838241,-0.054426370
418105970.01043601,0.289169680,58071850.76852836,-0.054348560,457648430.01114923,0.224647480
620914750.82629357,-0.044130230,484218330.01148213,0.226854450,643236440.32869842,-0.040476550
477716850.01152255,0.217723220,654966640.18545584,-0.042272790,479379690.01182421,0.182141160
669827150.12332965,-0.038268860,492656650.01138654,0.061237560,726749360.17683491,-0.016930030
544194470.00999119,-0.125959120,841369770.363916070,003853910.61377360,00982204,-0.316848460
976082830.628871070,023817560.682244730,00997016,-0.469092561,103429620.943160440,046850120.735317870
011601,-0.606414181,197973121.009675570,070030520.782223770,01294833,-0.65660551
245987610.876163490,075039550.79057350,01374437,-0.629908981,282969980.421065420,081202440.767326810
01437591,-0.566097521,291936870.140179560,0732910.731261050,01524967,-5.30750360e-011
29498824e+00,-9.59200173e-047,06197984e-027,11048688e-011,54983340e-02,-0.538669591
290699250.018376110,071109190.71249850,01543911,-0.600773611,319659120.051218630,08874570.738776060
0147849,-0.700078241,346503370.168491930,11362220.78136460,0142701,-0.816107041
373279330.513084240,139836010.835311410,01391398,-0.910417971,403166640.748501810,158244790.877051460
0136583,-0.95261051,406142840.996436420,158560430.895056410,01429258,-0.92688731
39802270.925908280,148550850.876841360,01584038,-0.840792751,375674680.397425130,134424360.829997750
01634757,-0.738256121,35090661,-0.177725110,110172630.773859940,01624304
-0.668321771,32047472,-0.454918920,086602210.738423560,01819005,-0.649720851
28160066,-0.371149980,066280470.729047850,01962538,-0.702074451,291851850.02683150
067985470.754655090,01971314,-0.800165911,305489430.343081230,080068390.797278780,01839341
-0.883462521,337898390.491167330,090402850.829546430,01762639,-0.961969571,357362081.47458360
089879470.866721750,01773778,-1.013397881,382166012.087714330,093260840.887713930,01802258
-0.978318481,387489111.664234860,092166510.863596310,01872803,-0.847109051,367231090.914630520
067343480.796963780,02108397,-0.688494911,34268111,-0.125427810,032791970.718285030
02325747,-0.584396961,3219784,-0.544437990,006776440.670654520,02498597
-0.567027971,32817169,-1.000324510,006451170.659678870,02492777,-0.59327691
34757643,-1.370707320,018601620.669057760,02413585,-0.674289641,36088483
-0.880431890,029341830.709820540,02291024,-0.785941111,37795056,-0.453673330
044786060.759617410,02098417,-0.882447331,3927117,-0.048040130,052910750.800502830
01954825,-0.916879271,406810090.428073170,049100920.815676120,01961034,-0.874896771
394744130.305487720,036374230.79292570,02079593,-0.816637871,380555340.26584270,018026150.765938880
02211163,-0.777076381,382103670.222862850,009897680.748624310,02350843,-0.80512791
384976080.390921170,017979280.764835970,02356793,-0.865338961,397434810.519294870,029086610.790217990
02252559,-0.922907121,414360430.531882930,041919180.814276320,02161576,-0.969770581
421963420.583181660,050692020.833157240,02074069,-0.981808641,412680141.209880110,043237520.843916930
02153283,-0.975818931,410369991.198097020,038090670.837825870,02199748,-0.934634551
405899220.668803680,032650860.811310970,02243935,-0.877324021,408490860.011276280,024033790.778594210
02244324,-0.836113841,40115464,-0.489680390,014136430.758005410,02250726
-0.847766071,41522078,-0.619512460,018112540.763862320,02195201,-0.921055671
43040562,-0.273079540,031682720.799938230,02064097,-1.028418961,466420070.106010670
053567310.849189750,01910004,-1.144352881,52916803,-0.13876880,086499710.892141240
01677387,-1.220449071,58761208,-0.622285860,113530880.914563250,01494743
-1.201989111,62630334,-1.576492720,127205680.891299410,01519811,-1.101905791
62355732,-2.333599710,120040740.837253860,01686419,-1.007900081,59771886
-1.961854350,092370240.79830020,02004619,-0.953395261,56387565,-1.242467560
068410490.77891650,02237218,-0.953814971,54795552,-0.315794610,056847750.785203640
02380296,-1.045038491,556108870.657992040,069753330.832759470,02372136,-1.165914551
57215211.535630010,091507130.893261970,02331073,-1.26782551,58686442.066824090,111218820.94368120
02258318,-1.331835081,590838212.348618660,122058490.973724030,02234108,-1.322086471
59854261.729631180,129224780.964160660,02223069,-1.258301311,600215990.858280570,126306550.927112120
02296993,-1.166310221,5874861,-0.150760610,11757110.879389170,02434332
-1.068892921,55284878,-0.570167790,08923960.833956720,02647431,-1.035002311
51562494,-0.168967540,062523440.824414110,02800065,-1.104161071,54845703
-0.485305730,08011760.853153970,02593556,-1.240737011,60084613,-0.548388630
118459080.913460310,02252546,-1.408809111,68647401,-0.667269490,16863390.983788040
01918637,-1.569203751,76987763,-0.595120190,227177781.045315610,0164501
-1.632823981,81371991,-0.646415820,260231641.065509320,01508983,-1.599092391
81940999,-0.620585090,260367341.045524090,01647232,-1.53415511,79320034
-0.452118090,242712991.015638320,01812746,-1.493927071,78918003,-0.186140240
232484481.000171460,01892838,-1.500041551,78230205,-0.023587070,233840781.003204590
01848118,-1.563015571,79906480.406741840,253841511.033540520,01785181,-1.676680231
832916060.710794540,291081261.083927080,01581051,-1.816610511,884592680.94613770,336013641.14762290
01247876,-1.956889691,930610751.193328840,372536491.212599540,00930074,-2.017071211
953846551.12344590,385976421.235602490,00829888,-1.998146241,938974850.827878140,376045761.221302090
00843633,-1.904360821,903563360.437471090,344736341.1748310,01115914,-1.822642541
870294420.28006970,309509811.137386750,01378509,-1.752928661,827780170.395235590,269863911.107160520
01675996,-1.741746551,793071720.823787470,24211251.10638290,01848652,-1.805420281
818428370.690458450,246951531.134717290,01838959,-1.944747541,912994610.267877080,267593571.181519940
01890754,-2.063457122,02195801,-0.153525630,282073471.217934430,02122397
-2.141454322,09233609,-0.426525880,287678331.240308590,02517271,-2.17328952
1509696,-0.946456030,297969141.24168490,02985734,-2.125964912,17986489
-1.52523280,294390991.20949280,03556969,-2.026753172,15896634,-1.574230460
268084691.16644680,0431267,-1.929864082,12414822,-0.618387550,221590491.13175850
04942416,-1.862559592,069362160.805774610,174254471.114834770,0543849,-1.858607172
048952391.812268830,156148471.126372470,0570509,-1.969150222,072406471.896837290,179456311.180008540
05547943,-2.118140882,147271221.341518120,213625721.238301840,05239047,-2.252362492
242141660.705781050,239285931.283013280,05186446,-2.294860082,310182720.363486770,237459011.290629030
05448282,-2.262858422,318083280.146744380,213324531.268932550,06021358,-2.155922512
276931220.160074330,160074091.214815070,06619845,-2.076162752,262004240.087599580,12323491.174068610
06959415,-2.011193342,241866480.247396990,093241681.145468240,07389069,-2.03334362
23299096,-0.30727140,093477091.145265690,0747321,-2.158046832,29992845
-1.047123040,13648751.189450550,07300625,-2.312877842,39922478,-1.098204020
163320911.246829860,07103396,-2.445369242,49946241,-1.193807940,182211671.29055330
07008937,-2.514909592,55708519,-0.945125130,17974031.306343350,07043712
-2.50470882,59581369,-0.932173810,172277411.286767460,07211728,-2.419490712
60078981,-0.751901640,145098161.239614430,07598765,-2.361680492,58419729
-0.560989640,119170761.205448350,07888231,-2.344450692,58442743,-0.395190790
114737511.194952680,08075339,-2.361739762,58969413,-0.343305860,121204241.203605650
08259907,-2.445910542,62062708,-0.342892170,146464651.235971450,08142549
-2.556786532,66940503,-0.319571240,185505751.282222280,07896805,-2.689866022
7448166,-0.261831870,237494281.338247170,07416361,-2.779987692,78818063
-0.42234760,268664541.372321620,07015887,-2.782851252,79748011,-0.516834110
26569511.366777370,06825831,-2.701433492,76633774,-0.433301740,230169991.325602390
06934453,-2.619050792,733651550.194017260,193962881.293492860,0713686,-2.557877212
710735140.683576880,165507811.270478410,07191726,-2.538617752,70255661.122022830,152316381.267817050
07080492,-2.599171062,73854591.409314590,173508891.303237180,06767096,-2.771713652
80974051.252875940,237195141.38314080,06163561,-2.994088882,906457320.553497820,318973131.474952510
05419861,-3.161801612,97550744,-0.314311970,383026341.539716040,04922405
-3.213375062,99638533,-0.934402630,411567151.558796930,04856457,-3.162740892
99457772,-1.020566730,406941081.536296990,05037748,-3.086188222,95463748
-0.838975310,38100521.503942410,05293009,-3.033262212,93173134,-0.05712590
353664121.488511320,05402322,-3.024171782,926674960.764639920,337696331.491788320,05197597
-3.097619962,934950731.360454250,337878741.53084840,04807883,-3.260090542,990236742.044347730
372682471.614096840,04288698,-3.496965443,115087151.952783610,426441641.71218240,03822958
-3.75254933,275637171.523969850,481119991.804611750,03602752,-3.960209733,466231380.08682090
545379811.86219820,03213401,-4.039226693,57788582,-1.491206020,576510421.86066240
03150481,-4.022759823,63018716,-2.488194290,574378381.826564920,03316999
-3.990851973,61671709,-2.718032810,541600381.801036820,03541263,-3.958942133
61114886,-2.353046210,499137781.785654850,03715616,-3.959315093,60987627
-1.545738720,469106331.791605140,03866795,-4.043174663,63687638,-0.145987140
470750941.839269780,03786067,-4.201117043,726656180.533075610,525074711.912841020,03421701
-4.365011743,816377830.549964880,594879151.981802150,03046654,-4.493091143,891335880.633919340
657004142.03160950,02767714,-4.518081773,928402340.563224240,686498282.033880720,02824705
-4.431978833,918858480.48407090,673600911.986537960,03209798,-4.334471753,890143150.49302830
64555771.934926110,03610431,-4.257206523,861428820.589499680,619035341.898365470,03899805
-4.196098093,830103280.733169680,593051511.870787590,04083946,-4.170816893,796023950.928818490
573095941.861475030,04236567,-4.208172053,778339541.13141720,573954311.885752790,04248205
-4.281177813,768678361.368232230,584981241.928421760,04223977,-4.346387883,756284791.611650150
592032981.967483490,04212353,-4.360488153,72978661.709353820,584768181.978807280,04343316
-4.267174043,692757011.558949840,549532661.93632090,04710353,-4.127615813,64006891.41904390
504850681.872710480,05439128,-4.010242023,5962461921.310908570,470541571.821859570,06045314
-3.911399893,5606239721.246473790,444144741.784154850,06614859,-3.853660573,5480056621.185275340
430203891.760405990,06855218,-3.852617673,5472594421.177219190,436784161.76820690,07071126
-3.918433133,5713797521.17974910,461945951.80266610,06895848,-3.992992153,5852346721.193843930
487981.841088340,06712245,-4.021959223,5883377721.227253130,499366511.860405370,06720288
-3.969421133,5821685121.213904460,483746541.833815640,06847028,-3.832790463,550244921.119043720
444983241.765469940,07368042,-3.684960353,5020396321.115835720,399265211.697733410,0794378
-3.565988343,4549544821.255172080,350653971.642751760,08219072,-3.462183033,411549821.463068960
303213021.596538970,08356223,-3.413431413,3614439821.771249610,269807671.58471310,08498919
-3.460786613,3414858722.075811240,263774011.612872820,08240421,-3.541395113,3398795122.304834530
274450531.658287880,07946921,-3.609563943,3483440822.431712790,285655531.692288290,07651167
-3.591466123,3362752322.452143540,275213021.683354150,07757295,-3.556705393,3289620642.417043290
257267151.658403270,07716388,-3.536307983,3310841242.368238520,246059021.641464050,0762237
-3.524645253,3340857342.340771290,238824881.630073480,07540111,-3.516775733,3327573342.331160930
233337131.622314590,074735,-3.512740443,3360271242.30826660,230207881.61717310,07414923
-3.509223313,3377655142.284897860,228811351.614071910,07376144,-3.506278713,3403133242.28677210
227602011.612115280,07331467,-3.506710343,3375331642.289051820,226567241.61083150,07315748
-3.507028673,3412551442.276405850,226498281.610139850,07281828,-3.50673423,3422388342.262842560
226646561.609610260,07263435,-3.507779063,3408788842.270195420,226562391.60946990,07247665
-3.509553553,3405444342.267610110,226522581.609287510,07235972,-3.509302033,3447703442.256741280
227036731.609229210,07202013,-3.508847973,3420218842.233262580,227330571.608964220,07222308
-3.568990693,3510009638.499866330,25617411.577834140,06686684,-3.46549083,5901291732.676614370
340039131.444239670,05896838,-3.29550373,7664861828.569909340,411630671.326799260,05172094
-3.155736783,887611724.940124670,461646481.227223490,04669435,-3.007411413,9064642921.655388030
495947971.140547660,04195773,-2.829271133,8596888519.053780960,510321131.057063550,03755406
-2.620138873,7897426517.32513990,49797010.969220120,035389,-2.426844923,7293226416.158216120
475726650.889954070,03467965,-2.251442063,6789042815.370081570,448419990.816994470,03503609
-2.085121193,625460914.884503360,412392280.747527280,03615757,-1.929197293,5783514814.559491030
373703240.682933590,03754844,-1.802108683,5448425814.365346020,340047020.631953390,03892877
-1.686890623,5144758714.249096770,307709080.584892370,04028677,-1.534484693,4762139514.2587240
263925890.520622340,04304102,-1.336251533,4446572914.126711460,216873930.435885380,04670103
-1.14292393,4106724213.910759660,177150740.352447770,04974644,-0.871629463,2241298413.793237660
140461050.269561210,04804223,-0.557381632,9632859613.720725110,102838760.185605350,04431085
-0.33203612,7879398113.623979670,075744260.12179060,0419458,-0.164509052,6724158113.515563510
05763340.074057750,04040125,-0.045840392,591161413.419099430,045907190.039672430,03936098
0.087893422,4257777713.430838330,039041960.015437520,03545613,1.88019536e-012,31738331e+001
34010087e+013,70030475e-02,-1.02261602e-033,25151811e-02,2.58719409e-012,24250902e+001
33792241e+013,58405780e-02,-1.23921289e-023,06288400e-02,0.309679222,1865168713.384038750
03283283,-0.020173610,02928298,0.342095232,1470150413.384956110,030727
-0.025266680,02825705,0.366704282,1309953513.345412750,03145975,-0.0289920
02772518,0.385621112,1127309413.339756560,03061535,-0.031155240,02723176
0.403157532,091452613.364433950,02802407,-0.032944360,02686815,0.410532392
0958389213.33458870,02996236,-0.033597470,02663639,0.425020012,0812111613.352846640
02830712,-0.034809240,02627428,0.434117832,0781360813.327610040,02970908
-0.035260940,02612056,0.43896692,0587501713.346773880,02719704,-0.035094780
02597697,0.44896832,0529354513.354736420,02548113,-0.035795490,02584547
0.45303822,0533149913.332140620,02605953,-0.035760160,02574627,0.454946582
0523053713.316764940,02577923,-0.035704550,02577309,0.456600412,0420537513.325805380
02366079,-0.035285820,02574443,0.459038492,0470488313.307897770,02460279
-0.035234870,02574591,0.463349072,0429069913.303913470,02355898,-0.035452260
02572831,0.463847892,0408010713.295450420,02341401,-0.035176540,02573925
0.467722372,0358353913.298719250,02235217,-0.035217520,02574111,0.468780472
0437843813.273057060,02365513,-0.034834810,02572236,0.470857162,0329348313.292246670
02226511,-0.035136920,02570732,0.473450462,0346565213.271508460,02252388
-0.035029060,02575017,0.477580012,0325088313.26331390,02230159,-0.035187330
02578876,0.478184962,0312490413.25925050,02236797,-0.034639070,02577588
0.483116082,0336907413.241255670,02261202,-0.035004610,02580684,0.484855622
0313338513.241327330,02257633,-0.034596510,02585101,0.485723072,0314729813.234941080
02240546,-0.034645920,02585328,0.488147062,0341297213.227904520,02266303
-0.034585230,02577854,0.490420112,0353083313.223745780,02275425,-0.03454180
02574882,0.493978232,032419113.218842960,02256708,-0.034713880,02577658
0.491426862,0321370613.222151770,02257741,-0.034271880,02578199,0.495649192
0329046813.21687130,02268337,-0.034446550,02577966,0.497111692,0335331413.215174520
02270503,-0.034321490,02575001,0.4986842,0328523813.212778780,02276972
-0.03456740,0257137,0.498619292,0327936613.212271030,02283652,-0.034330870
02562185,0.498375282,0314153513.216519220,02269724,-0.034331410,02559377
0.50254322,033456113.211491770,02299962,-0.034493450,02560603,0.502735912
0326303413.215118280,02309324,-0.03428930,02560815,0.50387762,0297841213.222295350
0226949,-0.034170480,02558584,0.504891712,0321499213.218901940,02291224
-0.034183490,02559811,0.508553312,0368518613.21461410,02307975,-0.03437760
02573898,0.50950622,0371323913.219966060,02300208,-0.034143950,02565786
0.511480782,0365159913.223203750,02266377,-0.034140160,0256255,0.512091322
0385127213.22057910,02294498,-0.03406310,02559964,0.513209442,0409320213.220696060
02308323,-0.034304090,02558395,0.511917712,039278313.227989890,02277071
-0.03420980,02559228,0.511799242,038780213.227960040,02280156,-0.034050350
02561091,0.514743422,0422729713.224504090,02303962,-0.034366650,02572891
0.514795222,0417402213.226691630,02305339,-0.034406930,02567414,0.514640642
0393729913.232456820,02275654,-0.034227090,02568285,0.516898912,0429849413.231221150
02286401,-0.034293460,02563229,0.517876962,0446483813.226423060,02308834
-0.034560640,02565955,0.514888722,0426675813.231904910,02284782,-0.034500310
0256524,0.512296382,0435292313.237225530,02275219,-0.033983140,0256183
0.517366442,0459239213.23392890,02268193,-0.034583370,02568971,0.517408432
0473481913.230910480,02305366,-0.034509380,02568149,0.518244822,0462948313.232577710
02275455,-0.034655780,02568172,0.517166682,0463873313.236341560,02274436
-0.034397180,0256327,0.518198372,0478736113.230661970,02304128,-0.034571030
02565446,0.516794392,0459959113.230740270,02293464,-0.034790540,02566886
0.514931392,0419396813.234743710,0229431,-0.034301680,02557268,0.517535642
044091813.234288590,02274902,-0.034736590,02561817,0.517998412,0457956413.232026080
02309448,-0.034546660,02565347,0.517379482,0465416213.231799250,02299122
-0.034733450,02566866,0.517931112,0464035513.233286970,02307145,-0.034460710
02557438,0.519428522,04547513.233836430,02291849,-0.034734040,02556156
0.519573342,0475176313.233097430,02305155,-0.034571620,0255827,0.517777852
0508493913.22828750,02334704,-0.034548970,02561861,0.520171812,0478861513.233916710
02273837,-0.035016830,0256746,0.520379062,0455568213.235475110,02275783
-0.034667120,02565816,0.522120172,0490397713.23268330,02309471,-0.034759290
02561547,0.521867682,0494833813.233382910,02313562,-0.034692580,02559196
0.521041162,0480721613.237145090,02284029,-0.034692030,02557623,0.520825682
0491672413.240569350,02275817,-0.034607270,02558873,0.522768112,0505244613.23594690
02314974,-0.034673410,02564607,0.524175792,0477589513.240996030,02289959
-0.034785360,02566965,0.521764412,0464791813.246631770,02268396,-0.034558260
02562553,0.520914222,0476819413.241631440,02285191,-0.034883160,02567055
0.52266042,0481193113.240868960,0230366,-0.034677230,02563855,0.522878412
0482570813.245227280,02286245,-0.034617320,02558467,0.522597112,0480597513.245145680
0228632,-0.034616870,02558462,0.522794392,0481195313.245179070,02286277
-0.03461680,0255851,0.522654072,0481839613.245187750,02286425,-0.034616160
02558463,0.524240532,0507346513.248441480,02253627,-0.03495180,02552393
0.522115062,051438513.248971370,02283718,-0.034586010,02545931,0.523781872
050689213.251154580,02267955,-0.034768460,02548882,0.524053962,0506216913.251155190
0226782,-0.034768490,02548996,0.523578422,0504814213.251075660,02268226
-0.03476590,02548989,0.525408932,0518282913.26091520,02262595,-0.034982280
02550072,0.525048172,0514697213.26097050,02264057,-0.034948240,02551522
0.526635872,0537663313.263021290,02269076,-0.035190130,02553782,0.528399592
0548866213.263376360,02290514,-0.035062860,02553849,0.529688642,0536775413.270557110
02257522,-0.035183230,02553415,0.527000872,0543991413.273443480,0226631
-0.034971870,02549753,0.530530972,0549872913.269791190,02288458,-0.03537090
02551276,0.528258372,0572176713.272388980,0228405,-0.035304850,02545409
0.529662622,0539501613.280435010,02245349,-0.035181060,02545878,0.533067842
0567098613.278010120,02262991,-0.035301470,02550415,0.534372922,0591173713.276317380
02296151,-0.035479020,02550274,0.534113682,0563966113.285598790,02263386
-0.035358360,02549468,0.531449982,0554524213.290492280,0223995,-0.03524130
02553793,0.532100842,0578842613.283378380,02269864,-0.035493160,02559337
0.532295452,0595053413.281577320,02280789,-0.035679930,02557727,0.530353062
0568890213.291304590,02238907,-0.035512030,0255754,0.530473632,0595305213.291667960
02244041,-0.035572320,02553274,0.530714862,0614957513.289560970,02267138
-0.035526060,02550964,0.529722792,0614645213.285590610,02268105,-0.035832940
02554205,0.530452442,0615752513.290907160,02250887,-0.03560760,02552143
0.530595852,0610453513.293083910,02234938,-0.035753710,02553161,0.529316272
0668793913.286309820,02279841,-0.035628780,02548805,0.530376152,0664079313.290515540
02258161,-0.035930,02554741,0.529204752,0642511513.290813320,0224721
-0.035707780,02547818,0.52781082,0632704313.293872890,02235068,-0.035795030
02546002,0.529203972,0659450613.289609920,02269914,-0.03591340,02543763
0.528691992,0671623913.29252120,02258228,-0.035996890,02543835,0.526968032
0652976113.300161980,02231162,-0.035737630,02540279,0.528945332,066402513.29651310
02251007,-0.036038790,02543356,0.529648972,065498813.296506930,02264643
-0.035896190,02545561,0.525748562,0655077713.300009870,02264986,-0.035823290
02549287,0.527179912,0683104313.297750160,02258532,-0.036147280,0255213
0.524994112,0698719213.305935490,02266078,-0.035666570,02554988,0.528542542
0714035213.30124860,02267526,-0.036072010,02555582,0.523892342,0730505713.304266290
02279022,-0.035805580,0254854,0.526181732,0716236613.307614990,02248785
-0.036142890,02552205,0.521208642,0707809513.305887090,02259495,-0.035906220
02548469,0.522198112,0736307913.309596880,02284955,-0.035919140,02545233
0.524404572,0716776213.30579350,02272457,-0.0361970,02550836,0.524133752
0693618613.314588310,0224251,-0.035881190,02556804,0.523006542,0744567713.310094740
02291933,-0.035972860,02557541,0.524489112,0752926513.315175110,02293814
-0.035935320,02562778,0.525506442,0744738513.322442860,02269024,-0.035807760
02561339,0.526076552,0755759313.317395580,02301619,-0.035907770,02562283
0.523988612,0744557113.317270960,02306104,-0.035847050,02554745,0.523451972
0731785513.315229410,02292271,-0.036280130,02556369,0.522203042,0725772413.317846480
02304997,-0.035970460,02554068,0.521467812,0736836213.319492340,02295633
-0.035952180,02551769,0.520107992,0757596813.316067260,02313374,-0.036070640
02556788,0.519427882,0763616913.316103240,02299487,-0.036273170,02556231
0.518272822,0782500613.314082540,0230369,-0.036032060,0255093,0.520003692
0778889713.317196770,02295451,-0.036139270,02545256,0.51890062,0800010313.318557410
02298447,-0.035933390,02545227,0.521384722,0817622913.315956230,02304373
-0.036228750,02547195,0.519866992,0824894913.319114990,02311936,-0.035898510
02552089,0.521829912,0812867313.322388970,02290139,-0.03599760,02552463
0.522098092,081454213.320250590,02308399,-0.035911690,02551109,0.523102082
0849598713.315417580,02328665,-0.035990790,02550675,0.524740622,0849218913.31812240
02311229,-0.035897610,0255281,0.52270932,0819669413.325231420,02283679
-0.03577860,02547371,0.521467362,0874786813.316800290,02320346,-0.035966230
02553814,0.520136552,0880404513.315017750,0233631,-0.036055090,0255982
0.51739212,0852490613.321174660,02291817,-0.035945830,02556936,0.516249572
0857439513.322229310,02296806,-0.035841060,02554711,0.520170542,0911289213.314585610
023374,-0.036204180,02559494,0.518897812,0901331913.316335380,02348576
-0.036056810,02556228,0.519921322,0857801713.327929240,02282397,-0.035896170
02544473,0.519620062,08910528,-6.675144360,02320853,-0.035804040
02543072,0.523010332,09289423,-6.684307040,02357934,-0.036231110
02545553,0.519842022,08814773,-6.676043190,02319926,-0.035809660
02541808,0.522547562,08902026,-6.670842520,02300639,-0.036018120
0254554,0.524282982,09033187,-6.676822360,02329445,-0.03590810
02545308,0.526770212,09112613,-6.673312550,02306343,-0.036037290
02555378,0.525641152,08991338,-6.67544580,02333075,-0.035887530
02556023,0.526893282,09011634,-6.674197330,02306792,-0.035957960
02551844,0.528756362,09168299,-6.672689050,02326783,-0.035643390
02548804,0.531083532,09303427,-6.676866820,02317424,-0.036259470
02555644,0.529455012,09248771,-6.672952060,02312255,-0.035816810
02549569,0.529716212,09506245,-6.672203670,02303283,-0.035858190
02553649,0.530811012,09518421,-6.673948380,02312474,-0.035991390
02546996,0.531880322,09802855,-6.669091310,0231162,-0.035844180
02543791,0.53503112,09862215,-6.671406660,02307125,-0.036129270
02546063,0.534843322,09934438,-6.666593660,02310674,-0.035856020
0253927,0.534506832,09753852,-6.660713170,0228008,-0.035903840
0253462,0.535541262,09846119,-6.665455210,02315441,-0.03590490
02534148,0.537664832,09810585,-6.6657320,02325233,-0.036249130
02546537,0.53506422,09690099,-6.656816390,02294493,-0.035824130
02539342,0.534695182,09765991,-6.6566810,02283942,-0.035982440
02547376,0.535063442,10026514,-6.661648550,02335313,-0.036148570
02550771,0.535665362,09758947,-6.655602430,02293656,-0.036235180
0254887,0.53296872,09502594,-6.648777880,02272331,-0.035944120
02546703,0.533320992,09783305,-6.654018260,02322141,-0.036124610
0254467,0.535144852,09868042,-6.654962440,02319444,-0.036340910
02553075,0.533704882,09790166,-6.646822190,02285539,-0.036180810
02549458,0.533814342,09804991,-6.646687180,0229871,-0.036023920
02545882,0.537298152,096145,-6.651268340,02292965,-0.036427310
02557831,0.533707012,09688703,-6.649374980,02297101,-0.036295630
02551525,0.533002872,0965091,-6.646718670,02283485,-0.036100280
02551207,0.532376632,09516573,-6.649698570,02280571,-0.036116030
02549029,0.534533022,09618059,-6.649902720,02287493,-0.036215150
02546821,0.533391622,09538861,-6.64980750,02289761,-0.036343840
0254696,0.532572352,09429758,-6.647100190,0226778,-0.036183790
02547454,0.533750062,09518696,-6.652065020,02272324,-0.036254840
02548542,0.535026662,0950139,-6.657060210,02283594,-0.036524440
02547178,0.532625522,09509002,-6.65139750,02269128,-0.036272380
02546488,0.532630582,09248659,-6.651421390,02253724,-0.036352990
02549912,0.533296242,09344813,-6.653571320,02258641,-0.036413370
02554,0.534917282,09442709,-6.658197240,02276334,-0.036488890
0256233,0.535428512,09319262,-6.656135370,02248415,-0.03650640
02558464,0.5319492,09417876,-6.655726730,02250996,-0.036164970
0255155,0.534327592,09533052,-6.656926490,02250281,-0.036729080
02557822,0.532643052,09540089,-6.654433170,02253092,-0.036524280
02557183,0.53081282,0988959,-6.658215860,02294666,-0.036064310
0255509,0.532730632,09461858,-6.6413340,02176869,-0.035958750
02555908,0.535228882,09737072,-6.640770320,02205109,-0.035509830
02548407,0.54071342,09482338,-6.625463620,02078499,-0.036044420
02551911,0.545321482,08919659,-6.598008370,01878476,-0.036147410
02559006,0.558056272,08647339,-6.579821610,01728468,-0.03657030
02557151,0.569916052,07545901,-6.545445070,0141076,-0.037534530
025542,0.579472492,06951331,-6.521509850,01179992,-0.038026530
0254849,0.590404142,05246605,-6.475156020,0076941,-0.038931610
02531642,6.01307035e-012,03412286e+00,-6.41732752e+003,26301623e-03,-3.92306059e-022
53242482e-02,6.23404742e-012,01131167e+00,-6.35934673e+00,-2.41436218e-03,-4.10092984e-022
53324287e-02,0.639658291,9879177,-6.31112992,-0.00752401,-0.042621960
02511987,0.658896221,96709564,-6.25088809,-0.01316932,-0.043353890
02541165,0.67307941,92935309,-6.15928503,-0.02102289,-0.04433010
0250862,0.699965351,89982832,-6.08688307,-0.02791288,-0.04657620
0250459,0.723935711,86085877,-5.99625653,-0.0367743,-0.048091350
0246931,0.746377131,82492182,-5.91143959,-0.04470196,-0.049310220
02453098,0.766263981,76910511,-5.78840235,-0.05619521,-0.050432660
02412624,0.790036661,73695694,-5.7111638,-0.06414788,-0.052034170
02382143,0.8347051,67799377,-5.59869893,-0.07697538,-0.056016150
02353575,0.861970591,62992889,-5.4901281,-0.08766311,-0.057905750
02268737,0.87894521,56916037,-5.35592546,-0.09932064,-0.057414860
02218013,0.922724331,51029494,-5.25315968,-0.11301307,-0.062590150
02196229,0.932073031,45488983,-5.12126473,-0.12344277,-0.060596470
02106395,0.962163671,39562183,-5.01142901,-0.13686581,-0.063972170
02043986,0.975855371,32954105,-4.88721578,-0.14976396,-0.064390070
01963645,0.999998961,26542809,-4.77012741,-0.16167878,-0.065863690
01896099,1.018538461,19865737,-4.64639491,-0.17490414,-0.067511270
01808191,1.039957191,12489829,-4.52408518,-0.18834078,-0.069014690
0171228,1.056955131,06308532,-4.41028579,-0.20018108,-0.070371480
01603926,1.077187190,98729505,-4.28704351,-0.21446128,-0.072266610
01504361,1.08920420,92188757,-4.17256475,-0.2258937,-0.071852420
01396706,1.109967050,84353542,-4.05636684,-0.24017796,-0.074231690
01278587,1.119393250,76777728,-3.92888675,-0.25257194,-0.073711430
01162846,1.152047360,69141537,-3.83344365,-0.26749253,-0.077813160
00994616,1.144145780,62309126,-3.70406058,-0.27865339,-0.075070940
00890267,1.158161230,54007721,-3.57908511,-0.293076,-0.07573550
00739035,1.180443390,47310419,-3.48535298,-0.30588463,-0.077699720
0056564,1.19298860,38994923,-3.36543732,-0.31975848,-0.07749350
00409031,1.20176442e+003,18278074e-01,-3.25771490e+00,-3.33581317e-01,-7.76283617e-022
35368358e-03,1.20721139e+002,40842549e-01,-3.13125167e+00,-3.47686529e-01,-7.68416510e-028
94540988e-04,1.21997960e+001,77053561e-01,-3.04586977e+00,-3.60571107e-01,-7.78753271e-02
-9.33284759e-04,1.22454932e+008,91280692e-02,-2.92658801e+00,-3.75387871e-01,-7.74836756e-02
-2.62407536e-03,1.242369540,01684485,-2.83574825,-0.38822786,-0.07862001
-0.00419904,1.2438744,-0.06535413,-2.72504832,-0.40175302,-0.07797878
-0.00597551,1.24461355,-0.13201479,-2.63069322,-0.41221087,-0.07654572
-0.00762871,1.27064348,-0.20952498,-2.54792589,-0.42716721,-0.07981954
-0.00965351,1.26022395,-0.28092386,-2.44406051,-0.43691197,-0.07695478
-0.01139855,1.266171,-0.34756894,-2.36424869,-0.44815954,-0.07754532
-0.01321934,1.2803685,-0.41704949,-2.29264154,-0.46036747,-0.07943199
-0.01487809,1.26366405,-0.47297626,-2.20802597,-0.46698783,-0.07596243
-0.01590776,1.29163187,-0.5335267,-2.16870182,-0.47891657,-0.07983505
-0.01766337,1.27700474,-0.58541645,-2.09115773,-0.48588833,-0.07726831
-0.01885842,1.28188852,-0.63307774,-2.04293914,-0.49362405,-0.07766898
-0.02003445,1.28707861,-0.6802088,-1.9969825,-0.50114168,-0.07822381
-0.02123556,1.28482003,-0.72427325,-1.94639879,-0.50755845,-0.07786869
-0.02203628,1.28469817,-0.75673717,-1.90703411,-0.51235825,-0.07727729
-0.02260045,1.28031939,-0.78893746,-1.86762546,-0.51715792,-0.07672473
-0.02382141,1.29176081,-0.82112918,-1.8391782,-0.52309469,-0.07828828
-0.02420205,1.28963112,-0.83573742,-1.81596804,-0.52510128,-0.07745442
-0.0249693,1.29117811,-0.85605819,-1.79641343,-0.52861051,-0.07780779
-0.02510066,1.29201182,-0.86988628,-1.78369919,-0.5305562,-0.07802086
-0.0254393,1.29719348,-0.87251215,-1.78895517,-0.53078559,-0.07859354
-0.02540813,1.2944393,-0.87167577,-1.78948414,-0.53051817,-0.07819566
-0.02531227,1.29708527,-0.87401858,-1.78651017,-0.53053198,-0.07789559
-0.02503207,1.30033986,-0.86159885,-1.80632127,-0.52897742,-0.07820006
-0.02460731,1.29363113,-0.85944256,-1.80583071,-0.52788828,-0.07723588
-0.02398506,1.30109047,-0.85083414,-1.83192618,-0.52743455,-0.07829698
-0.02353496,1.31296502,-0.82453905,-1.88138403,-0.52327233,-0.07882664
-0.02246805,1.310823,-0.79899,-1.91330439,-0.51841068,-0.07760542
-0.02151048,1.31867067,-0.76883349,-1.96528774,-0.51409884,-0.07776999
-0.02004245,1.32776712,-0.73362861,-2.02642481,-0.50887731,-0.07853596
-0.0189247,1.33702417,-0.68712207,-2.10465363,-0.50165439,-0.07887012
-0.01711664,1.35340745,-0.63070376,-2.19726377,-0.49282517,-0.07947813
-0.01501437,1.35903506,-0.58602348,-2.27049558,-0.48623408,-0.07950669
-0.01347337,1.37015319,-0.53060438,-2.3679065,-0.47776624,-0.08037917
-0.01108807,1.38180867,-0.47071636,-2.46802254,-0.46806832,-0.08063139
-0.00903894,1.39602214,-0.38282346,-2.60168239,-0.45415053,-0.08008192
-0.00668908,1.40912684,-0.3193015,-2.73229024,-0.44475753,-0.08106419
-0.00426458,1.42856495e+00,-2.28962477e-01,-2.88794931e+00,-4.29428460e-01,-8.20305360e-02
-1.55711555e-03,1.43195397e+00,-1.45291560e-01,-3.04479861e+00,-4.15103576e-01,-8.14812925e-029
50423276e-04,1.44744985,-0.07101194,-3.18605778,-0.40174433,-0.082459860
00371575,1.461960940,03087354,-3.37641641,-0.3844394,-0.083562840
00639478,1.473433940,10912774,-3.52530581,-0.37061184,-0.084462110
00840266,1.482127660,19994642,-3.69784889,-0.35469616,-0.084650160
01106782,1.491518520,30216881,-3.8787749,-0.33602926,-0.084803230
01298745,1.503009560,39608291,-4.07395935,-0.31856915,-0.085711060
01552151,1.502292420,48400438,-4.23238431,-0.30231364,-0.085769150
01709874,1.519862590,57739901,-4.43305883,-0.28536951,-0.087960150
01924548,1.524620260,66351142,-4.6015026,-0.26846312,-0.088389570
02098307,1.527766790,7621656,-4.80562093,-0.24885338,-0.088812970
02255299,1.529547230,84004902,-4.96725772,-0.2327395,-0.089270460
02382113,1.540840560,94142272,-5.18107681,-0.21336583,-0.091821450
02487099,1.533232281,01047068,-5.33292474,-0.19685997,-0.091222560
0257787,1.537791611,09804411,-5.51151012,-0.17860089,-0.092286930
02663392,1.534279571,17886657,-5.67442509,-0.16162319,-0.092484990
02748127,1.541205081,24348501,-5.82672753,-0.14815839,-0.094560330
02833903,1.537596991,30481554,-5.96016629,-0.13441844,-0.095023310
02868152,1.532661481,38634912,-6.11318195,-0.11814457,-0.094471570
02878055,1.531471791,44828826,-6.24287641,-0.10527996,-0.095141190
02927514,1.534873251,49268844,-6.35155175,-0.09615428,-0.096651530
02977102,1.524789771,55214725,-6.46666313,-0.08236185,-0.096631940
02945997,1.52823741,57133767,-6.53916375,-0.07587216,-0.098133270
02933604,1.52971111,61668126,-6.64529283,-0.06396776,-0.099517430
02900982,1.526720041,64792561,-6.71332327,-0.05458455,-0.098772560
02891924,1.525081081,67399021,-6.77398399,-0.04750684,-0.099312370
02865348,1.519353951,70443917,-6.83414458,-0.0409996,-0.099380290
02861204,1.523394871,72846643,-6.88907163,-0.03530697,-0.100320020
02850658,1.515632231,74866103,-6.92003548,-0.03071837,-0.099753510
02809242,1.522912811,77489866,-6.97555629,-0.02477057,-0.100483440
02820099,1.52620171,78702377,-7.0106645,-0.0225395,-0.101363190
02789073,1.530688461,80437524,-7.04520844,-0.01935268,-0.101814610
02817517,1.535306061,8146272,-7.06069155,-0.01822287,-0.102696640
02808584,1.52946831,82456626,-7.07747054,-0.01549048,-0.101964280
02803756,1.538755251,82505312,-7.08733169,-0.01621271,-0.103273470
02824034,1.535172591,83082076,-7.08656292,-0.01492274,-0.10236190
02823125,1.539705281,82918564,-7.08531672,-0.0153943,-0.102841640
02851234,1.542292511,84164203,-7.10627215,-0.0133508,-0.102806350
02860282,1.538198091,83925655,-7.09713948,-0.01373327,-0.102372620
02871107,1.539485621,8444907,-7.11469464,-0.01292464,-0.103062580
02901054,1.53303881,84389365,-7.1087044,-0.01296348,-0.102955260
02913875,1.530455011,84164164,-7.10706748,-0.01300087,-0.102831370
02934893,1.534019471,84290151,-7.11203036,-0.01237342,-0.102757920
02957352,1.536872081,8417573,-7.11244851,-0.01299247,-0.102724160
02970433,1.529692431,839761,-7.10124349,-0.01311135,-0.101899620
02982523,1.531050541,84305996,-7.11429037,-0.01267567,-0.102715560
03010112,1.527729871,84644686,-7.11154622,-0.01180632,-0.101729190
03025948,1.537302021,84371597,-7.11989963,-0.01233204,-0.102892090
03049844,1.5313221,84294417,-7.12242316,-0.01216277,-0.102375480
03067726,1.522846671,8483343,-7.1049436,-0.01127269,-0.100974580
03087811,1.525302131,84360164,-7.10618153,-0.01270246,-0.10196950
03111541,1.525291441,84920298,-7.11654312,-0.01086846,-0.101463540
03120046,1.527641581,85008845,-7.12396216,-0.01082027,-0.102077960
03152512,1.521387271,84123778,-7.09060548,-0.01246015,-0.100492210
03166166,1.518677671,85281071,-7.10760887,-0.00989103,-0.099957380
03182533,1.509619441,85450161,-7.09428875,-0.01045504,-0.099246990
03199128,1.511171621,85195694,-7.08929036,-0.01055327,-0.099324820
0321665,1.516157161,85306716,-7.09304157,-0.01033589,-0.099068840
03228735,1.507754891,85549231,-7.09105112,-0.00876913,-0.097742850
03230078,1.508007561,84879613,-7.08376954,-0.01073818,-0.09871660
03264914,1.505593211,85330026,-7.08368137,-0.00895119,-0.097686520
03276874,1.511081251,84854846,-7.07821858,-0.01028135,-0.09821280
03288429,1.508982861,85597502,-7.08574211,-0.00877448,-0.097588710
03298064,1.505031271,85326885,-7.08038785,-0.00884874,-0.097001310
03318063,1.508112091,85662806,-7.08391803,-0.00902083,-0.097412760
03335879,1.508995911,8516633,-7.07280938,-0.00989457,-0.097295290
03352031,1.506782071,85246205,-7.06708348,-0.00968216,-0.096904250
03357374,1.511750371,85248355,-7.07317161,-0.0099644,-0.097378260
03374499,1.511312141,85282902,-7.07560802,-0.00962946,-0.097216040
0336847,1.510659831,84449648,-7.06668731,-0.01076484,-0.09724920
03365188,1.510353841,84902978,-7.07295982,-0.01005931,-0.097104540
03372211,1.510739321,84771077,-7.07167372,-0.01005984,-0.097020340
03377184,1.505921931,84639363,-7.06331932,-0.01070961,-0.096808290
03363867,1.506539051,85362002,-7.07459561,-0.00985957,-0.097016370
03386709,1.51004971,84983718,-7.07852521,-0.01086942,-0.09782640
03391316,1.513548211,85019057,-7.08132637,-0.01110606,-0.098269240
03388996,1.510275941,85300596,-7.07501927,-0.01095263,-0.098044170
0338695,1.514244881,8494332,-7.07711681,-0.01132279,-0.098534480
03390914,1.512392241,85013386,-7.07858683,-0.01122962,-0.098582470
03394252,1.50965671,85184586,-7.0776078,-0.01120208,-0.098465240
03393322,1.512701171,85145631,-7.07698444,-0.01146185,-0.098758010
03399923,1.513386511,85144121,-7.0751176,-0.01145863,-0.098789890
03405829,1.512257491,85400751,-7.07720224,-0.01106179,-0.098844640
03399363,1.513425251,85390048,-7.07825479,-0.01121764,-0.098880770
03399962,1.509680691,85189168,-7.06539677,-0.01150206,-0.098526270
03401608,1.512203281,85514385,-7.07587571,-0.0112619,-0.099003660
03407829,1.513166931,85521556,-7.0736192,-0.01134369,-0.099167590
03403063,1.51022111,85490136,-7.06565215,-0.0114122,-0.098647170
03401178,1.513705151,85543831,-7.0693239,-0.01131156,-0.098923060
03403221,1.515086511,85497935,-7.06609627,-0.0112907,-0.098994140
03405829,1.515987141,85547063,-7.06913238,-0.01132876,-0.099337230
03397961,1.511481631,8549824,-7.05694304,-0.01133733,-0.09853390
033874,1.515346691,85676022,-7.06217545,-0.01113673,-0.099028710
03397312,1.51571841,85845885,-7.06285455,-0.01088275,-0.09916920
03399392,1.511811851,85505753,-7.04632216,-0.01129293,-0.098726870
03395236,1.513858891,85761205,-7.05179012,-0.01112894,-0.098780950
03393002,1.515567431,8617288,-7.05168187,-0.01094014,-0.098884890
03394343,1.516648351,86164224,-7.0554038,-0.01081821,-0.098924820
03396567,1.513635411,85794433,-7.04865982,-0.01123943,-0.098906840
03393188,1.513532281,85950335,-7.04875334,-0.01119029,-0.098855720
03394018,1.512622241,86278415,-7.0480295,-0.0110178,-0.098837320
03392653,1.512853261,86203779,-7.04945707,-0.01089283,-0.098835720
03395112,1.514625651,86190668,-7.04704142,-0.01130922,-0.099059540
0339422,1.513566251,86079722,-7.04324613,-0.01135894,-0.098858850
03397243,1.517644931,86494352,-7.05146836,-0.01102265,-0.099318370
03400141,1.513721951,86588814,-7.04548455,-0.01108272,-0.099081610
03400532,1.517416481,86563527,-7.04947549,-0.01126512,-0.099370420
03404317,1.514521151,86811515,-7.04062625,-0.01088037,-0.098773260
0340104,1.517799411,86952432,-7.0472901,-0.01081875,-0.099198150
03405966,1.520731721,86927828,-7.04210059,-0.01127424,-0.099507750
03402618,1.51565291,86755359,-7.03719174,-0.01115334,-0.098852280
03407723,1.51810071,86808025,-7.03809355,-0.01092759,-0.098964890
03406396,1.518888181,8705589,-7.03978495,-0.01073272,-0.099116780
03410064,1.517053771,86797739,-7.0317893,-0.011326,-0.099031980
03404549,1.519122861,87189448,-7.03349024,-0.01105546,-0.098867850
03404723,1.52006291,87473517,-7.03115306,-0.01075372,-0.098768690
03402273,1.522490121,87439097,-7.03210601,-0.01098128,-0.099085340
03404384,1.521227871,87425512,-7.02513871,-0.01132796,-0.098864350
03403788,1.522052451,87705308,-7.02683719,-0.01116034,-0.098720570
03402728,1.522675221,87813795,-7.0313667,-0.0109146,-0.098865860
03401647,1.520873041,87822048,-7.02963028,-0.01080308,-0.098659440
03399376,1.523755051,87749204,-7.0298633,-0.0110859,-0.098951010
03393489,1.521696011,87761101,-7.02508065,-0.01121533,-0.098595250
03395098,1.524278151,87787115,-7.0287055,-0.01092898,-0.098777070
03391793,1.52598111,87691346,-7.03085348,-0.01102235,-0.098931250
03395794,1.523107851,87568346,-7.02310344,-0.01120283,-0.098566470
0338826,1.52443991,87751382,-7.02965976,-0.01111024,-0.098770910
03393533,1.523117191,87752687,-7.02778878,-0.01114641,-0.098751640
03396888,1.521619781,87694183,-7.02943897,-0.01119064,-0.098759670
03396702,1.52095481,87807636,-7.02590879,-0.01124928,-0.098690920
03396387,1.519753241,8776877,-7.02714683,-0.01123811,-0.09854640
03399426,1.522806241,87985739,-7.02807348,-0.01113003,-0.098651630
03397752,1.52288116e+001,87940673e+00,-5.70287972e+01,-1.11981299e-02,-9.87578358e-023
40269002e-02,1.51827417e+001,87891055e+00,-5.70245775e+01,-1.12735253e-02,-9.84351256e-023
40288787e-02,1.52019035e+001,88048496e+00,-5.70281795e+01,-1.11762611e-02,-9.85272262e-023
39588460e-02,1.52297501e+001,88117665e+00,-5.70278638e+01,-1.13549665e-02,-9.86193563e-023
40010314e-02,1.52224147e+001,88155544e+00,-5.70284188e+01,-1.13184583e-02,-9.87534192e-023
40340000e-02,1.52377785e+001,88015405e+00,-5.70279322e+01,-1.12407903e-02,-9.87355456e-023
40188892e-02,1.52135967e+001,87974309e+00,-5.70234867e+01,-1.13216564e-02,-9.84942208e-023
39964844e-02,1.52546086e+001,88041376e+00,-5.70230359e+01,-1.13457177e-02,-9.87100820e-023
39645214e-02,1.52522019e+001,88383798e+00,-5.70277975e+01,-1.10057307e-02,-9.88424865e-023
39393664e-02,1.52269966e+001,88242656e+00,-5.70222468e+01,-1.13021669e-02,-9.85259017e-023
39531426e-02,1.52546250e+001,87964935e+00,-5.70201664e+01,-1.15417760e-02,-9.86598932e-023
39377172e-02,1.52463413e+001,88504765e+00,-5.70247728e+01,-1.09904513e-02,-9.86923558e-023
39102714e-02,1.52546229e+001,88333632e+00,-5.70231173e+01,-1.11729750e-02,-9.87183473e-023
39372424e-02,1.52508946e+001,87939348e+00,-5.70177957e+01,-1.15140738e-02,-9.85232514e-023
39331949e-02,1.52676116e+001,88109757e+00,-5.70221271e+01,-1.14349808e-02,-9.87347010e-023
40029066e-02,1.52554409e+001,88493322e+00,-5.70223290e+01,-1.10449526e-02,-9.85375423e-023
39396888e-02,1.52624121e+001,88591061e+00,-5.70227682e+01,-1.12254931e-02,-9.86425366e-023
39397725e-02,1.52638451e+001,88422633e+00,-5.70186611e+01,-1.15568123e-02,-9.86064765e-023
39665165e-02,1.52769297e+001,88383010e+00,-5.70214702e+01,-1.12735352e-02,-9.85605943e-023
39373193e-02,1.53087004e+001,88660522e+00,-5.70252905e+01,-1.11112477e-02,-9.87111647e-023
39001769e-02,1.52847995e+001,88531271e+00,-5.70150718e+01,-1.13067674e-02,-9.83646335e-023
38491680e-02,1.53075769e+001,88425953e+00,-5.70166811e+01,-1.15473719e-02,-9.85865362e-023
39248462e-02,1.53171060e+001,88995972e+00,-5.70188219e+01,-1.12434509e-02,-9.85332989e-023
39732786e-02,1.53347541e+001,89322869e+00,-5.70163826e+01,-1.09721428e-02,-9.81949850e-023
39337098e-02,1.53731024e+001,88978647e+00,-5.70180243e+01,-1.14070393e-02,-9.86043561e-023
39071813e-02,1.53789464e+001,88969811e+00,-5.70170717e+01,-1.12955443e-02,-9.83874969e-023
39033765e-02,1.53980240e+001,88935456e+00,-5.70197422e+01,-1.11398069e-02,-9.84502626e-023
38636712e-02,1.54126366e+001,88978654e+00,-5.70204826e+01,-1.11237804e-02,-9.83722457e-023
39183350e-02,1.54034610e+001,89078474e+00,-5.70178197e+01,-1.12229672e-02,-9.83836629e-023
38898151e-02,1.54050644e+001,89117347e+00,-5.70204623e+01,-1.12012444e-02,-9.83454448e-023
39084467e-02,1.53898652e+001,89297625e+00,-5.70194936e+01,-1.12269286e-02,-9.82497191e-023
38939894e-02,1.54258101e+001,89479642e+00,-5.70259509e+01,-1.10370220e-02,-9.85333470e-023
39331442e-02,1.54292292e+001,89381434e+00,-5.70213517e+01,-1.12298119e-02,-9.83671619e-023
39121023e-02,1.54242298e+001,89457266e+00,-5.70203679e+01,-1.13277568e-02,-9.82877161e-023
39469292e-02,1.54312486e+001,89760234e+00,-5.70235815e+01,-1.12467615e-02,-9.84334695e-023
39613421e-02,1.54267116e+001,89814697e+00,-5.70227650e+01,-1.12378434e-02,-9.84407238e-023
39936804e-02,1.54333190e+001,89823315e+00,-5.70178969e+01,-1.12720212e-02,-9.82085195e-023
39625726e-02,1.54670522e+001,89496999e+00,-5.70168616e+01,-1.16488476e-02,-9.83547552e-023
39868337e-02,1.54799730e+001,89574271e+00,-5.70203906e+01,-1.12753591e-02,-9.84204612e-023
39541799e-02,1.54745405e+001,89545290e+00,-5.70173988e+01,-1.11657833e-02,-9.83609973e-023
39934502e-02,1.54935270e+001,89457514e+00,-5.70190385e+01,-1.13700496e-02,-9.85622219e-023
40198312e-02,1.54427774e+001,89542361e+00,-5.70109292e+01,-1.13763251e-02,-9.80301296e-023
39269002e-02,1.54889339e+001,89628187e+00,-5.70210060e+01,-1.13465203e-02,-9.85599371e-023
39697837e-02,1.54857549e+001,89617871e+00,-5.70198310e+01,-1.13280437e-02,-9.85356662e-023
40087668e-02,1.54699092e+001,89832287e+00,-5.70135880e+01,-1.12607642e-02,-9.81138868e-023
39979232e-02,1.55024614e+001,89872667e+00,-5.70163832e+01,-1.16641723e-02,-9.86982055e-023
40945647e-02,1.54551101e+001,90109367e+00,-5.70126246e+01,-1.11609169e-02,-9.82421410e-023
39766689e-02,1.54704737e+001,89920679e+00,-5.70143820e+01,-1.13876319e-02,-9.86718048e-023
39530359e-02,1.54706937e+001,89719139e+00,-5.70087404e+01,-1.17816244e-02,-9.86850062e-023
39710145e-02,1.53905132e+001,90048613e+00,-5.70038984e+01,-1.10300248e-02,-9.79991909e-023
38903261e-02,1.54640602e+001,90050865e+00,-5.70104040e+01,-1.13087183e-02,-9.88001674e-023
39576661e-02,1.54554047e+001,89708413e+00,-5.70022970e+01,-1.15112098e-02,-9.84112610e-023
39699586e-02,1.54492730e+001,89997753e+00,-5.70012739e+01,-1.11808777e-02,-9.80782107e-023
38439687e-02,1.54694293e+001,89831933e+00,-5.70055915e+01,-1.11829903e-02,-9.85206336e-023
38194973e-02,1.54466062e+001,89809132e+00,-5.70021195e+01,-1.12790818e-02,-9.83348120e-023
38603954e-02,1.54393049e+001,89675817e+00,-5.69993489e+01,-1.14766363e-02,-9.82165485e-023
39362051e-02,1.55041663e+001,89956356e+00,-5.70058468e+01,-1.13362250e-02,-9.85807588e-023
39453054e-02,1.54600559e+001,89964604e+00,-5.69985879e+01,-1.12369605e-02,-9.81335013e-023
38867896e-02,1.55041678e+001,90054064e+00,-5.70055887e+01,-1.13044996e-02,-9.86260516e-023
39134002e-02,1.54940035e+001,89763011e+00,-5.69995853e+01,-1.13190060e-02,-9.83948172e-023
39279621e-02,1.54915122e+001,89630473e+00,-5.69947232e+01,-1.14955556e-02,-9.81828106e-023
38882018e-02,1.55024066e+001,89958034e+00,-5.69950871e+01,-1.12297152e-02,-9.79849537e-023
38606111e-02,1.55409805e+001,90043058e+00,-5.70010773e+01,-1.11566107e-02,-9.87075973e-023
39425031e-02,1.55163507e+001,89754728e+00,-5.69944662e+01,-1.13081837e-02,-9.83833973e-023
39254490e-02,1.54838930e+001,89502752e+00,-5.69840593e+01,-1.15612319e-02,-9.79908526e-023
39222930e-02,1.55021616e+001,89676775e+00,-5.69944198e+01,-1.11933782e-02,-9.84859882e-023
39749548e-02,1.55141773e+001,90121135e+00,-5.69864152e+01,-1.11496039e-02,-9.84261758e-023
39267211e-02,1.55159751e+001,89633849e+00,-5.69757900e+01,-1.17369745e-02,-9.81821952e-023
39608566e-02,1.55524756e+001,89762762e+00,-5.69856212e+01,-1.13623599e-02,-9.86790712e-023
40278555e-02,1.55384185e+001,89784280e+00,-5.69786262e+01,-1.11705860e-02,-9.83575914e-023
40223130e-02,1.55333815e+001,89731899e+00,-5.69750798e+01,-1.12165078e-02,-9.82242976e-023
40153260e-02,1.55368872e+001,89385361e+00,-5.69724736e+01,-1.16458272e-02,-9.84573978e-023
40134576e-02,1.55399834e+001,89626955e+00,-5.69761584e+01,-1.12716749e-02,-9.84468613e-023
40212830e-02,1.55386189e+001,89654717e+00,-5.69715349e+01,-1.10792375e-02,-9.82912632e-023
39658598e-02,1.55458432e+001,89384736e+00,-5.69736077e+01,-1.13927394e-02,-9.87318381e-023
40763183e-02,1.55225784e+001,89252651e+00,-5.69672227e+01,-1.14188610e-02,-9.84558914e-023
40737459e-02,1.55204734e+001,89212267e+00,-5.69621983e+01,-1.13582071e-02,-9.83432196e-023
40286554e-02,1.55564542e+001,89238699e+00,-5.69684659e+01,-1.13802521e-02,-9.88708379e-023
41331993e-02,1.55343319e+001,89096130e+00,-5.69591643e+01,-1.14065003e-02,-9.85260809e-023
41307902e-02,1.55013643e+001,89116255e+00,-5.69568921e+01,-1.11384834e-02,-9.83457910e-023
40982789e-02,1.55227916e+001,88841176e+00,-5.69547140e+01,-1.14508885e-02,-9.85940909e-023
41140593e-02,1.55405850e+001,89011000e+00,-5.69571520e+01,-1.12221663e-02,-9.87745435e-023
40662676e-02,1.55381887e+001,88873201e+00,-5.69538321e+01,-1.12631940e-02,-9.89371354e-023
40648039e-02,1.55041890e+001,88597506e+00,-5.69465989e+01,-1.14584321e-02,-9.85810517e-023
40652186e-02,1.55215891e+001,88609951e+00,-5.69489455e+01,-1.12266686e-02,-9.87039260e-023
40545484e-02,1.55287422e+001,88868429e+00,-5.69478380e+01,-1.11307259e-02,-9.87817619e-023
40251285e-02,1.55339385e+001,88894482e+00,-5.69453239e+01,-1.11789318e-02,-9.87557501e-023
40407499e-02,1.55649515e+001,88862423e+00,-5.69452116e+01,-1.13143621e-02,-9.90357347e-023
40944756e-02,1.55522601e+001,88790803e+00,-5.69384269e+01,-1.13160158e-02,-9.86857778e-023
40879932e-02,1.55801719e+001,89192396e+00,-5.69434112e+01,-1.09325103e-02,-9.89465354e-023
41277132e-02,1.55866042e+001,89059816e+00,-5.69378957e+01,-1.11912750e-02,-9.89211286e-023
41395086e-02,1.55725662e+001,88915310e+00,-5.69356799e+01,-1.14677252e-02,-9.88314035e-023
41714665e-02,1.55816009e+001,89007533e+00,-5.69347609e+01,-1.13008908e-02,-9.88395079e-023
41847703e-02,1.56021000e+001,89106410e+00,-5.69423131e+01,-1.11557611e-02,-9.91257669e-023
42314844e-02,1.56045222e+001,88842801e+00,-5.69400129e+01,-1.11382600e-02,-9.90381942e-023
42230557e-02,1.55839259e+001,88903062e+00,-5.69347555e+01,-1.12934764e-02,-9.88051255e-023
41188823e-02,1.55798034e+001,89003109e+00,-5.69409031e+01,-1.12722156e-02,-9.91570817e-023
41035244e-02,1.55867975e+001,89383129e+00,-5.69396469e+01,-1.10171094e-02,-9.91093008e-023
40661912e-02,1.55771584e+001,89269388e+00,-5.69356588e+01,-1.11337644e-02,-9.90204001e-023
40783212e-02,1.55926969e+001,89281295e+00,-5.69349822e+01,-1.11468239e-02,-9.89894830e-023
41600760e-02,1.56095737e+001,89588159e+00,-5.69334880e+01,-1.10991429e-02,-9.90875724e-023
41106526e-02,1.56508400e+001,89703441e+00,-5.69352195e+01,-1.09150565e-02,-9.90617874e-023
40904430e-02,1.56521067e+001,89603628e+00,-5.69298416e+01,-1.10238404e-02,-9.89130562e-023
41055272e-02,1.56480881e+001,89616709e+00,-5.69247050e+01,-1.11904702e-02,-9.87440821e-023
41590553e-02,1.56781916e+001,90107430e+00,-5.69296922e+01,-1.09846249e-02,-9.92345127e-023
41373246e-02,1.56702853e+001,90276639e+00,-5.69229540e+01,-1.08018557e-02,-9.87855192e-023
41046352e-02,1.56648338e+001,90208819e+00,-5.69237389e+01,-1.10751211e-02,-9.90403512e-023
41278689e-02,1.56569338e+001,90097067e+00,-5.69203651e+01,-1.10565945e-02,-9.89865953e-023
41168008e-02,1.56537938e+001,90199661e+00,-5.69196625e+01,-1.08566577e-02,-9.90119945e-023
41454261e-02,1.56662913e+001,90430122e+00,-5.69207084e+01,-1.05897158e-02,-9.90030387e-023
41779293e-02,1.56585427e+001,90210292e+00,-5.69119200e+01,-1.10108076e-02,-9.88365193e-023
41493238e-02,1.56842683e+001,90454457e+00,-5.69151492e+01,-1.09521967e-02,-9.90819100e-023
41294228e-02,1.56551042e+001,90796117e+00,-5.69115510e+01,-1.05546269e-02,-9.87300288e-023
40425582e-02,1.56972177e+001,90651431e+00,-5.69124304e+01,-1.07015425e-02,-9.89856297e-023
40506790e-02,1.56749966e+001,90496448e+00,-5.69054523e+01,-1.09790058e-02,-9.88748213e-023
41307364e-02,1.56767209e+001,90573515e+00,-5.69067031e+01,-1.07831540e-02,-9.88251747e-023
40857470e-02,1.56815132e+001,90456817e+00,-5.69070964e+01,-1.04136214e-02,-9.88515975e-023
41011749e-02,1.56652509e+001,90271491e+00,-5.69015389e+01,-1.06709963e-02,-9.89451407e-023
41172473e-02,1.56807181e+001,89910462e+00,-5.68998561e+01,-1.09893159e-02,-9.89849677e-023
41271281e-02,1.56424025e+001,89953164e+00,-5.69007202e+01,-1.06046667e-02,-9.87823318e-023
40791527e-02,1.56209516e+001,90113554e+00,-5.69012323e+01,-1.04737884e-02,-9.86573459e-023
40963578e-02,1.56323645e+001,90042447e+00,-5.69013215e+01,-1.06926388e-02,-9.89739649e-023
40941236e-02,1.56586247e+001,89664263e+00,-5.68989828e+01,-1.10036080e-02,-9.93453828e-023
41249165e-02,1.56342593e+001,89838492e+00,-5.68957861e+01,-1.06787441e-02,-9.89122466e-023
41020256e-02,1.56772110e+001,90024557e+00,-5.68963056e+01,-1.07008897e-02,-9.93194928e-023
40999269e-02,1.56470174e+001,89757938e+00,-5.68893753e+01,-1.10834433e-02,-9.92110804e-023
41563484e-02,1.56363705e+001,89776769e+00,-5.68837741e+01,-1.10259411e-02,-9.88103685e-023
40780804e-02,1.56681021e+001,90405911e+00,-5.68914720e+01,-1.05586668e-02,-9.90643734e-023
40950946e-02,1.56826665e+001,90087216e+00,-5.68817663e+01,-1.13210655e-02,-9.93683075e-023
40735092e-02,1.56920749e+001,90108956e+00,-5.68796284e+01,-1.13850031e-02,-9.92223741e-023
40907996e-02,1.56670513e+001,90290331e+00,-5.68776172e+01,-1.08039497e-02,-9.88234455e-023
40791196e-02,1.57024444e+001,90094859e+00,-5.68779567e+01,-1.11085181e-02,-9.92794181e-023
42074357e-02,1.56346263e+001,90015705e+00,-5.68681771e+01,-1.09006904e-02,-9.85479899e-023
41051741e-02,1.56772610e+001,90149030e+00,-5.68703960e+01,-1.08727851e-02,-9.89265502e-023
41455003e-02,1.56971721e+001,90178357e+00,-5.68753419e+01,-1.11524034e-02,-9.92946879e-023
41270932e-02,1.56930280e+001,90176236e+00,-5.68716746e+01,-1.14778421e-02,-9.92634156e-023
41160705e-02,1.57102111e+001,90365045e+00,-5.68832392e+01,-1.10068790e-02,-9.95682683e-023
41054459e-02,1.56353541e+001,89999456e+00,-5.68698439e+01,-1.11497857e-02,-9.88071471e-023
40639890e-02,1.56851691e+001,90079883e+00,-5.68724306e+01,-1.13431551e-02,-9.91471553e-023
40605832e-02,1.57223797e+001,90237767e+00,-5.68813236e+01,-1.12231641e-02,-9.98265660e-023
40482647e-02,1.56809035e+001,90484627e+00,-5.68663198e+01,-1.11733251e-02,-9.88916921e-023
39776391e-02,1.57298564e+001,90505830e+00,-5.68711293e+01,-1.13455844e-02,-9.93046212e-023
39991532e-02,1.57181086e+001,90697276e+00,-5.68668545e+01,-1.10438811e-02,-9.87938038e-023
39815510e-02,1.57512127e+001,90811341e+00,-5.68712179e+01,-1.08308453e-02,-9.90241820e-023
40121443e-02,1.57574253e+001,90903325e+00,-5.68684230e+01,-1.08918622e-02,-9.88963927e-023
40360548e-02,1.57721062e+001,90789152e+00,-5.68613181e+01,-1.12921145e-02,-9.87172636e-023
39989429e-02,1.57660018e+001,91417985e+00,-5.68666168e+01,-1.06473027e-02,-9.85895684e-023
39913519e-02,1.57748663e+001,91289654e+00,-5.68614977e+01,-1.08451867e-02,-9.87552249e-023
40018860e-02,1.57599679e+001,91378052e+00,-5.68612210e+01,-1.10572192e-02,-9.88330426e-023
40541802e-02,1.57785711e+001,91453875e+00,-5.68593974e+01,-1.13560086e-02,-9.90345070e-023
40989031e-02,1.57416517e+001,91582112e+00,-5.68605496e+01,-1.06559665e-02,-9.86251610e-023
41033146e-02,1.58031884e+001,91989118e+00,-5.68633709e+01,-1.08466473e-02,-9.91791205e-023
41233744e-02,1.57631905e+001,91604303e+00,-5.68546464e+01,-1.09631954e-02,-9.86259032e-023
40832570e-02,1.57971311e+001,91750990e+00,-5.68588219e+01,-1.11401079e-02,-9.91817896e-023
40949057e-02,1.58052078e+001,92158899e+00,-5.68557811e+01,-1.07422089e-02,-9.89219323e-023
40518173e-02,1.57912859e+001,92003159e+00,-5.68539944e+01,-1.07141918e-02,-9.88751003e-023
40484861e-02,1.58631839e+001,91833056e+00,-5.68578797e+01,-1.13532145e-02,-9.98584106e-023
41272404e-02,1.57732019e+001,92233792e+00,-5.68551723e+01,-1.04224941e-02,-9.89172079e-023
40634134e-02,1.57406435e+001,92500490e+00,-5.68456753e+01,-1.00286592e-02,-9.82339481e-023
40591402e-02,1.58296640e+001,92194806e+00,-5.68501299e+01,-1.12417687e-02,-9.93047512e-023
41566617e-02,1.57676583e+001,92391024e+00,-5.68425510e+01,-1.06591923e-02,-9.86039141e-023
40705333e-02,1.58084869e+001,92442303e+00,-5.68479437e+01,-1.08660023e-02,-9.91243101e-023
40777821e-02,1.58003412e+001,92676155e+00,-5.68510890e+01,-1.05788551e-02,-9.91333808e-023
41503281e-02,1.57979714e+001,92371337e+00,-5.68454688e+01,-1.09317861e-02,-9.90740815e-023
41131131e-02,1.58256347e+001,92418965e+00,-5.68459263e+01,-1.10267410e-02,-9.91108077e-023
40608146e-02,1.57875787e+001,92804976e+00,-5.68431984e+01,-1.03872347e-02,-9.85666426e-023
39674786e-02,1.57893129e+001,92757415e+00,-5.68430095e+01,-1.07801761e-02,-9.87924003e-023
40296016e-02,1.57987388e+001,92866851e+00,-5.68390126e+01,-1.10827360e-02,-9.89245920e-023
40600586e-02,1.57958309e+001,93289725e+00,-5.68409668e+01,-1.07483589e-02,-9.88801323e-023
40456006e-02,1.58142587e+001,93172829e+00,-5.68403819e+01,-1.06851205e-02,-9.88117365e-023
40372516e-02,1.58059220e+001,93067122e+00,-5.68364542e+01,-1.06066946e-02,-9.87127977e-023
40555126e-02,1.58357392e+001,92999233e+00,-5.68355973e+01,-1.10324298e-02,-9.90319969e-023
40567527e-02,1.58100453e+001,93045709e+00,-5.68340839e+01,-1.08538252e-02,-9.87694401e-023
40549241e-02,1.58241499e+001,93428356e+00,-5.68362541e+01,-1.05998462e-02,-9.89272857e-023
40442499e-02,1.58617075e+001,93155775e+00,-5.68342391e+01,-1.10916863e-02,-9.91300300e-023
40568327e-02,1.58278631e+001,93288814e+00,-5.68297778e+01,-1.06349830e-02,-9.85839136e-023
39951820e-02,1.58541468e+001,93283997e+00,-5.68304771e+01,-1.08416307e-02,-9.89155321e-023
40130264e-02,1.58507042e+001,93527512e+00,-5.68306848e+01,-1.05368561e-02,-9.88502230e-023
39527835e-02,1.58524584e+001,93498549e+00,-5.68240393e+01,-1.06924944e-02,-9.87274146e-023
40304844e-02,1.58463902e+001,93603015e+00,-5.68223097e+01,-1.08494396e-02,-9.87342594e-023
41109017e-02,1.58303666e+001,93714067e+00,-5.68252742e+01,-1.03504111e-02,-9.86842552e-023
41166296e-02,1.58270475e+001,93740385e+00,-5.68221310e+01,-1.03757634e-02,-9.85957234e-023
40656062e-02,1.58599531e+001,93761575e+00,-5.68197586e+01,-1.06917280e-02,-9.87622208e-023
39998335e-02,1.58601007e+001,93563723e+00,-5.68166463e+01,-1.05607041e-02,-9.85788642e-023
40461836e-02,1.58795376e+001,93696498e+00,-5.68174246e+01,-1.02251474e-02,-9.85845859e-023
39851392e-02,1.58827390e+001,93578495e+00,-5.68125657e+01,-1.03390757e-02,-9.84956052e-023
39666256e-02,1.59236682e+001,93688244e+00,-5.68119995e+01,-1.07767264e-02,-9.89844879e-023
40249789e-02,1.58747160e+001,94078097e+00,-5.68088708e+01,-1.01972018e-02,-9.83023268e-023
39437157e-02,1.59185446e+001,93961108e+00,-5.68089005e+01,-1.04510673e-02,-9.87013986e-023
40431470e-02,1.59448878e+001,94033247e+00,-5.68139430e+01,-1.04867978e-02,-9.91343036e-023
40280066e-02,1.58882454e+001,93956144e+00,-5.68029944e+01,-1.03078886e-02,-9.85343096e-023
39905913e-02,1.59289603e+001,93956355e+00,-5.68058241e+01,-1.04556542e-02,-9.88228393e-023
40229586e-02,1.59133821e+001,93950234e+00,-5.68020380e+01,-1.04530344e-02,-9.87090936e-023
40428748e-02,1.59327242e+001,94036525e+00,-5.68070657e+01,-1.02420683e-02,-9.88615607e-023
41240449e-02,1.59180750e+001,94032537e+00,-5.68011946e+01,-1.03816828e-02,-9.86830193e-023
40880607e-02,1.59111537e+001,93976138e+00,-5.67960839e+01,-1.03824522e-02,-9.85018812e-023
40515471e-02,1.59323282e+001,94160362e+00,-5.67793302e+01,-1.06487356e-02,-9.85596501e-023
40983758e-02,1.60086816e+001,94814579e+00,-5.67976220e+01,-9.90721255e-03,-9.97848531e-023
42100824e-02,1.58737350e+001,95154875e+00,-5.68006784e+01,-8.15190162e-03,-9.80303361e-023
41201195e-02,1.58803928e+001,94378052e+00,-5.67810128e+01,-9.66341707e-03,-9.84406884e-023
43145099e-02,1.58480885e+001,94916792e+00,-5.67985685e+01,-8.24904077e-03,-9.83864722e-023
43148422e-02,1.58789684e+001,94607551e+00,-5.67880058e+01,-9.94982594e-03,-9.90713082e-023
43863757e-02,1.57893127e+001,94252558e+00,-5.67706144e+01,-9.68144530e-03,-9.81637003e-023
43355760e-02,1.58075892e+001,95639102e+00,-5.67909739e+01,-7.07463173e-03,-9.84370799e-023
42876315e-02,1.57725358e+001,95452505e+00,-5.67801028e+01,-8.24489000e-03,-9.82343079e-023
43192791e-02,1.57542646e+001,94564482e+00,-5.67898426e+01,-9.77350999e-03,-9.95950703e-023
44440942e-02,1.56982394e+001,95106611e+00,-5.67877073e+01,-8.44953234e-03,-9.82942604e-023
43132443e-02,1.56106820e+001,95476161e+00,-5.67852522e+01,-7.69899578e-03,-9.77625052e-023
41891061e-02,1.56701787e+001,95153768e+00,-5.67932242e+01,-8.59750819e-03,-9.96746304e-023
43188007e-02,1.56180313e+001,95308852e+00,-5.67763855e+01,-7.86857491e-03,-9.86921067e-023
42263903e-02,1.55536787e+001,94999754e+00,-5.67721420e+01,-8.81213272e-03,-9.85904456e-023
43534821e-02,1.56049273e+001,94921787e+00,-5.67733200e+01,-9.83784603e-03,-9.96625739e-023
44552174e-02,1.54877119e+001,95554134e+00,-5.67634076e+01,-8.17109856e-03,-9.79834026e-023
43853774e-02,1.54837204e+001,94796254e+00,-5.67848448e+01,-9.72033080e-03,-9.98427696e-023
46415357e-02,1.54087914e+001,95399343e+00,-5.67852079e+01,-8.28434448e-03,-9.87703672e-023
46049444e-02,1.53615618e+001,96807137e+00,-5.67974420e+01,-5.15470258e-03,-9.78644962e-023
45345434e-02,1.53235646e+001,95765115e+00,-5.67759010e+01,-7.05378085e-03,-9.80990007e-023
46668674e-02,1.53478118e+001,96545741e+00,-5.67951098e+01,-5.35587907e-03,-9.88911125e-023
47459715e-02,1.53606539e+001,95321129e+00,-5.67966780e+01,-8.08556573e-03,-9.98115948e-023
49212626e-02,1.53873210e+001,95217515e+00,-5.67937985e+01,-8.87647004e-03,-1.00713542e-013
50191985e-02,1.53342442e+001,95296063e+00,-5.67887808e+01,-8.44160009e-03,-9.98004811e-023
50012429e-02,1.53101501e+001,95185726e+00,-5.67770755e+01,-8.54445724e-03,-9.90987308e-023
50112589e-02,1.53850975e+001,96744441e+00,-5.68669526e+01,-5.70290133e-03,-1.06322447e-013
50798578e-02,1.59014787e+001,96176202e+00,-5.72225234e+017,18616446e-04,-1.40046748e-013
56217158e-02,1.77230793e+001,60076360e+00,-5.80475566e+014,28096604e-02,-2.43328269e-012
48756827e-02,2.43563619e+005,70488699e-01,-5.96563891e+011,82790088e-01,-5.12742660e-01
-8.92758393e-03,3.15483149e+00,-2.91395934e-01,-6.09423992e+013,16295207e-01,-7.37637708e-01
-4.05232189e-02,3.45678559,-1.02870951,-60.177347940,37805689,-0.87297332
-0.06338384,3.64907019,-1.51102446,-59.410452370,42864384,-0.95981905
-0.07888805,3.76753432,-1.86679229,-58.633067540,47597306,-1.01168229
-0.09085696,3.88442538,-2.08496048,-58.046854350,54533458,-1.03964147
-0.1006016,3.9242443,-2.27202486,-57.127458680,59276281,-1.05382736
-0.10798087,3.80309725,-2.45948596,-55.488979940,60626194,-1.03595717
-0.11248957,3.28548163,-2.81695737,-41.986774790,29375065,-0.86576874
-0.10430924,2.55690161,-3.12707741,-21.82129721,-0.15498237,-0.59755049
-0.08503409,1.848015,-3.39294119,-2.09619553,-0.54271594,-0.35086412
-0.06741479,1.25669678,-3.60513558,71478912,-0.63947974,-0.17216113
-0.06315629,0.89315489,-3.6206328110,06073088,-0.58416434,-0.07128899
-0.06239741,0.7432217,-3.492556015,02978175,-0.42010688,-0.0371
-0.06362648,0.70191795,-3.32513008,-1.28797708,-0.27347164,-0.03682192
-0.06393253,0.71062775,-3.21478169,-6.12863405,-0.16425338,-0.03781596
-0.06402417,0.67239895,-3.18123827,-7.73206586,-0.11555666,-0.02010063
-0.06345867,0.6257861,-3.21762922,-6.6609444,-0.145668660,01625726
-0.06177292,0.57815366,-3.2129561,-4.70082943,-0.21394390,06385781
-0.05827987,0.55374129,-3.20210323,-3.23856715,-0.28243710,11217498
-0.04687156,0.57278976,-3.17180007,-2.17127214,-0.332987220,15589295
-0.01887964,5.59862644e-01,-3.16947192e+00,-5.74251770e-01,-3.86216202e-011,92906581e-011
28761177e-03,0.52961635,-3.103294910,27622814,-0.3999840,209864750.01040583
0.52467724,-3.08282474,-0.15766965,-0.394663540,221225350.02391271,0.52617311
-3.00366705,-1.25480415,-0.349884650,227842580.03676358,0.51822724,-2.99452436
-1.59523205,-0.334626450,246192030.04543519,0.51854881,-2.97807138,-2.42758942
-0.341523810,258350590.051642,0.50574689,-2.90266583,-2.91854501,-0.344251160
286813010.0565531,0.47042974,-2.85887866,-2.59392293,-0.355320620,326930240.06087031
0.40376965,-2.80160501,-1.56236381,-0.359069250,385658060.06596357,0.33256964
-2.74017596,-0.37122684,-0.368668270,435727770.07142822,0.28745607,-2.676822840
4507478,-0.379590720,45575230.07603415,0.25556197,-2.603087680,3209672
-0.372206090,449927040.07961143,0.21892723,-2.52334925,-0.07991962,-0.344568330
438401360.08191877,0.18942433,-2.4310506,-1.18462575,-0.297149940,42429070.08079333
0.17034445,-2.36269707,-2.02893434,-0.258836440,418684240.0787519,0.15687604
-2.3268432,-2.01664259,-0.236484590,427806930.07756154,0.13878074,-2.35053436
-1.67215495,-0.228677380,4533760.07765283,0.12781681,-2.37494426,-1.42314637
-0.217589330,489194340.07643966,0.10825578,-2.39800781,-0.76870715,-0.210801050
521365730.07622683,0.10861337,-2.3996187,-0.21817859,-0.217222040,522403440.07881022
0.10890273,-2.38337179,-0.07357069,-0.214997210,503885750.08223585,0.11912149
-2.354493,-0.65700935,-0.200992470,463481570.0836001,0.12460225,-2.30544772
-1.59114605,-0.165694620,419244520.08311253,0.11428979,-2.28158479,-2.34827108
-0.115540770,386001610.08153341,0.10041214,-2.31573151,-2.40292736,-0.084454680
381366460.08090329,0.08257859,-2.40440424,-2.05518242,-0.084990260,409128720.0803804
0.08881968,-2.48802526,-2.30207981,-0.106481660,450331890.07760997,0.054879
-2.57979918,-1.8632432,-0.129612130,511639950.07725435,0.07141483,-2.63498778
-1.80720462,-0.178613970,533436260.07843579,0.10128676,-2.66136545,-1.86159508
-0.230719710,526313090.08114501,0.12960564,-2.69073135,-2.124009,-0.271213170
514155370.08241273,0.13291274,-2.69677004,-2.30552466,-0.284079550,506980640.08390579
0.12139904,-2.70310609,-2.51938531,-0.281919780,509017660.08457632,0.09126488
-2.73082517,-2.47609408,-0.281179220,52763270.0838504,0.06679069,-2.7200405
-2.78942932,-0.284348040,554094050.08281498,0.0269374,-2.65101691,-2.99511807
-0.301947980,590953750.08333698,-0.01698371,-2.57409946,-2.72182808,-0.319061660
635317950.08529814,-0.0387864,-2.51040219,-2.11949818,-0.35300440,651845990.08880067
-0.03125663,-2.42346174,-2.48717083,-0.390642310,639977610.09238094,-0.02645621
-2.34692597,-3.00646446,-0.413866230,612596450.09554439,-0.02930236,-2.27048635
-3.21801437,-0.42626830,580364390.09796181,-0.02629002,-2.21340847,-3.87324586
-0.430186660,54786780.09880863,-0.02717821,-2.15422083,-3.67769814,-0.433908610
525990520.1001469,-0.03323719,-2.14101049,-3.00229186,-0.448271240,517664580.10169689
-0.02637355,-2.16635874,-3.10537201,-0.463270450,520631110.10131404,-0.01408031
-2.15702523,-3.78601323,-0.467491380,525444930.09898587,-0.02596823,-2.14786517
-3.9357515,-0.462461360,539477390.09702501,-0.00552808,-2.12821786,-4.89576795
-0.469362090,5190790.09607831,0.03169244,-2.08070487,-5.65540586,-0.4813460
483361670.09583684,0.0907252,-2.05114495,-6.74921112,-0.516673280,419032820.09534846
0.15599123,-2.04998158,-6.65912701,-0.556138170,364231130.09706495,0.21760616
-2.06333748,-6.22252199,-0.602645710,310416080.09989675,0.27451475,-2.07969401
-5.35091714,-0.648791180,273411580.10367209,0.31503305,-2.12426361,-4.37849342
-0.69047660,256700110.10686673,0.34723069,-2.21274187,-2.9793655,-0.751582210
25268420.11067761,0.37172687,-2.26545265,-1.70192991,-0.796595620,250501190.11434441
0.40338251,-2.26469525,-1.67144559,-0.821837070,211893840.11635729,0.44359302
-2.23951977,-1.900472,-0.846197590,14998470.11830122,0.48625437,-2.26545355
-1.28452799,-0.884631770,078870430.12205565,0.55343742,-2.31901366,-0.99244707
-0.944071710,004779930.12592454,0.62902253,-2.38383715,-1.06955072,-1.01857556
-0.069854980,12922783,0.70089638,-2.42574425,-1.16318972,-1.07950342
-0.122803040,1319548,0.73479395,-2.50524033,-0.7188759,-1.14078357
-0.150529320,13454038,0.74329673,-2.57508702,-0.30100182,-1.16979295
-0.142320210,13494541,0.73301364,-2.59846826,-0.63002789,-1.14996609
-0.104808390,13201871,0.72817805,-2.6203695,-1.423488,-1.14597583
-0.09083780,12910326,0.7284908,-2.63616199,-1.64778641,-1.16403862
-0.094107030,12815447,0.73542282,-2.65903903,-1.89131931,-1.19671386
-0.117933890,12809618,0.7402377,-2.69398543,-1.2293352,-1.25562215
-0.145766620,12996531,0.76718534,-2.73044074,-0.58276786,-1.33463523
-0.191272130,13349711,0.7974357,-2.73972291,-0.58337969,-1.38298142
-0.221798020,13488851,0.80272201,-2.74870606,-0.92566131,-1.38234327
-0.215485850,13299229,0.79113103,-2.7346206,-1.39904481,-1.34777838
-0.179443070,12935148,0.74483251,-2.71826414,-1.99639087,-1.27779257
-0.107766930,12362964,0.68208721,-2.7301436,-1.96855664,-1.22123963
-0.022343550,11897676,0.63756906,-2.69904313,-2.11108004,-1.168683630
047611520.11515473,0.58142201,-2.67439877,-1.99626783,-1.119326890,111938350.11195417
0.5538007,-2.66112271,-2.02303588,-1.10503620,144684210.11038634,0.54233942
-2.64010509,-1.86113482,-1.093227590,170279490.1097039,0.521188,-2.62349391
-1.08059776,-1.088776220,195425070.11042325,0.50880486,-2.6248604,-0.97910348
-1.084714820,211386420.11045504,0.49905033,-2.60811341,-1.07425511,-1.060904190
235302010.10892471,0.47029184,-2.58150285,-1.23567882,-1.008898820,281324150.10604101
0.41302988,-2.56379255,-1.12828616,-0.944347350,340374660.1027191,0.38266122
-2.52132682,-1.76817483,-0.887461690,370683270.09979534,0.36713426,-2.47127108
-2.43128394,-0.839379720,384510520.09769464,0.38852185,-2.42470038,-2.88746547
-0.829842890,363711980.09888539,0.43167681,-2.39650542,-3.19756894,-0.852987180
318445080.10195343,0.47352522,-2.38061228,-2.85019866,-0.887886370,275597380.10694944
0.49498235,-2.39666529,-1.7584352,-0.922377790,249507560.11297393,0.51591232
-2.41931757,-1.66030718,-0.945898180,227919450.11532264,0.55433549,-2.41050889
-2.55231689,-0.939538190,216708160.11398024,0.54546477,-2.3952117,-3.29803043
-0.894291480,238972350.1113072,0.54454107,-2.41294025,-3.8313614,-0.874935030
254256230.10972391,0.5552653,-2.47429421,-3.7000671,-0.889201940,26370070.1103224
0.54594663,-2.53484185,-2.95165505,-0.915354690,263140940.11355467,0.54173229
-2.59083301,-2.25666353,-0.943091940,25849040.11750418,0.53034781,-2.63627786
-1.45436581,-0.977203350,23874430.12203163,0.54792107,-2.69207228,-1.32615463
-1.028460840,204122030.12543415,0.59314978,-2.73831412,-1.94932841,-1.085359880
157296230.12703715,0.62570024,-2.7470918,-3.15630291,-1.102348540,123369190.12593665
0.61153401,-2.76396336,-3.11194638,-1.103602640,121854110.12514543,0.58940875
-2.79510196,-2.56837233,-1.099537480,143915430.12458881,0.56524421,-2.8768916
-2.20058084,-1.106082620,173064360.12392769,0.55567676,-2.97316841,-1.99262345
-1.125929380,196615270.12344437,0.56961549,-3.0636813,-1.84939406,-1.17991590
194045380.12437855,0.60640283,-3.14450272,-1.82516564,-1.260148120,172293340.12671456
0.6522055,-3.19085057,-1.6213931,-1.345873230,142613180.12985294,0.69441943
-3.2137273,-1.78520747,-1.417291860,112667720.13216038,0.72438656,-3.19088974
-2.41060229,-1.458016060,089499780.13272852,0.7328676,-3.14498687,-3.00270438
-1.46586340,086261720.13163563,0.71755079,-3.11616356,-2.55016601,-1.465761010
113042240.1307616,0.68800974,-3.02615708,-2.52591385,-1.432059130,143661190.12922839
0.64530705,-2.9263803,-2.32786065,-1.382740710,179960640.12732074,0.61207783
-2.85970264,-1.65637434,-1.361169630,201177740.12713918,0.61129115,-2.79462568
-1.45326032,-1.363380560,19037520.12822673,0.62827426,-2.71165442,-1.52137206
-1.374022790,160049260.12960001,0.63523974,-2.63713436,-1.13837338,-1.384321160
129705430.13211973,0.63368606,-2.54213542,-0.87269221,-1.369534810,106873690.13406638
0.64430866,-2.46025766,-0.85946295,-1.340263020,100980340.13436287,0.65490489
-2.41978726,-1.0537322,-1.30183330,120002680.13257269,0.67028629,-2.38808652
-0.86066407,-1.283111480,128490820.13261858,0.67637519,-2.31764545,-0.92389407
-1.257613670,108212180.13371448,0.68433056,-2.25529733,-0.70920767,-1.245521410
078092470.13608092,0.69288869,-2.18399195,-0.67015475,-1.238649120,026842930.13843829
0.72393648,-2.11079797,-0.99215419,-1.22857115,-0.050418160,14043922
0.77023956,-2.08640934,-1.26397716,-1.23988775,-0.130550150,14307955
0.84630493,-2.11712281,-2.02310595,-1.2849577,-0.206162840,14394002
0.9211131,-2.17910567,-2.95651864,-1.33988736,-0.265177130,14371595
0.96666768,-2.27285437,-2.84566012,-1.39403583,-0.292968530,14444051
0.96054564,-2.3740779,-1.77041859,-1.42852792,-0.279996590,14547503
0.93076309,-2.46461913,-0.7857749,-1.45058541,-0.26063580,1461515
0.91047528,-2.5357727,-0.63636776,-1.46948131,-0.256446330,14577397
0.92086026,-2.55247515,-1.34695831,-1.49993515,-0.287321140,1457835
0.94366845,-2.57596397,-1.65517952,-1.56213641,-0.339315350,14744022
0.9937794,-2.63788515,-2.27801493,-1.64995556,-0.399583310,14848767
1.02983996,-2.68937468,-2.37869213,-1.72924893,-0.448667180,1495803
1.04603366,-2.70556742,-2.06501719,-1.78739573,-0.48713940,15095703
1.04447786,-2.72699985,-1.51780921,-1.81748599,-0.494976360,15140748
1.03102878,-2.78216188,-0.86822727,-1.82618834,-0.465785050,15015827
0.9932947,-2.84500716,-0.13424693,-1.80013562,-0.392659460,14690425
0.9408855,-2.881850310,19283513,-1.75816213,-0.319074880,14273726
0.90205116,-2.899356140,26224363,-1.72294631,-0.262544230,13896847
0.91253268,-2.91896096,-0.40800619,-1.73497458,-0.240770840,13543187
0.95081069,-2.94153755,-0.75843049,-1.77557677,-0.231207780,13272954
0.97974209,-2.95384799,-1.08218306,-1.80304889,-0.215724540,12973097
0.99313883,-2.94455908,-1.18725393,-1.8055314,-0.188391970,12718265
0.98394778,-2.89904163,-1.40466439,-1.76994114,-0.148610610,12366227
0.9489773,-2.8482797,-1.84542159,-1.69125284,-0.080840360,11782256
0.88954656,-2.79542641,-2.21390984,-1.5983180,00290890.11208278,0.82838181
-2.71311013,-3.07907615,-1.493319740,084456590.1064436,0.77991512,-2.63629327
-3.04719344,-1.422040410,147267790.10374281,0.75593314,-2.6135319,-2.13459374
-1.398367510,19196390.1037871,0.76270139,-2.61745645,-1.48011253,-1.40108240
214945860.10484105,0.78196522,-2.63401785,-1.05779531,-1.411883890,234296990.10579188
0.7935957,-2.61626312,-0.80425961,-1.415716780,244275570.10711216,0.81207105
-2.56855748,-1.03757261,-1.403441090,243710740.10766695,0.81606186,-2.52581403
-1.07689924,-1.382838410,251041130.10810877,0.78462094,-2.50111909,-0.89248527
-1.337850320,288407370.10692742,0.71050117,-2.47361189,-0.52816582,-1.271854770
342845250.10441287,0.66267405,-2.42115003,-0.75538333,-1.207067150,376677740.10242967
0.63208131,-2.38916438,-0.93125951,-1.172295890,386539620.10233956,0.6291471
-2.40547104,-0.9062059,-1.187819280,369635590.10431695,0.63642923,-2.42351548
-1.22588853,-1.209054060,338420170.10668661,0.63185489,-2.452785,-1.26450847
-1.236492220,310482790.10963775,0.61166044,-2.47944352,-1.32234119,-1.249590450
29379690.11182039,0.56781776,-2.49844055,-1.31332213,-1.243939950,291769060.11287988
0.50386669,-2.52087349,-0.93536578,-1.221003610,317663220.11269517,0.415
-2.55951712,-0.62898979,-1.18018120,365987340.11082034,0.3347117,-2.58973899
-0.49238947,-1.136450,413959360.10901959,0.267995,-2.63970601,-0.06246137
-1.126253640,440837110.10896934,0.23398427,-2.69097420,76200555,-1.153490420
442179770.11122781,0.22749197,-2.775155591,55147882,-1.211784610,428743040.11441694
0.23246185,-2.857856181,76299313,-1.267456550,410378510.11717843,0.24017576
-2.881786251,01645997,-1.294216710,392184150.11861873,0.2523116,-2.87346582
-0.06298027,-1.311716340,376179540.12005686,0.26309364,-2.81843848,-1.08027248
-1.321696410,373456610.12133288,0.22665669,-2.72528758,-1.69316173,-1.320559460
399646380.12291168,0.17077278,-2.59047489,-1.69168781,-1.306604350,438382470.12469608
0.12225268,-2.4398549,-1.60435565,-1.273414380,474581560.12581001,0.09501858
-2.3116004,-1.58635471,-1.250655210,494416680.12677165,0.09761217,-2.22680889
-1.53667786,-1.253747650,497558450.12772431,0.11650666,-2.14764422,-1.54518434
-1.264533730,48878740.12877783,0.1399471,-2.05095828,-1.71931355,-1.269350080
46939920.12965827,0.16375121,-1.95181715,-1.95122068,-1.265305840,451703650.1297701
0.18897116,-1.86297596,-2.2845201,-1.248958590,444785280.1291681,0.21676084
-1.78002104,-2.77829035,-1.212322640,452221050.12783782,0.24897607,-1.65600505
-3.63251564,-1.16005080,444188440.12739378,0.28390203,-1.5018167,-4.75913563
-1.105408280,409436260.12818039,0.3199467,-1.36401869,-5.89108336,-1.061462110
362878490.12955713,0.39277956,-1.25513026,-6.89064437,-1.055940630,288368080.13258252
0.50134935,-1.16223963,-7.84901157,-1.084436420,175654540.13678106,0.6115698
-1.10115122,-8.62959995,-1.119253750,07254140.14093251,7.04241066e-01,-1.06748668e+004
06331729e+01,-1.14091725e+00,-4.69211652e-031,44172925e-01,0.78454211,-1.0471487540
07143989,-1.15503519,-0.056671520,14679014,0.83524163,-1.0526350339
6213904,-1.15285137,-0.075668650,14788117,0.86553783,-1.0786975739
11866808,-1.13265278,-0.070802290,14805551,0.88758689,-1.1030806738
60817811,-1.11814503,-0.071977890,14929928,0.908367,-1.1311987738
19863901,-1.12565884,-0.091427760,15257961,0.95350736,-1.1932339938
00957902,-1.17501243,-0.130641990,15831777,1.02031452,-1.3170830138
05092907,-1.26854612,-0.178060020,16529144,1.10265999,-1.4694983938
12293948,-1.3948195,-0.235339120,17315052,1.182041,-1.6017132238
07623902,-1.50638285,-0.288218790,18112199,1.23965483,-1.7118905237
90588766,-1.5770261,-0.315293830,18801088,1.27596773,-1.7954329237
60114022,-1.60479836,-0.314156760,19292857,1.29509858,-1.8695951137
24804474,-1.59768714,-0.283365980,19695638,1.29333281,-1.9308875436
89630013,-1.57487144,-0.242971630,20009586,1.2949635,-1.988447436
46709529,-1.55373938,-0.20458570,20335865,1.32595087,-2.0551090535
50223452,-1.56435789,-0.18267330,20746553,1.39015913,-2.1279849434
78310368,-1.61836132,-0.187015790,21321278,1.4858582,-2.2079889934
21521564,-1.7043523,-0.209498570,22003898,1.58457109,-2.2205371633
56957319,-1.77021451,-0.234379490,2262237,1.63427101,-2.1840924582
97700321,-1.80426722,-0.249053420,22627956,1.65612371,-2.1449304282
55526658,-1.82560892,-0.25511470,2234687,1.6671458,-2.1169792282
27069333,-1.83895887,-0.257393870,22094577,1.67395715,-2.0911366382
07138797,-1.84826512,-0.258400820,21897636,1.67535366,-2.0755154481
94647788,-1.8550666,-0.258625160,21743041,1.67566008,-2.061532881
82966222,-1.85916846,-0.258538130,21594348,1.67792585,-2.045217481
75952516,-1.86176439,-0.257717430,2147135,1.67865804,-2.0344046881
7284421,-1.86467687,-0.256987590,21399771,1.67966357,-2.0274343781
69380119,-1.86677235,-0.256506950,21340853,1.68192747,-2.018622281
64164547,-1.86716991,-0.255501710,21279356,1.68264077,-2.0075647981
62972349,-1.86795099,-0.254540740,21233026,1.7344524,-1.9099978379
14908948,-1.83930406,-0.259853850,21259991,1.81685025,-0.2092716856
06042791,-1.58462167,-0.387321690,2307406,2.257588850,4403249952.32854563
-1.44179995,-0.410859760,18570176,2.507896010,6733519151.54839898,-1.31583688
-0.396671790,14774354,2.345867181,0744238549.59617951,-0.98887251,-0.312206210
11645197,2.181920831,391352847.84057671,-0.70544245,-0.243728140,09288222
2.049932131,6070395546.67203835,-0.50686351,-0.193781210,07618782,1.968523751
7242634945.88223226,-0.37493041,-0.160497840,06475927,1.910381861,8303451845.3176756
-0.28199331,-0.138005130,05700564,1.869407221,8933244844.93914791,-0.21843024
-0.122172340,05157886,1.847167591,9352676344.68480459,-0.17671322,-0.111629720
04792619,1.829936811,9761034344.49395335,-0.14603318,-0.104643930,04532259
1.82210643e+001,98865500e+004,43923259e+01,-1.26891704e-01,-9.89502700e-024,34796342e-02
1.81667536e+001,99360688e+004,43187307e+01,-1.15568524e-01,-9.58391870e-024,22824409e-02
1.81073421e+001,99653288e+004,43433412e+01,-1.09308544e-01,-9.28507944e-024,13980098e-02
1.80551786e+001,71967944e+004,44089849e+01,-9.24266349e-02,-9.48030423e-023,37029819e-02
1.80989563e+001,51833389e+004,44614577e+01,-8.44185546e-02,-9.76669842e-022,85559624e-02
1.80310766e+001,37088018e+004,45314063e+01,-7.94074048e-02,-9.80919276e-022,48326442e-02
1.80044712e+001,28429048e+004,45539478e+01,-7.46138753e-02,-9.90757934e-022,23345497e-02
1.80302467e+001,22098618e+004,45765530e+01,-7.27047752e-02,-1.00105485e-012,07702319e-02
1.79570399e+001,17759435e+004,46105616e+01,-7.06006069e-02,-9.95480856e-021,94574048e-02
1.79946356e+001,14889926e+004,46123211e+01,-6.96655160e-02,-1.00892914e-011,87496363e-02
1.79092504e+001,13173128e+004,46331519e+01,-6.85204626e-02,-1.00110879e-011,81696191e-02
1.79788529e+001,12052090e+004,46268903e+01,-6.81600914e-02,-1.01340104e-011,79167497e-02
1.79103894e+001,11051340e+004,46428055e+01,-6.78448733e-02,-1.00856504e-011,75791937e-02
1.79221962e+001,10547539e+004,46434252e+01,-6.76968678e-02,-1.01132776e-011,74257706e-02
1.79247917e+001,10360230e+004,46411118e+01,-6.73144477e-02,-1.01448164e-011,72954513e-02
1.78954958e+001,10158005e+004,46493063e+01,-6.75969795e-02,-1.01611247e-011,71580199e-02
1.78949237e+001,10081288e+004,46496936e+01,-6.78636370e-02,-1.01871212e-011,70582501e-02
1.78515401e+001,10030129e+004,46538444e+01,-6.74505613e-02,-1.01701459e-011,69733235e-02
1.785032591,10188165,-5.35062069,-0.06743862,-0.102169950,01701156
1.781971981,10111816,-5.34676799,-0.06766671,-0.102155630,01706242
1.781891961,10456981,-5.35076821,-0.06744116,-0.102066930,01698739
1.78130061,10565136,-5.34431114,-0.06757915,-0.102159780,01700146
1.781573311,10849997,-5.34746459,-0.06735651,-0.102317410,01696173
1.782266211,10759211,-5.34306236,-0.0678185,-0.102460120,01693852
1.780337481,10831468,-5.34060509,-0.06760578,-0.10227230,0168552
1.780985831,10847612,-5.33899009,-0.06776425,-0.102642940,01687516
1.782465061,11051881,-5.33711181,-0.06770676,-0.102618640,01689473
1.785042081,11507108,-5.33443088,-0.06766554,-0.102681360,01687139
1.784772311,11582453,-5.32973411,-0.06764099,-0.102508890,01691313
1.788790941,11477452,-5.3272668,-0.06813684,-0.102861310,01692082
1.790610821,11818368,-5.33079307,-0.06767594,-0.102765450,01691377
1.794395311,11661749,-5.32418725,-0.06799347,-0.102809070,01688537
1.790468361,11766044,-5.32179071,-0.06804219,-0.102590320,01686524
1.792860611,11891773,-5.32952613,-0.06783028,-0.103086050,01689246
1.791059761,1218123,-5.33171574,-0.06778303,-0.103160140,01686736
1.790558911,12011688,-5.32690948,-0.068114,-0.103180760,01684387
1.789241291,12135861,-5.33269283,-0.06790207,-0.103326610,0168184
1.788834071,12207542,-5.33681676,-0.06780719,-0.103487060,01679375
1.788262181,12160876,-5.33886473,-0.06784002,-0.103641370,01682014
1.790799031,11841227,-5.33479714,-0.06831034,-0.103833450,01688687
1.788568351,1218949,-5.33793083,-0.06798235,-0.103609560,01684135
1.788979851,1248953,-5.34362217,-0.06766777,-0.104022910,01687596
1.788961231,12494001,-5.34460156,-0.06759253,-0.103931110,01687686
1.788959161,12493878,-5.34460252,-0.06759253,-0.10393110,0168769
1.788945281,12484097,-5.34462775,-0.06759489,-0.103929310,01687849
1.787170811,12600061,-5.33805264,-0.06808565,-0.103956780,01679752
1.787372481,12561883,-5.33806564,-0.06808637,-0.103955520,01680237
1.787343511,12573032,-5.33805182,-0.06808503,-0.103956650,01680082
1.787328371,12570032,-5.33806322,-0.06808862,-0.103954290,01680085
1.784487781,13030327,-5.34736056,-0.06745812,-0.103780790,01683451
1.783930931,13000971,-5.3476084,-0.06745503,-0.103780690,0168475
1.784325681,13044358,-5.347385,-0.06745634,-0.103782020,01683409
1.7844631,13147148,-5.35163919,-0.06757594,-0.104131280,01672907
1.78452351,13159694,-5.35159249,-0.06757494,-0.10413240,0167261
1.785235231,1324695,-5.36208864,-0.06749709,-0.104526110,01683432
1.784632181,13276229,-5.35756978,-0.06768325,-0.104464650,01678993
1.785477091,13413407,-5.36654047,-0.06741345,-0.104604570,01676046
1.78529031,13504535,-5.36516271,-0.06737711,-0.104555470,01673825
1.785437181,1340284,-5.36573559,-0.06756939,-0.104730490,01669202
1.784537991,13465927,-5.36884852,-0.0675382,-0.104766550,01676028
1.782226221,13500457,-5.36618863,-0.06727851,-0.10440660,01674631
1.787117311,13572504,-5.37378996,-0.06726244,-0.104809190,01683046
1.7854171,13435518,-5.36811865,-0.06746035,-0.104484190,01682845
1.790109831,13433944,-5.3727193,-0.06757906,-0.104637920,01685023
1.786599871,13811448,-5.37599169,-0.06718775,-0.104654140,01676837
1.787011091,1370008,-5.37742812,-0.06733678,-0.104691550,01679563
1.786557981,13445661,-5.37586115,-0.06748172,-0.104701480,01680635
1.787565981,13593665,-5.37316488,-0.06741263,-0.104644240,01676994
1.788623971,13411479,-5.37907625,-0.06727746,-0.10486610,01681859
1.785733291,13565568,-5.37721296,-0.06728608,-0.104563410,01674697
1.783508091,13682891,-5.37567721,-0.06700882,-0.104025190,01669883
1.791609491,13403749,-5.37991917,-0.06789843,-0.105518780,01681636
1.785037421,13707068,-5.38131185,-0.06714041,-0.10448290,01676343
1.78476351,13400562,-5.37789226,-0.06750591,-0.104639710,01677476
1.782754681,13435462,-5.3832624,-0.06711793,-0.104471410,01678685
1.781573431,13502128,-5.38619173,-0.06702409,-0.104539570,01680145
1.783774321,13322212,-5.38717686,-0.06731816,-0.10486850,01680058
1.779072511,13244914,-5.38314375,-0.06730919,-0.104521140,01674776
1.780182331,13409151,-5.38605776,-0.06708934,-0.104568490,01675959
1.776693361,13499897,-5.38496589,-0.06707721,-0.104455640,01671908
1.772841941,13825719,-5.38297777,-0.06670557,-0.103723010,01666895
1.78600621,13343935,-5.38718877,-0.06805458,-0.105366090,01684883
1.77464431,13795905,-5.38497198,-0.06671218,-0.103664040,01670941
1.781648671,13489928,-5.3847642,-0.06775768,-0.104913290,01674754
1.778714981,13975536,-5.39496909,-0.06689623,-0.104476730,01667481
1.775224151,13476103,-5.38178039,-0.06749586,-0.104245310,01671262
1.778565891,13876385,-5.39805644,-0.06707701,-0.104523160,01674575
1.779349741,13770696,-5.391163,-0.06721391,-0.104285260,01675499
1.78233121,13774765,-5.40342733,-0.0671294,-0.104923590,01682068
1.77246881,13831238,-5.39319769,-0.06662181,-0.103523270,01666994
1.780372571,13774146,-5.40400098,-0.06743349,-0.104989280,01678102
1.775865071,14221389,-5.40723072,-0.06647056,-0.104184920,01670699
1.773687221,14222799,-5.40416384,-0.06682807,-0.104150560,01665649
1.777403691,13789058,-5.40861552,-0.06715237,-0.104437120,01666026
1.775384841,13655322,-5.40663379,-0.06712701,-0.104219270,01668537
1.777754451,13885513,-5.42363222,-0.06633087,-0.104579060,01675796
1.776591081,13457769,-5.41448268,-0.06678742,-0.10429190,01674937
1.773753111,13351465,-5.41972467,-0.06697989,-0.104384590,0167412
1.77249151,13400467,-5.42170272,-0.06697265,-0.104330320,01671504
1.772755181,13365075,-5.42502112,-0.0667519,-0.104134180,01675048
1.775984441,13389553,-5.42619082,-0.06694508,-0.10436220,0167456
1.774620871,13387715,-5.4243774,-0.06704048,-0.104168680,01676953
1.776001621,13846995,-5.42963448,-0.0668949,-0.104299950,01681155
1.773943481,1430695,-5.42918711,-0.06651809,-0.103942430,01673238
1.777378571,14100525,-5.4302811,-0.06711218,-0.104373880,01670475
1.775692381,14070223,-5.4279166,-0.06680922,-0.103940290,01665159
1.778135051,14145841,-5.43396305,-0.06684524,-0.104252640,01669447
1.775760421,140339,-5.43507862,-0.0666473,-0.10400260,01671731
1.77502811,13912283,-5.44592203,-0.06679668,-0.104081120,0167035
1.775963631,13594791,-5.44007671,-0.06751511,-0.104239040,01662397
1.779985631,14081026,-5.44801447,-0.0662578,-0.103904630,01660367
1.782013491,13909259,-5.43593506,-0.0672301,-0.104612780,01654944
1.782960551,13594318,-5.43321107,-0.06749382,-0.104478410,01650433
1.784846411,1325388,-5.43167995,-0.06900016,-0.104605210,01641795
1.785294521,13292111,-5.42924619,-0.06928901,-0.104167730,01641139
1.792133331,1277182,-5.42957205,-0.07097178,-0.104600370,01628689
1.799673781,11771888,-5.41365829,-0.07314002,-0.104812110,01618734
1.794972191,12227542,-5.40356918,-0.07174148,-0.103238680,01599182
1.811585071,11149862,-5.41761035,-0.07485524,-0.105338340,01591648
1.815002151,11040998,-5.40299318,-0.07543882,-0.104947730,01568707
1.820912221,10409988,-5.38818479,-0.07672556,-0.104541150,01559759
1.826679761,09870968,-5.37552034,-0.07865412,-0.104119150,01544535
1.834284751,08216859,-5.34996855,-0.08192814,-0.105113430,01536418
1.842175611,08987377,-5.35898416,-0.08138037,-0.104923020,01514118
1.847422221,08265832,-5.34649027,-0.08303204,-0.105621960,01492468
1.847065591,06322227,-5.29006084,-0.08673066,-0.104647550,01473907
1.852315751,04515497,-5.25922767,-0.09073918,-0.104988490,0145782
1.855874991,04814103,-5.28331535,-0.09047923,-0.105634720,01445921
1.856359951,03065317,-5.22722976,-0.09345114,-0.104689250,01427475
1.860948551,01133658,-5.19171541,-0.0980869,-0.105154980,01413676
1.870598891,00712158,-5.18990459,-0.09985445,-0.10603830,01413019
1.870421041,01932576,-5.20739614,-0.09659015,-0.105062130,01402707
1.874713891,0104135,-5.20639417,-0.09896214,-0.106181710,013968
1.872340670,9928074,-5.16435575,-0.10179398,-0.105273450,01385683
1.880572540,97573271,-5.14506564,-0.10592034,-0.10663490,01376957
1.881526970,97955615,-5.15669874,-0.10497897,-0.106692160,01374928
1.883189540,97977451,-5.14607177,-0.10481229,-0.106542440,01361619
1.879613260,97059527,-5.13058344,-0.1064153,-0.106345220,01364167
1.878938250,96848668,-5.12826971,-0.10698179,-0.106293950,01372067
1.87979270,96854008,-5.13683008,-0.1072907,-0.106744070,01377273
1.877552080,95998446,-5.12410884,-0.10839887,-0.10617260,0137704
1.882640420,95709285,-5.11862346,-0.110084,-0.106485380,01363356
1.887204680,95390208,-5.09984626,-0.11140532,-0.10647470,0134744
1.895991890,94378579,-5.0615013,-0.115792,-0.106669730,01319033
1.905718470,91586232,-4.99530331,-0.12294427,-0.106812480,0126575
1.918131520,88502647,-4.92176276,-0.13120537,-0.10788350,01207392
1.920006190,83954135,-4.81650283,-0.14129548,-0.106530610,01129505
1.929527080,79930097,-4.71128722,-0.15148352,-0.107071320,01031155
1.947858290,7192657,-4.5591714,-0.17040456,-0.108982890,00901346
1.952478980,65047328,-4.39263926,-0.18690934,-0.108647510,00756369
1.955715750,54048303,-4.18100386,-0.2103373,-0.10845430,00554967
1.96509242e+004,39447087e-01,-3.98658673e+00,-2.32000251e-01,-1.09868953e-013,16582358e-03
1.96471896e+003,46126548e-01,-3.74967041e+00,-2.59819128e-01,-1.09477771e-019,93526679e-04
1.96046388e+002,68774785e-01,-3.50114475e+00,-2.90123498e-01,-1.09228224e-01,-1.00695413e-03
1.95154320,16557546,-3.22191423,-0.32326468,-0.10787355,-0.00410788
1.952154280,04235811,-2.9566861,-0.35941284,-0.11031733,-0.0082818
1.9342254,-0.10515275,-2.63990775,-0.3979396,-0.10993733,-0.0133561
1.90051157,-0.29710507,-2.27692455,-0.43712278,-0.1078954,-0.01963582
1.87882567,-0.49840882,-1.91912488,-0.47789161,-0.10832319,-0.02751312
1.82666894,-0.74286565,-1.52481714,-0.52259086,-0.10674524,-0.03643283
1.78212681,-1.00416823,-1.13653632,-0.56876383,-0.10742808,-0.04686796
1.72188939,-1.30755945,-0.72459852,-0.61581333,-0.10728213,-0.05890039
1.64920045,-1.65335874,-0.28753592,-0.66586181,-0.10688546,-0.07245381
1.56637208,-1.999250570,1362825,-0.71118837,-0.10558054,-0.08607756
1.46991937,-2.38048890,58234404,-0.75992011,-0.1039,-0.10123253
1.37330436,-2.74712750,98633107,-0.80651248,-0.10303957,-0.11632276
1.27730042,-3.0911661,34290754,-0.84799796,-0.10196453,-0.13063356
1.16186602,-3.43932841,71167514,-0.8878025,-0.09907106,-0.14482098
1.06055824,-3.806902082,0699334,-0.93193478,-0.09910754,-0.16027045
0.94983167,-4.133733582,39579231,-0.96699141,-0.09565108,-0.17355618
0.84543074,-4.456961512,70369669,-1.00378508,-0.0941759,-0.1874128
0.75372087,-4.726860332,95301951,-1.03329558,-0.09350158,-0.19975926
0.6469505,-5.021587613,2286993,-1.06468529,-0.09044415,-0.21187924
0.55253927,-5.277624313,46456443,-1.09114369,-0.08799512,-0.22281717
0.49154124,-5.503699993,65529092,-1.11647621,-0.08903675,-0.23371275
0.41240177,-5.708268033,84978338,-1.13840004,-0.08631679,-0.24250756
0.34630146,-5.890857784,01083422,-1.15801986,-0.08487521,-0.25079004
0.28740936,-6.044196884,15864527,-1.17401941,-0.08328012,-0.2570411
0.23336709,-6.201620764,30219002,-1.19116401,-0.08213947,-0.26334847
0.18446856,-6.325495364,42017555,-1.20453169,-0.08086621,-0.26812024
0.1527684,-6.425935714,51608239,-1.21580248,-0.08075129,-0.27196713
0.13014887,-6.493811874,5809326,-1.22318019,-0.08008393,-0.27421074
0.11355476,-6.548474854,63875375,-1.22947076,-0.08006768,-0.2757221
0.11562069,-6.589336064,6726546,-1.23473978,-0.08159283,-0.27707783
0.11461426,-6.611254634,69939847,-1.23703164,-0.08246253,-0.27749491
0.12120072,-6.63183034,7231246,-1.23955443,-0.08463284,-0.27825062
0.13463537,-6.643674944,72973802,-1.24055319,-0.08734375,-0.27857072
0.15611001,-6.656095934,73981609,-1.24279041,-0.09136302,-0.27939815
0.1743498,-6.65855974,73960115,-1.24210647,-0.09452183,-0.27905998
0.20013121,-6.665205224,74680932,-1.24322925,-0.09952305,-0.27962703
0.22579588,-6.665728564,7508361,-1.24265485,-0.10430128,-0.27941789
0.25280347,-6.673394444,76316604,-1.24267905,-0.10974202,-0.27952731
0.28958094,-6.675874364,76324101,-1.24242008,-0.11630831,-0.27967612
0.32490049,-6.675459194,76424777,-1.24171784,-0.1229723,-0.2796451
0.37498994,-6.67990794,76562109,-1.24252135,-0.13190178,-0.28026851
0.41289146,-6.685070914,77685587,-1.24200987,-0.13944384,-0.28027814
0.46435426,-6.681967244,77458654,-1.2409932,-0.1487596,-0.28046411
0.51986719,-6.678711064,7741343,-1.23992317,-0.15835348,-0.2804631
0.57779754,-6.677905514,77582,-1.23877175,-0.16901019,-0.28052895
0.63797145,-6.676356924,77956674,-1.23760602,-0.17997652,-0.28081631
0.70318728,-6.679900294,78746337,-1.23697426,-0.19177196,-0.28107431
0.77142111,-6.673438724,7871492,-1.23563711,-0.20405932,-0.28165278
0.82810211,-6.676291634,80447806,-1.23333874,-0.21506806,-0.28102657
0.89388408,-6.6738034,8150973,-1.23189334,-0.22776691,-0.28134405
0.96682756,-6.668978424,81434669,-1.23009201,-0.24082459,-0.28145768
1.03673685,-6.663792944,81806512,-1.22841301,-0.25401475,-0.2819989
1.11165133,-6.650097474,80777339,-1.22549228,-0.26727219,-0.28224773
1.16947504,-6.65464514,82845415,-1.22401397,-0.27923613,-0.2825832
1.23362472,-6.645631974,83501396,-1.22112424,-0.29099083,-0.28227349
1.30676582,-6.62726874,82656644,-1.21784936,-0.30394004,-0.28241532
1.36735356,-6.619508494,83473853,-1.2145558,-0.31505645,-0.28188022
1.44510174,-6.602781924,8243503,-1.21167933,-0.32870299,-0.28248115
1.5167361,-6.594893614,83206436,-1.20923586,-0.34185676,-0.28307173
1.58567563,-6.5692614,82660044,-1.20540292,-0.35441289,-0.28352329
1.65864611,-6.564720584,83914082,-1.20336424,-0.36778486,-0.28384692
1.7159334,-6.552900074,8486693,-1.19938763,-0.37890479,-0.28345355
1.78281866,-6.534691384,84742823,-1.19498661,-0.39087006,-0.28347715
1.85321729,-6.515629134,84353012,-1.19113157,-0.40340518,-0.28387569
1.92013743,-6.50567734,85569432,-1.18822672,-0.41586087,-0.28429179
1.99652362,-6.478874034,84499172,-1.1833101,-0.42904631,-0.28435476
2.06527131,-6.462935584,84763317,-1.18006028,-0.44132867,-0.28499297
2.12293615,-6.447743784,85520993,-1.1756483,-0.45252339,-0.28515537
2.18695025,-6.432168134,86428901,-1.17151425,-0.46398176,-0.28510497
2.2520715,-6.410852274,86818871,-1.16648119,-0.47616372,-0.28491813
2.3209935,-6.395299134,87269391,-1.16258012,-0.4884872,-0.28532136
2.39945448,-6.360703144,85798406,-1.15732859,-0.50192388,-0.28566966
2.46311979,-6.340149074,86184867,-1.15256169,-0.51360782,-0.28621073
2.52169388,-6.328944494,87734248,-1.14807375,-0.52487785,-0.28648907
2.59096576,-6.304097774,87897233,-1.14316421,-0.53723686,-0.28652365
2.65218998,-6.284159294,88912548,-1.13806392,-0.54851671,-0.28666136
2.71000632,-6.265867364,8978485,-1.13309948,-0.55941826,-0.286947
2.7848789,-6.228289974,88282591,-1.12656647,-0.57183074,-0.28686986
2.85186496,-6.209477794,89346098,-1.12241861,-0.58482402,-0.28812982
2.91417776,-6.180996274,89659304,-1.11590486,-0.5957383,-0.28791897
2.97767449,-6.161187814,90209774,-1.11068396,-0.6073615,-0.28826473
3.03686477,-6.136875134,90712921,-1.1047335,-0.61807752,-0.28824223
3.10140214,-6.117426234,92067369,-1.09916583,-0.62928609,-0.28836051
3.17839226,-6.076688914,90379617,-1.09293551,-0.64258689,-0.28944796
3.24249322,-6.039417474,90121908,-1.08607405,-0.65347613,-0.28960814
3.2985225,-6.020259814,922572,-1.0802059,-0.663284,-0.28944005
3.36290944,-5.992978634,93390701,-1.07382407,-0.67441195,-0.28953726
3.43175446,-5.961359354,93231814,-1.06735591,-0.68599689,-0.29010051
3.50848689,-5.911522254,91653926,-1.05984821,-0.69930329,-0.29093648
3.55433647,-5.895751314,94188813,-1.05370833,-0.70754526,-0.29081272
3.60855689,-5.869297424,953433,-1.0475244,-0.7172311,-0.2907687
3.67239752,-5.824337144,94305433,-1.04032162,-0.72812179,-0.29164648
3.71732839,-5.799752424,95328878,-1.03442654,-0.73561091,-0.29108256
3.76314045,-5.777977994,96611461,-1.02846518,-0.74333698,-0.29111677
3.81199203,-5.750360874,96631923,-1.02315621,-0.75184436,-0.29149885
3.85336611,-5.724691724,96592777,-1.01797889,-0.7590875,-0.29200304
3.89648271,-5.698975044,96853553,-1.01342049,-0.76625246,-0.29233322
3.92341675,-5.683720734,97641848,-1.00899563,-0.77116874,-0.29235948
3.95888014,-5.645072514,9610465,-1.00355828,-0.77711755,-0.29225772
3.99022405,-5.640744634,98032324,-1.00069271,-0.78257753,-0.29274129
4.01230039,-5.624211254,98635375,-0.99756779,-0.78687424,-0.29304926
4.039238,-5.602235934,97784414,-0.99383148,-0.79086274,-0.29253453
4.05415228,-5.593770944,98007828,-0.9910785,-0.79314771,-0.29260904
4.07485959,-5.573494454,97185983,-0.98852953,-0.79730727,-0.29323872
4.08867687,-5.583620084,98775633,-0.98794621,-0.80019003,-0.29355488
4.09815487,-5.570696574,97857254,-0.98585034,-0.80133066,-0.29285853
4.10998549,-5.559771154,97982743,-0.98476465,-0.80351887,-0.29329614
4.11383065,-5.551440384,98186147,-0.98375166,-0.80409332,-0.29329292
4.11144277,-5.559621784,99155456,-0.98389506,-0.80393301,-0.29315078
4.11777264,-5.554626544,98950475,-0.9838593,-0.80532285,-0.29355223
4.11754654,-5.533643124,98048984,-0.9822627,-0.80488017,-0.29252655
4.11427682,-5.521133214,98898317,-0.98187855,-0.80458656,-0.2910181
4.10656441,-5.491613534,98790572,-0.98025485,-0.80403422,-0.28875979
4.08094579,-5.418398944,94847112,-0.97435162,-0.80050759,-0.28446996
4.06559559,-5.348102644,92386472,-0.97037419,-0.79853293,-0.27998603
4.02083789,-5.241549324,86473313,-0.96222903,-0.79198787,-0.27333801
3.97591035,-5.114244924,79369263,-0.95285247,-0.78575659,-0.26617796
3.93303971,-4.982780314,72214112,-0.94372584,-0.77885853,-0.25834625
3.87670475,-4.81566454,61168069,-0.93122325,-0.77035573,-0.24915394
3.81134156,-4.617826164,48498098,-0.91623293,-0.75989096,-0.23873699
3.73738771,-4.431599064,36446941,-0.90185235,-0.74808823,-0.22796805
3.64597835,-4.198164724,19290115,-0.88208412,-0.73253432,-0.21501785
3.55195375,-3.947169873,99483539,-0.86047876,-0.71631865,-0.20191159
3.45338563,-3.696666943,80420173,-0.83936422,-0.69978527,-0.18872326
3.34616929,-3.420311433,5757021,-0.81522468,-0.68095571,-0.17457551
3.23086625,-3.149175153,35092058,-0.79062288,-0.65997991,-0.16017569
3.10749257,-2.838207943,06877164,-0.76167212,-0.63715805,-0.14472471
2.96218283,-2.514267732,75806086,-0.73006716,-0.61006929,-0.12837373
2.81088577,-2.200719172,45430203,-0.69858143,-0.58039565,-0.11264334
2.68235348,-1.874395132,0960758,-0.66531448,-0.55663156,-0.09830705
2.51896141,-1.548629191,72627986,-0.62887878,-0.52398103,-0.08301373
2.35219882,-1.220074091,32649019,-0.59103598,-0.49168963,-0.06899277
2.17689075,-0.909462720,92149764,-0.5530343,-0.45646284,-0.0554278
2.00650128,-0.614497350,52226065,-0.51640067,-0.42361852,-0.04335229
1.81158361,-0.308221940,07705839,-0.47498948,-0.38460491,-0.03155867
1.64799349,-0.02459425,-0.35306886,-0.43691213,-0.35226968,-0.02192071
1.47347080,22582841,-0.7636864,-0.39933873,-0.31664781,-0.01333877
1.310262270,47585415,-1.18907339,-0.361104,-0.28251175,-0.00600799
1.15030641e+006,92341103e-01,-1.58223803e+00,-3.25342282e-01,-2.49164659e-01,-6.65147830e-06
1.009441250,88661239,-1.95003655,-0.29156852,-0.218958470,00474228
0.868023951,07524899,-2.3216212,-0.25822988,-0.189471470,00889637
0.731909341,2372814,-2.65662441,-0.22806654,-0.160258080,01183463
0.611723441,38174503,-2.96567263,-0.19968202,-0.134761540,01436635
0.490337631,52309773,-3.27138134,-0.17147891,-0.107895040,01629235
0.379928751,63055561,-3.5241147,-0.14704298,-0.08445790,01723537
0.294728431,72250862,-3.74444028,-0.12693754,-0.066277470,01829019
0.196278091,8301933,-3.99874403,-0.10383535,-0.045814340,01891735
0.112608691,89862089,-4.16779782,-0.0866138,-0.028657480,01872529
0.040779481,96981764,-4.35084512,-0.06882692,-0.013120550,01918787
-1.66770852e-022,02795866e+00,-4.50523207e+00,-5.43981584e-02,-7.50687446e-041,90989160e-02
-0.075817952,08521529,-4.6352216,-0.041114840,011583340.01907536,-0.125580092
12101251,-4.71830952,-0.031840120,020634560.01851028,-0.164854452,17011246
-4.82737271,-0.021074080,029302780.01834515,-0.19749142,20030508,-4.88504591
-0.014764190,035933990.01843936,-0.218433692,22369585,-4.9272402,-0.010114720
040262990.01844157,-0.239013222,24274125,-4.96711269,-0.006099180,043854790.01840748
-2.49455631e-012,25178267e+00,-4.98228013e+00,-4.28462114e-034,58312950e-021,84023554e-02
-2.58637171e-012,26016593e+00,-4.99999890e+00,-2.40157371e-034,73315129e-021,84296589e-02
-2.64476754e-012,26801183e+00,-5.01026431e+00,-1.04024466e-034,85104741e-021,84103300e-02
-2.68583274e-012,27042649e+00,-5.01117585e+00,-4.24989543e-044,91853975e-021,84198055e-02
-2.72842622e-012,27104408e+00,-5.00980591e+00,-4.19459512e-054,98208330e-021,83403785e-02
-2.74462469e-012,27570408e+00,-5.01606637e+005,86040875e-044,99665906e-021,84354442e-02
-2.75961307e-012,27649905e+00,-5.01965003e+009,58551366e-045,02741667e-021,84565661e-02
-2.79130230e-012,27797390e+00,-5.01564375e+008,83912576e-045,03872887e-021,85302290e-02
-2.79467763e-012,27715265e+00,-5.01870745e+009,95623810e-045,04233453e-021,85532409e-02
-2.82543791e-012,28065907e+00,-5.01949546e+001,37183165e-035,07071535e-021,84842937e-02
-2.82048064e-012,27880177e+00,-5.02240084e+001,62479531e-035,04130794e-021,84325767e-02
-2.83489303e-012,27184395e+00,-5.01315107e+001,07726337e-035,05861288e-021,83932639e-02
-2.83407396e-012,27145394e+00,-5.01774735e+001,36116115e-035,06437732e-021,83708057e-02
-2.85552574e-012,27197672e+00,-5.02224468e+001,78460326e-035,05472551e-021,84349993e-02
-2.86454805e-012,26954904e+00,-5.01364125e+001,37828638e-035,04226098e-021,84084114e-02
-2.87136555e-012,27183237e+00,-5.01050098e+001,37335957e-035,07976086e-021,84036996e-02
-2.86681524e-012,27605232e+00,-5.00792822e+001,53788951e-035,07396857e-021,84698173e-02
-2.86864940e-012,27833120e+00,-5.00801910e+001,69191895e-035,08055805e-021,84441277e-02
-2.93352457e-012,27403495e+00,-4.99766427e+001,41791437e-035,17594521e-021,83409548e-02
-2.87956745e-012,27668936e+00,-5.00375423e+001,52650983e-035,05813670e-021,84515135e-02
-2.89807211e-012,27560547e+00,-5.00324925e+001,60644435e-035,06203814e-021,84681260e-02
-2.89338609e-012,27386444e+00,-5.00014786e+001,34424445e-035,04365900e-021,84607389e-02
-2.88915668e-012,27488850e+00,-5.00281665e+001,57925933e-035,04857242e-021,85081007e-02
-2.90247035e-012,27725737e+00,-5.00192843e+001,76494715e-035,08648892e-021,85069349e-02
-2.86244238e-012,27310581e+00,-4.99292816e+001,12408426e-035,01503830e-021,85323995e-02
-2.92367334e-012,27694702e+00,-5.00350923e+001,84718075e-035,09144212e-021,85195793e-02
-2.87709208e-012,27572796e+00,-5.00284068e+001,77640817e-034,99316858e-021,85930216e-02
-2.90704635e-012,27147625e+00,-4.99754821e+001,54832080e-035,07030750e-021,85016711e-02
-2.91472136e-012,27231057e+00,-4.99792344e+001,65704196e-035,07059169e-021,85369219e-02
-2.89058119e-012,27315035e+00,-4.99920578e+001,70637415e-035,01005794e-021,86404598e-02
-2.90316155e-012,27196792e+00,-4.99781475e+001,74533185e-035,03719621e-021,86050154e-02
-2.90953916e-012,26977871e+00,-4.99141950e+001,53488065e-035,04633894e-021,85404337e-02
-2.90323605e-012,27059737e+00,-4.99377998e+001,58914970e-035,02770152e-021,85482730e-02
-2.88659746e-012,27102288e+00,-4.99262357e+001,78975493e-035,02247054e-021,85506066e-02
-2.88533666e-012,27451735e+00,-4.99645364e+002,00921400e-035,00399114e-021,86144080e-02
-2.90460468e-012,27401929e+00,-4.98277899e+001,62662810e-035,02390322e-021,86049840e-02
-2.89922452e-012,27685054e+00,-4.98535223e+001,71329298e-035,01993193e-021,85812014e-02
-2.91752149e-012,27841096e+00,-4.98448092e+002,06384761e-035,02912195e-021,85586888e-02
-2.92432314e-012,27475995e+00,-4.97684888e+001,71135185e-035,02680451e-021,84970196e-02
-2.90580160e-012,27314372e+00,-4.97457230e+001,56895291e-035,02766626e-021,84631354e-02
-2.90374969e-012,27383528e+00,-4.98175352e+001,92611196e-035,03064339e-021,85022036e-02
-2.89473187e-012,27380948e+00,-4.98055794e+001,93937454e-034,99166490e-021,85442729e-02
-2.90832993e-012,27224690e+00,-4.97628008e+001,77024350e-035,03704478e-021,85003839e-02
-2.88942030e-012,27499712e+00,-4.97544879e+001,73680302e-035,03399621e-021,85404128e-02
-2.87763278e-012,27420289e+00,-4.97626532e+001,89749794e-035,00720996e-021,85461173e-02
-2.90858540e-012,27576259e+00,-4.97474115e+002,03457375e-035,06524087e-021,85055532e-02
-2.85558575e-012,27600177e+00,-4.97218091e+001,84714432e-034,98616420e-021,85245350e-02
-2.85753755e-012,27443650e+00,-4.96679448e+001,73907526e-035,03001081e-021,84872058e-02
-2.85861011e-012,27872195e+00,-4.97448286e+002,17832060e-035,03170100e-021,85626518e-02
-2.84835924e-012,28006366e+00,-4.97392243e+002,24482838e-035,04525828e-021,85448644e-02
-2.86456191e-012,27915649e+00,-4.96876359e+001,97292403e-035,02700302e-021,85356849e-02
-2.84620477e-012,27790370e+00,-4.96932793e+001,95674499e-035,01986489e-021,84620410e-02
-2.85863933e-012,27861323e+00,-4.97055570e+002,20519161e-035,06030294e-021,84402545e-02
-2.83989253e-012,28173631e+00,-4.96837177e+002,16203933e-035,01342600e-021,85269760e-02
-2.86663314e-012,28063716e+00,-4.96276726e+002,10089525e-035,06085925e-021,85242057e-02
-2.85914968e-012,28141255e+00,-4.96289229e+002,03135457e-035,02766959e-021,86080979e-02
-2.86334939e-012,28526330e+00,-4.96578200e+002,35947735e-035,03321038e-021,86292911e-02
-2.85720975e-012,28452351e+00,-4.96376653e+002,13814806e-035,03127781e-021,85747771e-02
-2.84563400e-012,28292177e+00,-4.95606010e+001,89234682e-035,03254381e-021,85134718e-02
-2.84312707e-012,28673481e+00,-4.96366153e+002,28284612e-035,05528759e-021,85257576e-02
-2.85219864e-012,28814352e+00,-4.96118639e+002,20792434e-035,04079889e-021,85159357e-02
-2.88197215e-012,28606480e+00,-4.95854997e+002,04111871e-035,04347492e-021,85454520e-02
-2.88331228e-012,28555830e+00,-4.96027186e+002,21791724e-035,04446334e-021,85903474e-02
-2.86908237e-012,28662088e+00,-4.96247120e+002,45771133e-035,04226400e-021,85913672e-02
-2.88547151e-012,28525423e+00,-4.95956619e+002,40012825e-035,03513130e-021,86051416e-02
-2.89896155e-012,28634010e+00,-4.95708111e+002,33118208e-035,05269096e-021,86229743e-02
-2.87189564e-012,28628820e+00,-4.95571391e+002,29978496e-035,03203403e-021,86255186e-02
-2.88442841e-012,28543583e+00,-4.96045511e+002,63684340e-035,04025099e-021,86147294e-02
-2.88666809e-012,28579611e+00,-4.96312237e+002,62599982e-035,01593341e-021,86701529e-02
-2.88834277e-012,28337599e+00,-4.96070450e+002,50312675e-035,02567013e-021,86814777e-02
-2.88005644e-012,28362560e+00,-4.96186640e+002,66161483e-035,04420541e-021,86787988e-02
-2.87509972e-012,28508375e+00,-4.96397659e+002,79131725e-035,02134077e-021,87100167e-02
-2.86833974e-012,28335442e+00,-4.96262558e+002,74870619e-035,02626950e-021,87489591e-02
-2.89795902e-012,28437212e+00,-4.96019424e+002,75984398e-035,04195920e-021,87358349e-02
-2.87313283e-012,28430381e+00,-4.95909731e+002,78128043e-035,04428815e-021,87446218e-02
-2.84577263e-012,28428468e+00,-4.95631130e+002,70425164e-035,03202546e-021,87398306e-02
-2.84953002e-012,28528642e+00,-4.95936449e+002,90527073e-035,03404317e-021,87483234e-02
-2.85406171e-012,28299818e+00,-4.95634078e+002,77548651e-035,05080298e-021,87336830e-02
-2.85543131e-012,28175334e+00,-4.95446962e+002,74105909e-035,05219226e-021,87233745e-02
-2.85701947e-012,28213695e+00,-4.95700230e+002,92260318e-035,03817549e-021,87442554e-02
-2.85086550e-012,28336827e+00,-4.95636825e+002,85364595e-035,03179472e-021,87531623e-02
-2.84710921e-012,28215533e+00,-4.95538925e+002,77669506e-035,03421645e-021,88194139e-02
-2.88560289e-012,28011642e+00,-4.95220507e+002,62420305e-035,06373948e-021,87724957e-02
-2.85230720e-012,28427870e+00,-4.95524506e+002,80567692e-035,00119870e-021,88134468e-02
-2.87026323e-012,28501090e+00,-4.95385590e+002,97405016e-035,03226320e-021,87684581e-02
-2.88841162e-012,28260103e+00,-4.94545576e+002,51325018e-035,05189958e-021,86714794e-02
-2.87345064e-012,28147523e+00,-4.95028007e+002,47796500e-035,03205446e-021,87322792e-02
-2.87863059e-012,28675864e+00,-4.96003190e+003,03739734e-035,03803984e-021,87432809e-02
-2.90510203e-012,28254405e+00,-4.95305622e+002,69995622e-035,04210680e-021,86799126e-02
-2.89897489e-012,28088852e+00,-4.94453689e+002,31102586e-035,07679535e-021,86713413e-02
-2.88356494e-012,28448030e+00,-4.95463787e+002,76310535e-035,02594087e-021,87124880e-02
-2.90063377e-012,28809176e+00,-4.95854487e+003,00080721e-035,05154288e-021,87508632e-02
-2.88313030e-012,28688679e+00,-4.95313648e+002,76898194e-035,03669611e-021,87953134e-02
-2.86549314e-012,28547299e+00,-4.94995165e+002,50743187e-035,04784277e-021,87357875e-02
-2.84639596e-012,28780548e+00,-4.95430031e+002,76066990e-035,04388256e-021,87640414e-02
-2.84723495e-012,28835936e+00,-4.95772341e+002,90508878e-035,04260264e-021,88090510e-02
-2.85688414e-012,28358039e+00,-4.95043794e+002,48982631e-035,04752678e-021,87638294e-02
-2.85502952e-012,28406716e+00,-4.95295714e+002,45907725e-035,05276801e-021,88362057e-02
-2.84707115e-012,28610185e+00,-4.95462681e+002,64359146e-035,05209704e-021,88153428e-02
-2.86434850e-012,28649492e+00,-4.95404481e+002,68915258e-035,05378503e-021,88116721e-02
-2.85456639e-012,28613308e+00,-4.94897348e+002,42234840e-035,06305036e-021,88589863e-02
-2.84159612e-012,28797472e+00,-4.94266568e+002,18621406e-035,02478393e-021,88580316e-02
-2.85377006e-012,29577094e+00,-4.96288587e+003,29385392e-035,07446487e-021,89268491e-02
-2.71079172e-012,28662727e+00,-4.93354598e+001,53341177e-034,78620017e-021,89677708e-02
-2.89006238e-012,29196504e+00,-4.95778735e+003,05888887e-035,09483989e-021,88326961e-02
-2.94806761e-012,29194585e+00,-4.95826909e+003,18686593e-035,20609117e-021,87248038e-02
-2.83676049e-012,28639962e+00,-4.93098072e+001,66895297e-035,00202923e-021,87411486e-02
-2.87700090e-012,29541245e+00,-4.96054892e+003,13904144e-035,08320656e-021,87239312e-02
-2.86341167e-012,28559370e+00,-4.93728983e+002,03176525e-035,05670567e-021,86501198e-02
-2.81483659e-012,28913242e+00,-4.94206007e+002,19297926e-035,00472044e-021,86697666e-02
-2.87119920e-012,29140053e+00,-4.95029830e+002,75117771e-035,09796410e-021,86348724e-02
-2.79388860e-012,28728920e+00,-4.94145918e+002,16982378e-035,01137535e-021,87421942e-02
-2.79275378e-012,29003040e+00,-4.94529518e+002,40152548e-035,05790068e-021,87636369e-02
-2.78576491e-012,29124516e+00,-4.93977859e+002,39861254e-035,06862269e-021,87930621e-02
-2.75277653e-012,29288327e+00,-4.94206693e+002,54775720e-035,02081718e-021,89261077e-02
-2.78042203e-012,29281829e+00,-4.93765630e+002,49625379e-035,07008933e-021,88811842e-02
-2.72246651e-012,29297950e+00,-4.93531287e+002,38014800e-035,03862587e-021,89311294e-02
-2.73971552e-012,29705242e+00,-4.93521124e+002,48372826e-035,07961570e-021,88468732e-02
-2.70680041e-012,29827045e+00,-4.93611321e+002,43204825e-035,04268811e-021,89131596e-02
-2.69255171e-012,29978824e+00,-4.93536519e+002,41630749e-035,05705205e-021,88683001e-02
-2.69585575e-012,29965710e+00,-4.93479257e+002,45722850e-035,07229368e-021,88143351e-02
-2.67184682e-012,29948712e+00,-4.93616792e+002,49587599e-035,03832643e-021,88151866e-02
-2.68926906e-012,30145454e+00,-4.93594667e+002,64371642e-035,05076116e-021,87849942e-02
-2.68999522e-012,30153270e+00,-4.93130326e+002,43498866e-035,03229974e-021,87782759e-02
-2.69505991e-012,30236607e+00,-4.93089596e+002,43527227e-035,04545670e-021,87232836e-02
-2.67202798e-012,30301499e+00,-4.93332697e+002,68538879e-035,05376715e-021,86902540e-02
-2.64557588e-012,30236691e+00,-4.93216579e+002,51158475e-035,02394869e-021,87242752e-02
-2.65893329e-012,30263490e+00,-4.93114631e+002,44991489e-035,04939253e-021,86868411e-02
-2.65193795e-012,30352089e+00,-4.93155251e+002,50410098e-035,04963195e-021,87354842e-02
-2.63884837e-012,30538861e+00,-4.93401679e+002,62039979e-035,01814840e-021,87395076e-02
-2.63869238e-012,30498477e+00,-5.49317802e+012,61841862e-035,01894699e-021,87094834e-02
-2.62756852e-012,30616725e+00,-5.49283044e+012,46755337e-035,03854267e-021,86422022e-02
-2.62961409e-012,30866822e+00,-5.49285822e+012,59771595e-035,03245098e-021,86729344e-02
-2.60859878e-012,30840611e+00,-5.49321479e+012,80341877e-035,01022241e-021,87798141e-02
-2.64863456e-012,30617157e+00,-5.49250701e+012,53219230e-035,03565466e-021,87687461e-02
-2.61973982e-012,30746216e+00,-5.49229053e+012,52095061e-035,03511136e-021,87189273e-02
-2.61574540e-012,30967404e+00,-5.49251706e+012,72824110e-035,01476290e-021,87156124e-02
-2.58425296e-012,31139584e+00,-5.49242514e+012,79382254e-035,00685381e-021,87735407e-02
-2.59039993e-012,30994313e+00,-5.49210498e+012,56791866e-035,02290512e-021,87483044e-02
-2.59564837e-012,30944145e+00,-5.49159262e+012,47984819e-035,02674135e-021,86648787e-02
-2.57943391e-012,31408413e+00,-5.49232013e+012,82360582e-034,99270715e-021,86863369e-02
-2.59537682e-012,31503597e+00,-5.49195216e+012,94023658e-035,01076359e-021,87107406e-02
-2.59546443e-012,31405630e+00,-5.49116037e+012,52850367e-035,01870630e-021,87566809e-02
-2.59305866e-012,31617961e+00,-5.49102975e+012,54235407e-035,02599833e-021,86723496e-02
-2.56584146e-012,31999620e+00,-5.49151718e+012,86959285e-035,00567566e-021,86896108e-02
-2.56295421e-012,32003520e+00,-5.49146067e+012,92786923e-034,99243453e-021,87051854e-02
-2.58753684e-012,31647103e+00,-5.49089595e+012,57896388e-035,01694923e-021,86552902e-02
-2.58236574e-012,31717913e+00,-5.49126863e+012,62304754e-034,98927369e-021,86614464e-02
-2.58345318e-012,31894159e+00,-5.49194034e+013,04995709e-034,98486699e-021,87335552e-02
-2.61487868e-012,31396678e+00,-5.49132966e+012,81420914e-034,99712349e-021,86616803e-02
-2.62476780e-012,31037565e+00,-5.49058806e+012,48955661e-034,99136355e-021,87521755e-02
-2.61518436e-012,31537684e+00,-5.49130210e+012,95042233e-034,99152750e-021,87375380e-02
-2.60292055e-012,31962475e+00,-5.49114388e+013,13223816e-034,97924545e-021,88227890e-02
-2.61063141e-012,31561981e+00,-5.49033416e+012,70410234e-034,99002128e-021,87538609e-02
-2.63813281e-012,31448294e+00,-5.49010757e+012,77002860e-035,00466940e-021,87772817e-02
-2.64655772e-012,31471225e+00,-5.49099194e+013,03745630e-034,97933185e-021,88166114e-02
-2.66362237e-012,31372170e+00,-5.49097282e+013,12951446e-034,98369562e-021,87625866e-02
-2.62647111e-012,30562458e+00,-5.48621696e+011,62607859e-034,83239595e-021,86740180e-02
-2.64848914e-012,30804025e+00,-5.48727511e+012,28573530e-034,88919837e-021,86928643e-02
-2.70683857e-012,30548096e+00,-5.48805727e+012,04223571e-034,93642167e-021,87125879e-02
-2.80942519e-012,31206022e+00,-5.48940959e+013,91792849e-035,18783300e-021,86948336e-02
-2.78451989e-012,31010896e+00,-5.48931154e+013,31241153e-035,09988198e-021,88337203e-02
-2.89284093e-012,31162149e+00,-5.48954211e+014,32829824e-035,28393911e-021,88255028e-02
-2.89083764e-012,30646864e+00,-5.48918770e+013,69207677e-035,16074693e-021,89520766e-02
-2.92300096e-012,30957858e+00,-5.48992664e+013,96262852e-035,13775198e-021,90405386e-02
-2.96790935e-012,30650812e+00,-5.48969384e+014,03250396e-035,18785811e-021,91129833e-02
-2.98613460e-012,30127771e+00,-5.48893644e+012,90805916e-035,14694896e-021,90732217e-02
-2.90744444e-012,28915004e+00,-5.48764000e+019,64038727e-044,93732752e-021,90786219e-02
-2.90609179e-012,29244467e+00,-5.48811484e+012,11857646e-035,01695987e-021,91216046e-02
-2.91547933e-012,29463425e+00,-5.48781896e+012,29571073e-035,01537405e-021,92123068e-02
-2.88122975e-012,29362408e+00,-5.48773620e+012,02485255e-034,89276572e-021,93628157e-02
-2.87151772e-012,28800650e+00,-5.48839254e+011,66373767e-034,85033481e-021,93944358e-02
-2.94104004e-012,29491777e+00,-5.48881613e+012,96931987e-034,97635798e-021,94227815e-02
-3.00263109e-012,28500558e+00,-5.48945690e+012,78568480e-034,90580688e-021,95666346e-02
-3.07817254e-012,28796600e+00,-5.49365661e+016,14315281e-034,88130334e-021,98547007e-02
-3.03012000e-012,27438845e+00,-5.49342813e+014,63873794e-034,57495928e-022,00118455e-02
-3.14644397e-012,28329655e+00,-5.49755710e+017,98671159e-034,72705067e-022,01507693e-02
-3.12553419e-012,28864238e+00,-5.48086887e+017,20952421e-034,53523658e-022,03529846e-02
-3.46507714e-012,29234702e+00,-5.33134409e+017,48282899e-055,24034741e-021,93812709e-02
-3.66700305e-012,28757516e+00,-5.19311942e+01,-1.24628864e-025,39989475e-021,86120503e-02
-4.10269185e-012,27610190e+00,-5.04940498e+01,-2.56003934e-026,22405637e-021,76709778e-02
-4.59085911e-012,28055847e+00,-4.89359383e+01,-3.69519915e-027,17183010e-021,69479039e-02
-5.00685057e-012,25470904e+00,-4.74252118e+01,-4.83972418e-028,09446041e-021,59844448e-02
-5.33854829e-012,26000594e+00,-4.63210250e+01,-5.22267088e-028,96042822e-021,53357095e-02
-5.50524720e-012,21539744e+00,-4.53124639e+01,-5.96169229e-029,57371070e-021,42113325e-02
-5.62482018e-012,18807625e+00,-4.45117645e+01,-6.34341530e-021,00832637e-011,33319884e-02
-5.74585970e-012,16120196e+00,-4.36614736e+01,-6.80833150e-021,05865770e-011,24271173e-02
-5.82243507e-012,14022807e+00,-4.28045166e+01,-7.09312790e-021,10587057e-011,15153076e-02
-5.87509954e-012,10625517e+00,-4.19687396e+01,-7.59379984e-021,15122907e-011,07032494e-02
-6.05448460e-012,07390740e+00,-4.12491456e+01,-7.47415811e-021,25445890e-019,43716738e-03
-5.98364978e-012,04113688e+00,-4.11979931e+01,-6.44294662e-021,29962105e-018,59009843e-03
-5.56713156e-012,02210933e+00,-4.18101891e+01,-4.59853292e-021,27250095e-018,54746798e-03
-5.49502995e-012,00226642e+00,-4.19237570e+01,-3.55307399e-021,30178562e-018,17988342e-03
-5.49665860e-011,98219058e+00,-4.16773959e+01,-3.20737094e-021,33796466e-017,75712888e-03
-5.63198821e-011,95636599e+00,-4.11906449e+01,-2.96874742e-021,43166052e-016,76227543e-03
-6.19934405e-011,92991963e+00,-4.06268175e+01,-1.59850166e-021,76842968e-015,15140007e-03
-7.02833762e-011,87746222e+00,-3.99135018e+01,-1.56205755e-032,26338749e-012,62763195e-03
-8.24149913e-011,81685200e+00,-3.91029618e+011,82790957e-022,94021077e-014,00742198e-04
-1.17259565e+001,64165861e+00,-3.41723135e+011,44214973e-024,59240431e-01,-5.34040047e-03
-1.18860297e+008,16641129e-01,-2.48719697e+014,02832722e-035,36634921e-01,-2.21414719e-02
-1.17959228,-0.01933196,-13.36772389,-0.072717010,50855822,-0.0360092
-1.23862068,-0.55057133,-7.54951545,-0.092111550,55805528,-0.04533496
-1.29814221,-0.98518456,-2.45419774,-0.11553310,62648388,-0.05451502
-1.35691521,-1.291923222,27413612,-0.134751040,66956085,-0.06157389
-1.35589263,-1.518992914,53724942,-0.144619950,70038189,-0.06638647
-1.32907175,-1.576857343,05977113,-0.131924350,74096396,-0.06715972
-1.28540074,-1.507270050,44821472,-0.129996270,73870316,-0.05282885
-0.96942109,-1.40243299,-3.19618292,-0.136712460,5801247,-0.03712266
-0.74561696,-1.30581611,-5.27560406,-0.140494290,45679407,-0.02470615
-0.64286426,-1.2913272,-5.81584544,-0.142653540,39899941,-0.01793664
-0.59323706,-1.31349225,-6.39301399,-0.156567220,39763715,-0.01529414
-0.61559152,-1.32791619,-6.02129795,-0.185816260,40531953,-0.01243044
-0.66412018,-1.34688696,-5.07460758,-0.218036840,42048077,-0.01030245
-0.67748817,-1.3335542,-5.35317026,-0.240242530,41898503,-0.00802922
-0.66329196,-1.33407262,-5.06995313,-0.264905790,39391262,-0.00570081
-6.58231747e-01,-1.31139096e+00,-4.56487254e+00,-2.78944292e-013,56225302e-01,-3.03359457e-03
-6.66899881e-01,-1.33096435e+00,-2.98640068e+00,-2.92096769e-013,12723463e-01,-1.43821244e-03
-6.33289355e-01,-1.35707085e+00,-2.47852243e+00,-2.88406589e-012,84244174e-01,-7.85435422e-04
-6.08427061e-01,-1.36685704e+00,-2.26324428e+00,-2.89812987e-012,74996620e-01,-6.32845015e-04
-6.29065240e-01,-1.39442575e+00,-1.39724609e+00,-3.01371671e-012,85226970e-01,-2.55632894e-04
-0.67350493,-1.41889887,-0.74551653,-0.310731870,3156256,-0.00158402
-0.70021314,-1.45045283,-0.82820744,-0.311930840,35809011,-0.00304127
-0.74770482,-1.46024299,-1.15472442,-0.306590110,41019102,-0.00442809
-0.80349855,-1.44644907,-1.64875578,-0.293406340,46269399,-0.00515372
-0.84368568,-1.4539538,-1.91535231,-0.290204070,4907106,-0.00573507
-0.86333441,-1.44414987,-2.3843244,-0.280969640,50222987,-0.00606297
-0.88525564,-1.42504595,-2.72000554,-0.268213360,51420542,-0.00579226
-0.85668589,-1.42139897,-2.42154441,-0.269915810,48378392,-0.00435009
-0.87331558,-1.41727658,-2.2871726,-0.267974460,49999019,-0.0046502
-0.94950643,-1.4320282,-1.97669611,-0.269758880,54920525,-0.00616134
-1.03767891,-1.44499762,-2.22712497,-0.274267040,60970654,-0.00745464
-1.09656341,-1.38441905,-3.78854092,-0.273475340,63570771,-0.00655355
-1.19607423,-1.32197833,-4.63738207,-0.281020210,66731968,-0.00544599
-1.30161285e+00,-1.23929785e+00,-5.48249276e+00,-3.01842760e-016,75019722e-01,-2.65037149e-03
-1.18824329e+00,-1.12608488e+00,-6.55925059e+00,-3.19603480e-015,81503139e-012,36601046e-03
-1.16015103e+00,-1.06136590e+00,-6.79295425e+00,-3.22300511e-015,31516895e-014,64087680e-03
-1.05111247,-1.04939999,-5.82072244,-0.33984910,425793440.00895781,-1.09499987
-1.06747569,-3.96518744,-0.335140740,41668180.00988776,-0.98901862,-1.14358388
-3.00174659,-0.348551730,361933790.01088453,-0.88743667,-1.18452143,-4.28176221
-0.329416720,373815560.00751188,-0.77234301,-1.21549785,-4.90602974,-0.327215450
337294130.00753945,-0.69209404,-1.24474442,-5.23451815,-0.335802720,306186670.00746363
-0.55686089,-1.259424,-5.48060958,-0.366987660,218008650.00879084,-0.47321172
-1.25470204,-5.31081671,-0.391148970,13096030.01104157,-0.42450267,-1.26390963
-4.42130597,-0.413067280,054268310.01352928,-0.32775033,-1.27033834,-4.38781009
-0.42582437,-0.021605670,01503337,-0.32465321,-1.29102045,-3.7581585
-0.43157155,-0.044939240,01542619,-0.27601395,-1.28188536,-4.13365076
-0.42427873,-0.073327360,0155775,-0.21765111,-1.32076245,-3.82171615
-0.41733994,-0.117678430,01504387,-0.04455677,-1.31840126,-5.63987698
-0.4171618,-0.17696380,01247451,0.01629149,-1.34443082,-5.03602678
-0.45209543,-0.233890510,01155999,-0.00421025,-1.38274462,-3.37175506
-0.48996488,-0.268028070,01160583,-0.05531761,-1.42269919,-1.28227943
-0.52848001,-0.30816680,01298705,-0.10549416,-1.447992310,38024036
-0.54175533,-0.336831590,01458548,-0.04999641,-1.458105020,70449135
-0.54252223,-0.388182820,01533704,-0.03545426,-1.43527355,-0.13529242
-0.51228027,-0.357296570,01430729,-0.03735937,-1.43694614,-0.94741858
-0.48144021,-0.303113040,01306691,-0.06215067,-1.44920979,-1.32032898
-0.4528418,-0.265561450,01234734,-0.08378876,-1.46741033,-1.06493905
-0.44291853,-0.252902360,01172413,-0.04602705,-1.49991483,-1.19406802
-0.45943068,-0.273994730,01091358,0.05517228,-1.51904697,-1.68811581
-0.49144281,-0.332562450,01048869,0.15909885,-1.52367347,-2.40046839
-0.51807438,-0.387370720,01035041,0.2420677,-1.51225348,-3.00816809
-0.53299151,-0.437241020,0108809,0.24701664,-1.50428999,-2.93286562
-0.53454384,-0.451721690,01151208,0.22249577,-1.50663968,-2.71263252
-0.53153028,-0.427386350,01166046,0.17647747,-1.52744901,-2.85384479
-0.51630793,-0.360393710,00988713,0.14474319,-1.54255897,-2.87294571
-0.5234039,-0.31902460,00860223,0.13627103,-1.55972963,-2.94519787
-0.53680555,-0.295722460,0069883,0.12312523,-1.58412653,-2.66240867
-0.57110964,-0.278399330,00602824,0.15582771,-1.561678,-2.79985954
-0.64495746,-0.31543330,00667389,0.18671824,-1.4468583,-3.04359355
-0.71903133,-0.389864690,00833075,0.17029358,-1.37135798,-3.71424411
-0.75370667,-0.382651010,00659405,0.20758341,-1.30488441,-3.76560938
-0.80279529,-0.437207680,00940074,0.13822897,-1.24148839,-3.40599365
-0.81202954,-0.429847290,01165788,0.04501086,-1.27328727,-1.785344
-0.84797499,-0.386430820,01228907,-0.11999948,-1.28324508,-0.68258874
-0.87033121,-0.280405430,01138242,-0.32748867,-1.264844160,24262324
-0.88827246,-0.162478690,01146685,-0.51468732,-1.181530931,13731347
-0.95613717,-0.09946740,01475797,-0.67917653,-1.059389161,74222579
-1.0297015,-0.075305070,01938148,-0.77744136,-0.915161391,21965213
-1.07199453,-0.066468280,02307729,-0.81036053,-0.795677160,27292865
-1.09664963,-0.077499870,02547022,-0.817178,-0.68761782,-1.21849447
-1.09697294,-0.094808660,02753723,-0.80555638,-0.59796539,-2.6271846
-1.08480332,-0.115796430,02941847,-0.82390431,-0.51819816,-3.32241311
-1.06863246,-0.123385390,03126832,-0.91798761,-0.49444986,-2.45159066
-1.07380749,-0.101856060,03247753,-0.97409639,-0.50756441,-2.00773494
-1.08485873,-0.073144360,03194346,-1.0147963,-0.51447756,-1.51319412
-1.11147498,-0.050481230,03184192,-1.1099437,-0.43041826,-1.53672168
-1.15748781,-0.02688550,03357383,-1.26512827,-0.30432885,-1.50104464
-1.20303890,005126490.03632727,-1.43351041,-0.20315186,-1.06948659,-1.233535260
041594410.0394153,-1.55659382,-0.09754843,-0.82957973,-1.235800820,066970890.04285544
-1.62827852,-0.00718298,-0.87655687,-1.21385790,077392840.0461503,-1.65390040
06837347,-0.91408669,-1.195407540,069604720.04769846,-1.67599150,16529568
-1.957238,-1.126686650,073973880.05013677,-1.723680410,21935492,-2.78495116
-1.067315180,105655540.05087493,-1.788806280,2264215,-2.9626197,-1.04001870
140801080.05073683,-1.876294790,17760527,-2.01442727,-1.061799030,179673770.049818
-1.940884020,1176749,-0.86352349,-1.096796110,210161370.05016437,-1.974038340
07691903,-0.39761339,-1.123631470,22473710.05002273,-1.992745910,07259281
-0.64959531,-1.124856270,233641440.05018708,-2.017680510,08287939,-0.81902151
-1.116027950,244004680.05054489,-2.050083490,08938084,-0.57622411,-1.110286520
254140080.05115643,-2.077953680,08285449,-0.17942884,-1.10915240,263409410.05171167
-2.104795070,097919050.06164011,-1.097741550,273285970.0525821,-2.116070920,107732910.0401576
-1.084877850,278925890.05330008,-2.136908090,10898419,-0.01421477,-1.079727050
289371730.05341352,-2.149555490,07739751,-0.01118033,-1.092472080,294630380.05274951
-2.139735260,08900975,-0.79949333,-1.093788280,289218380.05215268,-2.093461970
10610161,-2.00046258,-1.088106920,270454780.05162406,-2.042137580,10974973
-2.49975417,-1.088034410,246772880.05188182,-2.009066850,12201744,-1.9689792
-1.091256490,221812550.05265343,-2.014269270,11853551,-0.62015324,-1.096061170
202932550.05452531,-2.028243780,124091920.44836812,-1.09914510,190225840.05587265,-2.024441890
121625740.99581276,-1.094408930,17480690.05671317,-1.980630170,09944230.36325385,-1.10574670
170052340.05471712,-1.968748160,09415125,-0.16591058,-1.12050580,17331390.05267459
-1.954139460,05956084,-0.57709917,-1.145186930,171546820.05111725,-1.950062840
05880828,-1.19670665,-1.161042380,169204260.04985527,-1.936279190,07378982
-1.97186619,-1.150528190,16342620.04976929,-1.933264910,1067172,-2.94158077
-1.124485710,16616690.04966163,-1.959705430,14013392,-3.53351826,-1.095089420
177877460.0498116,-2.013593040,15464738,-3.43028766,-1.066810790,2000490.04996899
-2.114936690,16211326,-2.55087066,-1.049466760,23783150.05054492,-2.228064180
14346532,-2.17999145,-1.035003540,285037360.0501807,-2.376501430,12234187
-1.49012803,-1.024807920,342269760.04986769,-2.513192370,10838524,-1.25524991
-1.013121260,397140580.04927426,-2.608723120,12286197,-1.38748696,-0.991113830
435001170.04942458,-2.626326420,17031235,-1.77980545,-0.95293280,443343920.05035192
-2.567140280,19449817,-1.59077988,-0.929119070,415107440.05152868,-2.455492890
20490927,-1.73755596,-0.911362770,359189170.05282174,-2.383324280,21262151
-1.52126717,-0.899860790,324624010.05377209,-2.361824770,18128051,-0.85385093
-0.898664540,323506130.05367086,-2.366578040,17517558,-0.41054932,-0.897173170
333345720.05351906,-2.343943040,1621299,-0.26612684,-0.903392980,33120750.05302894
-2.2935620,16935081,-0.63410396,-0.91108780,317828210.05238584,-2.201291560
18573187,-1.35147122,-0.921993410,274167590.05197064,-2.106755310,201956
-1.93604381,-0.931058210,221739950.05224477,-2.029018330,21508845,-1.92081424
-0.950484890,159277050.05316757,-2.010612690,24075597,-1.50172623,-0.953878950
120706370.0543899,-2.007462090,22084751,-1.22366714,-0.957979830,131990310.05335223
-2.049990340,19160491,-1.16332309,-0.961398070,182485680.05103182,-2.089802170
16965779,-1.0533424,-0.969908470,222978050.04914882,-2.159018470,12898133
-0.27387855,-0.996688670,2606810.04737474,-2.223797910,09588368,-0.0996242
-1.034020780,292994570.04523144,-2.260426550,07961863,-0.4999744,-1.065766420
307094260.04390725,-2.264480320,08985528,-1.26624132,-1.073731120,306527780.043723
-2.197548620,10659678,-2.42163796,-1.07552260,273709390.04402883,-2.109452780
1208194,-2.62663178,-1.090089870,225373650.04467878,-2.104591070,10672615
-1.88250643,-1.097194230,213528140.04519471,-2.141942790,08215037,-0.2970367
-1.119958950,220857380.04580304,-2.159284220,039356911.2639109,-1.155056390,221837650.04610332
-2.17752171,-0.009708712,43471949,-1.186553210,226880840.0459333,-2.18478978
-0.039102672,44953939,-1.208561260,235452050.04500075,-2.18151561,-0.044052511
47665444,-1.227389620,236667940.04417409,-2.199266030,02660655,-0.03892424
-1.234067080,232047130.04480193,-2.204523590,11906556,-1.7054019,-1.215753250
223192110.04600976,-2.204174310,19128092,-2.7909286,-1.1909780,21459180.04752702
-2.217321480,24548714,-2.8906208,-1.172199780,212651480.04936211,-2.230512060
26297096,-2.54894634,-1.155414660,214794070.05090698,-2.281679380,22751709
-1.08288404,-1.172064830,232236320.05155822,-2.350442080,17020230.68782369,-1.208544680
25743620.05128733,-2.394112320,120937881.47795335,-1.245994130,276130410.05050188,-2.421093830
113924551.30143799,-1.265112630,288353110.05001259,-2.411876210,134639770.33059118,-1.261809760
279876660.04902348,-2.383655260,21643874,-1.05849203,-1.237962240,263581180.04785557
-2.378132390,29772118,-2.62877612,-1.1902110,265229430.04986862,-2.380948530
33696344,-3.05693647,-1.167666840,265509460.05154884,-2.416047390,32171797
-2.33595374,-1.172277230,276379870.05239992,-2.533773320,28330088,-0.39525207
-1.188164530,324336940.05310063,-2.694566920,223096431.52335552,-1.204387540,393936270.05320939
-2.820748280,193760942.11265014,-1.202509430,456483140.05264691,-2.926227880,165494722.0037674
-1.213856350,503988760.05180613,-3.058519910,254196281.33102291,-1.23669980,526970880.05356272
-3.110905890,37463687,-0.11970534,-1.240786790,519359770.05597168,-3.109308470
50423605,-1.99725054,-1.218912680,495034710.05841595,-3.063151660,62175235
-3.7232219,-1.193396840,455786960.06113814,-3.038495950,66398211,-4.19849004
-1.194799240,429522470.0626511,-3.088988370,6572441,-2.91073562,-1.22832350
439080030.06320815,-3.216903480,61886476,-1.33434764,-1.292810710,475216490.06314509
-3.468182310,693479930.42729906,-1.378649580,525841340.06510836,-3.753831050,826991621.72874563
-1.452214760,576547260.06884838,-4.003989430,980104562.33245111,-1.504608860,618337870.07280238
-4.199594561,134063471.78383307,-1.522016880,645189890.07627839,-4.313902471,28855460.34814549
-1.501206080,647482260.08051798,-4.365437751,44619121,-1.40122324,-1.455980840
625078470.08494769,-4.341362281,58695185,-3.23651337,-1.399393440,580527260.08923739
-4.337995681,70983952,-4.5383344,-1.339003980,555087160.09299071,-4.411617921
72386008,-3.7642515,-1.324009230,562970670.0948273,-4.53974711,7217644
-2.11455978,-1.322547720,597501050.09641104,-4.667081791,68436829,-0.1533392
-1.345304540,638510940.09678224,-4.77861491,649844051.12662755,-1.365259680,67467230.09649508
-4.886418331,653999011.3455724,-1.356731970,709885150.09584079,-4.939578841,692660370.64801015
-1.329035410,723372470.09598389,-4.915451081,76306758,-0.74676303,-1.294308880
706739180.09667558,-4.859212621,84596993,-2.35679513,-1.255215030,674529180.09764007
-4.813561281,92408435,-4.12249008,-1.201591080,659282010.09834541,-4.823782741
94248914,-4.51339191,-1.1791770,673611260.09808879,-4.952214391,92544589
-2.9864776,-1.179952780,729606710.09770958,-5.07495611,86828967,-1.41520485
-1.19435230,786970170.09679978,-5.150683241,84836485,-0.62143066,-1.204454810
827417270.09630264,-5.15981960e+001,81331896e+002,51163309e-03,-1.22695541e+008,40706804e-019
60164419e-02,-5.108706031,766077830.47708094,-1.261250370,828135040.09570125,-5.032254591
747942120.50304535,-1.280694050,802960250.09613092,-4.90285911,722951710.03188209,-1.304228980
758323930.09614721,-4.703718351,69949646,-0.29896278,-1.344351980,677475520.09418159
-4.368471981,69966503,-0.52024666,-1.402053240,535773480.09301453,-4.362295981
70154545,-1.22407473,-1.395293590,545886430.09108448,-4.526205071,64602907
-1.04113271,-1.399404520,63648550.08890306,-4.705434931,57569804,-0.12721116
-1.432018110,721443130.08679343,-4.801119181,531642380.91996939,-1.480204620,760754760.08644683
-4.839121951,536409271.15077354,-1.505255420,770745780.08740508,-4.826174851,563374390.57573476
-1.509250430,761006190.08874496,-4.763260661,59556453,-0.39387713,-1.508034030
72861090.0899447,-4.689426791,61895961,-1.23429909,-1.511214480,692327940.09066661
-4.660290041,61060555,-1.61988909,-1.523067010,682901660.0904874,-4.719236281
58253283,-1.09494284,-1.560381370,709062690.08970483,-4.897275281,578677490.98921132
-1.634246770,76327430.09040476,-5.17641491,678759762.86119321,-1.71465720,829026940.09389604
-5.471237351,825740243.99934724,-1.776056040,889912180.09893608,-5.725362082,007798213.65069441
-1.796169590,946309740.10358129,-5.926481492,203855152.17909756,-1.786637460,983589460.10799628
-5.995508482,3897742,-0.06037047,-1.759074310,969183160.11208098,-5.842383692
65492618,-2.52063931,-1.719187290,844854820.11842494,-5.794438852,93854339
-5.21783976,-1.621231540,781494310.12756744,-5.967280532,99893694,-4.99394583
-1.582990550,842508550.13134101,-6.225974132,89612139,-2.28777155,-1.616685330
949381620.12964959,-6.447513122,730136870.98263756,-1.680325191,048508570.1277819,-6.612035052
618702892.8926235,-1.716049411,130086530.12704407,-6.717343572,571489053.19321774,-1.719502751
187354090.12676952,-6.731818712,585661471.8215444,-1.695686621,203502090.12868655,-6.567841922
72219528,-0.59377428,-1.658044591,111464650.13039555,-6.502293122,89876259
-3.16908959,-1.574767221,056106390.13571428,-6.6378762,93236575,-3.80713398
-1.523941871,115494970.13934238,-6.779961692,87772608,-3.31179739,-1.515302511
185589880.14040358,-6.911686392,79127315,-1.5447631,-1.543329861,250976180.1403625
-7.03427152,719241440.68350538,-1.577021631,307628890.14001065,-7.142879672,650223381.89885625
-1.596939361,370078790.13994178,-7.235633842,619694211.89789798,-1.598859411,426848230.14060617
-7.307234172,675635170.58625421,-1.580115761,461666160.1448984,-7.204378662,81765089
-1.0237433,-1.567549961,3935110.14649692,-7.125771142,97388156,-2.75754137
-1.520893211,340833580.15388369,-7.27722683,02601073,-3.08980818,-1.476054791
389306490.15920741,-7.41751213,0186395,-2.34196018,-1.466127111,434171640.16172078
-7.473042242,94054646,-0.99427945,-1.497573371,452131520.16281597,-7.488772462
809144080.56508086,-1.549199521,464203910.16404701,-7.515149522,698767821.58660552,-1.590912111
485258490.16411602,-7.556440872,628119731.71561134,-1.60872931,511655820.16533412,-7.613960912
642363610.76514392,-1.597633991,540872750.1680496,-7.666415882,71604496,-1.15364049
-1.552046641,562715770.17185152,-7.669146042,81543245,-2.98077635,-1.503570461
551844530.1760386,-7.611910512,90968784,-3.92012276,-1.480746831,500224190.17997351
-7.582240522,97938772,-3.12919346,-1.483161331,451104330.18278746,-7.610021643
01340343,-1.34928573,-1.499577481,424564420.18328016,-7.688026033,007729250.83935657
-1.527326671,432513960.18145832,-7.779250382,963150652.50214051,-1.556862771,462707130.17900358
-7.858894712,918708592.9575548,-1.573559711,50694510.17601679,-7.923416062,895881292.32294375
-1.571200011,547806180.17370305,-7.956038672,913680220.72590082,-1.541744571,58140190.17326624
-7.971236252,96956799,-1.49504194,-1.492739151,601874760.1744893,-7.949422593
05134035,-2.70940724,-1.459375811,584955760.17559382,-7.94490413,13390379
-3.29935825,-1.43262431,56473890.1757188,-8.014460693,20122267,-2.30448495
-1.42076351,566050210.1734415,-8.122405133,23658902,-0.69191767,-1.425081931
590039720.16928538,-8.225548193,269138150.32974547,-1.422483351,621975290.1652985,-8.256971253
304413160.82626843,-1.421651231,627473370.16257262,-8.298981313,32903450.28634501,-1.405581241
649143470.15980923,-8.337642243,38161901,-0.79814272,-1.368928651,667773690.15944605
-8.320367393,47229259,-2.0795737,-1.322875141,658252880.16192073,-8.250175373
55965132,-2.929358,-1.285980771,619015740.16506742,-8.177038993,61740879
-2.72314335,-1.266720081,574738720.16789647,-8.139860013,63289846,-1.62775701
-1.268215161,547309680.169493,-8.104631853,61751116,-0.28638372,-1.285952391
523628360.16984667,-8.076204523,574650510.62782456,-1.30919481,515735330.16926514,-8.062486633
498593621.37843787,-1.339991221,521885830.16839151,-8.038818663,45419841.28496847,-1.357310681
532447550.16772008,-7.984337573,443135640.24353744,-1.350891871,528814250.16904801,-7.909768113
46098612,-0.77065851,-1.338573181,506278060.17171631,-7.823737923,52414224
-1.82073487,-1.315217591,470179780.17535532,-7.73939563,58135135,-2.32142692
-1.306288441,426909420.17819741,-7.704513853,61689544,-2.25693614,-1.305243851
403569960.17926098,-7.727143453,58405914,-1.17519413,-1.334874061,408151770.17699101
-7.782937733,483949080.44108223,-1.38954561,438671210.172762,-7.818665063,340581711.81370743
-1.473578961,473481180.16752437,-7.796650973,226543832.14122547,-1.537794611,491800480.16442479
-7.775685773,158518361.59144069,-1.571382041,506817030.16273238,-7.776492363,133595920.78569424
-1.58450851,526407440.16246041,-7.721865733,15336959,-0.52372198,-1.580558121
513130280.16385787,-7.6682273,22208453,-1.97631264,-1.550336521,491690710.16661394
-7.661943493,26541006,-2.42537473,-1.536809051,483631260.16764609,-7.711490943
25120829,-2.4365259,-1.534614831,513319350.16689628,-7.818181543,20358482
-2.01950483,-1.547705751,573978610.16469648,-8.039915353,21955742,-0.6849115
-1.58731741,651214420.16332335,-8.304710133,285144610.32799514,-1.607888711,737362620.16377839
-8.534370173,358072851.10467703,-1.615369121,810171930.16412977,-8.722212933,431509271.7071971
-1.609531411,864351530.1649188,-8.845788773,493609491.618437,-1.592482171,900854610.16561754
-8.914031863,585794160.38553894,-1.550810571,919639340.16739595,-8.987181483,66245646
-0.8350722,-1.503356791,944928970.1692966,-9.063622273,70452077,-1.70653652
-1.465567261,976172010.17029197,-9.152656513,70128853,-2.11168032,-1.445963072
021748640.16957855,-9.281415153,66380769,-1.25301861,-1.455512692,077050170.16728551
-9.423921783,62404271,-0.05797921,-1.477806082,135242720.16517748,-9.587910653
649912640.44276553,-1.487405862,18971680.16539592,-9.719019913,703648970.1146709,-1.478460162
232237690.167394,-9.810666283,79116479,-0.70318224,-1.451578422,254006510.17073386
-9.821221773,89927712,-1.67963264,-1.42122722,234146710.17464104,-9.8131764
01378829,-2.55242536,-1.385057062,197276780.17887964,-9.795676284,12503461
-2.85634547,-1.356983692,1575040.18260588,-9.803625274,18702692,-1.67060694
-1.364080592,123011060.18397434,-9.857428914,209334110.19436831,-1.387405672,116540480.18355829
-9.941829634,199130671.80407078,-1.412468182,14152010.18176686,-10.022267864,182051992.59531205
-1.425292442,178267940.18022597,-10.064230794,19243751.99468807,-1.411257992,213942360.18045097
-10.03308394,238266030.46429511,-1.379404682,214164480.18234603,-9.9518854,30661275
-1.5719868,-1.339238652,187063720.18552669,-9.892380944,39332587,-3.60255164
-1.287760672,165182080.18832682,-9.87807934,44273054,-4.12108447,-1.269020522
157218340.19018809,-9.893434674,44542233,-2.64641078,-1.297518932,151603720.18975291
-9.962922924,39711101,-0.6838632,-1.339120132,178721050.18691987,-10.061790244
316672091.24450801,-1.386988952,228968160.18295542,-10.197807974,233758822.73743824,-1.425739192
304596910.17810533,-10.341242864,174109413.03609955,-1.432564662,388690840.17500451,-10.452748134
170615782.43673222,-1.42401182,447514170.17253974,-10.511291814,21138720.88477347,-1.39812832
473871030.17107531,-10.536789534,25417218,-0.7271068,-1.370306332,475142510.17084541
-10.589806414,28222348,-1.74366283,-1.344122792,483537560.17146347,-10.67050274
29700413,-1.5823451,-1.33222762,503238280.17175573,-10.77210164,27729744
-0.99224465,-1.336083192,540990.17046088,-10.923475944,25987194,-0.22922216
-1.351262532,601863640.16893807,-11.165649744,309849360.54913614,-1.368218862,679519490.16956399
-11.41459024,409538961.09596138,-1.374885992,751939860.17155611,-11.612347024,538815830.89740722
-1.35451572,807909920.17402032,-11.702910474,67230793,-0.37971409,-1.312779432
823625030.17824883,-11.696439274,84824305,-2.2212242,-1.249682222,793073040.18510688
-11.618344695,0000246,-3.44085021,-1.20334152,731217280.19234859,-11.542603265
11257181,-3.23681005,-1.182830642,666433060.1986693,-11.504432185,17983828
-2.16226706,-1.17771512,622862180.20240482,-11.508256875,21440593,-1.06515647
-1.183024312,607302750.20471172,-11.609870315,19238665,-0.19608761,-1.195272712
656599010.20019053,-11.732414085,155542351.36247734,-1.219090722,709522790.19664986,-11.779135575
120780322.2838678,-1.246317732,736624150.19482123,-11.766295855,101775682.02567068,-1.254195442
745189310.1943727,-11.694337165,106476490.92439267,-1.245837892,726039630.19578964,-11.628035185
11341317,-0.27466102,-1.232735462,709746660.19771045,-11.552090935,1038426
-1.51359652,-1.227272572,692014540.19808539,-11.513101545,06524607,-1.62437939
-1.243888072,685422180.19779836,-11.501837975,00396782,-0.82139446,-1.286018672
692211750.19532119,-11.589779084,903005831.00324508,-1.355507122,735673280.18914536,-11.811451554
987074932.11464448,-1.446924342,78539070.18825815,-12.05905635,153935362.07111316,-1.499727152
841925370.19058485,-12.29195885,357515241.75029041,-1.552995242,879177060.19517702,-12.420014425
538565790.88668275,-1.58130252,883485820.19995407,-12.440321795,69159496,-0.59825934
-1.586131172,854216470.20441302,-12.419899535,78979959,-1.80522932,-1.590154222
82082780.20907164,-12.417874425,84450267,-2.04593772,-1.601824732,801643250.21247869
-12.445044735,83253292,-1.01342106,-1.638831542,807637770.2130158,-12.562136295
79662210.79170138,-1.692624372,850297680.2123098,-12.770709315,855558822.18488188,-1.73846372
916424750.21348917,-13.042479345,993406712.64841187,-1.760721392,995683960.21614687,-13.306988096
187796521.99928434,-1.75117893,072159960.21879399,-13.494111386,366684140.32875652,-1.70865933
128145030.22322504,-13.619678326,55354023,-1.53937515,-1.648859313,152534510.22872666
-13.673369276,70896487,-3.11789388,-1.596307863,143191420.23455528,-13.704825636
81243951,-3.60428508,-1.567705193,133649070.23965262,-13.740428836,88393784
-3.3712632,-1.555661643,126160230.2436592,-13.81735016,9022634,-2.04921936
-1.561210353,137174570.24556634,-13.929265636,94225519,-0.8106032,-1.557029883
159334040.244037,-14.026793956,973497170.18370428,-1.554048243,176925890.24212295,-14.105557877
001995910.74365175,-1.544160473,194797690.24076561,-14.164047636,997555041.18302846,-1.543101363
21243990.23933996,-14.200952956,995960121.45563011,-1.546068993,227789690.23708196,-14.228991216
973207151.41647437,-1.54784883,242841820.23560811,-14.262870496,950283951.43722738,-1.549671823
26431260.23389699,-14.300669336,927354051.47704567,-1.550494033,285924810.23264126,-14.334036966
914175561.54570861,-1.551258553,306251850.23125332,-14.360276666,903531541.61905377,-1.552288763
322525690.2300537,-14.382914416,894813371.6460995,-1.552268373,333870640.22905995,-14.395510846
886222951.66309461,-1.551917763,340641410.22897284,-14.401162516,89080811.6798407,-1.552171163
342056350.22834385,-14.401788446,889786841.65096213,-1.551590493,340148820.22834729,-14.398908186
89325391.59591599,-1.550117723,338190340.22836946,-14.397410246,895719071.59685191,-1.550161033
336736250.22836428,-14.401705556,89855521.54412078,-1.54872573,33509240.22812147,-14.39667156
9042461.49046531,-1.546908313,334135970.22806033,-14.398633486,901833691.46914583,-1.546307813
333203130.22824683,-14.396704296,9087851851.4569783,-1.54563983,332364020.2281612,-14.397639326
9064943251.45100922,-1.545567833,33123060.22835433,-14.396092466,9078011151.42672515,-1.544749453
330346650.22840034,-14.396038086,9099762451.4096213,-1.544265343,329752160.22861621,-14.395712046
9147357351.40247563,-1.543877053,329374510.2284734,-14.39720776,9169727251.40646883,-1.544056053
328639030.22852441,-14.396696386,9111386851.39579239,-1.54367933,327989040.22886241,-14.39396126
9178372451.37500972,-1.54310213,327578740.22867497,-14.390763776,9217035451.36756301,-1.542508213
327231880.22860817,-14.392784596,9175365951.37426137,-1.542932823,326532470.22887146,-14.391722516
9186482751.374107,-1.542734573,326076370.2289829,-14.389755296,9212407981.35336216,-1.541923773
325801540.22914797,-14.391924936,9238247181.35657414,-1.541960673,325353760.22902423,-14.393824756
9239860681.36221777,-1.542148523,324881910.22897939,-14.393191496,9230686181.34151544,-1.541752773
324611590.2290049,-14.391028786,927447281.33281176,-1.541307623,324739010.22893243,-14.393971376
9221042681.36105742,-1.542013063,324731770.22919707,-14.392882716,9227009781.35555376,-1.541885773
324632430.22905923,-14.391931856,9229686681.32813408,-1.541105893,324725280.22907581,-14.393810616
9275520881.3374345,-1.541349113,324775080.22876807,-14.377702096,9774244779.78881974,-1.506296943
330514620.22697648,-14.191228487,1312278670.50424679,-1.356841283,294668190.22668326,-14.048766887
363624559.62422275,-1.166440963,274072370.22576142,-13.924175167,5996617654.25821063,-1.066021773
181063130.21723525,-13.795553857,8064120150.10170227,-0.984116763,085556140.21149757,-13.685470537
9354377647.36467555,-0.937430563,006105440.20868931,-13.506276847,9628157346.17247454,-0.962112792
908596970.20480892,-13.261353247,9825195445.66332651,-1.003579942,766638090.20461728,-12.263492577
9612498942.90662504,-0.942092762,363548220.20787811,-9.980335737,1021485438.5754304,-0.755813721
794302990.18420062,-7.766554366,1048562634.90881618,-0.578425821,299196910.15560796,-5.94022565
2458768432.02961749,-0.430394170,905231160.13037814,-4.641350624,6336500930.01631351,-0.325807270
629715050.11221447,-3.70332764,1684738628.62184322,-0.250577280,436474560.09830423,-3.073792783
8522331627.73486332,-0.2022570,309244580.08893348,-2.594826883,602494227.08884994,-0.165373610
216968230.0812077,-2.273896633,4425938326.66088756,-0.140698040,157055160.07621355,-2.055589753
3240798826.37964445,-0.124412540,11641670.07251921,-1.883396513,2393162626.18244982,-0.113786420
086318330.06989181,-1.776256923,1809074326.04699363,-0.106490560,067567160.06798375,-1.689298023
1384136725.95171391,-0.102410150,053030970.06670321,-1.635228993,1188662325.86886025,-0.097702410
045364230.06582302,-1.58592943,1038581925.80779417,-0.095310670,038701580.06520885,-1.554787623
0922902725.76505682,-0.09401030,034436870.06469982,-1.532088553,084741525.72587217,-0.092253260
032750050.06425631,-1.497223753,069305925.70032156,-0.092153210,029161290.06374262,-1.477240123
0547747525.68220731,-0.091534050,028222320.0632475,-1.452992183,0445895325.66388001,-0.091898130
026248150.06301631,-1.445703243,0432221125.64179423,-0.09080720,026986190.06266824,-1.42399365e+003
03760136e+002,56166841e+01,-9.15012412e-022,54038186e-026,25458469e-02,-1.416838523
0385185925.59362003,-0.090548210,02592880.06242969,-1.393883043,010523825.59629224,-0.091090520
025634380.06175145,-1.371317222,9973343725.59144406,-0.08951050,026106220.06099418,-1.34461491e+002
96675728e+002,56108769e+01,-9.08431551e-022,50937569e-026,03282487e-02,-1.33133922e+002
96177960e+002,55744975e+01,-8.97477054e-022,54205160e-026,00409014e-02,-1.32177281e+002
94834220e+002,55837288e+01,-9.05309469e-022,55748106e-025,97283180e-02,-1.312420962
9467873425.55046863,-0.089764930,025794750.0595842,-1.306223692,9431763425.54033335,-0.089626560
026241520.05956169,-1.294962622,9437520925.51680688,-0.089355860,025665080.0594969,-1.294221232
9425798725.50651162,-0.089323330,026963790.05935965,-1.285948852,9417683425.49187085,-0.089373130
026288070.05942558,-1.286124742,9417542725.47438682,-0.089154350,027116840.05936685,-1.280652592
9437990125.46110466,-0.089041560,026756140.05933632,-1.282892222,9431114225.44846084,-0.088868110
027344870.05936507,-1.279332652,9413401425.44385343,-0.08920640,027417990.05932356,-1.274789332
9459985825.41748832,-0.088502330,027478390.05941283,-1.274228072,94538811,-4.58804045
-0.088629820,027758530.05935674,-1.273318232,94406062,-4.59343644,-0.088850640
028089930.05932125,-1.271742382,94544487,-4.60376612,-0.088459650,028401280.05937087
-1.267554012,9465871,-4.61586257,-0.088334180,028110140.05942622,-1.269106282
94662925,-4.62121012,-0.088316470,028809980.05938273,-1.265520172,94879888
-4.62749771,-0.088370020,028782220.05940739,-1.265041792,94971815,-4.63169056
-0.088318280,029063880.05945282,-1.261871872,9548516,-4.64218543,-0.088032780
02895250.05949971,-1.262719082,95140464,-4.64393825,-0.08811730,029379010.05946914
-1.261067572,95024022,-4.64842262,-0.088281710,029584560.05936352,-1.258807112
9526981,-4.66031103,-0.087977140,029366480.05936688,-1.259018392,95411039
-4.66794861,-0.087817850,029501670.0593893,-1.257483972,95193829,-4.66929903
-0.088025830,02949850.05939582,-1.258000442,95238798,-4.67127179,-0.088139080
029887130.05937072,-1.255188372,95344851,-4.67852131,-0.087873640,029729870.05941027
-1.252438942,95284283,-4.68353951,-0.087800580,029899420.05940368,-1.253207122
95196231,-4.6817704,-0.08803030,030399670.05933846,-1.250112592,95668238
-4.6904241,-0.087720760,029940280.0593774,-1.249741542,9571584,-4.69059312
-0.087734370,030043470.05936754,-1.250654652,95689055,-4.69174922,-0.087791470
030101160.0593669,-1.246631562,95960102,-4.69807524,-0.087566630,03023160.059376
-1.244757412,95985383,-4.6969782,-0.087716380,030239490.05936585,-1.243310772
96127455,-4.70485988,-0.08744750,030273210.05941815,-1.244823332,95975947
-4.70521635,-0.087456720,030321640.05942487,-1.241639582,95840248,-4.70716308
-0.087495740,030334820.05945881,-1.241688912,95791463,-4.70745665,-0.087496780
030338440.05945543,-1.24167222,95827877,-4.70723223,-0.087498550,030331470.05945638
-1.24167612,95822298,-4.70726626,-0.087498490,030332180.0594561,-1.240066332
96034292,-4.71131496,-0.087467770,030454410.05936801,-1.240170772,9601312
-4.7114205,-0.08747130,030449720.05936522,-1.240149512,95984276,-4.71160731
-0.087469170,0304570.05936462,-1.240086962,96011975,-4.71144975,-0.087467550
030457160.05936692,-1.239216722,96243252,-4.71469518,-0.087325730,030220330.05929908
-1.239176432,96250368,-4.71466106,-0.087325410,030220690.05929936,-1.242119112
9614992,-4.71487112,-0.087257250,030791550.05928911,-1.242005082,96162892
-4.71481968,-0.087260280,030787510.05928675,-1.237555392,96078064,-4.71803049
-0.087403350,030164170.05934414,-1.237399832,96063118,-4.71816508,-0.087401290
030172190.0593431,-1.237610162,9606472,-4.71809986,-0.087401070,030168280.05934541
-1.237659792,9605205,-4.71816635,-0.087401290,030168580.05934492,-1.237531782
96098518,-4.71790832,-0.087402040,030164050.05934612,-1.240442492,97148256
-4.70903121,-0.086971490,030450450.0593148,-1.238374862,97238653,-4.71033715
-0.087008320,030136770.05934383,-1.242577582,96997258,-4.70278933,-0.087218810
030481720.05927317,-1.239010332,97116171,-4.70917754,-0.087049570,030026560.05935818
-1.240159592,97274721,-4.71101266,-0.086830720,030227670.05940575,-1.23954932
97282227,-4.7109275,-0.086828870,030115480.05938855,-1.240729472,97060956
-4.70134235,-0.087160,030266980.05928259,-1.240855962,97233813,-4.70400281
-0.087000550,030061910.0592606,-1.238970072,97393088,-4.70084612,-0.086960910
03024130.05921559,-1.236483632,97332635,-4.69944997,-0.086956920,030003210.05924692
-1.237944272,97136304,-4.69019791,-0.087272440,030340820.05922274,-1.237278412
97356521,-4.69208926,-0.087113750,030015290.05923986,-1.23787632,97664307
-4.69252235,-0.086867540,030252530.05930654,-1.237452342,97248951,-4.68744385
-0.087074320,030066910.05929726,-1.238129712,97169576,-4.683619,-0.087308980
030025390.05926138,-1.238156192,97599328,-4.68769947,-0.086968840,030099550.05924353
-1.237262952,97830921,-4.68690133,-0.08695280,029942520.05924357,-1.237847152
97681721,-4.68007262,-0.087231530,029986920.05918753,-1.237392632,97739206
-4.67789471,-0.087234950,030004290.05914442,-1.2381942,9790504,-4.68425077
-0.086909030,030032750.05920619,-1.237118052,97859541,-4.67930695,-0.086996140
029729220.05928739,-1.238200532,97567243,-4.67263579,-0.087208680,029881690.05924252
-1.238624912,97882188,-4.6728517,-0.086919080,029864190.05929024,-1.239021152
97966663,-4.67054943,-0.086962220,029765420.05928229,-1.239504892,97633169
-4.66605429,-0.086986420,029735070.05920937,-1.24049922,97756986,-4.66895498
-0.086725510,029589930.05924547,-1.239321112,97379789,-4.65581123,-0.087166690
029581590.05929577,-1.240949262,97496898,-4.65974355,-0.086903960,029588410.05925575
-1.239494632,97804544,-4.65752284,-0.086746980,029349920.05927323,-1.24277342
97496348,-4.64996756,-0.087108530,029554020.05921457,-1.241995362,97432318
-4.64694298,-0.087205960,029401220.05930304,-1.243970392,97448058,-4.65339114
-0.086725520,029390860.0593605,-1.242863882,97449059,-4.65301707,-0.086731330
028970310.05933154,-1.243603532,97305397,-4.6464717,-0.087005920,029158320.05931042
-1.246066032,97407136,-4.64577369,-0.086916680,02924670.05925638,-1.244121632
9749287,-4.64754564,-0.086793180,028951460.05930941,-1.246213232,97540333
-4.6444646,-0.086783450,028964630.05928581,-1.248642482,97399468,-4.63889657
-0.087003860,029272430.05921759,-1.248523962,97638723,-4.63858598,-0.087066110
029071130.05916713,-1.247184762,97887781,-4.64212084,-0.086791520,028758940.05916468
-1.248071342,9773413,-4.64241221,-0.086819380,028965230.05916042,-1.250206882
97363625,-4.63369717,-0.087088950,02926880.05914042,-1.245809612,97901689
-4.63948058,-0.086905740,02853540.05917121,-1.250093252,97981874,-4.63980953
-0.086652230,029113460.05923268,-1.244843182,97792709,-4.63397677,-0.087022070
028514560.05926514,-1.249789152,97630072,-4.63211461,-0.086880710,029401150.05920408
-1.24632292,98061888,-4.63703046,-0.086744360,028398850.05926674,-1.25053152
98035551,-4.63459998,-0.086634530,029083750.05913151,-1.248694032,97836816
-4.62950916,-0.086971860,028459660.05908479,-1.251858892,97754173,-4.62710393
-0.08688290,02887930.05905073,-1.253472942,98337189,-4.64174586,-0.085969850
029210220.05914956,-1.24686052,9813848,-4.62813733,-0.086613750,027869950.05917257
-1.253782812,9771111,-4.62034127,-0.08695590,029302080.05913316,-1.246964382
97768187,-4.62399124,-0.086668160,028372190.05921116,-1.252358962,97742313
-4.62220232,-0.08664890,029148530.05915541,-1.250266932,97680814,-4.61900737
-0.086835040,028800510.05912044,-1.248885242,97441469,-4.61447534,-0.08705160
028379010.05909247,-1.25199062,97769705,-4.62043167,-0.08672430,028986450.05904313
-1.246683262,9793002,-4.61795238,-0.086849040,028056640.05910725,-1.252375922
97928409,-4.62054178,-0.086440470,028878480.05909307,-1.249787092,97722155
-4.60891444,-0.08697710,028439510.05909774,-1.253169382,98164529,-4.62159312
-0.08625760,029214650.0591561,-1.250435252,98213845,-4.6111091,-0.086664270
028382730.05915963,-1.252014762,98170101,-4.61598445,-0.086568090,028680620.05915438
-1.250493672,98279926,-4.61034851,-0.086618640,028340410.05908764,-1.25276982
98200801,-4.60393021,-0.086815830,028400380.05914257,-1.252638552,98441271
-4.61174326,-0.086294570,028709310.05909326,-1.251709242,983127,-4.60416824
-0.086662010,028485430.05911675,-1.251189892,98626725,-4.61070168,-0.086455240
028322220.05913941,-1.25449842,98367858,-4.59808766,-0.0867870,028566850.05907991
-1.251716772,98648374,-4.60437685,-0.086373360,028229080.05913438,-1.25276922
98319375,-4.59786806,-0.08665010,028603870.05910484,-1.252091152,98299856
-4.60131771,-0.086605450,028070020.05917027,-1.256052492,9841949,-4.60282986
-0.086242320,028600510.05917316,-1.25001822,9834359,-4.59914921,-0.086415550
027854250.05913384,-1.254830822,98493846,-4.60120855,-0.086251630,028393750.05910861
-1.253515442,98597981,-4.59744093,-0.086288780,028207520.05911739,-1.254666732
98556025,-4.60000844,-0.086188330,028328580.05912086,-1.252592042,98624674
-4.59243361,-0.086429020,027984640.05910632,-1.254577872,98951995,-4.59315615
-0.086202070,028271540.0590749,-1.255349372,9855546,-4.58570618,-0.086468780
028321140.05906755,-1.253247762,98846187,-4.59148397,-0.086147260,028162630.05909818
-1.252930192,98847822,-4.58775035,-0.086273370,028037450.05912464,-1.253254062
98934373,-4.58655491,-0.086321840,027946840.05904627,-1.255422942,98852388
-4.57938453,-0.086537680,02811690.05900893,-1.256501582,99283109,-4.58234169
-0.086230950,027948390.05904076,-1.255864632,99145813,-4.58234534,-0.086345050
027878140.0590071,-1.257371862,99368539,-4.58035219,-0.086307050,027736580.05901427
-1.255141382,99059778,-4.57577998,-0.086420130,027585340.05899427,-1.256841572
98639317,-4.56634392,-0.08685710,028191080.05889161,-1.247477862,99557143
-4.58572263,-0.086012870,026861420.05906173,-1.253771762,99232017,-4.57533191
-0.086318860,027844340.05897596,-1.251694342,9875851,-4.56864328,-0.08688860
027500510.05897793,-1.253989232,99569857,-4.58577701,-0.0858010,028050470.0589932
-1.247960932,99449721,-4.57354649,-0.086548170,026777860.05892289,-1.257798392
99030249,-4.574831,-0.08651760,027942560.05890247,-1.254020462,992518
-4.57773606,-0.086341820,027071510.05893421,-1.257125932,98955644,-4.57367604
-0.086469970,027615710.05896475,-1.255516242,99110978,-4.57790747,-0.086401530
027487130.05899741,-1.25718342,98738928,-4.5665676,-0.086720340,027676480.05896193
-1.259687572,99040459,-4.57227158,-0.086549050,027574570.05893938,-1.256997542
99357666,-4.57046091,-0.086546560,027195440.05888563,-1.258595982,99271925
-4.57253842,-0.086654290,027600490.05885908,-1.256511832,99407787,-4.57329243
-0.086446680,027392560.05893973,-1.257586052,99317779,-4.57111809,-0.086469430
027312950.05890886,-1.257949342,99298346,-4.57207339,-0.086550380,027368390.05886222
-1.25740352,99248643,-4.56928705,-0.086697810,027334890.05886343,-1.257638312
99253353,-4.56718364,-0.086793570,027291660.05882264,-1.255288722,99637991
-4.57104579,-0.086448550,027149580.05888114,-1.25659162,99527094,-4.56605981
-0.086617130,027360070.05887007,-1.257513172,99488847,-4.56054348,-0.086892660
027297780.05886606,-1.256026022,99803671,-4.56410911,-0.086688090,027356980.05891526
-1.255010182,99766614,-4.56008164,-0.086735690,027221870.05890293,-1.253160362
99972,-4.55974654,-0.086674170,027063680.05888102,-1.255208152,99878062
-4.55614292,-0.086907780,027064630.05886728,-1.255989012,99948266,-4.55675123
-0.086801390,027636550.05883748,-1.250363443,00487127,-4.56255785,-0.086434420
026830940.05897142,-1.252889773,00065517,-4.55551292,-0.086893220,027249290.05888025
-1.251012763,00167871,-4.56010308,-0.086596780,027166450.05882018,-1.252811393
00360843,-4.56157471,-0.086549590,027187690.05880167,-1.252391813,00522929
-4.56167781,-0.086589320,026925280.05886196,-1.252853493,00560899,-4.55735352
-0.086515880,027268570.05890342,-1.252706993,0034385,-4.55280302,-0.086837570
02709380.05890217,-1.253763673,00756568,-4.55919433,-0.086335470,027493220.05894199
-1.25004633,00888077,-4.55552356,-0.086387880,026935080.05893683,-1.252354573
00718495,-4.55112193,-0.086674380,027447760.05890392,-1.251942693,00936523
-4.55226852,-0.086506110,02723520.05892376,-1.251559343,01218236,-4.55412164
-0.086463780,027330160.05894595,-1.250603263,01362288,-4.55636049,-0.086350050
027159460.05900071,-1.251384663,01252696,-4.55354904,-0.086510340,027325250.05893005