0.15307201252060507, -0.28827938203607584, 0.5850574778328539, 1.15493939862498, 0.9425885179085681, 0.1727535183361379
0.15307476548417687, -0.2882730634035457, 0.5850695168046331, 1.1548893122300459, 0.9425942072180049, 0.1727935823535213
0.1530710138869877, -0.2882663269950065, 0.5850797258466232, 1.1548573196023748, 0.9425759298268175, 0.17278833989136358
0.1530806483842441, -0.28828429024661684, 0.5850612126703105, 1.1549276298202473, 0.9426039091792054, 0.17277128322407864
0.1530689675446899, -0.2882719452465114, 0.5850676927583781, 1.1549013846226466, 0.9425779158187942, 0.1727572245445322
0.1530621453153246, -0.28827914951446965, 0.5850703811567216, 1.1549029937893072, 0.9425565405944146, 0.17273840166718038
0.15308801100259228, -0.28827843829781263, 0.5850527936511973, 1.15488399690345, 0.9426385530859211, 0.17278985226843604
0.15308593509860996, -0.2882840559289319, 0.5850547637960424, 1.154951674882533, 0.9426135273412285, 0.17279794639544468
0.15306211102728717, -0.28827559244508344, 0.5850583600758053, 1.1548887119470097, 0.9425907020647171, 0.1726990664286083
0.15309335293758342, -0.28827960070028996, 0.5850649307257411, 1.1548993778337413, 0.9426029280891206, 0.17283085086882563
0.1530792225966878, -0.28830249313030376, 0.5850558779200357, 1.1549553908748753, 0.9426049592367168, 0.17271042279168589
0.15306186991254858, -0.28827759438839606, 0.585070614562893, 1.1549289744991775, 0.9425813160422066, 0.1727536204257184
0.1530733781761799, -0.2882744732618558, 0.5850694877455501, 1.1549190597877932, 0.9425588124109981, 0.1728048214139465
0.15307613401704745, -0.2882733547248971, 0.5850601404596681, 1.154890319121908, 0.942592009762738, 0.1727567626154382
0.1530768491315715, -0.2882761502235529, 0.5850528361250327, 1.154927655068528, 0.9426039548833536, 0.17279048947835934
0.15305411949354147, -0.2882687013047597, 0.58508406575677, 1.154880092902419, 0.9425105193283461, 0.17276323597031393
0.15306942785138072, -0.28826974252314486, 0.5850732771492159, 1.154898012676984, 0.9425647294874204, 0.17280537799426637
0.15307756854502397, -0.2882755048793807, 0.5850675197768487, 1.1548925618452246, 0.9425728150033543, 0.1728140098751665
0.153070591630349, -0.2882720296609743, 0.5850621520181473, 1.1549157268055157, 0.9425800984035331, 0.17278418270974585
0.1530838842540807, -0.2882809646626859, 0.5850527791970105, 1.1549072239040485, 0.9426104167296074, 0.1727907993201873
0.1530603242662374, -0.28826925266234016, 0.5850720706646813, 1.154895263908468, 0.9425483573859519, 0.17275958821820728
0.15307692004417128, -0.28828108506115224, 0.5850743236112168, 1.1548978062815562, 0.9425646895053571, 0.17278575962262635
0.15306926478316552, -0.28826348698287424, 0.5850814470137234, 1.1548544902387279, 0.9425988408466713, 0.1727863967510894
0.15307753349436964, -0.28827543897371677, 0.5850575214886418, 1.154909894465625, 0.9426249936509987, 0.1727803093734338
0.15309097931203974, -0.28828231753227, 0.5850585556575425, 1.1549430987788323, 0.9426431498360925, 0.172805672049196
0.15306968639191876, -0.2882747357318631, 0.5850557265074122, 1.1548976305802026, 0.942637045310678, 0.1727230870873564
0.1530527058881551, -0.28826133903492956, 0.5850794157576912, 1.1548563656393926, 0.9425017791196262, 0.17279389312035456
0.1530802511317022, -0.2882708236262178, 0.5850694877455501, 1.1548848218155399, 0.9425999127972962, 0.17278537740716457
0.15307273616866207, -0.28826516425669857, 0.5850647954759383, 1.1548807908759973, 0.9426235684290898, 0.17280132760501218
0.153055258890618, -0.2882657225318998, 0.5850703338300831, 1.1548938020356774, 0.9425501500181448, 0.17279625486144404
0.15308957214300536, -0.28829203883135457, 0.5850539526285569, 1.154933506580069, 0.942633471157301, 0.17274931795908968
0.15307506253872563, -0.2882781174105324, 0.5850573025262444, 1.1548891017502607, 0.9425939695566423, 0.17277396161795133
0.1530807865698809, -0.2882808780241067, 0.5850537173673793, 1.154919461027348, 0.942631763997205, 0.17274172322991319
0.1530770197089274, -0.288268883516151, 0.5850613109349362, 1.1549009083618424, 0.9426178157170348, 0.1728193686806663
0.15307776325130362, -0.28827694015679783, 0.5850519515011471, 1.1549364558585073, 0.9426119872145614, 0.1727893477360264
0.1530743702422387, -0.288282330139162, 0.5850639637284606, 1.1549328248613684, 0.9425978503800732, 0.17278035087423055
0.15308135823059382, -0.28828358462314235, 0.585056556504898, 1.154939112633013, 0.9425912090487402, 0.1728092012997226
0.15308053891440673, -0.28829289089582544, 0.5850426510886446, 1.1549805543225633, 0.9425765684189825, 0.1727516737163819
0.15305527175697, -0.2882657254526368, 0.5850656630659655, 1.154882039440383, 0.9425637021340972, 0.17277669944587384
0.15308203413935315, -0.2882793740902444, 0.585059227985451, 1.1548953564996487, 0.9425875693401815, 0.17280283095719515
0.15306943157618313, -0.2882697375438944, 0.5850686152307427, 1.154886161874686, 0.9425782013056847, 0.17278583407636114
0.1530842409237428, -0.28828255703449607, 0.5850463982510109, 1.154957494803057, 0.9426431660606667, 0.17277611598118262
0.15307364665198261, -0.2882760353187681, 0.5850692540453292, 1.1549047877052827, 0.9425205304207057, 0.17280876658152325
0.153059648498647, -0.28827346301052853, 0.5850693992787067, 1.1549154893008264, 0.9425791288341945, 0.17272707040149143
0.1530680692755842, -0.2882746443423085, 0.5850612674243307, 1.1549182910381843, 0.9425945100420365, 0.17275416389138823
0.15308422313485376, -0.2882790531384551, 0.5850537173673793, 1.1549374633136267, 0.9426118189412114, 0.1727900437151036
0.15306999836018365, -0.288279862874813, 0.5850675051748843, 1.1548919060868779, 0.9425713974484602, 0.17275672880324938
0.15306873764433393, -0.28827044394116563, 0.5850732626907076, 1.154898120803278, 0.9425640599382558, 0.1727866887735412
0.15305554444370034, -0.2882771140971623, 0.5850732771492159, 1.154908112303564, 0.9425498050289262, 0.17274704571807822
0.15305888851016786, -0.2882737151542299, 0.5850788470672985, 1.1548993360546047, 0.9425431492031447, 0.17278671306466087
0.15307960493366188, -0.2882750870262538, 0.5850721614806667, 1.1548875407351302, 0.9425783314119657, 0.17278647226775487
0.15307768158138627, -0.28826987845746366, 0.5850612528224621, 1.1549139880591448, 0.9426013560921137, 0.1727837067412268
0.15308330900609834, -0.2882782632164226, 0.5850546019911527, 1.154946252367367, 0.9425835050211054, 0.1728202549649519
0.1530732087311612, -0.28827653180696844, 0.5850684131753086, 1.1548773199920397, 0.942571215700615, 0.17278609298026207
0.1530786012469466, -0.28828990822042305, 0.5850491793257696, 1.1549716947933446, 0.9426058944036676, 0.17274016721643182
0.15306763165344509, -0.2882633427636568, 0.5850676478388842, 1.1548984885877693, 0.9426015341259247, 0.1727932806472674
0.15305554444370034, -0.2882771140971623, 0.5850732771492159, 1.154908112303564, 0.9425498050289262, 0.17274704571807822
0.15306675132350175, -0.28827962175532285, 0.5850545851161614, 1.1549212992790483, 0.9425720233705415, 0.17273645067375654
0.15306230961903744, -0.28827192138875085, 0.5850937381009931, 1.1548527062034974, 0.9425248460467589, 0.1727913123824799
0.1530820048951267, -0.28829639520942135, 0.5850586000925743, 1.1549564068853706, 0.9426050909482668, 0.17273111339342537
0.15306814554774192, -0.2882698981444002, 0.5850638585228012, 1.154901533842559, 0.9426155621118254, 0.17274440300133767
0.15307481189233274, -0.2882818285811719, 0.58506014276317, 1.1549309689087712, 0.9425807842897387, 0.1727546017970284
0.1530807865698809, -0.2882808780241067, 0.5850537173673793, 1.1549252855871381, 0.9426250483034384, 0.17275134882655926
0.1530878567241694, -0.28828704103347336, 0.5850575682298335, 1.1549488528654974, 0.9425978743029664, 0.17279022042412706
0.15307433464906914, -0.28829234040599483, 0.5850546464846635, 1.1549653833434037, 0.9425387297273773, 0.172755321962456
0.1530727461950134, -0.28828224571976263, 0.5850695045037012, 1.1549301309326572, 0.9425822368035363, 0.1727726438616243
0.15306714232502056, -0.2882738514999572, 0.585066822782284, 1.1549094880876807, 0.942586490756709, 0.17275541682098802
0.15307148701031065, -0.2882728557410605, 0.5850808206024901, 1.1548893366945048, 0.942556018697275, 0.17278793357578986
0.15306772530642454, -0.28828397461754907, 0.5850563800413717, 1.154920973136245, 0.9425728645913343, 0.17273572640464957
0.15306950962990684, -0.28827680434932285, 0.5850639759140474, 1.1548970663899167, 0.9426023573110952, 0.1727723234254172
0.15306377355723744, -0.28826743093936746, 0.5850673999007399, 1.154889854169084, 0.9425553961447833, 0.1727691027971099
0.1530751942531469, -0.28827255904698745, 0.5850703665527153, 1.1549050440604471, 0.942556872790905, 0.17279701505905182
0.15307245116011736, -0.28827368038204826, 0.5850750430751412, 1.1549044325096025, 0.9425575088488999, 0.17279644873536215
0.1530751822684524, -0.2882672957365774, 0.5850630889580528, 1.1548773942444714, 0.9426083861068614, 0.17281203758781444
0.1530697803431889, -0.2882818001056529, 0.5850417543831153, 1.154937691178351, 0.9426273818138914, 0.17275768709647255
0.15306759038228074, -0.28826815467992095, 0.5850750550827057, 1.154891971216738, 0.9425351537667263, 0.17282692460914859
0.15307333462105926, -0.2882709082766713, 0.585057475497229, 1.1549105138785467, 0.942586178117138, 0.17277512310884793
0.15307412165979342, -0.2882825299741136, 0.5850601283049935, 1.1549370176415985, 0.9425732649912532, 0.17274573065637494
0.15307222066558862, -0.28827738433022027, 0.5850638887354165, 1.154928540865913, 0.9425644044995818, 0.17274770803902775
0.1530724548832139, -0.2882736754012353, 0.5850703811567216, 1.154898406047293, 0.9425642652533558, 0.17278653060646804
0.15307461855267918, -0.28828170490733207, 0.5850751790990626, 1.154901163622124, 0.9425415432174119, 0.1727690708743251
0.153071250774068, -0.28826782134227497, 0.5850741560867505, 1.1549014090694276, 0.9425427184253163, 0.1728265377731457
0.15306414077242342, -0.2882787049499829, 0.5850799069872021, 1.1549152954140092, 0.9425415487595804, 0.17274008388272208
0.15308157011539653, -0.2882815818018316, 0.5850583055005509, 1.1549223442564713, 0.9425737182394777, 0.17279366527560838
0.153065559654222, -0.28827726184546193, 0.5850557120518375, 1.1549207409891529, 0.9426090430220048, 0.172723841524768
0.15308398119961045, -0.28827405781826526, 0.5850619353862161, 1.1549026989427273, 0.9425798242522188, 0.17281417774043975
0.15307958270271638, -0.28827502400116567, 0.5850574924339504, 1.1549282893525121, 0.9426035008910874, 0.17279135515424565
0.15307725151724097, -0.28828749074046867, 0.585075341144853, 1.1549123499497245, 0.9425649252155578, 0.17275647614030545
0.15305888627708616, -0.2882619021496939, 0.5850860772718537, 1.1548658513608148, 0.9425467599273478, 0.1727808377101909
0.15306582446063371, -0.2882788289696929, 0.5850601404596681, 1.1549241445826754, 0.9425505727494702, 0.1727569551304319
0.1530844080832326, -0.2882853717374858, 0.5850602163013807, 1.154910882317322, 0.9425863838199048, 0.17275562795637245
0.1530703403217409, -0.28826702639819823, 0.5850703787041058, 1.154880874191746, 0.9425480235917661, 0.1728083281439778
0.15307664926117617, -0.28828341637493854, 0.5850583646851133, 1.154948658374487, 0.9425969293727157, 0.17275230677108674
0.15307265093140593, -0.28826641438727924, 0.5850695143846493, 1.1548540742752147, 0.942598380069408, 0.1727861169541931
0.15307681781998556, -0.2882761837051786, 0.5850770600704971, 1.154869048035274, 0.9425988520438386, 0.1727567974774177
0.15307499534948862, -0.2882745646805216, 0.5850639468584136, 1.1549159898566401, 0.9425810665540264, 0.1728028136561829
0.1530701249520487, -0.2882690340826095, 0.5850732917513267, 1.154874313828933, 0.9425926046125193, 0.17278526774589195
0.1530552871523529, -0.2882709836704469, 0.5850682788202294, 1.1548978381457309, 0.9425256602723656, 0.17274213350118495
0.15306235857232436, -0.2882806528875702, 0.585074143906189, 1.1549238137686277, 0.9425503560997754, 0.1727380259523692
0.1530739295806036, -0.28828452528038545, 0.5850443846844364, 1.1549477921407596, 0.9425972715940097, 0.17275133026016504
0.15307085579992397, -0.2882770879830891, 0.5850686031655599, 1.1549098591011107, 0.9425867895180974, 0.1727553584868965
0.1530796230152974, -0.2882785910809336, 0.5850648425855224, 1.154919220821136, 0.9425962475502485, 0.17279179537096873
0.1530703206342919, -0.2882862606013411, 0.5850685316096788, 1.1549180101761733, 0.9425581216991816, 0.1727467083464166
0.15307652581384748, -0.28828331997762224, 0.5850545135590786, 1.1549132140639455, 0.9425645114885741, 0.17275667781354953
0.15307274987459518, -0.2882822407015841, 0.5850648425855224, 1.154924220831292, 0.9425888590700185, 0.17276291835972696
0.15306445593817222, -0.2882785375994148, 0.5850695168046331, 1.154911372901169, 0.942566335833199, 0.17277433085709173
0.1530798362562964, -0.2882884016331098, 0.5850593607652049, 1.1549299979608356, 0.9425819944727245, 0.17277231714980587
0.15307841732253974, -0.2882692308236748, 0.5850666037890618, 1.154872871207448, 0.9425769585572865, 0.17279719837472557
0.1530834075190286, -0.28828316958831585, 0.5850565274503319, 1.1549282685709883, 0.9426034289498725, 0.17277192640220643
0.1530675774737436, -0.2882681517232051, 0.5850797258466232, 1.1548803207376983, 0.942548597737121, 0.17280778413394027
0.153072532875947, -0.2882807423093109, 0.5850657417817468, 1.1549093106811077, 0.9425884212689891, 0.17277301974783152
0.1530565116994129, -0.2882708030873108, 0.5850919140379208, 1.1548706030234375, 0.942501838333295, 0.1727645816062884
0.15307177422722062, -0.28827438165326535, 0.5850610338699934, 1.1548986076574108, 0.9425632796833372, 0.17276773411242674
0.1530787209346874, -0.28828129527363916, 0.5850630791031612, 1.1549421544871474, 0.9426060847009965, 0.17279865297706146
0.15306764538163373, -0.2882804189847713, 0.5850676951232449, 1.154930269317258, 0.9425802557552244, 0.17273561986464206
0.15308786941875951, -0.2882870438050409, 0.5850528974652752, 1.154937089686518, 0.9426114270748451, 0.17277066547839692
0.15307983480586113, -0.2882765882888509, 0.5850665915472655, 1.154896628716941, 0.9425854718256165, 0.17276663378624482
0.1530740720645004, -0.2882737668268386, 0.585064840284827, 1.154877746210702, 0.9426068000262853, 0.17275545305920048
0.15306416390011574, -0.2882735074410488, 0.5850826275705785, 1.1548703125352735, 0.9425408841947683, 0.1727888068339632
0.15306952513380598, -0.28828206266596235, 0.5850665915472655, 1.1549069244275285, 0.9425711659496563, 0.17272793827473498
0.15306805707568916, -0.28827115026939903, 0.585063915404191, 1.1548865574960037, 0.942576639704376, 0.17274844818642981
0.15308254884553568, -0.2882702086474798, 0.5850732941414981, 1.1548873742306938, 0.942616436874797, 0.17281179199009378
0.1530653229872334, -0.28827576763409146, 0.5850612818806538, 1.1549352439059168, 0.9425746958067269, 0.17278247888430892
0.15306188646140303, -0.2882775922944813, 0.5850612818806538, 1.1549288909667363, 0.9425812094781166, 0.1727534093474965
0.15307042187654257, -0.2882657812859921, 0.5850703217649807, 1.1548899708962734, 0.9425937201291825, 0.1727943754483877
0.15308470142612726, -0.28828035447671724, 0.585051982731872, 1.1549307090635563, 0.9426569758928416, 0.17278557498571134
0.1530786557852909, -0.2882742312260399, 0.5850630478070253, 1.1549312516708152, 0.9425819159610688, 0.17281205209528977
0.15307775174183288, -0.28826824087446834, 0.5850713238275799, 1.1548540519249844, 0.9426002276468157, 0.17282333318962093
0.15307295803344828, -0.2882802429332759, 0.5850712534656254, 1.154907538768186, 0.9425714614031834, 0.17274748211931204
0.15306878158305856, -0.28827400583894736, 0.5850759509309538, 1.154888966137051, 0.9425567135243678, 0.1727870286540543
0.15307430514218204, -0.2882752660983179, 0.585063932401418, 1.154898508257971, 0.9426006782401509, 0.17275505472575742
0.15307685862311787, -0.2882762104389379, 0.5850721759390901, 1.1548927281940422, 0.9425720833599248, 0.17279534319201065
0.1530805095701059, -0.2882758167329458, 0.5850519370463365, 1.1549370923002766, 0.9426115201798214, 0.17279010205613937
0.15306781057625202, -0.2882696510162344, 0.5850788180051754, 1.1548893177994894, 0.942556040707237, 0.1727879417933435
0.15307963938953256, -0.2882785888341547, 0.5850555099027238, 1.1549133128510298, 0.9426028566115721, 0.17278195862404291
0.15307567962785246, -0.28827385335758293, 0.5850686322232596, 1.154909878346995, 0.9425886741914347, 0.17281188467435116
0.15308433784433556, -0.2882839571286415, 0.5850463101436157, 1.1549428102208725, 0.9426046390223194, 0.17278019914414738
0.15307514460525334, -0.2882830260153483, 0.5850685606686504, 1.1548946156536313, 0.9425870030646016, 0.17276453904646938
0.15308264703442667, -0.2882772683426933, 0.5850546600963216, 1.154898109360389, 0.9426403926903019, 0.17279797091213303
0.15305232338377672, -0.28827693096115403, 0.585070364098686, 1.1549083186488658, 0.9425117371801501, 0.17274103591730103
0.153062326466509, -0.28826007265496806, 0.5850814153534207, 1.154866177787469, 0.94254700289609, 0.172799989683678
0.15306348192089103, -0.2882741848045295, 0.5850677218194579, 1.154905874877451, 0.942572210126125, 0.1727654294866208
0.15307299927414164, -0.2882837377177786, 0.5850546019911527, 1.154939074872325, 0.9425893458520849, 0.17275268303715843
0.1530778104620833, -0.2882805002754812, 0.5850593018102344, 1.1549273268521523, 0.9426048090703728, 0.17278987667483128
0.1530598992990315, -0.28826975193938836, 0.5850665590147974, 1.154873621967663, 0.9425923137977152, 0.17274642971710058
0.1530799581683586, -0.28828499165600086, 0.5850611982147539, 1.1549454437971582, 0.9425828240773502, 0.1727818557938739
0.1530741805726248, -0.2882822014359512, 0.5850743382132858, 1.1549030496662913, 0.9425583822913184, 0.17279491176741493
0.1530712902886434, -0.288274827310461, 0.5850641803185856, 1.1549239081310307, 0.9426258621158627, 0.17276980017443264
0.15307046477349073, -0.28828285829439526, 0.585056365438954, 1.1549274944919978, 0.9425656064077529, 0.1727460180495333
0.15306093764868808, -0.28827330035526416, 0.5850788180051754, 1.154894317601412, 0.9425486524393439, 0.17275906431521457
0.15305608443545876, -0.28825948947226826, 0.5850936325683698, 1.1548390068248058, 0.9425222747498498, 0.17278443560366838
0.1530692016505863, -0.2882682362146433, 0.5850741851487667, 1.1548654250906836, 0.9425844918816096, 0.1727864207172561
0.15307691263445278, -0.2882797080050726, 0.5850508537378037, 1.154918442445507, 0.9425966702593216, 0.1727908072217095
0.15307895024400975, -0.2882911034977194, 0.5850482645998732, 1.1549410828664537, 0.9426052907389303, 0.17275952012616866
0.1530786848590575, -0.28827423175477174, 0.5850490443597932, 1.15492534599157, 0.9425885119571477, 0.17280210410430835
0.1530646677191978, -0.2882765348611379, 0.5850712657077639, 1.1548887809756685, 0.9425555601507876, 0.17274916907843166
0.15307987245053883, -0.2882800880911731, 0.5850546019911527, 1.154928250402395, 0.9426034501133685, 0.17277193430360027
0.1530865946581973, -0.28827984766421405, 0.5850667680447151, 1.1549021777698159, 0.9426167095841406, 0.17278216180000944
0.153068504549981, -0.2882689446552259, 0.585074170545954, 1.1548891238223935, 0.9425566168901821, 0.17280653115360464
0.153068712394592, -0.28826694688250265, 0.5850805813021019, 1.1548665017311555, 0.942546068191904, 0.17278127731812049
0.15306877227331445, -0.2882739457805403, 0.5850566111163196, 1.1549180688283656, 0.9425953004966413, 0.1727725494502353
0.15307747155407894, -0.2882824117862604, 0.5850583636113346, 1.1548912626144139, 0.9426101227311741, 0.17278100589024606
0.15305657787143176, -0.2882743270554996, 0.5850797113866713, 1.1548966646550092, 0.942526772444517, 0.1727602173831754
0.15307409697246868, -0.2882772637796275, 0.5850575214886418, 1.1549093658083762, 0.9426247915574625, 0.17276086559067558
0.1530635608892616, -0.2882830008590558, 0.5850683550479469, 1.1549182842842094, 0.9425201682990407, 0.17274080631876437
0.15305873163773304, -0.28826746956716687, 0.5850823460099047, 1.1548676419012651, 0.9425636076800344, 0.17278697573168067
0.15309657153989112, -0.288281482155085, 0.5850491055695887, 1.1549298411472835, 0.9426032974943228, 0.17281106816829372
0.15306719535756602, -0.2882774213322039, 0.5850695022032941, 1.1549004216362102, 0.9425792244585813, 0.17275574540546648
0.15307837868236562, -0.2882691700172297, 0.5850612674243307, 1.1549137031795798, 0.942602234904446, 0.17280229225548122
0.15306949155695723, -0.28827330032568776, 0.5850712947696276, 1.1548946238748206, 0.9425507297682302, 0.17281532112747833
0.15305825303899553, -0.2882661683211133, 0.5850840803637122, 1.1548509832077636, 0.9425454460622812, 0.17275275091921072
0.15306607504125302, -0.28826681106557556, 0.5850665444127837, 1.1548806722361116, 0.9425852578308057, 0.17277616575815374
0.15308018788829436, -0.28828649282310903, 0.5850556282262203, 1.1549251765298618, 0.9426238122679781, 0.17271350413869604
0.15306419448459896, -0.2882787346431663, 0.5850703520923302, 1.1548921511618468, 0.9425687597639619, 0.1727011270059921
0.1530563824717407, -0.28826802077703756, 0.5850778739468309, 1.1549000955740096, 0.9425790877147094, 0.17275614186055965
0.15305996047033638, -0.28827247261279526, 0.5850892662803682, 1.154885160187847, 0.9425403256180088, 0.17276047857448815
0.15305728101182575, -0.28827362861920025, 0.5850750550827057, 1.1548906180660663, 0.9425342788003189, 0.1727689769157883
0.15306952513380598, -0.28828206266596235, 0.5850665915472655, 1.1549128650902085, 0.942564315992793, 0.1727377565403615
0.15306511775841705, -0.28827953252570615, 0.5850694586825564, 1.1549186286619935, 0.9425565913486832, 0.17272904370795472
0.1530748441112841, -0.28827449660707427, 0.5850796572397349, 1.1548159127690416, 0.9425503012613247, 0.1727635731731227
0.15300192278258426, -0.2882204646754444, 0.5851406651763221, 1.1545591368597905, 0.9422603059924596, 0.17286659403773788
0.15303061969939996, -0.28824308810497085, 0.5851195229976107, 1.1548049365187918, 0.942506746935024, 0.17279615373887888
0.15301171459440077, -0.28823019399012517, 0.5851424283369113, 1.154739515083512, 0.9424727097665524, 0.1727834801525378
0.15305289930266447, -0.2882528017275692, 0.5851020501820703, 1.1548502983585853, 0.9425476505737144, 0.17282862391212678
0.1530528794997918, -0.2882611152474349, 0.5851068008230663, 1.1548462479040134, 0.9425330674035395, 0.17281945699147666
0.15302431687579415, -0.2882596734389949, 0.5851129095622832, 1.154833269313293, 0.9424334920581809, 0.17276078894455518
0.1530162596138118, -0.28824045712495744, 0.5851266333431889, 1.1547393927158731, 0.942434498550502, 0.17277606581180616
0.15303602013679327, -0.2882408819720639, 0.5851420258943317, 1.1546939491554515, 0.9425477798347756, 0.1728437644945381
0.15327042673171065, -0.2884729705098788, 0.5849122813383508, 1.1556928212844928, 0.9431565495596355, 0.17253991777674677
0.153209601018559, -0.2884154529891574, 0.5849557506335091, 1.1553130376643765, 0.9428099415138922, 0.17260922518215827
0.15303088798741224, -0.28825662025856674, 0.5851112494326791, 1.1548186628817596, 0.9425442478016798, 0.17273344033657068
0.15304262011619213, -0.2882482686220603, 0.5851160285391689, 1.1548340596699345, 0.9425857076853876, 0.1728248729660342
0.1530280322018695, -0.28825108190320115, 0.5851133980194683, 1.1548403500865738, 0.9425944561009598, 0.1728020540573917
0.15305717975846952, -0.28825347407256185, 0.5850993925337321, 1.1547956632524492, 0.9426131099801145, 0.17283356861214036
0.15305464099523164, -0.2882612965452666, 0.5850911165418188, 1.1548607478874038, 0.9426079524829302, 0.17278350652596522
0.15304902125244824, -0.2882551270727082, 0.5851058712514247, 1.1548165618571409, 0.9426049407144523, 0.17277697942188533
0.1530478822722692, -0.28825633629186376, 0.5851096776961643, 1.1548245261611363, 0.9426144133442887, 0.17279376843489003
0.15303331564763628, -0.28826441851317053, 0.5851049923349169, 1.154858327796377, 0.9425716021983533, 0.17275543507301533
0.15306167754013206, -0.2882696171627742, 0.5850930738365456, 1.1548604313000208, 0.942645867200888, 0.17277010009546764
0.15305280425083528, -0.28827169370078143, 0.5850848445157331, 1.1549004432536136, 0.9426338834443196, 0.17276736871908205
0.1530445736442675, -0.28825476114809, 0.5851068438566166, 1.1548453311824414, 0.9426082375604404, 0.17279329027502405
0.1530664827482325, -0.28826287836882164, 0.5851004217536847, 1.1548111790111275, 0.9426501153981598, 0.17279223107015018
0.1530550837645751, -0.2882590950111009, 0.58510603359319, 1.1548458104674293, 0.9426083039435551, 0.1728126188111772
0.15303823921812035, -0.28825427265966125, 0.5851095151266182, 1.154818556554124, 0.9425833618946828, 0.17277709927087906
0.15304946419541074, -0.2882666112094468, 0.5850940004627253, 1.1548955055254146, 0.9426029552443491, 0.17277149423846558
0.1530479070915033, -0.28824803539301674, 0.585109579863162, 1.1548405152041246, 0.9426156059784133, 0.17282246800412618
0.15307109790262366, -0.28826685023541004, 0.5850866396076927, 1.1548728380943052, 0.9426702660489437, 0.1728151578869008
0.15305091827615847, -0.28826660005187754, 0.5851079448826328, 1.1548629186453083, 0.9425863781027124, 0.17278410338388067
0.15305538121601228, -0.28827262916163726, 0.5850837557498588, 1.1548711042820268, 0.9426322539814406, 0.17276883802986343
0.15304064249500746, -0.28826376295934536, 0.5850985234238331, 1.1548772664597775, 0.9425866428927703, 0.17275446309949583
0.15304394706440871, -0.2882653429071217, 0.5851060191393825, 1.1548623718334332, 0.9425861971748712, 0.17276466710832977
0.15304062008685906, -0.2882539098339193, 0.5850944494448606, 1.154878306575689, 0.9425878265402962, 0.17279350950900427
0.1530539222673625, -0.2882704906910669, 0.585095032762652, 1.1548809980729176, 0.9426380428921666, 0.1727316384878689
0.15306115807927556, -0.2882595604023385, 0.5850995111959665, 1.15482559090167, 0.9426140449929674, 0.17281334843100585
0.15304133565272326, -0.28825457983189157, 0.5851132634763939, 1.1548573870487653, 0.9425567123691068, 0.17280693512904005
0.1530335975431063, -0.2882523707668489, 0.5850964953955589, 1.1548677494517785, 0.942618365763985, 0.17279900273654566
0.15305003976328332, -0.28826931268921707, 0.5850921779211642, 1.1548915395697184, 0.9425894394339012, 0.17279998413273434
0.15305541946306983, -0.2882654957556389, 0.5851023895647962, 1.1548543277818264, 0.9426152958055961, 0.17277341774436752
0.153055831235887, -0.2882756269329473, 0.5850819486463279, 1.154918542998088, 0.942613004094691, 0.17277778317015122
0.15305682386060485, -0.28826408426723704, 0.5850930859329955, 1.154859675586017, 0.9426100226782583, 0.1728201070735988
0.15305092032845963, -0.28827841350991135, 0.5851007145994519, 1.1548786989877613, 0.9426031816032968, 0.17276071798336196
0.1530512306571058, -0.28827516387113533, 0.5850930738365456, 1.1548827097644292, 0.9426177144590503, 0.172750463635611
0.15305224594121702, -0.2882553050464089, 0.5851041223913722, 1.1548279169773161, 0.9426294839839292, 0.17280214208562403
0.15305415472840533, -0.28825692148305554, 0.5850834568428458, 1.1548516165949503, 0.9426390212626354, 0.17280900220777065
0.15304739315284643, -0.2882583174132553, 0.5851134104319033, 1.1547944994471793, 0.9426127424139685, 0.17279424681051134
0.1530627994698477, -0.2882684092978862, 0.5850986001346782, 1.1548700237025629, 0.9426163558073937, 0.17278239890728295
0.15305720490893396, -0.2882706939162657, 0.5850790669084662, 1.1548983614415624, 0.9426559906855657, 0.17276606637149228
0.15305093148032062, -0.2882666032670934, 0.5851032741194052, 1.1548511556642622, 0.9425999298519906, 0.17276454796210866
0.15305556472972034, -0.2882740794423569, 0.5850821728969025, 1.1549446131018788, 0.9426378587922565, 0.17279299192488298
0.15305703693146416, -0.28826558748452297, 0.5850968486847388, 1.1548688474185478, 0.942617269121106, 0.17280048040905147
0.15305349804043075, -0.2882625106582188, 0.5850995848591373, 1.1548455001054352, 0.9426443791224204, 0.17276189261807745
0.1530514234112027, -0.2882497383054932, 0.5850927062446939, 1.1548552259824882, 0.9426544278770005, 0.17281780219210996
0.1530542908742807, -0.28825489509208085, 0.5851087552578388, 1.1548289248236325, 0.9426282307559897, 0.17278441153542004
0.1530569925515341, -0.28826071144723114, 0.5850853680463182, 1.1548577444113848, 0.9426314058280669, 0.17280003461861668
0.15304243825508318, -0.2882701626869521, 0.5851041529049585, 1.1548709654831837, 0.9425565546240916, 0.17275693344530127
0.15304891307577362, -0.28825854009891727, 0.5850993633360442, 1.1548362966675605, 0.9425635388265197, 0.17282546841380259
0.1530564412377001, -0.288279676777818, 0.5850840339168948, 1.154905806268309, 0.9426266957179871, 0.17275762744146048
0.15307635153728325, -0.28828013320271173, 0.5850728874393909, 1.1549260284127254, 0.9426793502223084, 0.17276418969106108
0.15304971142530988, -0.28825442562098164, 0.5851058857066004, 1.1548221614266545, 0.9425990297841955, 0.17280510192950543
0.15307356537317404, -0.2882724839061536, 0.5850822761383633, 1.15488949864002, 0.9426865988775153, 0.17281213002823906
0.15306030575474214, -0.288277350579214, 0.5850942077111505, 1.1548810567019516, 0.9426372379067834, 0.1727128335299448
0.1530544963481047, -0.2882633320938375, 0.5850751419339153, 1.15487790337085, 0.9426255103636195, 0.17279886353643611
0.15306782993090257, -0.28825790184508293, 0.5850931005285152, 1.1547963221473985, 0.9426860456243232, 0.17279017849523723
0.1530667873827885, -0.288257410492757, 0.5850893385451704, 1.1548681415216435, 0.9426384031624384, 0.17281990799465735
0.15304212817781582, -0.28826725914343854, 0.5851004782746055, 1.1548588895308418, 0.9426081143094756, 0.17274340834973784
0.15306002638143842, -0.2882659690139729, 0.5850865935248111, 1.154866808846331, 0.9426374938337099, 0.17276184205682296
0.15305533862382453, -0.28827257312039845, 0.5850830809921975, 1.1548886082215402, 0.9426846186476481, 0.17273534055593007
0.15305508738128526, -0.28826756971081546, 0.585091307932174, 1.154865404305545, 0.9426391135553187, 0.17277873313217532
0.15305299902740274, -0.28826969280059767, 0.5850959262059623, 1.1548955236939558, 0.9426029340804046, 0.17277148633851058
0.1530366403566244, -0.28825768497752147, 0.5851077372429911, 1.1548534238946053, 0.9425788902367228, 0.1727846243425778
0.153052705261035, -0.2882583107437248, 0.5851023065250838, 1.1548754438686977, 0.9426103156275416, 0.17281107639752927
0.15304692895535205, -0.2882626507160322, 0.5850863697709014, 1.1548502720559102, 0.9426759307232355, 0.17275668224096527
0.15306920926931566, -0.2882752752312218, 0.5850884334380115, 1.1548760278263277, 0.9426086746403283, 0.17277318979348308
0.15306279070641088, -0.28826314380046253, 0.5850959844440676, 1.1548541636321894, 0.9426544714968872, 0.1728170548970651
0.15304847736805233, -0.2882559330418351, 0.5850957041547185, 1.1548696839380332, 0.9426162139902329, 0.17278258075617353
0.15304202980249063, -0.28826235310037557, 0.5850985524754387, 1.154871048796576, 0.9425949068651518, 0.172782111938545
0.15305295620333953, -0.28825459977870604, 0.5850994662243242, 1.1548276340838928, 0.9426303500670088, 0.172820616210468
0.1530343344266526, -0.2882445555405014, 0.5851113782798362, 1.154797625665275, 0.9425899930985966, 0.17279738794067195
0.1530519948020726, -0.28827448845629267, 0.5850788627715198, 1.154882695632732, 0.9426187944127168, 0.17276867669779264
0.15302897498633325, -0.28825713369593847, 0.5851104587951139, 1.1548473634311722, 0.9425847140582726, 0.17273716531315994
0.15305780421254153, -0.2882544746587358, 0.5851133377234378, 1.154814711170736, 0.9425899788216099, 0.17280776825943311
0.15306507003480696, -0.2882642306618851, 0.585090385441617, 1.1548524070377737, 0.9426738304711956, 0.17275994235962822
0.15305386278774333, -0.2882606055388208, 0.5850911812202754, 1.1548757447941362, 0.9426457554482593, 0.17276091634970797
0.15306918446608697, -0.2882700088561254, 0.5850858265692436, 1.1548836720263853, 0.942619505065904, 0.17284665629342227
0.1530578829794796, -0.2882649810738512, 0.5850913725726734, 1.1548981879086406, 0.9426572540236133, 0.1728048495895105
0.15305946058788547, -0.28825806680367594, 0.5850958075111738, 1.1548316131782266, 0.9426436413185301, 0.17279181109916678
0.1530446575698639, -0.2882561582660273, 0.5851114265257641, 1.1548307604025807, 0.9425695905630104, 0.17279767613066546
0.1530325138397543, -0.28826021071448904, 0.5851077227884633, 1.1548589443300514, 0.9425711688660329, 0.1727563093186634
0.15306897258342014, -0.2882720114734484, 0.5850840775503551, 1.1548652592823747, 0.9426775563098904, 0.1728040547334873
0.15306157823684446, -0.2882731903300994, 0.5850810842150443, 1.1549216274630532, 0.9426297164963031, 0.17282353114217872
0.15305601455836074, -0.2882683628078521, 0.5850857525691976, 1.1548683828394148, 0.9426538479490539, 0.17276785528381786
0.15305808159910073, -0.28826297539258394, 0.5850977923792039, 1.1548930662602919, 0.9426263456519046, 0.1728086747441867
0.1530550837645751, -0.2882590950111009, 0.58510603359319, 1.1548282203387121, 0.9426285836578492, 0.17278354881118063
0.15305958051454016, -0.2882664747840897, 0.5850950764044821, 1.1548745747696008, 0.9426479379978571, 0.1727973170157928
0.1530622922045852, -0.28826184654810455, 0.5851023895647962, 1.154861093205673, 0.9426091191436325, 0.17282173920572153
0.1530515485702965, -0.28826449287700656, 0.5850940441066115, 1.154865471898854, 0.942639228164076, 0.17277884086937942
0.1530793638159639, -0.288275368615285, 0.5850847019161182, 1.1548557570255178, 0.9426533920945697, 0.17279858079300342
0.15305600664248253, -0.28826837235881486, 0.5850950764044821, 1.1548919695481998, 0.9426270389280471, 0.1728067501767654
0.15304477595649071, -0.2882612301114923, 0.5850985380223924, 1.1548775099735156, 0.9425877240278223, 0.1727924926099628
0.15305581117635053, -0.2882583881721768, 0.5850920447455655, 1.1548220292518103, 0.9426360581924855, 0.17279218602838012
0.15307404820514298, -0.28827200954807575, 0.5850735710962125, 1.1548996750654148, 0.9426561953912858, 0.17280567375008465
0.15306215168551796, -0.2882638775215305, 0.5850817530361514, 1.1548604561315936, 0.9426469980244281, 0.1728077341295415
0.15306532991931907, -0.2882692934058029, 0.5851014986213773, 1.154875864982457, 0.9426469038113429, 0.17277953899670417
0.1530530810258356, -0.2882767548939224, 0.585086625014053, 1.1548711623614667, 0.9426675575876939, 0.17269973840894148
0.1530354825627988, -0.28825538983481214, 0.5851188624070205, 1.1548237667591326, 0.9425772963614913, 0.17278626968496488
0.1530445909531767, -0.2882547597151276, 0.5850975111756658, 1.1548394231751034, 0.9426148461683576, 0.17278345336511633
0.15304807363426917, -0.28826281702581513, 0.58510603359319, 1.1548392616118732, 0.9426141984956444, 0.1727639121173397
0.15304650903830636, -0.28826973446667353, 0.585096927964601, 1.1548998973917204, 0.9426346469703303, 0.17276702180352094
0.1530466264814297, -0.28826282119277635, 0.5850920892606885, 1.1548541975231472, 0.9426511317400201, 0.17272232257022122
0.15305672133955728, -0.28825918291983865, 0.585095822107721, 1.1548425651982155, 0.9426307536923652, 0.17281039650522054
0.15306759620093585, -0.28826161122262656, 0.5850866081218269, 1.1548498740624378, 0.9426591914139884, 0.17279005324887045
0.15306949061792868, -0.2882667639351629, 0.5850828477098781, 1.1548584114387905, 0.9426679767263019, 0.1727879879569813
0.15302988490963318, -0.2882579283109605, 0.5851142361720839, 1.1548620744902613, 0.9425861243275258, 0.17274575006177448
0.15305656889510894, -0.2882677999842006, 0.5851005881233732, 1.1548782151571837, 0.9426239267017156, 0.17276215297232517
0.1530465123254469, -0.2882577447681683, 0.5851003159625376, 1.1548483668860832, 0.9425856286164711, 0.17279517136199174
0.15307331897979048, -0.28827275076965736, 0.585097780573704, 1.1548822400133012, 0.9426030717718643, 0.17282096736786545
0.15303754488151056, -0.2882549787069578, 0.585114162588605, 1.1548188673086577, 0.9425826511980951, 0.17275870253274114
0.15306076982289885, -0.2882751428301131, 0.5850951302042762, 1.1548717747658837, 0.9426306732900088, 0.17275126080380085
0.15307249075206958, -0.2882790182298355, 0.5850847019161182, 1.154878347797483, 0.9426257236121686, 0.1727987733072143
0.15304924746884407, -0.2882566334340318, 0.5851049632804264, 1.1548549744414351, 0.9425784640365923, 0.17280556344838444
0.1530663374903009, -0.2882799656036209, 0.5850857998488411, 1.154895576714031, 0.9426402948074104, 0.17275832358069126
0.15305877440173954, -0.2882587635053973, 0.5850911311402774, 1.1548317520707168, 0.9426427440013024, 0.1727732145632765
0.15306334177836448, -0.2882749371781352, 0.5850752485059643, 1.1549318796843946, 0.9426354447051623, 0.1727675072775362
0.15306120480215507, -0.28826655942490553, 0.5850895356196802, 1.1548714436163736, 0.9426702665831637, 0.17279539902382365
0.15304202980249063, -0.28826235310037557, 0.5850985524754387, 1.154871048796576, 0.9425949068651518, 0.172782111938545
0.15305346307040413, -0.28826748502771293, 0.5850968486847388, 1.1548627106882108, 0.9426235002447545, 0.17277102560574922
0.1530518456031529, -0.28826739327878925, 0.5851023895647962, 1.154865781040316, 0.9426012467327652, 0.17277303271270267
0.1530609873583748, -0.28827031860582253, 0.5850930593849831, 1.1548606558279548, 0.9426450635214375, 0.17275160332624143
0.15306931386858985, -0.28825829925244056, 0.5850968989205017, 1.154856476917161, 0.9426893249008057, 0.17278807828301573
0.15305738781491635, -0.2882721584293279, 0.5850830519511828, 1.1549012954701117, 0.9426697077590727, 0.1727369528179431
0.15305625388624872, -0.28825618658082197, 0.5851069617807801, 1.1548187408319697, 0.9426229796789392, 0.1728405496370029
0.1530623238199506, -0.2882653538680013, 0.5850903998925009, 1.1548811272742747, 0.942640452460476, 0.1728077012115311
0.15305257071155348, -0.28826171744964807, 0.5851051401922684, 1.1548541707403182, 0.9426162142902726, 0.17279202218062448
0.15306399886694538, -0.28826899330665867, 0.5850875476614373, 1.1548686646875757, 0.9426556440833361, 0.17280601886730423
0.15305074079259745, -0.2882685994461953, 0.5850875305989682, 1.1548677544955857, 0.9426172209268756, 0.17277977421042032
0.15304511766010523, -0.2882676409145678, 0.5850902231278903, 1.1548802657547486, 0.9426013430684584, 0.17274346583124964
0.15303880511915963, -0.2882621750069349, 0.5851003013625823, 1.1548595764304628, 0.9425704983256794, 0.1727567567287162
0.15304893699573807, -0.28826220919149015, 0.5850912248620235, 1.1548743427390562, 0.9426473618067148, 0.17277769643602683
0.1530544253192514, -0.28826330382342596, 0.5850940295114596, 1.1548835428614201, 0.9426186873466796, 0.17280896150697847
0.15306163364651426, -0.2882660553192508, 0.585090385441617, 1.1548695857379832, 0.9426532138451811, 0.17276976055071397
0.15305864003959255, -0.2882656784102897, 0.5851053025308114, 1.1548775350717064, 0.9426263671202203, 0.17281812444758926
0.15305661073142424, -0.288262580997622, 0.5850893231667138, 1.1548388545776882, 0.9426162067449182, 0.17282048200693068
0.15306053723311788, -0.28826732081724116, 0.585094866433621, 1.1548542220731977, 0.9426170366662022, 0.17281042297750362
0.1530428424194778, -0.28826654912427124, 0.5850911601897175, 1.1548761105455272, 0.9425886064286908, 0.17279085257269003
0.15305518230762474, -0.28826400109684963, 0.5851079593364539, 1.1548512408823601, 0.9426012311114635, 0.17280298508397046
0.1530467418914077, -0.2882540398813086, 0.5851114701796979, 1.154800726381124, 0.9426058629583667, 0.17280502101468667
0.1530599862571181, -0.28826459645699215, 0.5850817886333162, 1.1548992611219413, 0.9426562567414318, 0.17278656466094017
0.15304717966640324, -0.28825354379361, 0.5851123110226184, 1.1548165473845295, 0.9425686098954658, 0.17280844323764127
0.15305439029739792, -0.2882682781680067, 0.5850912933370623, 1.154877338489027, 0.9426248039206245, 0.17277939908831924
0.15305133585392394, -0.28825451036494165, 0.5851003450149552, 1.1548366203719016, 0.942601078780928, 0.17283225333182098
0.1530533791597834, -0.2882624100147621, 0.5850910718854101, 1.1548099696634775, 0.9426118679526053, 0.17276616033984624
0.1530539648534291, -0.2882705467246286, 0.5850957073400768, 1.1548633771274615, 0.9425858123456331, 0.17276494484959382
0.15305349666662113, -0.2882590049594373, 0.5850975709983207, 1.1548487995241072, 0.942585930785944, 0.17281430394631184
0.15306794543464947, -0.28827020630454336, 0.5850715147243751, 1.1548934320287791, 0.9426638533220314, 0.1727950587973028
0.15305553101860492, -0.2882788819049723, 0.5850802566118587, 1.154896919390335, 0.9426185702527891, 0.17275866856815442
0.15304911572069446, -0.28826003771979114, 0.5851124589684751, 1.1548454918642403, 0.9425709666967791, 0.1728061415872966
0.15305483635843334, -0.28827128067456737, 0.5850941481508414, 1.1549072726792995, 0.9426259285726422, 0.17275937434145533
0.15307085154083522, -0.28827886389235274, 0.5850755736936126, 1.1548929283095943, 0.9426623503115095, 0.172757345029984
0.1530325138397543, -0.28826021071448904, 0.5851077227884633, 1.1548589443300514, 0.9425711688660329, 0.1727563093186634
0.1530626007897547, -0.2882704150418142, 0.5850921803914024, 1.154886910737332, 0.9426336993300691, 0.17279801722675708
0.15305819325769066, -0.28826788469300924, 0.5850950473590806, 1.1548984990261253, 0.942619259411671, 0.1727989299250022
0.15307751065077116, -0.28826540361784736, 0.5850810551727864, 1.1548595581524446, 0.9427042715278201, 0.17277663060088633
0.15305454670951066, -0.288259893902396, 0.5850958665800504, 1.1548812823103782, 0.9426399319889112, 0.17278923878290903
0.1530613925609136, -0.2882645654782233, 0.5851006171722418, 1.154872409819738, 0.9426325268477943, 0.17280905344180922
0.15305085148648287, -0.28826520133426947, 0.5850940295114596, 1.1548715814996848, 0.9426316339110585, 0.17276988110909708
0.1530651607572269, -0.2882776232924306, 0.585082246954896, 1.1549187006447768, 0.9426501745806178, 0.17278439186968383
0.15306077880978097, -0.288268796326668, 0.5850790669084662, 1.1548810826782112, 0.9426767555969675, 0.1727568257949573
0.15305981066018853, -0.28826797636475937, 0.5850895064332484, 1.1548954287370279, 0.9426415130339885, 0.17279692300728736
0.15305809965182154, -0.28827151952249164, 0.5850977357542072, 1.1548661460798768, 0.942638626856524, 0.17276018918868333
0.15305624823400987, -0.2882613828281494, 0.5850949084891622, 1.1548635249279562, 0.9426236725301163, 0.17279142481458004
0.15304017097030953, -0.28826077119253607, 0.5851143250157219, 1.154847587027567, 0.9425858120659708, 0.17277489789336858
0.15306301690785304, -0.2882646501511943, 0.5850950764044821, 1.1548575126266005, 0.9426684203820412, 0.17278769134035232
0.15307009468941224, -0.2882708036556569, 0.5850896038880445, 1.1548632022639216, 0.9426614758889029, 0.1727971015421565
0.15305146760587252, -0.2882766584063427, 0.5850875040229276, 1.1549093274589295, 0.9426046488260797, 0.17275978421492508
0.15306557579216298, -0.28826728748108504, 0.5850845822355529, 1.1548413397402906, 0.9426494794902978, 0.17273451006766755
0.1530464137423322, -0.28825283881606756, 0.5850983901074818, 1.1548253467363545, 0.9426129811152698, 0.17277573501027854
0.1530458283960024, -0.28825845639606956, 0.5850956305992727, 1.1548427135881685, 0.9425915858007168, 0.1727666563866918
0.15304206334138098, -0.2882538732365613, 0.5850992746331424, 1.1548453720096692, 0.9425709024541462, 0.17280594630857904
0.15304523590311025, -0.28825902699212236, 0.5851041223913722, 1.1548623725152054, 0.9425881036122484, 0.17282120122307001
0.15305772174665505, -0.2882613850130651, 0.5850995111959665, 1.1548310031852091, 0.9426069934434345, 0.17280372256567197
0.15305369650839418, -0.28826050492051897, 0.5851060045400542, 1.154852028293993, 0.9426000398958612, 0.17278497007990531
0.153048872358506, -0.28827221872386316, 0.5850959117523855, 1.1549186334149357, 0.9425749316490462, 0.17277224099795832
0.15305958449342197, -0.2882664700268412, 0.5850904144869115, 1.1548570147018902, 0.9426679904997469, 0.17276834014880152
0.15305884351023513, -0.28826017715747515, 0.5851050374299246, 1.154846536299564, 0.9425706325591078, 0.17282584090790296
0.15305680671943026, -0.2882640858463266, 0.5851024186144912, 1.1548363442823644, 0.9426371243459984, 0.17278162247985612
0.15305604564433067, -0.28826339323667677, 0.5850931506612042, 1.1548745566007084, 0.9426479591616492, 0.17279732491555277
0.15304287127255634, -0.2882530370040906, 0.5851031247215378, 1.1548236358565604, 0.9426162312268981, 0.172829888142322
0.15305190173375172, -0.2882624126290247, 0.5850911311402774, 1.1548659915310946, 0.9426016455104675, 0.17279265866114712
0.15306642809649207, -0.2882763327708395, 0.585078449481385, 1.1549103139536592, 0.9426410393796744, 0.17276780581370424
0.15306258639669534, -0.2882669060985721, 0.5850948373841852, 1.154855027461147, 0.9426158244158378, 0.17279239993217962
0.1530590820368088, -0.2882651775122127, 0.5851014815521369, 1.1548639139112606, 0.9426228658336621, 0.17277293130482899
0.15305516257350904, -0.28826783092911273, 0.5850817595870987, 1.1549168320056071, 0.9426340914548488, 0.17275910781361234
0.1530716200435756, -0.28827338185070533, 0.585067958372647, 1.154922986673159, 0.9427028585917927, 0.1727808459470544
0.15305632132803193, -0.28826279174416575, 0.5851041529049585, 1.1548315110310725, 0.942605323328975, 0.17276675183165982
0.15306237461525726, -0.28826890869696126, 0.5850930884316414, 1.1548719121842914, 0.942633181196732, 0.17280812951040092
0.1530468520370751, -0.28825064160738834, 0.5851179690490389, 1.1548162027576911, 0.9426068453364338, 0.1728143801480332
0.15305187311245694, -0.28827090535699224, 0.5850950618100178, 1.1548859011264851, 0.9426326734127646, 0.1727590951269072
0.15305306285798592, -0.2882732507555856, 0.5850939439689736, 1.1548803698457488, 0.9426024995849364, 0.17276198507043555
0.15306582411401803, -0.28826708713497395, 0.5850884176678582, 1.1548723266951662, 0.9426335045736544, 0.1728272696844581
0.15305461936815343, -0.28826978225053546, 0.5850950473590806, 1.1548807130894887, 0.9426389216448802, 0.17275022400371728
0.15305345498657752, -0.28826749443330346, 0.5851061725199194, 1.1548628822110811, 0.9426236871380518, 0.17277122527837452
0.15306021344013376, -0.28825876866576605, 0.5851143991669815, 1.1548110467869126, 0.9426128473917306, 0.17280518596323302
0.1530386255724363, -0.2882558695936407, 0.5850984547590696, 1.1548630341347716, 0.9426229680336757, 0.17275276014037935
0.15303733744842768, -0.2882569765281806, 0.5851077518410813, 1.1548355490701097, 0.9426000493757388, 0.1727741395639892
0.15302989330090733, -0.28824922171586176, 0.5851196133932733, 1.1547619096422939, 0.9425944439260788, 0.17275034786932403
0.15307701457537723, -0.2882759197878716, 0.5850802298628759, 1.1548882103260383, 0.9426688730823946, 0.1727677474979857
0.15306809034319796, -0.2882681707927157, 0.5850874894266223, 1.1548763927795829, 0.9426461613966889, 0.17277989391842158
0.15305288495688177, -0.2882646162972353, 0.5851041529049585, 1.154854512809299, 0.9425779918257438, 0.1727861960839626
0.1530455460333284, -0.28826193051612287, 0.5851077970505778, 1.1548392696352692, 0.9425771042475056, 0.17277658648525818
0.153047439628147, -0.28825853795418527, 0.5850947606591038, 1.1548512292261732, 0.9426004972021339, 0.17278410062040428
0.15304272292516888, -0.2882531699385379, 0.5851132925324803, 1.1548511692639054, 0.9425649768268471, 0.17283458365156243
0.15307110347783473, -0.28828042812158916, 0.5850846728678206, 1.154878740735159, 0.942624175300069, 0.1727614985465369
0.15304338109858684, -0.28825744040765544, 0.5851152329864082, 1.1548389413043683, 0.9425787811274696, 0.17281407989465244
0.15305179569682104, -0.2882523071869291, 0.5851059293553521, 1.154792243252765, 0.9426351673936054, 0.17281263961590923
0.15306591325698182, -0.2882857402252541, 0.5850922274923975, 1.1549251454019858, 0.9426057595405539, 0.1727688489801081
0.1530642152307633, -0.28826697167950166, 0.5850790669084662, 1.1548931445253263, 0.9426636611347606, 0.1727953281911767
0.15306121745092421, -0.28827182013844177, 0.5850874894266223, 1.1548930423365689, 0.9426253422397598, 0.17277026824364608
0.153058537294902, -0.28825726892513537, 0.5850967009119512, 1.154840314673848, 0.942615249019395, 0.17282203355695722
0.15306078290086358, -0.28827514593590975, 0.5850904594406191, 1.154883426095651, 0.9426172293384977, 0.17277040099032967
0.153069382398569, -0.28827321169171705, 0.5850848459770325, 1.1549060335136498, 0.9426096094429314, 0.17277256696332485
0.15305141694244515, -0.2882731035589793, 0.5850848154699768, 1.154924367008031, 0.9426052043784765, 0.17276898141178904
0.1530669500147022, -0.2882658745052288, 0.5850892820510789, 1.15485841820752, 0.9426308952884644, 0.17280077327050353
0.15306529622046722, -0.28826573697765184, 0.5850894773873853, 1.1548733467511656, 0.942667499617907, 0.17275964812049718
0.15306422504183675, -0.28827049965284285, 0.5850866396076927, 1.1548954292710452, 0.9426425971576445, 0.1728153503995764
0.15304540728225285, -0.2882653418520293, 0.5851152925241179, 1.154829847446111, 0.9425695318268876, 0.17277707556932853
0.15305749616568287, -0.2882685931421831, 0.585095032762652, 1.1548811936580345, 0.9426386613175557, 0.17275127487297187
0.15303586492131005, -0.28825348375901505, 0.5851011261144216, 1.1548422797973883, 0.9425919954279427, 0.1727658318418641
0.15305169091910542, -0.28827462974732626, 0.5850790234129696, 1.1549453956391331, 0.9425993090102096, 0.17276843316698554
0.15304170110572005, -0.288255945431079, 0.5851021965362891, 1.1548272909767352, 0.9426285502275477, 0.17276326163225889
0.15306627030763909, -0.2882700896849996, 0.5850912724813943, 1.1548904950530552, 0.942648194428435, 0.17278780098886207
0.1530619563534467, -0.2882554458116249, 0.58510603359319, 1.1548232201126607, 0.9426359716461304, 0.1728124262946507
0.15306772476520542, -0.2882785557124316, 0.5850858288925491, 1.154877593398171, 0.9426621234620313, 0.17276652904114034
0.15305791613065875, -0.2882593839434519, 0.5851105927036531, 1.154831908826069, 0.9425693286171475, 0.17281746757227134
0.15306055265157792, -0.2882672899959897, 0.5850799749762738, 1.1548835586183492, 0.9426560909060906, 0.17279581499649013
0.15306463553846064, -0.2882664913388114, 0.5850948083308385, 1.1548677148393531, 0.9426009130212247, 0.17279401348707832
0.15305271334436468, -0.2882583013380446, 0.585092982690009, 1.1548400917483101, 0.9426506889870231, 0.17275273718505288
0.1530422373984304, -0.28826035530682176, 0.5851049632804264, 1.1548426014860032, 0.9425910739427883, 0.17274723069377573
0.153043496962585, -0.2882623450646926, 0.5851078261045252, 1.1548325229353837, 0.9425851663873951, 0.17278479068016528
0.15305718590426218, -0.28826568953961534, 0.5850913579796182, 1.1549042973438464, 0.9426496597788838, 0.17279588961549366
0.15306775493817534, -0.2882679232852414, 0.5851024489210446, 1.1548407625352917, 0.9426136366747104, 0.17278473529836355
0.15305017116207664, -0.2882607018582643, 0.5851014064743418, 1.154820995014245, 0.942636892955897, 0.17279059079703493
0.15306464599592529, -0.28827000504056277, 0.5850968132615851, 1.1548878014406452, 0.9426325810261489, 0.17278009358619031
0.1530512409491364, -0.2882716320237343, 0.5850808305454441, 1.1548863084347478, 0.9426319905716442, 0.1727402373148471
0.1530579457234634, -0.28826287646128324, 0.5850986122015076, 1.1548283797442038, 0.9426276519939354, 0.1727648331597758
0.15306773775745586, -0.2882785587439414, 0.585081158128483, 1.1548775956443884, 0.9426621103405848, 0.17276641779402538
0.1530534590494883, -0.2882674897487968, 0.5851015106024015, 1.1548569718870583, 0.9426303089936358, 0.17276149968781052
0.15305379503460517, -0.28826541098969877, 0.5851079302832909, 1.1548399854562945, 0.9426131127931313, 0.17274645885950157
0.15306540496032017, -0.2882693169468152, 0.5850779491264434, 1.154870139597905, 0.9426536333586005, 0.1727693412281193
0.1530506965946437, -0.28827243759025584, 0.5850706632140245, 1.1549511967665949, 0.9426296964398118, 0.17276528159543858
0.15307038466299464, -0.2882758680198685, 0.5850867135067261, 1.1548631633428352, 0.9426614250715071, 0.17277768063802096
0.15305280785888684, -0.28826321210146044, 0.5850995704067717, 1.1548749640486555, 0.9426098645563572, 0.17279171716399816
0.1530551004592884, -0.2882675728168096, 0.5850866371683962, 1.1548771722919857, 0.9426255354295181, 0.1727980658295486
0.15305715085273874, -0.2882706639190132, 0.5850886218056537, 1.1549039175566023, 0.9426490609548923, 0.1727759531463637
0.1530580947608962, -0.2882629785714294, 0.58509312161583, 1.1548813027273166, 0.9426398976990117, 0.17278911963716184
0.1530618551371811, -0.2882588519196421, 0.5850995257939228, 1.1548254221932066, 0.9426147899895015, 0.17283212628523612
0.15305234405794255, -0.2882686905491695, 0.5850959844440676, 1.1548647929376965, 0.9426397494986302, 0.1727781670122474
0.15305415613319717, -0.28826678129144656, 0.5851015251983217, 1.1548566868183539, 0.9426311879682899, 0.17278008513134768
0.15304832791204798, -0.28826431010858183, 0.5850911311402774, 1.1548656793543162, 0.942601161327262, 0.17277282953159484
0.1530431474244272, -0.288261149973701, 0.5851087406584705, 1.1548690775903516, 0.9425789194124466, 0.17277525946863112
0.1530752662807407, -0.28828137271455734, 0.5850671388108944, 1.1549226130843997, 0.9427024667060867, 0.1727614680101208
0.1530442674440998, -0.28827175999416493, 0.5851116988011761, 1.1548770622294322, 0.9425864511188268, 0.17273539538228627
0.15304708660629385, -0.28825213879791267, 0.5851077372429911, 1.1548193809224767, 0.9426206067707591, 0.17278481685992517
0.15305564828717458, -0.28827416236420966, 0.5850779635771153, 1.1548921938194567, 0.9426262839875642, 0.1727682016519525
0.15307316471988164, -0.288283507364384, 0.5850819957326024, 1.15492304598515, 0.9426272678379282, 0.17276863602042944
0.15305623510274524, -0.28825268232212037, 0.5851142804778218, 1.154786943576042, 0.9426051974345468, 0.17283503189096835
0.15305955918005695, -0.2882629728993543, 0.5850977332544379, 1.1548486930468536, 0.9426231382332313, 0.1728014289887206
0.15304190822025954, -0.288245468299403, 0.5851186706618356, 1.1548024626730942, 0.9425669524210287, 0.17280067097274696
0.15306688438939153, -0.28827413471099045, 0.5850886958345525, 1.1548777886153732, 0.9426616578942125, 0.17276773794444064
0.15305399003134168, -0.2882740438686153, 0.5850883886213206, 1.1548891731282103, 0.9426105185614446, 0.1727607327665619
0.15305533540741167, -0.2882640985234732, 0.5850978068301875, 1.154880663904607, 0.9426403780401886, 0.1727884763305054
0.1530604733141993, -0.28826376288195016, 0.5850968486847388, 1.1548282539897883, 0.9426648807125427, 0.17275196661044537
0.1530401113971323, -0.28825088635054735, 0.5851104732496814, 1.1548306853448695, 0.9426069547956616, 0.17278492459496594
0.15306994074906988, -0.28826976165366847, 0.5850810405779377, 1.1548882597495842, 0.9426690088570175, 0.172767863133306
0.15307359805750395, -0.2882690118124351, 0.5850753782270964, 1.1548638853519493, 0.9426620134563631, 0.17281598046868069
0.1530475907879175, -0.2882636460504896, 0.5850863116844512, 1.154892592301769, 0.9426257603539119, 0.17276934122871665
0.15305397297787815, -0.28827404552305347, 0.5850977213025915, 1.154889256646106, 0.9426106251300844, 0.17276094384887333
0.15305937138809877, -0.2882649667791643, 0.5850866517624601, 1.1548654338453284, 0.9426404636231221, 0.17281703632788367
0.15306941451146824, -0.28827151033161746, 0.5850802566118587, 1.1548750531253944, 0.9426470598004957, 0.17279755630538035
0.1530551183734257, -0.2882626000783476, 0.5850987060241831, 1.1548599286603354, 0.9426466554167044, 0.1727889514496263
0.1530775762754661, -0.2882807750163897, 0.5850718422397776, 1.1548896591735753, 0.9426866598846485, 0.1727924513771381
0.15305634674984725, -0.2882662889276937, 0.5850968342324129, 1.154851481768592, 0.9426367455214231, 0.17275291390031303
0.153048652455381, -0.2882707225478067, 0.5850921488711274, 1.1548744595230007, 0.9426080373426285, 0.17273383217472263
0.15305507551297381, -0.28825910427127904, 0.5851153574283692, 1.1548518064816211, 0.9426017756482862, 0.17282244430492974
0.15305683578441742, -0.28825578004851443, 0.5850976590599705, 1.1548697213809014, 0.9426180778912651, 0.1728390990393295
0.1530481924226753, -0.28825923979833146, 0.585113352324917, 1.1548248378189638, 0.9425764187973169, 0.17278784976853306
0.15305582343972862, -0.28826188212591, 0.5850893967830068, 1.1548478226933068, 0.9426607779448943, 0.1727880858182752
0.15306070640838487, -0.2882652622085876, 0.5850959408030925, 1.1548549580056269, 0.9426519098905612, 0.17276138718609696
0.15305306285798592, -0.2882732507555856, 0.5850939439689736, 1.1548803698457488, 0.9426024995849364, 0.17276198507043555
0.1530632470713988, -0.2882661517291304, 0.5850895064332484, 1.1548724253945348, 0.9426688454722701, 0.17277747922008257
0.15305470338938382, -0.288264825316957, 0.5850835755659978, 1.1548928368825961, 0.9426261299333261, 0.1727890623841033
0.1530611449168257, -0.28825955722422403, 0.5851041819593966, 1.1547963491385074, 0.9426477673577973, 0.17276513782298042
0.15304930704500752, -0.2882665184741452, 0.5851088148228024, 1.1548484621323487, 0.9425843163775065, 0.1727568407625721
0.15306494093659534, -0.2882715246995387, 0.585077026619629, 1.154897011730113, 0.9426399174051056, 0.172759983228928
0.15306111417744522, -0.2882753980905516, 0.585080161684554, 1.1549074935154187, 0.9426632778066005, 0.17274640882811915
0.1530779378197582, -0.2882767176238702, 0.5850793363754898, 1.154908748728246, 0.9426635547694338, 0.1727858459679353
0.1530539652741757, -0.28826550683745167, 0.5850884451020049, 1.1548810897277375, 0.94263858903248, 0.1727511829377483
0.15305601111094047, -0.28825988821559806, 0.5851004782746055, 1.1548486726309781, 0.9426231725208726, 0.17280154813499526
0.15304421565783433, -0.288270344842452, 0.5850884596983661, 1.154897258620108, 0.9426180301592192, 0.1727405063877525
0.15304552864011517, -0.28826193187666915, 0.5851171297314135, 1.15485694233478, 0.9425569308565147, 0.1728058677964518
0.15306771545158812, -0.28826870488297407, 0.5850770847104829, 1.1548551032705163, 0.9426904239710221, 0.17276657602186551
0.15304740066918937, -0.28826351695445174, 0.5850966864582572, 1.154845227321425, 0.9426065728134857, 0.17275483019533489
0.15305651754165775, -0.28827493033853585, 0.585086625014053, 1.1549067553744017, 0.9426273323231491, 0.17277712856338884
0.15303758092830802, -0.2882584814746388, 0.5850975111756658, 1.1548680538406824, 0.9425801806871846, 0.17279288667738774
0.15305835364762924, -0.28827301236102587, 0.5850828332591232, 1.1549043295802401, 0.9426120240935673, 0.17278854999454107
0.15306222127748836, -0.2882604524967267, 0.5850931360667535, 1.1548581915271503, 0.9426678991473677, 0.17278836508414366
0.15305487074359417, -0.2882575918551044, 0.5851022708141358, 1.1548248730288484, 0.9426146220749038, 0.17281280118540185
0.15305886621476297, -0.28826718475510377, 0.5851043944906815, 1.1548691184307018, 0.9426538810776045, 0.17276931691448957
0.15304982321119828, -0.2882593348424821, 0.5851031407424806, 1.1548335349027212, 0.9425850945748336, 0.17280517530161094
0.15306124299026844, -0.2882729429404922, 0.5850960438358169, 1.1548624642306495, 0.942624323789995, 0.172789484000099
0.15307292701464753, -0.28826493918416257, 0.5850828477098781, 1.154858823650804, 0.9426683131996402, 0.17280723930420316
0.15306711313604465, -0.28827213027090504, 0.5850811121618595, 1.1548784108517147, 0.942623914192841, 0.17278086660494296
0.15305052282866302, -0.2882503143139768, 0.5851077372429911, 1.1548256176626908, 0.9426142281783039, 0.17281369445756592
0.15306650809577874, -0.28826637554830487, 0.58509310302575, 1.1548369744079128, 0.9426748223325627, 0.17278801961827048
0.15306211070520392, -0.28826385063122695, 0.5850866371683962, 1.154860189767459, 0.9426467707047864, 0.17280788405716085
0.15305197482935493, -0.28826382156081065, 0.5851003755117927, 1.1548280367353159, 0.9425901460118105, 0.17275816722658965
0.15305863187573748, -0.2882621797313403, 0.5851032885731661, 1.1548398898748948, 0.9426151191225121, 0.1728026813216197
0.1530491295948749, -0.2882685178790422, 0.5850884005727727, 1.1548710038604482, 0.9425947448481157, 0.17278177380990872
0.153067363071242, -0.2882601119013546, 0.5850875160032161, 1.1548349360493904, 0.9426585975783566, 0.17280007681234802
0.15304731972503596, -0.2882536381458219, 0.5851068294027831, 1.1548343190564032, 0.9426212003754706, 0.17277479360640352
0.1530621445854411, -0.2882726131785313, 0.5850819340507778, 1.154901845487934, 0.9426333613500338, 0.17276901577517711
0.15307316532999668, -0.28826993949423707, 0.5850792914762577, 1.1548879655055322, 0.9427069824194664, 0.17277377524539594
0.15304842273403743, -0.2882607415206237, 0.5851077824498536, 1.154839750685934, 0.9425768434362418, 0.17277763802068824
0.1530527995833864, -0.2882597134171718, 0.5850975563984122, 1.1548431439110403, 0.9425919010406875, 0.17278590022147453
0.15304262011619213, -0.2882482686220603, 0.5851160285391689, 1.1548340596699345, 0.9425857076853876, 0.1728248729660342
0.1530459961370113, -0.2882649283198266, 0.5851059900843008, 1.1548632939852164, 0.9425848505669189, 0.17274683671447122
0.15305490932283017, -0.2882610921392498, 0.5850902813684968, 1.1548331970049919, 0.9426594608452995, 0.17277960091046238
0.15306217295211408, -0.2882673793871403, 0.5850790960932205, 1.1548746882878858, 0.9426852283423165, 0.17278437134624386
0.15306377089605527, -0.2882535340243245, 0.5851162363602803, 1.1548209644215126, 0.9426208632417727, 0.17282415944961033
0.15306115511020968, -0.28827542494176095, 0.5850752775505673, 1.1549135846303333, 0.9426567895123115, 0.17275588446071502
0.15306242381090426, -0.2882584420751201, 0.5850948938913444, 1.1548588097707857, 0.9426301817150079, 0.17280171662516466
0.15305701841122385, -0.2882620832863907, 0.5851041675049413, 1.15482540124337, 0.9426129176256681, 0.17277571130960093
0.15305053607497632, -0.28825031756536523, 0.5851030664798474, 1.1548197953598278, 0.9426209300949177, 0.17280395734710233
0.1530576604258343, -0.28826850993823216, 0.5850948810291247, 1.1548595658243783, 0.9426105820137014, 0.1728189975624155
0.1530478822722692, -0.28825633629186376, 0.5851096776961643, 1.1548421160692475, 0.9425941337186148, 0.17282283854876088
0.1530424356500288, -0.2882604750397569, 0.5850852646768389, 1.154878145637433, 0.9426235056223997, 0.1727422904461175
0.15306756023703966, -0.2882699242852685, 0.5850913673220355, 1.1548457974816864, 0.9426444520291077, 0.17278080950592015
0.15306485000895487, -0.28826273445057743, 0.5850866225733451, 1.1548550621687284, 0.9426529434700337, 0.172798924298737
0.15304811615785555, -0.288266312615847, 0.585089382188896, 1.1548825642374991, 0.942618517871652, 0.1727885592617156
0.15306321548958063, -0.2882626444193215, 0.5851014961500223, 1.1548523918259888, 0.9426375117945296, 0.172791516748878
0.15307129263348457, -0.2882648492932172, 0.5850977213025915, 1.1548445037922956, 0.942666311954329, 0.17278058030457766
0.15304533800507156, -0.2882606577697427, 0.5851040496838947, 1.1548579324142132, 0.9425913264294492, 0.17273827009378856
0.15305232277505842, -0.28826518865348594, 0.5850986412524775, 1.154850676486547, 0.9426013852063034, 0.17280172268648533
0.15306103401006876, -0.2882801493767587, 0.5850822325061743, 1.1549301619715178, 0.9426356033906237, 0.1727658949744101
0.15304840396985975, -0.2882593628216721, 0.5850889831281023, 1.1548603845420127, 0.9426088370480856, 0.17278279815993233
0.1530550837645751, -0.2882590950111009, 0.58510603359319, 1.1548398694586173, 0.9426151534105448, 0.17280280046781576
0.1530597387111007, -0.28825958830474796, 0.5850853535941491, 1.1548759713932275, 0.9426106582573635, 0.17282985914598023
0.15307249075206958, -0.2882790182298355, 0.5850847019161182, 1.1548549326916877, 0.9426527192303814, 0.17276007794284584
0.15306061745105803, -0.28828591425291306, 0.5850793363754898, 1.1549360278892684, 0.9426280123277875, 0.17273733313942777
0.15305466236622567, -0.28826479838831787, 0.5850884596983661, 1.1548691554423858, 0.9426528986137359, 0.17275051709445735
0.15305370010696545, -0.28826897960251857, 0.585091278885484, 1.1548717384282248, 0.9426307156170118, 0.17275127660466638
0.15306346559275863, -0.2882748129129352, 0.5850744130865068, 1.1548986653581035, 0.9426934462543661, 0.1727533124397648
0.1530474729196583, -0.2882537356515073, 0.5850966767312136, 1.1548696823314581, 0.9426534985243805, 0.1727701030646977
0.1530502733685878, -0.2882623326573208, 0.5851013337768871, 1.1548457939737302, 0.942606405611948, 0.17275598134562245
0.15305116166461835, -0.28826810489821875, 0.5850977042028985, 1.1548778336672314, 0.9425867895103086, 0.1727737801531361
0.15305985323466026, -0.28826803238719806, 0.5850901810734084, 1.1548543929003334, 0.9426162787411436, 0.17279153380837864
0.15305612678562544, -0.2882647927331643, 0.5850930713364884, 1.1548481950903324, 0.9426227083427389, 0.1727820775720855
0.153061413638487, -0.28826455910531373, 0.5850866225733451, 1.154848825233334, 0.9426593222591741, 0.1727700471547207
0.15304785591524844, -0.28826017338387655, 0.585083477774653, 1.1549078847044996, 0.9426267838719781, 0.1727790655065993
0.1530558866960936, -0.28826849193211884, 0.5850912498348839, 1.154901682512974, 0.9425959398876839, 0.17278215190717527
0.1530530109028187, -0.2882718206947616, 0.5850651368197668, 1.1549360762060623, 0.9426663946353618, 0.17276241728707456
0.1530483026035186, -0.2882643210204355, 0.5851097876566198, 1.154854285499937, 0.9426148854114987, 0.17275398869931172
0.1530543863185062, -0.2882682829254518, 0.5850959552547239, 1.1548774242520639, 0.942624897365934, 0.17277949892444702
0.15305956315888328, -0.2882629681414484, 0.5850930713364884, 1.154819367548658, 0.9426567547684037, 0.17275300767671442
0.1530450224069274, -0.28825425339421323, 0.5851030229689703, 1.154837591548794, 0.9425979611399434, 0.17275800459373858
0.15306252243527854, -0.28826334816393856, 0.5850968196345813, 1.1548701813758742, 0.9426162591879982, 0.17280190124004657
0.15305624421331046, -0.2882613875493262, 0.5850995704067717, 1.1548519614852304, 0.9426371965266013, 0.17277227314467025
0.15304589998742324, -0.2882718354428627, 0.5850968342324129, 1.1548854088370497, 0.9425951621379234, 0.1727525288700912
0.15305254895547382, -0.28826669502288615, 0.5850977332544379, 1.1548714995816844, 0.9425951878481639, 0.17280123647293463
0.15306049037110436, -0.2882637612297273, 0.5850875160032161, 1.1548399364474933, 0.9426512095436062, 0.17277119955296025
0.15303639761239712, -0.2882526892853364, 0.5851159548702953, 1.1548067765438839, 0.9425605957049488, 0.17278911840957326
0.1530549851435382, -0.2882541889837995, 0.5851041077940232, 1.154834438958119, 0.9426222261769982, 0.1728124341947145
0.1530446708162806, -0.28825616151738453, 0.5851067557626821, 1.1548424110991646, 0.9425561471666273, 0.17281681676789215
0.15306184046294397, -0.2882661824441513, 0.5850706778073886, 1.154928633556162, 0.9426587294235431, 0.17280350329994437
0.15304567609836522, -0.2882703439980831, 0.5850977332544379, 1.1548764995784957, 0.9425877996263533, 0.1727723591005372
0.1530684704263077, -0.28827071905537044, 0.5850951446558815, 1.1548663334769393, 0.9426391472540399, 0.1727990197443803
0.15306304637607268, -0.28826470304300933, 0.5851004217536847, 1.1548400064908184, 0.9426160693290926, 0.17282130106577193
0.1530605748809775, -0.28827714373371327, 0.5850840485105241, 1.154906050149784, 0.9426277765958578, 0.17279565677392322
0.1530475134235377, -0.2882719319444521, 0.5850959552547239, 1.1549000143408803, 0.9425972283638975, 0.1727796914387422
0.15306444076693082, -0.288268492228041, 0.585083726703428, 1.1548785748386314, 0.9426250130139763, 0.1727997133269678
0.15305167925836544, -0.28825261153708964, 0.5851059360024113, 1.1548494446272557, 0.9426229343019865, 0.1728025184820169
0.15304536099744276, -0.2882554600738393, 0.5851067702185453, 1.1548247134615062, 0.9425770967359206, 0.1728064355121478
0.15305541946306983, -0.2882654957556389, 0.5851023895647962, 1.154860152269014, 0.9426085805274586, 0.1727830435354687
0.15305782990522407, -0.2882579718916861, 0.5851060191393825, 1.1548346818055493, 0.942621401029299, 0.17279392962902534
0.15306205501350142, -0.28826035189496196, 0.5851079593364539, 1.1548228260711473, 0.9426356140119762, 0.1727931667396028
0.15305578083085608, -0.28825838653663277, 0.5851060481905527, 1.1548455253576897, 0.9426091831665645, 0.17283120418153766
0.15305991895313237, -0.28826456320743626, 0.5850960142934517, 1.1549107562386105, 0.9426424902927112, 0.17280638079283295
0.15305806018607743, -0.288259473551023, 0.5851004492229726, 1.1548495945590516, 0.9426218260016341, 0.1727837176056394
0.15305094862139365, -0.2882666016876756, 0.5850939414379946, 1.1548334823420883, 0.9426201032393149, 0.17273526686594493
0.15306764017973154, -0.28826517304573457, 0.5850892965032757, 1.1548348948787197, 0.9426585598861935, 0.1727807669998794
0.1530740512035474, -0.28827554472485184, 0.5850811435349303, 1.1548784882895637, 0.9426621865144308, 0.17278671982881239
0.15305372154454597, -0.2882690419477279, 0.585105948006762, 1.1548484620698412, 0.9425854008604012, 0.17277526796539777
0.15306466529421733, -0.2882699693747899, 0.585077259721149, 1.1549229927073108, 0.942664692816478, 0.17277520297562843
0.1530420460323415, -0.2882538746702401, 0.5851086073142665, 1.154851279787931, 0.9425642938227099, 0.17281578329003666
0.15307405197216867, -0.28827200460664326, 0.5850689091783311, 1.1548819983044676, 0.9426763826225266, 0.17277650461043326
0.15305533902572402, -0.2882691337087143, 0.5851004071564386, 1.1548571570961266, 0.9425940895322357, 0.17279270483332645
0.15305141694244515, -0.2882731035589793, 0.5850848154699768, 1.154924367008031, 0.9426052043784765, 0.17276898141178904
0.1530470166796899, -0.2882607726976439, 0.5850889540748386, 1.1548608943921268, 0.9426071542030509, 0.17274571603963584
0.15304488788119464, -0.2882576599883738, 0.5851058566507141, 1.154845673262484, 0.9425700151013615, 0.1727874643442226
0.1530544067957698, -0.28825979967765697, 0.5851013483761547, 1.1548225062699184, 0.9426346160100897, 0.1727551225479464
0.15305968054593794, -0.2882595629562217, 0.5850995704067717, 1.1548581982980157, 0.942630817713119, 0.17280115039964491
0.15306163364651426, -0.2882660553192508, 0.585090385441617, 1.1548695857379832, 0.9426532138451811, 0.17276976055071397
0.15303997129004757, -0.2882507919536895, 0.5851159548702953, 1.154795323780004, 0.9425746440606373, 0.17278950345037508
0.15305624823400987, -0.2882613828281494, 0.5850949084891622, 1.154851875724694, 0.9426371030781223, 0.1727721733094686
0.1530530160840072, -0.2882696911488669, 0.5850865935248111, 1.154877850265861, 0.9426231082415559, 0.17274220559441392
0.1530637397901891, -0.2882692055176585, 0.5850883740243207, 1.154884770100785, 0.9426175121207849, 0.17279085339656652
0.15306237787775573, -0.28826538386388323, 0.585080844996185, 1.1548754546786932, 0.9426475163364397, 0.17279762184720096
0.15304625760952595, -0.28826473095405974, 0.58510515478893, 1.1548591022605679, 0.9426094231745515, 0.17278134518538324
0.15306585784151194, -0.2882769148355713, 0.585082261547123, 1.1549066499791432, 0.9426646187117999, 0.1727835338418375
0.15306559396980113, -0.28826558557279597, 0.5850939876118163, 1.154839823158713, 0.9426533597682326, 0.17280841196646526
0.15305671564923715, -0.28825088010203376, 0.585109727802794, 1.1548410448580448, 0.9426523459867573, 0.17281034809358675
0.1530570143484174, -0.2882620879716188, 0.5851088294228389, 1.154837135918895, 0.9425995808379191, 0.17279506287807475
0.15306847346338007, -0.2882759227982101, 0.5850830823507165, 1.154899671612548, 0.9426532183364978, 0.1727308231978438
0.15305580223130666, -0.2882721346409798, 0.5850939293712185, 1.1548810670597573, 0.9426019570188913, 0.17276265112821118
0.15304569514983263, -0.2882620327006087, 0.5851023065250838, 1.1548864848349218, 0.9425959298425944, 0.17279143986798998
0.15305566671466317, -0.288266995724713, 0.5850874869532862, 1.1548809224288514, 0.9426020489867741, 0.1727824386581844
0.15303948988028637, -0.2882579726229364, 0.585102963739162, 1.1548276734045002, 0.9425533731528023, 0.17276981739223016
0.1530483413944155, -0.2882558340234022, 0.5850965239694164, 1.1548401776632635, 0.9425769601455772, 0.17279687916965966
0.15301806819273264, -0.28823181998331426, 0.5851224801736702, 1.1546006485006228, 0.9424333065102097, 0.1727831706866501
0.15300085451630102, -0.288232738883914, 0.5851255695533273, 1.1547025386569978, 0.9424770238576701, 0.17273521710697937
0.15300788399592313, -0.2882340223866617, 0.5851132788849611, 1.1547207389178875, 0.9424571821205153, 0.1727831729661538
0.15308121011399622, -0.2882989746890254, 0.5850560097839509, 1.1549518087518884, 0.9426661933643481, 0.1727331329537189
0.15306156527109185, -0.28828326401095694, 0.5850864364117713, 1.154889906096787, 0.9425725604322551, 0.1727547288531255
0.1530865278925691, -0.2883119225348698, 0.5850564668363036, 1.1549708552875122, 0.9426606017838313, 0.17273124186998165
0.15308115192306232, -0.2882954439796699, 0.5850682130915602, 1.1549256856237902, 0.9426413353227442, 0.1727375831776974
0.15307883594047678, -0.288302671652446, 0.5850785705867935, 1.154894125979357, 0.9426409477371176, 0.17273713213746994
0.15305398695422745, -0.2882789165976433, 0.5851011317988871, 1.1548184079964527, 0.9425458605836349, 0.17275058049611494
0.15307484533256302, -0.2882982959800574, 0.585064376320862, 1.1549184301965998, 0.9425753366536344, 0.17277026688985317
0.15307194988385653, -0.2882910128457625, 0.5850884497127578, 1.1548574355271881, 0.9425921711327385, 0.1727355473745423
0.15306507899542804, -0.288282843588799, 0.5850910185780699, 1.1548406296448475, 0.9425747349708434, 0.17272013776532222
0.15307081460441613, -0.2882922177775189, 0.5850875942091692, 1.1548653144435341, 0.9426015497990315, 0.1727522368776435
0.1530807322012263, -0.2883094870434493, 0.5850505131800792, 1.15496281092077, 0.9426511369460974, 0.1726951581614929
0.15306325093895695, -0.28828826080791875, 0.585096824438433, 1.154880582644073, 0.9426014261488127, 0.17272396626285874
0.15308953267941008, -0.28830229932133894, 0.5850695236800759, 1.154948305536967, 0.9427264473420892, 0.17273758182505106
0.15306572188746298, -0.28828773623197573, 0.5850764838210012, 1.1549300961752176, 0.9426364809936217, 0.17276482445667352
0.15307083934042734, -0.28828740724389307, 0.5850895200797617, 1.1548895047633554, 0.9426477550438791, 0.17274787729085697
0.1531268665989459, -0.2883346233942679, 0.5850268430147684, 1.1552047217036145, 0.9428877750599252, 0.17276613245312422
0.1531807369556987, -0.288380571296035, 0.5849902770211035, 1.155232431110191, 0.9429090255208925, 0.1727247467085609
0.1531517704327519, -0.2883624582564089, 0.5850063182091412, 1.1550779392307728, 0.942831041526222, 0.1726911173525024
0.1530711991488525, -0.2882802310835638, 0.5850738391791028, 1.1548979792118759, 0.9426938682329808, 0.1727718325283361
0.15305760128498502, -0.2882819691195565, 0.5850775705887175, 1.154917898315794, 0.9426487392974388, 0.1727271003677845
0.1530594176891117, -0.28828356357063645, 0.5850897870142648, 1.1549474070166696, 0.9426516523210848, 0.17274436888588224
0.1530597278880966, -0.28827159940164115, 0.5850875330680835, 1.1548687538630535, 0.942654146702366, 0.17276779698227726
0.1530534974063771, -0.2882709900455832, 0.5850895210269578, 1.1548827701758084, 0.9426550021040594, 0.17275717717920436
0.15305539259366674, -0.28827260304384356, 0.5850735260941451, 1.1549122926160573, 0.9426578363405116, 0.17277377415341066
0.15304100527387546, -0.28827367558322775, 0.5850875516441482, 1.1549176694604046, 0.9426114962940052, 0.17272076843082623
0.15306790283312233, -0.2882701502573779, 0.5850708397944715, 1.1549227014145482, 0.9427026532822083, 0.17278100409344474
0.1530391365259795, -0.28826858035422437, 0.5851013193211937, 1.1548565314037635, 0.9425910145061474, 0.17269840378270626
0.15306184530108793, -0.28827472350762623, 0.5850752919991627, 1.1549017108702189, 0.9426710240661661, 0.17275513023856498
0.15305016245206535, -0.28826940842579857, 0.5850960287430534, 1.1549093954225633, 0.9426421367049139, 0.1727665465283509
0.1530597268687239, -0.28827680794844385, 0.585080132639784, 1.1549430668230198, 0.9426211673760261, 0.17276727219257967
0.15303997982006382, -0.2882679763632228, 0.5850911812202754, 1.1548917867307682, 0.9426239815881274, 0.17271240292517684
0.1530417913248865, -0.2882608606726908, 0.585113446226659, 1.1548621317953103, 0.9425879540313075, 0.17280214924096374
0.15306970270556364, -0.288276545402981, 0.5850718073998702, 1.1549045500816295, 0.942686036164063, 0.17276393105405458
0.15306629239554426, -0.28827358896095406, 0.5850792914762577, 1.1549046161548, 0.9426861630502759, 0.1727641497223856
0.15306980381520632, -0.2882752959502751, 0.5850670794140594, 1.1549253539256192, 0.942718228754154, 0.17276940293175053
0.1530408938923187, -0.28826876636849486, 0.5850902966084648, 1.1548946465957108, 0.9426388637149206, 0.1727014437760725
0.15304284056905496, -0.28826345050881685, 0.585093003620628, 1.154931227524703, 0.9425974063135159, 0.1727611105542808
0.15306118785940864, -0.2882717671371757, 0.5850821438553199, 1.1549281389564237, 0.9426574133970809, 0.17276572738831403
0.1530554533042587, -0.2882691701596694, 0.5850849179173586, 1.1549275307141615, 0.9426583767245096, 0.17278348554889564
0.15306119637868115, -0.2882718265154569, 0.5851014840249038, 1.154893211615218, 0.9426255422608261, 0.17277057915849145
0.15304755490165758, -0.288267119967494, 0.5850885475383116, 1.1549065310846784, 0.9426636080631704, 0.17274605103536644
0.153052110115001, -0.28827239992056103, 0.5850894919830588, 1.15490075337133, 0.9426331733564677, 0.1727489717224782
0.15304359311897187, -0.288266277820775, 0.5850854769212875, 1.1549455028537041, 0.9426366677480521, 0.17275609403392297
0.15304632003533664, -0.2882734659911712, 0.5850808893972507, 1.1549243888513787, 0.9426416359151373, 0.17271832500914186
0.15306159052489712, -0.2882646849531236, 0.5850809184401418, 1.1549020130344418, 0.9426718079851317, 0.17279429479211791
0.15304431391846626, -0.2882752509687411, 0.585090385441617, 1.1548968647224451, 0.9426176726700046, 0.17272124712592518
0.1530531728647985, -0.28826457754492174, 0.5850885033370431, 1.1548681655445179, 0.9426548414034812, 0.17278654852869277
0.15305096693873538, -0.2882701058041166, 0.5850866225733451, 1.1548886941061465, 0.942610889210604, 0.17277948035607738
0.15305330434094294, -0.2882747262180415, 0.585078144376742, 1.154942411594297, 0.9426216563757047, 0.17276652618800276
0.15305104150884496, -0.28826533034465335, 0.585083654558202, 1.1549307130381194, 0.942637255247078, 0.1728038355731875
0.15306209996332354, -0.28827972182951084, 0.5850624029075971, 1.1549482448400872, 0.9426894391053104, 0.1727503323335664
0.15305955738684895, -0.28827167236356577, 0.585092355586725, 1.1549195577689473, 0.9426486040479304, 0.17274859422663938
0.15304890365324722, -0.2882757259520853, 0.5850839219975739, 1.15491525394167, 0.9426332618089323, 0.17271950824692445
0.15306374396503855, -0.2882727090801638, 0.5850950497710864, 1.1548931447641535, 0.9426626992275017, 0.1727578828328266
0.15305948854415924, -0.28828359169706297, 0.5850708994346551, 1.15494759211635, 0.942651759937245, 0.1727438966252028
0.15305765489948694, -0.28827369162249566, 0.585077259721149, 1.1549165601691522, 0.9426704536352617, 0.17272669033605315
0.1530437994832448, -0.28825406542469806, 0.58510224654429, 1.154860242633386, 0.9426459465686671, 0.1727706007541881
0.15306073783087784, -0.28826876943622304, 0.5850839510419342, 1.15489246596485, 0.9426630973672893, 0.17277622692352246
0.15305659254212828, -0.2882784621483678, 0.5850744130865068, 1.1549269653707706, 0.9426591953703739, 0.17276293796294365
0.15305794467642, -0.2882787558572351, 0.5850743694538452, 1.1549339955560591, 0.9426502557639314, 0.17273614630378278
0.15306103786298259, -0.28828014451027467, 0.5850775705887175, 1.1549241350727821, 0.9426423599666144, 0.17275597706390367
0.1530497154905622, -0.2882716145870781, 0.5850857735308422, 1.1549421248107468, 0.9426214633557136, 0.17276679526822294
0.15306061182216937, -0.2882603513416326, 0.5850893531422332, 1.1548494414792825, 0.9426588892641669, 0.17277092096626084
0.1530533990214729, -0.28826608389407116, 0.5850875952836797, 1.1548655732868387, 0.9426756401429535, 0.17274736692458378
0.15305558560811014, -0.28826559626039167, 0.5850875662398081, 1.15490728413762, 0.9426272995554401, 0.1727976853508457
0.15304754972147167, -0.2882636190832735, 0.5850911958166767, 1.1548806767513777, 0.9426389639722297, 0.17275023980294799
0.1530359501583544, -0.28825838640426066, 0.5851077227884633, 1.1548418836122132, 0.9425916510249455, 0.17274668344844593
0.1530422628505535, -0.2882638524425555, 0.5850976446076186, 1.1548742215701997, 0.9426090651515753, 0.17275264450596456
0.15303484933018136, -0.28827314098137513, 0.5850853389964757, 1.154867530889261, 0.942614126784926, 0.1726661173170303
0.15304419851729445, -0.28827034642014027, 0.5850977923792039, 1.1549207563498727, 0.9425911399958743, 0.17277941269481337
0.15304703018698357, -0.28827276063618656, 0.5850762332276239, 1.1549358720499112, 0.942628935507296, 0.17275624301677592
0.1530539050429035, -0.2882704921962624, 0.5851043654430881, 1.1548810815839192, 0.942638149468512, 0.17273184956980453
0.15306395001018944, -0.28828131253415246, 0.5850559538510803, 1.1549717621209932, 0.9426988546241178, 0.17275755296033768
0.15305400145054548, -0.2882740177861335, 0.5850781589708749, 1.1549421269713616, 0.9426225349794588, 0.1727851117988593
0.15306571056246812, -0.28828764666649487, 0.5850515844102303, 1.1549944446971623, 0.942707512108539, 0.17274557681117508
0.15304447493731235, -0.2882583344605945, 0.5850948543699194, 1.1548713459617046, 0.9426326486027621, 0.17278858221989665
0.15305106685665848, -0.28827713452652953, 0.5850670917433644, 1.1549464671424345, 0.9426538916897298, 0.17278052227652538
0.15304749429893275, -0.2882705528867575, 0.5850771557580586, 1.154914824781977, 0.9426359366715431, 0.17277522675929521
0.15306279329091388, -0.28827901832293595, 0.5850670794140594, 1.1549363962849368, 0.9427038424039386, 0.17274976709928744
0.15305770685966308, -0.28827198610571547, 0.5850679997077284, 1.1549089376368418, 0.9426809684221656, 0.1727903534680844
0.15305634913435176, -0.2882821633710615, 0.5850679293342687, 1.1549687782494815, 0.9426456885665436, 0.17274357072940727
0.15306741449590958, -0.28827238114797066, 0.5850848178541527, 1.1549201497469175, 0.9426498017042705, 0.17278626536025732
0.15304919551617485, -0.28828075610794474, 0.5850708107559546, 1.154973905513182, 0.9426384309261711, 0.17273410342950324
0.15304397866501623, -0.2882688502689716, 0.5850940295114596, 1.1548707572917003, 0.9426309611743392, 0.17273137823810797
0.15305513819208652, -0.28827983898007653, 0.5850886097091044, 1.1549330279554297, 0.9426505967981854, 0.17273585332852712
0.15305022975503296, -0.28826944167797514, 0.5850818030827146, 1.154915607432737, 0.9426354878435635, 0.1727759922189777
0.15305298106854903, -0.28827181949760605, 0.5850791402650054, 1.154930332652562, 0.9426732300684267, 0.17275311413347125
0.1530545932924719, -0.2882684101945051, 0.5850762476762749, 1.1549014074411705, 0.942670839921086, 0.17275529628017627
0.15303799747515295, -0.28826978962188543, 0.5851051257391554, 1.1548938502380923, 0.942566640740306, 0.17276370717213152
0.15304129347295367, -0.28826999631644484, 0.5850844892108726, 1.1548937432504083, 0.9426047217460132, 0.17276914649828995
0.1530510661377953, -0.28826531884647477, 0.5850649980419461, 1.1549128673273952, 0.9426572430389316, 0.17277435562904495
0.15304605293515006, -0.28827193274639457, 0.5850866816129007, 1.1549207732626698, 0.9426274590143514, 0.17274783857949622
0.1530559573180755, -0.2882721978347, 0.5850735557766057, 1.1549576474220864, 0.9426596221721112, 0.17276309891740535
0.15305277802480374, -0.28826184500887597, 0.5850854326754437, 1.1548723290324716, 0.9426688721523141, 0.17275819365187045
0.153034883045898, -0.2882683386860662, 0.5850872550649862, 1.1549268720651102, 0.9426199849017636, 0.17271969293596856
0.1530555465789484, -0.2882705753767541, 0.5850894919830588, 1.1549011655055161, 0.9426335097415254, 0.17276822300168063
0.15304401612025792, -0.28826404308428666, 0.5850912836001841, 1.15493001401655, 0.9426367257747463, 0.1727848535317153
0.15306135907639606, -0.28827686828856786, 0.585059699815474, 1.1549810991717413, 0.942668909897226, 0.17277010010110144
0.1530549969852234, -0.28828186966848596, 0.5850679729625964, 1.1549383329057124, 0.9426816256751068, 0.17273166851363564
0.15306374396503855, -0.2882727090801638, 0.5850950497710864, 1.1548931447641535, 0.9426626992275017, 0.1727578828328266
0.15307337521585063, -0.288279755163889, 0.5850784719147907, 1.154928070703225, 0.9426591108313387, 0.17280271727163735
0.15304906053308248, -0.28827061233058926, 0.585085831757514, 1.1549173360323963, 0.9426514290321172, 0.17278329561853428
0.15304810847981137, -0.2882578426653638, 0.5851087697116858, 1.154827875785331, 0.9426283618574769, 0.1727644048870995
0.15304832791204798, -0.28826431010858183, 0.5850911311402774, 1.1548656793543162, 0.942601161327262, 0.17277282953159484
0.15306047645990795, -0.2882689667191688, 0.5850847864203118, 1.1549024815961215, 0.9426318102075428, 0.17275134281945603
0.1530539222673625, -0.2882704906910669, 0.585095032762652, 1.1549044127097097, 0.9426110465278473, 0.17277033371340342
0.1530533162065724, -0.2882782201430509, 0.5850754961118856, 1.1549564403700872, 0.9426599408884437, 0.1727429824345152
0.15306170203531566, -0.2882695941845505, 0.5850781734195395, 1.154895796393226, 0.9426781527684961, 0.1727652989654579
0.15304282831617766, -0.28827175466784416, 0.5850884306491895, 1.1548977681608343, 0.9426163479125685, 0.1727034240617728
0.15305802635180843, -0.28828146975285324, 0.5850830823507165, 1.1549219503345696, 0.942625064724513, 0.1727111869657766
0.1530585780990445, -0.2882744894774525, 0.5850763662043822, 1.1549429233617372, 0.9426584190089162, 0.172754414284643
0.15306132574081352, -0.28828517953063204, 0.5850691212030045, 1.1549712235522016, 0.9426610540852639, 0.17275142097706173
0.15305207577942528, -0.2882688949029526, 0.5850968196345813, 1.1548924590465481, 0.9425881061591425, 0.17278226470816013
0.15305577663867226, -0.28827207689994133, 0.5850839219975739, 1.154916078126295, 0.9426339345023086, 0.17275801065845572
0.15303816632561199, -0.28825286388513693, 0.5851002706253037, 1.1548389218785773, 0.9426151411154494, 0.17278252119359708
0.15303572237721377, -0.2882739040915425, 0.5850893385451704, 1.1549170685882466, 0.9425746539752854, 0.1727328915368818
0.15304524105889833, -0.2882760440917489, 0.5850848300655966, 1.1549114924964836, 0.9426189760125822, 0.17272962060215938
0.15306276993793444, -0.28826835634914805, 0.5850932546782944, 1.1549110613365752, 0.9426415772887575, 0.1727876760727262
0.1530490843297887, -0.288275846891129, 0.5850735557766057, 1.154950881950313, 0.9426657996579388, 0.17271477916750236
0.153067651425286, -0.28827387559056405, 0.5850792479848788, 1.1549232357127528, 0.9426638675028425, 0.1727566978280529
0.15305386278774333, -0.2882606055388208, 0.5850911812202754, 1.1548699201086152, 0.9426524708339469, 0.17275129067223388
0.15305149148389544, -0.2882683280361472, 0.585081847342585, 1.1549371457712143, 0.9426652837020012, 0.17274501567957035
0.15307199342125288, -0.2882918288856464, 0.5850615999582524, 1.1549539980104349, 0.9427198005306823, 0.1727279380089746
0.1530573446103725, -0.2882707879605194, 0.585073584815216, 1.154939548063942, 0.9426815854868699, 0.17277111277646282
0.1530367935800148, -0.2882577825174497, 0.5850975846270597, 1.1548828474697264, 0.9426180367657019, 0.17277011588945673
0.1530435730156579, -0.28826103831080974, 0.5850930909031328, 1.1548649234770272, 0.9426763313728772, 0.17274692806942832
0.1530572544603868, -0.28827945726659154, 0.5850743550040002, 1.1549634591535993, 0.9426157389412422, 0.17276596948839945
0.15307521629531545, -0.28828133804086475, 0.5850720317934872, 1.1549164336824123, 0.9427088747134457, 0.17275200390183773
0.15305464153118414, -0.28827328156903576, 0.5850830663999373, 1.1549064839111254, 0.9426634591627517, 0.1727458241526416
0.1530371036716156, -0.28826068604084687, 0.5851012594863471, 1.154871509727969, 0.9425934729157658, 0.17274494504072802
0.15303785509518208, -0.28826000783001443, 0.5850917191909429, 1.1548714931608852, 0.9425945661113759, 0.1727632692825761
0.1530454059793304, -0.2882726760000002, 0.5850817740384417, 1.154927236960138, 0.9426201723244338, 0.1727387172595653
0.1530501652749327, -0.28826589801140173, 0.5850893531422332, 1.1548775448154296, 0.9426240213801848, 0.17276091022161605
0.15304519405837544, -0.2882746784950709, 0.5850800249365249, 1.1549207074725216, 0.9426645252326005, 0.17271575302489386
0.15306087944244456, -0.2882738695516425, 0.5850755105584806, 1.1549337413097989, 0.9426882800717405, 0.17276147943110529
0.15306157652688934, -0.28827316109489615, 0.5850755251485604, 1.1549159818864265, 0.9427093054766744, 0.1727511887980982
0.15305835200070628, -0.28827298318232414, 0.5850772743145873, 1.154922100303856, 0.9426646164144722, 0.1727549015097159
0.15305700376836706, -0.28826941390629657, 0.5850753195280045, 1.1549344359947433, 0.9426501428525689, 0.1727567139427597
0.1530594385142413, -0.28828355698185915, 0.5850757924164077, 1.1549472377378118, 0.9426514523035749, 0.17274405796543693
0.153038627837904, -0.2882676824636238, 0.5850912248620235, 1.1548789310487086, 0.9426396372585915, 0.17272956803883677
0.15303281970308397, -0.28826524442242146, 0.5850899411914527, 1.154876593692345, 0.9426236032377855, 0.17270302894417347
0.15304618455353067, -0.288263322019666, 0.5850959102190285, 1.1548736434382691, 0.9426479173512361, 0.17277714183560147
0.1530362149719298, -0.2882633931022543, 0.5850948253230973, 1.1548709148331238, 0.9426304276462715, 0.1727128045865691
0.15305297599303122, -0.2882683185909317, 0.5850817886333162, 1.1549044780207696, 0.9426485862843007, 0.1727573028414277
0.15304755490165758, -0.288267119967494, 0.5850885475383116, 1.1549299464231195, 0.9426366111631456, 0.1727847457973899
0.1530384909789521, -0.28825927618173436, 0.5851012885380324, 1.1548651754955976, 0.942601871127737, 0.17277240136672098
0.15305767765602302, -0.28827722270071937, 0.585080161684554, 1.1549129061566807, 0.9426562258244944, 0.17273678326466968
0.15306377731801274, -0.2882790283002134, 0.5850775559945806, 1.154942422222534, 0.9426215362620046, 0.1727857117756529
0.1530620536062105, -0.2882676857021671, 0.585074440461145, 1.154931863398579, 0.9426728265947636, 0.17277405817058947
0.15305048580442196, -0.2882723152155064, 0.585095032762652, 1.1549038840804513, 0.9426108444585604, 0.17275088984585224
0.15304954458979947, -0.28827364401084105, 0.5850791402650054, 1.1549357453407971, 0.9426661779416614, 0.17274348864692188
0.15303283830447698, -0.28826662303878314, 0.5851087406584705, 1.1548793732030964, 0.9425646138334655, 0.17273656362955828
0.15306263668004044, -0.28827037732249156, 0.5850632941634034, 1.1549160777659413, 0.9426725538749896, 0.17278309806275616
0.15305910946262796, -0.28828454903827394, 0.5850652574982356, 1.1549953575381176, 0.9426699452881976, 0.17274012430619815
0.15305796941691158, -0.28828225281051295, 0.5850670503790394, 1.1549597921501296, 0.9426749613752744, 0.1727319351398387
0.15306034075329542, -0.2882808529420994, 0.5850775559945806, 1.1549185951412846, 0.9426481971184884, 0.1727277658849463
0.15304166811136724, -0.28826946219143046, 0.5850948938913444, 1.15488567578986, 0.9425943043870866, 0.1727339513211046
0.15303718327954108, -0.2882642132622923, 0.5850843858293951, 1.154897574413786, 0.9426183932463761, 0.17274047209672405
0.15306765754796314, -0.28826867975978865, 0.5850913015252616, 1.1548842777762618, 0.9426564579626387, 0.17281545023541753
0.1530581281245732, -0.2882714917855944, 0.5850781734195395, 1.154907250416072, 0.9426641031912715, 0.17276491394299376
0.15304228121722102, -0.28826735652654883, 0.585090325654394, 1.1549059028746844, 0.9426269803866769, 0.17275796996159873
0.15306401521765337, -0.2882840285943004, 0.5850739995945714, 1.1549715656762989, 0.9426602045772883, 0.17275224739588416
0.1530457176210241, -0.2882655320998866, 0.585090325654394, 1.1548770752594175, 0.942661028606414, 0.1727289005236077
0.15304428212130192, -0.28826207081327093, 0.585083477774653, 1.1549017479742925, 0.9426330152813257, 0.17274961105762066
0.15305769271446387, -0.2882771915653095, 0.5850652698842115, 1.1549423585646326, 0.9426951465863712, 0.17272236803486485
0.15306080485581666, -0.2882786452035501, 0.585078478525586, 1.1549267874834965, 0.9426214854131222, 0.17279507013857529
0.15306117080344464, -0.28827176878760596, 0.5850914765357539, 1.154904806721401, 0.9426845168907158, 0.17272724385944016
0.1530670493661835, -0.28828794025539806, 0.5850655355317078, 1.1550015823662776, 0.9426988489605999, 0.17271918330325825
0.15304421167894167, -0.2882703495996196, 0.58509312161583, 1.1548973443830448, 0.9426181236048786, 0.1727406062243576
0.15304122909632484, -0.28827516698568834, 0.5850866525665025, 1.1549383437339056, 0.9426052934296574, 0.17272038172943413
0.15305360536395948, -0.28827977561804735, 0.5850612683569667, 1.1549421154195658, 0.9426213252923884, 0.17274680599882164
0.15306656635526947, -0.28827511509774784, 0.5850734993759417, 1.1549432363214762, 0.9426599869527961, 0.17279267030669615
0.1530437964438097, -0.28827257467151685, 0.5850779911418914, 1.154906837644143, 0.9426245943615109, 0.17270202182423894
0.15304923402726484, -0.2882651095922609, 0.5850995704067717, 1.1548864172400761, 0.9425958152319247, 0.17279133213395184
0.15305696357754675, -0.2882779328590544, 0.5850894797712729, 1.1549366894465893, 0.9426284567182669, 0.17275710349335435
0.15306433673152725, -0.2882635617555941, 0.5850809039914306, 1.1549026493753307, 0.9426713410083856, 0.17279504901480502
0.15306098640245805, -0.28827552714365867, 0.5850856589937918, 1.1549349682483212, 0.9426120848070024, 0.1727510785515533
0.15305885120657534, -0.2882658011034032, 0.585080933032358, 1.1548954913234533, 0.9426790656612436, 0.17278400372081903
0.15305647373970424, -0.28827136845961593, 0.5850839365924921, 1.1548924946321815, 0.9426616754460929, 0.1727380938301499
0.1530504666551965, -0.2882709361529356, 0.5850762332276239, 1.1549304595986531, 0.9426359876403921, 0.17276586857823306
0.15306415110293803, -0.2882721422933536, 0.5850812301416515, 1.1549496265845882, 0.9426505344932469, 0.17276619794110837
0.15305699237383935, -0.28828142510146143, 0.5850774988255647, 1.154950634501968, 0.94266663475858, 0.17273334877052435
0.1530544253192514, -0.28826330382342596, 0.5850940295114596, 1.154871777175802, 0.9426322524076963, 0.1727895175672121
0.15305830257142855, -0.28825789722959544, 0.5850808143912949, 1.1548543868184062, 0.9426918221739525, 0.1728041360879427
0.15304502742219508, -0.28826623352616443, 0.5850903112041717, 1.1549007147858197, 0.9426332288096543, 0.172749098768014
0.1530555465789484, -0.2882705753767541, 0.5850894919830588, 1.1548777503424268, 0.9426605060197679, 0.17272952792647103
0.15306180262616897, -0.288274667392418, 0.5850746170110827, 1.1549602216088464, 0.9426761107801696, 0.17278939570053506
0.15305094988188445, -0.28827010745541953, 0.5850959552547239, 1.154894602099686, 0.9426042803000304, 0.17278931715300827
0.15305643055917134, -0.28826999801209857, 0.5850744695011373, 1.154924922180944, 0.942680269048445, 0.17276262837171757
0.1530609079487047, -0.28827913104008973, 0.5850734557394868, 1.1549613077515597, 0.9426366608179902, 0.17274624244453907
0.15305303726629066, -0.2882731930144694, 0.5850839365924921, 1.154909556601837, 0.9426411923870449, 0.17274771943317885
0.15305143801650917, -0.28827660540416605, 0.5850821584488423, 1.154921009763168, 0.9426637163937397, 0.17271654933182015
0.1530512306571058, -0.28827516387113533, 0.5850930738365456, 1.1548827097644292, 0.9426177144590503, 0.172750463635611
0.15302807952393782, -0.28825984779718317, 0.5851040245445788, 1.1548702432321636, 0.9425945976341303, 0.17274363172315851
0.15305559320397766, -0.288279340957296, 0.5850801180436733, 1.154936998402199, 0.9426268026182735, 0.17271961737837618
0.15305811670538583, -0.28827151786797806, 0.585088403072823, 1.1548777117612137, 0.9426250895475013, 0.17277922953448077
0.1530557273347089, -0.28827069637762437, 0.5850791258176763, 1.154919319102896, 0.9426861946431154, 0.1727346171678745
0.15304415834169696, -0.2882654657042778, 0.5850816497668443, 1.154897918930941, 0.9426186150004086, 0.17275961571673715
0.15307261913061443, -0.2882840633463438, 0.5850615833457059, 1.1549312205816646, 0.9427098673948449, 0.17274057987709748
0.15305582146815683, -0.2882720989226482, 0.585074375946725, 1.1549280243732207, 0.942620502715218, 0.1727772046011725
0.15306138502349798, -0.28827692633805685, 0.5850697075364459, 1.1549168476707514, 0.9426706458228764, 0.17272642094309051
0.15306681540913955, -0.2882829350991411, 0.5850644302469389, 1.1549665290367999, 0.9426668023738878, 0.1727429220835338
0.15304738780216576, -0.2882722281095676, 0.5850959706497824, 1.1549278873448827, 0.9426186256275172, 0.17272125843110267
0.15304599170221042, -0.2882670583809174, 0.5850845335978277, 1.1549156947696162, 0.9426348529721886, 0.17275742198739708
0.1530505148275466, -0.2882758075198859, 0.5850830519511828, 1.1549121208225948, 0.942655603863278, 0.17271770168507566
0.1530523520570875, -0.2882773953815381, 0.5850812737785864, 1.1549238694000745, 0.9426785986650954, 0.17270559037902045
0.153065452556631, -0.2882826534512956, 0.5850691356488191, 1.1549714119206025, 0.9426621936155561, 0.17278916881854697
0.15306315498062933, -0.2882832684155055, 0.5850653293934415, 1.1549512672572124, 0.9426659528014903, 0.17273368403796407
0.15305250275939364, -0.2882705184184242, 0.5850808749465956, 1.1549547930401305, 0.9426076577112791, 0.1727868431829854
0.15305763092903824, -0.28826845701976606, 0.5850895356196802, 1.1548712479345813, 0.942669648060637, 0.1727757627212013
0.1530706917069479, -0.28826908303108567, 0.5850715002751452, 1.1548882436084837, 0.9426701017255968, 0.17278618753067976
0.15304071800350444, -0.28826729490748093, 0.5850863116844512, 1.154915182411073, 0.9425980909882398, 0.1727695337422275
0.15305657150890828, -0.28827496025873844, 0.5850770701169878, 1.154889433607581, 0.9426478274231296, 0.17274779796290957
0.15304854094742348, -0.28826581331181667, 0.5850948938913444, 1.1548690267429178, 0.9426151233711363, 0.17274357707750698
0.1530665377768181, -0.28828141396689133, 0.5850748842929362, 1.154939761114908, 0.9426795066306183, 0.17273394521764968
0.1530706296821348, -0.2882773383061916, 0.5850662519643498, 1.1549133531919387, 0.9426940553339561, 0.17276267877119694
0.1530592752003264, -0.28827378103732804, 0.5850763807971191, 1.1549544048569915, 0.9426457314988442, 0.17279244343785058
0.15305231791926016, -0.288264047970572, 0.5850798482393019, 1.1549049402557174, 0.9426483472805394, 0.17275836138344414
0.1530545932924719, -0.2882684101945051, 0.5850762476762749, 1.1549014074411705, 0.942670839921086, 0.17275529628017627
0.1530511829136581, -0.28827160678328506, 0.5850950473590806, 1.154891950139045, 0.9426251543269697, 0.17275022400371734
0.15307080890321112, -0.2882788078129385, 0.5850748988849757, 1.1549338473599498, 0.9426877191889899, 0.17276254139700387
0.15304513887080298, -0.28827114274798415, 0.5850875662398081, 1.1549003231144344, 0.9426328581729659, 0.17272972833894548
0.1530444103041142, -0.28826834390312783, 0.5850995413545891, 1.1548805739351267, 0.9426006459445295, 0.17272518017090305
0.1530428546054347, -0.28825824502042763, 0.585095733204901, 1.1548803319582974, 0.942603376807804, 0.17280021891342234
0.15304781691871316, -0.28826515237417827, 0.5850854036296953, 1.1549135317530042, 0.9426194286174192, 0.17276904694625964
0.1530492162577704, -0.28826723635921786, 0.5850827844926465, 1.154927167943671, 0.9426592607564154, 0.17278277795170469
0.15306205617803945, -0.2882761598487525, 0.5850597144059454, 1.1549515737768015, 0.9427035020841056, 0.17274036651985664
0.15305243938023488, -0.2882606381259098, 0.5850816852095079, 1.1549086202979182, 0.9426627428303461, 0.1727484565762032
0.15305815413117463, -0.2882665095690044, 0.5850809184401418, 1.1549133669718652, 0.9426579061015493, 0.17279448730328958
0.1530505852526522, -0.2882675284554588, 0.5850734081787717, 1.1549165238302532, 0.9426704959628512, 0.17272670613406765
0.15304726010853012, -0.28827426207624995, 0.5850706632140245, 1.1549448435448828, 0.9426362102278885, 0.17273621251368368
0.15305231279901527, -0.28827038946104955, 0.5850912498348839, 1.1548955459558625, 0.9426021712691088, 0.1727526972201685
0.15305263207969746, -0.2882789315988854, 0.5850708107559546, 1.1549450776027042, 0.9426724812430995, 0.17270503456994452
0.15304264548248084, -0.28827029018398137, 0.5850844455674189, 1.1548948334169518, 0.942602631023463, 0.17273253768387253
0.1530287671037618, -0.28825561193909277, 0.5850964662047363, 1.1548912050781133, 0.9425894096833938, 0.17278108335937592
0.15306580035918088, -0.28826876464345813, 0.5850781153300367, 1.154920937604571, 0.942648599347529, 0.172768138424054
0.1530535935926956, -0.288257728936239, 0.5850826221922031, 1.1548873486949023, 0.9426705466497811, 0.17278593737387532
0.15305234015681346, -0.2882739014464847, 0.5850839219975739, 1.1549156660109159, 0.9426335981367933, 0.17273875945466663
0.1530370553639172, -0.2882763271570905, 0.5850818328932728, 1.1549766103369967, 0.9426159894933894, 0.17271708573299932
0.15305786101451307, -0.2882699585683055, 0.5850839656348887, 1.1548919855676283, 0.942663357547763, 0.17277517627309008
0.15305718988298886, -0.28826568478273057, 0.5850866960623892, 1.1548866207372497, 0.9426698471225787, 0.17276672046918787
0.15304574330448517, -0.2882672588220803, 0.5850806982087677, 1.154925712043345, 0.9426035524555936, 0.17273242664777608
0.15305580260890836, -0.28826709467471534, 0.5850866670179354, 1.1549046040541893, 0.9426480184756109, 0.17275851482872953
0.15305393018289423, -0.28827048113976983, 0.5850857089276889, 1.1548983001976425, 0.9426177094988704, 0.17276031585396343
0.15305910735861766, -0.2882686746652233, 0.5850941627465756, 1.1548955342879101, 0.9426408568827261, 0.17277834491184665
0.15306103786298259, -0.28828014451027467, 0.5850775705887175, 1.1549241350727821, 0.9426423599666144, 0.17275597706390367
0.15304259531919073, -0.28827025535366185, 0.5850893385451704, 1.1548828302215917, 0.9426157544258668, 0.17271344758284268
0.15303993950550845, -0.2882630956016357, 0.5850750385517941, 1.1549040124213859, 0.9426110286953646, 0.17275055253185614
0.15306728867570268, -0.2882807353001973, 0.5850653439853364, 1.1549573362580101, 0.9426603173541235, 0.17278133859977776
0.1530619427306762, -0.28827108370591714, 0.5850679416331865, 1.1549222124371883, 0.9426651283368762, 0.1727743264935516
0.15305578858055174, -0.28827557083482835, 0.5850812737785864, 1.1549302227581137, 0.9426720849375253, 0.17273465936003024
0.15305308894311687, -0.2882802536774446, 0.5850886387488127, 1.1549321070945038, 0.9426519421951557, 0.17275368485808146
0.153053206000546, -0.2882698200689652, 0.5850762186335047, 1.1549135659177505, 0.9426557268286752, 0.1727374648906549
0.15304780813968083, -0.28828216589919337, 0.5850707817135318, 1.1549801221278353, 0.9426301678674673, 0.17270645364740367
0.15304077304510783, -0.2882603609986233, 0.585100351617793, 1.154869386599699, 0.9426145489037034, 0.17272529580491636
0.15305578858055174, -0.28827557083482835, 0.5850812737785864, 1.154936047552093, 0.9426653691802263, 0.1727442848484446
0.15305978190725816, -0.2882803436821324, 0.58507259125138, 1.1549692761621513, 0.942646118391656, 0.17276292145549438
0.1530555034663966, -0.2882692049881019, 0.5850800249365249, 1.1549219437991765, 0.9426655343419464, 0.17277350617562456
0.15307588554491117, -0.28827359731394225, 0.5850717929519793, 1.1549055985181425, 0.9426859056996237, 0.1727839362160239
0.15304775435331713, -0.2882734217240908, 0.5850857235240101, 1.154903015496316, 0.9426111999855769, 0.1727500243311807
0.15304965584465557, -0.2882785532697652, 0.5850763952444018, 1.15492952889741, 0.9426725230760967, 0.17271449303493253
0.1530391188364702, -0.288270707199751, 0.5850845335978277, 1.1549324606334925, 0.9426138988211006, 0.17274798889891702
0.15304826850203035, -0.2882799630943929, 0.5850763662043822, 1.1549591610556817, 0.9426372623427408, 0.17272553782582015
0.15306921709938212, -0.2882839798336172, 0.5850737228617506, 1.1549410440634245, 0.9426406749149775, 0.17271042822821653
0.153049350716957, -0.2882735198624147, 0.5850941771968251, 1.1548942900337682, 0.942640369175406, 0.17273870288028031
0.15306281968562058, -0.2882548379357586, 0.5850912248620235, 1.1548642421255144, 0.9426622861470727, 0.1728360280202948
0.15305037720794007, -0.28826104961581206, 0.5850863850179193, 1.1549135217832522, 0.9426573858851575, 0.17277602477650053
0.15305606862149085, -0.2882771070488296, 0.5850708107559546, 1.1549513144378942, 0.9426661016994334, 0.17273391092052906
0.1530493315438556, -0.28827214076252783, 0.5850753776107614, 1.1549265739239851, 0.9426589309134702, 0.17276311541167946
0.15304817414861546, -0.28827505205358844, 0.5850697785440296, 1.1549536445893749, 0.9426442423051324, 0.17273507137614938
0.15304243167305415, -0.288260479798621, 0.5850899265943938, 1.1548724068678564, 0.9426303144924275, 0.17273276456510855
0.15303447999555309, -0.2882667064141478, 0.5850938672590208, 1.1548703350228298, 0.9425935515049122, 0.17272480829617426
0.15307773879552877, -0.2882787232950519, 0.5850729164792658, 1.1548962784142005, 0.9427147441834698, 0.17275295239682778
0.15305261690512106, -0.28827896263378117, 0.5850857024953438, 1.1549272740240781, 0.9426201291495252, 0.17273870114427312
0.1530501058528685, -0.28827283666357506, 0.5850799749762738, 1.154888363365726, 0.942648084132195, 0.17274730177760664
0.15305277802480374, -0.28826184500887597, 0.5850854326754437, 1.1548781538245592, 0.9426621567620326, 0.17276781929006377
0.1530620047768395, -0.2882845044117672, 0.5850793654182634, 1.1549298109105588, 0.9426362756921738, 0.17276498260129627
0.15305016245206535, -0.28826940842579857, 0.5850960287430534, 1.1549093954225633, 0.9426421367049139, 0.1727665465283509
0.15304269358088027, -0.28827516146061116, 0.5850912642884075, 1.1548940851635534, 0.9426019659188479, 0.17271343968289884
0.15305720438787362, -0.2882794225154084, 0.5850792479848788, 1.1549396900088806, 0.9426424290938076, 0.17272743623488665
0.15306109720848954, -0.28827539981708716, 0.5850894943655345, 1.1549075770294275, 0.9426633843788742, 0.17274661991161538
0.1530556266309246, -0.28826562318894244, 0.5850826821070024, 1.154913375103489, 0.9426208112995058, 0.1728071610513768
0.15306530832229487, -0.2882692309218014, 0.585086829212503, 1.154910789817982, 0.9426787883929993, 0.17277479875570775
0.15305350134335116, -0.2882709852520503, 0.5850848591093887, 1.1548709184171624, 0.9426684737985033, 0.17273763354350805
0.1530520527694041, -0.288267520714676, 0.5850826821070024, 1.1548897644206488, 0.9426471892615854, 0.17274882969432104
0.15305118174852853, -0.2882737316424813, 0.5850689286412121, 1.1549502077937717, 0.942668211986294, 0.17277052885355862
0.15305769396724814, -0.2882687124800634, 0.5850753339779118, 1.154922562378589, 0.9426643775699347, 0.1727559598303615
0.1530459063808078, -0.28826215545403977, 0.5850779369791065, 1.154927856714107, 0.942621631795289, 0.17279601354351196
0.15305291649501468, -0.2882584334920341, 0.5850779369791065, 1.1548992247834373, 0.9426562990692201, 0.1727865804589016
0.15304448277478583, -0.28827187810177995, 0.5850826675114266, 1.1549242888290954, 0.9426052099221701, 0.17274968793691953
0.15306355988947246, -0.28827117516658785, 0.5850624006455295, 1.1549133168532044, 0.9426940976614908, 0.17276269457018562
0.1530436140642975, -0.2882662713371277, 0.5850714823237292, 1.1549393924444196, 0.942643317849397, 0.17274596508304677
0.1530592790513777, -0.2882737761698049, 0.5850717188799504, 1.1549309034818365, 0.9426726355006656, 0.17275364915808833
0.1530568083309856, -0.2882764546659466, 0.5850715002751452, 1.1549159350959761, 0.9426348962566558, 0.17275692571328638
0.1530544513724265, -0.2882770154667592, 0.5850763517551559, 1.1549603258234544, 0.9426369975315848, 0.17274573531252704
0.15305084746563885, -0.2882652060551124, 0.5850986914289776, 1.1548774918455025, 0.9426250119760695, 0.17277960666036943
0.153054218398393, -0.2882755161914109, 0.585077259721149, 1.1549219728749862, 0.9426634016169484, 0.17271706480934312
0.15305135566844563, -0.2882682291550602, 0.5850826675114266, 1.1548958739497508, 0.9426395950601045, 0.17273986978481642
0.15306946250153156, -0.2882802445013798, 0.5850699857091561, 1.1549462719170043, 0.9426728334794471, 0.17274455964837723
0.15307269993922734, -0.28828042533865283, 0.5850635657247386, 1.1549635722446794, 0.9426905121862469, 0.17277942972494703
0.15304417261945305, -0.28826897448938876, 0.5850789926409745, 1.1549238617211877, 0.9426433389462118, 0.17275541542628187
0.1530600476488983, -0.2882694708790963, 0.5850839365924921, 1.1548926902321077, 0.9426622938960959, 0.17275773005928055
0.15305839105966856, -0.28826800403123365, 0.5850753485713365, 1.1549222777862098, 0.9426652560705057, 0.17277454547556442
0.1530588036532814, -0.2882760100792438, 0.5850810261266203, 1.1548989973324226, 0.9426536175735766, 0.17271028632039756
0.1530492081452253, -0.28826373770428965, 0.5850807707579283, 1.1548953465722993, 0.9426412984659878, 0.17277696006549173
0.1530525157930302, -0.2882705214866875, 0.5850762041829096, 1.154919614863983, 0.9426482078440994, 0.17272859354970754
0.15305543886804307, -0.28828136845877117, 0.5850641521018463, 1.154948125603408, 0.9426511291974418, 0.1727251685959515
0.15305262526208513, -0.28825690883674954, 0.5850930617165545, 1.1548548632849407, 0.9426892957998079, 0.17274864456989417
0.153074579821655, -0.2882820691783011, 0.5850624624470178, 1.154922751295049, 0.9427015701203707, 0.17274287117553894
0.1530555505157616, -0.2882705705830693, 0.5850848300655966, 1.1548894304643216, 0.942646847332459, 0.1727488718861215
0.15305081537710694, -0.28826382401857376, 0.5850845626402303, 1.154886474297963, 0.9426704492280773, 0.17276562763116607
0.15307107589405014, -0.288280340904964, 0.5850691066117504, 1.1549432869933807, 0.9426951808477605, 0.1727426531480404
0.1530649551943161, -0.2882750336024831, 0.5850743694538452, 1.1549347198274675, 0.9426510763068755, 0.17277522592196357
0.15304323122870195, -0.2882733867944153, 0.5850818182984858, 1.1549601290171518, 0.9426360660868482, 0.17270793302283852
0.1530636146009745, -0.2882897943445455, 0.5850710947613644, 1.1549658095454043, 0.9426662011492912, 0.17270451205854268
0.15304253406719476, -0.2882653810302851, 0.5850871905318814, 1.1548894006720658, 0.9426097171711854, 0.17274228254683394
0.15305970545793104, -0.288285090090879, 0.5850700001576086, 1.154945028178375, 0.9426723454686943, 0.17270491893391177
0.1530507677051428, -0.2882738318599595, 0.585079916885115, 1.1549014433176386, 0.9426316251040247, 0.17271163956763091
0.1530464351435876, -0.2882783703434478, 0.5850734824593389, 1.1549297360453972, 0.9426344561302578, 0.17270848045984538
0.15304602777872944, -0.28826843568073457, 0.5850940004627253, 1.1548949768977994, 0.9426027531748505, 0.1727520502932266
0.15304461814010656, -0.2882599922514218, 0.5850898975418642, 1.154890585573557, 0.9426091040957234, 0.1727441959115048
0.15305170505610105, -0.288278138596376, 0.5850763662043822, 1.154947923861783, 0.9426510304618674, 0.17272553782581992
0.15304987548782728, -0.28827654096286875, 0.5850688205417947, 1.1549358868907653, 0.9426279832232212, 0.17273725731938136
0.1530447578481075, -0.28826644027265036, 0.5851004703943505, 1.154899252924914, 0.9426155595064442, 0.1727051632675225
0.15304239056269406, -0.28826045279329626, 0.5850948107259546, 1.1548779650363417, 0.9426233717519028, 0.1727425402104583
0.15305744293923243, -0.2882756941589979, 0.5850755105584806, 1.154915737819221, 0.9427082251299451, 0.17271315967466944
0.1530655188183698, -0.2882693530300161, 0.5850624594269235, 1.1549521611605826, 0.9427044912913288, 0.1727793721621291
0.15306238890021262, -0.2882740862658153, 0.5850707963074763, 1.154963912196556, 0.9426526873280549, 0.17277374412722601
0.15305120109807147, -0.288275110895239, 0.5850877283171646, 1.1549178070154862, 0.9426497849832842, 0.1727459239902033
0.15304753249706693, -0.288263620588154, 0.5851005284972276, 1.1548807602625766, 0.9426390705472351, 0.17275045088526725
0.15305139075086832, -0.28826325490097676, 0.5850854036296953, 1.1548844878151534, 0.942653759109934, 0.1727403625452954
0.15304088987154996, -0.2882687710889339, 0.5850949585255879, 1.15492408780809, 0.9426051103485994, 0.17275005684869532
0.1530558527722094, -0.28826712950273137, 0.5850817740384417, 1.1549167242416691, 0.9426347606012658, 0.1727777971929523
0.1530450021120137, -0.2882627364568597, 0.5850976300097607, 1.1548925084741686, 0.942588241933474, 0.1727823803416938
0.15304766633954994, -0.288272029219763, 0.5850858025739002, 1.1549295546560918, 0.9426362404537927, 0.17276537552818322
0.15305135566844563, -0.2882682291550602, 0.5850826675114266, 1.1549075231220585, 0.942626163926162, 0.17275912106248154
0.15304621779896455, -0.2882685646929303, 0.5850836255152314, 1.1549072780026142, 0.9426623681930767, 0.172708614667914
0.15304833831719078, -0.288267823723653, 0.5850931360667535, 1.154891707537533, 0.9426259790998817, 0.17276872870448143
0.15306466529421733, -0.2882699693747899, 0.585077259721149, 1.1549229927073108, 0.942664692816478, 0.17277520297562843
0.15305325028578914, -0.2882746962203736, 0.5850876992740794, 1.154918728081785, 0.9426484394648269, 0.17272809260400154
0.1530546530293569, -0.28827854480411175, 0.5850903442105901, 1.1549223685334022, 0.942625512381632, 0.17271135553259787
0.15305177472657702, -0.28826599922482476, 0.5850931360667535, 1.1549038853334477, 0.9426127502097821, 0.17280742391929313
0.15306248610254347, -0.28828746872885447, 0.585053333725092, 1.1549772625082697, 0.9426896867750962, 0.17271078738826914
0.15304262788518663, -0.28825346826074366, 0.5850993045198336, 1.1548555480943772, 0.94261324848353, 0.17273713322416956
0.15306377731801274, -0.2882790283002134, 0.5850775559945806, 1.1549483632689417, 0.9426146861564665, 0.17279552984660887
0.1530432631595741, -0.28826605455501453, 0.5851013337768871, 1.1548568350379815, 0.9425920202989497, 0.17273634464830723
0.1530432624565065, -0.2882681796668622, 0.5850752153660346, 1.1549149748492502, 0.9426352134757823, 0.1727564565694968
0.15304499804931432, -0.28826274114137784, 0.5851022919271721, 1.154869180096253, 0.942615331431435, 0.17274378464767148
0.15303810649220762, -0.2882650111675222, 0.5850834923702551, 1.1549064634563442, 0.9426265056689531, 0.17273931968936504
0.1530453076685219, -0.2882677699179937, 0.5850798482393019, 1.1549218063696705, 0.9426272455514645, 0.1727483507595868
0.15305916539424833, -0.2882686999044735, 0.5850799459326488, 1.1548898924549758, 0.9426476931169745, 0.172768358261492
0.1530688147874684, -0.28827097430774784, 0.5850801761332327, 1.154896227461206, 0.942678467191627, 0.17278454187102021
0.15304921223266382, -0.28828075416353904, 0.5850614780746758, 1.1549678808717923, 0.9426451746754771, 0.17272407438705942
0.1530624109675022, -0.28828394005094193, 0.5850748698444007, 1.1549512226826137, 0.9426649355269726, 0.17271544821648965
