0.1841405408889092, -0.23810062036264482, 0.6045608651135963, -0.2949114361857312, 1.6216097716218905, -1.212043520408663
0.18413246895927876, -0.23808976457305342, 0.6045739233412761, -0.29489745168792364, 1.6215569075692937, -1.212043321384533
0.18416288841488493, -0.23810432933985326, 0.6045509962887, -0.2949795524574453, 1.6216356986167695, -1.212030453764235
0.1841391159156491, -0.23810358755217764, 0.6045552974296698, -0.2949153976319308, 1.6216261984074263, -1.2120570297341995
0.18413751042208482, -0.23809779364593897, 0.6045539551580261, -0.2949213517068133, 1.6216057204273369, -1.2120350789227812
0.1841251283341619, -0.23809958307432819, 0.604560728701476, -0.29494277346153797, 1.621654901965938, -1.2120837323442095
0.18414755708651542, -0.23810295487277275, 0.6045432165315163, -0.2949439057972883, 1.6216638926216005, -1.2120603300134865
0.1841369072652562, -0.23809709437983997, 0.6045641305953778, -0.294948681238757, 1.6216035289039548, -1.2121016263133644
0.1841269454813274, -0.2381006038021591, 0.6045563182992751, -0.2949131272108973, 1.6216181745627305, -1.2120796535800076
0.18411663252661897, -0.2380937971828544, 0.6045773781605185, -0.2949071885593818, 1.6215525478503963, -1.2120942033123931
0.18414620607595017, -0.23809996928013294, 0.6045497297265447, -0.29494720827387017, 1.621631039642787, -1.2120435000831102
0.18413941986873172, -0.23809622198169592, 0.6045585917334431, -0.29493084751933013, 1.621606249515845, -1.2120435609938764
0.18415097776983302, -0.23810898806498226, 0.6045381319290852, -0.2949442129766488, 1.6216953682690975, -1.2120208019480452
0.1841557799836913, -0.23809999559853107, 0.6045510575920434, -0.2949189010660306, 1.6216425689097165, -1.2120106387790148
0.1841300472374709, -0.23809929977926714, 0.6045609117363083, -0.29489228371026666, 1.621626616775161, -1.212095523769808
0.18413475984699768, -0.23810190887857133, 0.6045538830830732, -0.29489221147643674, 1.6216266740140766, -1.2120957399197845
0.18413858114263934, -0.23810550819499043, 0.604544677515926, -0.2949285577737712, 1.621683776524727, -1.2120735775349394
0.18414015271697703, -0.23810415672190563, 0.6045543807780764, -0.29492866329914874, 1.621638738875448, -1.2120614200640314
0.18414962309986938, -0.2381127810586582, 0.6045430975990667, -0.2948749565394931, 1.6216743329889827, -1.2120507819991535
0.18414493997008463, -0.23810752705807095, 0.6045506564494904, -0.2949212848937357, 1.6217001862136018, -1.2120767974186877
0.184153306172674, -0.23810613285696416, 0.604535271037289, -0.2949470010273964, 1.6216761424664157, -1.2120558785164364
0.18413587983912227, -0.23809802804319702, 0.6045548939750496, -0.2949485448184626, 1.6215984986173073, -1.2120847083692559
0.184133432432927, -0.2380962866299144, 0.604560926066697, -0.2948911784116113, 1.621618031765276, -1.212059936489309
0.18414197791746223, -0.2380976106671003, 0.6045388848370562, -0.2949746250140974, 1.6216199421276152, -1.2120758235302846
0.18414915054899883, -0.23810764637192816, 0.6045551641776278, -0.29493518006190117, 1.6216315160877335, -1.2120923067282618
0.18417322195346725, -0.23811717784965808, 0.6045321797026919, -0.29492616858759085, 1.6217122475389858, -1.2120147495288387
0.18414436227241887, -0.23809786895856774, 0.6045705904465164, -0.2949108906991924, 1.62156441242612, -1.2120309939117022
0.18414424041247351, -0.23810002359803584, 0.6045552829589438, -0.29495435264646214, 1.6216235856458794, -1.212074720741893
0.184138575843161, -0.2380991657649976, 0.6045636083224875, -0.2949218617090235, 1.621582398339157, -1.212110472240689
0.18414187012243483, -0.23809756317311948, 0.604552107397923, -0.29497785667798065, 1.621632060007075, -1.2120708340588522
0.18415252269513635, -0.23810347416758604, 0.6045585551112785, -0.2949668211367061, 1.6216679239258567, -1.212038347683561
0.1841392952546359, -0.2381006492033464, 0.6045567008477978, -0.29491794921331516, 1.6216475210179735, -1.212086344420725
0.1841267812381142, -0.23809789384226732, 0.604562788099636, -0.2949061902361418, 1.6215939705381375, -1.212088412575829
0.18414678638510412, -0.23810145480256778, 0.6045631239679867, -0.2949107824729009, 1.6216099856828257, -1.21204305470421
0.1841284781819689, -0.2380988292493823, 0.6045656059050335, -0.294892348821162, 1.6216176355439944, -1.2120608556136367
0.18413584998481175, -0.2381040540319347, 0.6045701383901312, -0.29488248016215696, 1.621621679032604, -1.2120693227982717
0.1841308538293668, -0.23810128151959634, 0.6045687816315047, -0.29488944147365015, 1.6216098262219458, -1.2120830437915127
0.18414179013991072, -0.23809868239600823, 0.6045617672643055, -0.2948975469898576, 1.6215974370782056, -1.2120386594363595
0.1841328254443455, -0.23809749619982315, 0.6045743636010457, -0.2949154852433654, 1.6215900677647932, -1.2120791923085064
0.18414306346736875, -0.2381095301345735, 0.6045464353303601, -0.29492247505385066, 1.621654850650564, -1.2120659813324646
0.18414830153546546, -0.2381071505167811, 0.6045501409141494, -0.2949245148803387, 1.621667390313451, -1.2120601835933171
0.1841465115716125, -0.2381061755957173, 0.6045603596897984, -0.29490119241909835, 1.6216544527423187, -1.2120465236922813
0.18413322401275087, -0.23810374197229062, 0.6045719571439866, -0.2948763374635229, 1.6216017091543597, -1.2120962583082802
0.18413873066372305, -0.23810037290701483, 0.6045672917756061, -0.29488507340577774, 1.6215980378592845, -1.2120867960832156
0.1841364350370892, -0.2380968015287026, 0.6045544562132243, -0.29493769423896016, 1.6216394174721556, -1.212069338709976
0.1841594014927409, -0.23810726076901578, 0.6045366563922564, -0.29494965517455485, 1.621679552280903, -1.212016097926667
0.18414978892149103, -0.23810196966166686, 0.6045566541042146, -0.29495729795122794, 1.6216313707729573, -1.2120524567049784
0.18413753414415707, -0.2380951570522657, 0.6045544850101884, -0.2949779078031017, 1.6216320273318825, -1.2120707237450932
0.1841420839977066, -0.23810862791797527, 0.6045612618824601, -0.2948788354653191, 1.6216501892764839, -1.2120687469834077
0.1841335051119613, -0.23810385497608663, 0.6045529807787282, -0.2948858058054994, 1.6216383529962932, -1.2120825692576744
0.18414122465720673, -0.23809834987499895, 0.6045651293872727, -0.29491028764687466, 1.6216461504720003, -1.2120197738160219
0.1841423424224602, -0.23809785606370099, 0.6045617817369913, -0.29490745366056237, 1.6215933695104912, -1.2120301166516159
0.18414572610224766, -0.2381083641046023, 0.6045417697999578, -0.2949117319193435, 1.621654733277852, -1.2120565593988315
0.18414442628178612, -0.23810877655975132, 0.6045510575920434, -0.29493226184048443, 1.621659755267322, -1.2120919798127359
0.18412921592662645, -0.2380954502955302, 0.6045616308966765, -0.29493816719614463, 1.6216387055388015, -1.2120698594080677
0.18414316679743908, -0.23810093235024857, 0.6045590462936867, -0.2949478739408161, 1.621630784558988, -1.2120437583774712
0.18415231134243437, -0.2381108794573192, 0.6045422241670717, -0.29491784373305374, 1.6216747111389267, -1.2120296275373923
0.1841426461002974, -0.23809049050706121, 0.6045650760074655, -0.29497339441213527, 1.6215751585491953, -1.2120619383279916
0.18413963298025696, -0.2380985584264342, 0.604497881186317, -0.2948752205432162, 1.621516346873378, -1.212090632426705
0.184173162998019, -0.23811685100491486, 0.6043134927031083, -0.2949524663919121, 1.6217021767254574, -1.2120513606374903
0.18418136342604347, -0.23812110042105483, 0.6041352949177874, -0.29494643868362774, 1.6218361976470235, -1.2119671947773087
0.1841594539582174, -0.23812267658726943, 0.6039552638520753, -0.29488252210720567, 1.621787318306549, -1.2120036984879872
0.18411639660956608, -0.23810004131753404, 0.6037207111474218, -0.29484200472118655, 1.6215518820098958, -1.212098915386302
0.18415224812234274, -0.2381178928003777, 0.6033989212847466, -0.2949002912525458, 1.6218273874730667, -1.2120104292473948
0.18413734981776606, -0.2381206398368022, 0.6030880771963993, -0.29486019002578184, 1.6218759815720594, -1.2120124537796908
0.18414698347520414, -0.23811272121741328, 0.6027258421752091, -0.2949210727891297, 1.6217802197535367, -1.2119576993900365
0.18412962107317904, -0.23811157138043185, 0.6023145467167337, -0.29489144999473815, 1.6217854630796154, -1.211958232058728
0.18412004774439072, -0.23809584878550832, 0.6018751315802549, -0.2948478719336118, 1.6217703908145804, -1.2118595111395774
0.18410950816381938, -0.23809801055989188, 0.6014013570660328, -0.2948845423238493, 1.6218104396888526, -1.2119414569891904
0.184116536736546, -0.23809519321308814, 0.6008838339855072, -0.2948651399575813, 1.621776241086361, -1.211899553111718
0.1841465634755758, -0.2381060796472443, 0.6003014980784991, -0.29494966164561576, 1.6219923920654242, -1.2118188876713805
0.18412476579889708, -0.2380871766550721, 0.5996988658288323, -0.2949217276872939, 1.621849026902672, -1.2118391022349597
0.18409322310247664, -0.2380865641452955, 0.5990726445897718, -0.29490811668449807, 1.6217710187174368, -1.2119721516710025
0.18410678853664875, -0.2380929066715106, 0.5983719040475337, -0.2949439595012027, 1.6218633164649527, -1.2118676586988137
0.1840858263148739, -0.23807414811763672, 0.5976415175551798, -0.29489238200226786, 1.6217065630636591, -1.2118773305511361
0.18408558044759532, -0.23807408408678124, 0.596890434409515, -0.2948961071761589, 1.621776138667909, -1.2118783585923754
0.1840838344880743, -0.238069865693765, 0.5961604458252706, -0.2949134728533494, 1.6217720717230595, -1.211877144258557
0.1840909641200772, -0.23806381155974057, 0.5954639625301313, -0.2949888935029008, 1.6218531873268152, -1.2117546572643925
0.18405450570481946, -0.23805052195586335, 0.5948628636936756, -0.29493071681631994, 1.6216442423234805, -1.2118887404473437
0.1840585982011801, -0.23803971243970423, 0.5942505142214866, -0.29499612667273056, 1.6217335692213763, -1.2117890220922287
0.18403872942472066, -0.23805156636359212, 0.5936853778631479, -0.29494086035005856, 1.6217853148652202, -1.2119034177072774
0.18403680603785588, -0.23804296294805294, 0.5931586335766572, -0.2949399108785374, 1.6218842428444735, -1.211734851434498
0.18405654475856004, -0.2380475837055266, 0.5926362669849535, -0.29498749354671094, 1.6218671018802757, -1.211703871285061
0.18402584906913083, -0.23802251507138272, 0.5922433811520107, -0.2950141676967776, 1.6217034814240703, -1.2118009009738262
0.1840158994137447, -0.23802239119534682, 0.5918168677253691, -0.2949791346649291, 1.6218148764102778, -1.2117710243580218
0.18400050465042542, -0.23801763588433797, 0.5914835026930381, -0.2949147314279934, 1.6216032498618016, -1.2118330509974093
0.18402329933619282, -0.238021502090133, 0.5911554011030726, -0.2950139143385555, 1.6217445578363403, -1.2117449642057545
0.18399634195848963, -0.23801630747234873, 0.5908525375994164, -0.2949787640549814, 1.6217292672361794, -1.211770148874078
0.18400519987695152, -0.23801039169634491, 0.5906233029019892, -0.2949502350902414, 1.6216331507961614, -1.2118110125918582
0.1840061046760835, -0.23800496892749762, 0.5904150154425166, -0.2949685035371904, 1.621612378369651, -1.2117460645020701
0.1840028236885854, -0.23800668598874014, 0.5902799935631479, -0.2950382195559625, 1.6217297436556104, -1.2117604372584694
0.18401785331174647, -0.2380114095358189, 0.5901114925031177, -0.29504254304484995, 1.621778042209501, -1.2116791330065018
0.1839864909593096, -0.23800639515444807, 0.5900508581246405, -0.29497351609965655, 1.6216348191987409, -1.2117862773160115
0.18397819186012604, -0.2380044180718809, 0.5900114230861186, -0.29493837619184426, 1.6215365107575332, -1.2118163969910485
0.1839692015197091, -0.23799674590125353, 0.5900116276968238, -0.2949640401437378, 1.6215983732107973, -1.211801023395238
0.18395682060286284, -0.23798990788291047, 0.5900332504719659, -0.2949545833507056, 1.62156116877393, -1.2118146762071746
0.18399808222242744, -0.23800559408061545, 0.5899851310163933, -0.2950270262643472, 1.6217164414713825, -1.2117069046430786
0.18398535069603172, -0.23800828867737234, 0.5899844259734082, -0.2949727786395681, 1.6217078811244865, -1.2117417798424512
0.18396516497611093, -0.23800372393266764, 0.5900232705752305, -0.294915145783802, 1.6216005945533336, -1.2117749773382556
0.1839671590919557, -0.23799070531426997, 0.5900137373306735, -0.29499270424926916, 1.6216270024738162, -1.211769311033197
0.18398385026788172, -0.23800259559454576, 0.5900023209612385, -0.2950095543299742, 1.6216516612996656, -1.2117699434344018
0.18397369164989535, -0.2379969605163419, 0.5900040191613347, -0.29500343906575255, 1.6216277231798573, -1.2117789878918261
0.1839677103409796, -0.23799477869912242, 0.5900074288609347, -0.29497009926230855, 1.6216183801668151, -1.2117741589356892
0.1839924711086222, -0.23800851506183512, 0.590001301884498, -0.2949926313472165, 1.6216676129610441, -1.211764874557655
0.1839864315421361, -0.23800178971171881, 0.5899921053630787, -0.2950220006811601, 1.6216555860541475, -1.2117396762377317
0.18397537736828423, -0.23800556123629582, 0.5899944529989108, -0.2949735910459717, 1.6216710545785111, -1.2117656447689618
0.18398614954952225, -0.23801644451926218, 0.5899948047994547, -0.294970710642918, 1.6217037633217743, -1.211783037242299
0.18398277294045262, -0.23800539178529317, 0.5900106881680739, -0.29498312657783515, 1.6216759625569497, -1.2117906087241253
0.18398963381294492, -0.23801070840610594, 0.590001301884498, -0.29497324929924756, 1.6216711277056068, -1.2117648294936998
0.18397941048958544, -0.23800166019159408, 0.5899944809454277, -0.2950127644612861, 1.6216594160974438, -1.2117485780105353
0.18397663922949412, -0.23801274077095358, 0.5900092857116197, -0.2949815510630173, 1.6216633431459146, -1.2117980466209601
0.18397426755127128, -0.2380125171842472, 0.5900064423274429, -0.2949859000021276, 1.6216435779111935, -1.2118338183563135
0.18396078807066557, -0.2380174773367442, 0.5900134670387668, -0.29491791188243344, 1.6216581304899034, -1.211842010070514
0.18395030859602776, -0.23803323480869656, 0.5899902436798954, -0.2948874693555494, 1.6217384523001857, -1.2118649703560673
0.18394590412791856, -0.23804317027133676, 0.5899756829069651, -0.2948853386599297, 1.6218529918245141, -1.2118719650501384
0.18395377014308048, -0.23808212057472744, 0.5898761414704288, -0.2947157293880418, 1.622190208094188, -1.2117497707021807
0.1840257982984554, -0.23830774250443662, 0.5886986537901661, -0.2922517950159541, 1.6252571986952136, -1.2091588646614357
0.1839658961176882, -0.2385130404350123, 0.5867412524364283, -0.287547119112633, 1.6279916313216618, -1.206272246562995
0.18358766942812338, -0.23859412738477495, 0.584449376304018, -0.27999590947946923, 1.6278899068137773, -1.2040269592882316
0.18275719248408276, -0.2385766691576782, 0.5817080519098132, -0.26878461187136865, 1.6260681402709531, -1.202662702694249
0.18153661726176454, -0.2384517896160261, 0.5789147601128363, -0.25484450381287477, 1.6219362897755862, -1.2022269687233695
0.1805339631180608, -0.2384033714255246, 0.5763567832724714, -0.24331887882615916, 1.6178420210213116, -1.2030914573335179
0.17990141427796047, -0.23837144788776884, 0.5743785629892594, -0.23595655058588846, 1.6152231176238785, -1.2035909792318158
0.17946622431322923, -0.23832275278604415, 0.5729341887595633, -0.2309496412996096, 1.6132026281262806, -1.2037577337369672
0.17914082104928855, -0.2382683489836944, 0.5723666756859985, -0.2274615469654549, 1.6105741838584375, -1.2041397003601642
0.1788808305028221, -0.23816721282289152, 0.5723747612969564, -0.22607042395844681, 1.6077869883844422, -1.205190662055242
0.1788875707693206, -0.2381635343232909, 0.5723738628167713, -0.22611184931611883, 1.607794019543421, -1.2051864422363698
0.17890655220572793, -0.2381718012867135, 0.5723691285417898, -0.22620065459820166, 1.6079501028878027, -1.205141075208207
0.17887997151117166, -0.2381731611750763, 0.572383971647059, -0.2261054027263127, 1.6078907675792, -1.2051842512527664
0.17885398559546947, -0.23815235636874382, 0.572408316880744, -0.22615771627761316, 1.6076237007189658, -1.2053686491112554
0.17855393525110164, -0.2379827704656388, 0.5725155165118676, -0.22515598979542228, 1.6042327935965521, -1.2069585333616928
0.1779086369048322, -0.23759059040372932, 0.572342742670541, -0.22275178973439466, 1.5956482905169385, -1.2113239207864532
0.1772335377205978, -0.23697030310199332, 0.5720067247580656, -0.22040711251141734, 1.5820845140174495, -1.2181314459635233
0.17654693702029364, -0.23632508193480292, 0.5716268416521824, -0.21831360885202472, 1.567824449156171, -1.225191733766166
0.17589402072993326, -0.23589550229165168, 0.571263201551513, -0.21563453272863145, 1.5576846971585152, -1.229914066694116
0.17544690735631366, -0.23559921529461886, 0.5710630600927924, -0.21387744812749554, 1.550726584928248, -1.2331174972469467
0.17514002191391403, -0.2354167009232666, 0.5709811795306617, -0.21253871608674896, 1.5460275967733523, -1.2352963045151726
0.1749099997405924, -0.23526592224667037, 0.5709555135810277, -0.21187596531688738, 1.5427009392366324, -1.2368442468986944
0.17489194869771277, -0.23524503167915214, 0.5709214511316779, -0.21187832276759908, 1.5421426225991577, -1.2371110857322745
0.17495615905556622, -0.23529454184301454, 0.5708571938889018, -0.21188987323773714, 1.5425951928363764, -1.2369865522892651
0.17495675733304167, -0.23527804849945544, 0.570863531900569, -0.21202140623164864, 1.5422768669942841, -1.2371838266608421
0.17479585514402074, -0.23519039211191517, 0.5707283772274607, -0.21128323686994163, 1.5400023529126927, -1.2382297129401125
0.17477247674617657, -0.23521493670749793, 0.5706310435622982, -0.2107918493797187, 1.540203568597046, -1.238396977567131
0.1749810424946561, -0.23550420712103462, 0.5680615392925726, -0.20774761676290238, 1.5494124863916552, -1.2327024574868097
0.17525522347485786, -0.2361150336962176, 0.5624417309276075, -0.20124424245521425, 1.5715237420221213, -1.2180305245803347
0.17576227849910483, -0.2370676020432741, 0.5543433949767418, -0.19304733031807422, 1.6027413517719844, -1.1977139594620712
0.1761479738151607, -0.23803450047438912, 0.5446387407553213, -0.18406863636219833, 1.6386138979366878, -1.1743166073806313
0.1766971420943183, -0.23879626361083886, 0.5352318968499179, -0.17982656447013992, 1.672864706061252, -1.1531999685974208
0.17746655482222307, -0.23903994869275386, 0.528775515478883, -0.18483744020004542, 1.6975574962569184, -1.1406634476220097
0.1784451347791445, -0.23873276487504788, 0.525228962169657, -0.20058675495815154, 1.7140827132023988, -1.1354891836894911
0.17989190935560812, -0.23792886917148778, 0.5242698697328173, -0.22745789419858214, 1.723827327501374, -1.1373116896759319
0.18157345742037917, -0.23680654740951673, 0.5251420391069626, -0.2608073023496256, 1.72822462823618, -1.144147428142448
0.18329669175870517, -0.23571904085643142, 0.5265513614976437, -0.29463901064866205, 1.7302338242234507, -1.1527091183659417
0.1846850174220899, -0.23473225560901478, 0.5278425071427222, -0.32258226443833243, 1.7302508291632142, -1.1606225336986122
0.1855185058898673, -0.23388813985550644, 0.5294533395426784, -0.34283830502914375, 1.7271022381773318, -1.1681926122762396
0.18601341565132934, -0.23323914740203985, 0.5306160294850112, -0.35710793166666754, 1.7236279055553851, -1.1746153241825925
0.18626660340825024, -0.23281410317243834, 0.5313546366165659, -0.3665293278859468, 1.720962776772624, -1.179432492059495
0.18653436949418928, -0.23253231506249614, 0.531746220505859, -0.3735876234677059, 1.7195644244191866, -1.1826279004923212
0.18662714567388738, -0.23229261213442814, 0.5321990567899606, -0.37816872012195524, 1.7178882465052423, -1.185225995193442
0.1866524130974473, -0.23197517528590356, 0.5329462188752668, -0.38309625935444275, 1.7154603260229417, -1.1880261106165737
0.186813865884928, -0.23153840619153312, 0.5345057346560086, -0.3908053482098002, 1.7113515732313986, -1.192730388936101
0.18700580056746827, -0.23099868948168079, 0.5366909356186473, -0.40019316077779954, 1.7051691684348529, -1.199587914754458
0.18719138712736982, -0.23046254117464526, 0.5387920509061849, -0.4095458500251523, 1.6980946421452239, -1.2073932640928184
0.1872875070107974, -0.22996382178997177, 0.5409380398501213, -0.4179353424919243, 1.6903406268828955, -1.2156306542437267
0.1873074936994521, -0.22948958288961446, 0.5431465898055354, -0.42529598066613133, 1.6825863595746555, -1.223211776808837
0.18738615668736613, -0.22909703307859977, 0.5451144297919118, -0.43205603509024443, 1.6758846101813674, -1.2300397022180867
0.18762622271929702, -0.22888097560834017, 0.546436672271409, -0.4385347626501248, 1.6727142304992761, -1.2343867365191221
0.18776475347377763, -0.22869588262226703, 0.5470285234899089, -0.4432007635680094, 1.6708448515549503, -1.2371122740435534
0.1877995091352218, -0.22850638855405242, 0.5473620833627123, -0.44659624680057847, 1.6693341754874043, -1.2389486680447277
0.1878084620308436, -0.2283460420376316, 0.547743770342673, -0.4486608734195832, 1.6678444775389587, -1.240007236850394
0.18784917332445056, -0.2282246605306722, 0.5479978656724732, -0.4505282911122548, 1.6669378908297676, -1.2410872519907203
0.18789656766440044, -0.22810098651921645, 0.5482142640405505, -0.4526205611620643, 1.666056318137587, -1.2422295803885548
0.1879454351708445, -0.22789592468261144, 0.5485396262418756, -0.4555298638946567, 1.6646384970203554, -1.2434744438973298
0.18809621282856318, -0.22771164097085503, 0.5487553534310877, -0.4596338680095004, 1.6636582578760202, -1.2452546565312217
0.18841816002767559, -0.22760860006326816, 0.5485920293814175, -0.4646690985440159, 1.6639908677904864, -1.2466472624686233
0.1885708320725012, -0.2275114122315068, 0.5485984539235034, -0.4679372875916409, 1.6634670226199193, -1.2479814439627526
0.1884721745700212, -0.22736079587778765, 0.5489978787963997, -0.46876398414752735, 1.6618110905712324, -1.2489166984564424
0.1883635257174605, -0.22730077935449178, 0.5493333334311192, -0.4685606115843706, 1.6610665833840754, -1.2491889348690826
0.18832236568607358, -0.22727536138038465, 0.5494373632198444, -0.4685574181277822, 1.6608381206481686, -1.2493096476473955
0.18837304971394717, -0.2273124407478601, 0.5493309481821828, -0.4686327231984902, 1.6613367802703534, -1.2491276786866132
0.1885456878675564, -0.22740376443978813, 0.5490224342683997, -0.4689559751564743, 1.6623009703907137, -1.2487703582830731
0.18859358895669215, -0.22742645454846905, 0.5489211516807186, -0.4690297587651222, 1.6625452840554258, -1.2486738646559024
0.18852041389994648, -0.2273939308953713, 0.5490740228441973, -0.46885548404666627, 1.661980799154385, -1.248883252284178
0.18834802584385152, -0.22730119293950862, 0.5494088807320571, -0.46839586307799896, 1.6607224463678718, -1.249406976557879
0.18827733390319276, -0.22727064797692192, 0.549575919662359, -0.4683448704763772, 1.660419444125628, -1.249581445610267
0.1883376338955036, -0.22729740093908615, 0.5495192839192854, -0.4685168968895669, 1.6608192768790178, -1.2494083307345956
0.18853085102109474, -0.22740378169445263, 0.5492115309146541, -0.4689388914361258, 1.6620667668821905, -1.2489617849447043
0.18857898945217313, -0.22742913463186956, 0.5491285446185664, -0.4690363141516646, 1.6622859077882028, -1.2489016468865448
0.18858504931974984, -0.22744056997960896, 0.5490961801323885, -0.4689683773208127, 1.6622183865652527, -1.2489580506944196
0.18865127566126977, -0.22747251487881645, 0.5490294317208536, -0.46909223637437014, 1.6626669952002464, -1.2487510612849522
0.18867096460456, -0.22747418332678285, 0.5490383024939117, -0.4691372266748885, 1.66257789809942, -1.2487924619804336
0.18858205954652668, -0.2274425212918688, 0.5491260762622449, -0.46884686506024664, 1.6619353227873372, -1.249127690249815
0.18798430430171098, -0.22720920728564337, 0.5493693862510993, -0.46626175610912185, 1.6559396824013712, -1.2530093287815491
0.18719385036806302, -0.2265579897929968, 0.5501423206975625, -0.46324519335468023, 1.6411888281670395, -1.2625053951958258
0.18633529449959804, -0.2258101149800206, 0.550805503662059, -0.45868012065796876, 1.6216674507912332, -1.274934081818537
0.18535859179909123, -0.22522313669671906, 0.5507302061735967, -0.4512141676169146, 1.604500743229262, -1.2850161800703885
0.18440479643008137, -0.22472861954998466, 0.5505399232330942, -0.4456074431779868, 1.5917981973909363, -1.2926446427698757
0.18371304840732813, -0.22434539905738832, 0.5504366726789733, -0.44164116749351207, 1.5824985927390478, -1.297862035956774
0.18321505405762034, -0.22405562573565047, 0.550405903632208, -0.43905024172807333, 1.5755853520457352, -1.3016255698428747
0.1828628148636916, -0.22388469635600167, 0.5504052683649919, -0.4369119241209444, 1.5708346641059314, -1.3043728516135324
0.18263583962086788, -0.22375080274213682, 0.5503869851547939, -0.43578438064266434, 1.567747641469741, -1.3060496768126046
0.18244477328344125, -0.2236559418776065, 0.5503286677852404, -0.43480265403890234, 1.5653525288839452, -1.3074709886608074
0.18224217093928763, -0.2235408769242409, 0.5501254988337628, -0.43344424158819406, 1.5623013997385018, -1.309451444739989
0.18205986671329305, -0.22334493526483834, 0.5494096735063578, -0.4326527491952945, 1.5594123309108727, -1.310905968492459
0.1818782692026786, -0.22326621160462296, 0.5493258002284874, -0.43128586694385906, 1.5565973564689723, -1.312677092182437
0.18196547062924473, -0.2233656851360192, 0.5482884810360134, -0.43061530378012197, 1.5588009726475955, -1.3116238692965259
0.18195667643975438, -0.22369645401178267, 0.5459990172503812, -0.4253639156420254, 1.565578167790418, -1.3061366328563344
0.1818519045014561, -0.22446578961582075, 0.5418993733950439, -0.41515294594555835, 1.582034657016262, -1.29333856582344
0.18188639271806045, -0.22557531180976628, 0.5359988024886643, -0.40299072950742065, 1.607424808445236, -1.2744269257295613
0.1821497093079859, -0.2268396856132806, 0.5288682278196339, -0.3916194859260351, 1.6379504721516334, -1.2522427745433897
0.1825773464791142, -0.22813347878631607, 0.5215540173615761, -0.38207867728610206, 1.6691240000680836, -1.2297619575778713
0.18302074270147922, -0.22918409562480813, 0.5149402846921631, -0.37593338589249503, 1.697203820247134, -1.2100531437040867
0.18361509570912182, -0.22993434488232892, 0.5095723006312685, -0.3739168611403992, 1.7201362148309551, -1.1945418666457677
0.18442136904831374, -0.23038079857566943, 0.5057714522430361, -0.37715597255282457, 1.737622047972471, -1.1840591205240973
0.1852533400584923, -0.23067460422875594, 0.5034749516120172, -0.38270465195249015, 1.7501356363422533, -1.1776317597625272
0.18586490735095484, -0.23078107690730953, 0.5024873518310268, -0.38949320202845567, 1.7576197238344478, -1.1745730956945373
0.18637653813794508, -0.23080677505878072, 0.5021863404660035, -0.39649808230572203, 1.762580505801214, -1.1735531120276603
0.18677886714011316, -0.2308477688269854, 0.5021912819469524, -0.40174934548269287, 1.7661554190233306, -1.1731035267355758
0.1870566006213659, -0.23087575804993826, 0.5022359765112374, -0.404890947682046, 1.7685560208996325, -1.172459034950129
0.18710698361594474, -0.23091241635415588, 0.5022176297232557, -0.40515889215356443, 1.769449423728683, -1.171974585378593
0.18710142669816215, -0.23090701295723767, 0.5022556387345558, -0.40513787449822036, 1.7694858571500671, -1.1719329848641644
0.18709433489546815, -0.23091215349887723, 0.5023180434621015, -0.404936998244151, 1.7694210004501276, -1.1718440452763126
0.18707031924661013, -0.23089841059212332, 0.5023806593053851, -0.4048250436592922, 1.7692696895731883, -1.1718807312753714
0.18707350652757454, -0.23089278068776709, 0.5023663138858516, -0.4048042395007603, 1.7691648902650245, -1.1718990208864535
0.18708013326556816, -0.23090127032048924, 0.502408864629717, -0.40499530760916513, 1.7692823318150124, -1.1719598142310004
0.18704582719920987, -0.23087757982729767, 0.502492946753502, -0.40490597982671206, 1.7688089435870238, -1.1721936533509654
0.187062883347033, -0.23088264662416247, 0.5024930974731686, -0.40501634579927387, 1.769055709443098, -1.17208904094742
0.18703859095338005, -0.23087610156090682, 0.5025519373132024, -0.4049176623631431, 1.7688053679236937, -1.172241241756989
0.18702326418025844, -0.2308708269760391, 0.5026020381536062, -0.4049313485326272, 1.768636185071755, -1.1723648435055656
0.18703228884483108, -0.2308788054255896, 0.5026037285097051, -0.4048153891627307, 1.7686878502565333, -1.1723008707446685
0.18699972325519887, -0.23087426045472442, 0.5026394624618133, -0.4047424731911633, 1.768562266475016, -1.172407491819915
0.18694385042553893, -0.2308426530715112, 0.5028016968652306, -0.40463036284396137, 1.7680778602984661, -1.1726855782783006
0.18686116600061958, -0.2308361156262971, 0.5028510901369255, -0.4043760914755144, 1.768019465706459, -1.1729356352828235
0.1866546838125831, -0.23080329051097692, 0.503000334275234, -0.4030973925725893, 1.7658121003031522, -1.174915734096826
0.18628473270312293, -0.2307785846090546, 0.5034777001342121, -0.3984895984072933, 1.761548053159163, -1.1764262090946291
0.18595958471733343, -0.23069045649906833, 0.5039403543480961, -0.39521351074854305, 1.75725988128442, -1.1782774335854582
0.18565255131324143, -0.2306274164598403, 0.504171870969047, -0.3936366335192686, 1.7545461323564897, -1.180366675243266
0.18529856342349724, -0.23082530956880623, 0.5047875040130617, -0.388121480484354, 1.7522101852014862, -1.1817353216029318
0.18483293595317274, -0.23160692358514845, 0.5062045463050862, -0.37380956381539476, 1.7512738554068275, -1.1787922734110488
0.18406226428360645, -0.23304503553732747, 0.508130093445324, -0.34844873216578737, 1.7510605176743737, -1.173240184222245
0.18310798951844431, -0.23508428284985156, 0.5099967264335818, -0.3138543003321913, 1.7540839031895847, -1.1631278371499925
0.18193867683938325, -0.23766948948679756, 0.511652411918067, -0.2711983941496656, 1.7602430812757337, -1.1489169168264517
0.1806063288497619, -0.24062141471858634, 0.5130113156715258, -0.2223646236262317, 1.768684353003447, -1.1306931579539452
0.17924108996573512, -0.24371270454187258, 0.5138387959836939, -0.17158802615202454, 1.7782622410565436, -1.1102713141572342
0.17786207702639523, -0.2467189104614238, 0.5139681790922209, -0.12194905551015227, 1.787335849961076, -1.090193726948674
0.17642453135498484, -0.2494951712201034, 0.513517131934029, -0.07428275803348186, 1.7945541135022922, -1.0709488461434666
0.17482458991828234, -0.25205517640435454, 0.5128315089823794, -0.027060722957065395, 1.7987811926298611, -1.0527583653225308
0.17300463662081322, -0.25443684377944115, 0.5121794027056475, 0.02014951578417024, 1.799575477155281, -1.0361790675350364
0.17104525483115746, -0.2565436227045089, 0.5116326103561406, 0.06560530529998412, 1.7964025472755956, -1.0211633854716828
0.16929752687550131, -0.2583574670303074, 0.5107980412160772, 0.10602602203453709, 1.792693506687221, -1.0077010238187327
0.16763491547580742, -0.26007150954479064, 0.5098561678119848, 0.143415999742804, 1.7890161686361494, -0.9955978927665616
0.16611424793009827, -0.26156780416817343, 0.5093385055540051, 0.17661703930684056, 1.7843600615790072, -0.9849989340401881
0.16464802143866264, -0.2630303431491492, 0.5089721352161745, 0.20781462250672428, 1.7792210901594703, -0.9756176691197661
0.16330972249420403, -0.2643835257714907, 0.5087529681970061, 0.23711760232869591, 1.7729276007812163, -0.9670998071721759
0.1618224104045105, -0.26566756222536714, 0.5087194128901692, 0.26602601803039166, 1.7645566435367561, -0.959999370925452
0.16029174836443513, -0.2668212575941751, 0.5088672304934313, 0.29477993106938216, 1.7545279632004915, -0.9525698922561662
0.15868844628792528, -0.26801123792961823, 0.5089835238986381, 0.3242795507693159, 1.7439211329063142, -0.9449776987347748
0.15706482926093118, -0.26916233043741533, 0.5091759556525525, 0.3530920953254284, 1.7329349494224122, -0.9378171520572297
0.15569364092052135, -0.2702079631113438, 0.5091829207690565, 0.3796944411141441, 1.723061407137973, -0.9296482883469417
0.15476792799619932, -0.27116563016683276, 0.5089195616420638, 0.4010300373590376, 1.71759280399519, -0.9219624396615337
0.15405137269136188, -0.2718044477297914, 0.5087563785213088, 0.41533263635774814, 1.7136967936598735, -0.9170998002018631
0.15347666067895865, -0.27221876688806007, 0.508712319737399, 0.42549760873180703, 1.7104503367277288, -0.9135987194032473
0.15285554772290946, -0.2725607851904885, 0.5091284994300547, 0.4340988664541274, 1.7066405532434266, -0.9115047489042252
0.15232339390469643, -0.27294247856308995, 0.5107506115153388, 0.44202137575391526, 1.7006266052594974, -0.9098471269548473
0.15178893870719856, -0.2733786749478019, 0.5129950645422202, 0.45155042170831206, 1.6916323654008483, -0.9080395953637385
0.1513304437616141, -0.273831002758005, 0.5152194735690485, 0.46117679058256533, 1.6822785980207153, -0.9061542376676139
0.15076764227481246, -0.2743827507611737, 0.5169259813373603, 0.47046579086345985, 1.675937712437486, -0.9047834832810663
0.15013998150819213, -0.2748552976496925, 0.5187508301657836, 0.47967837796055535, 1.669008678778885, -0.90316280996026
0.14956362822155717, -0.27536475167481517, 0.5208815367073254, 0.4895712939451504, 1.661284972794686, -0.9008463992377742
0.14883115805955352, -0.2760045523270111, 0.5234685022585057, 0.5020717499227617, 1.6513190648577325, -0.8981419014978503
0.14799219421536572, -0.2768019273723832, 0.5263337051615486, 0.5173094278449853, 1.6399467392224898, -0.894684450003381
0.14697900094835012, -0.2777432598474615, 0.5286563519128193, 0.5361433251438242, 1.6281885395549964, -0.8897558731219328
0.14584036880864326, -0.2786505076405727, 0.5307452579697235, 0.5562369549468653, 1.615690609616042, -0.8841115129811821
0.14463646737778724, -0.279530624751017, 0.5327000835658148, 0.5772377403582747, 1.6026868539951344, -0.8777123030719154
0.14340567893420425, -0.2804388464306046, 0.5344930313657995, 0.5982561464871721, 1.5900227105900582, -0.8715959126891315
0.14209637305647282, -0.2814235498341013, 0.5363512372460264, 0.6207720481561187, 1.5760710059972118, -0.865067645969516
0.14081533992338047, -0.2823726554225248, 0.5382779653093265, 0.643389039420341, 1.5612599097059014, -0.8580255896734119
0.13959062719938162, -0.28329291755198893, 0.5400287262424536, 0.6653289494419339, 1.5471128152915314, -0.8509389401143653
0.13843868301343762, -0.28411438066125394, 0.5414450243383405, 0.6851501145243033, 1.5339853629496816, -0.8442617078887078
0.13741484544053895, -0.2847945681481248, 0.5424060758238214, 0.7019491878612053, 1.5232034987789704, -0.8388826206909007
0.1366205667566966, -0.28537867403109907, 0.5431294052312812, 0.7159902350960043, 1.5143453822331474, -0.8341018312365671
0.13601562055325328, -0.2857828414503795, 0.5441140513690307, 0.7264991586326178, 1.5063955390194965, -0.830020225370423
0.13548067281357765, -0.28609776269825116, 0.5451417735740395, 0.7348941416179755, 1.4992439902747234, -0.8268843343431332
0.13507187075236932, -0.2863900484729065, 0.5459043842335337, 0.7420007185156005, 1.4934225317162968, -0.8241717879044236
0.13471765157234883, -0.2866702097855665, 0.5465278896712227, 0.7483520361531415, 1.4884356988016403, -0.8216682981245005
0.13441925687754178, -0.28688417614228695, 0.5471286066523133, 0.7539993510786261, 1.4838763289609318, -0.8190060136817324
0.1341429515776157, -0.2870648776243991, 0.5476083427029914, 0.7587129540531522, 1.4800261657709517, -0.81711194329692
0.13388802145701473, -0.2872198404812749, 0.5479950682718079, 0.7623475890013115, 1.4769443931095338, -0.8158256536234101
0.13373067750939877, -0.2873441103956186, 0.548297711719093, 0.7648731456723079, 1.4748715150511218, -0.8148246170130039
0.1337871256848534, -0.28741790333039635, 0.5483813779625193, 0.7658715282154557, 1.4740008554356605, -0.8139216290031581
0.13389981808406357, -0.28741263974799713, 0.5483189133106825, 0.7648446685929183, 1.4749115570842253, -0.8141210530568043
0.13434350073812534, -0.2872133398620229, 0.5478251851478007, 0.7589107326195516, 1.4796235117663346, -0.8159584964880644
0.13515437864301344, -0.2868483594293507, 0.546195865770481, 0.7485676387211833, 1.4896053248349959, -0.8192891273016719
0.13616270504394992, -0.28619385851024315, 0.5441432680296193, 0.733710214282051, 1.502462638611419, -0.8237198248618153
0.1372800118997855, -0.28533032443512896, 0.5420964958604657, 0.7141912351538421, 1.5176466119257497, -0.8301147501274697
0.13852811021604455, -0.28430946112270994, 0.5395980088749264, 0.6919542740634308, 1.5347467445790572, -0.8370368656877383
0.14003493075321677, -0.28310618386082514, 0.5367658208797137, 0.665297215045874, 1.5544762195834378, -0.8454840242817073
0.14168313809155905, -0.28183246534697687, 0.534650670994627, 0.6355813641450616, 1.573388794060795, -0.8549797089572885
0.14338074868248163, -0.28043402522934907, 0.5328855434344388, 0.6027512596182676, 1.5899217048640626, -0.8667016696046763
0.14495872682660554, -0.2791244218641267, 0.5315302284103947, 0.5717432409097947, 1.6021744154218687, -0.8788509351844132
0.14602157417973702, -0.27800322001390515, 0.530632644420978, 0.5483196785032476, 1.609317104373324, -0.8877753992520265
0.14688334150148305, -0.277005505867975, 0.5299796187382846, 0.5292993303991756, 1.6147368788561118, -0.8943807613192931
0.1477984381917069, -0.2759831791280975, 0.5293215675247496, 0.5089737814312413, 1.620586369082319, -0.9015614148830878
0.14886579842506825, -0.2749694568503808, 0.5286052458526516, 0.4871432163071288, 1.6271023312521016, -0.9094237401102764
0.14994987949951966, -0.27377417538342486, 0.5280572868827889, 0.46234346865650827, 1.6335344863159003, -0.9182602225123843
0.15127726530817928, -0.2723188423482855, 0.5275630193265002, 0.43206293308237614, 1.64071947675528, -0.9293044896790682
0.15260941309808845, -0.27078204709442294, 0.5271926576907559, 0.3998772818238134, 1.6473417057322401, -0.9411724276069653
0.1539768797985825, -0.2691133878479611, 0.5271311972676442, 0.3656282879573325, 1.6522019847293057, -0.9537986970466739
0.1553160378203966, -0.267371058948011, 0.527287514400928, 0.3303533960299686, 1.6551114779783949, -0.9674040776795093
0.1566917276006937, -0.26557372259662704, 0.527383162318548, 0.29393335199921167, 1.6577715325164468, -0.981429836414756
0.15814388856004447, -0.263747630104446, 0.5271567741106609, 0.2565931846627581, 1.6618636798867052, -0.9948471739343452
0.1595932325201318, -0.26195437339111, 0.5266884848859505, 0.21901226298498594, 1.6667609999259965, -1.0075631174238686
0.16112601324455134, -0.26015312880025765, 0.526113906521159, 0.18090078238510737, 1.6715371271088912, -1.020132358759383
0.16255121825399085, -0.2583533934216881, 0.5256388670066643, 0.14335914542348946, 1.6746712677362943, -1.033030612133318
0.16390299607434244, -0.2565151026041952, 0.5252652241630389, 0.10653468828879419, 1.6760153060422376, -1.045847927285718
0.16516752192874323, -0.25466899988595454, 0.5248813896438714, 0.07004503057106325, 1.6757569675348263, -1.0591202046194166
0.16644751992828677, -0.2528194364229829, 0.5244444579661802, 0.03393218371666031, 1.6744706761050452, -1.0724123858115684
0.167633508842988, -0.2509428499489436, 0.5239690430114798, -0.0019054708993273817, 1.6722613463692626, -1.0857980714998214
0.16887325158430047, -0.24893361694270982, 0.5233776614421732, -0.03940395263625765, 1.6693169866216346, -1.099164901064376
0.1700460571017031, -0.24702201691562167, 0.5227405811077883, -0.07540158236799473, 1.6662700157761083, -1.1120075412079558
0.17113008003707936, -0.24521294486276501, 0.5220310677995758, -0.11002635097010723, 1.6630636750005456, -1.1246172699007684
0.17216198177526065, -0.24356278130190342, 0.521264765668769, -0.1416262064009455, 1.6595748569841873, -1.136194082813352
0.17286244108374849, -0.24218276218208806, 0.5205576981513484, -0.16663740955340445, 1.6560715438887783, -1.1457120173850202
0.17333274950506328, -0.24109119706266982, 0.5199245175486036, -0.1849680286729621, 1.652473472720768, -1.1529916666346864
0.1735700529846046, -0.2403118321834923, 0.5195366540089134, -0.19678577587852547, 1.6489257151951466, -1.1587360161218654
0.17367358268844835, -0.23980591122683131, 0.5193056968517671, -0.20438503855959217, 1.6459704574482057, -1.1631348999888633
0.1736212553518019, -0.23948486478512196, 0.5191483974265295, -0.20900494732254127, 1.6434406946808762, -1.1668349273778922
0.17338518360087962, -0.23929317905448844, 0.519350392959313, -0.20930244626322342, 1.6400553515419198, -1.1689643828600131
0.17319593206019424, -0.23913952336439312, 0.5193503164757753, -0.20875333142244332, 1.6374797487411026, -1.1700870914123518
0.1730882230587915, -0.23906746369975918, 0.5193489147614565, -0.20838529778932938, 1.6359013796400317, -1.1708223605464454
0.1731130160830966, -0.2390830079727515, 0.5193274310950072, -0.20845165058949489, 1.63613017370406, -1.1707776853349778
0.17310091654415907, -0.23906995428337205, 0.5193303407153466, -0.20847064145199892, 1.636021416774933, -1.1707964906064785
0.17307843089537556, -0.2390628699954878, 0.5193402763729617, -0.20841320566914018, 1.6358961024572742, -1.170871573009808
0.17310322833634, -0.2390844367426236, 0.5193074320955118, -0.2084067801009638, 1.6360701555437027, -1.1708492106236545
0.17308187339004427, -0.23907657604830382, 0.5193231315928128, -0.20830603744558768, 1.6359331763027722, -1.1709097950175398
0.17309741074581514, -0.23908240651545562, 0.5193164051369247, -0.2083585403368221, 1.6361616944859372, -1.17091182180609
0.17310013824777826, -0.2390814281280268, 0.5193091662490601, -0.20827687035007536, 1.6360091817329832, -1.1709205222270433
0.1730889834428001, -0.23908982060226383, 0.5193174142690159, -0.20827449991908062, 1.636098294881723, -1.1709473381712445
0.17311824100008352, -0.23909453812876583, 0.5192964903343211, -0.2083586039609661, 1.6362106022959253, -1.1708855101125708
0.17310295950268428, -0.2390853760907439, 0.5193215672660139, -0.20830473983697168, 1.6360082557704343, -1.1709870671120755
0.17307630943902214, -0.2390698630814461, 0.519333255462414, -0.20826632236929332, 1.6358223364819766, -1.1710541583890133
0.17308677023976432, -0.23908194115275247, 0.5193386316847399, -0.20825548873411404, 1.6360652744609332, -1.1709674148961202
0.17309710834221514, -0.23908599920495133, 0.5193361882252341, -0.20834360461016893, 1.6360912207008198, -1.1709566444216684
0.17307754269024428, -0.23908173719501583, 0.5193336255454232, -0.208238476440996, 1.6359783185492003, -1.1709999544019418
0.17308997882648758, -0.23908525019433502, 0.5193214976712403, -0.20827578076969708, 1.6360141153029408, -1.1709958751976286
0.17311155153491664, -0.23910268497374348, 0.5193207667648478, -0.20826690657409075, 1.636215844112756, -1.1709147232466857
0.1731088057142806, -0.2390827448016043, 0.5193173895597949, -0.20835489814505856, 1.6361453298275974, -1.1708978959528142
0.173117141393692, -0.23909356274918853, 0.519295974149973, -0.20842888264708065, 1.6363218194164288, -1.1709293436738406
0.17312519363710624, -0.23910685992564396, 0.5192999208630485, -0.20843527979236043, 1.6364072750115037, -1.170947361094579
0.17312886669202526, -0.23910672197648009, 0.5193024986827725, -0.20846045997369358, 1.6364256077853365, -1.170920943223866
0.1731409502706236, -0.2391074382579464, 0.5192834631107601, -0.20849453099542825, 1.6364003970215726, -1.1709482167294174
0.17316410648158448, -0.23911717538919552, 0.5192752365786807, -0.20853250701348844, 1.6366300385093413, -1.1708359842105511
0.17316493227590357, -0.23912908660214183, 0.5192494404949954, -0.20856296037746355, 1.6368188153456744, -1.170779237353435
0.17316216228316766, -0.23912007412380892, 0.5192734099428042, -0.20853845793663756, 1.6366502499681899, -1.1708102592883198
0.17316214795807175, -0.23912346643580434, 0.5192709848444517, -0.20853151927162808, 1.6367233185842005, -1.1708225117554287
0.1731494428335006, -0.23911751564028, 0.5192749700611187, -0.2085342314594867, 1.6366344345023085, -1.1708545519300342
0.17315474326133634, -0.2391217251569193, 0.5192731892574292, -0.2085650194290152, 1.6367867333930255, -1.170818306450701
0.17315943891142663, -0.23911959900875035, 0.5192684379970021, -0.2085616719975728, 1.6367177442589276, -1.1708141989566314
0.1731496905959397, -0.2391225572681443, 0.5192833862180465, -0.20849433644488552, 1.6365909294325753, -1.1708810482508945
0.17315967115798203, -0.23912092492316295, 0.5192762736248054, -0.20851805745273136, 1.6365597601578459, -1.1708816263986437
0.17316195394594075, -0.23912226129316239, 0.519270580084559, -0.2084876743576091, 1.6365090051636477, -1.1708816556228772
0.173155999140976, -0.2391198838144287, 0.5192620425596588, -0.20850095952246825, 1.6366238102627677, -1.170849646108461
0.17314277281941537, -0.23911738773712465, 0.5192894180803235, -0.20851427632960778, 1.636539619741032, -1.1709083071061681
0.17315843201986597, -0.2391190436721843, 0.5192718495130604, -0.20854340660699966, 1.6365823290694366, -1.1708729209738593
0.17314099849554795, -0.23911490915380257, 0.5192655054158974, -0.20847775355728201, 1.6363703943392898, -1.1709895435018156
0.17316224980387035, -0.23912955082415435, 0.5192697038953266, -0.2085972906693497, 1.6366680254685357, -1.1709756172361085
0.17314613521602923, -0.23911533385093975, 0.5192687694685914, -0.2085551541023033, 1.6363647302251472, -1.1710660886071638
0.1731572213256869, -0.23913064576341048, 0.5192561326170996, -0.20859044487647221, 1.6366266864784391, -1.1709726419625368
0.1731534005459177, -0.23912471673930463, 0.5192672937045967, -0.20860214354797016, 1.636538516208874, -1.1710129322065335
0.1731820779410978, -0.23914509776561602, 0.519248800568692, -0.2086493383190422, 1.6369107884138387, -1.1708694558776922
0.17318612271670908, -0.2391403119743193, 0.5192541835221406, -0.20867629485583636, 1.636884538387311, -1.1708297247623205
0.1731911795094297, -0.2391429693746173, 0.5192522488750124, -0.20868840024299093, 1.6368580732570976, -1.1708963176139544
0.17315955180868803, -0.23912461127509305, 0.5192811597777638, -0.20857874405632146, 1.636472343652031, -1.1710078758440157
0.17317584792413976, -0.2391348533128037, 0.5192490088133614, -0.20862759355934168, 1.636816944702597, -1.1709216406541394
0.17317888667189418, -0.2391320842301755, 0.5192458389102762, -0.20864438748748942, 1.636692216383213, -1.1709279136407749
0.17318276248114955, -0.23913061476638056, 0.5192449017687276, -0.20864639079984135, 1.6367005409104667, -1.1709053478140568
0.17320999655449476, -0.2391464547662383, 0.5192362242712939, -0.2087328662811857, 1.6369745405925396, -1.1708339823568121
0.1731821318688903, -0.23913137935036285, 0.5192491445417909, -0.2086742915719252, 1.6367429974522802, -1.1709275772584629
0.1731730036941047, -0.23913838263687814, 0.5192491317070353, -0.2086156471606224, 1.6367547080020943, -1.1709451378153186
0.173189947926913, -0.2391387996655785, 0.5192389320289524, -0.20873352922181573, 1.636872699052053, -1.1708710682727004
0.17320181634949966, -0.23914800141517392, 0.5192390308435093, -0.20871622395805906, 1.636940645999315, -1.1708567688162903
0.17318544024219504, -0.2391444341127262, 0.5192231072668202, -0.2086892345699587, 1.6369143909729817, -1.1709058884478392
0.1732039596099665, -0.23914894761644365, 0.5192380643753113, -0.20868822441255433, 1.6369591716211775, -1.1708600826384032
0.1732020600355964, -0.23914815427748892, 0.5192352040585992, -0.20870084245318282, 1.6368667850368264, -1.170883872326293
0.17320714715453378, -0.2391619931409999, 0.5192346828039597, -0.2086824875058869, 1.6369835173552232, -1.170900876070226
0.1731969867556054, -0.23914379086425402, 0.5192567705959735, -0.20865973296301574, 1.636770232250413, -1.1709185984972352
0.17320610700533667, -0.23916023934098404, 0.5192268768744138, -0.20864186320927974, 1.6369271913990422, -1.1708742892723507
0.1732275967562329, -0.23915554515300277, 0.5192223282818372, -0.20875839477188754, 1.6370939518679637, -1.1707717548320815
0.1732381525240455, -0.23917029262699166, 0.5192142730213477, -0.20874474203952842, 1.6371785889063994, -1.1707716606485976
0.17322472975512454, -0.23915500004118279, 0.5192132477056182, -0.20873346595974682, 1.6371208952421825, -1.1707533088483921
0.17322649904221987, -0.23916460159135638, 0.5192016454273221, -0.20871732028511789, 1.6371926912290327, -1.170757749456578
0.17324094071849241, -0.2391681484067867, 0.5191974708551259, -0.20879499533073126, 1.6372758190558783, -1.1707450955121823
0.1732253647870249, -0.23917257027108238, 0.5192139872526945, -0.208680461252645, 1.6371652051063426, -1.1707978893325328
0.17325589252353835, -0.23918175620637072, 0.5191915730623111, -0.2087095918241065, 1.6372044679741482, -1.1707448870834811
0.1732356572270659, -0.23916512832644954, 0.5192107001999092, -0.20870579235356598, 1.6370374726250834, -1.1707943310604794
0.1732417720307372, -0.23917954226167862, 0.5191906803485751, -0.20868725282317674, 1.6371056470857623, -1.1708388293008962
0.17325650826604, -0.23917613538142016, 0.519196357035311, -0.20874353698695927, 1.6370730306997376, -1.1707908781703915
0.1732720928943941, -0.23918777871780617, 0.519180887996336, -0.20874970617976188, 1.6372440695430268, -1.170701438973217
0.17326965549944628, -0.239186104267186, 0.5192062444462535, -0.20872861797484024, 1.6371046291702522, -1.170799024583239
0.17327118879150838, -0.23919071114190676, 0.5191887019620931, -0.20875676880996497, 1.637098590950083, -1.1708494439419315
0.17327336889730077, -0.2391894019876958, 0.519184340070664, -0.2086982186284161, 1.6370580941878827, -1.1708172491644973
0.17328370589271083, -0.23918941553836148, 0.51917516348557, -0.20874769706693963, 1.6370493671138275, -1.170809579276891
0.17329512142876896, -0.2392034712860606, 0.5191629003671899, -0.20874748757095302, 1.6373372924269847, -1.1706879777553634
0.17330486812554885, -0.23921142540933735, 0.5191545696086874, -0.20876791917929477, 1.6373959639934343, -1.1707147037505865
0.1733126336662228, -0.23921140151594145, 0.5191650085629861, -0.20881801077355597, 1.6374313652336345, -1.1706621538649924
0.17332308465034005, -0.23922088244526915, 0.519145400041276, -0.2087934398850753, 1.637515354741136, -1.1706523528329547
0.17332229372353095, -0.23923057267138287, 0.5191182555961251, -0.20881773928162237, 1.6376350778720354, -1.1706493648218381
0.1733140960245211, -0.23922311158653264, 0.5191397407685784, -0.20876143282513462, 1.6374117598075681, -1.1707201030107646
0.1733374019947545, -0.2392292511103054, 0.5191372910087754, -0.20880805258448537, 1.6374432652272404, -1.1707072813786248
0.17332075582164264, -0.23923459487049853, 0.5191394836494125, -0.20879268734116121, 1.6375192986639315, -1.170729938564307
0.17334556160622405, -0.23923055744406221, 0.5191297628292852, -0.20884107149517314, 1.6375913862894025, -1.1705958154763496
0.17334644958784184, -0.23923679749341398, 0.519133661549369, -0.2087834622954744, 1.6375236833764517, -1.1706791205676212
0.1733583929379166, -0.23924372056726037, 0.5190998959396539, -0.20882380078872967, 1.637575231561696, -1.1706894817499436
0.17335143668242958, -0.2392434335629436, 0.5191281501129092, -0.20878652760739622, 1.6375401341068652, -1.1706929547184104
0.17333671567614306, -0.23924359871088535, 0.5191292324767489, -0.20876465423053261, 1.637538293365107, -1.1707335865967414
0.17333846765772382, -0.2392372897596495, 0.5191156933797942, -0.20879951792553422, 1.6375483600134582, -1.1706805794444703
0.17334879902807418, -0.23923846706479393, 0.5191212107924094, -0.2088063340081222, 1.637528921762643, -1.1706582932143204
0.17334275999877102, -0.23923722162852779, 0.5191197664585627, -0.20880406037178184, 1.6375251080922513, -1.1706980977265538
0.17334875407113332, -0.239248328891071, 0.519120950728519, -0.2087846484142504, 1.6375799824351447, -1.1706896480240625
0.1733429165710434, -0.23923878807307863, 0.5191385520498613, -0.2089154697080776, 1.6375293096757289, -1.170780363808364
0.1733530271435718, -0.2392420874020217, 0.5191330372434518, -0.20888729692108599, 1.637539240203072, -1.1707485656716148
0.17333932709428818, -0.23923669438024875, 0.5191409721111103, -0.20888518187313146, 1.637526369503257, -1.170753262607293
0.1733516409133785, -0.23924125937937624, 0.5191189068161358, -0.2089276665011863, 1.6375428942243835, -1.1707849797040215
0.1733528664536439, -0.23924569275137597, 0.5191151729396538, -0.20892842231646183, 1.637595636187648, -1.1707760755314423
0.17334415802183872, -0.23924292080379594, 0.5191313702486888, -0.20885543206653062, 1.6375375942134387, -1.1707790523395516
0.17335797434752373, -0.2392460976996155, 0.5191186686281852, -0.20891511734629123, 1.6375820796854579, -1.1707713344783437
0.17333644328603126, -0.2392388932183783, 0.5191364951816215, -0.2089080628053442, 1.637496906087204, -1.1708121790718136
0.17334545050464123, -0.23923018532597387, 0.5191221992618208, -0.20891388473194886, 1.637521035063154, -1.170744199529762
0.1733482286755599, -0.2392392690125864, 0.5191211981510764, -0.20889747924270471, 1.6375404471920592, -1.1707577049705644
0.17334624119550698, -0.23924525128969878, 0.5191137252440536, -0.20885561704437527, 1.637590305066963, -1.1707702007983742
0.17334574273792985, -0.2392427076654216, 0.5191304541031707, -0.20891831706634853, 1.637550516890745, -1.1708113537920581
0.17333645244818682, -0.23925089953249967, 0.5191250835955029, -0.2088517480424312, 1.63757761164953, -1.1708336150370486
0.1733599337864296, -0.23924236067585813, 0.519114757812353, -0.20891202278803053, 1.6375618033956492, -1.170740011121078
0.1733671075458139, -0.23925787946769392, 0.5191036146062608, -0.20890835143950348, 1.6375985011336411, -1.1707769166771884
0.17336240058937855, -0.23924980165582216, 0.5191096451569761, -0.2089002983421446, 1.6376098289103533, -1.170761975228817
0.1733661457863692, -0.2392534301591387, 0.51910551203008, -0.20891584411525838, 1.637630996157422, -1.1707449396841034
0.1733602566277087, -0.2392636246320334, 0.5191035892044892, -0.20885933292791586, 1.6376111560647892, -1.1708030806846677
0.17335553999741246, -0.23925454915550926, 0.5191049934180576, -0.20889104258902563, 1.6376216367492336, -1.1708072122051254
0.17336685808406968, -0.23925464531908439, 0.5190850568808969, -0.2088905339253453, 1.6376660028016914, -1.170761903079055
0.17335865211929952, -0.2392574656398607, 0.5190864101158981, -0.2088737592070407, 1.637685121348247, -1.1707756663963063
0.1733614103322919, -0.2392518411098845, 0.5191194400975682, -0.2088829402065282, 1.6375718585646202, -1.1707666792579048
0.17337934556808932, -0.23926728828355004, 0.5190982663562838, -0.20888347981912236, 1.6376774710827262, -1.170749431350312
0.17336901086776882, -0.23925595078368406, 0.519114314698919, -0.20887021824121965, 1.6376159090777715, -1.1707701299936366
0.17338603115591625, -0.23925755025059708, 0.5190900250306483, -0.2089552375542404, 1.6376754946613246, -1.1707182531118876
0.17337201193328883, -0.23926077527375017, 0.5191255219905769, -0.20891588546430703, 1.6375871886808895, -1.1707899041015568
0.17337742919748098, -0.23925854691909215, 0.5190933490222793, -0.2089631587542053, 1.6376760523707772, -1.1707849226196485
0.17337443850165657, -0.23926559020580768, 0.5191115522181088, -0.20890882218306966, 1.6376599922626147, -1.1708027400021501
0.1733803757719034, -0.2392753260037218, 0.5190826293598876, -0.20889500626200816, 1.6377359231186888, -1.1707677133725782
0.1733698115860512, -0.23924698855795742, 0.5191131822663416, -0.20891684044258457, 1.6375818376801838, -1.1707137347151002
0.17337860400059804, -0.23926945747568773, 0.5190977348639112, -0.20887882331699634, 1.6376530150921016, -1.1707588227368262
0.17337936442661517, -0.23925970341855804, 0.519107641485894, -0.2089054839553388, 1.6376354778888942, -1.1707529501736562
0.17339472306170778, -0.23926602876606604, 0.5190770486785606, -0.20891527153634282, 1.6377334787835662, -1.1707085029459194
0.17336653090783466, -0.23925979661830554, 0.5190920686686398, -0.20892133692212694, 1.6376682628838601, -1.1707901788248318
0.17338148468960835, -0.23926091874539906, 0.5190955675351341, -0.20893331145130373, 1.6376741535383157, -1.1707578629958182
0.1733751965206346, -0.2392734536157874, 0.5190859661247708, -0.20888236047752026, 1.6377265597987825, -1.1707808739255212
0.17336840419333283, -0.2392620719973191, 0.5191069465111727, -0.20887579867439984, 1.6375965370862466, -1.170807220025326
0.17337190872544128, -0.23925908794958417, 0.5191109908265479, -0.2088933610995494, 1.637625953797583, -1.1707664751123597
0.17337703826150008, -0.2392620682126423, 0.5191022963380559, -0.20889843475576234, 1.6376505976494968, -1.1707577858230012
0.1733833226225262, -0.23926084652293622, 0.5190850869533259, -0.20895062950988555, 1.6376585655280038, -1.1707634544113117
0.17336910326299645, -0.23926620761537304, 0.5191085576100565, -0.20888417583081575, 1.6376382612142628, -1.1708115420777918
0.1733835085049058, -0.2392760620993832, 0.5191024291567804, -0.20889948060636623, 1.6376587453896303, -1.1707949992104454
0.17337113784198038, -0.23925492616355046, 0.5191195772074668, -0.20890259958933735, 1.6375736317259257, -1.1707844525927071
0.17337787734456095, -0.23926530297911797, 0.5191001461211664, -0.20890842170001167, 1.6376509421139918, -1.170767937213243
0.17338115020163475, -0.23927805501298138, 0.5190766115713914, -0.20888252966993506, 1.637731225442323, -1.1707986915653192
0.1733735336270155, -0.23926762134427643, 0.5190906421708136, -0.20887900550053184, 1.6376572546564763, -1.1707765391591456
0.1733682670780835, -0.23927315352252826, 0.5190897004970109, -0.20885253331743378, 1.63767959744286, -1.1707987430371032
0.17338884896795212, -0.23926782011434472, 0.519094514179448, -0.20892087043506702, 1.6376602358347088, -1.1707542095260284
0.17337477398946938, -0.2392623398367934, 0.5190974600617704, -0.2089086053761837, 1.6376476590018656, -1.1707498889935093
0.17338971273354944, -0.23926346194725698, 0.5191017391631354, -0.20892274256334784, 1.6376161297990903, -1.1707406339320279
0.17336841175709566, -0.2392672512809454, 0.5191076541208319, -0.20890729659311735, 1.6376477922939574, -1.170807992144268
0.17336055139851775, -0.23926495338749412, 0.5191173126999855, -0.20888715256351714, 1.6376533677639757, -1.1708252894493831
0.17338221395782755, -0.239272670396654, 0.5190835583448764, -0.20891202874871584, 1.6377211363327326, -1.17077221484559
0.1733974825365428, -0.23928045303878986, 0.5190878067520064, -0.20891949149730477, 1.637754074722833, -1.1707411566567605
0.17339550393353953, -0.23928125400317102, 0.5190794131046951, -0.20888665100122114, 1.6377562496336264, -1.1707889277143189
0.1732352198927896, -0.23923828501251668, 0.519131950882001, -0.20821564570673062, 1.6360772968195134, -1.1719722641881076
0.1727700291116967, -0.23899306137635046, 0.5191866561313048, -0.206599001240388, 1.630510474704655, -1.1754107653028694
0.1724705308730577, -0.2388793247253257, 0.5180409191945561, -0.20465936985406347, 1.628937625496689, -1.1769315898957877
0.17237944268943772, -0.23899705965218757, 0.514837585552475, -0.20066058441922913, 1.6351767067317973, -1.1730426907544973
0.17229297432402152, -0.23912746162454662, 0.5101603612847777, -0.1953576915789647, 1.6459115439115868, -1.1652183763055488
0.17216616279233984, -0.2391664750725478, 0.5055440464294034, -0.19197392211150907, 1.6575529945780163, -1.157352004822564
0.17223448979358802, -0.23910023403601266, 0.5017331246729752, -0.19318973976292553, 1.6684250730892904, -1.1513718393020953
0.17246069316505358, -0.2386493387658531, 0.5002063839992632, -0.20068980659637858, 1.6718180512902159, -1.1519162435719845
0.17325967473457554, -0.23799441835586785, 0.5008616066713913, -0.21686652981158844, 1.6708155375878184, -1.158552972847134
0.1738927348632203, -0.23731158538748878, 0.5022965290019467, -0.23176892105492436, 1.6668822191338513, -1.166286720293864
0.17401933023097615, -0.236651501844228, 0.5035561422965688, -0.2416876714437012, 1.6617908972768738, -1.1729517541148977
0.17354172099259796, -0.23568668102855353, 0.5045504663295297, -0.2475500560539768, 1.6494207438918675, -1.1829714432563112
0.17253757275841336, -0.23436637850813638, 0.5060134993400971, -0.2508522936087295, 1.6281577281281225, -1.1974787133543885
0.17116974003827817, -0.23296038920233497, 0.5071759307315069, -0.2500842770469723, 1.601882432832109, -1.2148853350866289
0.1696916421104132, -0.23152172486105493, 0.5078793012344953, -0.2469040023992106, 1.5739127149101306, -1.2321452282947147
0.16810397908656943, -0.2301369440460505, 0.5082806079044828, -0.2420725797184767, 1.5455698214706712, -1.2490945853152455
0.16656617039697058, -0.22900181264057912, 0.5082216780861791, -0.23502784638796123, 1.5207774816450337, -1.2631172116327005
0.1651114332091455, -0.22804195104008798, 0.5078414372229197, -0.2269418654911477, 1.4998686394978897, -1.274017567492306
0.16391636722108674, -0.22717407289657632, 0.506986219923251, -0.22100268635842304, 1.4840791989507498, -1.2816600133668472
0.16299665013703968, -0.226518991757807, 0.5062755834481375, -0.21686994481905722, 1.4723056002343224, -1.2873576586465993
0.16227858784800822, -0.22607053261582172, 0.5057410279484922, -0.2140534034920412, 1.4638345926031409, -1.2913141812487712
0.16181521076389369, -0.22581065916673007, 0.5052528411329291, -0.21209230583833336, 1.4583180906080135, -1.2938422242097314
0.16150054562490185, -0.22562332853358558, 0.504846923348228, -0.21091271696726543, 1.4542622551309157, -1.2960715061588752
0.16121283663890087, -0.22571293352884736, 0.5035801277583251, -0.206679941640083, 1.4552524206118078, -1.2953963052500532
0.16118964943410563, -0.2263324142818542, 0.4996068782446697, -0.19696479926255042, 1.4670390102933706, -1.2878347576023261
0.16103579912132654, -0.22751422657214793, 0.49267357846712373, -0.179674723092434, 1.4901522551836173, -1.272797263832402
0.16083814052736206, -0.22922444949185605, 0.4826733822129124, -0.15592797694157287, 1.5237180102585135, -1.2512323565105803
0.16052940142058708, -0.23102719278929576, 0.4712930266361827, -0.1294788909998374, 1.5593908145642537, -1.227712323780842
0.15967265438966124, -0.23228952084223198, 0.4610712422561081, -0.10402821624259644, 1.5863156553939743, -1.208581424918019
0.15883920843709365, -0.2327945716147479, 0.4545728828875003, -0.08682533135190032, 1.60022333799374, -1.1979096275187633
0.15825696217256058, -0.23266680704018491, 0.45311480888847905, -0.07996275561222149, 1.5992213494508223, -1.197855707233672
0.15800671298859445, -0.23216025867824386, 0.4546854610647921, -0.07994824022874063, 1.5904435716578404, -1.2025643172994638
0.15812482259203292, -0.23141630832755575, 0.45795526423322797, -0.08731740307618051, 1.5798035488825255, -1.209812956128419
0.15847769270294307, -0.2305323247702198, 0.4623913831509188, -0.0998333021548289, 1.5677726775886365, -1.2198697170402777
0.1590854456250575, -0.22961599401681998, 0.4669804377999676, -0.1152275172956277, 1.5563675104164456, -1.2299223774043189
0.1596335918611081, -0.22888101749832934, 0.4712238028340328, -0.1290224972620535, 1.5467350173083083, -1.2387147206847742
0.16008552169329313, -0.22822966510711074, 0.4753026385668785, -0.1412557431508411, 1.5372839989628093, -1.2472191077585064
0.1605225637805059, -0.22757558482487936, 0.47925967794756946, -0.1534858167043729, 1.5279093592603263, -1.2555469945867097
0.16080615098242937, -0.22688660718447173, 0.483361082143893, -0.16444698036010147, 1.5174750595373918, -1.263483905993805
0.16098570793747188, -0.2263418703731005, 0.4866166042717305, -0.17324283614223165, 1.5090636736162286, -1.2699963933705427
0.16114684371291285, -0.22596120455325275, 0.4888976424732925, -0.18041636238498765, 1.5030147753472651, -1.2749958636797771
0.16129795470397662, -0.22568431050352994, 0.4901330326668985, -0.18598790190212028, 1.4996935417531672, -1.2781837822736661
0.1615382422375373, -0.22548691290002815, 0.4904258339071663, -0.191664904520482, 1.4989686382657954, -1.2804673056837854
0.16188081303358232, -0.2253850322446801, 0.4902950082470076, -0.19695033709131854, 1.4997052868755962, -1.282112264593271
0.16210077970732067, -0.22530453034076578, 0.49031865426859034, -0.20057899074566884, 1.499777272294823, -1.2833752377173149
0.16211726983237668, -0.22515647676322958, 0.49070428208769734, -0.2025815616358631, 1.4983402810562205, -1.2842345096185437
0.16201156088982346, -0.2250018141999616, 0.49138867899744487, -0.20342352107521958, 1.495993224025804, -1.285207139711579
0.16199665121641837, -0.2248045996908825, 0.4919612775500515, -0.205603994043953, 1.494087514669018, -1.2862052521948513
0.16204859364978838, -0.22460433576299, 0.4924854062733971, -0.20883195441607438, 1.4923882509071804, -1.2877535626763137
0.16213265202467128, -0.22440078521401371, 0.49298575899178154, -0.21246065996877367, 1.4907861772641293, -1.2893833249459323
0.16238707550299636, -0.22438442421450028, 0.49289337770790875, -0.2157272736438186, 1.4915093641773125, -1.290493366511524
0.16256692791551663, -0.22442960388973623, 0.49265045434356847, -0.21718026406827298, 1.4925155227869393, -1.290842803750344
0.16259315311700956, -0.22445088735978003, 0.49261830984199007, -0.21730103030633088, 1.4926956136945946, -1.2909277200424636
0.16251574256821033, -0.22440868985105805, 0.49273891615834997, -0.21719157229447042, 1.4920659754174102, -1.291278379304369
0.16242522239261453, -0.22415594408589212, 0.49343785100902043, -0.21922915685505998, 1.4893073309779459, -1.2923292468588814
0.1624878847562698, -0.22378116224904407, 0.4946656459135592, -0.22511406795783742, 1.4854702150942338, -1.295643082767961
0.16268349297955514, -0.2233522134040818, 0.4964776391869178, -0.23311359375127436, 1.4802083186183603, -1.3003087883877487
0.16294183533243323, -0.2228676344232023, 0.4985450869567887, -0.2427234275140847, 1.4742546507492291, -1.3058571374429788
0.1632419548249705, -0.22234826756262027, 0.500635455897583, -0.2530178257979074, 1.4679566392927552, -1.3115230931452648
0.16359050894744254, -0.2218965840674839, 0.5026349521372218, -0.2629109181498733, 1.462030775986003, -1.3170427482093814
0.16401842480172302, -0.22152314127287626, 0.5043837759046784, -0.2720915034137114, 1.45698632869091, -1.3218695065879114
0.16422297574792233, -0.2212247987039311, 0.5058354824327876, -0.2780662996677589, 1.4526696308093885, -1.3255595502362585
0.16444678075332841, -0.22118575273835347, 0.5059402425640469, -0.28143055403176487, 1.4525058807900901, -1.3270131363280915
0.16435818472105257, -0.22136068799158187, 0.5046650287120559, -0.2779503750369653, 1.4544939471001002, -1.3260591588358899
0.16390581814245345, -0.22194958778878807, 0.5010321596025982, -0.26507694297692586, 1.4623286582571062, -1.3201026128536768
0.16317215532383605, -0.2228509726056665, 0.49598289443757665, -0.2454974556995614, 1.4740575967638212, -1.3103970476200284
0.1624817964477815, -0.2238718796776895, 0.4904864107099044, -0.2249000469190602, 1.487795470551845, -1.29969410474707
0.16181427900365797, -0.2248966951516378, 0.4844911155312765, -0.20460064535868203, 1.5026991289010936, -1.288238184920298
0.1610996952300718, -0.2258367712526509, 0.4786373521611975, -0.18486085142088268, 1.5164509992622572, -1.2771438480381738
0.16050654849892682, -0.22653148613907864, 0.4740129668319507, -0.16939527388664954, 1.5267382499892856, -1.2686448064400175
0.16008443007079243, -0.22702857215487027, 0.47065388620305193, -0.15867001869729955, 1.5341949222424616, -1.2626129462095759
0.15967069790003524, -0.2274311323922177, 0.46861583633372195, -0.15064270633118676, 1.539333370995086, -1.258660411618239
0.15935437917980816, -0.22774813138262204, 0.4676426935333822, -0.14473092266698032, 1.5418363976275062, -1.25628742443581
0.15911859256984257, -0.22798934859199665, 0.4672847549702771, -0.14008300154413927, 1.5428955695232425, -1.2548704473115233
0.15879161381424642, -0.22826631812337733, 0.4677331807325582, -0.1345070596536608, 1.5419495384615236, -1.2546095275235352
0.15856732724483646, -0.2285858380434751, 0.4687432683229864, -0.12852176935201634, 1.5399516442956842, -1.254391821577425
0.15849073690106913, -0.2288617477352367, 0.4699219407792741, -0.12334315671401357, 1.5376424470772712, -1.253887793923351
0.15849994540397772, -0.22904632789651783, 0.4709257647560906, -0.11924358975584565, 1.5354808224582939, -1.253009590754776
0.15841424741858284, -0.2291108087391442, 0.47195211420914435, -0.11745551037179615, 1.5330155134496368, -1.2537183449396072
0.15812528703354156, -0.22923512658307282, 0.47294301229855423, -0.11502299846465198, 1.5306331683706855, -1.2554973667348632
0.15763829759692355, -0.22937577767390144, 0.4749328063338776, -0.11067514841641611, 1.5249354714023169, -1.258382685847812
0.15680366467562856, -0.22956224772547412, 0.47851443825430184, -0.10151591774127497, 1.513093659433675, -1.2630276430873866
0.15579171158494595, -0.229892770689408, 0.4830010384009662, -0.08747401145876434, 1.4976874916946044, -1.2680906293770173
0.15475623349559475, -0.23026001189959286, 0.4877158846464261, -0.07132517505553682, 1.4808099513498811, -1.273071050525884
0.1537404343620762, -0.2306504307705391, 0.4918926078476395, -0.055726929754197276, 1.465069719593194, -1.277732034143505
0.1528156817254158, -0.23100747241749095, 0.49556619456535617, -0.04126732355209172, 1.4507105173367236, -1.2814921648460693
0.1521388577718271, -0.2312695389849604, 0.4985160218735458, -0.028787687493952503, 1.4385671434062466, -1.2837639459232866
0.1514016838440176, -0.23143493763222267, 0.5006054359160247, -0.019030130556656404, 1.4290578082681968, -1.2863127642474597
0.15056637164292536, -0.23178248613205135, 0.5017538721475541, -0.008340401494541787, 1.4214226997684427, -1.289675445686861
0.14937577514782352, -0.23233982966625769, 0.5022487196495371, 0.01084828380132672, 1.4136587650731696, -1.2903455814266303
0.14771232548483512, -0.23312021820910114, 0.5023325424717692, 0.039651521628604906, 1.4046249795357553, -1.28897102852573
0.14575961159587675, -0.23412649815485753, 0.5017809378363662, 0.07539630545955513, 1.3951342525639798, -1.286641199855273
0.1436515731356828, -0.23520390792408408, 0.5003061357775973, 0.11521342265472685, 1.3857620630249605, -1.2829945567445935
0.14173210568024305, -0.23620806488722446, 0.4979441679685318, 0.15215605199699211, 1.3796577474419622, -1.2781456369641218
0.14017818265423324, -0.23690756954240627, 0.49522456998360104, 0.1806020527426725, 1.3762072237939171, -1.274186039819539
0.1389696997008181, -0.23737531172443876, 0.49279060207811703, 0.2008748040135613, 1.3739002500127588, -1.2719304371025484
0.13815449968460553, -0.23763022713949952, 0.4909545297940341, 0.21378935528213305, 1.3715627968081867, -1.2710576964464277
0.1375919698116208, -0.23766480412992821, 0.4891936906733245, 0.22107177367517353, 1.3704138651031097, -1.2708748465095796
0.1372223298742876, -0.2375846152053665, 0.4879570283117855, 0.22441925145140465, 1.3689865493591278, -1.2712125557068255
0.1373611174947882, -0.23724954400440135, 0.4863653166438291, 0.22196663139355127, 1.369767742492383, -1.2703367855774406
0.13836815516034173, -0.23677752875793578, 0.48315456038782895, 0.2096560033244491, 1.3800892058582754, -1.2686832532874857
0.1401079323161031, -0.23591943893355505, 0.47868980449205584, 0.18436672386526784, 1.3978356515265222, -1.2676273144319254
0.14226588725240763, -0.23473225053029362, 0.4733989633253168, 0.15020543826910113, 1.4200050547213607, -1.266704514170601
0.14478737036397782, -0.23335332905283712, 0.46772206762679114, 0.10898873908613246, 1.445540467396769, -1.2658285195756607
0.14741292217853874, -0.23185374654932853, 0.46182984333643234, 0.0653564363294752, 1.4711800230526435, -1.2646727060445189
0.15018484337659738, -0.2302159266716293, 0.4558792938517497, 0.01941310543272686, 1.495603564082978, -1.2635690320541757
0.15302005199436342, -0.22842661543207726, 0.44941136994398667, -0.029582247280956663, 1.519763753178161, -1.2627334163140855
0.1558406512127892, -0.22649725811775462, 0.44256930477312434, -0.07976886541248566, 1.542534831015687, -1.2623428389572768
0.15792172092009965, -0.2247738003662338, 0.4369743315233801, -0.1205554154244652, 1.5581492402089008, -1.2630288292434668
0.15933253587847335, -0.2232778116749443, 0.4326619478036643, -0.15112661083007942, 1.5671145123908856, -1.264210521312328
0.1603172288272394, -0.22221380361140713, 0.42962013230908536, -0.17177542001414337, 1.5729321959310698, -1.2642805706313762
0.16088447554080668, -0.22154145907001463, 0.42754390952613974, -0.18485711642516547, 1.5768316219460297, -1.2646146663606705
0.16120401467496248, -0.22111547346752994, 0.4260949750900528, -0.19349409394677175, 1.5795239025597032, -1.2648013646139606
0.1614045591512468, -0.2208637872274047, 0.4250454752572319, -0.19888808570365804, 1.5815968655338393, -1.265117877169225
0.16153130074240746, -0.22070633599172113, 0.42429536386688804, -0.20227914043275858, 1.5831549420430766, -1.2652433390257687
0.161545307602399, -0.22071485999291052, 0.4238815731476245, -0.20262857707437568, 1.5841691199385282, -1.2649966213089459
0.16153720075150235, -0.22070883939989938, 0.4239058037040807, -0.20267472527415137, 1.5840925941695632, -1.2650467878106955
0.1615434148524079, -0.22070850525659733, 0.42389207056279715, -0.20277560696446092, 1.5841697786301046, -1.2650809034719186
0.16152883330493897, -0.22070585722287236, 0.42391124011867465, -0.20273874303750988, 1.5840458288905244, -1.2651179692202237
0.16155875912760842, -0.2207041469524751, 0.4238977023732403, -0.2029198164033639, 1.5841398090683043, -1.265099758425897
0.16157048134627827, -0.22070553114501837, 0.4239269926189067, -0.20367202459823291, 1.58416914667902, -1.2655471521481834
0.16158760061252536, -0.22068383310093895, 0.42395675896182383, -0.2043987685780669, 1.5840799051272019, -1.2658346120209059
0.16159956527976105, -0.22068196634945214, 0.42395673804362893, -0.2044318802869339, 1.5840360091636103, -1.2657906079004264
0.16159724595279346, -0.2206776680510734, 0.42396081163097, -0.2045580252531733, 1.5840440152381137, -1.2658917013046482
0.16151570279987695, -0.22065223008873908, 0.42398748187445034, -0.20422392248380375, 1.5831823290370333, -1.2664237288953923
0.16146514590888372, -0.2205999478409147, 0.4239605893205199, -0.20409062785357776, 1.582208909381774, -1.26704264010921
0.16139818750968526, -0.22054927102615807, 0.42385883498150967, -0.2038408669805995, 1.5814330906939351, -1.2676125147918065
0.16130376620323106, -0.22045109001113095, 0.42374644424521074, -0.20383720399737648, 1.5801677292636613, -1.268394060561662
0.16122492273605227, -0.22036374030660605, 0.4236534178262376, -0.2036723362500123, 1.5787763214532433, -1.2692348485899267
0.16106764374139743, -0.22026879964103394, 0.4235939669986558, -0.20302209685318146, 1.57719215903362, -1.2701139120846372
0.16098803362002742, -0.22018879757325585, 0.4234234643093671, -0.2028517998021182, 1.5759437615758018, -1.2709705616605709
0.16090338656418496, -0.2200819840737155, 0.42332715430373075, -0.2025655242284108, 1.5744467341983055, -1.2715888505952082
0.1608395446785168, -0.2200341850401329, 0.4233076699493958, -0.20252445146724135, 1.5736264082967764, -1.272166428538523
0.1608341791018123, -0.22003056056307552, 0.42332337894219707, -0.2026861789854204, 1.5735655444261945, -1.2723460799796076
0.16083616694426978, -0.22003256357773485, 0.42331013119550825, -0.2027071491244844, 1.5736081508623059, -1.2723626311248921
0.16081322858294128, -0.22002041783751902, 0.4233337171632267, -0.20267178811464123, 1.5733585648316215, -1.272496897328002
0.16070941568924135, -0.2199591293484391, 0.4232606468164683, -0.20218416177421808, 1.5722130187240244, -1.2732994161371944
0.16060937769979222, -0.21987278584624728, 0.4232044025787565, -0.20197748900595136, 1.5709222109186745, -1.274078440254219
0.16054753555082676, -0.2198004477314151, 0.4230868395181533, -0.2018565197040657, 1.5699467801058116, -1.2746322766557987
0.16044757985897112, -0.2197217754448828, 0.4230167304461349, -0.2015505876114869, 1.568533723050655, -1.275364959210679
0.16036724639845792, -0.21964509412502556, 0.4229397193983912, -0.201290339793856, 1.56731586031906, -1.276172737379076
0.16026781721780609, -0.2195775967571551, 0.42282614352742787, -0.20086929812690577, 1.566163769396202, -1.2768821957119223
0.1601914334263038, -0.21950270041599246, 0.42274843292597236, -0.20076858639245118, 1.5650609040027526, -1.277490466961887
0.160087818381493, -0.21943531879090844, 0.42265699270778556, -0.20034768323456967, 1.5638170566509877, -1.2781709496184954
0.15998570165406845, -0.21935376985997973, 0.42257391652927206, -0.20008477468815392, 1.5625360241591557, -1.2789518864658689
0.1598991050771793, -0.21929260933143696, 0.42242840650872193, -0.19983342087920164, 1.561514385260908, -1.2798825688846285
0.15978896971331102, -0.21921062981706552, 0.4223146409357618, -0.19942130567600239, 1.5601744067377836, -1.280610086751185
0.15963994888545907, -0.21911752203856494, 0.4221972346544683, -0.19905996351960548, 1.5586227942959403, -1.2816219098481856
0.1595198194265845, -0.21902366470541867, 0.4220553112129967, -0.19860195003738146, 1.556977254732443, -1.2827197898741374
0.15948370293947461, -0.21893703727947833, 0.4219674445721572, -0.1984676775103307, 1.555597634883002, -1.2833854468614774
0.159473846690526, -0.2189069421867641, 0.4219243053547012, -0.19839969844485641, 1.554990283561358, -1.2836453071390124
0.15956090246533003, -0.21894602397193277, 0.4218639449546827, -0.19862735405800538, 1.5554213546580757, -1.2835798985460183
0.15963903641606503, -0.21897578767830914, 0.4218428665299383, -0.19880281337684413, 1.5557701661479786, -1.2835310826038238
0.15976469826273917, -0.2190217820918409, 0.4219262008835202, -0.1991152648404644, 1.5565033218250615, -1.2831359203647903
0.16013464291443413, -0.2192157596044904, 0.4220666874700828, -0.20009210909458253, 1.559801971358688, -1.281657164422214
0.16053805531938306, -0.21953932710397658, 0.4227623354758228, -0.2010346447333376, 1.5635128159622855, -1.2800148737191561
0.16098777013050178, -0.22002308440794516, 0.42390035684162614, -0.20185592577097555, 1.568161228553387, -1.2782079995530848
0.1615202704371011, -0.22065797938017687, 0.42516262954592476, -0.20240373094564357, 1.5743158412516238, -1.275953601444186
0.16205820316537034, -0.2214200242507505, 0.42663082984218303, -0.20186693466498787, 1.5812611984159004, -1.2727056480876255
0.16270977957035754, -0.22232308615234211, 0.42797592975872084, -0.2005117263108925, 1.5901089420219534, -1.2679480961513554
0.16344560578431386, -0.22327804868779816, 0.42932869058718115, -0.19934496460399356, 1.5999588448671525, -1.2623870245198356
0.16433935226134821, -0.22427967738526683, 0.4309099162619243, -0.19972070811516024, 1.611114426405335, -1.256479571278211
0.1652287310521069, -0.22526128013342048, 0.43254646455823587, -0.20165601964103488, 1.6224519480915482, -1.2513307338818809
0.16612278187445031, -0.22625126003802276, 0.4342520909913534, -0.2031845700730517, 1.6340385780988889, -1.2455405808712425
0.16709447349529566, -0.22721700934268213, 0.4360717246184125, -0.20508594930506924, 1.6455490652115592, -1.239528052724672
0.16811086984019347, -0.22820657302053474, 0.4378353007893562, -0.20726499124317627, 1.657745049182405, -1.2328532543884128
0.1691722047557645, -0.22927036903242898, 0.43951801044925104, -0.20951112124035604, 1.6709767757103653, -1.225632221937715
0.17037004353610286, -0.23029728538192107, 0.44101557838326566, -0.21331558643829332, 1.6847686976466936, -1.2183103848499621
0.17163258943100335, -0.23114638490734185, 0.442500343984976, -0.21924387406908388, 1.6979626994542796, -1.2114998057179616
0.17299370795467528, -0.23186100832148743, 0.44382907770645175, -0.2262448229316836, 1.710498873922119, -1.2047443877674928
0.1743957891424466, -0.23248922012307868, 0.4450091273981084, -0.23460601520566493, 1.7232658798510225, -1.1979745320486224
0.17571867628644727, -0.23292090613398464, 0.4456066293174228, -0.24416122699641699, 1.7354448925989627, -1.1914803235505425
0.176884573218719, -0.23336921868676105, 0.44601220543507464, -0.25327982375586955, 1.7475100212578596, -1.1856811394405395
0.17776160256572585, -0.23373856576816507, 0.4462939282875871, -0.2601148091463835, 1.7571873941857847, -1.1809122301401607
0.1784161974843463, -0.23393816066699846, 0.44646807556511614, -0.26488629772021444, 1.7634957367380268, -1.1774715479454156
0.17878267575793821, -0.23418118774167035, 0.44635863664128456, -0.2667417645290337, 1.7682600868564868, -1.1754688718877353
0.17896326994514056, -0.23431979391010962, 0.4462352630565605, -0.26726889219469135, 1.7708145673744626, -1.1740259761937217
0.17896638012636912, -0.23432216158232214, 0.4462430200095353, -0.2673931994114469, 1.7707689071158594, -1.174078161521329
0.17897547554984672, -0.23432830714012182, 0.4462450151582365, -0.26736120789655365, 1.770966550984664, -1.1739127085141088
0.17896433537529988, -0.23433305738964322, 0.44630273313473984, -0.26726174127933705, 1.770765982053141, -1.174048053641201
0.1789738331080698, -0.23434469911136088, 0.44633911751218347, -0.26724718645323525, 1.7708636178092236, -1.1740915611787361
0.17893179607480333, -0.23433500919198258, 0.44637094721420906, -0.2672486057955817, 1.7706086689606753, -1.1742846767559323
0.17895071258038603, -0.23434231243832576, 0.44640213482033686, -0.26740340451240413, 1.7707732877584077, -1.1743091367290057
0.17893430892436213, -0.2343519056751841, 0.4464418562209134, -0.2672427091863298, 1.7705943098111714, -1.1743823777732565
0.178924943972668, -0.23435361063210952, 0.4465151182098369, -0.2671332242570933, 1.7703669598118281, -1.1744103683648488
0.17893785872714343, -0.23436260676891055, 0.446528032509499, -0.26717776962538586, 1.7704865803037804, -1.1744123033416556
0.1789247277899117, -0.23436308438743653, 0.44653861536248585, -0.2670107135101119, 1.7703176279224353, -1.1744176599535256
0.17893306614870735, -0.23438654095733832, 0.44652899131141266, -0.26713018932124116, 1.770639110844168, -1.174435016127619
0.1788902801393371, -0.234379778439874, 0.44656400129419016, -0.2670109611718791, 1.7702578961894386, -1.1746644409078808
0.17890476150472434, -0.2343923436575058, 0.44654372924787916, -0.26712176602797844, 1.770469013306424, -1.1746269362902706
0.17887002372523303, -0.23439617634452903, 0.44656385477821736, -0.2671381196609471, 1.7702358291555633, -1.1748579105064945
0.178851382391479, -0.23441615406853328, 0.44657627186399057, -0.2670057292550391, 1.7703131602353865, -1.1749143920986578
0.1788416681103212, -0.23441826828537513, 0.4465962072660754, -0.26704423951406997, 1.770300347962809, -1.174991010741515
0.17882205335792062, -0.23444753962325415, 0.4465845361883019, -0.2669285398877732, 1.7704838622321293, -1.1750361063172263
0.17880714613006155, -0.2344473801032331, 0.44660647820791666, -0.26698734760409015, 1.770318557602783, -1.175184069932338
0.17880203530652666, -0.23446630098717527, 0.4466023418313993, -0.2669000784492532, 1.7703644736583508, -1.175200200493014
0.17878922858463808, -0.23447189407404304, 0.44660682182747763, -0.2669379777895758, 1.7704722755824136, -1.175203886242428
0.17876980688697702, -0.23448928541442088, 0.44662227780573727, -0.2669344175634122, 1.770319499540001, -1.1754665862701437
0.17874480333704867, -0.2344943026001558, 0.4466429295405328, -0.2667677938713878, 1.7702719987423914, -1.175455296592244
0.17874721082250272, -0.2345076124820037, 0.4466379754586915, -0.26676616365039213, 1.7703496976596766, -1.1754843899279286
0.17872613941489507, -0.23450874180315098, 0.44665874819010243, -0.2666505216366851, 1.7702912573377443, -1.1754628326541123
0.1787226422526932, -0.23453084274514885, 0.44665288137855075, -0.2665587138038697, 1.770513936575155, -1.1754071050147015
0.17871451285023127, -0.23454005906490089, 0.44667171638569964, -0.2663730278392731, 1.7703600991693385, -1.1754071263283954
0.1786747643995806, -0.2345539586214915, 0.4467088876908166, -0.26626206276653036, 1.7702100474111844, -1.175617878270444
0.17866747397991667, -0.23456964332345043, 0.4466982672140428, -0.266369619580631, 1.7703789136214023, -1.175680122019304
0.17864694108013118, -0.23458157261241408, 0.44671916875157036, -0.26626413140410427, 1.7703195147018946, -1.1757635029362534
0.17863828383940628, -0.23457376858238582, 0.44675630824555734, -0.2661080421398948, 1.7700321104110186, -1.1757521893896583
0.17862424032795554, -0.23458578607650613, 0.44677649687204635, -0.2662068059845989, 1.770089179975584, -1.1759135353019579
0.17853192537952328, -0.23459644226820045, 0.44687354282195313, -0.26558345610540846, 1.7694028650811244, -1.1767622298233988
0.1783696649036275, -0.23452837742387492, 0.4470239629022599, -0.26506828761451035, 1.7675720749252821, -1.1778329073449347
0.17819756609711834, -0.2344615214338768, 0.44718586583890935, -0.26459877063047793, 1.7656074459532063, -1.1790011293867844
0.1779929534476276, -0.2343563973196015, 0.44725595768894194, -0.2641394032720524, 1.7635729531007935, -1.1803370061828824
0.1777812846854125, -0.23424766061340732, 0.44738761692182916, -0.2633943368351977, 1.761107572765755, -1.1820447808823171
0.17762807079882115, -0.23413996159186254, 0.44746714289943873, -0.26288747453972405, 1.758929185841049, -1.183389064455603
0.1774646647228087, -0.2340338101192323, 0.4474959180915929, -0.26247856436158307, 1.7570801273503418, -1.1845577296715595
0.17732547357491543, -0.23393041353824748, 0.44756501510527386, -0.26217315228822513, 1.7551498781300385, -1.1856845222526222
0.1772011660596281, -0.23385848856026606, 0.44761375882299753, -0.2616064052536878, 1.753623866818631, -1.1867189226930872
0.17708619564400682, -0.23376490071783265, 0.44766544576900485, -0.26145519183317084, 1.7520289258435016, -1.1876737173971765
0.17710402090715446, -0.2337749100440465, 0.4476265767069219, -0.2614326018034373, 1.7522088533625344, -1.1876046899832164
0.17712083839773718, -0.23378454456412737, 0.4475905113442915, -0.26141779879394944, 1.7523058481767337, -1.1875932120225974
0.1771328067702937, -0.2337806537264546, 0.44759013717477725, -0.26142214714799633, 1.7521307142171458, -1.1875679536154424
0.17712119056048758, -0.2337982594442387, 0.44758802053775426, -0.26142070796488226, 1.7522065092058974, -1.1878500432449652
0.1771547833015142, -0.23377974419787179, 0.44755326462413436, -0.26178414974311537, 1.7522819968153092, -1.1876039254716544
0.17714212146175967, -0.2338045157386262, 0.4475525636533892, -0.2614625903470786, 1.7524288638715795, -1.1877124660851404
0.17717670504314015, -0.2338113538747139, 0.4475272433446973, -0.26165275286394674, 1.752573992722105, -1.187628876329723
0.177137395777652, -0.23381814861047043, 0.4475473257825742, -0.2614300076000175, 1.7525076154352242, -1.1878320897487333
0.1771533541051883, -0.23382583964163767, 0.447523675269801, -0.26136648846579813, 1.7526172783702754, -1.187790923952752
0.17717017579203576, -0.23381949181272382, 0.4475353726765721, -0.2616440373493207, 1.752660190106839, -1.187684995173882
0.1771709853036097, -0.23382210599741649, 0.44751303590534997, -0.2615530058027935, 1.7526392797346229, -1.1876616049373665
0.17718140357266374, -0.23381958856105295, 0.44752253579660434, -0.26152077460938616, 1.7527108238346154, -1.1874944554123734
0.177089969328101, -0.2337207283751319, 0.44758734097219116, -0.2613376749420835, 1.7510268882996993, -1.1885157061512899
0.17697079212308026, -0.23362407147675512, 0.44764200320779457, -0.2607759167870353, 1.749061705735969, -1.1896831102467065
0.1769356087764509, -0.2335691369255795, 0.4475592584622857, -0.2606018095345096, 1.747769490768719, -1.1905572721727455
0.17701854897231253, -0.23360786103564862, 0.4473248815723306, -0.2608413409912598, 1.7483858490186637, -1.1904883386277791
0.17706464989303777, -0.2336559257681923, 0.44580188449695524, -0.26023268176757236, 1.7516876163988324, -1.1882557926678625
0.17718548783933355, -0.23384814584382774, 0.44360885013468854, -0.25927159464991867, 1.7583642616982562, -1.183733297093456
0.17743391208250756, -0.2341888274084383, 0.4409920872691747, -0.2581454914838031, 1.7678031853495908, -1.177204960403318
0.17788301496592385, -0.23460022304730643, 0.43791853606409137, -0.25843699567872835, 1.7805895350552994, -1.1685821253245146
0.17856230883976543, -0.2350693953817725, 0.43417500052255176, -0.2612972413389897, 1.7972705104453364, -1.1577917411287977
0.17947696838124327, -0.2354702722402044, 0.42999530643076245, -0.26738341510304653, 1.8161244484169785, -1.1461943384885334
0.18056924368306398, -0.23577310143831082, 0.4259369428052438, -0.2759125835346271, 1.8355299743092082, -1.133901698189007
0.18196025124860493, -0.2359587351724572, 0.4223396248248569, -0.28849216676726697, 1.8551909944711598, -1.1217382108735545
0.18359308129509724, -0.23607184995186298, 0.41978906132305144, -0.3056988140832945, 1.8732272273945199, -1.1121849378416122
0.18553154428652385, -0.2360896207886034, 0.4177751298631882, -0.32687982386166486, 1.8910423211704492, -1.103514339429442
0.1877102974300436, -0.23591111446220298, 0.41597149025381863, -0.3524283202493245, 1.9088846705084588, -1.0953032943891157
0.19015244904406864, -0.23552535848697886, 0.41489461117835913, -0.38244557681483693, 1.925403937796692, -1.088823284218358
0.1927316258077037, -0.2349372374060127, 0.41442233012788365, -0.4166147195328216, 1.9402446236403006, -1.0836969488521067
0.19535066128238499, -0.23425018919233517, 0.41457642406680173, -0.45304319283538447, 1.9531978429758567, -1.07990684048258
0.19800351389232487, -0.23342696284692907, 0.4149604108397928, -0.4910315900142985, 1.9650263307589584, -1.0769200767012233
0.20062282414523408, -0.23259577891276428, 0.41586475576001825, -0.5287887104310488, 1.9751217320142493, -1.0746777253748865
0.2032194306192226, -0.231768835489009, 0.4172784368331204, -0.5663273274054089, 1.983718226434334, -1.0732209069768293
0.2056662122268355, -0.23096070675288743, 0.41907436630247524, -0.6015558570932088, 1.9903398482906396, -1.0731136637410115
0.20794886240359434, -0.23014544896153552, 0.4213791670007362, -0.6356463617543177, 1.994632629271122, -1.0752166768240088
0.21014279754998283, -0.22919246693977235, 0.4242011251540428, -0.6683848112548949, 1.996279582991089, -1.0787074711606186
0.21212857596076418, -0.2282342350953103, 0.42729520296289814, -0.6999833545877091, 1.9962405201556916, -1.0834234057951881
0.2140680851835501, -0.22721671802299773, 0.4302818444583573, -0.7306676800683753, 1.9954248271894661, -1.0881618407294973
0.21582664365573456, -0.22620620069743935, 0.4331444069336442, -0.7600844174663589, 1.9934163795384103, -1.0935397065986705
0.2176313786319133, -0.22509879092002544, 0.43601366960602594, -0.7897276663814086, 1.990399592188142, -1.0991934540461095
0.21933384283381377, -0.22405443606222433, 0.43887563797454865, -0.8177902240835452, 1.986738215838794, -1.1052396302061545
0.22100655748585346, -0.22296700142822956, 0.44163292453303893, -0.8466880538304361, 1.9829469397815818, -1.1116177671416467
0.22255407255564524, -0.22190864564457313, 0.44404106474527677, -0.8743829686475337, 1.979168353857616, -1.1176759921714194
0.22391086152019102, -0.22090207222358638, 0.4462092915974626, -0.8994790458653118, 1.974959063573955, -1.1239916967249008
0.22507713706336036, -0.22000879676581403, 0.4479111876361397, -0.9215934453399275, 1.9712684966752254, -1.1294320733023597
0.2259576559012646, -0.2192687358796875, 0.4495880514087117, -0.9391678063087489, 1.9668811747811221, -1.1346755710067309
0.22672643789833247, -0.2185578932294953, 0.45118113791229875, -0.9544313305082407, 1.9623704760558895, -1.1397819930171957
0.22751892725248662, -0.2177518731115498, 0.45295935728976167, -0.9706008854895161, 1.9568359347628532, -1.145776871226702
0.22843817725359333, -0.21684982977646824, 0.4550176050824421, -0.9900947185135954, 1.950696213074514, -1.1526754986750158
0.22964703027354252, -0.2158511214984512, 0.4574532448948533, -1.0138066262020022, 1.9442100894469925, -1.1602951042715566
0.23090887141455377, -0.21489793522751893, 0.4594886427160454, -1.0375619762079273, 1.938466685420999, -1.1671092323735714
0.23185148520805005, -0.21404086795950228, 0.46102342349136316, -1.0571733331298079, 1.932940923881072, -1.1726231906917843
0.23250426110232802, -0.21328160130666884, 0.46212332239207715, -1.0718356773278064, 1.9276829442684231, -1.1778110604092669
0.2329098315138995, -0.21265803939357442, 0.4627788233461672, -1.0825556010346558, 1.9228387751026441, -1.182528845465272
0.23315633508920094, -0.21212321027026307, 0.46332791725206596, -1.0910034855298096, 1.9183771777816365, -1.1866658984821346
0.23342421930772794, -0.21155430229302158, 0.46449464108713245, -1.0991102708083227, 1.912855972699633, -1.191382297439059
0.2339911319322783, -0.2108026709097458, 0.46650143408979733, -1.1121680983198299, 1.9055053148313796, -1.1986217546055224
0.23478521140253375, -0.20989069242406136, 0.46884026043524063, -1.1294993083648264, 1.8968520181488526, -1.2069974706826856
0.23557068004364126, -0.20891296757161498, 0.4719140550397481, -1.1481775303753758, 1.8866832275768461, -1.2173159508340257
0.23665596170700653, -0.20774621914481037, 0.4755782413059705, -1.171178125675706, 1.8747947930498154, -1.2283791540341922
0.23796824860200733, -0.20658586899987386, 0.4792203958815219, -1.1980316821701384, 1.863784274320203, -1.2385720207292827
0.23933587465493267, -0.2054033461312899, 0.482664661952045, -1.2258108485628005, 1.8531122624880938, -1.2478153422072336
0.2406736413291465, -0.20426247516387977, 0.4859770972732864, -1.254140093975396, 1.8428771317813986, -1.2564360574523643
0.2421490101218127, -0.20308436291671872, 0.4893095799981758, -1.2831541635270036, 1.8321430917465547, -1.2648041993713672
0.2434250075513023, -0.2020951195694929, 0.4920717482213409, -1.3082041998731424, 1.82305366254699, -1.2713382839355207
0.244288893432792, -0.2013703918652834, 0.49429987215643734, -1.3265138808934642, 1.8157447274637795, -1.2770325271336882
0.24494998885125577, -0.20077620482354858, 0.49563933775581587, -1.3396151097917155, 1.8100205573664272, -1.2809809570857313
0.245348232945059, -0.20029930340014296, 0.4964063623534312, -1.3480451491408085, 1.8053044210365103, -1.2846938259711829
0.24543427943955745, -0.19998729754712635, 0.49654920386989565, -1.3532022741270606, 1.802130689559755, -1.2871717552096409
0.24544790180199094, -0.19979168254784024, 0.496339564700495, -1.3562483599889863, 1.8007923206148, -1.2883138334741766
0.24546003937832622, -0.19961656208902415, 0.49609252531900905, -1.3588925352415626, 1.7996834214880346, -1.2892846014745991
0.24550756452376307, -0.19941918494397615, 0.49581970898751077, -1.3618749259365337, 1.7983470523155065, -1.2898811168888102
0.24556633442956055, -0.19928787625432137, 0.49547120355854835, -1.3642953034792507, 1.797779390685403, -1.290637598520311
0.24555471853396724, -0.19912490542231953, 0.49528435602918236, -1.3665706629553693, 1.7966873947358728, -1.291712547443439
0.24545906979723758, -0.19880972144022926, 0.4952456442745031, -1.3681129244956143, 1.7938077207788397, -1.2945349148239897
0.2455561136139784, -0.19820334733769512, 0.4955649807291792, -1.374120313277303, 1.787991776913902, -1.2994128586118687
0.24598835322927198, -0.19727325504594806, 0.49678437585426444, -1.3880845950371155, 1.778368227747895, -1.307364520330127
0.24675319167804402, -0.19608442972427206, 0.4986052389198458, -1.4094153384971513, 1.7657695825069428, -1.3175993615648167
0.24786741704320664, -0.19459366124189537, 0.5005499819356883, -1.4362574043818286, 1.7506085850320012, -1.3291413686299287
0.24868508638388903, -0.1932061540574439, 0.5023385433993235, -1.4598301473211341, 1.7358248094722237, -1.3403454237366992
0.24926995565895058, -0.19213244336039603, 0.5031386829214191, -1.4774828153315367, 1.7249729832283778, -1.3481017589164743
0.2496326525821438, -0.19137319096459485, 0.5033502510473543, -1.4895413388893937, 1.7174536042309783, -1.353401205788524
0.24969125337185763, -0.19105984388465197, 0.5029910409440493, -1.496511963795521, 1.7142400773079491, -1.356301251766833
0.24944704566454692, -0.1910820798474583, 0.5028292913854594, -1.495909094897283, 1.7133382522067417, -1.3594359816854
0.2487873879647917, -0.1912666404920378, 0.5026227727200746, -1.4851889967352712, 1.7131525033092776, -1.3630330746255417
0.2476224427053137, -0.19180131442058362, 0.5025137250617504, -1.4626930382694747, 1.7152282749277057, -1.3668945552008056
0.2460834014226063, -0.19265956548319813, 0.5025528571259583, -1.4315890484453364, 1.7193901638839346, -1.3707021851749375
0.2442806243400036, -0.19377305539304496, 0.5031369038237874, -1.3951101662366272, 1.7240793409420743, -1.3753717963459335
0.2424310753888621, -0.19500195654518204, 0.5041430673200633, -1.3560597137424253, 1.7285045746214525, -1.379936978584785
0.24042787516144398, -0.19647527019286998, 0.5052684186648494, -1.3125204725792234, 1.7341065637876782, -1.3832874177503225
0.23833295957239486, -0.1979999417471348, 0.5063215976420593, -1.2664453984586115, 1.7399664428365287, -1.385672887104276
0.23620992271150046, -0.19950863097331437, 0.5071476338801153, -1.2201613827514541, 1.7452343476374617, -1.3874071799065215
0.23413006068579684, -0.2009366698099994, 0.5076131971360911, -1.175677786397364, 1.7498871384186292, -1.3889579191122168
0.23214037553126604, -0.2023040983293543, 0.50795965345559, -1.1338358370611206, 1.753636545203934, -1.390353308691676
0.23019236184244973, -0.20359333112647188, 0.508253117557602, -1.0927436767576255, 1.7562717298922377, -1.3917166990662915
0.22821729935474389, -0.20488754356276484, 0.5082649064798489, -1.0504053995794658, 1.7584483237036508, -1.3930353948719951
0.2262415754482176, -0.20607047479784124, 0.5079781001780325, -1.0108138677314025, 1.7602957030096125, -1.3938248065858097
0.22433518470069985, -0.20707756648368142, 0.5079193943187507, -0.9737473187040608, 1.7605962047798385, -1.395081954206095
0.22257323579862948, -0.20801741212899144, 0.5081683926334297, -0.9394522452501451, 1.7595157917910706, -1.3970519670258092
0.2208499406657657, -0.208903101336884, 0.5085777579943808, -0.9064953735592761, 1.7572968158407751, -1.399630433178116
0.21908660898269988, -0.20974636267394253, 0.5087716223688278, -0.8728373242864018, 1.7548141801844022, -1.4022218551752104
0.21724569582329606, -0.21062399128014742, 0.5082356813688059, -0.8368474677688169, 1.7530218087155123, -1.4035736599376185
0.21517214269096085, -0.2116489777445081, 0.5065124882486789, -0.797607712015054, 1.753450483393104, -1.4029560974183444
0.21293700200009968, -0.21275347722161664, 0.5036502127590978, -0.7561657886497115, 1.7564296327960225, -1.399863042260261
0.2106751072038713, -0.21383852362384698, 0.5003345494819265, -0.7134914900652471, 1.7600607297982496, -1.3950091143367738
0.20883104873532346, -0.2147218206567669, 0.4977524480716495, -0.6786882750635691, 1.7627402819954396, -1.3907597880357025
0.20724411578597746, -0.21547811210084059, 0.4955982565345666, -0.6500982273282105, 1.7648469991198525, -1.3873985238098387
0.20614230465970895, -0.21598962572247515, 0.4939395852993661, -0.6286277019730637, 1.7659730300814371, -1.3842640068376753
0.20538197354959478, -0.21625731162327244, 0.4928281065118755, -0.6138003082618961, 1.7656723087202626, -1.3825272195955953
0.20458873407413344, -0.21643731674527808, 0.49240772167375024, -0.602689555939214, 1.763646633265417, -1.3832160394527613
0.20399010429559783, -0.21648071074577177, 0.49270863086685746, -0.5946718591610661, 1.759303846725275, -1.385347130384674
0.20346575009761353, -0.21645133321200338, 0.49296378812168135, -0.5888569563673067, 1.7548310246218375, -1.3882460208740008
0.20299047407193643, -0.21633296732428348, 0.49308191911569915, -0.5857518560783933, 1.7504384454749768, -1.3917444311366391
0.20253371846323492, -0.21624779564980676, 0.49303672894182743, -0.582510129725033, 1.746684407950941, -1.3945458872850591
0.2018195700340965, -0.2162760279353558, 0.49174455705758285, -0.5738581421868201, 1.7446254064911424, -1.395440830008168
0.20074289470344786, -0.21637472501853597, 0.4894002327155367, -0.5590655281571024, 1.7425635139976228, -1.395404687921926
0.19915763047885837, -0.21658546816946395, 0.48636107020203073, -0.535924164078409, 1.7385867428931174, -1.3956863647061268
0.19737846504588485, -0.21681050386331052, 0.48359737623178517, -0.5096009579447416, 1.7324216673357922, -1.3969496760124547
0.19573432907311933, -0.21695202893049226, 0.4815316359216271, -0.4844165481090547, 1.724778475677297, -1.398204874795746
0.19453115127872533, -0.2170303494223677, 0.4801366563045895, -0.4647203511108181, 1.7179915862139616, -1.3991678712705762
0.19349542305695855, -0.21708687369494578, 0.4796499375264148, -0.45020054919713604, 1.7116209640052231, -1.4015770730956367
0.19262635544310727, -0.21706206494868702, 0.47943042067718117, -0.44013501533529675, 1.7058257431097257, -1.4042729633383986
0.1921388352083197, -0.21697287951123817, 0.4794080349076474, -0.4344271713099668, 1.7007288957866022, -1.4064462914922262
0.19207068336704677, -0.21683383629223157, 0.47870272687243826, -0.4346692456542189, 1.6996345207698063, -1.4068115628199773
0.1923869255930964, -0.216654807708452, 0.476857403571127, -0.44022000589010923, 1.7032933041611593, -1.404905744486235
0.19309360465903336, -0.21644708426245052, 0.47433245475309677, -0.4516965589185078, 1.7119105468724738, -1.4004581243689997
0.1944429995896892, -0.21589751955730657, 0.4720361620629911, -0.4752809292086738, 1.721980522417216, -1.396216322154494
0.19627860018786156, -0.21494703742318427, 0.4708767999243154, -0.510428410176346, 1.7302099049127408, -1.3946717399701158
0.19868597941280391, -0.21358642892331092, 0.4710870052333062, -0.5559960517094905, 1.7347682599221286, -1.3960349387592461
0.20125556166148484, -0.2119822203243236, 0.4721333408735039, -0.6060470619769092, 1.7348754193899185, -1.3999216929463545
0.2041010875442883, -0.2100049125756558, 0.47397445973852637, -0.6628225632018104, 1.730715103426438, -1.4064219641654514
0.20709646836844933, -0.20775701334584942, 0.4759398279907164, -0.7255112888326843, 1.7237912750567255, -1.4145520142505013
0.21009444894561657, -0.20540155494441836, 0.4776707300672698, -0.7894657546290873, 1.7151189815818348, -1.42273636780428
0.21280979297342928, -0.20312153727096788, 0.47888141305283616, -0.8494512744756675, 1.7060766346577432, -1.4297050400601188
0.2151741251659115, -0.20114596919452724, 0.4795858704493772, -0.9018614905832069, 1.6980188364696032, -1.4352125064578525
0.21714179292163832, -0.19948851729725425, 0.4796384176685575, -0.9455399058527189, 1.6911745660898756, -1.4391458608174097
0.21866825321813482, -0.19817412189073919, 0.47905312846277776, -0.9802172570691177, 1.6860567066528633, -1.4415803717551536
0.2197118374120744, -0.19717160735156342, 0.4782549652885512, -1.005566036969504, 1.6821643299457594, -1.443559658761202
0.22038299530404856, -0.1964132727543662, 0.47713831033184756, -1.0226452208560832, 1.6792762172306017, -1.4450962817533315
0.2207418851161419, -0.19581766364414, 0.4764084791456432, -1.0337523623982185, 1.6758610150842257, -1.4476714101979327
0.22074937074296808, -0.19550708962248736, 0.4759988670758987, -1.041189629386798, 1.6733889002056348, -1.4512269361243584
0.22059901362536943, -0.19517913712842716, 0.4770557496522371, -1.0445123689201299, 1.6672230170207332, -1.4579714983510748
0.22019509757995373, -0.19475755611055684, 0.48000454420786803, -1.0423749310304293, 1.655457207898709, -1.4692080554568778
0.219679039813223, -0.19421487044571872, 0.484247996483634, -1.0361476301444743, 1.6394231549021456, -1.4841607742548608
0.21891961535915622, -0.19367153218593575, 0.48864306475754155, -1.025318754103561, 1.6226838068997687, -1.4990632561464305
0.21816709902449458, -0.1932797098036505, 0.49174121397411863, -1.0157184367948202, 1.6097409167067451, -1.5109141727333577
0.21764815943389723, -0.19299033419393005, 0.49325893388726827, -1.010490348981482, 1.6005984127030717, -1.5193606891589997
0.2172110483725117, -0.1930052810140463, 0.49351303743832187, -1.004903534612906, 1.5971598923176058, -1.5238201022679696
0.21658559071662634, -0.1936468514284782, 0.4920034826209978, -0.9928660223807374, 1.6040406026005574, -1.5202994891498245
0.2157657421226742, -0.1950026668209463, 0.4878852256643867, -0.9722762842065704, 1.6227621928992797, -1.5071357648447932
0.21450999039783814, -0.19682965414214845, 0.48150486236765844, -0.9424717277488799, 1.6492672418774394, -1.4882086863873252
0.21325667556734956, -0.19879202291168813, 0.4752581486940153, -0.9118536384215007, 1.6767487901411855, -1.467875164405488
0.21208544120662487, -0.20058310644240235, 0.4702466251116167, -0.8824662542964352, 1.6994756266947764, -1.4504141331401517
0.21086017126645334, -0.20222723320586544, 0.46715091375108875, -0.8538778460954999, 1.7162623993208648, -1.4373490059192455
0.20989593459916847, -0.20368645493829324, 0.4655089225352857, -0.8288055196209965, 1.7291652267043158, -1.427244102437963
0.2089460931729311, -0.2048846209838354, 0.46548375398670416, -0.8045486137763243, 1.735643046214614, -1.420964734257618
0.20812929266260427, -0.205698693659438, 0.46687414602185123, -0.7823411293828522, 1.736351570833564, -1.417699436471285
0.20774495275548144, -0.20591494021020054, 0.46975934840819206, -0.7708436441123863, 1.7313596284132278, -1.4192250756370597
0.20792110520678336, -0.20581306059487445, 0.4742120696864537, -0.771539566205888, 1.7226675359203036, -1.4257424315929526
0.20843531036006568, -0.20526074657354207, 0.47988992555901244, -0.7822340723374436, 1.708841294926579, -1.4383511868297962
0.20930984745822412, -0.20450178127268354, 0.48579000720089716, -0.8004936221218436, 1.6949241932154562, -1.4511427903771017
0.21044140429919717, -0.2035183562105316, 0.4920089942496223, -0.8237126122033909, 1.67987485559663, -1.4639774634830471
0.2116635402790323, -0.20243148469409844, 0.49866104544728773, -0.8489393396355615, 1.6633725131906945, -1.477136241402503
0.21294166257549554, -0.20129629838329893, 0.5053771968037677, -0.8756181247340147, 1.6459810544185467, -1.4909007456244214
0.2143669189756522, -0.20003817811023306, 0.5123295749677137, -0.9045626876207544, 1.6271474923864184, -1.505263501390006
0.21577755506166849, -0.19877953962320039, 0.5192227807525079, -0.9342527639964693, 1.6080896363018424, -1.5199922722861778
0.21704659133471513, -0.19754073558132573, 0.5259933890904757, -0.9630198293870523, 1.5887823635775533, -1.534480479103653
0.21832887773283988, -0.1963601653567283, 0.5325806801802613, -0.9903047678510087, 1.5700691893794385, -1.5476751395041044
0.2195836181363856, -0.19522887072139294, 0.5390765464164076, -1.0165109855521541, 1.5517673258925453, -1.5602436999789753
0.22082350847142868, -0.1942079147687194, 0.5451866600180811, -1.0416911205331445, 1.534752697502458, -1.5718312080787917
0.22195247089812048, -0.19332727757657767, 0.5512644908468655, -1.0652345535747798, 1.5185861618105108, -1.5830400186891953
0.22304564348853345, -0.1925370149177606, 0.5568849649778139, -1.0863030243812697, 1.5039710885500654, -1.5924385545576716
0.22411484615795035, -0.19183052474693685, 0.5620467431320226, -1.1058687686142903, 1.490725534471177, -1.6007969526673873
0.22516228945510386, -0.19127131562185085, 0.5662725341249757, -1.1238614099687172, 1.4801035846764727, -1.6073601907098523
0.22619260622780957, -0.19096435432913952, 0.5693083925877719, -1.1404058233298286, 1.473409576424949, -1.6117486925350026
0.22646789037349624, -0.1908724128950222, 0.5716048763602067, -1.1468705101549257, 1.4712015267568592, -1.6128857095861486
0.2266128317851498, -0.19081137779852198, 0.5737140457721033, -1.1515469006130818, 1.4700086747991257, -1.6132090459589075
0.22706823377207166, -0.1908382920636709, 0.5761073199522997, -1.1578766290637295, 1.468296612154037, -1.6146387555062618
0.22787827951960174, -0.1911894602244094, 0.578319743392983, -1.1606920036712678, 1.4698188976786803, -1.6138148320460792
0.22817304451096937, -0.1918475552730514, 0.57908965484573, -1.1561433833466956, 1.4766476290459551, -1.6091711921573157
0.22798204797781257, -0.19284228653248847, 0.5776116932596895, -1.1429856737207351, 1.4906786918124777, -1.5989589776567097
0.2275346616367584, -0.1940063515475075, 0.5741035797740698, -1.1247863538562952, 1.5090149536450495, -1.5856131193832077
0.2269740778482064, -0.1952240694280084, 0.5692532425096228, -1.1055884071066153, 1.5303389395215954, -1.569858176072332
0.22634273282508888, -0.19648402718257874, 0.5635154613713279, -1.0858528205324116, 1.5530434978383725, -1.5525955267309288
0.22572570095961536, -0.1975762211761449, 0.5576311199511111, -1.0688094523211498, 1.5740944547056586, -1.5360488141449518
0.22512595405426272, -0.19846856365978185, 0.5519530120065669, -1.0541598346889636, 1.592786810110062, -1.5205921843250214
0.22466302783606862, -0.19922662801298885, 0.5465147705136801, -1.0424818371370692, 1.609396918285053, -1.5067161955153792
0.22427709782425315, -0.19994335851352496, 0.5411936982714608, -1.0318701819657596, 1.624880514325275, -1.4936869139043651
0.22389370331870168, -0.20064919672409567, 0.5362155875496842, -1.0215432368957826, 1.6392736037724478, -1.481571203780936
0.22353990668114088, -0.20123782843904894, 0.5313007650118791, -1.0125687701588073, 1.6526526911203443, -1.469984399534233
0.22329334642156556, -0.20172264527453743, 0.5265047993117391, -1.0054491541746418, 1.6646728672096416, -1.4593869247300353
0.22303314615636072, -0.2021188115226991, 0.5219079823878614, -0.9992775078527874, 1.675867381248573, -1.4497779501399608
0.22274584757107407, -0.20259784146328447, 0.5168342610941195, -0.9923974791641584, 1.6881676251413475, -1.4389687550180252
0.22229049822446112, -0.20309508467004395, 0.5118751656734063, -0.9843082806863657, 1.7002162872902935, -1.4285085038928225
0.22185547645866802, -0.20355980526588105, 0.506937174193116, -0.9763996349260304, 1.711929485386293, -1.4182158194924959
0.22148531969047947, -0.20398178214607018, 0.5018622516901243, -0.9692079359897572, 1.7234604817802492, -1.407691947880615
0.22113227964179777, -0.20434896234518066, 0.496976736257789, -0.9623421846850965, 1.7343284666474237, -1.397799102651576
0.22077518796167844, -0.2046097043233085, 0.4927446076139126, -0.9561407133999883, 1.7431808065172358, -1.3891545220652792
0.22065587826408142, -0.20463892088719063, 0.48932657319173894, -0.9546613388551934, 1.749327975354247, -1.3830399237824946
0.22063620341319998, -0.20473130254886016, 0.4864433939345568, -0.9544390887136044, 1.7547657900263145, -1.3784736974484229
0.22045636378170733, -0.2047726498614721, 0.48338964701056697, -0.9533667008918449, 1.7599300633441888, -1.3738239416486915
0.22021926801552114, -0.20471636933062182, 0.4810921627920992, -0.9532004033450494, 1.762978113751105, -1.3708653466204035
0.22024269587491985, -0.20444964602974994, 0.48058348106869603, -0.9576387505791912, 1.762040043919808, -1.371904530568585
0.22054852469710864, -0.20397456273825235, 0.48105633460620445, -0.9662471858731249, 1.7578701927464495, -1.375482348621121
0.22086940934904892, -0.20328526187856044, 0.4828951457755526, -0.9768338078088845, 1.749583572555245, -1.3822576208656312
0.22147030032551324, -0.20222279193537085, 0.4865238399542181, -0.9935029239721722, 1.7360040624486455, -1.3936537417607748
0.2224940412230992, -0.20084291875404225, 0.49127706870516186, -1.0180861455488377, 1.7184703200691722, -1.4088949456118471
0.22377424876496715, -0.19948239119404038, 0.4965030724705868, -1.0464050628053434, 1.7008672534246783, -1.4243756430535182
0.22497259337517067, -0.19804631042471532, 0.5024736753702588, -1.074759102777347, 1.681304674084402, -1.4408306700471174
0.22612422047904257, -0.19662869330997249, 0.5084805586591159, -1.1033644189329488, 1.6616018610639387, -1.4569644953332073
0.22733538159116, -0.19525366352650628, 0.5138762350015137, -1.1317680783000243, 1.6430120123212235, -1.471513612900306
0.22840972355457806, -0.19403956791440174, 0.5187529407545302, -1.158033222385704, 1.6261184101755717, -1.4846921772132717
0.22942916081548242, -0.19290233453572433, 0.5231963957216275, -1.181729325773351, 1.6105872687739835, -1.49611786678325
0.2304347214273038, -0.19179865566174945, 0.5277069340897516, -1.2052701923644182, 1.5951029106047019, -1.507371474664568
0.23131726215899634, -0.19086950882425677, 0.5318014615513844, -1.226597159320732, 1.5813430342183603, -1.5172023858120112
0.23219061219700293, -0.1900808433638051, 0.5354829942681928, -1.2462482616004666, 1.5695248187897533, -1.5256775996132024
0.23298473997701236, -0.1893450498719735, 0.5392274195734427, -1.2635813254676598, 1.5582946762190129, -1.5332181498268458
0.2337277484380062, -0.18866028033034946, 0.5430373695344226, -1.279903461230565, 1.5473352081821437, -1.540621258740444
0.23464283069509917, -0.1880770249935126, 0.5466231917191002, -1.2969282251967233, 1.5371372352589596, -1.5475564979603105
0.23554206045897869, -0.187656518733682, 0.549448086155945, -1.3125823566235282, 1.5293990191078601, -1.552707954635397
0.23615448329013408, -0.18752071420450878, 0.551496766731161, -1.322228609795957, 1.5252893321752252, -1.5555697544401947
0.23631780731424062, -0.1874441999242771, 0.5526424624734683, -1.3254208850047495, 1.5233438196510904, -1.5568531954008495
0.23630396284337996, -0.18743973452133458, 0.5526381742219509, -1.3253775960503293, 1.5232125409432837, -1.556969170832002
0.2363246739211809, -0.1874710930301293, 0.5525776925355541, -1.3255371796690125, 1.5236083927526654, -1.5569456975756988
0.23621110887174213, -0.1878163609927488, 0.551840398506807, -1.3210485794089932, 1.5278396551662186, -1.5546369997035108
0.23549790971660606, -0.18863375321301687, 0.5511217383543754, -1.302203124397004, 1.5369072089075346, -1.5496672433341077
0.23467060776694693, -0.1896044733735569, 0.5502770567170514, -1.2777626302700194, 1.5475407006114987, -1.5431643817805072
0.23396494846318383, -0.19030011967334465, 0.5493195416852994, -1.2596758858161077, 1.5550851000148915, -1.5383195590873362
0.23342660104396995, -0.1908934691383662, 0.5482887704584125, -1.2471964087155123, 1.5608945590661747, -1.5361270129290188
0.23286412847969434, -0.19152818234635208, 0.547114014809019, -1.2349569561609146, 1.5670316652930179, -1.5340323093746588
0.2320129825721688, -0.19255293737936785, 0.5456462386371946, -1.2140288429199204, 1.5772639497699898, -1.5293045772244598
0.23080565399601444, -0.19412171077874893, 0.5440029960596713, -1.181662709865227, 1.5926294106824255, -1.5209161570691847
0.22917978932763414, -0.19628063597898543, 0.5420862234651229, -1.1362063255428212, 1.612576330819816, -1.5088732687462427
0.2272175756704015, -0.19886928795441283, 0.5399322383572894, -1.0805523357470057, 1.6354189355361382, -1.4939014662680339
0.22518380081217326, -0.20146452147077368, 0.5374997328838179, -1.0240894999375183, 1.658002906153365, -1.4775413710170502
0.22312983052070445, -0.20395314552792942, 0.5348348353703707, -0.9708028583631594, 1.679650425916822, -1.4613834991880954
0.22135108405887483, -0.2061802264483662, 0.5320754846635528, -0.924862965319867, 1.6989884381435503, -1.4463169827481752
0.21974507039673907, -0.20828186851888297, 0.5290803962794528, -0.8806856586665393, 1.71742973845677, -1.430568425193977
0.21811852269317955, -0.21029158574514512, 0.525952481454225, -0.8375552920300818, 1.7347322308534456, -1.4144121612667222
0.2164492276638002, -0.21226441317275563, 0.5227107769373224, -0.7951134695526549, 1.7509001569735871, -1.3988609191245824
0.21481596645553083, -0.21413876574091906, 0.5193432727053419, -0.753710570475789, 1.7655104996057345, -1.3840997130119654
0.21314746970241427, -0.2159895196792754, 0.5159500122038373, -0.7127140113965817, 1.7790807884351394, -1.3700995956931437
0.21150501945511405, -0.21771393110886617, 0.512661083510154, -0.6727534113431004, 1.7909333967590384, -1.356434478451961
0.2098740149718534, -0.21931828204017637, 0.5096440322060491, -0.6347500607937251, 1.8010879071298758, -1.3437335614346861
0.20846788259382276, -0.22073690410075725, 0.5067408688990106, -0.6014277423352615, 1.8099430739163076, -1.3322137093792192
0.20707796761962738, -0.22207825725030053, 0.5037269533515998, -0.5702840366263052, 1.8182180579147118, -1.3215158284269857
0.2057567043723284, -0.22324062309806686, 0.5006255817305394, -0.5417539486352325, 1.8252527185630638, -1.3115406624405752
0.2044660962889281, -0.22432145836696968, 0.49744447278890813, -0.5134687025198693, 1.8317401229081798, -1.301531033440439
0.20318682639452496, -0.22526534219567837, 0.49447861282897887, -0.48680996050399244, 1.8366689397189813, -1.291977440626374
0.20219774584383177, -0.22594606046092258, 0.4920699350173297, -0.46693696214143515, 1.840197289022125, -1.284772008966022
0.20152843623800482, -0.22633697061860267, 0.4902704855847371, -0.45379678066073986, 1.8419777324987108, -1.280100159718532
0.20116064846033793, -0.22652203248208735, 0.4888913200940324, -0.44539109804989807, 1.8428042817110728, -1.2768995314030627
0.20083818710096418, -0.22662287785088983, 0.48794783027907235, -0.43958207140186567, 1.8428527270871962, -1.2753876492092109
0.200618846938427, -0.22668892607638907, 0.4877809241841748, -0.43559352291586295, 1.8417841592527835, -1.2752757884098158
0.2004425737731379, -0.2266816021563431, 0.48785670649946283, -0.43414464283985293, 1.8400537358002584, -1.2765135162904235
0.20027242029328796, -0.226643543283637, 0.4879541204288678, -0.43334210470878765, 1.8383878044885409, -1.2777680700237195
0.200177885815732, -0.2266043243692054, 0.4879785719089851, -0.43290847480792677, 1.8370035382698195, -1.2788528603506382
0.2000957675380638, -0.2265620825313783, 0.48804860941907013, -0.43242408887728573, 1.8355066559536393, -1.2801531995167392
0.19997443519001412, -0.22646915590837077, 0.48813228960027116, -0.4320118370556191, 1.8333973150424274, -1.2814796330047598
0.1998216216749424, -0.22635787467239837, 0.48823586892599996, -0.4308898991865971, 1.8307391156788062, -1.2831026949920028
0.19961913096004724, -0.2262736203505874, 0.48839731548667153, -0.42979488376632274, 1.8278847198315695, -1.2851092210412327
0.199425705062156, -0.22627553603586265, 0.4885907094792312, -0.4292205576886773, 1.8264905163812055, -1.2869181337605111
0.19943150276429827, -0.22623975006346383, 0.4900953176107713, -0.4311615283906088, 1.8236732535489522, -1.2901935765301973
0.19979158044275863, -0.22610799304854307, 0.4933289693155858, -0.43678244779388525, 1.8186191056853689, -1.2951708630128331
0.20063547625467726, -0.22587915732813627, 0.49835234814296625, -0.4476824421344146, 1.8127092223084427, -1.300781395132557
0.20197932214405012, -0.22546658589335386, 0.5049380133811223, -0.4662934914446657, 1.8051635221798954, -1.3089290625477707
0.2037630063673039, -0.22478737384091807, 0.5127409592782598, -0.49393157604660815, 1.7961827250901345, -1.3199495363571452
0.20615355077612801, -0.22376838546402308, 0.5217863635620833, -0.5334547667973139, 1.7857028249321545, -1.3341126183254155
0.2086837596946849, -0.22258773972230633, 0.5309954282547136, -0.5792677957213674, 1.7749870261311689, -1.3497607639975053
0.21137566072212913, -0.22124669942144767, 0.540204470289622, -0.6295595880566665, 1.7634447820929404, -1.3657361601784062
0.21421261867512015, -0.2199181694470047, 0.5491851574368879, -0.6811355431677371, 1.7519647015062714, -1.381214067389316
0.2172191623996547, -0.21886760816043177, 0.5574377575446838, -0.7323385115061947, 1.7430194022188896, -1.394942562585857
0.2199157611068304, -0.21792677876004535, 0.5651198848719251, -0.7794307388539589, 1.7360805692346917, -1.405159440109802
0.22223888341537026, -0.21709698070854336, 0.5724077855844224, -0.8211949855084684, 1.7299269520347649, -1.412779139091176
0.224432126805501, -0.21650970051349747, 0.5794754536322233, -0.8593984933751256, 1.7254183210807945, -1.418986976530261
0.2263575469804114, -0.21617462557953457, 0.585615601885483, -0.8916846166282972, 1.7224759550978173, -1.4233640570029074
0.22780310140407745, -0.215868039802001, 0.5907578679539913, -0.9170099737516705, 1.7201364796459724, -1.4258853383015337
0.22859360599378098, -0.21556349046279866, 0.5945514364188624, -0.9339859499940233, 1.7180608275038334, -1.4279076195392555
0.2290457319289534, -0.2153571335530685, 0.5969239122849203, -0.9454095069803703, 1.717087693809357, -1.4295147727843247
0.2292913620283657, -0.21521790382351125, 0.5982593371451601, -0.9530272490822908, 1.7163367633189528, -1.4309797282715573
0.2294133607465753, -0.21503292865785079, 0.5989266249901084, -0.9577675351889606, 1.714089451696326, -1.4334224560066184
0.22954131683823767, -0.21491795325033902, 0.598844194659602, -0.960686058374163, 1.7132240112400727, -1.4344094142805839
0.22955451908656624, -0.2149095005626625, 0.5988463542706925, -0.9608329336835273, 1.7131555844839368, -1.4344367371013351
0.2295611180299853, -0.21492296536245248, 0.5988279518790994, -0.9608723894748961, 1.7132137244453507, -1.4344558983945275
0.22953950287766123, -0.2149151938851154, 0.5988360891223582, -0.9608139126643207, 1.7131911838591916, -1.434453469710151
0.22952621018323582, -0.2149240344655163, 0.5988522320072127, -0.9607946461194722, 1.7131901851236064, -1.4345039445777177
0.2295487851192678, -0.21491590439979222, 0.5988268998955388, -0.960866044365464, 1.713202474894498, -1.434464366457758
0.22954030240648687, -0.21492850691260035, 0.5988281143884234, -0.9607651778610264, 1.7132966925689632, -1.4344294022592892
0.22951627651617512, -0.21490922964275772, 0.5988626461862006, -0.9605940499676917, 1.7128169933579167, -1.4347665653637236
0.22935507203313027, -0.21485402054307623, 0.5990377901145849, -0.9592090413882545, 1.7110102149751136, -1.4364270656321372
0.2292031860087423, -0.2147886306297695, 0.5991893263086872, -0.9577572717816237, 1.708948698963299, -1.4383469736304408
0.22900985952298397, -0.21470369890829524, 0.5993464676342556, -0.9564138323679912, 1.7065941591306408, -1.4404532607721237
0.22884274167100782, -0.2146297723232684, 0.5994647054774085, -0.9548165231278606, 1.7043272380082881, -1.4426467567140335
0.22866333952475237, -0.21454031634919662, 0.5995968577827104, -0.9533137719714404, 1.701875962103407, -1.4447400674523299
0.2284959871794568, -0.2144432507139307, 0.5997267454771232, -0.9516876353319299, 1.6992878549693597, -1.4467345400408318
0.22829449384586387, -0.21435182491890212, 0.5998661730506645, -0.9501171953794408, 1.696696829283352, -1.4489875884544388
0.22812985147342763, -0.214284891444453, 0.5999704513330063, -0.9485488738955725, 1.6943466153864433, -1.4512237620311723
0.2279575622689568, -0.21421756732095396, 0.6000750496325238, -0.9466831266099872, 1.6920018042893967, -1.4534655777929384
0.2278001624930897, -0.21414101847920644, 0.6001910657896717, -0.9449198044864503, 1.6894259408138772, -1.4555943202968695
0.22763726848613736, -0.21407286645205661, 0.6002741505179993, -0.94343768490965, 1.6869957258964645, -1.457996999004282
0.22752106799263783, -0.21400818133819083, 0.6003398846996425, -0.9417944759813529, 1.6845065345222152, -1.4602295349051715
0.22738746520686332, -0.2139231403317142, 0.6004060445315422, -0.9402141727320047, 1.6819131253612158, -1.4622687720966199
0.22721463950473825, -0.21385493894218235, 0.6005119570566503, -0.9384260477990046, 1.6792603928226002, -1.4647073476966967
0.2270184836076683, -0.21378026489546015, 0.6006442335593549, -0.9366953210424533, 1.676467452689831, -1.4673832747794837
0.22685227381116602, -0.21368907612862606, 0.6007343228151992, -0.9348886377070776, 1.6737423010002968, -1.4696401161707393
0.22669681914572182, -0.2136052323792585, 0.6007887589565223, -0.9330621427950206, 1.6709795455687388, -1.4719839827799854
0.22651458728678625, -0.2135261840672302, 0.6009149494840528, -0.9312159648248245, 1.6682796985128407, -1.4745277543159854
0.2263392926626594, -0.21342957459827347, 0.6010017321110331, -0.9294066985854583, 1.6654972225010949, -1.4767295197677641
0.22614402922990856, -0.21334052174045318, 0.6010941423593281, -0.927299533549491, 1.662773731886614, -1.4790140217359975
0.22595043721478542, -0.213267224935766, 0.6011641219825086, -0.9252847989219128, 1.6600202046892216, -1.4815054710051727
0.22574024757704586, -0.21317039075659722, 0.6012956425836748, -0.9235362783326746, 1.6569902413659188, -1.4841415433952123
0.22556436472768873, -0.21309531007779914, 0.6013656075714577, -0.9215910579342148, 1.6541436293670981, -1.4865896681630733
0.225351060838936, -0.21300928356289345, 0.6014709991592051, -0.9196168893304659, 1.6511363345517052, -1.4893160171837274
0.2251716382971969, -0.2129169108749793, 0.6015415674761894, -0.9177149613484001, 1.6483325429169495, -1.4916735743315324
0.2249990665627346, -0.21284300620967583, 0.6015885768634247, -0.9157408194719345, 1.6455522338503359, -1.494031360063037
0.2247773338371412, -0.21273906789212899, 0.6016978574974647, -0.9134042325339101, 1.6424003510996799, -1.4966176684905386
0.22455843610202597, -0.21264745178578828, 0.6017700336911586, -0.9116082287740572, 1.6393690376130055, -1.4993161303051394
0.2243573927914834, -0.21252805817589862, 0.6018537967367387, -0.9096941229511022, 1.6360518513402866, -1.5018141608211606
0.22417771655599206, -0.2124394734079037, 0.6018989878856688, -0.9076178357548648, 1.6330678837162258, -1.5043083965300243
0.22397059841530664, -0.21232656130453062, 0.6019999945343263, -0.9054258389498436, 1.6299134399741513, -1.5068662211196604
0.22375018028494925, -0.2122358300986823, 0.6020386133968932, -0.903353661060745, 1.6268963776492062, -1.5093236743550702
0.22355834445186767, -0.21215452632917994, 0.6020771165762885, -0.9012117688239216, 1.6239376064585154, -1.5118692192091
