-0.5230988721126609, -0.3658871618336593, 0.35628026457000483, 2.590956387093107, 1.2492792865576514, -0.20693660846462117
-0.5230915225266265, -0.3658921422926339, 0.3562719430303232, 2.5909251734073115, 1.2493567368863172, -0.20688889595854645
-0.5231074837496348, -0.36587320623017083, 0.3562722186146267, 2.5909578625621417, 1.2492989193850357, -0.20697048158303166
-0.5230828353612053, -0.3659136203382227, 0.35626489197897376, 2.5908968488462816, 1.2494032826981776, -0.20693676592029114
-0.5231000212725523, -0.365879174962554, 0.3562850646079961, 2.5909160559287483, 1.2493232154968676, -0.2069755196751178
-0.52310024354198, -0.3658963774854789, 0.35624230645644017, 2.5909761480876496, 1.2493344387273806, -0.2068875025979516
-0.5230938584908981, -0.3659046731681607, 0.3562621966879719, 2.5909209069101053, 1.249338870100085, -0.20691511748195782
-0.5231014954901716, -0.3658976056599668, 0.35623210869914895, 2.590998229618782, 1.2493204221551049, -0.20683616172299815
-0.5230885937633764, -0.36589301604157337, 0.35627683565591467, 2.5909482531737407, 1.2494011815976143, -0.20696875719862656
-0.5230821570689965, -0.3659012840298328, 0.35627741880340325, 2.590935704828049, 1.249343933885936, -0.20693890045335667
-0.5230868428880563, -0.36587845161273547, 0.35626630200004694, 2.5909502907167306, 1.2492749190005146, -0.20687596722133952
-0.523110530039709, -0.36587475073478215, 0.356283809632886, 2.5909445841871803, 1.2493324913458463, -0.20701339591025655
-0.5230784418155392, -0.36589375593603785, 0.3562859877002593, 2.5909556586101803, 1.2493682872345622, -0.20697569697403825
-0.523104696420637, -0.3658913380738029, 0.3562663356203831, 2.590972320008011, 1.2492827799964015, -0.2069267473823526
-0.5230948403989267, -0.3658806670603985, 0.3562713326981227, 2.5909620504595803, 1.249333422248192, -0.20694036862938356
-0.5230818220012285, -0.3658919548492345, 0.35627793287703863, 2.5909243185784394, 1.2493580104854094, -0.206923407943611
-0.5230907146841837, -0.3658913403404473, 0.35626409276752574, 2.5909272246136035, 1.249340308595447, -0.2069028767886997
-0.5230834653545219, -0.36589475687024964, 0.35632530873230817, 2.5908679386786764, 1.2493500008626837, -0.20706298775823223
-0.5231021152000251, -0.3658981334092111, 0.3562720342285183, 2.5909558912411557, 1.2493323452356015, -0.20695123100334
-0.52310147374564, -0.36589751502068874, 0.35626750581755423, 2.590955796079116, 1.2493322761862464, -0.2069519274451949
-0.5231086687794949, -0.36587296167098704, 0.3562929968481498, 2.5909546981640963, 1.2492837864280553, -0.20704006737565678
-0.5231229704501912, -0.3658656210985222, 0.3562854490355397, 2.59098638450196, 1.2492549635967816, -0.20699491741749554
-0.5231040613668277, -0.3658893881778217, 0.3562569801637131, 2.5909557034906743, 1.2493490049390765, -0.20694212332531076
-0.5231053561621176, -0.36587621323481506, 0.35628978875291056, 2.5909817021968724, 1.2493251428598564, -0.20702626006566122
-0.523115442997705, -0.36587680629865965, 0.3562464454222292, 2.5910219210668792, 1.2492948526993277, -0.20690598581453143
-0.5231104436258555, -0.36588374496204595, 0.35626594619751895, 2.5909948041482203, 1.2492896139126808, -0.20694362815349157
-0.5230994498077806, -0.3658850027736984, 0.3562720248671714, 2.5909523177971066, 1.2493322249819845, -0.2069720478829953
-0.5231276890169859, -0.3658924406386575, 0.35273889400988423, 2.5908987390608473, 1.2492650836315833, -0.20750869368278674
-0.5230790393409013, -0.36585890039008334, 0.34776454881984803, 2.591073758208149, 1.2492369728848962, -0.20727017570063036
-0.5230447691755782, -0.3658017815635686, 0.3427737935045325, 2.591276731474333, 1.2491715337386151, -0.2071930324612715
-0.5230959774961162, -0.3658397201704331, 0.3375772241744599, 2.5913897762832967, 1.249188130807043, -0.20717267945770512
-0.5231320229662327, -0.36584543633560407, 0.3326017396059809, 2.5915134166852867, 1.2490745121034785, -0.20719606143727623
-0.523127946179659, -0.365829918349235, 0.3275603481513438, 2.5917438589136395, 1.2490120177613386, -0.20694184310790312
-0.5231019419814433, -0.36580627680617966, 0.32250860578467266, 2.5918894185586865, 1.2489698020252342, -0.20683621290249712
-0.523115129962045, -0.3658080470569692, 0.31751098972520175, 2.5920228392357405, 1.2489470904473519, -0.20679416943411533
-0.5231600640824119, -0.36583723003304885, 0.3124079139575308, 2.5922392768812244, 1.248987851991118, -0.206510347186914
-0.5231931796731346, -0.3658394830893984, 0.30748907621116367, 2.5923095699403595, 1.2488918933941993, -0.20668386290337945
-0.5231872989628776, -0.36584499277301097, 0.30315092938842086, 2.592415619057382, 1.2488756967415673, -0.20665969398425754
-0.5231726657545963, -0.3658532461179111, 0.30309670766244085, 2.5923868358885374, 1.2488857744897193, -0.20667961728380807
-0.5231871626369022, -0.36582454909402584, 0.302896247336797, 2.5923561204762504, 1.2487987551594497, -0.20693202919582193
-0.5232170370222771, -0.365856276896637, 0.2978134451947656, 2.5927192805116848, 1.2488322319017973, -0.2063128021180385
-0.5232205594068906, -0.3658315052802847, 0.2927045775163405, 2.5928934701657265, 1.2487823967406861, -0.2060808346121737
-0.5231757159002425, -0.36578178419222773, 0.28770244329905226, 2.5930969020252648, 1.2487043983314698, -0.2057683831531435
-0.523201458727438, -0.3657852751258018, 0.28277037972741303, 2.5931307169345312, 1.2487116597012462, -0.20597364039009697
-0.5232534444722976, -0.36583218426431796, 0.2778151852914184, 2.593239690231277, 1.2487152326595388, -0.20601818911580008
-0.5232445101619219, -0.3658223172463518, 0.2728273995493843, 2.593386752588944, 1.2486561286082778, -0.2059815660317598
-0.5232607718430135, -0.36582706462771947, 0.26783709219006785, 2.59343604696852, 1.2487018837781523, -0.20609069483900214
-0.5232552539338993, -0.36576830630850876, 0.26281162983271594, 2.593695358212168, 1.2485608980391667, -0.20585342060342754
-0.5232727074994927, -0.36574108405537825, 0.2581768832531634, 2.593860291066913, 1.248547561510277, -0.20576302586303943
-0.5232879494794076, -0.3657250080562804, 0.2581312776208294, 2.5937675253704744, 1.2484692724942645, -0.206136181278531
-0.5233251671379016, -0.36571656726136215, 0.2579291741600352, 2.593746648333592, 1.2484355949672394, -0.20633687827627056
-0.5233531144825321, -0.3656614956416133, 0.25313647496346664, 2.5940164270151103, 1.2483478776006853, -0.20592783222336133
-0.5233544820324507, -0.36564013196847467, 0.248245271748954, 2.594101932636316, 1.2482568056633896, -0.20613989606620706
-0.5233986781465098, -0.36563378370700217, 0.2429682823481849, 2.594313457704206, 1.2482350393982544, -0.2060492283705229
-0.5234327585131314, -0.36561592944337024, 0.23807783947748457, 2.5943648522922604, 1.2481386804742862, -0.20627408331632052
-0.523504514800962, -0.36562724387909495, 0.23314880233314822, 2.5943824336635872, 1.2480178179031114, -0.2065160503703632
-0.523525635959567, -0.36560999778010533, 0.22822172517886305, 2.594297074680526, 1.2478570164958698, -0.20682142999913591
-0.523485866587863, -0.36555085831432904, 0.22325219226635734, 2.5943653080117506, 1.2478210860134402, -0.2066526043571467
-0.5234858525375257, -0.3654739313874885, 0.21810302213213179, 2.59468770801818, 1.2477011374153981, -0.20627125029149124
-0.5234986478480803, -0.36541165021183414, 0.21313737274263606, 2.5947485171271394, 1.2476170247430334, -0.206567253410773
-0.5235503144926892, -0.3653899282715031, 0.20826760437403535, 2.594972448527734, 1.2475162632601082, -0.20627636444953523
-0.5236109271705418, -0.36538249594098265, 0.208073590645775, 2.594926126576154, 1.2474147203245187, -0.20665702332773114
-0.5235982056403647, -0.36538219282953593, 0.20807556504716834, 2.594910586549675, 1.247443950645748, -0.20661786202066545
-0.5236353893250264, -0.3653327416126628, 0.2080983899426005, 2.5950168363929227, 1.2472287569135616, -0.20666066094472532
-0.5236686568123975, -0.36530949527659345, 0.20810168007115654, 2.595049736047417, 1.2471886347532528, -0.20673792691837367
-0.5236614120431071, -0.36529492420157333, 0.20809838808614634, 2.5950023887319693, 1.2472467724559666, -0.20673934805973163
-0.5236762237765786, -0.36528934386155965, 0.20809433945620975, 2.5950214865179984, 1.24718131205919, -0.2067338665816774
-0.5237078201731796, -0.36523197058062057, 0.20809048133026845, 2.5951454661587245, 1.2470548576456566, -0.20670214940425466
-0.5237209648503683, -0.365206763068068, 0.20808576373633955, 2.595157716018765, 1.2469695504626854, -0.20667440254723624
-0.5237356892201294, -0.36519725606450787, 0.20806673977322843, 2.5952023831686963, 1.2469292838700656, -0.2066890904969011
-0.5237377376919, -0.36519133466254305, 0.20810409182191275, 2.5951597966971747, 1.2469378446882675, -0.20673247641932566
-0.5237483365167852, -0.36517141222039506, 0.20808994126667058, 2.5951956817660666, 1.2468749125022376, -0.20668186787398884
-0.5237465495189619, -0.3651762667868595, 0.20805129913146028, 2.595246838311365, 1.2468856726327833, -0.2066313067321962
-0.5237813194028722, -0.3651241089364539, 0.2080980047425227, 2.5952919988056236, 1.2467629526191335, -0.20675233964793038
-0.523787680387571, -0.3651184228164749, 0.20807125702817664, 2.5953123668409934, 1.2467840922582347, -0.20671693652317524
-0.5238097762453584, -0.3651029890649859, 0.20808922698477023, 2.5952681810859035, 1.2467406044149905, -0.20677057676455085
-0.523833537933206, -0.365061546059361, 0.20809147237806677, 2.5953478789833833, 1.2466044158779959, -0.20678418723881173
-0.5238732666463051, -0.3650105506182041, 0.20809474226666275, 2.59545633531222, 1.2465279441009007, -0.20678273530871905
-0.5239009103446771, -0.36497939764558196, 0.20808570757153944, 2.5954663208263775, 1.246391329601815, -0.2067997789920741
-0.5239212066621364, -0.36492585161853935, 0.20808197830391412, 2.5955300873409666, 1.2462689930891067, -0.20681277740218665
-0.5239595792348872, -0.364885231106123, 0.2080745380206252, 2.5956148314038945, 1.246204004619863, -0.20681984827045147
-0.5239701746420851, -0.3648549570458581, 0.20807013815834963, 2.5956399555149705, 1.2461570880259798, -0.2067921315035774
-0.5239966168890374, -0.3648096935606481, 0.208074060968038, 2.5956772034052715, 1.2460277666833315, -0.2068096409529499
-0.5240253308928913, -0.36479384352430094, 0.2080687101766991, 2.595701337469276, 1.24600099794421, -0.20684620844976356
-0.5240424629323047, -0.3647605096646255, 0.20807111076924673, 2.5957276497792345, 1.2459025915936475, -0.20684238585655945
-0.5240649848646256, -0.3647181416148163, 0.2080705233614059, 2.595817292714326, 1.2457678023792127, -0.20682293994084625
-0.5240867695451252, -0.3646997566423663, 0.20807418959159196, 2.59581621978655, 1.2457160755146366, -0.2068388074231451
-0.5241199896321633, -0.36464521169663106, 0.20805678697321262, 2.595899067800957, 1.245632961355589, -0.20684088450174465
-0.5241350503338792, -0.36462551446856944, 0.2080472668926695, 2.5959549700062685, 1.2455942985951503, -0.20682700064546172
-0.5241795956610842, -0.36457774067542426, 0.20805505783272377, 2.595968837204717, 1.2454614057905011, -0.2068966213081285
-0.5241986952152361, -0.3645424978580493, 0.208046735236215, 2.5960351743457006, 1.2453899557463697, -0.20686495935684437
-0.5242057061128194, -0.3645192285041441, 0.2080543596034779, 2.596053391593279, 1.2453416680417724, -0.20685000583963892
-0.5242324308249052, -0.3644999626489961, 0.2080419071160295, 2.5961123702450295, 1.2452868941876523, -0.20685525942273172
-0.5242562548374589, -0.3644482374814155, 0.20803444730777398, 2.5962056140080865, 1.2451360796930329, -0.2068537470201438
-0.5242922375067626, -0.3644093399899214, 0.20805676066668724, 2.596239947386755, 1.2450433765140607, -0.2069208393315685
-0.5243034591594316, -0.36439135486339486, 0.20805583540166434, 2.596247894623271, 1.2449920393904863, -0.20689921956359897
-0.5243179524470808, -0.36438428470096673, 0.20804980404138726, 2.5962680508531193, 1.244928855545635, -0.20693098694692688
-0.5243413835118185, -0.36433356013821655, 0.20805294828023785, 2.5963159675430423, 1.2448543376869505, -0.20693518943483324
-0.524358211385851, -0.36432449223330127, 0.20804676383370396, 2.5963404368049763, 1.2448634514746233, -0.20699571215629184
-0.5243806048661556, -0.3642829281058538, 0.20804746888397865, 2.5964148605521293, 1.244724443645316, -0.20698572798614326
-0.5243851155727628, -0.3642794859069121, 0.20804164099565992, 2.5963949073585533, 1.2447189636510123, -0.20697805594461635
-0.5243979500440313, -0.36424217299399725, 0.20803371564951068, 2.596425327609337, 1.2446710549784872, -0.20690085894585383
-0.5244325711268908, -0.3642084990980546, 0.20801848332140854, 2.5965334371032402, 1.244525137366904, -0.2069238678078687
-0.524462452086333, -0.364175493640827, 0.20801907022720267, 2.5965408844523994, 1.2444769559977389, -0.20697051401323763
-0.5244841330053378, -0.36415303067687294, 0.20802684789385884, 2.5965768851311513, 1.244434918156663, -0.2069878937912973
-0.5245169772894657, -0.36412037167942246, 0.20801060250999315, 2.5966548688361506, 1.2443151624478912, -0.20698694623869646
-0.5245610213042752, -0.3640682204541155, 0.20791170657923017, 2.5968070381506863, 1.244202604859812, -0.2067346433258774
-0.5246026130501181, -0.36403589577344964, 0.20791934284765212, 2.5968311354193117, 1.244106978009835, -0.20679516057741607
-0.5246217491463465, -0.36398401399923425, 0.20787637979511203, 2.5968934660264793, 1.244030439281997, -0.20667289182934373
-0.5246572783313265, -0.36395096897605006, 0.20784312332785887, 2.596993390159775, 1.2439165491103754, -0.20668376397467492
-0.52469187857897, -0.36391076697516855, 0.207852403463384, 2.5970585422903234, 1.243777260983932, -0.20671115178474941
-0.52473416532024, -0.36386704587118374, 0.20783932306378322, 2.5971401768111346, 1.2436398076073516, -0.2066954519376728
-0.5247537113132694, -0.363825890595917, 0.2078275959382242, 2.597168883014221, 1.2435757379855439, -0.20665221540761738
-0.5247708252463369, -0.36381975899541535, 0.20775531006234615, 2.597262388184282, 1.2435051282908018, -0.20651038836984326
-0.5248040635493937, -0.3638017975466564, 0.20770578894733438, 2.597305292879123, 1.2434418581765934, -0.20641436413299938
-0.5248208792260717, -0.36377336485136597, 0.20769122065232387, 2.5973524629354467, 1.243402644084997, -0.20643806055806022
-0.5248511968197158, -0.3637278246027764, 0.2077085402833374, 2.5973940617377247, 1.2433459606374022, -0.20648215975141762
-0.5248733041721354, -0.36368624025568025, 0.2076789724978349, 2.5975050385123772, 1.2431945519940286, -0.20637361937354098
-0.5248773684223813, -0.36369403050139254, 0.2076839237951072, 2.59746994560869, 1.243168434752784, -0.20638537855440936
-0.5248806684884997, -0.3637037402897323, 0.20766628141877838, 2.5975050270420246, 1.2432273269251422, -0.20632504000632299
-0.5248946624740618, -0.3636779512814562, 0.2076624688359326, 2.597494457826399, 1.243174561512674, -0.20637282205217208
-0.5249005021547527, -0.36365996467655803, 0.20765170863866092, 2.597563771476286, 1.2431367067967947, -0.20630642075208105
-0.5249147321429884, -0.363644824159949, 0.20766758679556208, 2.5975477194133307, 1.2431161553621861, -0.20632157076956628
-0.5249122761334502, -0.3636620471457982, 0.2076704573764975, 2.5975371750695806, 1.2431492989397994, -0.20633930591096603
-0.5249306118516032, -0.3636271538980793, 0.20767268573560962, 2.5975831528438658, 1.2430235051347867, -0.20639311365361176
-0.5249344697775069, -0.36360882240936004, 0.20767936435725762, 2.5976150533421016, 1.2429967850763208, -0.20638614222953863
-0.524973866168249, -0.363562768610844, 0.207630196741261, 2.5977100248526535, 1.242877765586556, -0.20630817894038708
-0.5250212352368975, -0.3635137064740083, 0.2076487010440402, 2.5977659078748396, 1.2427549082526437, -0.20636234403630574
-0.5250307268324932, -0.363492932447612, 0.2076128971623295, 2.5978066655986023, 1.2426926429550607, -0.20629635808594227
-0.5250513524528321, -0.3634721332706278, 0.2076021849765865, 2.5978178063104873, 1.242677242316942, -0.2062737571076107
-0.5250582437584642, -0.36346940850376774, 0.2075299810267377, 2.5978781318915596, 1.2426485299118823, -0.20608956464466632
-0.525106648519791, -0.363430444164078, 0.2075002186275393, 2.59796747829079, 1.242497563461613, -0.20610947789263603
-0.5251353595406709, -0.36340157327316486, 0.2074807476651404, 2.5980415568919915, 1.2424637004294155, -0.20609455408316685
-0.5251518289990265, -0.3633573358633796, 0.20749190015662722, 2.5980753993376147, 1.2423500557530476, -0.20609358672586783
-0.5251487482962325, -0.3633713346238188, 0.20745956068537139, 2.5981372103333844, 1.2423449105793505, -0.20601854402575429
-0.5252064340398274, -0.3633049130092342, 0.20747759146135708, 2.5981338326758525, 1.242261611009411, -0.2061091443199548
-0.5252113098222796, -0.3632886743472189, 0.20746831628178652, 2.5981837962951175, 1.2422013683290272, -0.20604380309387707
-0.5252571124577591, -0.36323523011005954, 0.20747982760644723, 2.598283441469387, 1.2420202321417093, -0.2061181124641634
-0.5252676874076624, -0.3632049328705531, 0.20745640277380112, 2.5982968341119705, 1.2419883831313203, -0.20610963337801663
-0.5253045581217809, -0.36315515724652714, 0.20747938380467135, 2.5983399345038163, 1.2418826061225374, -0.20621756023964397
-0.5253187025992737, -0.36313862605503283, 0.20747341625659918, 2.5983820285374053, 1.2418033810935687, -0.20616510900427898
-0.525325377708597, -0.3631345233792204, 0.2074494774365096, 2.5983954688267206, 1.2417886533540652, -0.20615140491788492
-0.525330941326472, -0.36311110397772306, 0.2074645263474133, 2.5984132259223047, 1.2417381235077782, -0.20609663236803294
-0.5253504825761789, -0.3630877294377423, 0.2074494764862823, 2.5984557984884282, 1.2416777737382318, -0.20607345922669804
-0.5253754982758172, -0.3630490801299763, 0.20744685695227272, 2.5985071730088927, 1.2416033407253038, -0.2060568884959363
-0.525397039330038, -0.36301485029752684, 0.20744254246490607, 2.598583659454597, 1.2415347341849403, -0.20603179564690624
-0.5254187230288502, -0.3629859051331319, 0.20742495941045916, 2.5986515889116317, 1.2414241002275979, -0.2059118330559298
-0.5254588813196157, -0.3629172703732757, 0.20746380929663827, 2.5987093495316826, 1.2413062812523337, -0.2060486361719747
-0.525464934727026, -0.36292422359374177, 0.20743000458406874, 2.598716282556569, 1.24128828288031, -0.2060075725109723
-0.525489196688472, -0.3628846645305756, 0.20745555417673295, 2.598754173294224, 1.241195516385072, -0.20605395534485235
-0.5255063196862351, -0.362837058942292, 0.20744302425193178, 2.5988097392194556, 1.2411397586108346, -0.2060459114588768
-0.5255350338425944, -0.36281346190507013, 0.20744137200674073, 2.598843213334508, 1.2410274755664858, -0.2060790025238127
-0.5255787628007471, -0.3627585745558553, 0.207457842775641, 2.598948380724152, 1.2408809414882433, -0.20609285831905455
-0.52560334767516, -0.36271294644824925, 0.20743011157932603, 2.5989813869322096, 1.2407822347252297, -0.20604432601312103
-0.5255920987377328, -0.36272311086844183, 0.20742356322799932, 2.5989628083659335, 1.2408788974179257, -0.20596791073348927
-0.5256231341718977, -0.36267556862518885, 0.20738952295088836, 2.599117750398002, 1.240688250818758, -0.20590713215277223
-0.5256481377593331, -0.36263190388267097, 0.20740398108183108, 2.599126354651426, 1.240569035375955, -0.20591397467400827
-0.5256842866949707, -0.3626008068041881, 0.20742345823313618, 2.599146842122846, 1.2405611373978094, -0.20599943039432003
-0.5257145333364089, -0.36253818246498204, 0.2073758673841586, 2.5992691819835536, 1.2403746692386255, -0.20583865579049349
-0.5257405364560469, -0.3624887146444837, 0.20739310338184486, 2.5993693754182816, 1.2402411647266927, -0.20579034674550375
-0.5257666723455444, -0.3624614088459067, 0.20738355845510975, 2.5994076685578347, 1.2401812822358953, -0.20578842193251326
-0.5257886643822012, -0.3624405780542904, 0.20733412770089765, 2.5994787677934057, 1.2401406091997516, -0.20565299777678572
-0.5258231349643437, -0.36241960736109846, 0.20728140209000057, 2.5995921346404955, 1.2400568752909853, -0.20548904666464451
-0.5258333205280161, -0.362395704654352, 0.20721052704127824, 2.5997396292539556, 1.240011250603645, -0.205197076763479
-0.5258499802828589, -0.36237120606417556, 0.20720057729458946, 2.5997556221677756, 1.2399963491801895, -0.20515823634697267
-0.5258623954377036, -0.362329615141376, 0.20717660112607442, 2.5998585471927447, 1.2399115798552258, -0.20502710693226128
-0.5258943503399478, -0.3622664145273105, 0.20716940677011897, 2.5999591056244142, 1.2397938526051833, -0.20493496453247165
-0.5259192169378026, -0.3622353370256801, 0.2071528779915448, 2.6000504577209034, 1.2397266827178663, -0.20486125797002963
-0.5259608664447596, -0.3622003633512265, 0.20714704508699816, 2.600105876310928, 1.2396380515845689, -0.20490167505206666
-0.5260024160551655, -0.36212387620565517, 0.20714112153320408, 2.6002120934934734, 1.2394570121225617, -0.20493038764025118
-0.5260063161650841, -0.3621288663180172, 0.2071417534948808, 2.600192734220026, 1.2394862376902889, -0.20491260170805026
-0.5260173075977042, -0.3621094205236947, 0.20714816635064895, 2.6002550239736215, 1.239359444382671, -0.2048526055548429
-0.5260191597293266, -0.36209956914987657, 0.20715056285192318, 2.6002814242999395, 1.2393648061915448, -0.20481520295261105
-0.5260164100567256, -0.3620943744274319, 0.20717013412316454, 2.6003043104072217, 1.239354462850429, -0.20484111506370312
-0.5260328458316466, -0.3620800017793822, 0.20711959009448327, 2.6003478446008494, 1.2393583078339006, -0.20468560153571655
-0.5260350096887303, -0.3620793546515986, 0.2071409072785752, 2.6003557410402753, 1.2393463541804948, -0.20476078141931867
-0.5260295408439325, -0.36206532128699037, 0.20711972498569897, 2.6003747192455733, 1.2393637407536993, -0.204646947024749
-0.5260306559997333, -0.3620985331940816, 0.20710497697908678, 2.600325060745536, 1.2394045681502794, -0.20468415962401162
-0.5260459788372788, -0.362058502436442, 0.20710638870057507, 2.6004103107839884, 1.239303515906667, -0.2046699782795636
-0.5260428603333813, -0.36206059875278934, 0.20711183441114753, 2.6004312223761157, 1.2393627664798874, -0.20469652303745267
-0.5260485736883572, -0.36204931860758643, 0.20709054978039415, 2.6004492205284278, 1.239293437131859, -0.20461298331945307
-0.5260635009745149, -0.3620385166284736, 0.2070893161335487, 2.6005069720965075, 1.2392727855863002, -0.20460391463495625
-0.526077199388527, -0.3620486691902098, 0.20703770430400192, 2.6005638593127878, 1.2392823015625345, -0.20450237897522697
-0.5260971657059546, -0.362032423531554, 0.2069785574783601, 2.600653969780987, 1.2392657756200265, -0.20439918798690943
-0.5261100723878518, -0.36201804769751655, 0.20696736435971058, 2.600792058625895, 1.239270037842001, -0.20448828838724015
-0.5261284253866448, -0.36199380070522347, 0.20694969679926245, 2.6008509969452502, 1.2391951454954664, -0.20443035514948604
-0.5261414851219172, -0.3619827518079826, 0.20696610997039844, 2.6008577425263377, 1.2392174776178007, -0.20448600756100754
-0.5261620416925408, -0.36195788210105273, 0.2069300329101067, 2.600957175346313, 1.239117223626062, -0.20441902302091075
-0.5262167569583838, -0.3618927612679537, 0.20691985028346405, 2.6011208886250765, 1.2390223037032866, -0.2045009935265667
-0.5262200786377185, -0.3618764859802971, 0.20691835618918777, 2.6011424148269686, 1.2390234700060838, -0.20440595484834814
-0.5262442214854962, -0.36181359311291666, 0.20690014370262436, 2.601272104141056, 1.2388787268854071, -0.20433327631841697
-0.5262721331236009, -0.361782960926279, 0.20691170689431537, 2.6012740361780153, 1.2387579900453243, -0.2043530943745386
-0.5262987932499473, -0.36173009408644224, 0.20686594761101706, 2.6014212830072716, 1.238684672147903, -0.20421752146843516
-0.5263211903043681, -0.36170823267860475, 0.20691565287589514, 2.6014208091943143, 1.238605474358049, -0.2043919950116318
-0.5263616431107513, -0.3616658480201515, 0.2069027342259343, 2.60146699202519, 1.2384940403537301, -0.20436777362867864
-0.5263906854706851, -0.36163337155141684, 0.20690350090099607, 2.6015113023988516, 1.2383315219684663, -0.2043925797339644
-0.5264393859332229, -0.36156992684437494, 0.20687854670373168, 2.6016207950655628, 1.238272110030427, -0.20438535755903883
-0.5264326290666768, -0.3615587195290518, 0.2069093394295397, 2.6015972284497546, 1.2382294713171953, -0.20434452899048372
-0.5264520718962542, -0.36153144053844377, 0.20687958339566398, 2.6016717045710167, 1.2381783648405336, -0.20434029196988762
-0.5264575495236724, -0.36153653108592465, 0.20691202503658768, 2.601654968656352, 1.2381435136625503, -0.20443341890079306
-0.526463449177714, -0.3615239704638334, 0.2069184729398703, 2.6016576796628508, 1.2381241005187917, -0.2043785861184603
-0.526474303380892, -0.3615211301275446, 0.20688015923071124, 2.601705777881405, 1.2381334180007886, -0.20431389644358164
-0.526472457328393, -0.361509076716962, 0.20689638075451386, 2.601714100043426, 1.2380684719664268, -0.20437478463470707
-0.5264988355464643, -0.3614923381000281, 0.20687682736496404, 2.601757514807309, 1.2380415594716174, -0.20430731799494203
-0.5265058705087818, -0.36145883979110577, 0.20688512329892983, 2.601780697066858, 1.2379611264683186, -0.2043241647316597
-0.5265436281019221, -0.3614112788924555, 0.2068622465997422, 2.601860358348336, 1.237840308215861, -0.20429306985110263
-0.5265657552282509, -0.3613697255191428, 0.20687356393150966, 2.6018850748009426, 1.237779204851382, -0.20434344304411914
-0.5265851973676354, -0.36135679914775143, 0.20687773550693128, 2.601893581229093, 1.2377814683649115, -0.20434065801016327
-0.5266238302015198, -0.36131894328381675, 0.20682602737239464, 2.6019967537053605, 1.2376310507631472, -0.20430760298409378
-0.5266697369313449, -0.3613087765570023, 0.2067207500605842, 2.60212149012167, 1.2375815206199117, -0.2040672111818604
-0.5266951570151381, -0.36127138711329165, 0.20673103136056858, 2.6021718380300176, 1.237421110392317, -0.20411364794947018
-0.5267115814240759, -0.3612529581915262, 0.2067155953180453, 2.602220618402325, 1.2373981561018579, -0.20410249441259812
-0.5267391477891374, -0.3612115332390273, 0.20670627602328268, 2.6022351910622294, 1.23731216001937, -0.2040504956812992
-0.5267500326542219, -0.3611892531558983, 0.20670962743832677, 2.602265119389216, 1.2372687640801694, -0.20407955393287686
-0.5267573377302412, -0.36117550648193747, 0.20668666996326593, 2.602299254377557, 1.2372568158957815, -0.20400539571237483
-0.5267789292276253, -0.3611529045261949, 0.20666520760064067, 2.6023523374213022, 1.237199638919226, -0.20398824047069744
-0.526801445369657, -0.36113383709621044, 0.20668879462732, 2.6023604400696887, 1.2371174240215455, -0.20405351886825002
-0.5268361420162557, -0.36108077663014093, 0.20667559492345303, 2.6024765328730215, 1.236954401145554, -0.20404456290909295
-0.5268826185928163, -0.3610721609608742, 0.20663298705842503, 2.6025120141379143, 1.2369267258633807, -0.20401360230431032
-0.5268999415172959, -0.36105869802038626, 0.20656580139353103, 2.6025682147446747, 1.2368655241982267, -0.20389782189359199
-0.5269073836495085, -0.36105913729604644, 0.2065182508641128, 2.602564379958277, 1.2368926198326848, -0.2037579967104594
-0.5269193328302408, -0.3610483904299573, 0.20653381104884108, 2.6025989289846296, 1.2368328920065388, -0.20378134785831012
-0.5269215626822847, -0.3610386301947954, 0.20653746481045482, 2.6026126677875077, 1.2368199092405436, -0.20380657365776614
-0.5269313906697373, -0.36102983752322304, 0.20652375101016418, 2.602606024796921, 1.2367998808508698, -0.20378379873035735
-0.5269286592313844, -0.3610260341415924, 0.2065050521684907, 2.6026534388644165, 1.2367899931658117, -0.20368974427218828
-0.5269694150445944, -0.360992799092928, 0.2065114474227533, 2.6026812066878615, 1.2366612577517306, -0.20377824480782167
-0.5269939439094098, -0.3609419227241528, 0.20652628452251778, 2.6027609907590774, 1.236525390954937, -0.20379668902623796
-0.5270231443901209, -0.3609058253856988, 0.20651204522287497, 2.602811615353922, 1.236469061899391, -0.2038039996467601
-0.5270415447175482, -0.36087894927997477, 0.2064913191117108, 2.602893772053746, 1.2363836386809086, -0.20377213756633786
-0.5270682775311559, -0.3608301279071065, 0.20646136055649722, 2.6029618754600348, 1.2363625869797847, -0.2036912772104259
-0.5270917721079134, -0.3608132388791452, 0.20648927223278835, 2.602957938629778, 1.236244031697818, -0.20379534806273966
-0.5271103982674713, -0.36079059056908613, 0.206503644956556, 2.6029721753607067, 1.2361957881153658, -0.20380034271309416
-0.527129959484695, -0.3607683734513352, 0.20650023965842335, 2.602999004346535, 1.2361314498153706, -0.20378647848069306
-0.5271661696410477, -0.3607256553218687, 0.2064987841840696, 2.603089058017639, 1.2360168589557907, -0.20383503669044883
-0.5271866189743712, -0.3606867785683776, 0.20649140492779838, 2.603126826831552, 1.2359018693043877, -0.20377881665919503
-0.5272343102198626, -0.3606340032747931, 0.20647590684119996, 2.603226030838215, 1.2358222534918561, -0.2037747996156411
-0.5272606615174246, -0.3605992764634673, 0.20652016093216596, 2.6032337634797096, 1.2357061095693902, -0.20385587624215262
-0.5273088971694884, -0.3605713256698918, 0.20649120959551476, 2.603323882408714, 1.2355683876211565, -0.20380250383338783
-0.5273188180357045, -0.36056762750865, 0.2064309735553128, 2.603378675511097, 1.2356114091251433, -0.20367616496575572
-0.5273208446218606, -0.36059404954787005, 0.20640085452159163, 2.603357515108485, 1.2356186590984262, -0.2035865807117517
-0.5273522044062996, -0.3605497037810998, 0.20639182601908956, 2.6034546226141115, 1.2354680647710212, -0.20356922740316238
-0.5273532766569796, -0.3605520690327614, 0.20638585631709094, 2.603458658907817, 1.235466513066189, -0.2035144945712295
-0.5273547744462392, -0.3605520755427594, 0.2063780789881166, 2.6034529683107763, 1.2354844891658343, -0.2035553883429891
-0.5273579303654734, -0.36053430275861237, 0.2063748754843873, 2.6034889399457963, 1.235455807030696, -0.20349436877535904
-0.5273660760859322, -0.36054316423200294, 0.20636588952818463, 2.6034596887651866, 1.2354839383824985, -0.20350972560960567
-0.5273680983224772, -0.3605361099324573, 0.20632196573613681, 2.6034976550671725, 1.2354697074229242, -0.20337459083036985
-0.5273737720790228, -0.3605090696262875, 0.2063434344589854, 2.603511227223113, 1.2354745555168007, -0.20339520909990158
-0.5274214332048187, -0.36045640919472793, 0.20634827187075666, 2.603614231443719, 1.2353126856452943, -0.2034777212426186
-0.5274488841473906, -0.36042382434009557, 0.2063567574921057, 2.6036506885349096, 1.2351638916592538, -0.20346553724618616
-0.5274787867935153, -0.3603894979991632, 0.2063560371960093, 2.6036937925057226, 1.2350713741081745, -0.20349591355466906
-0.5274943132976992, -0.3603613157828694, 0.2062903793116933, 2.6037834591868925, 1.2350509288086473, -0.20332004561203465
-0.5275183705815765, -0.3603346910216691, 0.2062898315425037, 2.6037904337352105, 1.2349838763670076, -0.20333765576492824
-0.5275555281658707, -0.360294217353058, 0.2061926389829532, 2.6039438093634577, 1.234890053558293, -0.2031209859078944
-0.5275615294009951, -0.36030375390067226, 0.20620176185124905, 2.603901491814499, 1.2348798983167368, -0.2031358126699143
-0.5275986219078284, -0.3602605048212879, 0.20618102243336478, 2.603999042441043, 1.2348010697297769, -0.2031619790079474
-0.5276236007911063, -0.3602410553283402, 0.2061969040334142, 2.6040604253126034, 1.234661783772586, -0.20321489527714504
-0.5276370769592172, -0.3602225711986584, 0.2061776240684198, 2.604075607489659, 1.2346978152621155, -0.20315123751875086
-0.5276330908152849, -0.36022156219930823, 0.20618156157375545, 2.6040708731319353, 1.2346769963008868, -0.203103757322762
-0.5276535670771745, -0.3602019131688927, 0.20614299843812783, 2.604118443262782, 1.234596628384913, -0.20300135824065688
-0.5276562272736313, -0.3602017340977224, 0.20615542891555652, 2.6041501393185316, 1.2345539444341063, -0.20303903367436488
-0.5276610321907771, -0.3601676039374343, 0.20614977862704087, 2.604165071718238, 1.2345369889953302, -0.20296158790992544
-0.5276920359993349, -0.3601279401725844, 0.20614260067162465, 2.6042883386801563, 1.234445975669991, -0.20295370985236413
-0.5276841737204675, -0.36013626570690005, 0.20611157873262403, 2.6042655268499493, 1.234468466632518, -0.20281616663879376
-0.5277009818637495, -0.3600963489146058, 0.20610512928529817, 2.6043391312236, 1.2344344460434173, -0.20280074382982957
-0.5277184378835879, -0.36007781988189275, 0.20609495802802932, 2.604326566699896, 1.2343257231196911, -0.20279134130653198
-0.5277121793241354, -0.360088584506118, 0.2061147226288327, 2.6043276722013995, 1.234363833280933, -0.2028535291774661
-0.5277493339007844, -0.36004943281920054, 0.20609850718568054, 2.604414352377864, 1.2342615631420093, -0.20281049894252254
-0.5278102870192726, -0.35998426108904796, 0.20613331094936177, 2.6044577790284724, 1.2340348716646106, -0.20296793517520864
-0.5278332016588225, -0.3599512898582768, 0.20613292451413281, 2.604498934077516, 1.234012254722647, -0.20299803014721868
-0.5278468502976178, -0.35992399049809254, 0.20608663242381045, 2.604555777187583, 1.2339514150321689, -0.20288646715937472
-0.5278418666964239, -0.35990915383201566, 0.20609472113674931, 2.6045937494891023, 1.2338894947772037, -0.2028494268364066
-0.5278641525919322, -0.3598858112542625, 0.20609339788119568, 2.6046071144206895, 1.2338800402723133, -0.20294283796904536
-0.5278935443208549, -0.3598447585388913, 0.20609659515035433, 2.604642913620674, 1.2337482495330905, -0.20292122732482354
-0.5279189162259367, -0.35985931888305783, 0.20594829180732704, 2.60473921331116, 1.2337559421622093, -0.20257882823580212
-0.5279467242561732, -0.3598397974155879, 0.20591767088700463, 2.6048138941730086, 1.2337046811337498, -0.20257309415737498
-0.5279860766073035, -0.35978463927353815, 0.20590019747742294, 2.604910022999374, 1.2335670497472007, -0.20247307389539942
-0.528001778803367, -0.3597694342470697, 0.20587880624492555, 2.6049189003150564, 1.2335174264557707, -0.20249021536356251
-0.5280233450956588, -0.3597366394153382, 0.20584682521551223, 2.6050125086145193, 1.23346469990093, -0.20234696496202365
-0.5280485940705696, -0.3597147331970708, 0.2058404491094129, 2.6050532612658706, 1.2334432829417854, -0.2024117273370096
-0.5280812806058468, -0.3596974095173609, 0.20577194034072172, 2.605108400776712, 1.2333455944154164, -0.20227264635005038
-0.5281120428294602, -0.3596612430034945, 0.20569994095759556, 2.6052490315124297, 1.2332166446584025, -0.20212780829209537
-0.5281277386815361, -0.3596474800517045, 0.20568946142533406, 2.605269448567476, 1.233182955006958, -0.20204359756043622
-0.5281569136208198, -0.35958279033175, 0.20564803003714244, 2.6054240654174636, 1.2330174801125924, -0.2017918755640925
-0.5281514133413382, -0.3595882512119103, 0.20562513202032628, 2.605428236357929, 1.2331006604572894, -0.2016688603788475
-0.5281953449769303, -0.3595256468279183, 0.20564678076046622, 2.6055087423214616, 1.2328976554882796, -0.20174930677845773
-0.5282354275052221, -0.35947890624572415, 0.20562818978356792, 2.605605062382902, 1.2327635652343432, -0.20172312216989063
-0.5282442786717539, -0.3594650258551515, 0.2056368321816304, 2.6056083671250714, 1.2327668265659233, -0.20177058963268496
-0.5283066713748262, -0.359388724271408, 0.20561169933112644, 2.6057073441132768, 1.2326167880924235, -0.20175726219194456
-0.5283158177652733, -0.35935594839154905, 0.20560316437430814, 2.6057495119789573, 1.2325565511451462, -0.20173320759101043
-0.528333787270284, -0.3593402494011035, 0.2055535208034765, 2.6058213311413745, 1.2325005210081672, -0.2016460808756279
-0.528364707133701, -0.35931693028976375, 0.205524835405406, 2.6058750657346446, 1.2324410602157967, -0.2015942065122717
-0.5283948823041064, -0.35930492651686335, 0.20547658203171493, 2.6059229212136263, 1.2324122876741104, -0.20147146124492707
-0.5284160375785955, -0.3592805727893958, 0.20542281842300145, 2.606006597834452, 1.232359854993037, -0.20139553489970002
-0.5284275826125512, -0.35926553089769653, 0.20544654462902973, 2.6059696625921767, 1.2322834493691794, -0.20145687944114604
-0.5284514296983548, -0.35922589156796836, 0.2054120885339788, 2.6060758051746453, 1.2321642122650647, -0.20131929137487303
-0.5284813569126601, -0.3592185726576255, 0.20539600113605946, 2.606112118870541, 1.232174792368851, -0.20135027058070523
-0.5284856246705756, -0.3591978372053456, 0.20542055964985456, 2.606165323135815, 1.2321041036809823, -0.20141532190934114
-0.5285005318846818, -0.35916538236147627, 0.20539308526038547, 2.6061707724784053, 1.232032674327179, -0.20135686960508437
-0.5285148626306031, -0.35914898695399444, 0.20541759742662202, 2.6061621318931363, 1.2319981565798297, -0.20140827448120086
-0.5285603698080287, -0.3591059606652117, 0.20541931523320844, 2.6062659494910942, 1.2318502880227662, -0.20141677741315006
-0.5285775225212282, -0.35907170971307634, 0.20542050406181345, 2.6063079613913858, 1.2317885353252191, -0.20135919376700878
-0.5285833908982589, -0.3590476456168888, 0.20536528969902862, 2.606398681038865, 1.2317636220551373, -0.20108515830262774
-0.5286048276171782, -0.3590081252881827, 0.20539870599094465, 2.606402088659797, 1.2316466625317508, -0.20118214596639294
-0.528632838237786, -0.3589964312575851, 0.20541422875749393, 2.606489541680632, 1.231567127010128, -0.20124520974074245
-0.5286377012291391, -0.35897543433372664, 0.20537337854490628, 2.6064623404798413, 1.2315910691504817, -0.20115685493345675
-0.5286847729750264, -0.35892336888250836, 0.2053786990288617, 2.606575964568238, 1.2314113557713076, -0.20118232713548725
-0.5287120483761012, -0.35891754088951133, 0.20528282199859435, 2.60664221899045, 1.2314021434906648, -0.20101441612059895
-0.5287487064087607, -0.3588794133365921, 0.20522850499080886, 2.6067449881775886, 1.2312828201945827, -0.2008976732063564
-0.5287504407444854, -0.3588823368983736, 0.2052341919277958, 2.6067560976418855, 1.2312156479553902, -0.2008995107361259
-0.5287558882593809, -0.35885647002202425, 0.20517745524200293, 2.6067926725947888, 1.2312867467087707, -0.20072620200128544
-0.5288078781992899, -0.3588617976543965, 0.20524540705277747, 2.6067708437092847, 1.2311723787615005, -0.20101185087759954
-0.5288150457125557, -0.3588504106509302, 0.20522545579819657, 2.606808692817749, 1.231106534638513, -0.20090182561398565
-0.5288538885215254, -0.35878332278052455, 0.20521624935324542, 2.6068528238057476, 1.2310493317943243, -0.20092211955408973
-0.5288949368110182, -0.35874329129447335, 0.20523393780403354, 2.606933988593152, 1.230935274633382, -0.20104080534359825
-0.5289371775056415, -0.3586831330934934, 0.2052371858664855, 2.6069798606408523, 1.230789059330985, -0.20103106746343669
-0.5289397526132367, -0.3586765862180009, 0.20524490969761205, 2.606985564361432, 1.2307384955286558, -0.20103895543744663
-0.5289453971212046, -0.35866889178305933, 0.20524452314402553, 2.6070285305881495, 1.2306975213331568, -0.20104879087154187
-0.5289659695170692, -0.35861706829489975, 0.2052146977083277, 2.6070767238470034, 1.2306536272294253, -0.20096955352529328
-0.529005469013515, -0.3585931421730035, 0.20522730495972025, 2.6071425254321285, 1.230478785077181, -0.20098113807517945
-0.5290397027266983, -0.35852916792847156, 0.20522387833958594, 2.6072127064137423, 1.2303775649750106, -0.20105108842940012
-0.529057335868898, -0.3584962443527786, 0.20523826875901396, 2.6072195476209243, 1.2303097054307048, -0.20106861516565142
-0.5290677825492477, -0.35850318105233814, 0.20524886389662472, 2.607227860440259, 1.230297992877375, -0.20114398297380334
-0.5290790367283994, -0.35847237487550493, 0.2052251844811992, 2.607246216471259, 1.23031806077537, -0.20109871535947824
-0.529084011524723, -0.3584756688409375, 0.20520501930052423, 2.6072835870533404, 1.2303071023335252, -0.2010369851080686
-0.5291137773372009, -0.3584427000389732, 0.2052259706717099, 2.607309334711472, 1.2301780598735428, -0.20112162074502243
-0.5291066758782217, -0.3584388021843612, 0.20518394195823597, 2.607304386430125, 1.2302065965025903, -0.20101696548146358
-0.5291458266323233, -0.3584103721211835, 0.20510142694598468, 2.6074391971284054, 1.2301265470104599, -0.20083001621047347
-0.5291689755548621, -0.3583878596566847, 0.20507227723528215, 2.6074939567770175, 1.2301044178051759, -0.20080761368983366
-0.5292127468133294, -0.35833693486750146, 0.2050358262320593, 2.6075968706646586, 1.2299507353629098, -0.20070469971441587
-0.5292600015195936, -0.35827731059069046, 0.2050860087536004, 2.60761892912372, 1.2297753043642021, -0.20093696293267505
-0.5292846037463913, -0.358227923956404, 0.20508303394984645, 2.6077078450767615, 1.2296380256932882, -0.2008831744243541
-0.5292963466307862, -0.3582233527055267, 0.20504715865495488, 2.607695933306143, 1.229645987091243, -0.2007556030454636
-0.5293100754115694, -0.3582102065167833, 0.20506202517635586, 2.6077548943853888, 1.2295780390379005, -0.20084287818849672
-0.5293178396669761, -0.358208363929533, 0.2050524304175501, 2.6077627546108566, 1.2295109374483884, -0.2008656682482755
-0.5293131054230859, -0.3581962892966983, 0.20501511709273154, 2.60777880584374, 1.229541852684775, -0.2006991379038736
-0.5293423961521452, -0.35814223708281956, 0.20502508902520744, 2.607813458839595, 1.229447582310621, -0.20073169871525087
-0.5293626252529833, -0.3581272862201549, 0.20504807989986645, 2.607838897701913, 1.2294056836663296, -0.20081517928903447
-0.529395434584465, -0.3580838901547918, 0.205022681609485, 2.6079034636368656, 1.2293669607722495, -0.20076482151448868
-0.5294165115000282, -0.35806475103912855, 0.20503514836687198, 2.6079056109830083, 1.2292821055061205, -0.20080873194016421
-0.5294418923249398, -0.3580058428992272, 0.20499453035821744, 2.607994098417562, 1.2292115172071396, -0.20068616896836464
-0.5294479288566856, -0.3580012640919807, 0.2050079190985799, 2.6080479319258076, 1.229134505903138, -0.20061489704649021
-0.5294851784634592, -0.35795179826586854, 0.2049720832844643, 2.6081703807537315, 1.2290355378427364, -0.20046126667479636
-0.5295157054380885, -0.35790536777678433, 0.2049601920873218, 2.608239091346828, 1.22896675502377, -0.2004772084663453
-0.5295271954607005, -0.3578980074609259, 0.20494955462747924, 2.6082593741417286, 1.228965434951855, -0.20034351523709643
-0.5295526270543509, -0.3578687228684019, 0.20481741694319466, 2.6084156263234344, 1.2289015346643288, -0.20001668037174236
-0.5295745358624963, -0.3578606139394057, 0.20482146295611656, 2.6084109386901035, 1.2288652654928809, -0.20001414718948532
-0.5295928054499628, -0.35785403425755763, 0.20482049078846667, 2.6084271157897807, 1.2288550571225885, -0.2000816914681822
-0.5296057430709176, -0.35781598005603027, 0.20484161933769035, 2.608484083172296, 1.2287449481026793, -0.20003269631636367
-0.5296229794158774, -0.35779830458218304, 0.20480849820404354, 2.6085591738460536, 1.2287076401870782, -0.19995414848134355
-0.5296501909769289, -0.3577758861084532, 0.2047969524569596, 2.608551588227519, 1.228670123721456, -0.19993783432939402
-0.5296676461531745, -0.3577557248518513, 0.20481029853320565, 2.6086239041171573, 1.228586982202833, -0.2000104990994454
-0.5296925552446761, -0.35772096632666195, 0.20482398983000044, 2.608622538206319, 1.2285010572086394, -0.20004114445510085
-0.5296928219292393, -0.35772119764380916, 0.20480465033452266, 2.608612548074898, 1.2285497870849755, -0.20001488443469145
-0.529723382636512, -0.35767861554656905, 0.20479737081559624, 2.608683918820015, 1.2284251485928745, -0.1999572736710804
-0.5297501294855226, -0.3576400358145993, 0.20482796491989663, 2.6087059008941, 1.2283492487879315, -0.20007687012233946
-0.5297653066003216, -0.35763085879295176, 0.20483965808206434, 2.6087484293938723, 1.228275529212586, -0.20013587738245991
-0.5298259939491597, -0.3575965254052915, 0.20488261772716926, 2.608743626736168, 1.2281756856850887, -0.2002640237459746
-0.529865717770357, -0.3575700017197052, 0.20492345467147538, 2.608733827257133, 1.228113485333314, -0.20046825821075864
-0.5298856903143992, -0.3575472238037847, 0.2049195444273203, 2.608797968802438, 1.227988944446729, -0.2004507196614295
-0.5299051419497032, -0.3575253033053905, 0.2048869970464526, 2.608848805412423, 1.22792725187955, -0.20035638068726658
-0.5299166768596691, -0.3574945747517015, 0.2048839673510236, 2.608872299637456, 1.2278979199917437, -0.20035362122633268
-0.5299412954342402, -0.3574671663124637, 0.20491245750236117, 2.608872703897313, 1.2278487310869102, -0.2004116982521321
-0.5299599725634034, -0.3574531366644551, 0.2048964403802603, 2.6088940044167055, 1.2277853055707688, -0.2004495433909404
-0.5299960773882264, -0.3573908022886463, 0.2048868037461754, 2.6090139965880703, 1.227638847292025, -0.20041393839671318
-0.530020661872267, -0.35736577421333304, 0.2048891058846281, 2.6090216990291633, 1.227552792508409, -0.2004071033652759
-0.5300700415377008, -0.3573261727281965, 0.2047518126259458, 2.6091924864693246, 1.2274436579034447, -0.20015986930938712
-0.5301145623474285, -0.35728476096528183, 0.20472601470736457, 2.6092596437547084, 1.2273375579855348, -0.20014764911938193
-0.5301326396446892, -0.35725266990273286, 0.20466245002845246, 2.6093327815022627, 1.2272598458371693, -0.19996793121109036
-0.5301666462826313, -0.3572194382445238, 0.20470730069565918, 2.609368862122894, 1.2271541873521599, -0.200121371352193
-0.5301944772873101, -0.3571743276894119, 0.20468432611373638, 2.6094522351097305, 1.2270141175332245, -0.2000447941863143
-0.5302221955068234, -0.35714309340676254, 0.20467240488583022, 2.6094966638472306, 1.2270286154910561, -0.20010745988371884
-0.5302618233517259, -0.3570870379535782, 0.20469432619115896, 2.609562779240197, 1.2268901608117502, -0.2001442125209486
-0.5302770120458201, -0.357056038757365, 0.20468870347207013, 2.609572412115266, 1.226767153588385, -0.20008855127510444
-0.530300994553127, -0.35702149526204924, 0.2046676468994335, 2.6096776826838632, 1.226721333791584, -0.20002846454324666
-0.5303149249584684, -0.3570123924054362, 0.20466905773473315, 2.6096954505368024, 1.2266431968908573, -0.20012979579540982
-0.5303321174483252, -0.3569690792270589, 0.20464324790244892, 2.609744912267639, 1.2265636948572494, -0.2000355362393288
-0.5303573331298507, -0.3569626659677807, 0.20466227633901857, 2.6097325622501, 1.2265617208127808, -0.20005891971707035
-0.5303644113366285, -0.3569267079351733, 0.20464852774416636, 2.609795702478558, 1.226455735491913, -0.20006737262582688
-0.5303789081258325, -0.3569104671774958, 0.2046435560569997, 2.6097851683961575, 1.226487019027632, -0.20004606992308924
-0.5304157009382734, -0.35685185338059366, 0.20462944465328403, 2.6099131956237804, 1.226288052447379, -0.19995909678946605
-0.5304345702769045, -0.3568395136243067, 0.20467516778702283, 2.609864816345563, 1.226249847691638, -0.20014245298404054
-0.5304678844017988, -0.3567965372579983, 0.20466091224808095, 2.6099300885503154, 1.2261613504832602, -0.2001495790139204
-0.5304864485676819, -0.3567800786302515, 0.20468028620010803, 2.609976641460197, 1.2261049800895047, -0.20018270419979933
-0.5305287132687427, -0.35672750020224014, 0.2046703898753335, 2.610042921119386, 1.225964043708257, -0.20018004209411247
-0.5305739374148069, -0.35671626783587457, 0.20458415288423382, 2.610161780247561, 1.225863245494991, -0.20001384775584735
-0.5306366049842587, -0.3567133242904006, 0.204610811002413, 2.6101338991964576, 1.225811636488026, -0.2001752399952294
-0.5306693372116257, -0.3567097578139552, 0.2046322276742312, 2.6101611629722035, 1.2257533524038122, -0.2002727126662228
-0.5306930055511972, -0.35668386268833957, 0.20462280541032102, 2.6101740741798745, 1.2256677258559052, -0.20024911500282827
-0.5307150993704366, -0.35667207617646074, 0.20463243437976558, 2.6101801650238077, 1.2256553674757062, -0.2003155660805422
-0.530745934376294, -0.35661040722231896, 0.20457865011114085, 2.610306958836208, 1.225451740951432, -0.20015198790385685
-0.5307747333004447, -0.35659306221688963, 0.20462134630094292, 2.610321700382061, 1.2254260161578676, -0.20025823009260452
-0.5307777970705126, -0.3565819740500402, 0.20460818226208444, 2.6102974889544597, 1.225348461598872, -0.2002291293191466
-0.5308045067354561, -0.3565509901799813, 0.20455551060369226, 2.6104161356143405, 1.2252680554842288, -0.20012567795971345
-0.5308247136963334, -0.3565270270753743, 0.20458088790348855, 2.610390670327977, 1.225286245783847, -0.2002654027805167
-0.5308568548427716, -0.356505160153332, 0.20457548688670002, 2.6104737509963463, 1.2251306980466736, -0.20023283825062776
-0.530902407762082, -0.35642364258307785, 0.2045724620519311, 2.610553893170047, 1.2249948393583348, -0.20025010621188544
-0.5309360740341615, -0.3563606360441066, 0.20456925055592412, 2.610662705370686, 1.2248453545014375, -0.20020828483517195
-0.5309571022138614, -0.3563312027244974, 0.20457224767972584, 2.6106778494304477, 1.2247458474354738, -0.2002377290218818
-0.5310007950976543, -0.3562540150232385, 0.2045597980937802, 2.6107910939485586, 1.2246015094887315, -0.2002832896669398
-0.531038407107868, -0.35623061257818195, 0.20455235952133924, 2.610795340915606, 1.2245156295866952, -0.2002966524847972
-0.5310501265651058, -0.3562181189392645, 0.20453581537482318, 2.6108420138340604, 1.2245412152396347, -0.20022232178355884
-0.5310741378107804, -0.356210704918933, 0.2044742644786022, 2.610897055158068, 1.2244794837170176, -0.200106143006594
-0.531106052117564, -0.35617952215716486, 0.20439052229326904, 2.610972009858415, 1.2244535570848667, -0.19991045107425726
-0.5311273965399164, -0.3561579660780167, 0.20438051931568546, 2.6110493277270432, 1.2242969936522052, -0.19988915064273968
-0.531135638805926, -0.3561332182280623, 0.2043481203427715, 2.611115025178261, 1.2242894838172067, -0.19975957453467896
-0.5311585444666234, -0.35612064601168275, 0.20435730350620362, 2.6111050646160847, 1.22434354675809, -0.19984091907250154
-0.5312045588430256, -0.35604086857383055, 0.20436737720571702, 2.611171305104821, 1.2241877454938113, -0.19988239312068318
-0.5312311152849659, -0.3560149474557688, 0.20438094955191943, 2.611153681466452, 1.2241695918249693, -0.19996209534179413
-0.5312891610434055, -0.3560179941547208, 0.2044649465594764, 2.6111357067342924, 1.2240525078155988, -0.2001583343796617
-0.5313135511919538, -0.3559890491273171, 0.20447159041424423, 2.6111867367905583, 1.2239604096456949, -0.2001508890426332
-0.5313409431682464, -0.35594845556381477, 0.2044503590289642, 2.6112683525815537, 1.2239103800434117, -0.20013740277094197
-0.5313601925207075, -0.3559096363009554, 0.20443303346734704, 2.6112881073122116, 1.2238073520342363, -0.20007834119168832
-0.5313783043049746, -0.35587234351313685, 0.20443203188492187, 2.6113324239202065, 1.2238013727283974, -0.2000764845919556
-0.5314019603291184, -0.35584534010301894, 0.20444057656339154, 2.6113570222421387, 1.223702601175392, -0.2000740082823176
-0.5314241952707732, -0.3558206361507253, 0.20446723625283658, 2.6113960949212114, 1.223648028952749, -0.20018257180827498
-0.5314566875956557, -0.3557886648730986, 0.20442308199091475, 2.611490164164239, 1.2235433459679155, -0.20006330794659447
-0.5314702989085742, -0.3557587910333996, 0.20444288918272452, 2.6115475627325564, 1.223436679057172, -0.2000875362317118
-0.5314960753943616, -0.3557234555493904, 0.2044471890307784, 2.611538955402182, 1.2233851799599336, -0.20014446845195058
-0.531527136280708, -0.3556594292352027, 0.20443010500646236, 2.6116178415411384, 1.2233136065483807, -0.2000597391310607
-0.5315515944701568, -0.355653470124196, 0.2044404502081656, 2.6116026033903537, 1.223243110427944, -0.20013352287249406
-0.5315676355225301, -0.35562580844862224, 0.20446574827725816, 2.6116547765173324, 1.2231361292093457, -0.20017463286546197
-0.5315783158302873, -0.3556007907595284, 0.2044559160798617, 2.6116957859715924, 1.22314721418477, -0.20018974494778635
-0.5315646318412718, -0.3556397392105431, 0.20443371998875842, 2.6117091994496446, 1.2231463371921303, -0.20010250860948275
-0.5315840578505759, -0.3556072607076819, 0.20445132358142015, 2.6116775866887836, 1.2231269795424744, -0.20022981618577296
-0.5315977178338827, -0.35560197093887935, 0.2044563086077264, 2.611676322446679, 1.2230907512984783, -0.20020657156994326
-0.5315935860220028, -0.3555930149011302, 0.20443970578795712, 2.6117488056793112, 1.2231055585058401, -0.2001323142032157
-0.5316045934511193, -0.35559542338730066, 0.2044585914504099, 2.6117172682479004, 1.2230659673330635, -0.2002022014488114
-0.5316389858930475, -0.35554475490763787, 0.2044789440069089, 2.6117591416651718, 1.222957821517712, -0.20027089935527395
-0.5316591151269516, -0.35550377160284663, 0.20444973120038698, 2.611820212216801, 1.222861947578621, -0.20015813834874394
-0.5316762005802115, -0.3554809306595318, 0.20447313066350686, 2.611812481858547, 1.222776268173958, -0.20023471340701315
-0.5317366120069682, -0.35542702399235737, 0.20436606103988286, 2.612016642513, 1.2226770646798535, -0.20001356114400357
-0.5317591186735842, -0.3554091341904257, 0.20429303520854863, 2.6120902409351126, 1.2225819644213543, -0.19984339749666616
-0.5317930996218933, -0.3553990172902588, 0.2042921026476393, 2.612120654561196, 1.222487185861995, -0.1998972853396081
-0.5318126261070438, -0.3553769512864614, 0.20429893916867248, 2.6121128436069316, 1.222502593558584, -0.19989504620104043
-0.5318286072825901, -0.3553478674237513, 0.20425357138163155, 2.6122163596666472, 1.222401919902894, -0.19981136803971086
-0.5318571009950799, -0.3553252231574523, 0.2042635618215397, 2.6122264035649114, 1.222301904362682, -0.1998570299545212
-0.5319166190351041, -0.35528592688120286, 0.2042894381225592, 2.6122915260651673, 1.2221816511079293, -0.19991745461405203
-0.5319307909363008, -0.3552987905869224, 0.20432132363469474, 2.6122482375073663, 1.2222108250144728, -0.20001985366079653
-0.5319413003650164, -0.35527892579871745, 0.20431760234023938, 2.6122758453767045, 1.2221629649923595, -0.1999717690129632
-0.5319674270672688, -0.3552501387256441, 0.20430760524348351, 2.612323276130762, 1.2220724503360012, -0.20001996818983458
-0.5319788530967156, -0.3552373700174435, 0.20432004485213862, 2.612372129721489, 1.2220320711656218, -0.2000170196673265
-0.5319819704610602, -0.35521344389764314, 0.2042828846180907, 2.6124062068483065, 1.2219972650697206, -0.1998450288978552
-0.5320107433773176, -0.3552085384154305, 0.20429942344453383, 2.6123960278216702, 1.221947631805766, -0.19996550844547117
-0.5320481672426499, -0.35517840437460224, 0.20415451125488443, 2.6125659241144144, 1.2219030069580232, -0.19962095469394106
-0.532091072673689, -0.35512518769910467, 0.2041062524279462, 2.6126748962306823, 1.2217018088611813, -0.1995993595279136
-0.5321091074246603, -0.3551210428413738, 0.20414668611718387, 2.6126686007794544, 1.221685479701139, -0.199655076764779
-0.5321132779493266, -0.35509430459599395, 0.20410767632083737, 2.6127318525401453, 1.2216431186915253, -0.19953124514921647
-0.5321469174958405, -0.35505314270594285, 0.204096573406506, 2.612777071549525, 1.221584202237726, -0.1995210644168854
-0.5321848305449031, -0.35501715659940797, 0.20414598387050353, 2.6127954520173082, 1.2214381873914424, -0.19965660989056808
-0.5321800531985241, -0.35500265812872156, 0.20411581675172633, 2.612833108991944, 1.2214255402801732, -0.19956082215385118
-0.5322109243029066, -0.3549576990981094, 0.20409658103087966, 2.6129308032987475, 1.2213070798887993, -0.19949826968450807
-0.5322140829838307, -0.35495148047540653, 0.2041056171736617, 2.612918266993413, 1.2212875999146098, -0.19952704047827638
-0.5322612386116834, -0.35488007548643424, 0.20412446624021685, 2.6129984605925904, 1.221103194804458, -0.19963723244731876
-0.5322924233766331, -0.3548291834957366, 0.20409168969011937, 2.6130596228107517, 1.2210253865894212, -0.19951918581657319
-0.5322952200736674, -0.3548304693828345, 0.2040957408936161, 2.6130979348190793, 1.2209978321965353, -0.1994724302056183
-0.5323173630120047, -0.35478025021782306, 0.20407989697970258, 2.613158894182488, 1.2209216947927743, -0.1993876812281673
-0.5323045115993282, -0.3548007660833381, 0.20405065846050738, 2.6131715640599107, 1.2209856572460358, -0.1991971503410627
-0.5323032681330367, -0.3547752182750293, 0.20404305070426337, 2.6132622063057074, 1.2209346389952294, -0.1991174100933853
-0.5323242794114575, -0.35476616070974454, 0.20403505065894598, 2.6132763024223893, 1.22086673998501, -0.19909303054097444
-0.5323441439230027, -0.35474837791059516, 0.20402469168051207, 2.6133477436061927, 1.2208333262459838, -0.19910792663610727
-0.5323729564824194, -0.35470673788428037, 0.20402787843301567, 2.613347934626881, 1.2207476017292669, -0.19914267379377812
-0.5323990338373102, -0.35468551573999346, 0.20404313354299303, 2.6134171173439116, 1.2206461308024696, -0.19921141453415217
-0.5324343879204158, -0.354670282892378, 0.20388155240299108, 2.6135498507063084, 1.2206036086584053, -0.19875211758994596
-0.5324515814623978, -0.3546322901293136, 0.20386807478651522, 2.613666145461942, 1.2205212085440902, -0.19860945741442235
-0.5324564729888053, -0.35463666479492667, 0.20383001991897243, 2.6136499041767363, 1.2205857293260838, -0.19858550789416685
-0.5324973680312651, -0.3545817085965668, 0.20385565061286925, 2.613714772184867, 1.2204138827382214, -0.1986659434358801
-0.5325405077638429, -0.3545272797841372, 0.20386470697751558, 2.613798578339035, 1.2202620313495463, -0.19870591392880907
-0.5325490748163868, -0.3544993822770368, 0.20386246336210276, 2.6137720820633086, 1.2202366442777461, -0.19868145321719957
-0.5325605662344057, -0.3544995940275081, 0.20385924389179672, 2.613781839752458, 1.2202049961350048, -0.19869774625901568
-0.5325886423393572, -0.3544481420650574, 0.203868272757783, 2.613875341127514, 1.2201090308494877, -0.19875331750539876
-0.5325865810438797, -0.3544590773234884, 0.20383719891898894, 2.613890792986063, 1.2200724471522852, -0.19865141843222153
-0.5325840765256791, -0.3544466402746473, 0.2038417226468888, 2.6138918926637094, 1.2200732277709372, -0.19865584955368842
-0.5326211624725179, -0.3544073088500681, 0.20382686079455137, 2.6139860881328616, 1.2199378666529292, -0.19862412762963488
-0.53264907887066, -0.35436355933807995, 0.20383608828383537, 2.613990239421546, 1.2198710442561025, -0.19866700005523683
-0.5326730674333588, -0.35434306911644087, 0.20382997648590095, 2.614044227592743, 1.2197970895391688, -0.19866338131039762
-0.5327036350288937, -0.3542964884001851, 0.20383873601102614, 2.614117878041026, 1.2196785470996994, -0.19872172468514235
-0.5327240098582295, -0.35426909012843155, 0.2038536271975372, 2.6140996812516595, 1.2195883820084006, -0.19875777998053623
-0.5327336178807377, -0.3542623656898686, 0.2038784871809609, 2.6141374699482003, 1.2195676353402045, -0.19884643801115853
-0.5327474511843812, -0.3542494438784293, 0.20385800695117168, 2.6141226058120743, 1.2195591670320431, -0.19875475109176058
-0.5327613478288777, -0.3542504828514672, 0.20389791191017723, 2.6141171920744064, 1.219495311473002, -0.19890242919911746
-0.5327922162907235, -0.35424766166962923, 0.20392882901841486, 2.614092992430174, 1.2194779201197712, -0.19902784849862273
-0.5328020753112509, -0.35427451180260777, 0.20395675432622234, 2.6140803378069597, 1.2194966099702005, -0.19911473015022255
-0.5328073899588585, -0.35425881494748385, 0.2039884888199629, 2.614072412210128, 1.2194968165107358, -0.19915655989752992
-0.5328256678035184, -0.3542562979012669, 0.20393333922572743, 2.614132438383998, 1.2194182967678542, -0.19903426754078463
-0.532867226679587, -0.3542041143749425, 0.20398393225602374, 2.6141330739102533, 1.2192691015342907, -0.19920547445343448
-0.532881797915159, -0.3541520911264966, 0.20395317479795882, 2.6142540521251054, 1.2192555683689332, -0.19901782168545964
-0.5329018002327933, -0.35415217131871696, 0.20395299262572802, 2.614217947459661, 1.2192322814880687, -0.19909341933736246
-0.5329391361511987, -0.3541028198534158, 0.20398893640585014, 2.6142706483212717, 1.2190774444895982, -0.19922768244206088
-0.5329528599023273, -0.35409588462840397, 0.20386323200295892, 2.6143827990156336, 1.219068805613007, -0.19885307408247457
-0.5329767921022396, -0.35407664628357094, 0.20382890196480485, 2.6144596102090025, 1.2189614282181773, -0.19877284401348477
-0.5330020711455671, -0.35404966390488063, 0.20383068340890692, 2.61444610086936, 1.2189108822791377, -0.19888018034532895
-0.5330442736399505, -0.354016235511559, 0.2038192337336457, 2.6145043451282923, 1.2188199173126721, -0.19886611695780573
-0.5330867173245337, -0.3539497023085095, 0.20379557975258902, 2.61464988102463, 1.2186262313175464, -0.19881172275062328
-0.5331036964059166, -0.3539038592116693, 0.20380643314368752, 2.6147171258665103, 1.2184864355938625, -0.19881830419450333
-0.5331323258933542, -0.3538784635425569, 0.20380342165498228, 2.6147317715941956, 1.2184565725783305, -0.19885305903803452
-0.533157830469919, -0.3538504504609257, 0.20382303108747804, 2.614751446166162, 1.2183780504934716, -0.19892977117347013
-0.5332315886373793, -0.3537958105798548, 0.20385560872539102, 2.6148021285216125, 1.2182205884053856, -0.19901967370237844
-0.5332556863207938, -0.3538060325943885, 0.2038889401536661, 2.6147832153040778, 1.2181885436561228, -0.19917249411508517
-0.5332487106302278, -0.3538086292952561, 0.20388086288627932, 2.6148073292373293, 1.2181920972667715, -0.19912514869408673
-0.5332652727828264, -0.35378535883028894, 0.20386355752026034, 2.6148504248645366, 1.2180943189096771, -0.1990527534501109
-0.5332646858621769, -0.35380516517716165, 0.20389085247015967, 2.6148083347083806, 1.2181392795390973, -0.1991147654984104
-0.5332836214343124, -0.3537916794926541, 0.20387610587598395, 2.614810969560353, 1.2181078655022652, -0.19917329010705226
-0.5332753794473288, -0.3537944740508236, 0.20385676662253124, 2.614823746379572, 1.2181580257587405, -0.1990616732550516
-0.5332895353151897, -0.35378539029726735, 0.2038477707151935, 2.614844046308427, 1.2181461289424786, -0.19907374645566472
-0.533309895525794, -0.35376160629109044, 0.20387372953612318, 2.6148862996080107, 1.2180379916684114, -0.1991480461404011
-0.5333250915575745, -0.353777948544619, 0.2037630068144417, 2.6149376620715428, 1.2180544714363242, -0.1988768485759508
-0.5333344474489117, -0.3537850592826665, 0.2037721574943678, 2.6149605423434537, 1.217992393511476, -0.19892265514323
-0.5333472179865134, -0.3537584070242664, 0.20372655563990777, 2.614992990824669, 1.2179927842128155, -0.1987654230289544
-0.5333807577309682, -0.35371444097484256, 0.2037517970723608, 2.61504899262076, 1.2178562552570689, -0.19890289514559203
-0.5333921790013458, -0.3536865064258278, 0.2037429338935211, 2.6150506938565914, 1.2178210074368918, -0.19888816119541972
-0.533430602198466, -0.35363152147304516, 0.20372693157435584, 2.615108712208986, 1.2176931111442233, -0.19884989965882138
-0.5334575255515904, -0.3535906975827789, 0.20373519888185176, 2.615165168993877, 1.2176410990808844, -0.19891794426590606
-0.533496612314109, -0.35356322728722167, 0.20376420951835578, 2.6152157228817785, 1.2174848855804856, -0.19904272516329957
-0.5335054862675802, -0.35351896294070906, 0.2037348140570457, 2.6152869790813646, 1.2174459417297527, -0.1989497916409709
-0.5335393954367139, -0.35348191763302683, 0.203739708371709, 2.615313721393023, 1.2172963684315588, -0.1989756651731959
-0.5335608932070267, -0.35344898795298446, 0.20371915464833312, 2.615365429200395, 1.2172556758069535, -0.19894848105914015
-0.5335824440439982, -0.35341855293419205, 0.20370135502365244, 2.6154140026724115, 1.2171771610694513, -0.19888802240419995
-0.5336005104239592, -0.3533927026041177, 0.20369226382071584, 2.6154797166208357, 1.2170875845813385, -0.198865251609042
-0.5336333449856084, -0.3533686417936858, 0.20374515439191804, 2.6154863427723902, 1.217012149972892, -0.199068161459537
-0.5336515581404739, -0.35334678970890065, 0.20374190928653266, 2.6154668776442183, 1.216991665038424, -0.1991045340285219
-0.5336678961465232, -0.3533193961096642, 0.20371865650055157, 2.615553797305766, 1.2168872776123871, -0.19903144085441532
-0.5336767692836119, -0.35331832461429324, 0.20373070767164553, 2.6155296476660284, 1.2168834034382272, -0.1990787370793392
-0.5336890546699181, -0.353298991070526, 0.203729412568715, 2.615585974741377, 1.2168072787197066, -0.19901508721775926
-0.5336933041712965, -0.35332574467745254, 0.2036429630159538, 2.615594851149468, 1.2168685367337975, -0.1988078965725098
-0.5337098638581509, -0.35330735053908147, 0.20358912993819922, 2.615676628504685, 1.216814664264068, -0.19872692266114994
-0.5337333288470851, -0.35329669906594174, 0.20358183645985414, 2.615724618045215, 1.2167397887571032, -0.19873442790478438
-0.5337736397015272, -0.3532818188109688, 0.2035949978547254, 2.6157293626043567, 1.2167092141519327, -0.19880091862727642
-0.5337988055369776, -0.35327378840865437, 0.20362294729512892, 2.6157099284500416, 1.216692319398761, -0.19891079230557074
-0.5338133134751779, -0.35323733581190697, 0.203608694158552, 2.615818722288382, 1.216553289923771, -0.19872662289252194
-0.533858890548726, -0.3531927576093255, 0.2036203140501303, 2.615863170237033, 1.216500921824713, -0.19885237415588072
-0.533860492054866, -0.35315602620295905, 0.20359904061377349, 2.615902775576656, 1.216435931989598, -0.19875127762546635
-0.5338893726153789, -0.353142479440237, 0.20360807270173747, 2.6159240050903545, 1.216321669091657, -0.19881325769492328
-0.5339115175851652, -0.3531114399765867, 0.20360052970283538, 2.6159750279590814, 1.2162293305682386, -0.1988059192409572
-0.5339585217565781, -0.35304149014885383, 0.20358123060427785, 2.616093155805, 1.2160460156533865, -0.19874617545848847
-0.5339839991256707, -0.35301320396294045, 0.20361108271135955, 2.6160516188616283, 1.216077715384291, -0.19888731226555204
-0.5339885508722413, -0.3529976865678156, 0.2035738718768768, 2.616121813800109, 1.215949442172484, -0.1987915048569344
-0.5340043003712188, -0.35297992609973183, 0.20360847508041685, 2.6161145093983817, 1.2159688624711067, -0.19886152510941807
-0.5340191806643098, -0.3529639373848456, 0.20357522382504795, 2.616162927225012, 1.2158728387376971, -0.19880572367318045
-0.534025501656929, -0.3529568230339027, 0.20355713421476948, 2.616197328462707, 1.21586391994508, -0.1988043398709072
-0.534072915746174, -0.3529191975026369, 0.20348063908330977, 2.6162889646063014, 1.2157904780110942, -0.1986266565337904
-0.5340760337120039, -0.35293082256403624, 0.20343618717417056, 2.616330258353586, 1.2157788432066106, -0.19854420906245623
-0.5340850057006825, -0.3529184005337021, 0.2034273400928197, 2.616369222195593, 1.2157168060015469, -0.19851171482172225
-0.534105069047135, -0.3528779775506988, 0.20342869110011041, 2.6163797168503438, 1.2156668072229981, -0.19850350691709118
-0.5341247953559136, -0.3528584930229348, 0.20341660412936374, 2.6164657500367956, 1.2156032153240586, -0.19855234158196278
-0.5341538207744758, -0.35282587865677156, 0.2034081793511266, 2.616478693520914, 1.2155365800538274, -0.19855774216532102
-0.5341588532274631, -0.3528229005976099, 0.2034229069637261, 2.616451402766585, 1.215547186648467, -0.1985524236187625
-0.5341688471090069, -0.352788513583792, 0.2034038772457235, 2.61654235383435, 1.2154618246636189, -0.1984867273697866
-0.534192461621894, -0.35276141445127107, 0.2033931470602586, 2.6165900411001246, 1.2153319159745195, -0.19844685587752967
-0.5342072427065306, -0.352750360338953, 0.20342109560769855, 2.616604203950954, 1.215389765268143, -0.19847981026919786
-0.5342308711845203, -0.3527144256520891, 0.20337340498019946, 2.616680376760383, 1.2152274771209277, -0.19835287423409048
-0.5342567243342025, -0.35268523023685394, 0.2034015181218992, 2.616715747459207, 1.2151521136057335, -0.19841853126558026
-0.5342835672508577, -0.35264568726142564, 0.20334214881948742, 2.616834116805021, 1.2150699569328747, -0.19827923561957458
-0.5343111141805197, -0.35264992334800427, 0.20324669304442017, 2.616889369432099, 1.2150915712206956, -0.19809496158547754
-0.5343353186380972, -0.35261455783239104, 0.203219124478182, 2.61694528158511, 1.214977104757527, -0.19797379393556613
-0.5343457982573124, -0.3525818831079931, 0.20320310744956505, 2.6170089807725394, 1.214903913802362, -0.1979376671152117
-0.534371390375224, -0.35257419234581455, 0.20323208692845166, 2.6170052088111007, 1.214838723544581, -0.19805588955444536
-0.5343942201147803, -0.3525348125556047, 0.2032372793784762, 2.617047488441328, 1.2147767667700506, -0.1980024590648358
-0.5344149736061387, -0.3525534034552586, 0.20325438796005263, 2.6170380746284043, 1.2147263922821327, -0.198094032597753
-0.5344405910531475, -0.3525457580101261, 0.20327342929668585, 2.617008646162504, 1.2147581487135357, -0.19817740541713777
-0.5344798214126916, -0.35251598461822936, 0.20329943771245165, 2.617096710537246, 1.2145931689343143, -0.1982791801896258
-0.5345098396640383, -0.352465292869566, 0.20326631866499012, 2.6171525144279677, 1.2144629891862604, -0.19819674395644024
-0.5345466445246123, -0.352403841419186, 0.2032800216428821, 2.6172198452797795, 1.2143776398475676, -0.1982520058395598
-0.534581238108356, -0.35235726802763184, 0.20327702696525046, 2.6172687913974086, 1.2142139037298152, -0.19823132727207937
-0.5346403615076676, -0.35226343758795375, 0.20328133455979022, 2.6174098266751304, 1.2140234179229723, -0.1982653917676485
-0.5346459867318383, -0.35225192874909694, 0.20325994329380964, 2.6174264881638445, 1.2139531199164408, -0.19818205834209654
-0.5346617004585775, -0.3522519192295113, 0.20325145375932419, 2.6174567678286746, 1.213945895703101, -0.19823593523555783
-0.5347015506988511, -0.35222642807664584, 0.20315538177684356, 2.617573501014225, 1.213858781101695, -0.1980199306271779
-0.5347292393427754, -0.3521990296346333, 0.20313913070157943, 2.6176153976529526, 1.2138171385767262, -0.19802519997245702
-0.5347263837112656, -0.35218895342186973, 0.2031070881530913, 2.6176513506591723, 1.213750255447188, -0.19791081956550477
-0.5347676927654136, -0.3521431731014352, 0.20310226404878107, 2.61769845836922, 1.2136938469548053, -0.19794331214494448
-0.5348105426676905, -0.3520707719172227, 0.20309587817702782, 2.61781081645132, 1.2134583512219184, -0.19792045071911205
-0.5348167936593126, -0.35203570191189665, 0.20310148810916612, 2.6178349233989024, 1.2134623286589215, -0.19787228101966253
-0.5348352823483176, -0.3520317583016102, 0.2030844237005216, 2.6178441556741356, 1.2134472917814243, -0.19787975628322893
-0.534806393236103, -0.3520378174878306, 0.20307966944612477, 2.617817604856992, 1.2135077386502944, -0.19782057274533657
-0.5348373720578794, -0.3520248984212739, 0.20308071762350588, 2.617890135844802, 1.2133834265724688, -0.19777090290460161
-0.5348406478904295, -0.35203035305029795, 0.20310179248234017, 2.6178231042401268, 1.213390221322522, -0.19789226744580168
-0.5348406183971631, -0.35200729750806947, 0.20308895772223012, 2.617871685629932, 1.2133992980875052, -0.1978302463077213
-0.5348579361891116, -0.3519911218668066, 0.20311758369397487, 2.6178906483533435, 1.2133551456545228, -0.19789269436527696
-0.5348633802788507, -0.35198698122901745, 0.20305280824396654, 2.617937127982689, 1.213340383602951, -0.19772593942287128
-0.5348785392263105, -0.3519688329283174, 0.2030667369851889, 2.6179768168719684, 1.2132482703592553, -0.19778058808785204
-0.5349147181689379, -0.3519501217970874, 0.20308083406397875, 2.6179851482915213, 1.2131849746824481, -0.19787593183130503
-0.5349340662852955, -0.351894793157108, 0.20305666730449484, 2.6180394607732995, 1.2131451778808735, -0.1978569075230818
-0.5349444778859861, -0.3518440435294106, 0.20308349019192906, 2.6181244815732074, 1.2129213785506945, -0.19786212623014895
-0.5349698366645135, -0.3518438677811628, 0.20305914182385587, 2.618151439565699, 1.2129451782299079, -0.19785315646840274
-0.5349664978468744, -0.3518357796416199, 0.20306842687028492, 2.6180961939012346, 1.212965526404755, -0.19783840911062392
-0.534967641930224, -0.3518355089037799, 0.20305938524334488, 2.618123410509411, 1.2129532835774672, -0.19780955845639564
-0.5349962665153453, -0.35179760167475665, 0.20306303330211536, 2.6182062701678492, 1.212868240355985, -0.19778560914313592
-0.5349872164688952, -0.35183275988995416, 0.20304472436031087, 2.6181508923052124, 1.2129070555157517, -0.19779490296209984
-0.5350097725542617, -0.3518047024451395, 0.2029725940464028, 2.618222913212236, 1.2128283552309194, -0.1976148715970998
-0.5350478093061956, -0.3517736871281437, 0.20291668538539634, 2.6183514885283694, 1.212748642409453, -0.19748261157972566
-0.5350755905679051, -0.35171835460350537, 0.20288560440470998, 2.618420779258648, 1.2126071193268075, -0.19745928453400455
-0.5350989938755688, -0.35170118137722767, 0.20291362673583918, 2.6184041662653037, 1.2125539327135855, -0.19752419677942804
-0.5351057653119905, -0.3516944931963106, 0.20288633271318812, 2.6184552365015596, 1.2125297139364177, -0.1974866195711454
-0.5351278544966599, -0.3516543946910585, 0.20290031452442456, 2.6184866911199274, 1.2124337641420049, -0.1975102104779344
-0.5351683408417371, -0.35161542509693744, 0.20290958599635328, 2.6185736354760767, 1.2123348325849788, -0.19754390575130157
-0.5351941255476341, -0.351577323086101, 0.20290073743404963, 2.6186106457280274, 1.212291003723763, -0.19753134406483963
-0.5352143407903269, -0.3515443035589658, 0.20292888785572644, 2.6186159516086804, 1.2122110053242698, -0.19765702755267656
-0.5352251686006464, -0.3515335794089644, 0.20291376741926395, 2.618669215186408, 1.2121500542312822, -0.197575618069953
-0.5352269382746127, -0.35152766339150854, 0.20291154668413086, 2.61866514885261, 1.212129517523264, -0.19753346795699922
-0.5352164563633731, -0.3515284230811442, 0.20288775938521728, 2.6186707012136083, 1.2121623470219258, -0.19746718193925245
-0.5352404868339653, -0.35150659202919743, 0.20289058608050226, 2.618725214855974, 1.2120903977774555, -0.1975025020977404
-0.5352540143138282, -0.3514880224674645, 0.20289312976833856, 2.6187116540422597, 1.2120740397158012, -0.19759514685078403
-0.5352834170789338, -0.35144304466558474, 0.20288292625572507, 2.6188080828217823, 1.2119034371560347, -0.19755231203908444
-0.5353045516251889, -0.35141243695694896, 0.20288453463112677, 2.618819375181376, 1.2118881452615669, -0.19753439617488205
-0.5353486556598418, -0.35134119110672224, 0.20289097100933556, 2.618915003213732, 1.2116676148198018, -0.19754615916836882
-0.5353556468196851, -0.35130541433539647, 0.20288717081927254, 2.618931005380823, 1.2116729549512915, -0.19756922603176233
-0.5353899876421365, -0.3512648350731804, 0.20286850433139125, 2.6190073690515745, 1.2115502491685894, -0.19753376546562762
-0.5354066059541375, -0.3512490661477938, 0.20287763367967718, 2.6190318920751468, 1.211454383359508, -0.19759826911344197
-0.5354446904161602, -0.3512004140928453, 0.20291507026299604, 2.619066972664113, 1.2113640802412504, -0.19770939806680943
-0.5354581737232176, -0.35119228772564093, 0.20286668696636023, 2.6191498887233595, 1.211305737536984, -0.19752840847205033
-0.5354661201599913, -0.35117884524589993, 0.20288583593624088, 2.619113687695732, 1.2113035661670486, -0.19766829284504125
-0.5354889442809846, -0.3511484948829055, 0.2029092324097579, 2.6191503437542627, 1.2112430786806512, -0.1976656596815725
-0.5354994171310036, -0.351125962880308, 0.2029126143190681, 2.6191932510456697, 1.2111674820295508, -0.1976900814633112
-0.5355033994941176, -0.3511207169313402, 0.202903959080817, 2.6192199611299714, 1.2111019110441332, -0.19764718213825344
-0.5355017862475778, -0.3511205840618271, 0.20288197013583154, 2.619195907073977, 1.2111804241189588, -0.1975860899229608
-0.5355117707939012, -0.3510964047419709, 0.20286241142650313, 2.619281490766458, 1.2111268247824754, -0.1974882511478359
-0.5355245130553472, -0.35108109412203176, 0.20285810153923284, 2.6192612672774924, 1.2110871103086915, -0.19749650855517864
-0.535548359146389, -0.3510401546408233, 0.20287299965014066, 2.6193558905631398, 1.2108852057706867, -0.19753264610287363
-0.5355890721677699, -0.35099621733479247, 0.20289031538285157, 2.6193420946362456, 1.210868891775024, -0.19762509172105153
-0.5355959683274208, -0.35096303573310894, 0.20287993135910856, 2.6193818860627327, 1.2108058348535353, -0.1975635857598395
-0.5356270593831829, -0.3509184569280033, 0.20284241434383, 2.619504097875646, 1.2106396314119257, -0.19747661246268527
-0.5356492944740577, -0.35090642613257894, 0.2028914348098117, 2.6194858287899394, 1.2106251756401916, -0.19762424136236184
-0.535671125696119, -0.350874950512047, 0.20289279984023983, 2.619534728382364, 1.210548677936067, -0.1976026909393362
-0.5356618124986936, -0.35087571381509985, 0.20285024324566875, 2.619581243687386, 1.2105707817048397, -0.19745987625998399
-0.5356940627240382, -0.35084440701087655, 0.20283828080552602, 2.61960199759325, 1.2104898896480931, -0.19750233465756104
-0.5357046710793564, -0.350795458018566, 0.20281839781135713, 2.619653127287724, 1.2104263774533541, -0.19737734142574995
-0.5357481612044658, -0.3507691451105822, 0.2028446649811148, 2.619697457692409, 1.2103068339252099, -0.19756735227823707
-0.535740815701344, -0.35075382273355143, 0.2028400103582028, 2.619687420445032, 1.2103540538551263, -0.19750674266868642
-0.535767444121964, -0.35074434177881425, 0.20281891627877607, 2.6197497392811187, 1.2102489073024856, -0.19754972911726423
-0.5357815730494733, -0.35076216009013694, 0.20272917440340762, 2.6197839640510048, 1.210209724156688, -0.19730918391774288
-0.5357919371245881, -0.3507573506006371, 0.20270831245116855, 2.6198159591035974, 1.210235663507775, -0.1973173155071392
-0.5358061238094114, -0.3507421004729278, 0.20266540156047158, 2.6198754535400295, 1.2101548267497915, -0.19716005563230918
-0.5358166820161161, -0.3507286713931151, 0.2026869859328553, 2.619866318397933, 1.2101925166347673, -0.1972507487716963
-0.535854005273221, -0.350681519352524, 0.20269641949586625, 2.6199203965085385, 1.2100493156713803, -0.19727671532320357
-0.5359039435442406, -0.3506649562799314, 0.2027509312841016, 2.619941093115836, 1.2099215424161758, -0.19741677899242496
-0.5359206918227802, -0.35064954983606295, 0.20276017417936482, 2.619952943797529, 1.2098910294896423, -0.19744179567273465
-0.5359519454197568, -0.35060492067437476, 0.2027229177798625, 2.6200547812208965, 1.2097724002840637, -0.1973627374872659
-0.5359537435569514, -0.3505975288533063, 0.2027486674068657, 2.6200552886025004, 1.2097211175914522, -0.1973871036321786
-0.5359769615203076, -0.35055737834569733, 0.2027240914617194, 2.6201249903584087, 1.2096469846053632, -0.19730424878233918
-0.5360142804742409, -0.35048894238223643, 0.20274307425428317, 2.620203219964245, 1.2094927552659118, -0.19732622803745664
-0.5360415787728225, -0.35046247771127725, 0.20274742738398965, 2.6202126459411588, 1.2094629336030454, -0.19737716364099459
-0.5360641996019637, -0.3504331296277549, 0.20272331307617494, 2.620273053462072, 1.2093193408325222, -0.19735675104159803
-0.5360891455509276, -0.35040311903990146, 0.20272996820526504, 2.620321020414358, 1.2092613078408072, -0.19736018426277757
-0.5360881968160809, -0.3503996665228742, 0.20270503577317817, 2.6203575234718692, 1.2092684381218037, -0.19732255005154015
-0.5361171788691934, -0.35035692122564843, 0.2026876697206631, 2.6204039147386715, 1.2091720211042183, -0.1972627969645454
-0.5361383700364535, -0.3503351290801488, 0.2027073271210882, 2.620415461207506, 1.2091087893586527, -0.1973380254305127
-0.5361547729087752, -0.3503078425045261, 0.2026747497930843, 2.6204987754436275, 1.2090367326315967, -0.19723459996627035
-0.5361898000668718, -0.35026655925818334, 0.20265609591887865, 2.6205789859670223, 1.2089328092459297, -0.19720783971706404
-0.5362286119184321, -0.3502110411367284, 0.2026600483209876, 2.620618925320735, 1.2088391331176846, -0.19722780955803296
-0.5362576545170314, -0.35019490727461006, 0.2025378014270433, 2.6207354841137502, 1.2087859249163184, -0.19699694173995375
-0.5362786387603674, -0.3501856521429979, 0.20253026771086602, 2.6207554784938245, 1.2087019210791745, -0.19697182194934404
-0.5362830243046202, -0.3501667636972221, 0.20251803729759854, 2.6208005459899284, 1.208694293173688, -0.19694130463909995
-0.5363018616278613, -0.35013124221958936, 0.2024804736310699, 2.6209119729006463, 1.2086410626201993, -0.19673035557995583
-0.5363203193058949, -0.3501121804755774, 0.2025111416424648, 2.620866032179246, 1.2085647025991564, -0.1968310542037599
-0.536349779570405, -0.35004296821464354, 0.20250697611798163, 2.620977250570085, 1.2084518389052061, -0.19682057783463439
-0.5364053310193176, -0.350002276052559, 0.20251902387633874, 2.6210257400485037, 1.20827610502569, -0.1969129031692835
-0.5364277891172831, -0.34998289504142216, 0.2025232113594993, 2.6210369671584615, 1.2082106511551618, -0.19694786049519855
-0.5364187387125152, -0.3499748728469261, 0.20249327538550926, 2.6210661686575145, 1.208212936894642, -0.19685025365512598
-0.5364298745027567, -0.34994159734426955, 0.20248702778602462, 2.621133854731923, 1.208158457157289, -0.19682060418480088
-0.5364572051809836, -0.34992397474488457, 0.2024598524276276, 2.6212103415489616, 1.2080528881029857, -0.19678055599649386
-0.5364970492427283, -0.34985903576558375, 0.20247649323240557, 2.6212434951704324, 1.2079422714195385, -0.19685296790893286
-0.5365034358700713, -0.3498406411783518, 0.20247683874451566, 2.621302861721492, 1.2079050809074243, -0.19685571111482303
-0.5365116978296037, -0.3498502506515413, 0.202475090510466, 2.621338517111151, 1.2079530896106785, -0.196940412962456
-0.5365237953661565, -0.3498279551975711, 0.20248981171433855, 2.6214014843230595, 1.2078812224684792, -0.19693719564568826
-0.5365480559795407, -0.34980882824560466, 0.20250691775157292, 2.6213857418138455, 1.2078487831761857, -0.19706520461093815
-0.5365609959145282, -0.3497670760749535, 0.2024854558242553, 2.621473809521587, 1.2077965329571572, -0.1969755276895036
-0.5365767472371292, -0.3497644988829193, 0.2025071091438348, 2.621443220579884, 1.2077057945112837, -0.1970704504579137
-0.5366091558048848, -0.34973103605542005, 0.20241305860514452, 2.621572660094989, 1.2076380101132898, -0.1968301553454593
-0.5366210148341423, -0.349723970083196, 0.20232551735497303, 2.6216173947007353, 1.207638023021235, -0.1966145875742074
-0.5366537876058898, -0.3497010587154583, 0.20231094398558086, 2.621672324201733, 1.2075642540676992, -0.1966152696384444
-0.5366809256131216, -0.3496741825258249, 0.2023152284306496, 2.6217074965792038, 1.2074369117893746, -0.19670194866771246
-0.536703498965523, -0.3496232056264574, 0.20233885881077396, 2.6217536257623864, 1.2073613198689261, -0.1967046414430192
-0.5367389560189608, -0.349572162837514, 0.20232225862788983, 2.6218139215216483, 1.2072727898863593, -0.1967333769970269
-0.5367465255719056, -0.349560004390055, 0.20231224594005276, 2.6218532989763865, 1.2071923668088138, -0.19667580092871936
-0.5367596052983594, -0.3495602164526683, 0.20232052914967735, 2.6218685393484176, 1.2071631253189674, -0.19671478172307397
-0.5367646008730567, -0.34952517539446887, 0.20230567341257058, 2.6219089044143065, 1.2070996991112901, -0.1966520803879053
-0.5367807390670494, -0.34953685969637377, 0.20229874328229602, 2.6219075184078386, 1.207136770131317, -0.19670150438190928
-0.5367777640306542, -0.34952525883185004, 0.20231395652655065, 2.6219109826345726, 1.2071022784157335, -0.19669554618234636
-0.5367811848875178, -0.34952319318169495, 0.20231869472088626, 2.6218758016273376, 1.207074633703861, -0.1966743660123032
-0.5368089850843806, -0.3495149638994125, 0.2023292650134147, 2.6218997348925837, 1.2070492902833168, -0.1967430077311272
-0.5367962458038164, -0.3495098726008944, 0.20231545436162618, 2.6219519234368005, 1.2070428356485499, -0.19670579415146605
-0.53681707829298, -0.34947878895890744, 0.20230649554778735, 2.6219703617917984, 1.2070112371456, -0.19668441822012425
-0.536862034204356, -0.3494168681111249, 0.2023235223003833, 2.622044559196763, 1.206806572527957, -0.19678206235916224
-0.5368657259561671, -0.3493986703503295, 0.2023114856747609, 2.622085483967381, 1.206780021869808, -0.19674348179590284
-0.536861467420589, -0.3494150770808303, 0.20228099079277215, 2.622089672389092, 1.2068121522744808, -0.19667340549065024
-0.5368815137559422, -0.34943674234262845, 0.20238932007548238, 2.6219473697578004, 1.2068607444104045, -0.19694240208746389
-0.5369069224933753, -0.3494365453600541, 0.20238376600586733, 2.6220251956252754, 1.206773112051108, -0.19690062554457705
-0.5369156140171667, -0.3494164831037289, 0.20237759964867091, 2.6220524545402815, 1.2067557973854666, -0.19676811187547183
-0.5369223621256104, -0.34941235629523854, 0.20236385599317372, 2.622065075019156, 1.2067407569143185, -0.1967547655452006
-0.5369218314705613, -0.3494180439548877, 0.20236718389849856, 2.622062041365876, 1.206795940678314, -0.1968234887088621
-0.5369451119221995, -0.34938032483204645, 0.2023662666165344, 2.6221056243153007, 1.2066656355151573, -0.19680435023080445
-0.5369849214560363, -0.3493522365298607, 0.2022477721792324, 2.622241514349604, 1.2066005978993048, -0.19658571401485794
-0.5370190926926822, -0.3493202676359385, 0.2022268320791123, 2.6223204648498935, 1.206495818983387, -0.1965544682812538
-0.5370229482739548, -0.349308697189278, 0.2021939023520287, 2.622330958843786, 1.2064229678802432, -0.19644842338967303
-0.5370516579618982, -0.349290968535222, 0.20220726023632735, 2.6223690191809705, 1.206366055725409, -0.19651839491422188
-0.5370658011917661, -0.34926402146776303, 0.20222255036941034, 2.6223800044419994, 1.2063003439460127, -0.19655398279711014
-0.5370819939131272, -0.3492378153935645, 0.20222124854396817, 2.62241609792141, 1.2062389978012646, -0.19654649929269027
-0.5371004534412984, -0.34920348920428534, 0.20222622226578418, 2.6224324005753292, 1.2061931697414296, -0.19659457854542092
-0.5371396133395168, -0.3491354118743311, 0.20221836762736828, 2.622562178665708, 1.205978847720666, -0.19656540474672418
-0.5371561306566692, -0.34912103004903244, 0.2021700839063947, 2.6226064956149147, 1.205915646614936, -0.1964815040232585
-0.5371709597873567, -0.34910111550926315, 0.20218142769006225, 2.6226066407669544, 1.2059708238046516, -0.19652992032439692
-0.5371861018552011, -0.34907532371702804, 0.20218897057634755, 2.6226368452520967, 1.205906891550641, -0.19649883539496857
-0.5371983177702256, -0.34906830695761343, 0.2021912444029671, 2.6226230342362644, 1.205852632638046, -0.19653965744433344
-0.5372168832583133, -0.3490517106675813, 0.2021911951037298, 2.622672965331921, 1.2058126065899897, -0.1965409467474333
-0.5372333235968441, -0.34901817720761386, 0.20218499677614432, 2.622699011684337, 1.205697169441537, -0.19655296816188683
-0.5372482389564202, -0.34898951729681477, 0.2022087534626909, 2.622701807173716, 1.2056850719725842, -0.19663940304981048
-0.5372635403568427, -0.34895992436183254, 0.20218272947359833, 2.622787392075523, 1.2055987984793006, -0.1965904269075375
-0.5372921859940708, -0.34892828107092844, 0.2021952128820241, 2.6228017907159606, 1.2054970463778638, -0.19658601721794922
-0.5373055245108956, -0.3488982153291567, 0.20216671371434516, 2.6228455218198, 1.2054713734541935, -0.1965564390321528
-0.5373291560954175, -0.3488685074989874, 0.2021629218682925, 2.622876363872835, 1.2054266210391336, -0.19655492162164448
-0.5373642287432939, -0.34882727360102006, 0.20218364561953261, 2.6229385804367658, 1.2053046881143328, -0.1966063994984094
-0.5373987493435199, -0.34876748274200575, 0.20217855578879662, 2.622995615391905, 1.2051455962281996, -0.19665174903309954
-0.5374331252618523, -0.3487155538616162, 0.20218858047909408, 2.6230753426368763, 1.2050090490728533, -0.19667288501220573
-0.5374737717613433, -0.34867175229566766, 0.20220589570129766, 2.6231156001070133, 1.2048982983372105, -0.19670243280013502
-0.5374891320084895, -0.34864473728436307, 0.2021736951821988, 2.6231655453102296, 1.2048048713433264, -0.19669086155840043
-0.5375032693553108, -0.34860671325841147, 0.20216841386671042, 2.623193516596276, 1.2048259780483996, -0.19661719250167942
-0.537533249115173, -0.34857979589252913, 0.2021851414990451, 2.623248136063113, 1.2047210741308025, -0.19670064102326068
-0.5375515492039036, -0.3485505154369905, 0.20219611620589772, 2.6232493992018457, 1.2045828544374684, -0.19673128742658683
-0.5375916746089452, -0.34847941345763606, 0.20217590280480305, 2.623370454563277, 1.2044898258808263, -0.19671754672985586
-0.5376283955493276, -0.34843080588237835, 0.20220289628309668, 2.6234349941061756, 1.204300540302327, -0.19680842584984223
-0.5376604718130089, -0.34837945413922916, 0.20219158260667458, 2.623499526078759, 1.2041914213410716, -0.19675654270280238
-0.5377036215390019, -0.3483247565620185, 0.20220192995468483, 2.6235249738627515, 1.2041662388670933, -0.1968303515608976
-0.5377271359088339, -0.34828460636929826, 0.20218909892046794, 2.623600393634106, 1.2039930021849434, -0.19684970920127198
-0.5377513333253983, -0.34826812285210357, 0.20220839425092707, 2.623614204254908, 1.2039256206228728, -0.19683096220459168
-0.5377843944659234, -0.34826444866852335, 0.2022605388055339, 2.62360556111051, 1.203881446644379, -0.19702894776271165
-0.5378092552277122, -0.3482458811326732, 0.2022688011784698, 2.623640337209856, 1.2037869353791664, -0.1970659179419459
-0.537838530372797, -0.3482121599356624, 0.20227974713434688, 2.6236533677643026, 1.2037223860090565, -0.19711094933246162
-0.5378667513574256, -0.3481761833340614, 0.202266948394156, 2.623707354970907, 1.2036136480455906, -0.19712149115016053
-0.5378950065594541, -0.34816060428154827, 0.2022729312850184, 2.6237223696634504, 1.2035670124024926, -0.1971650840163744
-0.5379173626570458, -0.34811836044946887, 0.20228522388950398, 2.6237917917111147, 1.2034124858769564, -0.19722488790886297
-0.5379371021358884, -0.3481079697978964, 0.20227481217347418, 2.623781884285979, 1.203425142156685, -0.19717911098680296
-0.5379613694463787, -0.3480543532731273, 0.2022572576679567, 2.62393798062503, 1.2033142191122905, -0.19699707707447928
-0.5379772370951569, -0.34804201028434295, 0.2022404550198094, 2.623945371916614, 1.2032437381756875, -0.19695143599549497
-0.5379977087600654, -0.34798039844125744, 0.20226258809026437, 2.623987223587952, 1.203116621746666, -0.19699575649962867
-0.5380451169036717, -0.34793094446915307, 0.20223537757476998, 2.624065716400548, 1.2029944631154548, -0.19696909373935703
-0.5381069761081597, -0.34788178832020417, 0.20212901435582592, 2.6242389051343853, 1.2028512882764786, -0.1967567112286274
-0.5381237291128054, -0.3478813713955311, 0.20216389744605393, 2.624162392357145, 1.202854039988464, -0.19684279195915552
-0.5381494916724755, -0.3478166723632065, 0.20209929475448962, 2.6243721946414436, 1.2026533915233053, -0.19669595447896507
-0.538176294359351, -0.3477897108342781, 0.20211270118014443, 2.6243717571892504, 1.2026228369709169, -0.19678011992423822
-0.5381921162357537, -0.34776294932846774, 0.20213040633245316, 2.6243574805627237, 1.202623347024944, -0.19686300970785603
-0.5382342805121916, -0.3476989995520117, 0.20213170803004543, 2.624404350814318, 1.202532700006463, -0.19691020904102244
-0.5382353038319916, -0.34767960009103405, 0.20210553242874457, 2.6244423798943615, 1.2025203899246846, -0.19681851722618626
-0.5382638658591136, -0.347648071555662, 0.20211817477688643, 2.6244765104609677, 1.2023703575990201, -0.19680741660727144
-0.5382891293066144, -0.3476272337370915, 0.2021438072289835, 2.6245067603944694, 1.2022962991358033, -0.19692406298556767
-0.5382949641984748, -0.34759319108606496, 0.20213186119004456, 2.6245172426255503, 1.2022803934531647, -0.19690122438031712
-0.5383455101602976, -0.34754516298802574, 0.2021490141031787, 2.624562705634807, 1.2021584810660089, -0.19702701316996327
-0.5383594733256343, -0.34754483666228075, 0.20215716207082268, 2.624603239497745, 1.2021328638691982, -0.19702278231571346
-0.5384100048883074, -0.34751098479796827, 0.2021983599478412, 2.6246167728966996, 1.20198470283233, -0.19713978150058345
-0.538464572196659, -0.34747805231966605, 0.20225512595964812, 2.6245986737776366, 1.2019217706667173, -0.19734741115839827
-0.5385097827502813, -0.3474227942972858, 0.2022473308103631, 2.624724357670302, 1.201760173756444, -0.19734705665638014
-0.5385403526507444, -0.34737262312191625, 0.20224659534197265, 2.624751646994709, 1.2016103723179283, -0.19737833538156818
-0.5385622382638932, -0.3473396874234811, 0.20225656923654972, 2.624808365757183, 1.2015195605012907, -0.1973923037033176
-0.5385931668299335, -0.34729472799460875, 0.2022590317957189, 2.624850720965016, 1.2014462623283944, -0.19745141578536934
-0.5386081208223886, -0.34730041100047593, 0.2022567563360399, 2.624836607348883, 1.201424809284643, -0.19744256333635
-0.5386241382184429, -0.3472460755109049, 0.20226997041301242, 2.62485034759792, 1.2013584203803624, -0.19745167567979896
-0.5386541833689229, -0.34721792455003236, 0.20227526139071722, 2.62493466766879, 1.2012578561317921, -0.19747633670432585
-0.5386685130732793, -0.34719007027025145, 0.20225070590994815, 2.6249941550406097, 1.2011646342631155, -0.19743126229979305
-0.538711741398702, -0.34712577294410296, 0.2022429606287936, 2.6250809931511614, 1.2010302065492882, -0.19744515465421836
-0.5387249539427359, -0.3470982099555055, 0.20225694439687764, 2.6250954528575225, 1.2009313885748545, -0.19750955620051275
-0.5387264333302016, -0.34711338511870277, 0.20224534526123955, 2.6250194591201734, 1.2010016666767538, -0.19753162051956188
-0.5387419424820464, -0.347106740062623, 0.2022407557100951, 2.6250559736204937, 1.2009555554084108, -0.19748481160579368
-0.5387523384414946, -0.3470931891877169, 0.20225219456354815, 2.6251012478368088, 1.2008979347830924, -0.19751320527112376
-0.5387463900571495, -0.3470966598899912, 0.20222707994447753, 2.62511185870197, 1.2009001910389274, -0.19751359507385507
-0.5387630621318522, -0.3470519192091487, 0.2022397529261365, 2.6251635197219017, 1.2007892275918857, -0.19748668993554924
-0.538793605302331, -0.3470370218804615, 0.20222874042662775, 2.6252040410875495, 1.2007466090111785, -0.19748659745545505
-0.5388249833396661, -0.346991402870036, 0.2022208035027283, 2.6252915061517172, 1.200629061292853, -0.19749515034969625
-0.5388225230258478, -0.34698158581280375, 0.2022092921422258, 2.625265988028507, 1.200673020339985, -0.19744512758131372
-0.5388292377619817, -0.3469673861762619, 0.20221554246328582, 2.6253013712707105, 1.2005937346067297, -0.19744276295085864
-0.5388385410672324, -0.3469755188803907, 0.2022264592931744, 2.625262009315485, 1.2006408264383142, -0.19751534740880322
-0.5388566694531475, -0.3469684955228833, 0.20222541785273257, 2.6252718540927207, 1.200646602498414, -0.19758481454646304
-0.5388548800481909, -0.34695950800638403, 0.20221527181339402, 2.625275505552177, 1.200643173298271, -0.19749535885601519
-0.5388624886672012, -0.34695066470041025, 0.20219258295490417, 2.625400016519491, 1.2007279181013815, -0.19752293816310965
-0.5388930353070827, -0.3469493839906166, 0.20208416082599612, 2.6255177522424473, 1.2007832088081885, -0.1973589315147879
-0.5389345242172753, -0.3469237078014163, 0.20206565953640332, 2.6256454389491615, 1.2007650385732083, -0.19741028680547354
-0.5389488692333356, -0.34691975353429283, 0.20207028992254653, 2.6256994207779405, 1.200747363722898, -0.19748826138383827
-0.538966326817209, -0.34690965223626113, 0.20209310905719777, 2.6257463158829077, 1.2007439575611019, -0.197534177647496
-0.5390333540590413, -0.34683815720459477, 0.20211942024905105, 2.6258995774162006, 1.200545194355475, -0.1976945971186379
-0.5390475016687387, -0.3468201670933945, 0.2021233778060883, 2.625915187829159, 1.200481577730087, -0.19774866275728845
-0.5390722504963504, -0.3467788074885895, 0.202100013044259, 2.626007560152876, 1.2003967200036842, -0.19769194385199113
-0.5390820245779793, -0.34678872220958307, 0.20209306727191284, 2.625998172180628, 1.2004267717102546, -0.19764017941925388
-0.5390850604101107, -0.34678872430951296, 0.20210709836911578, 2.6259973707941535, 1.2004146545329515, -0.1977489093752329
-0.5390990233328081, -0.3467706120318573, 0.20212013356426653, 2.6260108931506947, 1.2003675104902953, -0.19778874020710527
-0.5391238754787525, -0.34675461081163095, 0.20213160439545425, 2.6260220156541565, 1.2002832444484868, -0.19779986809952638
-0.5391424531374022, -0.346707590016177, 0.20212410263009342, 2.6260757045600194, 1.2002448512758463, -0.19781513541915696
-0.5391884442153259, -0.346646973564192, 0.20212442368171452, 2.6261639063460174, 1.2000416212683769, -0.19786319855121248
-0.5391886935279872, -0.3466383065110138, 0.20214619772814166, 2.626119185718765, 1.2001355377048404, -0.19785846394723172
-0.5392276684053584, -0.34658284811338136, 0.20213236287363567, 2.626202269639504, 1.1999126522107828, -0.1978942700249229
-0.5392282702342736, -0.34658083768246556, 0.20213975321438227, 2.6262397544931457, 1.1999034371340662, -0.1978709444736068
-0.5392199048682207, -0.34660508028900605, 0.20213140013780023, 2.626184748345039, 1.1999616721112167, -0.19791047582539434
-0.5392333277434115, -0.34659273412428204, 0.2021269484810781, 2.626245505742756, 1.1999570665310573, -0.19786783916766415
-0.5392544890198, -0.34657833316372466, 0.20212330116899846, 2.6262726319695657, 1.1999481768791118, -0.197906806630849
-0.5392597492506679, -0.34656672066633887, 0.20213143134042938, 2.6262772026699928, 1.1998441201327628, -0.19790123991999087
-0.5392770972547001, -0.34655137062743097, 0.20214197347316099, 2.6262647807509483, 1.199860695962993, -0.19794928098339815
-0.5392744169589583, -0.3465388041385397, 0.20213638142898782, 2.626300173717725, 1.199814097649094, -0.19789814157411315
-0.5392844932776453, -0.34653752707612906, 0.20216003926225473, 2.6262739819166008, 1.1997962028824496, -0.19801583929739927
-0.5393301666815963, -0.3464867015869287, 0.20216820772236777, 2.6263410495261272, 1.1996403559572317, -0.19806601562664408
-0.5393435162052467, -0.34646059788305106, 0.20215446422753902, 2.6263585353036074, 1.199589742988519, -0.1980165421525865
-0.5393854839706785, -0.3464656976378272, 0.20221773932355921, 2.6263607882140265, 1.1994777475066896, -0.19821624580549
-0.5394126645393236, -0.3464465547591782, 0.20227706161230974, 2.6263347431810944, 1.1995153098085662, -0.1983806909312766
-0.5394397409451837, -0.34643241956899934, 0.20229384602106149, 2.626326567709528, 1.1994296151477635, -0.19845854428971246
-0.5394707048734562, -0.3463875064216063, 0.20226671867283913, 2.6264068110891787, 1.1993253261633052, -0.1984303054566959
-0.5394889133235793, -0.34637187578193845, 0.20224784293457532, 2.626469922953032, 1.1992839496041223, -0.19834414166359116
-0.5395054238729025, -0.3463282097902415, 0.20224256977390176, 2.6264822389740266, 1.1992171927343105, -0.198350287655857
-0.5395420632577616, -0.3462997460277186, 0.20226891796907567, 2.626536383450719, 1.199009570341956, -0.19847920759938703
-0.5395366099114869, -0.3463240758252632, 0.20229211006369768, 2.6264725808899048, 1.1991708057264874, -0.19850920510900633
-0.5395410916866308, -0.3463190473711411, 0.20230403697292448, 2.6264646023825855, 1.1991518232563116, -0.19852255509607591
-0.5395917902263573, -0.34628129401007895, 0.20232187127024687, 2.6265121957121425, 1.1989961622039995, -0.19867341059712817
-0.539614328899048, -0.34626815129712324, 0.20235014480803823, 2.6265603945361966, 1.1989229413053846, -0.1987189208985818
-0.5396276713756895, -0.3462420389228643, 0.20233639815782928, 2.6265778749166646, 1.1988723374792665, -0.1986694543237944
-0.5396491069268582, -0.3462280647130063, 0.20235313458064336, 2.6265968709331515, 1.198846629879812, -0.19875500866094262
-0.5396920850659523, -0.3461756759472511, 0.20235760579207257, 2.6266589114667873, 1.1986381667891017, -0.19884268933953006
-0.5397199408801027, -0.34616590736452835, 0.20234651724932085, 2.6267075285991153, 1.1986659799777248, -0.1988094431561158
-0.5397403891302849, -0.3461369561447459, 0.20234685990633688, 2.6268010465430804, 1.198586596370925, -0.19885917645677173
-0.5397869112220823, -0.3461218654134696, 0.20223901559718233, 2.6269451596994258, 1.1985416247444347, -0.19866633407728831
-0.5398065960577816, -0.3461012796889361, 0.20222955856211836, 2.6269465189645853, 1.1985062042864472, -0.19865168781308465
-0.5398364618536654, -0.3460743967934513, 0.20221705039847707, 2.627038180306427, 1.1983711316342884, -0.1986491942220859
-0.5398798526268138, -0.3460354663546383, 0.20221465186812354, 2.627061539183058, 1.1982544185519066, -0.19865157057056254
-0.539890589838559, -0.3460106982767875, 0.2022255850541156, 2.6271216582479004, 1.198217265787281, -0.19865977386028044
-0.5399151348495891, -0.3459678218018334, 0.20220014072876796, 2.62719605802681, 1.1981827459744447, -0.19864685892437386
-0.5399352029267449, -0.34595903269864253, 0.20219149341419063, 2.627244811382318, 1.1980820321676966, -0.19849800109030385
-0.5399518820789138, -0.3459521050112818, 0.20221740625815884, 2.627250960258723, 1.1981020875746802, -0.19851453955112458
-0.5399944386840779, -0.34593852129671443, 0.2022451680615493, 2.6272878416293945, 1.1979910444359418, -0.19857185889048468
-0.540028537487989, -0.345907837080149, 0.2022559803898427, 2.6273089961127187, 1.1979129437359457, -0.19865185094965462
-0.5400612212971407, -0.3458556561989894, 0.20226483976116416, 2.627368216777519, 1.1977726485507956, -0.19869989164614804
-0.540088784693839, -0.34581918468047634, 0.20223046645522857, 2.627456510031083, 1.1976991209534615, -0.19855141663635822
-0.5400903442073542, -0.3457864638733812, 0.20220099145175796, 2.6275600332756412, 1.197665076967811, -0.19841212627294028
-0.5401042110524227, -0.34577855854027106, 0.20215414818329996, 2.627630493624657, 1.1976217693826092, -0.19824987784825873
-0.5401147637552536, -0.34578532241100374, 0.20205488596758292, 2.627740239940116, 1.1976668486255868, -0.1979219668016072
-0.5401111571719942, -0.34580223235420476, 0.20202565566520023, 2.6277593746509855, 1.1976504473988507, -0.19786153686910926
-0.5401485587369907, -0.34574544047495354, 0.20203767583859145, 2.62781350508226, 1.197508065355939, -0.1978924438058381
-0.5401531980969134, -0.3457279245552479, 0.20202803317844364, 2.6278318835792644, 1.1975123427640353, -0.19789011702597986
-0.5402024740905843, -0.34566636295047937, 0.20204975125853558, 2.6279480531388897, 1.197350848814594, -0.19792699752104226
-0.5402298374198634, -0.3456196321630307, 0.2020458464355298, 2.628003660821794, 1.197275616916412, -0.1978977518845137
-0.5402612058675051, -0.3455702817744531, 0.20200672715422427, 2.628106208405941, 1.1970986247771926, -0.19771048492790796
-0.5402647584242617, -0.3455505824918237, 0.20201223097620857, 2.628139814503838, 1.197106281327621, -0.1976974398412411
-0.5402946310678575, -0.3455224249867479, 0.20201751964438905, 2.628223839976228, 1.197005851009888, -0.19772194327830872
-0.5403149269533373, -0.3454720986276154, 0.20199171787168188, 2.6282857951578396, 1.196893670144564, -0.19762725431001374
-0.5403462860229234, -0.3454062515500013, 0.201994619051692, 2.6284028514780475, 1.1967459975844648, -0.1975902710298258
-0.5403786419404186, -0.34538517413531467, 0.20200229392493185, 2.628409938446844, 1.1966802723269552, -0.19764727909465613
-0.5404024373065998, -0.3453366495014931, 0.2020315698426641, 2.6284399861595666, 1.1966011256273668, -0.19766102736324923
-0.5404220943568459, -0.3452908722049051, 0.20201673980854482, 2.6285254244949505, 1.1965322469508886, -0.19760630195971668
-0.5404615032786015, -0.3452432684044691, 0.20200921716508008, 2.6286003700508735, 1.1963949414932542, -0.19764382802326702
-0.5404999752864306, -0.3452049141274817, 0.20204819595811102, 2.628641080429251, 1.1962878567868795, -0.19774704125132714
-0.5405421192227875, -0.34514803637498537, 0.20200581873301637, 2.6287584612110537, 1.1961887272176477, -0.19765166904438852
-0.5405629394281479, -0.34516874206791326, 0.20204494449852212, 2.628709505172463, 1.1961643869000431, -0.19775198721608658
-0.5405622636429673, -0.34517435532877777, 0.20211627377300148, 2.62869642821162, 1.1961695742353002, -0.19791271616056155
-0.540617931290344, -0.3451206828586799, 0.20209647369310504, 2.628799706256565, 1.196018619594074, -0.1978908945764836
-0.5406530773833251, -0.345082250413133, 0.20211140559435276, 2.6288540250441836, 1.1958919829218086, -0.19788169421639296
-0.540672601174231, -0.34503581355046264, 0.2020952851902184, 2.6289722063709116, 1.1957913732774625, -0.19775661671281164
-0.5407181498473952, -0.34497201016466283, 0.20208718047534024, 2.629151119642131, 1.1957148848085921, -0.19778941169613048
-0.5407237826005805, -0.3449553587551049, 0.20209943718803308, 2.6291696580694994, 1.1956698004420518, -0.19784636777304063
-0.5407326956809371, -0.34495308777642314, 0.20210998122286405, 2.629154626731581, 1.1956857625302098, -0.19788554246031587
-0.5407448719505774, -0.34494855109989164, 0.20209181883082572, 2.629228025855321, 1.1956506790229238, -0.19787366781606414
-0.5407601261140959, -0.34491255064493154, 0.20207733227724614, 2.629340709751813, 1.1956429758779394, -0.19786194093137977
-0.5407831803801877, -0.344899721131001, 0.20211726954878773, 2.629361917312389, 1.1955511393539588, -0.19802098364030132
-0.5407944659848609, -0.3448693138907055, 0.20210527946069473, 2.6294020011105066, 1.1955395150110595, -0.1979376321593025
-0.5408155764837127, -0.34483612358460225, 0.202084713231034, 2.6294739612521325, 1.1954831933436052, -0.19785791254425414
-0.5408289429152012, -0.344810123938707, 0.20206081799353706, 2.629546086895717, 1.1953704513415393, -0.19770086365869724
-0.5408501214323164, -0.34477936285708977, 0.202082766634067, 2.6295625241456464, 1.1953055268173773, -0.19772438109478346
-0.5408702470035549, -0.3447251992463433, 0.20206054563260412, 2.6296940876096215, 1.1952049436338836, -0.1975166277051161
-0.5408842623855498, -0.34469848757475996, 0.20203646180417856, 2.6297769146188026, 1.195095119702399, -0.19736530880382638
-0.5409006670900576, -0.34468271296871505, 0.2020647910840379, 2.6297722825004084, 1.1950799974115602, -0.19742503138276493
-0.5409500943910027, -0.344612315310187, 0.20207985626369454, 2.629874487616694, 1.1949152951531141, -0.1974762249812275
-0.5409696572798856, -0.3446103103208834, 0.20207714293960038, 2.629845447805496, 1.1949281207437938, -0.19753120599862797
-0.5410052160050094, -0.34462118573585954, 0.20216633618858487, 2.629818878406638, 1.194828413250742, -0.19775623600195202
-0.5410194948779419, -0.3446335723208606, 0.20215824166644536, 2.629788055769338, 1.1948920755325618, -0.19778139696820024
-0.5410293963627297, -0.3446293711699653, 0.20217777806584813, 2.6297913241166424, 1.1948970148857005, -0.19786391768455688
-0.5410450450322272, -0.344603929638887, 0.20217790281011, 2.629804045975605, 1.194814993993546, -0.19791380687733195
-0.5410779061191656, -0.34458350910764474, 0.20217627133351418, 2.629874325255465, 1.1946552877124648, -0.19787463347198725
-0.5410937627449697, -0.34454315966609017, 0.20215102018108977, 2.6299302189370035, 1.194684727340018, -0.19783443835936346
-0.5411093363880122, -0.3445516001467609, 0.2020936914334034, 2.629942396957245, 1.1946273091453399, -0.19769386426319724
-0.5411259032151376, -0.34456470432569386, 0.20203983514639734, 2.6299938890793966, 1.194616342041055, -0.19758268724989134
-0.5411236546847034, -0.34453155797629753, 0.20200528337591447, 2.6301012529114995, 1.1945619703816786, -0.19736269268751971
-0.5411528169025123, -0.34448593385317366, 0.20201544487812428, 2.630128564288394, 1.1944839901989464, -0.1974315254926909
-0.541196015251762, -0.3444415719426685, 0.2020070731207289, 2.630205141441869, 1.1943302881391935, -0.1974839073420937
-0.5412069924765246, -0.34440214309343664, 0.20201674593168564, 2.6302378215972686, 1.1942504355959869, -0.19747197861377666
-0.5412080967533893, -0.34440311402438795, 0.2019799353341329, 2.6302602365154515, 1.1942683324440655, -0.1973763027451678
-0.5412204354299299, -0.3443909830268445, 0.2019756461128175, 2.6302946145539114, 1.1942264741579478, -0.19742282163332375
-0.5412169488173298, -0.3444081860484915, 0.2019861895174226, 2.6302628538376087, 1.1942728534146185, -0.19745321093198825
-0.54124405695356, -0.3443537897568747, 0.2019865080494032, 2.6302997042020246, 1.1941758770199558, -0.1974308803065733
-0.5412781607948584, -0.3443141586325105, 0.20198937989272886, 2.630338734789857, 1.1940641390470523, -0.19745616450027165
-0.5412876975674437, -0.3442822069844796, 0.2019840963112647, 2.6303903438364573, 1.1939873053184977, -0.197414370482391
-0.5413127833929642, -0.3442509341123179, 0.2019607329255303, 2.6304721516406735, 1.193900429594742, -0.19738512236534111
-0.5413381305624588, -0.3442326137967595, 0.20201026811859113, 2.630456421629861, 1.193818842549042, -0.19757322520352316
-0.5413439011433004, -0.34420744998121117, 0.2019850943620724, 2.630492249900804, 1.193839198745274, -0.19745591054159026
-0.5413723676292114, -0.3441818883151102, 0.20199247076995108, 2.630545388199022, 1.193713290661519, -0.19747784107072233
-0.5413826963585567, -0.34416187437424317, 0.20198978232671672, 2.6305534290207877, 1.1936634725564177, -0.19749439729374443
-0.5414091892558697, -0.34414330751235134, 0.2019904969326245, 2.630577265548556, 1.1936361772317812, -0.19753030560384205
-0.5414081325441528, -0.3441147033836994, 0.20197426067119678, 2.630576115636199, 1.1936165498037825, -0.19749593332785506
-0.5414502886254223, -0.3440784576720538, 0.20198033507417135, 2.6306690667186343, 1.1934825069818549, -0.19750317602546852
-0.5414714326203653, -0.34404761133067074, 0.2019533638176092, 2.6307055664880807, 1.1934189712054837, -0.1974604271148066
-0.5414815990327495, -0.34401747734216154, 0.20199035445645108, 2.6307258252710124, 1.193304683739567, -0.19752267708044363
-0.5415266520343239, -0.34396220667471805, 0.20196372415044395, 2.63084700842809, 1.19317550179192, -0.19749501495452554
-0.5415582806908518, -0.34391294958223134, 0.2019757597369058, 2.6308511598840796, 1.193057575395607, -0.19756289462576881
-0.5415698495766981, -0.3438928022165212, 0.20198338732214832, 2.6308967605188136, 1.1929796778978603, -0.19753226717423059
-0.5415873147226303, -0.34387507576357357, 0.20198195005644037, 2.6308836809704665, 1.1930339020512202, -0.19762899937168876
-0.5416081581199019, -0.34385165006046914, 0.20198970136661626, 2.6309056742497754, 1.19302293708112, -0.19764994558889937
-0.5416460358137696, -0.34379230680970535, 0.20198950920723413, 2.6309735281722038, 1.19291809050225, -0.19767989819002377
-0.5416628518491158, -0.3437705259485433, 0.2019851936374947, 2.6309946401512843, 1.1928158480930338, -0.19763428750409104
-0.5417395554890928, -0.34371839757187944, 0.20201833669580982, 2.6310231327046316, 1.1926203820349028, -0.19779674008507547
-0.541763384486183, -0.3437075293156231, 0.20207146107270985, 2.63102488509654, 1.192558235322021, -0.1979379814561847
-0.5417907364935768, -0.34368227877214397, 0.20205812344026972, 2.6310558731789, 1.192494471885387, -0.19791268417709285
-0.5418374118525866, -0.3436258102404598, 0.20196263771715495, 2.6312431011579442, 1.1923740722310787, -0.19774725119459835
-0.5418600475892928, -0.3436203227071246, 0.2019324600013518, 2.631242509575033, 1.1923168996572915, -0.1976655987961539
-0.5418704867747993, -0.34359656699863045, 0.20191527404117487, 2.6312905873724164, 1.192293035800937, -0.19765331078318366
-0.5418938840204134, -0.34357044469947984, 0.20192639216145716, 2.6312872325915033, 1.1922061389033518, -0.19767960918674157
-0.5419107874380502, -0.3435522393474997, 0.201923652623833, 2.6313115951174693, 1.1921804386400583, -0.19774900922428995
-0.5419444666807997, -0.3435009901771287, 0.2019250213379611, 2.631396001516264, 1.1920251401997541, -0.19772937637894372
-0.541951554227107, -0.34352581609918553, 0.20193736684313127, 2.63135268838182, 1.1921057252415188, -0.19780268927170755
-0.5419679282813319, -0.3434697681027151, 0.20189031147695813, 2.631439088102258, 1.1920161497331154, -0.19768903270501154
-0.5419756144005143, -0.343476424480167, 0.20189726413487696, 2.631408011374928, 1.1920801024642873, -0.1977140857561409
-0.5419772824689806, -0.3434791679738892, 0.20192203222655028, 2.631375883155535, 1.1920921319262208, -0.1977600166288823
-0.5419929569904812, -0.343463752050015, 0.201931186539347, 2.6313631008692475, 1.192057455415519, -0.1978278349594396
-0.5420224542534204, -0.34341500852737883, 0.20191799148783737, 2.631459197031419, 1.1919584437804847, -0.197828414890239
-0.5420611132902916, -0.34334298164627247, 0.2018902775362112, 2.6315237156204994, 1.1917941239726753, -0.19773311129918764
-0.5420940184135986, -0.343314843469666, 0.2018991015933791, 2.6316096352505958, 1.1917476263719844, -0.19777484144812787
-0.5421165992743588, -0.3432791700385934, 0.20191016565597614, 2.6316398865474397, 1.1916116804011183, -0.197711406221675
-0.5421363476055998, -0.3432409162403175, 0.20191169039132678, 2.631702215849096, 1.1915941944854367, -0.19775185550957036
-0.5421426054723979, -0.3432488565721772, 0.20188970063128975, 2.6317118248117035, 1.191524349326114, -0.19771543619406715
-0.5421455670204015, -0.34324251879962436, 0.2018885918847552, 2.6317004936001114, 1.19153807748782, -0.19769990486633485
-0.5421530961633511, -0.3432303031111333, 0.2018887821802498, 2.631698606791802, 1.1915204391126373, -0.1977007524789362
-0.5421659545769374, -0.3431986859354269, 0.2018676932346748, 2.6317816368284634, 1.1914498985008386, -0.1976371228723003
-0.5422185180750244, -0.34315499505521385, 0.20186390535298743, 2.631835747008328, 1.1913071619383022, -0.19766739938717703
-0.5422355862534444, -0.34313819038197285, 0.20188284025785797, 2.631836868238812, 1.1912613071054665, -0.1977935433171465
-0.542244622940154, -0.3431332990910252, 0.20189954092271178, 2.6318834835811575, 1.1912197446212989, -0.19778694012526546
-0.5423003938697878, -0.3431312184980877, 0.2017703009132032, 2.631959761947039, 1.1912102847429757, -0.1975935511763483
-0.5423345850052853, -0.3431318406171424, 0.2017609264852343, 2.631978519495505, 1.1911446242726824, -0.19759283753497867
-0.5423653819536813, -0.3431194977456268, 0.20179404577324855, 2.631971742886965, 1.1910612895425103, -0.19770794783494974
-0.5424048446857224, -0.343054115251473, 0.20179163619017826, 2.632054479123368, 1.1908876564747288, -0.19768923105498187
-0.5424322790312232, -0.34302505018026086, 0.20177374457378758, 2.6321310044705233, 1.1908006303215861, -0.1976768302487042
-0.5424637316362851, -0.3429616412680965, 0.20179125372646584, 2.63217808025012, 1.1906924922604443, -0.19773355131144313
-0.5424815025167032, -0.3429355095075881, 0.20176279886345222, 2.632245890216936, 1.1906187717081964, -0.19767999698033334
-0.5425192312329505, -0.3428716126128593, 0.20178011865593592, 2.6322839398419986, 1.1904711647559785, -0.19768664363682564
-0.5425462772037987, -0.3428635202343157, 0.2017707363558761, 2.6323256235303867, 1.1904445657139309, -0.19765206217163367
-0.5425711907691745, -0.34280221565224167, 0.20174935302653985, 2.6324631717820397, 1.1903136842195683, -0.19751459802600857
-0.5426084674604027, -0.34275240293128917, 0.20174688735220409, 2.632569906710437, 1.1901449601927778, -0.19748153616728456
-0.5426248834317918, -0.3427113887299509, 0.2017447412862664, 2.6325594440855298, 1.1901215246305061, -0.1974172108726691
-0.542646334002993, -0.34270735806628677, 0.2017605508370005, 2.632593153261838, 1.1900799392843815, -0.19746339294584073
-0.5426811754910459, -0.3426506614769922, 0.20176105507132142, 2.6326100533877144, 1.1899464185791402, -0.19751729722231504
-0.5427060737274377, -0.34260818800074383, 0.20175658018233683, 2.6327093625765423, 1.1898474443758416, -0.19749627567289282
-0.5427308706174518, -0.3425868218058148, 0.20173221446377762, 2.6327849432938515, 1.189759818281515, -0.1974788995451204
-0.5427537534220332, -0.3425914844860292, 0.20162310499098718, 2.632803686485603, 1.1897855290802406, -0.1972237579915659
-0.5427725453960445, -0.34256621884612065, 0.20156808031226542, 2.6328860783644, 1.1897124992642951, -0.1971212671292835
-0.5427976115559879, -0.34252904810507473, 0.20155025852054737, 2.632954996623255, 1.189618938302572, -0.1970127741046596
-0.5428068400667283, -0.3425343534789808, 0.2015477820272715, 2.6329530503058756, 1.1896231542429894, -0.19710680438503247
-0.5428286287522651, -0.3425329515217284, 0.20155770578869708, 2.6329589407557514, 1.189591299668983, -0.1971438087795826
-0.5428376326101522, -0.34255462743906606, 0.20159040862282931, 2.632937417025711, 1.1895498018303579, -0.19711818162020886
-0.5428905338843296, -0.34252362707743417, 0.20156666616058388, 2.6330410643206514, 1.1894557642558747, -0.1971785880179387
-0.542927306294887, -0.3424761137786753, 0.2014879493223082, 2.633159731295902, 1.1893328327938797, -0.19696049130349927
-0.5429547522381716, -0.3424447373358587, 0.20147098820128728, 2.6331531746284136, 1.1892768315729456, -0.19692397355468513
-0.5429653327856234, -0.34242116689491775, 0.20145387003973061, 2.6332217409271466, 1.1892377387140571, -0.1968602339473252
-0.5429783927141183, -0.3424134805684781, 0.2014760680040974, 2.633210933783206, 1.189169623388128, -0.19695258270049706
-0.542972381849554, -0.34241723380930206, 0.20146044038249328, 2.6332264187929577, 1.1892057048994105, -0.1968929294996945
-0.5429876825616878, -0.34240151635279714, 0.20143893641366112, 2.6332422670784195, 1.1891727057618087, -0.1968627020100556
-0.5429920702257887, -0.3423862099205953, 0.20148152483275622, 2.633229101785474, 1.1891208490969285, -0.19694209799102208
-0.5429829520992594, -0.3423849306333944, 0.20145576347193445, 2.633264734944013, 1.1891794254800794, -0.1968783840885054
-0.5429907515806984, -0.34239165317698667, 0.20146291950200063, 2.633272698445111, 1.1891469637722394, -0.1968909452570687
-0.5429942503021258, -0.34238809779204915, 0.20143652614086738, 2.6332566084157842, 1.1891389502109477, -0.1968287007945383
-0.5430267157938489, -0.34234194512098987, 0.20142975771828273, 2.633363729017555, 1.1890241760358904, -0.1968098631283472
-0.543022766922715, -0.3423209287497806, 0.2014459808926417, 2.6333480681754113, 1.1889865947987674, -0.19683547905873905
-0.543050339355143, -0.3423160048526763, 0.20145105262417504, 2.6333538699304944, 1.1889532836617376, -0.19683770799261577
-0.5430727887239254, -0.3422711431307544, 0.20145145733187392, 2.633416636955322, 1.1888844692732017, -0.196903620640229
-0.5430650535123653, -0.34227704533629766, 0.20141730570924793, 2.633422631476401, 1.1888797023616884, -0.1967898414891542
-0.5431187458724243, -0.3422115225680401, 0.20140465635973054, 2.6335236084399147, 1.1887123285082863, -0.1968026942715831
-0.5431420280576719, -0.3422016190516356, 0.20142856400069015, 2.6335385677874608, 1.1886491240946153, -0.19685591416843853
-0.5431476286928295, -0.34217628980800935, 0.20138457920617217, 2.6335825997301447, 1.1886368101735156, -0.19675195597481887
-0.5431992562247584, -0.34214047991636237, 0.20128758254733248, 2.633721153762503, 1.1885175075679366, -0.19650745169363845
-0.5431941023466725, -0.342127129982354, 0.20126908747625377, 2.633754161354554, 1.188435256622796, -0.19646198088420186
-0.543206143064506, -0.3421300540932611, 0.20127014723043052, 2.6337159822620904, 1.1884616264852885, -0.19647560958922614
-0.5432286848823745, -0.34209422185581423, 0.20126808206068147, 2.633763426463703, 1.1884926152818847, -0.19650612150680113
-0.5432541534820348, -0.3420671450581592, 0.2012701731891728, 2.6337792110654834, 1.1884772165732802, -0.1964709299309041
-0.5432806601090926, -0.34202724512320726, 0.20128125603191002, 2.6338607976883637, 1.188308676442279, -0.19654995844784284
-0.5432984435954639, -0.34199371332759354, 0.2012965786897568, 2.6338788941657683, 1.1882276924516515, -0.19658776547731446
-0.5433273582641733, -0.3419669850339328, 0.20130332912743235, 2.6339301695126425, 1.1881364279772264, -0.19661855344147472
-0.5433545937938656, -0.34193026770417995, 0.20129971605259744, 2.633947426434816, 1.1880911223224133, -0.19667167366767735
-0.5433738542930291, -0.3418804617385894, 0.20126410019268748, 2.6340054801985877, 1.18799258807419, -0.19652422604302183
-0.5434145035318743, -0.3418224168708276, 0.20126898679951455, 2.6341180283880576, 1.1877940252512984, -0.19656291074266277
-0.5434206819325855, -0.3418165258295291, 0.201300798114663, 2.6341116667669913, 1.1878295637299245, -0.19659344020589173
-0.5434522227202178, -0.3417860346741123, 0.20129046484766325, 2.6341157651494287, 1.1877458829391185, -0.196647212246916
-0.5434541678799087, -0.3417400277301191, 0.20126268660673388, 2.6341776112058715, 1.1876486558544659, -0.19651311802393676
-0.5434799278567017, -0.34173071075104733, 0.2012710423293133, 2.6341926508269733, 1.187603680755642, -0.19659079308991195
-0.5435183673710395, -0.3416722684890031, 0.2012528166870438, 2.6342856286300598, 1.1874845129320875, -0.19655232626950858
-0.5435043816138228, -0.34170170137418016, 0.20127920867045077, 2.6342254419345976, 1.1875754083759262, -0.196558982093117
-0.5435136265171696, -0.3416682414828338, 0.2012719153846787, 2.634298148559809, 1.187452316127903, -0.196548413093059
-0.5435379337597634, -0.34163992654009134, 0.20128150482833174, 2.634308188155861, 1.1874032342273728, -0.19657434155749998
-0.5435380526076521, -0.34162756537370914, 0.20126919440208454, 2.6343788112462927, 1.1873633128002339, -0.19648531913792353
-0.5435590602386107, -0.34160804936206907, 0.20127276075408423, 2.6343700372454464, 1.1873273026249629, -0.19650402106268855
-0.5435793474714135, -0.3415540014056809, 0.20125259851919303, 2.634470326088084, 1.1872074066904734, -0.19642342701668214
-0.5435841200524392, -0.3415393020840931, 0.201246239317376, 2.6344920721926655, 1.1871909817094912, -0.19634172251184687
-0.5435859200192228, -0.341540871932908, 0.20126951898504775, 2.6344951362646065, 1.1871581288507922, -0.19637052849162526
-0.5436087856055142, -0.34151169358681305, 0.2012467109160629, 2.63452448135225, 1.1871108664726724, -0.19633053209322632
-0.5436131706072328, -0.341482840042776, 0.20124581319316834, 2.6346010746592716, 1.1870391952225303, -0.19627857811647154
-0.5436613117299723, -0.34143228198375575, 0.2012488073695718, 2.6346543663849373, 1.1869332880773553, -0.19635747970491405
-0.5436726912369367, -0.3414233800192101, 0.20123783621231264, 2.6346815557922807, 1.1868677862236023, -0.19631906555573164
-0.543685346558607, -0.3413766085350901, 0.2012542929908534, 2.634697633166736, 1.1868013765214172, -0.19630865348436313
-0.5437150234744085, -0.3413468603798233, 0.20123845016918368, 2.634773220524894, 1.186751588982828, -0.19634467321395593
-0.543738917993108, -0.34130589589959803, 0.20125501067985926, 2.6348364719137334, 1.1866453869258842, -0.19636112699492841
-0.5437397432295789, -0.341331766846826, 0.20127156640396657, 2.6347270474751605, 1.1866943720493792, -0.19646925435949647
-0.5437522603418028, -0.3412898047386472, 0.2012501947391257, 2.6348476200384368, 1.1865934884681242, -0.19632287470983537
-0.5437627628956528, -0.3412714539846738, 0.2012301776224627, 2.6348569567375724, 1.1865581466453812, -0.1962711824155615
-0.5438027677965261, -0.3412367439940628, 0.20126686071259142, 2.6348609841643276, 1.1864110606930167, -0.19645703123167182
-0.543809318820334, -0.34121968154758264, 0.20125990907604158, 2.634907585793664, 1.1863863971979614, -0.19644011051769822
-0.5438581333516886, -0.3411688487736283, 0.2012437199420974, 2.635001812648446, 1.186269425249792, -0.19644000989540744
-0.5439137030480765, -0.34117892687060203, 0.20119465526823638, 2.635036924826666, 1.1861861895574621, -0.19636988539769212
-0.5439569516532718, -0.3411343192196652, 0.20119230971639623, 2.6352076847911943, 1.1860557103963196, -0.1964298547572994
-0.5439996728771069, -0.3410782199969893, 0.20116265684016776, 2.6352744711043505, 1.186019437460622, -0.1964244841380215
-0.5440357123291936, -0.341027518241081, 0.20115779237847656, 2.635396787682175, 1.1858351569741707, -0.196357109878557
-0.5440412666319494, -0.34102489813642856, 0.20118385139155762, 2.6353502778576603, 1.1858448433101423, -0.19641741948542663
-0.5440514983788884, -0.3410034960081308, 0.2011798643061624, 2.6353789268763244, 1.1857490321933237, -0.19646732673274622
-0.5440546163977061, -0.34099879215276835, 0.20116121425228606, 2.63537564097352, 1.185761311525968, -0.1963806640409313
-0.5440882085141453, -0.34096622815007144, 0.20118959674834708, 2.635381709211516, 1.185700998550668, -0.19653463208091035
-0.5440982167660084, -0.34096466530909436, 0.20115283008559806, 2.6354555251416776, 1.1856068984166441, -0.19641082529804596
-0.5441227810358871, -0.3409218804114741, 0.20116770400713319, 2.635525871259777, 1.1855553859699268, -0.19642899361341254
-0.5441346772418693, -0.34090457252089756, 0.20117983878407475, 2.6355089379952035, 1.185534779215225, -0.19644530214489564
-0.5441762152693012, -0.3408399438627449, 0.2011710423262736, 2.6356225855692137, 1.185348702810846, -0.1963808401713053
-0.5441897953163545, -0.3408189213507953, 0.20113086462516633, 2.6356995892978654, 1.1853265605746235, -0.19626903884484262
-0.5442330989109989, -0.3407868841368938, 0.2010567416348581, 2.6357701249355117, 1.1852325227341325, -0.19616661006224476
-0.544254795488695, -0.34075676306909836, 0.20097253069000123, 2.635869799505262, 1.1851564200697737, -0.1959246482883277
-0.5442982980834129, -0.34071262185406787, 0.20097428600153466, 2.635946835247489, 1.1850354860303256, -0.19593134127896583
-0.5443195993814265, -0.34066336950217974, 0.2009809592320158, 2.635982761430522, 1.1849705463067737, -0.19585965112065143
-0.5443703963760297, -0.3406138999149878, 0.200988790777106, 2.636073646631111, 1.1847539941428133, -0.19599451240753546
-0.5443863550472623, -0.3405849521946734, 0.20098445239187424, 2.636127588060284, 1.1847311053463754, -0.1959693455289153
-0.5443876390559187, -0.34057128722733915, 0.2009464163087745, 2.636128135513985, 1.1846900742963495, -0.19585204523432678
-0.5444245150080161, -0.3405525964023419, 0.20101177642289825, 2.6361137769797787, 1.1846089731376273, -0.19604397827194356
-0.5444678134649376, -0.34049655905692855, 0.2010130434568434, 2.6361844535947454, 1.184489715485557, -0.19612710934959723
-0.5445182997036933, -0.34045837228341186, 0.20106927130082172, 2.6362342195482107, 1.184350815124593, -0.1962466264257014
-0.5445382894503314, -0.3404468614814736, 0.2010582978045229, 2.636246480584375, 1.1843014012594881, -0.19624672776388888
-0.5445443544436877, -0.3404431516597396, 0.20104465356001744, 2.6362548645761503, 1.1842667968127287, -0.19622476191952978
-0.5445624512016839, -0.340416001435695, 0.20103539797762354, 2.636310581901291, 1.1842274111425337, -0.19621450082210926
-0.5445835318371155, -0.3404052079535147, 0.20104664150405335, 2.636297108224984, 1.1841924960144001, -0.19628351015664428
-0.5446048557486167, -0.3403734189786559, 0.20106834611099317, 2.636303552848071, 1.1841459532407645, -0.19636415114300645
-0.5446230443826664, -0.3403301494317787, 0.20106563921219928, 2.6363706139449308, 1.1840188303219772, -0.19630161757345463
-0.5446427776993144, -0.34028578332015375, 0.20103429435670564, 2.6364387457582823, 1.1839624146919394, -0.1962424202829354
-0.5446823405720452, -0.3402368554439855, 0.20106612954116695, 2.636512042547246, 1.1837611423802872, -0.19640843291576132
-0.544696344042315, -0.340213979864162, 0.20104781490761783, 2.636516422395219, 1.1837047914357957, -0.1963138951529229
-0.5447153241938689, -0.3401761665836587, 0.20103957775021067, 2.6366083085161005, 1.1836206177128834, -0.19629142325748442
-0.5447536877732707, -0.3401489167345111, 0.20105071433263214, 2.636606733932909, 1.1835740653716542, -0.19640928981185898
-0.5447440756272303, -0.34014465589475146, 0.20103425940982853, 2.636632750046135, 1.1835029794730074, -0.1962686915508853
-0.5447525172085403, -0.34014797103052413, 0.20103764507608846, 2.6366499005905464, 1.1835272679594355, -0.19632019369734421
-0.5447407555807429, -0.340129287094279, 0.20101518941379865, 2.63667209034339, 1.1834940566957202, -0.19624905047488017
-0.5447652239937779, -0.34012137570149276, 0.20101365913726899, 2.6366731898603395, 1.1834600604921317, -0.19626842488753302
-0.5448068357662785, -0.34010793415621876, 0.2009138526112355, 2.6367433327303265, 1.183398016739921, -0.19611074812018292
-0.5448344326475315, -0.3400514955246151, 0.2008636661672002, 2.6368460786029386, 1.1832928661875128, -0.19596619577803392
-0.5448466788608223, -0.3400407389554053, 0.20089065665919154, 2.636822345923417, 1.1833277514985032, -0.1960673536792576
-0.5448770179782345, -0.34000371187847667, 0.20088039937940078, 2.636940922287762, 1.1831278019926779, -0.196060433401619
-0.5448735522234891, -0.34002197559555203, 0.20088226300504952, 2.6368820076203208, 1.1832360726256725, -0.1960611409327383
-0.5448751370829137, -0.3400047089992448, 0.20087948805151212, 2.636897707586145, 1.1831864048024798, -0.19604122993813025
-0.5448831053238496, -0.34000138890204595, 0.20085784922412053, 2.6369163688253328, 1.1832041996317095, -0.19596531340520754
-0.544888543400651, -0.33999346080978, 0.20086793123601465, 2.6369510715186135, 1.1831457212708352, -0.1960222538448347
-0.5449002886391038, -0.3399822762868023, 0.20087430630540865, 2.6369743272162434, 1.18310103773683, -0.19606284199150634
-0.5449145468732042, -0.3399506859299978, 0.20087886906136784, 2.636947224026983, 1.1830242669236335, -0.19606375076590823
-0.5449287105572207, -0.3399163589138158, 0.20086607153794683, 2.6370532000619344, 1.1829617125073661, -0.1960497943499825
-0.5449575855054647, -0.33988368101911526, 0.20085895642990598, 2.6370609752857552, 1.1829275761062974, -0.19602661608583058
-0.5449852914588739, -0.33982709259382954, 0.20087799654697674, 2.6371211557256693, 1.182770114679664, -0.19608944064454487
-0.5450016350611153, -0.339821103117752, 0.20091550495543603, 2.637129040164505, 1.1826729198555588, -0.19619949085135455
-0.5450044670627125, -0.33983088660226135, 0.2008681023808832, 2.637164012422227, 1.1827283894545049, -0.19609815452632262
-0.5450209735614966, -0.33981494258460115, 0.20086732988127318, 2.6371898752534118, 1.1826984491767967, -0.19607406285647044
-0.545028532242542, -0.3398040059816233, 0.20088940449853165, 2.6371500934122363, 1.1826595600064478, -0.19618216403822766
-0.5450617193156112, -0.33976098745552763, 0.20090768660559602, 2.6372144511467877, 1.1825538312903174, -0.19620369310592506
-0.545082066534467, -0.33971947857846974, 0.20089070391514643, 2.6372455203440834, 1.1824572038475751, -0.19622692037991302
-0.5451134310221358, -0.3396763868250736, 0.20085782957913983, 2.6373277391409955, 1.182350415393425, -0.19614401571501458
-0.5451321820975713, -0.3396722684585809, 0.2008904386913708, 2.6373062810830814, 1.1823498982354879, -0.19623441291145396
-0.5451498833279742, -0.33964474471300893, 0.20090021859120943, 2.6373643343131934, 1.1822446040991872, -0.19629722266445773
-0.5451339441403099, -0.3396510836548338, 0.2008831151500709, 2.637361499915963, 1.1822928357682858, -0.1962296521759593
-0.5451478128350818, -0.339644262864693, 0.20088757360129406, 2.6373500680727635, 1.1822743585100461, -0.19626319897265404
-0.5451766198832195, -0.33961758603468206, 0.20077654269964146, 2.637482651020772, 1.1821881394681786, -0.19601486389376874
-0.5452224667714403, -0.33959909927265775, 0.20077746612513828, 2.637486164641527, 1.1821038129877723, -0.19606838668395402
-0.5452632191355866, -0.339593801348638, 0.20080077398481336, 2.6374994919703543, 1.1820241522038222, -0.19615663054191576
-0.5452925768187181, -0.3395487841489487, 0.20081231229971375, 2.6375420131522556, 1.1819311080343182, -0.1961903476102516
-0.5453315529195802, -0.33950063272939013, 0.20081522242621688, 2.637595762563775, 1.1818086812435853, -0.19627983180324615
-0.5453761615132777, -0.3394372912906001, 0.20080234854277407, 2.6376784708561707, 1.1817053277972183, -0.19626411501850183
-0.5453903441036813, -0.3394033343681255, 0.20082304007119395, 2.637691923408279, 1.1815865036396038, -0.19626965216329112
-0.5454247317664072, -0.33938222144960173, 0.20085348885826654, 2.637673219418872, 1.1815541053066003, -0.19641871426296117
-0.5454429324094624, -0.3393264860557756, 0.20081945710740734, 2.637793387976495, 1.1814187346829006, -0.19628801679802804
-0.5454810583756468, -0.33927612154959513, 0.2008384040731635, 2.637850541154465, 1.1812821371559445, -0.19642949096649653
-0.5455196185519388, -0.33922752049078275, 0.20083988026276606, 2.6379099246233495, 1.1811926295355142, -0.19645691926026956
-0.5455122705251046, -0.33924263276091426, 0.20082363061219835, 2.637904449468737, 1.1812055906840468, -0.1963956390782203
-0.5455263000050261, -0.3392245627129518, 0.20084691894937995, 2.637917575575014, 1.181158384105202, -0.19643541569223127
-0.5455355777105759, -0.3391937853098275, 0.20079424856645267, 2.6379610533791418, 1.1811441434607541, -0.196297191124574
-0.5455680964810373, -0.3391639359887707, 0.2008054684681467, 2.637966417558028, 1.1810436640272206, -0.19636427617127225
-0.5455504041605238, -0.3391603421484669, 0.20082640863234597, 2.6379492651060947, 1.1810401752755695, -0.1963704362026202
-0.5455893969226198, -0.3391183562015045, 0.20081346160553845, 2.6380451460509793, 1.1809595914186224, -0.19639445515621504
-0.5456181728862007, -0.33908403748126487, 0.20080508041394185, 2.638080577780453, 1.180863251120086, -0.1964019194081355
-0.5456536922422565, -0.33903178877479445, 0.20082777576417782, 2.6381733388725075, 1.1806960341445751, -0.19645670926823933
-0.5456383620503187, -0.33903256192152087, 0.200827690658279, 2.638079447700626, 1.1808477264779595, -0.19644065861870522
-0.5456584305192074, -0.3390096831642029, 0.20083578654258044, 2.6381229018482077, 1.1807534517323348, -0.19644491379206944
-0.5456696236623434, -0.33899060480461796, 0.20083574954130864, 2.6380822733639278, 1.180799729430101, -0.19650804042541115
-0.5457084052312726, -0.3389497285092499, 0.20081412465302578, 2.638202639974919, 1.1806522792462515, -0.19648487999673056
-0.5457173758770312, -0.33891240233277914, 0.20081553329122787, 2.6382103984884147, 1.1805304579560996, -0.19646860421508017
-0.5457411509611118, -0.3388788225879352, 0.20083796033250903, 2.638225615469598, 1.1805408417904792, -0.19658939747778217
-0.5457591585323155, -0.33885423382018764, 0.20082180145248102, 2.638310114516376, 1.1804160734233358, -0.1964917275482788
-0.5457881342543716, -0.3388002345970374, 0.2008062794068104, 2.6383656204510793, 1.180289086281729, -0.19648645588865113
-0.5458140362002688, -0.3387710405742912, 0.20081682991919042, 2.638418282155649, 1.1801817611490442, -0.19653213308874237
-0.5458387146509679, -0.33872944058090165, 0.20082401792651106, 2.638461949060368, 1.1801421592406718, -0.19657940824631284
-0.5458622432786574, -0.3387007894735596, 0.20082299441374035, 2.6385044247145135, 1.1800132009639792, -0.19659388574568007
-0.5458862835986551, -0.33865134275818815, 0.2008227164684826, 2.6385686517703753, 1.1799380194201625, -0.19653078703687188
-0.545912272094195, -0.33860731505055136, 0.20083216629114783, 2.638560773136898, 1.179867928637237, -0.19656813565439574
-0.5459285846391835, -0.33856871848151554, 0.200800834099698, 2.638664279896125, 1.17974950232171, -0.19650224194832608
-0.5459543329025552, -0.33854933301319806, 0.20081017455531897, 2.638665876462033, 1.179753733802973, -0.19657445866835288
-0.5459854759398957, -0.33849572901122854, 0.20078707530543521, 2.6387704748569765, 1.179582204113161, -0.19650354294535236
-0.5460068744619874, -0.3384566903352948, 0.20079373433301234, 2.6387878501526725, 1.1794993928030528, -0.1965072362841831
-0.5460287036391035, -0.3384227278391541, 0.20077309797145432, 2.6389238465117932, 1.1793824768778836, -0.19632563921863205
-0.5460438629074033, -0.3383954929636006, 0.20077044759217283, 2.63896419047741, 1.1793206020875657, -0.1963009315113425
-0.546044364803218, -0.33840580324590996, 0.2008000733549439, 2.6389039245131167, 1.1793824335988774, -0.19642055861605837
-0.5460486631806, -0.3383909097219372, 0.20078347768904442, 2.638919090305324, 1.1793821376876137, -0.19634100692106726
-0.5460621455876126, -0.3383698101649306, 0.2007830953706471, 2.638983208314083, 1.1792929883567718, -0.19635231503792264
-0.5460619192902527, -0.33836957840723003, 0.20075358805506602, 2.6389995126876418, 1.1792774743257994, -0.19631762084201784
-0.5460963006286238, -0.33830755986518557, 0.2007468481152176, 2.639096601886359, 1.1791577817373775, -0.19626242430663854
-0.546113149264317, -0.33830575148731407, 0.2007314815098788, 2.639081377609308, 1.1791016661796325, -0.19626413853536778
-0.5461464702509343, -0.33825035074392706, 0.2007387803268392, 2.6391703205506714, 1.1789858978247911, -0.19631553606511587
-0.546168793227216, -0.33825912831850474, 0.20062071115082425, 2.639242094568909, 1.179006396533614, -0.19605856564734633
-0.5461657182241055, -0.33826409273055164, 0.2005808115029218, 2.639279927283131, 1.179029327312162, -0.19598597337866086
-0.5461724899555802, -0.338283550302532, 0.20060907086010948, 2.639198230330916, 1.1790664393130286, -0.19607000685839193
-0.5461869770344451, -0.33823590069880777, 0.20057778287352335, 2.639290518234194, 1.1789428515846287, -0.19596350897835188
-0.5462008584564213, -0.3382311085562649, 0.20058713032946132, 2.639430125703953, 1.1789479315313414, -0.19608175860055616
-0.5462232273321569, -0.33818391510890544, 0.2005654535179634, 2.639513996270468, 1.1789343643688721, -0.1960998180332521
-0.54623823657038, -0.3381477252062472, 0.2005844085958027, 2.639567362808183, 1.178788942063831, -0.19609555960657185
-0.5462491830595575, -0.33814962924105874, 0.20058285133726245, 2.639551507737638, 1.178783850388889, -0.1960721485458629
-0.5462682976263337, -0.33812458335170076, 0.2005879073866103, 2.6395806888636915, 1.1787074861702818, -0.19615063627658888
-0.5462919890652962, -0.3380859743380186, 0.20058809931531718, 2.6396094672970616, 1.1786271491269682, -0.19616019095216433
-0.5463330473239977, -0.33801835441654166, 0.20054659786902643, 2.639736671194752, 1.1784790308316342, -0.19609449795458864
-0.5463703066058686, -0.3379576963652991, 0.2005745166770742, 2.6398220773370755, 1.1783448878067848, -0.1961414786567019
-0.546397186978205, -0.33790317445097323, 0.20057583289705033, 2.6398525121122898, 1.178214164459281, -0.19618043030797158
-0.5464083393485413, -0.3378951181351731, 0.20058544932860845, 2.6398220218282025, 1.178225124750745, -0.1961963475615591
-0.5463933693560205, -0.3379098519702928, 0.2005564728589451, 2.6398674347680364, 1.1781979660221642, -0.19614127452892907
-0.5464093668415161, -0.3379147300283542, 0.20057407444311037, 2.639811375481093, 1.1782753939950683, -0.1961992572915286
-0.5464045998091087, -0.3379007709227021, 0.20057506980916484, 2.6398186805056825, 1.1782599656397341, -0.19620276412157228
-0.54642395571417, -0.33787579680641255, 0.20058014652810635, 2.6399007036389315, 1.178087444206977, -0.19621824887831135
-0.5464114899493646, -0.3378741427299129, 0.20056020563921984, 2.6398870210793444, 1.1782205316641712, -0.19613799991410744
-0.546427787731179, -0.3378604907435197, 0.20057241985675905, 2.639906518511993, 1.1780866266290055, -0.19617148024751294
-0.5464141186169729, -0.3378713019504703, 0.20056356747988963, 2.6398551311017804, 1.1781601607497403, -0.1961460664641241
-0.5464287474911, -0.33786256458462427, 0.20056603713609578, 2.6398636637337085, 1.178164172445838, -0.19617609187210766
-0.5464433157406514, -0.3378411213108191, 0.20055659347807933, 2.63990935641087, 1.1781749691333128, -0.19617334425954416
-0.5464525107891134, -0.3378290298249843, 0.2005592433963458, 2.6399538194183254, 1.1780469554737736, -0.19619809711057024
-0.5464712114137491, -0.33780877917113444, 0.20054994211697774, 2.639911542176276, 1.1780888923121522, -0.1961887182120033
-0.5465012695430969, -0.33776182157651957, 0.2005699686597475, 2.6399597106174832, 1.178017253413077, -0.19626863890201263
-0.5465322673589127, -0.337705795522433, 0.2005439304549394, 2.6400951425785064, 1.1778523357675061, -0.19617544005239843
-0.5465711980721464, -0.33764523132478125, 0.20054878122591813, 2.640084411075905, 1.1777296334399459, -0.19622477045960607
-0.546567634995497, -0.3376297843688322, 0.20053887147968563, 2.6401407203168117, 1.1776887103475067, -0.19618473681428014
-0.5465982536006608, -0.33760444346351665, 0.20052030074158889, 2.6401700272234945, 1.1777111871431853, -0.19614874078351724
-0.5466450001899872, -0.3375439383191193, 0.2005140191654675, 2.640250808185631, 1.1775225024662666, -0.19619842243660945
-0.5466780999551574, -0.33754448207805404, 0.2003660360764445, 2.6403479945319686, 1.177474957794097, -0.19586463646028535
-0.546714682881852, -0.3375131511366342, 0.20030087219682474, 2.6404716234432315, 1.1773577720142787, -0.1957360564280526
-0.5467234027124243, -0.3375004853314836, 0.2002728922815944, 2.6405189522095784, 1.1772953701827449, -0.1956706605329333
-0.546749330873995, -0.33745636967302856, 0.20028233449718108, 2.640537212711347, 1.1771610052136459, -0.1956995735441898
-0.5467806997773322, -0.3374206649674468, 0.2002451610369094, 2.640612180405717, 1.177139878112389, -0.195617259498793
-0.5468270880883106, -0.3373488763004633, 0.2002284584719456, 2.640701094192113, 1.1769877984472028, -0.1956491176736242
-0.5468589852057426, -0.3373172307626511, 0.20021644175161735, 2.6407549648788167, 1.1768924516110049, -0.19559094299188817
-0.5469271651464612, -0.3373150365210762, 0.2002232099769138, 2.6407855622246075, 1.1767652305818486, -0.19569790506082468
-0.546967232164364, -0.3373014273403766, 0.20022014668438687, 2.6407957793392054, 1.1766972688665527, -0.19569963169226018
-0.5469813840924836, -0.3372810753241817, 0.20017241812618175, 2.6408753760853525, 1.1766421972783645, -0.19561713969247596
-0.5470181929427382, -0.3372411373644901, 0.2001103251245563, 2.640989932461217, 1.1765552440409308, -0.19544357960113842
-0.5470291944857005, -0.337240404494862, 0.20008508481484105, 2.6410464357877275, 1.1765258109815475, -0.1952946773966784
-0.5470577290474917, -0.3371974796897042, 0.2000983236051641, 2.641063427240924, 1.1764598311744672, -0.1952878558042363
-0.5470610680209664, -0.3371901475572603, 0.20009695411813427, 2.6410813076677324, 1.1763953141695367, -0.19531643323492381
-0.5470812360739884, -0.33715000374329873, 0.20008188269930463, 2.64110383224652, 1.1763125520013504, -0.19530473887099944
-0.5470855185964685, -0.337167117307658, 0.20009046484115908, 2.641149166704819, 1.1763421189114311, -0.19532563864831348
-0.5470994209305465, -0.3371441117724749, 0.20007218747143807, 2.6411598598623147, 1.1762695053706966, -0.195229850336222
-0.5470983603405984, -0.3371380937632744, 0.2000736609767924, 2.641163606909879, 1.1763447926088635, -0.19531033364382883
-0.5471225736564066, -0.33709258061211855, 0.20007921127080225, 2.6412020365900815, 1.1761951743108903, -0.19528781155125668
-0.5471515125189687, -0.3370547785030408, 0.2000765207080794, 2.641301793839729, 1.1760273029502917, -0.19530121543122103
-0.5471764998567629, -0.33701957356644474, 0.20006324485673171, 2.6413009915197425, 1.175973329218099, -0.19528767276130515
-0.5472003863301271, -0.3369945805054655, 0.20005359432673803, 2.641381901101575, 1.1759062932218576, -0.19531613930181543
-0.5472135001810127, -0.33696220483100764, 0.20007625539597151, 2.6413291562106362, 1.1758448626156623, -0.19538641940972704
-0.5472475786289428, -0.3369062524190498, 0.2000538012931964, 2.641460121767749, 1.1757501529609238, -0.1953130279671048
-0.5472576022150465, -0.3368959180481875, 0.20006942566789385, 2.641458816213221, 1.1756827451076295, -0.19537300466828045
-0.5472597987435383, -0.33688791565109144, 0.2000846431547027, 2.641457847241721, 1.1756997786748484, -0.19536292558663793
-0.5472786435559078, -0.33685359691689576, 0.20005267387653441, 2.6415465534198765, 1.1755089148215383, -0.19534321258463955
-0.5472927826325875, -0.33684191787079965, 0.2000803930504823, 2.6415477592161762, 1.1755665223271055, -0.19542356938558533
-0.547316661193392, -0.33680341789974877, 0.20007169237008965, 2.641591203849535, 1.1754376397813455, -0.1954438545709943
-0.5473427841123083, -0.33676836971358615, 0.20004907079930545, 2.641643785974515, 1.17534016785862, -0.19534592513194882
-0.5473371085202761, -0.3367747715015608, 0.20005683601817104, 2.64159478554734, 1.1754168399797498, -0.19536315318532366
-0.5473549197387056, -0.33672997423028556, 0.20002329996925697, 2.641693063741107, 1.1752768174237205, -0.19525502748986012
-0.5473585969024266, -0.336723127255441, 0.2000423411614557, 2.6416579160485782, 1.175308418220095, -0.1953456739268763
-0.54739376618755, -0.33669288826339067, 0.20003671282284657, 2.6416284850773004, 1.1753916921307916, -0.1953990436824402
-0.5474064044280936, -0.33667130600938594, 0.20005414518296535, 2.64169375386927, 1.1752865205860397, -0.19542433660498285
-0.5474555247472298, -0.3366030710049501, 0.20003537209161212, 2.6417845381283156, 1.1750990673146176, -0.19544686821910856
-0.5474786657193688, -0.33656151238590976, 0.20005055660689347, 2.641845666184978, 1.175008838159778, -0.195448975052682
-0.5475031864784697, -0.33651371082516834, 0.20007377146754474, 2.641848135449586, 1.174960586561185, -0.19551694186765592
-0.5475265507895702, -0.3364947619930353, 0.20006165897653888, 2.6418587389966213, 1.1748948267136783, -0.19555364662615154
-0.5475377144471484, -0.33647300504002725, 0.20006769204344638, 2.641911822656968, 1.1748028216010216, -0.19555854533970726
-0.5475545502379245, -0.3364460764278464, 0.2000482285270595, 2.6419629047531874, 1.1747440094977641, -0.19554020439517172
-0.5475665972623885, -0.3364303270405291, 0.20005292720272957, 2.641946638577166, 1.174704808159639, -0.19553190577417495
-0.5475759767994113, -0.33640453878036497, 0.2000518549398444, 2.642005155464851, 1.1746835862828664, -0.1955239919203851
-0.5476271953586245, -0.3363307207463139, 0.20003211339664367, 2.6420866361833784, 1.1744750645101605, -0.1955203696607874
-0.5476592645676306, -0.33629532410397006, 0.2000655309802168, 2.6421273041642253, 1.1743695681133923, -0.19565846315359275
-0.5476662908116171, -0.33626405953160066, 0.20001934675361416, 2.642160687689992, 1.174385014317586, -0.1954687327847071
-0.547682659728033, -0.33624538894479367, 0.20004485092433877, 2.6422118929663014, 1.1742787041481155, -0.19554392224449396
-0.5476886008837429, -0.33624174172645743, 0.20003119422382176, 2.6422070125510735, 1.1742766740845034, -0.1955263141528187
-0.5476955199046787, -0.33621894439130057, 0.20001177333688108, 2.6422253583632567, 1.1742602497520718, -0.19546541091096897
-0.5477120081466411, -0.3362142305658122, 0.2000318637097765, 2.6422207091427294, 1.1741763870248407, -0.195556587155406
-0.5477274549828424, -0.3362221288553058, 0.20002913341227835, 2.64222104450663, 1.1742843091521313, -0.19560780649223425
-0.5477882179120979, -0.33621844243987997, 0.2000161499637031, 2.6422766683805667, 1.1740336088297956, -0.1955959048483335
-0.5478303412452864, -0.33622262312864587, 0.199991108303624, 2.642285054082128, 1.17405408272505, -0.19561689324221418
-0.5478741044137526, -0.3361499332297275, 0.19998980996253943, 2.6423866015089064, 1.17385092614474, -0.19562001298871456
-0.5479125712037187, -0.3361001444793876, 0.1999703664837355, 2.6424708891315563, 1.1737651980077841, -0.19560314477786447
-0.5479205092631995, -0.3360683227206108, 0.1999741840691605, 2.642494935416814, 1.1737003360230849, -0.19559039999687838
-0.5479360322861544, -0.336060100555746, 0.19998848705454073, 2.6425116287763593, 1.1736714679524451, -0.19563309320564054
-0.5479623535668038, -0.33602515847886083, 0.19998625558332944, 2.6425295061794114, 1.1735884266800716, -0.19563637732542036
-0.547989557419457, -0.3359754095657027, 0.19998060915989602, 2.6426289572947463, 1.1734366876779219, -0.19564001471868278
-0.5480045180892326, -0.3359383557251526, 0.19994968572741278, 2.6426983584713266, 1.1733770265922108, -0.1955211970747101
-0.5480402963566803, -0.33590125424754286, 0.19997891051177405, 2.6427191476821084, 1.1732286966688081, -0.19560333951209732
-0.5480629602212087, -0.33585055010391957, 0.1999465497432874, 2.64280972298063, 1.1731708475673344, -0.195426889669111
-0.5480930742269389, -0.33580361459465496, 0.1999769637092465, 2.64284363500468, 1.173098384323837, -0.19555660214206308
-0.5481098176724759, -0.33576419067871033, 0.19995546170309478, 2.642930376297446, 1.1730136989410216, -0.19554941415126628
-0.5481168426185514, -0.3357539196929772, 0.19993823570115174, 2.64291932458079, 1.1730068770870135, -0.19547508391503998
-0.5481435533197707, -0.3357142711221869, 0.1999405215853962, 2.642997651576654, 1.1729037265864566, -0.1954806570770427
-0.5481590744210322, -0.3357298006495876, 0.19995754980346586, 2.6429633673182376, 1.1728806049749498, -0.19553342937679524
-0.5481757689942818, -0.3356865474626763, 0.1999547480788052, 2.6429913082057213, 1.1727485484516802, -0.1955638508563897
-0.5481769115132406, -0.3356589996373186, 0.19995177214501741, 2.643011759155803, 1.172748843436197, -0.19547269855129337
-0.5482115507611023, -0.33560853931770196, 0.1999277493965948, 2.6430981193404026, 1.1726091009870188, -0.19542234877718442
-0.5482410165900536, -0.335562311038622, 0.19993897485696777, 2.643150421722471, 1.1724859911724586, -0.1955059938078495
-0.5482634826663325, -0.335542627465814, 0.19994471668813266, 2.6431368717350345, 1.1724682294358084, -0.1955647612816271
-0.5482833205066827, -0.33550967980487023, 0.19994375253411134, 2.643180171806661, 1.1724236987563637, -0.19551549904294918
-0.5483058922760483, -0.33545767085650186, 0.19994027303286815, 2.643261482679475, 1.1722527244012322, -0.19555927306927492
-0.5483250396636978, -0.33546252401496623, 0.1999616883326515, 2.643264207146672, 1.1722063374713663, -0.1956623350940971
-0.5483551684125443, -0.33538711219353184, 0.19996720169992072, 2.6433376931209107, 1.172135170621943, -0.19563475561658983
-0.5483797870948277, -0.3353407101902816, 0.19994301248900687, 2.643423535736022, 1.171957394703028, -0.19553037313039778
-0.5484041734244149, -0.33532998035750633, 0.19993844590022036, 2.6434286786215835, 1.1719611415964788, -0.195582487746445
-0.5484016525347771, -0.33531923676705555, 0.19991635595172047, 2.6434463285268075, 1.17192748090909, -0.1955271906127993
-0.5484020604444703, -0.3353183470955455, 0.19995485971019433, 2.643431375345716, 1.1719454829884786, -0.19560094461504446
-0.5483895069253734, -0.33531900028192513, 0.19993795884667642, 2.643463813354774, 1.1718786574974058, -0.19551683185392152
-0.5484202425230845, -0.3353036992739432, 0.19993844590022036, 2.643472012570123, 1.1718666697313176, -0.1955868243254926
-0.5484283980514757, -0.33530191088978134, 0.19996874273274917, 2.6434624082035088, 1.1718150970039076, -0.19564516124294504
-0.5484398362028788, -0.33529151718722217, 0.19996622137674355, 2.643471503659714, 1.171799976044792, -0.19565105230742752
-0.5484655437330903, -0.3353129993421942, 0.20004105512452913, 2.643411330019678, 1.1717802298263609, -0.19588012575727623
-0.5485055972859545, -0.3352746507967623, 0.20003366814685855, 2.6434810590205853, 1.1717264098574773, -0.19586303928105486
-0.548497230694446, -0.33527636988145787, 0.20003221710217312, 2.6435183188782228, 1.1717301754435665, -0.19576566537815218
-0.5485228135459599, -0.33526436724543385, 0.20005031899411446, 2.6434805781268373, 1.1716525790783003, -0.1957947975958719
-0.5485343481858088, -0.33522150348806634, 0.20004829830952836, 2.643556159491249, 1.1715645632019385, -0.1957825964077007
-0.548563967508629, -0.33519416402218244, 0.20004560827430842, 2.64361451090582, 1.1715088719590412, -0.1957890146595032
-0.548575964097776, -0.3351644907138096, 0.20004692390482665, 2.6436429781580797, 1.1714630641399724, -0.19578408819745105
-0.5486005986170351, -0.33510927109770866, 0.20008407855675892, 2.643626791503575, 1.1713930155613648, -0.19585874638097447
-0.5486493623585638, -0.33503714098753906, 0.20005053292151043, 2.6437896685751103, 1.171150794281595, -0.1958395352160143
-0.5486776784888243, -0.3349912489319509, 0.20003116348984498, 2.643871843213813, 1.1709939513207273, -0.19581554358490946
-0.5487162604766994, -0.3349441209512877, 0.2000548575522942, 2.6439213004033126, 1.1708852040145301, -0.19585121580690684
-0.5487181348644063, -0.3349209575785627, 0.2000487726660345, 2.643893727043111, 1.170892250189622, -0.1957783570224904
-0.5487474803606361, -0.3348845316564538, 0.2000488682236144, 2.643953923001918, 1.170768830609787, -0.1958254807927179
-0.5487448138356729, -0.3348575698645324, 0.20004849350610127, 2.6440357084172224, 1.1707508407776264, -0.19576935541764612
-0.5487907368739123, -0.33482003809550676, 0.2000539413171769, 2.64402995449811, 1.1706318422968303, -0.19587136365299496
-0.5488161818295763, -0.3347831724170849, 0.2000581204873972, 2.644097777585087, 1.1704880178821875, -0.19582217649705835
-0.5488261090106415, -0.3347677429165666, 0.200047071200667, 2.6441342523174227, 1.1705306292618487, -0.19580213182128933
-0.5488420175332688, -0.3347365120247778, 0.2000839176450543, 2.6441048472722932, 1.1704400611274801, -0.195873761290318
-0.5488504602776911, -0.3347099849746821, 0.20004201566806912, 2.6442044090585313, 1.1703878889310242, -0.19576310813158443
-0.5488542193631024, -0.3347045325878271, 0.2000526608711387, 2.644207216738904, 1.1703533311842123, -0.19575807101417367
-0.5488786331165966, -0.3346627367209144, 0.200040525580081, 2.644279732256176, 1.1702658001726651, -0.1957653047891615
-0.5489039708093387, -0.3346364508489682, 0.2000644892345978, 2.6442708697689543, 1.1701967917925682, -0.1958333791494741
-0.5489227609152696, -0.3346199835523693, 0.20004634148340686, 2.64433780660301, 1.1701243318242012, -0.19581330707160866
-0.5489280905468833, -0.3346070161855783, 0.2000338824848914, 2.6443344937445445, 1.1701037206641316, -0.19577588885841543
-0.54895957373451, -0.3345327888492688, 0.2000035688503563, 2.6444638658959274, 1.1699529779239517, -0.19565417705621976
-0.5489857331272339, -0.33449770053957595, 0.20003093039523878, 2.644470625073067, 1.1698366651491496, -0.1957357594551944
-0.5490047399611883, -0.3344799592982425, 0.20001180611004996, 2.6445336779154456, 1.1698152868016034, -0.19571271151650205
-0.5490082492418792, -0.33445435171424404, 0.19997557666910837, 2.6445613676679125, 1.1697992356806568, -0.195619018777394
-0.5490511477927155, -0.3344704547326893, 0.1997944772966827, 2.644715663660756, 1.1697584601260504, -0.19515908577158605
-0.549045816894637, -0.33446725366665525, 0.19971609944064975, 2.6447637495746186, 1.1697419124047264, -0.19496994406125293
-0.5490686905832134, -0.33444542985477765, 0.1997484331969197, 2.644796705769622, 1.169665782625647, -0.19503164780197363
-0.5490975956961489, -0.33440995405802243, 0.19971914291470655, 2.6448773100942136, 1.1695573666654715, -0.19494276435804575
-0.5491274921646458, -0.33434779551141053, 0.19970878775441447, 2.6449339689472806, 1.1694113190753563, -0.19491774075652027
-0.5491343774717926, -0.3343633194596668, 0.19973262644694878, 2.644871432543736, 1.1694568092065958, -0.19506897083563315
-0.5491526425430115, -0.3343364499225525, 0.19970434477745652, 2.6449765039829556, 1.1693866749736528, -0.19492178902996293
-0.5491681933560573, -0.3343173186447113, 0.19971838373214337, 2.6450268529488237, 1.16932982417896, -0.19493774210637663
-0.5492365061495391, -0.33432698655657805, 0.19983484648511746, 2.6449025740759176, 1.1693208719598385, -0.1953271437674846
-0.5492414822113119, -0.33433993821553554, 0.19981357533302702, 2.644945472419829, 1.1692757800876363, -0.1952727277132872
-0.5492526785944636, -0.33432200254214073, 0.1998050820554355, 2.644930381283567, 1.169288068434206, -0.1952439267901034
-0.5492709143314934, -0.3343049422644309, 0.19968721992911903, 2.6450357055561176, 1.1693485624133264, -0.1949283782631016
-0.5492981682188071, -0.33428196382386943, 0.1996384342395656, 2.6451009979488416, 1.1692320444447046, -0.1947527483706208
-0.5493153454098844, -0.3342540933843872, 0.19965717340010208, 2.6451177983148075, 1.1692400551938156, -0.19481399527443322
-0.549328386459786, -0.3342238768315095, 0.19963895037913243, 2.6451935229579924, 1.1691657622463916, -0.1947276511966426
-0.5493486838841858, -0.3341839878389039, 0.19962391815646058, 2.645256552646542, 1.1690516325270084, -0.19461157768383205
-0.5493784084776504, -0.33414056378432566, 0.19964849447887534, 2.645297465290791, 1.1689066784530362, -0.19466589643533197
-0.5493961163743076, -0.33409455922826753, 0.19963260805555752, 2.645383023307287, 1.168850390241601, -0.1945403139993869
-0.549395597379465, -0.33410294505863447, 0.19962880619131407, 2.6453841126660147, 1.1688859882509677, -0.1945294785695241
-0.5494052616154977, -0.33409369101455116, 0.19963470590527027, 2.6454136423361696, 1.1688171983933517, -0.19443527708643837
-0.5493942469261269, -0.3340906883448093, 0.19961431401721674, 2.6454740898448077, 1.1688598332982374, -0.19430357505906992
-0.5494134349534573, -0.3340472654394355, 0.1995846672865266, 2.6455513920879437, 1.1687351855543193, -0.19424672443293525
-0.5493984051703114, -0.33408806422785836, 0.19962923655372528, 2.645434814317644, 1.1688348693980186, -0.19433882969405014
-0.5494280547963613, -0.3340408131250581, 0.19960980760086727, 2.645539487021233, 1.1687165095912764, -0.19428089666322743
-0.5494241367214099, -0.33404131969124073, 0.19960620347512156, 2.6454878422418155, 1.168756696318744, -0.19427015971202097
-0.5494503441692873, -0.33401234392784235, 0.19961804728011154, 2.6455354182977056, 1.168648327464061, -0.19433198814675376
-0.5494539081009513, -0.33399538793132655, 0.19962793929109285, 2.645526540884741, 1.1686657299557666, -0.19435927429858366
-0.5494800702790544, -0.333971189057563, 0.19962235429846542, 2.6456113401980796, 1.1686179264728103, -0.19439584234150134
-0.5494913547435744, -0.333937397875909, 0.1996114869365894, 2.6456348256997693, 1.168461142738937, -0.1943208005907532
-0.5495238854229374, -0.33388392704831765, 0.19960112292199295, 2.6457268472256494, 1.1683240709924152, -0.19429230308097598
-0.5495142443309569, -0.33388703897871613, 0.1995905784437011, 2.6457115980093775, 1.1683531729516798, -0.1942532712609542
-0.5495200224396961, -0.3338696005137627, 0.19959251084678079, 2.6457484187012725, 1.1683280167766696, -0.19426871320865627
-0.5495473783306645, -0.33386379587880555, 0.19962708433687293, 2.645722860922355, 1.168276366926716, -0.19440152691456936
-0.549554780252901, -0.3338290323226789, 0.19958780763080985, 2.645774963320856, 1.1682509589764698, -0.1943376562195871
-0.5495553088914491, -0.3338307796558946, 0.19962911870273323, 2.645762426843058, 1.168214574361896, -0.19437729022124162
-0.5495805654209407, -0.33382072887739306, 0.1995874053187447, 2.645821681705215, 1.168155377993247, -0.19432108079932447
-0.5495866870415577, -0.3337947761896075, 0.19961256419059153, 2.645841054517912, 1.1681108650529197, -0.1943829682627609
-0.5496133883863682, -0.3337601278753771, 0.19961192894438912, 2.6458217367736956, 1.1681086096912847, -0.1944142737445362
-0.5496004232903383, -0.3337493544849315, 0.19961339886366752, 2.645852322512303, 1.1680439997744345, -0.19438848723514623
-0.5496246607160017, -0.33375691708731975, 0.19961449537721604, 2.645872253837242, 1.1680334035992788, -0.19443529017131364
-0.5496407918136044, -0.33371957948504344, 0.1996241976676688, 2.6459162777344116, 1.1679582795457928, -0.19446801069110342
-0.5496788832306008, -0.3336558386763115, 0.1996247698232161, 2.6459662524638854, 1.1677773794252406, -0.1944708075163503
-0.5496994305773371, -0.3336123288592867, 0.1996255969858109, 2.6460141172601266, 1.1677200689244724, -0.19447727333045892
-0.5497112633066327, -0.33360095376485666, 0.19961284410767932, 2.6460341876533326, 1.167707650161806, -0.19448948452571652
-0.5497459853422938, -0.33355288670704675, 0.19960173343839815, 2.646102332285611, 1.1675283622653525, -0.1944556636710758
-0.5497621230642649, -0.3335252303937633, 0.1996002461126959, 2.6461352448211377, 1.167501721970334, -0.1944578724819933
-0.5498026461185302, -0.33346246853939926, 0.19960459408077436, 2.646221486303905, 1.1672590609050906, -0.19445740718772558
-0.5498152208613091, -0.3334443506399061, 0.19961785410378996, 2.6461780387332734, 1.1672893243909588, -0.19455205348489418
-0.5498438462508664, -0.33338346599952634, 0.19963326274094623, 2.646284298584931, 1.1671588223904288, -0.19460578856180724
-0.549868297754876, -0.3333245690212693, 0.19960730110004904, 2.6463794893272925, 1.1670193259530268, -0.19452248390901855
-0.5499071370518945, -0.333270227913093, 0.19958724158672134, 2.6464312309596885, 1.1668734718213953, -0.1945138850932861
-0.5499408333018265, -0.3332349047929424, 0.19962318036458457, 2.6464809869508827, 1.1667871388507338, -0.19464253448056373
-0.5499532025647835, -0.33321666884489987, 0.19961579263245852, 2.6464913012009155, 1.1667538167305558, -0.1946292876244093
-0.5499782587314402, -0.33318068388301714, 0.19964077010843184, 2.6464876840096703, 1.166686704155698, -0.19468527160256216
-0.5499945908442456, -0.333142248124378, 0.19961052948649083, 2.6465728032385973, 1.1665995093457462, -0.19463889173793142
-0.5500230220295979, -0.3331075844049879, 0.19960182309325425, 2.6466078505773925, 1.1665028621790703, -0.19464570953036622
-0.5500377524171168, -0.3330887481254949, 0.19962624495874406, 2.6466071212746662, 1.166473625941845, -0.19475908825881483
-0.5500405768457733, -0.33308509147751736, 0.1996179253801144, 2.6466050397392187, 1.1664505277519186, -0.1946623308397409
-0.5500619537249277, -0.3330407821581997, 0.19960940093881538, 2.6466791271963914, 1.1663466255823642, -0.19468374221884405
-0.5500741690166523, -0.33304109701168766, 0.1996267724675998, 2.646688104385923, 1.166314189399552, -0.1947005570315035
-0.550094776258094, -0.3329938488897015, 0.1996078504624672, 2.6467157927986493, 1.166161353087926, -0.19467224601987917
-0.5501374013634761, -0.33292513600146956, 0.19962679574219955, 2.646819634645574, 1.1660661252052127, -0.19470735656353055
-0.5501862720125695, -0.33285937585393144, 0.19963104641182017, 2.6468715273819177, 1.1658550082887797, -0.1947971469692559
-0.5502073317719847, -0.33279621662251146, 0.1996161747142285, 2.6469555468667165, 1.1657500606753712, -0.19475662113146852
-0.5502177647919382, -0.3328048682030381, 0.19962825983529314, 2.646926727390978, 1.165798495863916, -0.19479593076724142
-0.5502156233942551, -0.3327846475316769, 0.19963808286357265, 2.646934410708791, 1.1657319349445057, -0.19482318389599446
-0.5502579885903599, -0.33273934037059705, 0.19964898223645883, 2.6469882213874825, 1.165642110862761, -0.1948673559360551
-0.5502627813608987, -0.3327148850299291, 0.1995858264044449, 2.6470630129642094, 1.165578790973627, -0.19466795211606164
-0.5503091253357489, -0.3326728522057627, 0.1994292240996739, 2.6472321141064707, 1.165477720132838, -0.1943311132703539
-0.5503367162156653, -0.3326755406593544, 0.19938289546653584, 2.647259496209792, 1.1654298475146578, -0.19431659619717145
-0.5503473412516489, -0.3326619594761908, 0.19938518140331696, 2.64730096195338, 1.1654045454559396, -0.19431555466552747
-0.5503615404678206, -0.33263417048961436, 0.1994108878540299, 2.6473599174684606, 1.165244568842847, -0.19434449186570393
-0.5503772456139896, -0.3326312373823795, 0.19937354412788702, 2.647337853419135, 1.1652536303091026, -0.19428888229192534
-0.5503912704903166, -0.33262169611739484, 0.19940429554671796, 2.647314764689109, 1.165289258381999, -0.1943895014063033
-0.5503828948828757, -0.3326233932596362, 0.1993541140432149, 2.6473711203854986, 1.1652936330188284, -0.1942266313081224
-0.5504125049167325, -0.33257749966432376, 0.19938581059233945, 2.6473960138285357, 1.1652023232468876, -0.19436437394521439
-0.5504435986897885, -0.33254638945359555, 0.19940358307493944, 2.647428538213615, 1.165103259839888, -0.19433312138275513
-0.5505166742285704, -0.3325376122749894, 0.1994898759961935, 2.6474072891111584, 1.165023274880358, -0.19456615292307278
-0.5505212092281783, -0.3325612284915598, 0.19949727621638055, 2.6473843411344804, 1.165037658604689, -0.1946095446259027
-0.5505635977780636, -0.33252699918106426, 0.19950833912387095, 2.6473724498034206, 1.1650566881335005, -0.19469118689524584
-0.550569904030508, -0.3324999513895126, 0.1995229090120857, 2.6473901041341468, 1.1650472778896663, -0.19476302796062267
-0.5505896812760604, -0.33247800865970534, 0.19951320461724126, 2.6474142528054023, 1.1649821645780767, -0.1947497164371154
-0.5505943865812385, -0.3324620740410565, 0.19951554387552434, 2.647430514714505, 1.1649839564237594, -0.19470835426329305
-0.5506224850518112, -0.3324172293807491, 0.1995081316680271, 2.647463682501626, 1.1648713509662578, -0.1947516301528303
-0.550638080027999, -0.3323794623103932, 0.19952671474589034, 2.6474919997525035, 1.1648117983551232, -0.19481931569778746
-0.5506363091324247, -0.3323792767399214, 0.199524310502108, 2.647496704862834, 1.1647933222791704, -0.19477875155682114
-0.5506611648422692, -0.33237260749843656, 0.19949620777134874, 2.647507365535908, 1.1647409475481387, -0.19474145443809432
-0.5506689581444985, -0.3323483065681555, 0.19949547780865895, 2.6475503366204123, 1.1646977867610566, -0.19471921369993325
-0.5507270550680294, -0.33228833048156037, 0.19946853076759008, 2.6476280948923128, 1.164522718579827, -0.19472197596916418
-0.5507762323231792, -0.3322387675922499, 0.19934825629087988, 2.647795956581705, 1.1643561333941983, -0.1944777203772948
-0.5507988858424105, -0.3322277555232958, 0.19932208349209973, 2.6477964287870326, 1.1643902906246746, -0.1944623214778378
-0.5508198039296962, -0.3322017179025564, 0.1992691648081272, 2.647928982253802, 1.1642575458035034, -0.19434496231701062
-0.5508295636353181, -0.33219244745618637, 0.19918785082198392, 2.6479518490739276, 1.1643037872113742, -0.1941344944783248
-0.5508555328761047, -0.33218436659226996, 0.1991591969250751, 2.6479968134503773, 1.164225250416, -0.19410392220512965
-0.5508679047197486, -0.3321649013444444, 0.19912096760178138, 2.648052430442366, 1.1641798406512796, -0.19399488734220038
-0.5509046180584547, -0.3321149174074211, 0.1991198289401456, 2.6481392808849464, 1.1640423171081915, -0.19398258957387673
-0.5509216664061901, -0.3320695482712789, 0.199164245321658, 2.648134597663327, 1.1639792106819116, -0.19413184761995086
-0.5509688093541971, -0.33200218726633146, 0.19913529822105303, 2.6481979095753854, 1.1638345689007568, -0.19409907644279073
-0.5509836976673194, -0.3319638700388202, 0.19914241289177959, 2.6482702412806867, 1.1637113824357133, -0.19409242609426988
-0.5509870697403167, -0.33196536128498677, 0.1991385841653147, 2.648239961786837, 1.163794513159592, -0.19414236204188995
-0.5509920460747231, -0.3319606750807596, 0.19913249032452104, 2.648249691601411, 1.1637435086160535, -0.1941347800262041
-0.5509961848219473, -0.3319542965610124, 0.19916181288305224, 2.6482349509935315, 1.1637598955781272, -0.1941732221548259
-0.5510220018702527, -0.3319249410629278, 0.19911481911579468, 2.648321703190197, 1.1636371066073847, -0.19411827811430937
-0.5510305588619598, -0.33192344467976465, 0.19913572827932435, 2.648302627618338, 1.163634501859644, -0.1941491255926014
-0.5510421875268597, -0.33189565776951957, 0.1991486786706908, 2.6482985081947126, 1.163597998754983, -0.19415097884938262
-0.551072076079842, -0.3318583818471614, 0.19914878089979837, 2.6483501045957385, 1.163525620577799, -0.19421074851732043
-0.5510986264660793, -0.3318223532769448, 0.19914644287815336, 2.64842927883042, 1.1633164173739656, -0.19420236507096422
-0.5511115069525032, -0.33177362083220685, 0.19912280447335923, 2.6484835995640434, 1.1632722957971895, -0.19412330067298153
-0.5511516199890794, -0.3317263509741092, 0.19912949600091867, 2.6485046666084764, 1.1632302233510738, -0.19422337066309417
-0.5511721245171685, -0.33168518373154104, 0.1991333268559043, 2.648554860706752, 1.163117818606183, -0.19419499702030033
-0.5511851004741418, -0.3316563644629336, 0.19910764288803304, 2.6485465924560163, 1.1632014935626271, -0.19415748149042758
-0.5512202866038717, -0.33160124551921266, 0.1991285757097458, 2.6485927241986693, 1.163151324793072, -0.19432123617583358
-0.5512475969271753, -0.33157951453371354, 0.19914044346155896, 2.648614890420179, 1.1630138987998073, -0.19427032876561648
-0.5512883527884732, -0.3315006075963448, 0.1991097068325994, 2.648756487203851, 1.162835541730838, -0.19424167912083792
-0.5513030548054908, -0.33145585363821634, 0.19913278664836143, 2.648748730005344, 1.1627674773751258, -0.19431424875569084
-0.5513194762222274, -0.3314497239397402, 0.1991411999969216, 2.6487606060699327, 1.1627199042621497, -0.19434987056677205
-0.5513212261899296, -0.33144260170446443, 0.19912833942986843, 2.6487477209039056, 1.1627501997426233, -0.1943194701263137
-0.5513386455981429, -0.33142727181186077, 0.19915949565356916, 2.6487531849997743, 1.1626862247397296, -0.19440647311826587
-0.551338823405363, -0.331418855986057, 0.19915291719928727, 2.648753008467809, 1.1626843137953473, -0.1943717531264837
-0.551345680072033, -0.33140337722046187, 0.19912968802983572, 2.6488011719634423, 1.1626239439884993, -0.19434523988500324
-0.5513494139833959, -0.33139788957683264, 0.19912094867551233, 2.648807341106506, 1.1626059515527876, -0.19430837732110812
-0.5513514093651094, -0.3313969804784676, 0.1991320894896032, 2.648810477180493, 1.1626108964566957, -0.19438585318459087
-0.5513667699958822, -0.33137873073609403, 0.1991474093619132, 2.6488264233581282, 1.162598971473913, -0.19441846115479713
-0.551365261226364, -0.33137751453268843, 0.1991245513045636, 2.6488305292033445, 1.1626484801132337, -0.19434283991074106
-0.5513681327718863, -0.3313612699376874, 0.19911530535436406, 2.6488271635245186, 1.1626467283672468, -0.1943289825099629
-0.5513781127242119, -0.33136948501530294, 0.19913656064158636, 2.648776506983853, 1.1627264309455319, -0.19440604435520745
-0.5513812224702653, -0.33134386054500153, 0.19913879855512168, 2.6487908884092737, 1.162693650535943, -0.19437617818236852
-0.5513997970293792, -0.3313269144223512, 0.19912060916289914, 2.6488566140244014, 1.162587729558422, -0.1944017138775197
-0.5514026394252038, -0.3313131990344933, 0.19913400124653158, 2.6488326848394625, 1.1625638023703735, -0.19439152840657858
-0.5514177166076524, -0.33128239306774737, 0.199137119685589, 2.648910879432601, 1.1624944811786, -0.19438160628215276
-0.551438744123798, -0.3312405093584713, 0.1991316255354063, 2.648940937118602, 1.1624166408154017, -0.1944296944113372
-0.5514577973285475, -0.33121798743302716, 0.19911008895877993, 2.6489902213426175, 1.162336306383629, -0.19434721521405562
-0.5514639795925489, -0.33121180533954553, 0.19912325459015445, 2.648979933692159, 1.1623712527955432, -0.19439548714307328
-0.5515036584254096, -0.3311741799829296, 0.1991081963832248, 2.649053904257716, 1.1622163072612943, -0.19444269670296283
-0.5514960819416389, -0.3311617306655817, 0.1990977125219476, 2.6490541375865204, 1.1621764625164235, -0.19435906646381604
-0.5515245286571944, -0.3311159604547538, 0.19912887551395497, 2.6490532463985486, 1.162130464093087, -0.1944833070433052
-0.55154978349785, -0.33107762088720816, 0.19911211360238706, 2.649119041567904, 1.1620215408975834, -0.19444418166887498
-0.5515738784572994, -0.3310440086768681, 0.1991257007967751, 2.649189672079893, 1.161951715975332, -0.19447083810534954
-0.5515707300222426, -0.3310340852508218, 0.19908467853622672, 2.649199261551726, 1.1619313957850712, -0.19437936677267031
-0.5515843277860802, -0.33102295586344394, 0.19908355785940662, 2.649251483520484, 1.161890000533355, -0.19436028667831687
-0.5516049239763067, -0.3310012310009556, 0.1991146727490748, 2.6492084260980335, 1.1618870820964355, -0.1945042072124977
-0.551597198719089, -0.331015977306117, 0.19907771844882005, 2.649198077449795, 1.1619490246345523, -0.19439891377533539
-0.5516476451381054, -0.33099941676825656, 0.19891076927131518, 2.6492644275498085, 1.162050220366452, -0.1940536160444603
-0.5516712086388147, -0.3309596446932771, 0.19885178987595933, 2.649298397657485, 1.1620710936616974, -0.193966276597227
-0.5516963093233112, -0.3309493438931964, 0.19885851913333158, 2.649318204097951, 1.1620264170230523, -0.19402760183115456
-0.5517071815059512, -0.33096436093186216, 0.19879728229699498, 2.649404730906164, 1.1620038195934201, -0.1938864730268097
-0.5517123246764624, -0.33096982099126127, 0.19871182392168588, 2.649439547973899, 1.1620192166716168, -0.1937014535233496
-0.5517232538797333, -0.330960476961258, 0.1987097672753905, 2.6494445748513984, 1.1620181201476658, -0.19365509445582427
-0.5517219327673353, -0.33095058610637595, 0.19869048676009893, 2.6494400881829905, 1.1620156316322796, -0.1936376826287166
-0.551733232094762, -0.33094148159501807, 0.19868965209337114, 2.6494459920700875, 1.1619653623170054, -0.1936507517326162
-0.5517871268732815, -0.3309609087212471, 0.19877134579093053, 2.6494295022753356, 1.1619421480061953, -0.1939417023764617
-0.5518302473189286, -0.3309224220738166, 0.198781853795356, 2.6494498296734226, 1.161772946069177, -0.19396536350476942
-0.5518300977123575, -0.3309014136949768, 0.1987926872454284, 2.6494693179693005, 1.1617609437396328, -0.1939772736233235
-0.5518515483952126, -0.33088938094945264, 0.19879351141206414, 2.6494808470794564, 1.161729984909189, -0.19400300659215416
-0.5518806150292714, -0.3308416352243476, 0.19876352099608252, 2.6495981523559737, 1.1615789472963944, -0.19393993213233202
-0.5518832903035976, -0.3308573843156447, 0.19881207605153162, 2.6494922328475536, 1.1616322194818944, -0.194092577600756
-0.5518950474038345, -0.33083382658894867, 0.19879705912276746, 2.649561597897511, 1.1615949538472599, -0.1940656633959595
-0.5519020484826288, -0.33080263281411326, 0.1988010943364819, 2.6495935197587324, 1.1614785017677665, -0.1940409583274991
-0.5519189136496593, -0.330783061013258, 0.19880707842016765, 2.649614168512304, 1.1615044040501457, -0.19410545729500908
-0.5519335099062774, -0.3307581032734792, 0.1987778520688149, 2.6496397549926507, 1.1614533727161402, -0.1940224851462957
-0.5519564143510327, -0.3307089955681457, 0.19875970714226454, 2.6497077292340796, 1.1612765823828486, -0.19402368413949023
-0.5519661059384313, -0.3307059518107545, 0.19878939845503502, 2.6497399540325284, 1.1612152895433987, -0.1940409859128715
-0.552008629901938, -0.3306420438430825, 0.19879593239955445, 2.649754501308519, 1.161154816931318, -0.19415847698143518
-0.5520315696150291, -0.3306128721730611, 0.19880399761703865, 2.649749631331398, 1.1611547474680979, -0.19417380506121498
-0.5520472064255787, -0.3306033797530535, 0.19879767265450676, 2.649822978614597, 1.1610485524264749, -0.1941619257190453
-0.5520428552482217, -0.3306121723438231, 0.19879963587284333, 2.6497961625140873, 1.161074919736327, -0.19411860845569084
-0.5520403529220528, -0.33062135156251565, 0.1987754972334964, 2.649795477204735, 1.1610557079218773, -0.19408966741337444
-0.5520626515549764, -0.33057913255513144, 0.19878029560228855, 2.6498308739534497, 1.161029600065284, -0.19410027915022335
-0.5521005375082718, -0.3305214565702242, 0.19880482159418184, 2.6498773285742874, 1.1608717745997528, -0.19421677310853724
-0.5521384909008035, -0.33047477658717805, 0.19879019083321992, 2.6499662610362904, 1.1606796684429226, -0.19417059456058292
-0.5521653090453402, -0.3304067911614928, 0.19877004539235074, 2.650046741011092, 1.1605750780355133, -0.1941499988490186
-0.5521942519616553, -0.3303800175417552, 0.19877826186324327, 2.650092134989908, 1.1604834734759766, -0.19419759851445395
-0.5522011300521046, -0.3303683973425115, 0.19877871829414784, 2.6500737613350696, 1.1605114885926229, -0.1941501068334619
-0.552197056268218, -0.33037753243187834, 0.19875090711203264, 2.650129903892698, 1.1604593049297842, -0.19391240896553846
-0.552204637638246, -0.3303405649438997, 0.19876785717676126, 2.650186022302382, 1.160421728346328, -0.19394025776099777
-0.5522178339245564, -0.3303330203459253, 0.1987709855880233, 2.6501791047221004, 1.1604037358375932, -0.19395760245938942
-0.5522222624550885, -0.3303143110888738, 0.1987406506870065, 2.6502477160423936, 1.1603466465789711, -0.19390239099336018
-0.5522472968556036, -0.3302782541091862, 0.19875646830083338, 2.650252739068661, 1.160246544535627, -0.19397003725670273
-0.5522831468688837, -0.33021749578331844, 0.19873585010659506, 2.6503394744601425, 1.1601253350988072, -0.19394792592116625
-0.5523006436700053, -0.3302109639429813, 0.19871584589910646, 2.6503620466861855, 1.1601297246607465, -0.19392920903304398
-0.552318162862915, -0.33022789704013844, 0.198589139806291, 2.650438460858797, 1.1601277798981358, -0.19357135414197635
-0.5523474572888791, -0.3301815023463786, 0.19859146529695587, 2.6504796004859, 1.1600202964479485, -0.1936743533473009
-0.5523651195392217, -0.33015489902285033, 0.19858338812194387, 2.65053211337472, 1.1599442250839225, -0.1936693279126511
-0.5523911564431642, -0.33008635110483797, 0.19854180967433843, 2.650650865853532, 1.1598247323202728, -0.19353204393451193
-0.5524263435603934, -0.33006092946888654, 0.19856257994104454, 2.6506485572697858, 1.1596699138646007, -0.19359867102629208
-0.5524723876660605, -0.33000620574179046, 0.19859971723820097, 2.6507100098089005, 1.159552816603677, -0.19375228446072404
-0.5524721774759089, -0.3299887076397107, 0.1986152284292533, 2.6506893945634005, 1.159515112196725, -0.19379559152732367
-0.5524943104045199, -0.3299674282964021, 0.1985794623553822, 2.65074781291177, 1.1594537436387609, -0.19370434256377314
-0.5525201254678433, -0.3299241339372628, 0.19857740193006723, 2.650809665141965, 1.159452159423495, -0.19373365801762044
-0.5525513864474587, -0.3299657952449942, 0.1986694229999905, 2.650691678445971, 1.1594014908941526, -0.19396214704074236
-0.552577780039293, -0.3299567290364551, 0.1987085858215455, 2.650698540472667, 1.1593402945826665, -0.1940874748428811
-0.5525922072016255, -0.3299376740863322, 0.19871235732166836, 2.650719378988614, 1.1593285651037017, -0.19410374437882455
-0.552627161153243, -0.3298874627803129, 0.1986998033011816, 2.6507937630997374, 1.159204207984362, -0.1940709993818573
-0.5526523145580259, -0.32982797562313204, 0.19867474275552277, 2.6508883597579973, 1.1590831553514527, -0.19401093144273426
-0.5526832323744642, -0.329782971909139, 0.1987093307811313, 2.6509304432220415, 1.1589593136715426, -0.194128575556521
-0.5527259711950502, -0.32973285421258264, 0.198719447936208, 2.6509580457005053, 1.158793148169172, -0.1941793066465064
-0.5527351510782496, -0.3297268174694908, 0.19870631951368306, 2.650993271760732, 1.1588352018579162, -0.19415443620570058
-0.5527421915694868, -0.32970426756727794, 0.19869736300869384, 2.651054985711994, 1.1587055355478704, -0.19407880453985377
-0.5527565076428743, -0.32968778428743034, 0.1986849759150609, 2.651041573630351, 1.1587205640864464, -0.19408850211383905
-0.5527687864073249, -0.32965823528998883, 0.19870643418399064, 2.65106242765443, 1.1586574709447222, -0.194129929636144
-0.5527981392234109, -0.32960224156907103, 0.1986997111160143, 2.651156568749209, 1.1585364228605954, -0.1940696465592159
-0.5527948933194364, -0.3295970962011392, 0.19867992861410444, 2.651222218654992, 1.1584783949728927, -0.19400630383575562
-0.5528078207611584, -0.32959906756500684, 0.19872026787707336, 2.6511644081999846, 1.1584905143319835, -0.19415584508254488
-0.5528114009325483, -0.32957989989870246, 0.19870801792894585, 2.651202562987987, 1.1584981141243866, -0.19412547237358369
-0.5528296865112666, -0.32955780421709385, 0.19870615013923854, 2.6511740192518296, 1.158559289880491, -0.19409093908614755
-0.5528405725409957, -0.3295372851900462, 0.19869460171258885, 2.651182273595263, 1.1585613584975838, -0.19408748345919677
-0.552858768500872, -0.32949297391688653, 0.1986827860938325, 2.651184223940644, 1.1586139679679965, -0.1940705916048878
-0.5528741624086465, -0.3294686864050134, 0.19866540655940756, 2.6511667579234004, 1.1586593927036803, -0.1940175350095629
-0.5528768394421811, -0.32947337819298067, 0.1986838928290669, 2.6511436865579294, 1.158620751312697, -0.19405149601983646
-0.5529124591575236, -0.3294001987451275, 0.19868040918045163, 2.651282837511052, 1.1584416196464664, -0.19401865733399887
-0.5529403326981523, -0.32936392609555304, 0.1987189193721715, 2.651273644283209, 1.1583786478992735, -0.19418448777071334
-0.5529549309229995, -0.32933649848821417, 0.1986869649899328, 2.6513426230729595, 1.158301421951532, -0.19407523540342123
-0.5529556238412149, -0.32932581267152244, 0.19866866892259966, 2.6513751899064046, 1.1582890410862667, -0.19403368318513653
-0.5529651441698471, -0.32932254210897616, 0.19867899808430084, 2.6513652542409796, 1.1583243378684052, -0.1940805834360431
-0.5529785837733389, -0.32930522429678355, 0.19866409390995754, 2.651406285271318, 1.1582593959369287, -0.1939971659011946
-0.5529797614535642, -0.3292890845377237, 0.19866283773363275, 2.6514059656503144, 1.158206334613333, -0.19398835064666695
-0.5529816270562553, -0.32928807827179624, 0.19869306156629155, 2.6513936065549486, 1.158227239989446, -0.1941000952002204
-0.5529903611824741, -0.32926688156859957, 0.19868799387137323, 2.6514036773970857, 1.1581936660538488, -0.1940867746195271
-0.5530257432695052, -0.3292153506212588, 0.19866504771844262, 2.6514828992743915, 1.158087730313301, -0.19406253274841123
-0.5530516944692132, -0.32918863869520865, 0.19865010898843846, 2.6515426562146316, 1.1579587975394778, -0.19401130910542455
-0.5530593354617512, -0.32916154509431567, 0.1986660369395899, 2.6515803616671083, 1.1579527196441246, -0.19405558403663375
-0.5530764188309197, -0.32913256800376595, 0.19866828938558426, 2.651577953208032, 1.1578116793576008, -0.19404890157225052
-0.553100833425057, -0.32910205990451813, 0.1986374548108277, 2.6516264576524615, 1.157785599173378, -0.19400531230957063
-0.5531437104832438, -0.32903976909121363, 0.19865596112872133, 2.6516704682976036, 1.157641998016783, -0.19407344357420858
-0.5531773503018105, -0.3289736325203804, 0.19865594033687767, 2.6517729933017935, 1.1575126856577442, -0.1941470831223096
-0.5531784741538927, -0.3289670894595084, 0.19863330126634837, 2.6517883090311125, 1.1574757468127543, -0.1940539385135773
-0.5531973316186816, -0.3289418450627368, 0.19868732577743659, 2.651810697828263, 1.1573663639827263, -0.1941942744683945
-0.5531933211968587, -0.3289215213756619, 0.19863554993616098, 2.651844331595037, 1.157347449711783, -0.1940241155944671
-0.5532163397720463, -0.3288824183461321, 0.198606432682089, 2.651889222249395, 1.1572838449456873, -0.19395371329725608
-0.5532362220674085, -0.32886903137413775, 0.19865281646340505, 2.651857533219114, 1.1572675374529704, -0.1941123808536353
-0.5532619506695174, -0.3288384015992165, 0.1986427580158831, 2.6519541304820677, 1.1571476317984657, -0.1940617776649163
-0.5532704151595863, -0.32884905935443215, 0.19865548763891033, 2.6519058555327755, 1.1571546378859754, -0.1940803095449351
-0.5532804032914509, -0.32882261513610406, 0.1986455001218388, 2.651970439674631, 1.1571356647432989, -0.1940944977926514
-0.5533002668019067, -0.32879215785650673, 0.1986100726460415, 2.6520035060992684, 1.1570687873145502, -0.19401368764207572
-0.553313108912769, -0.3287743010276745, 0.1986037241576901, 2.6520279857673987, 1.1569866104637312, -0.19401040252824817
-0.5533187770385328, -0.32875558257569826, 0.19863379316882293, 2.652056846133357, 1.1569635285424469, -0.19409748079896003
-0.5533667503148901, -0.32873640993746955, 0.19849075334768432, 2.6521553100297326, 1.156933824820263, -0.19379967514597757
-0.5533974642554647, -0.3287220979298874, 0.198414935764081, 2.6522809968117875, 1.1567601590951317, -0.1936118794891191
-0.5534015965092683, -0.32869357074794137, 0.19839590139874427, 2.6523096205836922, 1.156784289191781, -0.19360445742827656
-0.5534151699597052, -0.3286565512251109, 0.19838427933395328, 2.6523503820798457, 1.1567036295890496, -0.19356047212347838
-0.5534526179763858, -0.3286218590355386, 0.19841003614197333, 2.6523442161141757, 1.156567909609616, -0.19367337447874017
-0.5534668580468449, -0.32859165861976103, 0.19838398981512154, 2.6524284341958047, 1.156512469494268, -0.19357711466749689
-0.55351272706458, -0.32853194667880314, 0.19841906509034657, 2.652443125256699, 1.1563843209365507, -0.19372967574633765
-0.553558185106796, -0.32848151315063684, 0.19842245285769294, 2.6525116743579793, 1.1561753163120578, -0.19378436169812713
-0.5535717895334136, -0.32842380029135854, 0.19836268321997758, 2.6526066432419797, 1.1561496540585805, -0.1935456936876043
-0.5535767167169223, -0.328423960984454, 0.19837881631427118, 2.652628038116817, 1.156092224950325, -0.19368594599416794
-0.5535987038409622, -0.328382960857104, 0.19838510611808172, 2.6526793633649546, 1.1559824122328126, -0.1936966176420412
-0.5536054037519526, -0.3283981816682398, 0.1984076455268392, 2.6526295927322927, 1.1560455463585664, -0.1937837877188993
-0.5536115830982663, -0.32837367394902234, 0.1983956226834205, 2.6526725723264364, 1.155982929627828, -0.19373810303646022
-0.5536222251138926, -0.32837258501635486, 0.19839987293232497, 2.652684607613615, 1.1559675484657865, -0.19372302053207205
-0.5536388487124997, -0.32834760147364694, 0.19838378462609577, 2.6527040478212505, 1.1559014438148678, -0.1937276913339929
-0.5536436172878397, -0.32832341420201444, 0.19838973847125663, 2.652743912509191, 1.1558039930598618, -0.19368789069111744
-0.553663343659511, -0.32827912530548314, 0.19839976464475767, 2.652776185474264, 1.1557611835684516, -0.1937297841902293
-0.5536960957849074, -0.3282492091261292, 0.1984020286710142, 2.652804020122516, 1.1556616191666202, -0.19371521756194884
-0.5537109704799514, -0.3282109157947618, 0.1983808570918678, 2.652843250527397, 1.1556353508800834, -0.19370452223562865
-0.5537334341374803, -0.3281725844645434, 0.19836210555984723, 2.652869824993032, 1.1555520446543452, -0.1936758625575968
-0.5537402188180575, -0.3281462965977096, 0.19836774928134854, 2.6529103656776134, 1.155543901951903, -0.19366450940412336
-0.5537809445195965, -0.32810072188915185, 0.19838762142532926, 2.652968127888851, 1.1553531216041233, -0.1937724953600318
-0.5538022968667453, -0.3280675383166231, 0.19837984556035523, 2.652996089541886, 1.1553423892392973, -0.1937809141568419
-0.5538423833908723, -0.3279919765026917, 0.1983924254791698, 2.6530912778251885, 1.1551381323468997, -0.19380017754207135
-0.5538549215588313, -0.32798508939928267, 0.1983763942461671, 2.653064122881142, 1.1551661512230111, -0.19378513846317885
-0.5538659047827333, -0.3279730411758202, 0.19839083803299135, 2.6531211107561967, 1.1550567896899233, -0.1937853497911043
-0.5538979034105135, -0.32792765343834157, 0.19835822766662425, 2.653174013785207, 1.1550341956856027, -0.19378812583433627
-0.5539206444687876, -0.3278797891464498, 0.19840989685672486, 2.653178314767488, 1.15490156306409, -0.19390638348839787
-0.5539245530610988, -0.3278731858745096, 0.19840989685672486, 2.653160541985786, 1.154950634833664, -0.19391713171370534
-0.5539393792933346, -0.3278434487121774, 0.19841450890376305, 2.6532168327665855, 1.1548940917235408, -0.19392013359901197
-0.553955648140955, -0.327839562053414, 0.19840653781875212, 2.653201109094063, 1.1548567657474211, -0.19394651623358256
-0.5539921288224654, -0.32779913242660674, 0.19840435955641816, 2.6532627736070316, 1.1547665055599952, -0.19395267728045845
-0.5540125895418949, -0.32773715747003596, 0.19836129682142778, 2.6533412350912084, 1.1546912706063248, -0.19384419055595567
-0.5540420083460911, -0.32769222896545513, 0.19836525933202626, 2.6534064403084967, 1.1545494568871517, -0.19385490935024988
-0.5540626569448067, -0.32765124185980427, 0.1983602149464583, 2.653440137944342, 1.15450193586789, -0.1938022862303912
-0.5540824234351189, -0.3276352355196601, 0.19834462103776626, 2.6534723517192718, 1.1544929604048735, -0.19382343830215562
-0.5540901941360528, -0.3276269635840776, 0.1984099264565362, 2.653411255581435, 1.1543999107551837, -0.19398218778986281
-0.5540998055180526, -0.32760398806528856, 0.19836460956183533, 2.653460239319132, 1.1543891081202955, -0.19389921970269522
-0.5541328245706576, -0.32757052222734745, 0.1983531917133705, 2.6535493080983876, 1.1542501356648478, -0.19386045870453425
-0.5541571653525642, -0.3275127637283822, 0.19830071178420963, 2.653621419110638, 1.1541717831205889, -0.19373075104697768
-0.5542439255478896, -0.3275203074249845, 0.19830252494446515, 2.653673593615706, 1.154068758304975, -0.19387312996524067
-0.5542689205748333, -0.32748550641716706, 0.1983199068791386, 2.6536764934496375, 1.1539661232290994, -0.1939024221057186
-0.5543058369619477, -0.3274437711401544, 0.19829700834081632, 2.6537381390833277, 1.1539430715237935, -0.19387343541960309
-0.5543119045241328, -0.32743164241241346, 0.19827695828081188, 2.653751513386177, 1.1538906052052607, -0.19381537518716527
-0.5543504998051156, -0.3273793274851547, 0.19830577131088442, 2.653816798554207, 1.1537919199256257, -0.1939717164337154
-0.5543695833648087, -0.32734076960653, 0.19827325803519408, 2.65384158933523, 1.1536872571276, -0.1938806695415711
-0.5543787520883783, -0.3273347009328467, 0.19826017614295094, 2.653908158551657, 1.1536485164114114, -0.19384551768166983
-0.554379946637357, -0.3273196342369466, 0.19827043281855153, 2.6538534070643913, 1.1536563351537503, -0.19390582712711593
-0.5544071588025566, -0.32729515601650927, 0.19828941452156268, 2.6538155111712207, 1.1536853214085043, -0.19395349992833374
-0.5544180892418427, -0.3272510497830026, 0.19828564893269052, 2.6539374850281194, 1.1535190407803508, -0.19391833192752617
-0.5544353682617579, -0.3272345069748195, 0.19826665977125685, 2.6539908833667676, 1.1534596051458292, -0.1938787087534296
-0.5544564756775884, -0.32720106124362297, 0.1982588050482823, 2.6539739000375175, 1.1535292255285072, -0.19394740935489138
-0.5544728574490952, -0.3271863014747885, 0.1982797670918301, 2.653982238642802, 1.1534630888482171, -0.19397895477887014
-0.5544779269449056, -0.327182975962721, 0.19824560985750506, 2.653994096863047, 1.1534588478346466, -0.193856573092732
-0.5545110863758986, -0.3271117460704009, 0.19827230001407564, 2.654031589571095, 1.1533504424097327, -0.19395091431489608
-0.5545131048003289, -0.3271219298439699, 0.19826356264262202, 2.654042355355478, 1.15338561338422, -0.19390697649432811
-0.5545545013927912, -0.3270533963626859, 0.19828334735256667, 2.6541354058908704, 1.153204380844519, -0.1940393209295866
-0.5545711302653734, -0.3270215783794582, 0.19826219145228702, 2.654139856589864, 1.1531667173914164, -0.19397439867941607
-0.5545925833366412, -0.3269702027146247, 0.19822964425475834, 2.6542203572054497, 1.1530581960606707, -0.19389014829842355
-0.5546187297947589, -0.3269213473209703, 0.198255110257805, 2.6542795146031617, 1.1529023092004151, -0.1939871075371216
-0.5546452002355177, -0.3268865244107973, 0.1982249158063289, 2.6543286792016985, 1.1528200961147999, -0.1938753491456086
-0.5546731125181993, -0.3268820746846923, 0.19810558084859414, 2.6543889505257963, 1.1527856122475897, -0.19364119742190727
-0.5546823450553149, -0.32685383719799393, 0.19806328971041398, 2.6544968281656263, 1.152770436445413, -0.19354481311767968
-0.5547030327063777, -0.32683255835422326, 0.1980755013399857, 2.6545145596408606, 1.1526721260679003, -0.19359366092391642
-0.5547280152006953, -0.3268233115048465, 0.19810310601877867, 2.6545168049026837, 1.1526408557775256, -0.1936507919423014
-0.5547611315008636, -0.326771564249936, 0.19802897235707534, 2.654612570439153, 1.1525331656347115, -0.1935223322605364
-0.5547959778263676, -0.3267152070221187, 0.19807170494017873, 2.654646575662912, 1.1523020178261, -0.19362971499817178
-0.5548090328182449, -0.3266853156406244, 0.19805473214336575, 2.654678989833406, 1.1523239084491166, -0.19357146991327032
-0.5548245275316256, -0.3266498841753701, 0.19805725306652364, 2.6546994309305196, 1.1522588821591615, -0.19357898320030734
-0.5548588498886483, -0.326613894507244, 0.19805449332407216, 2.654798789289315, 1.1521605757522257, -0.19359494435032448
-0.5548705055478867, -0.32658660931283406, 0.19805857734966387, 2.6548347867016, 1.1520442172841556, -0.1935531868438689
-0.5549008288378134, -0.32655944612197674, 0.19804877046535946, 2.654884463415505, 1.1520202061267886, -0.1935483250230868
-0.5549108241692737, -0.3265611545948514, 0.19809477023306687, 2.6548293137127437, 1.1520108279028514, -0.19361970994493427
-0.5549235797138053, -0.3265309597617402, 0.19807750903766602, 2.6548926058038274, 1.1519191530873474, -0.19359533323162748
-0.5549360643251952, -0.32653128214031135, 0.1980859028301521, 2.6548969993356617, 1.1518869627917698, -0.19362885897988627
-0.5549375142562016, -0.3265214532877417, 0.19805981201054415, 2.654908830965686, 1.151939562611801, -0.19357860028689533
-0.5549461519937461, -0.3265087679791032, 0.19808053137295023, 2.6549358794537157, 1.1518758434379344, -0.19357907094521362
-0.5549818624945507, -0.32646161180116917, 0.19807363706842052, 2.6549947257431756, 1.1516800533493818, -0.19359399828310755
-0.5550097310781849, -0.3264313918884418, 0.1980671053864434, 2.6550443430454087, 1.1516753399964295, -0.19361319709440267
-0.555032640784233, -0.32639219151856047, 0.19809661467127154, 2.655074267739783, 1.1515292466730176, -0.19369643960276609
-0.5550612438466362, -0.3263366773023228, 0.19810026504410005, 2.655118348513834, 1.1514688372686281, -0.19368857014195115
-0.5551055146091316, -0.32626576483181785, 0.19807510001868317, 2.6552319074192154, 1.1512460075550635, -0.1936180652918206
-0.5551800779135707, -0.3262657410634749, 0.19798573225218802, 2.6553064801871114, 1.1512042213841818, -0.19351080448664143
-0.5551907799873985, -0.3262548865060772, 0.1979524822932879, 2.6553743423295635, 1.1511093264449779, -0.19340710843369957
-0.5552310806753046, -0.32619297263378255, 0.19795960667264997, 2.655369857092508, 1.1510407764073278, -0.19345815352254175
-0.5552330579398062, -0.3261811205386573, 0.19797057851211255, 2.6554394100785985, 1.150969376695252, -0.19345136889698442
-0.5552751838945457, -0.326157394282232, 0.1979527713530076, 2.6554674122498403, 1.1508883952281173, -0.19346176350345284
-0.5552920301487884, -0.32609984529936376, 0.1979565340574471, 2.655544742934793, 1.1508012319761471, -0.19345550731922884
-0.5553240481406025, -0.32607662664875686, 0.19796386398989446, 2.655535843460341, 1.1507704238334042, -0.1935729047639658
-0.5553290949405811, -0.32604401886778644, 0.19794438011531446, 2.6555967460247407, 1.150638430864395, -0.1934625733435904
-0.5553442841632777, -0.32600840027942746, 0.1979558132557263, 2.6556026698738013, 1.1506219851704056, -0.19345921136787603
-0.5553582985841802, -0.3259904627667775, 0.1979508905832575, 2.6556277726071613, 1.1505918349590754, -0.19343480334203492
-0.5553835802129383, -0.32598024511167695, 0.19794797376519718, 2.655706994542724, 1.150500034899612, -0.19334118245229923
-0.5553858618677628, -0.32595271194355147, 0.19793727933109728, 2.6557485994019228, 1.1504865504008193, -0.1932365166695438
-0.5554144549858071, -0.32587771919473557, 0.19791477257511472, 2.6558666201143493, 1.150315166918508, -0.19312274758437756
-0.5554498934813961, -0.3258378037864277, 0.1979320475425237, 2.655881536061759, 1.1502537828354649, -0.1932106838673825
-0.5554609043476849, -0.3258159627509932, 0.1979291906883277, 2.6559231296535235, 1.1501769515470281, -0.19323476270957612
-0.5554642278264409, -0.32578924902119466, 0.19792087647977097, 2.6559558190621786, 1.1501632917281799, -0.19316243816543344
-0.5554674621435367, -0.32576379374647935, 0.19789387388844976, 2.656039320737703, 1.1500830306648466, -0.1929435270820215
-0.5554977381759425, -0.32572821883628045, 0.19790704828613376, 2.6560512329641583, 1.1500563225177092, -0.19303758986548147
-0.5555074259938133, -0.32570788318984084, 0.19791355790425652, 2.656088948888001, 1.1499746202658443, -0.19298409895352772
-0.5555240947763268, -0.3256808890067471, 0.19790448388932055, 2.6561389003310967, 1.1499151795186497, -0.19296514640525197
-0.5555406850608731, -0.3256376784083518, 0.19789284830711745, 2.6561824718455007, 1.149799302524829, -0.19291503220919506
-0.5555953221675214, -0.3255626568189075, 0.19788820127466358, 2.656264420286425, 1.149662599916451, -0.1929533993881138
-0.5556046884212766, -0.3255409957853273, 0.19791228850212242, 2.6562757288517695, 1.1496319021192944, -0.1929775607899947
-0.5556051842318189, -0.3255413165849908, 0.19789441831635496, 2.656285800069502, 1.1495830747836335, -0.19300499381164402
-0.5556141249336282, -0.32551657703308556, 0.19790504209527468, 2.6563023220416513, 1.1495899660842082, -0.19306098492372406
-0.555632768129924, -0.3254837747864841, 0.19790422676903402, 2.6563843569416017, 1.1494121945311266, -0.19298804617405496
-0.5556298343519438, -0.32551201649985, 0.1978857914731466, 2.6562983589949343, 1.1495692159855264, -0.19302440334537518
-0.5556556999703464, -0.3254717189231403, 0.1978775936816875, 2.656389574701776, 1.149465583667701, -0.19297930714541944
-0.5556487045682987, -0.3255002673192843, 0.19791349392367308, 2.6562804982419186, 1.149515815883912, -0.19308574633408587
-0.5556520610510456, -0.3254798007795537, 0.19788963999790893, 2.656359934633022, 1.1494943839667928, -0.19299093075225093
-0.5556725347539428, -0.32544857528561755, 0.19788323231961896, 2.656393101942334, 1.1493970651168701, -0.19299349645584238
-0.5556744560796897, -0.32543042495609487, 0.19786116913495383, 2.6564472201418914, 1.1493013685541618, -0.19293993536852722
-0.5556979689807667, -0.3253796417889669, 0.19788026806309683, 2.6565244102735366, 1.1492279861080397, -0.1928654001579558
-0.5557312613180726, -0.3253292745992773, 0.1978767534587949, 2.656564551040784, 1.1490995495545382, -0.19291022177544526
-0.555769549613241, -0.32528049692051686, 0.1978702994653159, 2.656627454756492, 1.1490096375292598, -0.19291992794304946
-0.5558152639780688, -0.3252695606523171, 0.19774136028419484, 2.656728419748547, 1.1489306070291367, -0.1926608823192102
-0.55583149247298, -0.32522378735749674, 0.19768687747686464, 2.6568196646711577, 1.148838008805704, -0.1925078810717468
-0.5558268128934668, -0.32523104477882264, 0.19767683944954423, 2.656840187789748, 1.1487864519671984, -0.192441624956583
-0.5558427947108548, -0.32522313884000237, 0.1976732734910801, 2.656849021097282, 1.148790319615491, -0.19247213955117418
-0.5558828988109892, -0.32517452637512606, 0.19769888774123096, 2.6569030855391396, 1.148669893722088, -0.19259958247809345
-0.5558991799191084, -0.325142045054677, 0.19771593596531345, 2.6569004698644645, 1.148565920105113, -0.19264135923474549
-0.5559149899632907, -0.32513509203564606, 0.19769370944569192, 2.6569336148688336, 1.1485349642339198, -0.1925804582542034
-0.5559372823479598, -0.32509061150462865, 0.1976967637791216, 2.656981569629883, 1.148514391681982, -0.1926346429208972
-0.5559555592476441, -0.32506488579589604, 0.19771071337482138, 2.6570274915476415, 1.1484055714129553, -0.19269155979048874
-0.5559782826808676, -0.32504753618548876, 0.19772992950179158, 2.656996435507859, 1.148382317092707, -0.19272387610102076
-0.5559749128273408, -0.32504359281563344, 0.19771163816877418, 2.6570085575920457, 1.1484179717327283, -0.19268420292142754
-0.5559881777633301, -0.3250237761512891, 0.1977038562631282, 2.6570464733475485, 1.1483742522219171, -0.19267959946743288
-0.5559817501946595, -0.3250087095044327, 0.19767218350080173, 2.6571180523679296, 1.14827849146436, -0.19255381244179795
-0.5560118574668014, -0.32497546466877464, 0.1976587036375161, 2.65712236391086, 1.1482462702542495, -0.1925870730262929
-0.5560899601742966, -0.32491945560375946, 0.19759653431796786, 2.6572320878068227, 1.148110441863761, -0.19252606588875892
-0.5561245404902362, -0.32484922158943186, 0.19751920366810305, 2.6573661814387806, 1.1479227121182294, -0.1923775318122563
-0.5561481498516839, -0.3248290338189594, 0.19752629321951434, 2.6573786777342203, 1.1478922414212143, -0.19240746462577304
-0.556154429178451, -0.32484755574025637, 0.1975520573679635, 2.65731977997336, 1.1478985618678477, -0.19245550619462562
-0.556210948805375, -0.32481458431060667, 0.19761520824248774, 2.6573321908080993, 1.1477389389263168, -0.192683675233783
-0.5562398323905628, -0.3247885218111247, 0.19762475520392464, 2.6573821025502187, 1.147627717004785, -0.1926900470057087
-0.5562756589729903, -0.3247267422967379, 0.19763325839356977, 2.6574558112186426, 1.147508421839605, -0.19275523079157722
-0.5562850965559594, -0.3247061721129282, 0.1976100668192518, 2.6574780624110077, 1.1474915933103358, -0.19267691071969714
-0.5563021352136216, -0.3247001532457774, 0.1976197983259133, 2.657479055868891, 1.1474596148185996, -0.19273195768545495
-0.55630344594266, -0.3246927061636614, 0.19761602957117458, 2.657463081348693, 1.1474735054694873, -0.1927329927994649
-0.5563188996690952, -0.3246891501055569, 0.1976423913532794, 2.6575254156001873, 1.1474232446711805, -0.1928215305092348
-0.5563243401122421, -0.3246887358728773, 0.19764211477506016, 2.6574784862864664, 1.1474120992606756, -0.1928206780603114
-0.5563314279884879, -0.3246612847191997, 0.197647811818368, 2.657541449112382, 1.1473411768273194, -0.1928561715743751
-0.5563509049019186, -0.3246439726882369, 0.1976437916805926, 2.657491980185444, 1.1473288703988975, -0.192845675057074
-0.5563466509074039, -0.3246478360117501, 0.19762038219899086, 2.657516838766148, 1.1473827783333896, -0.19277622498100333
-0.5563705404951602, -0.3246069672367469, 0.19763928370164105, 2.657582057044619, 1.1472433019960895, -0.19282031772109348
-0.5564117184922125, -0.3245421907769718, 0.1976445136867858, 2.6576323156447623, 1.1471023348547833, -0.19291054040466504
-0.5564331843737513, -0.3245006687959684, 0.1976303979113621, 2.657698202115176, 1.1470253747331711, -0.19282595548830536
-0.5564330106359985, -0.3245126835649693, 0.19767110384599235, 2.657616819325969, 1.1470493746858972, -0.19298182795988678
-0.5564468455596906, -0.324494620596812, 0.19765564305916167, 2.6576870016700997, 1.146939110883512, -0.1928959464373135
-0.5564639868138305, -0.3244764473148619, 0.19763512739156558, 2.657723427759402, 1.1469302068569014, -0.19290180970588805
-0.5564740831017883, -0.32445515767218436, 0.19764142427094844, 2.6577271104883153, 1.1469313139950252, -0.19291457403137466
-0.5564885466648339, -0.3244569961772397, 0.1976637415369189, 2.6577240207691015, 1.1468830901770266, -0.19299481009488195
-0.5565035607384579, -0.3244017517561025, 0.19767883404790942, 2.6577606335151223, 1.1467704915908083, -0.19302153342558212
-0.5565278761795464, -0.32438337733376066, 0.19766907446291893, 2.657788971399747, 1.146705196831046, -0.19299037855399745
-0.556564912787434, -0.324332286088772, 0.1976689973101237, 2.6578490770749017, 1.1466171796895215, -0.193056234959046
-0.5565698891841251, -0.3243093592002019, 0.19766775426029434, 2.6578684149168206, 1.1465162727144946, -0.19304553458622933
-0.5565929999276542, -0.32426660780143973, 0.19765452468707265, 2.6579380535289903, 1.1464444140485117, -0.19303847248051914
-0.5566244402805945, -0.3242295062925968, 0.19763775146559398, 2.6580215751621035, 1.146391615077567, -0.1930051581785825
-0.5566276837238742, -0.3242064576502839, 0.19766343638094258, 2.657991118410617, 1.1463517016476095, -0.19304684351418933
-0.556650681348306, -0.3242139056114545, 0.19768247280386664, 2.6580079318110177, 1.1463061179089837, -0.19310006635315913
-0.5566550838898628, -0.32418078183368165, 0.19767201256930006, 2.658008218369953, 1.1462702809684084, -0.1930857589115572
-0.5566467160764506, -0.32417404904252, 0.19765471489328645, 2.658019346605734, 1.1462543285846798, -0.19306731376292402
-0.5566596522402713, -0.3241660356235588, 0.19766673866344955, 2.6580232690748278, 1.1462199758447154, -0.1930653927715561
-0.5566766011869738, -0.3241452097728147, 0.19766231800403555, 2.658080332276799, 1.1461840325138477, -0.19312715880965764
-0.5567013903362175, -0.32409907096239293, 0.1976601110932944, 2.6581135685698443, 1.1460849889211164, -0.1931004987620474
-0.556712477748454, -0.3240663818576881, 0.19766701527313452, 2.65815098194773, 1.1460769085469718, -0.1931090810253503
-0.5567180202191734, -0.3240673422258054, 0.19765833045483955, 2.6581405315045017, 1.1459989221783207, -0.19301246184268028
-0.5567452265302816, -0.3240168846446213, 0.1976831218158161, 2.6582089392164523, 1.1458810148970502, -0.19312387191477223
-0.5567759041658539, -0.32397398666621896, 0.19765294556604646, 2.658275272774278, 1.1457523467284918, -0.1930656050842701
-0.5567909537563452, -0.32394447932154163, 0.1976486796434438, 2.6583216298638668, 1.1457444963007628, -0.193041893562481
-0.5568286402456208, -0.3238903088063453, 0.19762886798487259, 2.6584068950639064, 1.1455470060212751, -0.19292176805924494
-0.5568490690718637, -0.3238469943811887, 0.19764033178662616, 2.658468694312063, 1.145521886532832, -0.1928321798100891
-0.556851329078778, -0.3238304728553761, 0.19764923517587224, 2.658510986013188, 1.1454232837173628, -0.19277286155259343
-0.5568778950283836, -0.3237894500834513, 0.19763218320762946, 2.65858968656793, 1.1453708032918324, -0.19275677707256958
-0.5568856382267173, -0.3237772322819311, 0.19763366967022183, 2.6586017438725573, 1.1453039187035394, -0.19276788624783794
-0.5569101657246467, -0.32372962052005777, 0.19764904304544742, 2.6586276425764424, 1.1452073548495005, -0.19281258632914497
-0.5569756675997601, -0.32372054750042445, 0.19767520983596595, 2.6586747225867673, 1.1450855277845058, -0.19294729228020627
-0.5570037238774515, -0.3237247040121319, 0.19770999056026434, 2.658614401820857, 1.1450979658387659, -0.19311794877574864
-0.557032259258551, -0.32372783475285855, 0.19765607925098533, 2.6586403331225346, 1.145099297900515, -0.19304371166725492
-0.5570237529796609, -0.3237444711654682, 0.1975413451969486, 2.6587079223151107, 1.145076472063781, -0.19266900471923562
-0.5570416550600001, -0.32372684616748376, 0.19756162891866386, 2.658697140790526, 1.1450824521726133, -0.19282526544840334
-0.5570298908188743, -0.3237625893781931, 0.1975436111118254, 2.658733917336656, 1.145121456386296, -0.19274182545067742
-0.5570495613110605, -0.32373319635059783, 0.19755853670614187, 2.6586995874870443, 1.145098947803657, -0.19279502870412232
-0.5570415649149008, -0.3237280973016871, 0.19752363166203313, 2.658750444462758, 1.145032446079312, -0.1926479092672043
-0.5570613966988175, -0.3237035767174836, 0.1975313352296222, 2.6587524907116746, 1.1450369543280106, -0.1927206034107164
-0.5570590080352334, -0.3237029559150295, 0.19752759271688186, 2.658767670887293, 1.1450021470982121, -0.19266071526780768
-0.5570793238292223, -0.3236982512702201, 0.1975525672547531, 2.658767760547149, 1.1449562387367387, -0.19278497422715604
-0.5570921564721033, -0.32366569766371023, 0.1975129352447383, 2.6588394520882037, 1.1449515780304214, -0.19271606364451108
-0.5571101754766555, -0.32364345936234573, 0.19752137169236128, 2.658865025219027, 1.1448017247429503, -0.19275326935180606
-0.557127050790037, -0.32360096994507276, 0.1975008780195101, 2.658918048685908, 1.1447195512902828, -0.19262418630726277
-0.5571451134463997, -0.3235639277876088, 0.19751469118914916, 2.6589723776268723, 1.1446466088934635, -0.19266276147778005
-0.5571554876247593, -0.32350643076304075, 0.19746168761647065, 2.6590577329226908, 1.1446146542232054, -0.19236297888517975
-0.5571741869702835, -0.32349949437189696, 0.1974812683622955, 2.6591189328474782, 1.1445244537675106, -0.19236920769790145
-0.5571836108833474, -0.3234484301619039, 0.1974611878203036, 2.6591947920350423, 1.14448052893069, -0.1922056569981484
-0.5572094860479597, -0.3234215844217209, 0.1974759281064024, 2.6592377602295727, 1.1443671691140553, -0.19219000906018438
-0.557221545875144, -0.32339342523906306, 0.19748008309130827, 2.6592717268000405, 1.1442856499161407, -0.19215792908576818
-0.5572304557099821, -0.32337132614805064, 0.197463367026041, 2.6593248196645822, 1.144288734680752, -0.191988513381306
-0.5572300155695451, -0.32336259587113764, 0.19744551046710146, 2.6593684537011035, 1.1442552712869123, -0.19183326146710544
-0.5572627598535213, -0.3233068838807597, 0.1974643879813922, 2.6594700321543168, 1.1440897627138038, -0.19189361760559043
-0.5572843899673374, -0.32326417152004994, 0.19742039629555053, 2.659517740408859, 1.144079894346817, -0.19184037865522094
-0.5573001851289264, -0.32324869638972903, 0.197469642965181, 2.6595076206802415, 1.1440130845403937, -0.19193793480108245
-0.5573021369118938, -0.3232320818203833, 0.19744883936793944, 2.6595156882518554, 1.144028364277991, -0.19186019702133145
-0.5573241541671043, -0.32320935569171594, 0.19747101655795424, 2.659529817430723, 1.1440005066975767, -0.19192838956047067
-0.5573265514809339, -0.3231735890519846, 0.19740502052953374, 2.6596040117853295, 1.1440183720536106, -0.19162695589880382
-0.5573435630526813, -0.32314566661240895, 0.19740487672125764, 2.6596752057970736, 1.1439457195898262, -0.19159454731359124
-0.5573618921031687, -0.32310654992207577, 0.19738124101364712, 2.6596712476360755, 1.143889367531272, -0.19154302699355535
-0.5573937915898525, -0.3230586630219774, 0.19739469699573597, 2.659773023577017, 1.1437749579872312, -0.1915772376507156
-0.5574319425052225, -0.32301093869454245, 0.19740020075206613, 2.6598318096078133, 1.1436162466111313, -0.1916395129395553
-0.5574478059923568, -0.32296619936876403, 0.19738600302537096, 2.6598944517979426, 1.1435035691302542, -0.19156233365138198
-0.557482235142299, -0.3229644489923392, 0.1972974474415332, 2.659946215324099, 1.1434899897687296, -0.19142367149711684
-0.5575096780515704, -0.32294702708059003, 0.1973225549221771, 2.659925288980975, 1.1434751456187897, -0.19155483891961564
-0.557494020907614, -0.3229346380580156, 0.19726022876971605, 2.6599436809008714, 1.1436066422871656, -0.1913233326432752
-0.5574957862387064, -0.32292878725392266, 0.19727843546010318, 2.659917158945802, 1.143568702125634, -0.19137920385021032
-0.5575074316966825, -0.3229186490104923, 0.19726721026645427, 2.6599410678944175, 1.143537719217892, -0.1913504897548671
-0.5575597417746851, -0.3228382496218818, 0.19725357124328127, 2.6600818253542506, 1.1433775382012705, -0.19134895402245233
-0.5575745814173246, -0.32283541754504247, 0.19727426860232972, 2.660039106087469, 1.1433341423329693, -0.19138178814113488
-0.5575821595442954, -0.3227927214583017, 0.19725934219501876, 2.6601008619787816, 1.1432402946733784, -0.1913237474524829
-0.5576145057956453, -0.3227470224700009, 0.19726701065456134, 2.6601303975108417, 1.1432157393357036, -0.19141043535352395
-0.5576327648863718, -0.3227041838889099, 0.1972578566334055, 2.660226153072666, 1.14300594018595, -0.19133630405499022
-0.5576558618230262, -0.3226919792771698, 0.19726073539044334, 2.660233431620895, 1.1429936023593645, -0.19140186932434794
-0.5576725363493957, -0.3226467786871079, 0.19724735036152796, 2.6602829750085237, 1.1428998234096335, -0.19139764079029098
-0.5576845152455813, -0.32262823699353954, 0.1972596079419317, 2.6602707031350663, 1.14289823928907, -0.19142285923281463
-0.5577077520103927, -0.3225942758649703, 0.1972435455844368, 2.6603624656773808, 1.1427963360709927, -0.1914117539904983
-0.5577360148988002, -0.3225630795326725, 0.19726007209028285, 2.660318528025952, 1.1427712836170065, -0.19146324640993823
-0.5577539885183482, -0.32251625694182867, 0.19726596504102512, 2.6604054021740215, 1.1426179307403224, -0.1914954379099181
-0.5577728339280763, -0.32247407181872295, 0.19725831453660933, 2.6604651076365604, 1.1424891678694444, -0.19144911904694425
-0.5578111693911352, -0.3224265405388666, 0.19726359279387656, 2.6604871743115077, 1.1424608661825206, -0.19147830213880546
-0.5578470290601808, -0.32237573163108724, 0.1972533899392159, 2.6605551624133925, 1.1423216759498895, -0.1915317430849222
-0.5578722859092885, -0.32233006791300417, 0.19726168466287183, 2.660588676893516, 1.1422554570822194, -0.19145966201732045
-0.55788157309618, -0.32231540584007246, 0.19724223587885806, 2.660641844043333, 1.142246383021171, -0.19139432040163326
-0.55788033301116, -0.32230348661019026, 0.19723003260685873, 2.6606740062672216, 1.1422340581820762, -0.19135171046316538
-0.5578897933533726, -0.32227573404666915, 0.1972316531583535, 2.6606691001635863, 1.1421791552477156, -0.1913297655768156
-0.557912954766118, -0.3222732711291768, 0.19722360709539583, 2.660696750113432, 1.1421339896693705, -0.19135451353479524
-0.5579352378771772, -0.3222214113813706, 0.19725112236204081, 2.6607244729623742, 1.1420590038140437, -0.19146154463276308
-0.5579447833173656, -0.32218030508065937, 0.19722101057078129, 2.6608078815419245, 1.1419327623983406, -0.19136625787331119
-0.5579878191630794, -0.3221243152543958, 0.1972353063176983, 2.6608684741468007, 1.1418458309023536, -0.19143618095078457
-0.5579872870297421, -0.3221164889036354, 0.19722893146195775, 2.6608759244547926, 1.141791897034184, -0.19138968064181774
-0.5580103887751271, -0.32208487597141666, 0.19723549655870232, 2.6609023017608098, 1.14174872822785, -0.19144369064379899
-0.5580172848754753, -0.32207222022298343, 0.19722550901409888, 2.6609196330813343, 1.14171499985202, -0.1913930477076831
-0.5580227662552552, -0.3220959555641006, 0.19725307164646583, 2.6609025776926107, 1.141680488611214, -0.19147911828167355
-0.5580492054889077, -0.32206102156023325, 0.19719474322057198, 2.6609370894246873, 1.14164659851985, -0.19135737436744385
-0.5580774930623228, -0.32205417036944145, 0.19709308023428418, 2.661025691967185, 1.1415844646517936, -0.1911462709940723
-0.5580842207562351, -0.3220277555070572, 0.19710893215732317, 2.6610526814168907, 1.1415754169280143, -0.1911840819592449
-0.558101071868117, -0.3220045858418743, 0.19707627358273572, 2.661068267061284, 1.1415234934102683, -0.19113476194651957
-0.558145970200083, -0.3219401629208054, 0.19708639730321248, 2.6611616950640125, 1.1413556891761742, -0.19119766283403172
-0.5581664562499338, -0.3219174400855003, 0.19711626127987458, 2.6611665930687507, 1.1413087721191943, -0.19127485370212563
-0.5582290489745606, -0.3218891198485375, 0.1971630322341787, 2.661172305527275, 1.1412144835911446, -0.1914451283199629
-0.5582457391203608, -0.321852457194296, 0.1971753901703204, 2.66124530658576, 1.1410742865508834, -0.19145186421832291
-0.5582780096139529, -0.3218217401558862, 0.1971779005882147, 2.6612464585301945, 1.1410060585471418, -0.19149264672551938
-0.5582772128050805, -0.32181994158826394, 0.1971840403342026, 2.66126446700633, 1.141025440681002, -0.19144976637403646
-0.5583022199792463, -0.3217726962170297, 0.19716220413297206, 2.661323217519245, 1.1408803923153836, -0.19143815528816507
-0.5583137496668745, -0.32177195567253786, 0.19714854162598844, 2.6613398482202437, 1.1408646378990739, -0.1914073480217802
