0.10516793045608434, 0.18506236670516865, 0.6100242729082271, -0.5166546062613603, -3.077863561274406, -0.06260945216826252
0.1051612357687822, 0.18510690736269808, 0.6100037258240931, -0.5167065600208376, -3.0778346839873363, -0.06248626890415329
0.105167023127797, 0.18509316872912596, 0.6100008461883424, -0.516750402868792, -3.0778655485077095, -0.06247962871399892
0.1051597172562163, 0.18508460477273952, 0.6100261607981157, -0.5166842773830432, -3.077818898852505, -0.06261493228255735
0.10515923905217185, 0.18510078065981864, 0.6100068145440993, -0.5165760481403775, -3.0778467845133974, -0.0625607575076288
0.10516178369815501, 0.1850882039882901, 0.6100275260212777, -0.5166893739845123, -3.077844545944218, -0.0626037131334147
0.10516382485846633, 0.18509259954027946, 0.6100130533889603, -0.5167465244915256, -3.077842903887613, -0.06254892614815238
0.10516173859896125, 0.18508962034129617, 0.6100167289446302, -0.5166681080876527, -3.077833348741474, -0.06254198419190629
0.1051565099098166, 0.18508102905210153, 0.6100210526351645, -0.516650396452181, -3.077841476819582, -0.06258126627391222
0.10515844398283836, 0.18509073445395924, 0.6100177218880186, -0.5166688921304977, -3.0778356444903747, -0.06260110753995696
0.10516424268838377, 0.18507830381966067, 0.6100222149784692, -0.5166895787560122, -3.077845024423252, -0.06260410811109285
0.10516582858715307, 0.18509921249857136, 0.6100070707913778, -0.5167608780053281, -3.0778203597919402, -0.06252286317659606
0.10515832508603432, 0.18509414282809547, 0.6100182221084155, -0.5165740090924357, -3.077840677161641, -0.06252048309228504
0.10516273037556324, 0.1850914432962694, 0.6100045217889757, -0.5166169890212197, -3.0778654619228125, -0.06247287801245652
0.10516715267156664, 0.18509051902659382, 0.6100190401024365, -0.5167663194629772, -3.077846136225304, -0.06258934978173339
0.10515872447249792, 0.1851171221714708, 0.6099907321281568, -0.5166533882595421, -3.077854750798726, -0.0624136610008427
0.10516388500413991, 0.18508943903488612, 0.6100102643187082, -0.516659001648701, -3.077882010591257, -0.06255721821705378
0.10516042392440487, 0.18509608424258311, 0.6100068464889462, -0.5167311336912123, -3.0778621231657497, -0.0625150639126138
0.10516142815341907, 0.18510061264608135, 0.6100231884591263, -0.5166904998166616, -3.077849785947895, -0.06256730671856614
0.10516516617703292, 0.18508415261847028, 0.6100203908504602, -0.5167208642109705, -3.0778128354988676, -0.06253830329922222
0.10516446986429995, 0.18507099287829148, 0.6100304705741874, -0.5167063878152482, -3.077833677098844, -0.06265924371543037
0.1051623701230095, 0.18510395079267333, 0.6100010294104631, -0.5166949519476121, -3.077871868279768, -0.062497628307768144
0.1051625573833566, 0.18509877206168823, 0.6100108983418702, -0.5166524774589025, -3.0778507092287937, -0.06252781199159525
0.10516165107932765, 0.18509182105886257, 0.6100006705438739, -0.5167242238723646, -3.0778286911670225, -0.06250501942804629
0.10516197457411176, 0.18507968687419632, 0.6100138351867779, -0.5166772660763128, -3.0778809790689627, -0.06253845282661633
0.1051674794997377, 0.1850798211045536, 0.6100249710363241, -0.5167424977765191, -3.077824357705906, -0.06260114938141062
0.10516134796557591, 0.18510278743629294, 0.610017160801073, -0.5166593874824268, -3.077884150206412, -0.06253862231520753
0.10515646128699224, 0.18508376870362372, 0.6100238223597902, -0.5166826091832772, -3.0778122679512707, -0.06257427898654613
0.10521712900839973, 0.1851788888845626, 0.6099998622839552, -0.5169831407743753, -3.0777770013843977, -0.0625458618207771
0.10543504429884763, 0.18536364820352458, 0.6099370443634001, -0.5176651144167194, -3.0777389092107574, -0.06249274553313008
0.10574119099184157, 0.18578090976801354, 0.6098182323882153, -0.5184533852806743, -3.0775240609445134, -0.06274432051886923
0.10615499662809061, 0.18637196881292772, 0.6095609433133574, -0.5196035237341496, -3.0775009432628426, -0.062087113634690674
0.1066615663686854, 0.18721702015463135, 0.6092579486159191, -0.5211590992628844, -3.07728782351425, -0.06126703754513134
0.10728476292500146, 0.18810422296752907, 0.6088979073157107, -0.521957842807847, -3.0772895648876815, -0.060583838642008545
0.10805743772253676, 0.18899231771916292, 0.6085657759132371, -0.5239252469996097, -3.0770102073447796, -0.06022944228090571
0.10890919768112425, 0.1902766143286314, 0.6080501483692543, -0.5261899537221941, -3.0767683678366664, -0.05893247447745454
0.10986202146327889, 0.19152033325223633, 0.6076242869699996, -0.5282068470022698, -3.0764070122548954, -0.058672065943712305
0.1109722228199419, 0.19317493825791274, 0.60700210785186, -0.5311110334824931, -3.0761547828806597, -0.05744484441398193
0.11215856568718169, 0.19466582433818422, 0.606467996940788, -0.5343716313353493, -3.075676053556666, -0.05709240663649076
0.11349096309073156, 0.19660747371182363, 0.6057903397123229, -0.5378363685213076, -3.0751194493437524, -0.056304439899170604
0.11487794950702429, 0.19858373788429645, 0.6050847021869477, -0.5409122193169165, -3.074707894929616, -0.05537264397395566
0.11649135777543435, 0.2007484105023943, 0.6042617486797613, -0.5452758432809688, -3.0740418064558876, -0.05399328711488135
0.11814829708889925, 0.2030124193758605, 0.6034563404465415, -0.5491848960761351, -3.0735487637745735, -0.05298148202044494
0.11989281332576412, 0.20549911105453608, 0.6025524543764118, -0.5533199499014764, -3.0729189512347057, -0.051613331210622386
0.12180008251338409, 0.2080328933306822, 0.6016281893514521, -0.5584916758945583, -3.072198961859544, -0.05047941112526977
0.12378013666637548, 0.2108202700506343, 0.6005872635748993, -0.563344379640229, -3.071469935753919, -0.04886558918396237
0.12586286010532896, 0.21371426683197778, 0.5995516964498359, -0.5685122583625111, -3.0707648366971134, -0.04744053055567394
0.12810799907208223, 0.21679693272163342, 0.598392105400986, -0.5743809316015823, -3.0698992048434186, -0.04571385987416773
0.13034397852686785, 0.21986560617093262, 0.5973005038607667, -0.5798024412033027, -3.0690901222491394, -0.0442084990987343
0.13255856439752683, 0.22298751120543922, 0.5961637168099597, -0.5851837714196008, -3.0682515296849715, -0.04255693331678611
0.13483874681500604, 0.22613324878074686, 0.5949748687029088, -0.5911612935280692, -3.0673236028557542, -0.04062153304861594
0.13718341425937944, 0.22931119523735777, 0.5938014108060853, -0.5970390567527227, -3.0663641492488596, -0.0390226599833058
0.1394027019454714, 0.23247714090646954, 0.5926121375062343, -0.602441597405796, -3.0655087071484446, -0.03716789665601657
0.1416559969171172, 0.23553629245123325, 0.5914930901098372, -0.6082137739496725, -3.0645981305840575, -0.035554412915615334
0.1438947429479066, 0.2386396723820141, 0.5903741729825959, -0.6137755186975449, -3.0636822768140997, -0.03381834200371351
0.14614613474892546, 0.24180244026296477, 0.5892211748445787, -0.6197557519670878, -3.062643419804478, -0.03223884451997952
0.1484003161259848, 0.24481092651318595, 0.5881335903598385, -0.6251388822320948, -3.061785723943311, -0.030761319675248474
0.15063596379196487, 0.24801405002447854, 0.5869178614536132, -0.6305588772061657, -3.060894492129439, -0.028634072899506573
0.1528877631314839, 0.25106053887504814, 0.5858435505106934, -0.6365524190126463, -3.0598346716622187, -0.027397015976042157
0.15513562171502232, 0.2541825455280136, 0.5847017780178592, -0.642111605361675, -3.0588853786646504, -0.02567032048750366
0.1573997931464475, 0.25733320054139214, 0.5835328403778087, -0.6478366495353074, -3.057889133052055, -0.023938110493244655
0.15962954109762945, 0.2603810273408799, 0.5824408826999825, -0.6530390230368058, -3.0569766896039963, -0.0224079672621782
0.1618895156121489, 0.26355972462502036, 0.5812778944181349, -0.6591209230130382, -3.055853049475778, -0.02077247196181262
0.1642326712206962, 0.2667265506590275, 0.5800892123732004, -0.6649096840708258, -3.054878099976667, -0.018880768961901176
0.16645023444355192, 0.2698307006532991, 0.5789747675058765, -0.6705364821310289, -3.053793383262332, -0.017404134009890968
0.16875111417530697, 0.272960994983842, 0.5778073356896347, -0.6762541847831314, -3.05276328557652, -0.015516304605659604
0.17094092941828928, 0.27605772669202633, 0.5767273472282274, -0.681643104929382, -3.0517252137842052, -0.014275194444812818
0.1732288678225913, 0.2791700276669426, 0.5754966525052772, -0.6870236413688995, -3.0507344721285423, -0.011948007815036252
0.1755476432252707, 0.28240368009243483, 0.5743291239718308, -0.6928173994870599, -3.0496826500601255, -0.010402810391911635
0.17777801384865888, 0.2854976108625925, 0.5732080970075661, -0.6984760162857446, -3.04856890785829, -0.00869741152158673
0.1800582170068794, 0.28863706533208866, 0.5720322768004026, -0.7041312483570946, -3.0474257216748075, -0.006934735823550302
0.1822646788223721, 0.29170706094949034, 0.570937714614521, -0.709409627328294, -3.0464125786872667, -0.005580409760884008
0.18453604038942142, 0.2947720861839133, 0.569833199103027, -0.7154866291276064, -3.045195809077025, -0.003901462102243163
0.1868008878344386, 0.29795863314606313, 0.5686425204078223, -0.7210383881552745, -3.044022537812033, -0.0021257127359178415
0.18899265172162025, 0.30103451897544076, 0.567517041159072, -0.7261821939380717, -3.0430162993763354, -0.00047905883226642736
0.1913691049879176, 0.30424176129932123, 0.566367258381013, -0.732315608596111, -3.0417694903340067, 0.001094846067655338
0.1935349308759162, 0.3072499460903594, 0.5651735955158333, -0.7376208189461166, -3.040638332328587, 0.0032194605949579314
0.19555793683610903, 0.310066933736746, 0.5641947614742466, -0.7426276004655196, -3.039658494523868, 0.004695136163852289
0.19753665674963797, 0.3127696801760544, 0.5631514605279402, -0.7475187628683724, -3.038605131347922, 0.006357783103418173
0.19936686333801545, 0.3152487359299431, 0.5622729166789194, -0.7521344734492351, -3.0375533021543344, 0.007554628569700467
0.20108239987175627, 0.3176727692440824, 0.5613587114107463, -0.7563164541089413, -3.0367085237165528, 0.008927248963509049
0.20264164111309246, 0.3198643630194586, 0.5606210795493667, -0.760176714008885, -3.035839890043322, 0.00949308166598976
0.20414614007737292, 0.321981926149192, 0.5598359500969025, -0.7638274935657905, -3.0350759027155862, 0.01088964860701682
0.20553517961902423, 0.3238140140282639, 0.5591722665491772, -0.7673641287437082, -3.034267881909841, 0.01188813349973695
0.20685651934181426, 0.325673307903766, 0.5584448322490869, -0.7705411324911541, -3.0335577997568492, 0.012929841123829253
0.20800333984368308, 0.32727458515034286, 0.557874303014914, -0.7732877037248119, -3.0330187633787475, 0.013789064758323191
0.2090246726732373, 0.3286723564822093, 0.5573859115447793, -0.7758558138646576, -3.032477492906637, 0.014477741972397245
0.20995353341674358, 0.32996607005397505, 0.556891966786313, -0.7781608340364247, -3.0319777763016185, 0.015131900662239135
0.21077561632334355, 0.3311180420663488, 0.5564542160952122, -0.7800138043518842, -3.031541390419218, 0.01581912634557715
0.21144472474858464, 0.33207720828956494, 0.5561155762192359, -0.7817429134817103, -3.0311756446036275, 0.016456414392260168
0.2120352140592762, 0.3328796588772663, 0.5558415566396655, -0.7834499044132525, -3.030802165052882, 0.016626156581551154
0.21251474686867253, 0.3335073180343639, 0.5556353342894286, -0.7845754911433285, -3.030526494256429, 0.016846210449002162
0.21289347973830916, 0.3340061518627113, 0.5554618744326039, -0.7855969914758991, -3.030306338088627, 0.01695807235991899
0.21314623677762187, 0.3343614002568581, 0.5553029716835564, -0.7859864393192674, -3.030205172787916, 0.01734836172831038
0.2132621176244897, 0.33454189919406346, 0.5552418883669025, -0.7863358146367763, -3.0301215369268415, 0.01753555258646105
0.21330423967471895, 0.33458298244059953, 0.5552296688544333, -0.7864383318916263, -3.0300599324959845, 0.017439403606149255
0.21330400278879993, 0.3345742886047158, 0.5552475629346286, -0.786390214691359, -3.030099881768448, 0.017328591902618082
0.213309890735569, 0.3345859573592749, 0.5552249461850752, -0.7864565464191864, -3.0300546357927525, 0.01745869298175509
0.21331581557109186, 0.33458216634059784, 0.5552427069800353, -0.7864442215586811, -3.030084296742949, 0.017384429596135745
0.21331209833928577, 0.33459826391463626, 0.5552158268324843, -0.7864470022320141, -3.0300932571864103, 0.017498176710149048
0.2133177496652506, 0.33460498479024814, 0.5552234242123925, -0.7864443763158196, -3.0300819685919036, 0.017477880247665178
0.2133146556114164, 0.33457830048545234, 0.5552307621148892, -0.7864806112583117, -3.0300740554538512, 0.01742193780519007
0.2133243322615131, 0.33459093730473677, 0.555246814092028, -0.7865023249117815, -3.030082570203323, 0.01734792921694614
0.21330538401439436, 0.3345950912804383, 0.5552502494601222, -0.7864086276108214, -3.030094769408124, 0.017347549630177084
0.21331661159224663, 0.3345972331645182, 0.555223545635198, -0.7863930027905531, -3.0301084023292817, 0.017441711622009276
0.21332511888786343, 0.3345812746369382, 0.5552472241180637, -0.786553970956411, -3.0300579649454806, 0.017309301435693605
0.21333314338375917, 0.33458858936556146, 0.555231309258299, -0.7865205889055219, -3.0300767122950747, 0.017384917733856062
0.21333846829194317, 0.33462680251938826, 0.555108383284381, -0.7864665381101216, -3.0300776121753428, 0.017441597767807206
0.21334741025622317, 0.33463726535292515, 0.554675947062146, -0.786499568392344, -3.0300805564338993, 0.017575860520816007
0.21333285415365102, 0.3346078615187306, 0.554108246020174, -0.7865498603447709, -3.0300588130340538, 0.01759593947256153
0.21333668657183055, 0.33459705108544124, 0.5533599784768087, -0.7865587078039478, -3.030082472892083, 0.017732308172471237
0.2133410710096886, 0.33459990666739986, 0.5523643580214116, -0.7866383373841958, -3.0300500123454004, 0.0179610779242843
0.21332855605436163, 0.3346177052553018, 0.5511619746714588, -0.7865703433572863, -3.0300909854088127, 0.017874431443179236
0.21333281884052047, 0.33460670569606826, 0.5498382470665315, -0.7865349612068336, -3.030089633571059, 0.01767281906334337
0.21333108116216587, 0.33461646152404406, 0.5482804668874265, -0.7865639255723796, -3.030090994827934, 0.017753337816912976
0.21332960797722544, 0.3346024252034756, 0.5465095226121548, -0.7866476982203436, -3.03005544719946, 0.017815290532080707
0.21332959824694217, 0.33458820496551506, 0.5445992688110766, -0.786581300414227, -3.0300855352200973, 0.017374338802573032
0.2133243655239099, 0.3345811834141646, 0.5424044875288687, -0.7866003044958542, -3.0300534828914185, 0.017587720436523426
0.21332750884832952, 0.3345901967183076, 0.5400629545454733, -0.7864912511317113, -3.030100812553933, 0.01750334673820406
0.21333745145647706, 0.3346182148265636, 0.5374852347233389, -0.786591563272567, -3.030106904189257, 0.01749775753434961
0.2133454961364464, 0.33461741526540906, 0.5346554682727117, -0.7867736339869887, -3.0299515968075568, 0.017708859389568742
0.21333529164462733, 0.33460070406747194, 0.5316394428917756, -0.786639059631675, -3.0300492451107006, 0.01761136315898977
0.21334005577634282, 0.3346137548556892, 0.5284673197604473, -0.7866260123546511, -3.0300765052485445, 0.017644178964132937
0.21332877714015835, 0.33459514186843486, 0.5251204085844782, -0.7865979032839072, -3.030093246745672, 0.017375205154423798
0.21331305536039813, 0.3345731489512324, 0.5217413151240171, -0.7865936498568573, -3.0300576397718904, 0.01746162240006709
0.21332266700670338, 0.33458917904535096, 0.5186117308142711, -0.7865962735618939, -3.0300726975104233, 0.01737956447590125
0.21333526586136015, 0.33462810599068993, 0.5155935110036878, -0.786594932600014, -3.0300918356050266, 0.017616876238103856
0.21332797073743703, 0.33465046084881045, 0.5128340382645951, -0.7865739239780788, -3.030062074749718, 0.017511571179066522
0.2133352766983211, 0.3346390176353408, 0.5103089145982114, -0.7866312455736141, -3.0300671044165224, 0.017580119018777908
0.21331112470642952, 0.3346331854908978, 0.5077946196899783, -0.7866028641302624, -3.0300426029300813, 0.017755555942048345
0.21332385954687227, 0.3346355299490758, 0.5056549815086985, -0.7865864173868442, -3.030028681636869, 0.017742223367014327
0.21331918835489094, 0.3346126298290083, 0.5036809695263861, -0.7865193838936332, -3.0300708434667176, 0.017919937897224136
0.2133256927095224, 0.334631018882021, 0.5019852650194465, -0.7865553693384223, -3.030083100177345, 0.0177028802503715
0.2133196297924225, 0.334643225695748, 0.5004027526072905, -0.7864956707448975, -3.0300456852968236, 0.01789220080302224
0.2133306230045144, 0.3346254034565158, 0.49905635330668796, -0.786611852272944, -3.0300407109063356, 0.01787996015440253
0.21333247922756512, 0.3346304729420641, 0.4979512325784237, -0.786617351171153, -3.030156421906083, 0.017609637499136896
0.2133262937378037, 0.33460028485191573, 0.49698963569102483, -0.7865943838413545, -3.030190032675054, 0.017820840182004926
0.2133323518204043, 0.3346251270942743, 0.49622328642567626, -0.7866621447729312, -3.0300580597098734, 0.01774170487045825
0.21332548494800396, 0.33462573407936996, 0.49564292016778777, -0.7865557775844444, -3.0301092785438497, 0.0179698667537852
0.21333374329637986, 0.33460785283530553, 0.4953416304141144, -0.7864744626020505, -3.030129138845635, 0.017651175989382876
0.21334034235139157, 0.3346183944087072, 0.49519581815792957, -0.786651355583436, -3.0301227703883757, 0.017636430794801514
0.21333853660242494, 0.33460746513849815, 0.495204938115001, -0.7865701541248279, -3.03010736490835, 0.017596362436789192
0.21331894519851483, 0.33460946826766275, 0.4951978754317375, -0.7865493733867062, -3.030100860392381, 0.017597116967260885
0.2133241377245421, 0.33460236728568704, 0.4951990391904205, -0.7865436831332242, -3.0300783911393205, 0.017557226457584285
0.21333153426765628, 0.3345998451943526, 0.49519443721066614, -0.7865706064283475, -3.0301085367815506, 0.017559282202489198
0.21332894174665795, 0.3346071263173885, 0.4951955786924175, -0.7864980022091138, -3.0301272339996186, 0.017559073265255604
0.2133393599184489, 0.33461025593389065, 0.4951853777333359, -0.7865886473975076, -3.0301022925822014, 0.017615121977148897
0.2133299731622967, 0.33460226947212557, 0.495179649061917, -0.7865288722703777, -3.0300939928068513, 0.01757628684455076
0.2133277144525671, 0.33460696052797534, 0.4951671764949819, -0.7865494534123503, -3.0300992968935714, 0.01765191024103423
0.2133197230521429, 0.3346118926879269, 0.49519323851104025, -0.7864595208419933, -3.0301265321281123, 0.01750262085543242
0.21333441721066115, 0.3346095197172459, 0.49518411966287124, -0.7866080047516769, -3.0301001172285305, 0.01752220226720465
0.21333746885680155, 0.3346198914002336, 0.49517619917146116, -0.7866262653106595, -3.030095016545175, 0.01754020979247808
0.21333067067961695, 0.33460054881999307, 0.49520476258362817, -0.7865506024775737, -3.0301043111797683, 0.01744582756205899
0.2133358606043335, 0.33459368113414595, 0.49518550234194875, -0.7866351284491921, -3.0300552602139814, 0.01753773881549946
0.213337938714293, 0.33458524824626745, 0.4951967717397755, -0.7866652394747716, -3.030098970152538, 0.01746612038309501
0.21332791340413473, 0.33460348721842176, 0.4951831809984144, -0.7864989859993794, -3.030128716342757, 0.017501648316561993
0.21333474877833147, 0.3345866265064232, 0.49520700732857015, -0.7865773367678457, -3.030134439755775, 0.017447878779286056
0.21334168949928642, 0.33460180040935955, 0.49518525887740406, -0.7865535297619103, -3.0301148386947934, 0.017483436168807674
0.21332428877707063, 0.33460347495028286, 0.4951954475496749, -0.7865206158257736, -3.0301375770245915, 0.017428827505951712
0.21333718317206385, 0.33460645317962506, 0.495170230868386, -0.7865874165824438, -3.030093485102825, 0.01750252928935458
0.21333626208614365, 0.3346034154014219, 0.49517255995045945, -0.7866414659690533, -3.0300785862250454, 0.01754013278250506
0.2133335009396893, 0.3346025311210866, 0.4951738114188141, -0.7866474875278464, -3.030102952394873, 0.01750373494130915
0.21333882326396433, 0.3345996815514067, 0.495192242803006, -0.786584610478945, -3.030083584860688, 0.017425512949996978
0.21333408542363724, 0.3345998465890542, 0.4951727304159143, -0.7865841156718286, -3.0300813854690514, 0.017519707548192258
0.21333356531789766, 0.3345978625399904, 0.49520228561010476, -0.7865666206177003, -3.0300892565277797, 0.01738906418330048
0.21332877718365384, 0.3346018725170804, 0.4951832180168298, -0.7865267411196237, -3.0300843540776703, 0.017499493495956798
0.21333238352129166, 0.33459778574198246, 0.49517933843444184, -0.7865635501584338, -3.030075844693287, 0.017463693478694156
0.21334357778376736, 0.33459575806210395, 0.4951911123877414, -0.7866055586142157, -3.030089990703807, 0.017444777033861266
0.21334282862190082, 0.33459337987954335, 0.49517160006650507, -0.7866777005678883, -3.0300690713733416, 0.017539180159041063
0.21332018146400142, 0.334605043788551, 0.4951923032775485, -0.786508238783585, -3.0300892546268186, 0.017500545998247515
0.2133349295832571, 0.3345985963206694, 0.4952033913027177, -0.7865697366265915, -3.0301013897688653, 0.01737113797539721
0.2133328906203356, 0.33459567890858494, 0.4951943664954901, -0.7865661839245565, -3.0300878689883732, 0.017445007624093192
0.21333584321515592, 0.33460181909063347, 0.49518654739179196, -0.7866421119988517, -3.030080955013365, 0.017445401401492297
0.21334062050479727, 0.33459324800981866, 0.49521366395111377, -0.786618164234431, -3.0300644452612566, 0.017350947428892486
0.213336768600991, 0.3345928464639463, 0.4951770901613626, -0.7865660151162025, -3.0300863424093003, 0.017501495022224076
0.21334052041992296, 0.3346054592309719, 0.4951829546462796, -0.786584751334783, -3.0300830904862845, 0.017444909817287323
0.21334106797828487, 0.33459504223191033, 0.49517274268654776, -0.7865086686579108, -3.0300881168355964, 0.01751816305723013
0.21333436814134354, 0.3346007956151312, 0.49516816538403013, -0.7865661899073068, -3.0300860139270838, 0.01751960656070996
0.21333302763294834, 0.3346040575181454, 0.4951555480470578, -0.7865418560255169, -3.030065524565814, 0.01759340464268959
0.21334314783299405, 0.3345944242549632, 0.4951727180356357, -0.7866052261764531, -3.030088127159092, 0.017520118283286906
0.2133471763806684, 0.33459185554972243, 0.4951727180356357, -0.7866234507170518, -3.0300833270298018, 0.017520014070641462
0.2133434764482407, 0.33460309894449347, 0.4951770565540592, -0.7865819616698723, -3.030070882764897, 0.017463383137409614
0.21332605396695503, 0.3346010444573296, 0.49516682974658677, -0.7865147279895371, -3.030111859885835, 0.017521178856337048
0.21334022863966, 0.3345920139088828, 0.4952011798208159, -0.786617879515791, -3.0300630622119016, 0.01740689297727375
0.2133386808228283, 0.3345908005189514, 0.4951714318361699, -0.7866145397985791, -3.03004860920577, 0.017518810689554732
0.21334216320599633, 0.33458733556499326, 0.49516341879534953, -0.7866076647850102, -3.0300983883963264, 0.01757827621831204
0.21333642468156966, 0.3345955756338963, 0.4951761450190035, -0.7865443204894316, -3.030078556793891, 0.01753796821680672
0.21333935642135668, 0.33457682069401184, 0.49518978137778946, -0.786596319782532, -3.030054010477748, 0.017481197546229895
0.21334719858907134, 0.3345880371482632, 0.49517250039336286, -0.7866265318241709, -3.0300954614959608, 0.01750283535181056
0.21333535855274535, 0.33458410907851216, 0.49518746008471576, -0.7865145582872808, -3.0301134205381297, 0.017445214644074912
0.21332872599635772, 0.33458537541448824, 0.4951968420134099, -0.7865630735777457, -3.030076368682065, 0.017443546833910764
0.21334272858387188, 0.3346007240244954, 0.49515777151309176, -0.7866541058933644, -3.0300499815239714, 0.01755704044670531
0.213324149575522, 0.33459386447893075, 0.49517048412670966, -0.7864663755462575, -3.030074658236251, 0.01751714384957641
0.21334237640127332, 0.3345831882277319, 0.49518182542970024, -0.7865630685216649, -3.030075029099319, 0.01748096840838317
0.21333518050455075, 0.3346036305297827, 0.49516688934275477, -0.7865293149028529, -3.0300943867291585, 0.01755743714342787
0.213340437206089, 0.33459276917724173, 0.49518502146395527, -0.7866544561221418, -3.030052785649796, 0.01744514862912838
0.21333940198340764, 0.3345979419343162, 0.49516815300379785, -0.7865506368043965, -3.0301022723822006, 0.017520016376078914
0.213347139908794, 0.33459176019395975, 0.4951670350346674, -0.7866414831790645, -3.030078241826145, 0.017538766633775273
0.21334471207333416, 0.33459105436828795, 0.4951747734138442, -0.7866001176018443, -3.0300661217463887, 0.017463280153432095
0.2133420748852284, 0.33458682183415545, 0.49517834141127354, -0.7866265920272828, -3.0300965999422904, 0.017465000645309484
0.21333707584282707, 0.3345977061549693, 0.4951784256888639, -0.7865631595050391, -3.030074788031819, 0.017500033937489598
0.21332730066453873, 0.33459303445498073, 0.495176130155493, -0.7866204606042428, -3.0300727182599902, 0.017501475898630242
0.21334420484141503, 0.3345902984028534, 0.49517248816158077, -0.7866111976333876, -3.0301118157349682, 0.017503653887102937
0.2133350429598595, 0.3346029796612822, 0.49517608440147387, -0.7865301107463807, -3.030096744013261, 0.017463454556677263
0.2133420536107045, 0.3345985396423074, 0.49514985265647987, -0.7865990755061769, -3.0300625566147388, 0.01761267121656912
0.21334511015829663, 0.3345964725560233, 0.4951612310327356, -0.7865963931409455, -3.0300516327724196, 0.017574442829753654
0.21334074701276562, 0.3345861832358505, 0.4951829187867431, -0.7866235208283551, -3.0300849261927367, 0.01746427701880781
0.2133344541745264, 0.3345895375137179, 0.4951760931761496, -0.7865382265066911, -3.0301307435982556, 0.017502905318038307
0.2133346887391279, 0.3345934644157687, 0.49517711483850585, -0.7865602056069213, -3.0300631184896125, 0.01750005903645426
0.21333567342837922, 0.33458906237647124, 0.4951829311671576, -0.7865662221257957, -3.030087305659057, 0.017463453455568528
0.21330834522757217, 0.3345985016549453, 0.49515583584491146, -0.7870085734782634, -3.0300029891192106, 0.01780669108342349
0.21331092833021298, 0.3346197103400573, 0.4951490693685403, -0.7869571627700856, -3.0300277162912943, 0.017844604108475777
0.21330935624552128, 0.33459727240723247, 0.49517883136656016, -0.7871095361456107, -3.029941785045506, 0.01772961877701487
0.21331227470894867, 0.3346079524352087, 0.4951638349950607, -0.7870116074889127, -3.0300150787388302, 0.017788758387525208
0.2133108600603377, 0.3346185718237165, 0.49516048429532866, -0.7870733754581521, -3.029949235156373, 0.017804959529634835
0.2133099479113758, 0.3345995303843158, 0.4951432316267985, -0.7869993634401029, -3.029966078949005, 0.017879674354440975
0.21331292101922358, 0.33461399185932067, 0.4951604684504775, -0.7870273205667496, -3.029998693672096, 0.017787400754758535
0.21331619067476687, 0.33459273129161154, 0.49517767656213824, -0.787044825268516, -3.029994821878147, 0.017749786955640803
0.2133187889758641, 0.3346053950689529, 0.4951545469141034, -0.7871338431913402, -3.029958893770363, 0.017787647910038448
0.21332499344715744, 0.33461039214834004, 0.49516614235425416, -0.7871516456144565, -3.0299540899402873, 0.017787538692270056
0.21331219540000412, 0.3346116658673247, 0.4951465952868644, -0.7870998597800943, -3.0299781216540764, 0.017863902631439298
0.21331951711828093, 0.33461262970720146, 0.49514540367380216, -0.7871244617402614, -3.029998001578885, 0.017808542943898283
0.21331339596284674, 0.3346072292881768, 0.49515344149509616, -0.7870944270285588, -3.0299561914752027, 0.017805578103271828
0.21332562776898203, 0.33459635384021663, 0.49516730678977, -0.7870779836907413, -3.0299722672397054, 0.017805559185048194
0.21331163141450538, 0.33460130920155023, 0.49514545472649585, -0.7870753441430763, -3.0299600807102616, 0.01784351399786064
0.21331709270560967, 0.33460357456564993, 0.4951522790116437, -0.787075569659738, -3.029960343017109, 0.017824656328458192
0.2133091031795513, 0.33460851143022036, 0.49517856744558814, -0.7870402329506423, -3.02997362961141, 0.017674931828682627
0.21333462974202622, 0.33461081834177675, 0.49515139771604855, -0.7871699394458666, -3.0299482397456288, 0.01782378308722754
0.21332493212962161, 0.3346024290429864, 0.4951661153183938, -0.7870663189545413, -3.0300017083552513, 0.017750408047667435
0.21331080422387097, 0.3346030194668781, 0.4951511005910721, -0.7870479974103569, -3.0300048165405973, 0.017827012289508577
0.21330684518108373, 0.3346096910417028, 0.49515704675736083, -0.7870086619187432, -3.030002571294459, 0.017825546029543893
0.21331504504094934, 0.33459274874835876, 0.4951604130963496, -0.7871151909496642, -3.029963088280563, 0.017806188840993088
0.21331934150445936, 0.33460725120441, 0.4951453721024831, -0.7871160616087015, -3.0299635100476423, 0.017788295281090914
0.21331587060651747, 0.33461198343721704, 0.4951398306657437, -0.7870596551295856, -3.02997446687296, 0.01791871827514111
0.21331317497749783, 0.3346064331937396, 0.4951695547413931, -0.7870209664256581, -3.0299758883831602, 0.017767857703637126
0.21330681709979155, 0.33461326939731756, 0.49516613989081865, -0.7869879744563242, -3.0299976031952274, 0.01774939249301898
0.2133110652451746, 0.3345915973534798, 0.4951658782086223, -0.787008594690244, -3.030003778170299, 0.01776993254725495
0.2133137483646544, 0.3346122816498678, 0.49515482261062016, -0.7870365900581964, -3.0299585844313843, 0.017803799182868257
0.21330523953143304, 0.33460419465182806, 0.49517183585857816, -0.7870085656974176, -3.0300035052003733, 0.017788245225126648
0.2133147554960702, 0.3346118717818539, 0.49514890010105245, -0.7870756167512853, -3.029960524075705, 0.0178241195047012
0.21331749913887946, 0.3346048557760036, 0.4951650344453906, -0.7870577878768447, -3.029966388680758, 0.017767115141953456
0.2133137103690015, 0.3346121822205217, 0.49514891248092274, -0.787036543738895, -3.029958106489467, 0.01782319454866587
0.2133192162202703, 0.33460696141705043, 0.4951525176201235, -0.7870237361024727, -3.029985518571268, 0.017842963944603597
0.21331198726021114, 0.33461091179174235, 0.4951627532001604, -0.7870083296855078, -3.0300024625155304, 0.01782533391640858
0.21332088774129668, 0.33459664208723494, 0.4951537057485658, -0.787059277553006, -3.029975223456663, 0.01788025678946151
0.2133101454401093, 0.33461700371121444, 0.49514429810653776, -0.787048230356907, -3.0300049823118482, 0.017826476363235647
0.21330612954766462, 0.3346110429846116, 0.4951581767616028, -0.7870240451036364, -3.0299868545529716, 0.0178062907201524
0.21332455901068972, 0.3346051556411487, 0.495153623148475, -0.7870448659673343, -3.0299927805204616, 0.017824925449255104
0.2133126767117464, 0.33460946122760993, 0.4951559403330703, -0.7870475230993378, -3.0300038648993612, 0.017863557332478863
0.21331781863404248, 0.33460221950969216, 0.49515114888561623, -0.7870602156299623, -3.0299761751671435, 0.017843918949522652
0.21331390516711982, 0.3346014460226389, 0.4951536935171771, -0.787044339445752, -3.029991620006003, 0.017881280881264658
0.21332895167150404, 0.334603996189585, 0.4951398184345168, -0.787117035007705, -3.0299716554104097, 0.017919118771176325
0.21331727120590202, 0.334616494425161, 0.49516162204597086, -0.7870425076499796, -3.0299823639876786, 0.017786585787648457
0.21331041571611326, 0.3346093661251504, 0.49514774631143826, -0.7870243046280203, -3.0299862216771123, 0.017824735389688692
0.21331119307876692, 0.3346081673728437, 0.4951581645301286, -0.7870451591361781, -3.0299936050831975, 0.01780689768264442
0.2133073104441767, 0.33459880900712335, 0.4951558480763635, -0.7870790758531003, -3.029972652977108, 0.017806398385812088
0.21331281457653994, 0.3346092016194227, 0.49515710739867574, -0.7870360384202247, -3.029957634396103, 0.017841836963434565
0.21332459486271996, 0.33461674203935227, 0.4951627880980098, -0.7870910464324238, -3.0299448187657956, 0.017785043987532268
0.21332289550832959, 0.3346157435017893, 0.49513182959255253, -0.7870630287472639, -3.0299858315003942, 0.017919226706492184
0.21332301856672725, 0.33460826273053074, 0.4951604439040725, -0.7870874747641907, -3.030007731369028, 0.01778872636424571
0.21332018090533755, 0.3346062315928783, 0.4951615626392931, -0.7871000999998252, -3.0299808269089006, 0.017750105790075195
0.21331810844316312, 0.3345993050426918, 0.49515227541512613, -0.787063472374816, -3.02998869476187, 0.017806590753379356
0.21332223294179556, 0.3346049199568479, 0.49516389557136636, -0.7870754650124677, -3.0299606673577992, 0.017805051427743367
0.21333349261666412, 0.33461479994538934, 0.495134125523312, -0.7871088411874657, -3.029937064366491, 0.017898117997559942
0.21331482474131272, 0.3346044804967353, 0.4951511366542336, -0.7870448822156798, -3.0299925333956077, 0.017844734570967323
0.21331801054357652, 0.334615196182295, 0.4951661301226911, -0.7869725687534913, -3.0300124918699343, 0.017787626583370218
0.21331574648390453, 0.33461533206751026, 0.495137513392022, -0.7870753575912096, -3.029959103199194, 0.017880810760147588
0.2133224965460817, 0.33460190687312347, 0.49515933925911476, -0.7870787059157583, -3.0299728427303436, 0.017786379974209923
0.21332284780997363, 0.33460327434747633, 0.4951454897849824, -0.7870961287076818, -3.0299658492794332, 0.017881214968714507
0.21330282323338376, 0.33460822608190294, 0.4951567833954685, -0.7870851683814217, -3.029996053718746, 0.017808987128402183
0.21331942033261506, 0.33460848524626774, 0.4951638341118121, -0.7870172208402122, -3.0300376898316044, 0.017808629510137237
0.21330910769522093, 0.3345972421308472, 0.49516038852409955, -0.78704785693575, -3.0300053103255515, 0.017807615069420066
0.21331702124573948, 0.3346080584528636, 0.4951627408593967, -0.7870292920804728, -3.0300093762063955, 0.017825949537430757
0.213330009365651, 0.3346159536601174, 0.4951467958832167, -0.7871425253534605, -3.0299925832697197, 0.01782613361800894
0.21331031763607058, 0.3345976839186325, 0.4951570925091367, -0.7870134801998698, -3.030024334164843, 0.01788270758493836
0.21331850241298234, 0.33459686361132884, 0.4951499828318664, -0.7871021449442646, -3.029990166244297, 0.01784555574542143
0.21331228298782273, 0.33460822148823327, 0.49514322978585107, -0.7870841120702295, -3.029993026499331, 0.017920459955102212
0.21331234385456396, 0.3345996362994965, 0.4951708391914446, -0.7870428527243084, -3.0299843053777513, 0.017711249088406565
0.21331778979511318, 0.3346146184483178, 0.4951318059946057, -0.7870449674802648, -3.0299911192553295, 0.017900684198636618
0.21332802686680974, 0.33459678053429476, 0.49516840000314905, -0.7870839902196322, -3.029995954865199, 0.01778834248494
0.21331186867340554, 0.33461816584506043, 0.4951547891106829, -0.7870028579183671, -3.0299792271865096, 0.017823907882926433
0.2133139605729827, 0.33460977600012926, 0.4951661031126721, -0.7870514147794475, -3.030018233067796, 0.01775163641931432
0.21331666077277045, 0.3346108266324641, 0.49515029355158063, -0.7871173944564717, -3.0299724324117174, 0.017900345239898745
0.21331511945158257, 0.3345929433661205, 0.4951720059973765, -0.7870418898503763, -3.0299828083980804, 0.017767725160137242
0.2133120693153516, 0.33460356213450637, 0.4951650344792503, -0.7870502724156959, -3.0300158940343334, 0.017845617332995698
0.2133169873926046, 0.3346043265462639, 0.4951420998863697, -0.7870314545950388, -3.0300181404615274, 0.017939298490162747
0.2133254885599888, 0.3346169252480339, 0.4951411860558206, -0.787068373353139, -3.0300085823460807, 0.017938553677764545
0.2133256432563642, 0.3346013044652169, 0.49514433528755564, -0.7871415087015522, -3.0299907261342707, 0.017902214401517874
0.21331630426452064, 0.334601872853951, 0.495154786704675, -0.7870684222100752, -3.030010682079954, 0.017864166581264874
0.21331855242248698, 0.3346218219668184, 0.4951468564912565, -0.7870531475661519, -3.03002564766109, 0.017920932064902206
0.21330665672672106, 0.3346213041799124, 0.4951536344120431, -0.7869935611790442, -3.03001849902095, 0.017845015460485086
0.21331798776096753, 0.3346036516455519, 0.49515700989648076, -0.7870352186750517, -3.030032623755623, 0.01782738270743199
0.2133128268320813, 0.33459774874700743, 0.4951534424585009, -0.7870444998873997, -3.0299920849018687, 0.017863380289825415
0.21331403066906776, 0.3346101985004487, 0.49515704587419773, -0.7870325325733675, -3.030020508741729, 0.017845518422506344
0.21331830773827642, 0.3346125098315166, 0.4951468338881482, -0.7870476299750282, -3.0300032592665045, 0.017882002767040328
0.21332103345595604, 0.3346064365744171, 0.4951397334497011, -0.787114121391859, -3.030035185850239, 0.017904571642311146
0.21331739605706612, 0.33462184115851734, 0.4951295932498776, -0.7870135751090441, -3.0300219224386717, 0.017976700863813175
0.21331692089110144, 0.3345877444047752, 0.4951618153570845, -0.7870497587008332, -3.030015272237377, 0.017863105996675257
0.21332228554961719, 0.33458993032902884, 0.49515118245904965, -0.787141137017949, -3.0299907567536293, 0.01790221123974042
0.21331965383259152, 0.3346007519788395, 0.49516159943654836, -0.7870474815687782, -3.0300045917841407, 0.017825846329906803
0.21332668364431467, 0.33460490215686706, 0.4951386761945927, -0.7870863462081374, -3.0300038458192797, 0.017939198289981424
0.21330700583929024, 0.3346064377564787, 0.4951650466849104, -0.787084113063385, -3.0299950805291416, 0.017845322813322084
0.2133079296275541, 0.3346058399722128, 0.4951477589086465, -0.7870319114652939, -3.030019300853551, 0.01790241636394299
0.2133187327376557, 0.3345977136129733, 0.4951639289382039, -0.7871203299026578, -3.0299848779713336, 0.017863556544678475
0.2133197802407919, 0.3346059931518565, 0.4951559036332665, -0.787129220700281, -3.0300198231181956, 0.017865907669730997
0.21331842627065045, 0.3346052558821133, 0.49515479807931734, -0.7870531013567549, -3.0300264946744906, 0.017883429241001066
0.2133220107678667, 0.3345971778756341, 0.4951626568131952, -0.7871111342067644, -3.030026344920926, 0.017791003609288803
0.21331523149288012, 0.3346020808023784, 0.49514888883424685, -0.7871023626150216, -3.029989212548608, 0.017883060725392464
0.21331522592596047, 0.33459817556612054, 0.49515453565848244, -0.7870505055955018, -3.0300157727946497, 0.017846163057672552
0.21332568127016047, 0.3346014039480632, 0.49515024536219543, -0.7870866011018882, -3.030005268058321, 0.017882506180707785
0.21331335736907794, 0.3345917386011748, 0.49518566413552717, -0.7870684278591126, -3.03001303280559, 0.01777017101317655
0.21332204822533568, 0.33460508717257786, 0.49515704587419773, -0.7870142064384977, -3.03002491870225, 0.01784500139445992
0.2133137114954631, 0.334609153875484, 0.4951559281275127, -0.7870504131555224, -3.030015419204894, 0.01786426865609119
0.21331619622935002, 0.3346013511373791, 0.4951579336867749, -0.7870691805930687, -3.030012555688287, 0.017789577589029902
0.21331335578553356, 0.3346080136333587, 0.49514912764155083, -0.7870320940008695, -3.030019121471625, 0.01790146303077392
0.21331662902222454, 0.33460682272757997, 0.4951502575676856, -0.7870109281374404, -3.030012618527931, 0.017881793313285144
0.21331993914830594, 0.33459806474165543, 0.4951420761576143, -0.7870863569680421, -3.0300044757837252, 0.017920755628201477
0.21332670775271373, 0.3345886013438108, 0.49516389299752933, -0.7871596495181843, -3.0299873537606055, 0.01784541452944636
0.21331029000423585, 0.33461762106976395, 0.4951468338881482, -0.7870113629740252, -3.0300128196289804, 0.01788220960858204
0.21331594435648601, 0.33460436494823637, 0.49516271720929467, -0.7870113771810747, -3.0300144851597914, 0.01780719998953951
0.213314415777891, 0.334595427302599, 0.4951741407379006, -0.7870500978084954, -3.0300162384864473, 0.017826760437166897
0.2133054726288225, 0.33460104956294967, 0.49517309923717606, -0.7870299210983662, -3.0300115136570356, 0.017751026203470403
0.2133274491565029, 0.33461574789465903, 0.4951444911721562, -0.7870749354091393, -3.030033682162007, 0.017865395163833123
0.21331235753449185, 0.3346084165898568, 0.4951548225993842, -0.7869927332447165, -3.0300173706754, 0.017881893924127874
0.2133109615232358, 0.33460367847302414, 0.4951536811765354, -0.7869926989688749, -3.0300173900622425, 0.01788189464122601
0.21331331777146004, 0.3346079141358339, 0.49514321758045227, -0.7870501243034494, -3.0300140175072965, 0.01792096154827961
0.21331328607679315, 0.3346039102571224, 0.49514318155031545, -0.7871081605486312, -3.0300121078358293, 0.017903345588039424
0.2133230915424236, 0.33460845361334685, 0.49517180954355156, -0.7870694876816378, -3.0300132762061205, 0.017751324082208676
0.21332573792284812, 0.33461386639335816, 0.4951363578118905, -0.7870716043615842, -3.0300207215508697, 0.017921374266245273
0.2133484824599419, 0.33474784023628174, 0.49493905770641844, -0.787015720774366, -3.0299385105556498, 0.01877958671335916
0.21349574143549624, 0.3352011285242651, 0.49378950567865315, -0.7871162692644263, -3.0299626355453513, 0.0233851697230837
0.2136156480369064, 0.33542699533957854, 0.49334572209744326, -0.7872097497999598, -3.030476329942774, 0.02538985962269162
0.21380993444951896, 0.33546195488510455, 0.49328092493872255, -0.7877145002164521, -3.0321988342091943, 0.025557313654497472
0.21391820618446464, 0.3356263309342904, 0.4935569165581763, -0.7877470675255523, -3.033190401488122, 0.021878441753346148
0.21392733780557313, 0.335613958289228, 0.4935830786317737, -0.7877869403971366, -3.033271850994515, 0.021696072623714643
0.21392961090576196, 0.3356423814105577, 0.49356334967729276, -0.787779330394187, -3.0333135034704295, 0.02162382273934557
0.2139407033845601, 0.3356403945941177, 0.49357020361827436, -0.7877437491475754, -3.0334004540715536, 0.021495692324267617
0.2139499520245622, 0.3356479400294673, 0.49357337834422393, -0.7877678777816348, -3.033419331579031, 0.02147916046623116
0.2139418900456674, 0.3356527876931418, 0.49358812444528855, -0.7877326543120491, -3.0334318157541706, 0.021366546516594566
0.213946581354663, 0.335668958967189, 0.4935563027346176, -0.7877318267770391, -3.0334279519189096, 0.021515898498544742
0.21395345912680544, 0.33565863863809137, 0.4935562444855171, -0.7876410250021255, -3.0336102455632203, 0.021581796779294875
0.21397263585396073, 0.3356493462720486, 0.493540294253142, -0.7876895875394987, -3.0337296184152986, 0.021721064801567044
0.21395755517380735, 0.335654589921711, 0.49351849141627646, -0.787684052191788, -3.0337059462528653, 0.021757360755110113
0.21396950848290636, 0.3356712406601336, 0.4935068704888637, -0.7876716048322082, -3.0337326402194065, 0.02179670811704175
0.2139750126373142, 0.3356739458445869, 0.4935048501963804, -0.7877253472216064, -3.0337165897820912, 0.021871451524456256
0.2139683910468551, 0.3356589449889963, 0.49352074931664525, -0.7877566304692611, -3.033687079047148, 0.02175735876317177
0.2139702367195218, 0.33565751407103406, 0.49353098679619095, -0.787726122593677, -3.033720013361628, 0.021740011685294398
0.21396213746663797, 0.33567032102319455, 0.49350806593406327, -0.787701397974512, -3.0336988325912326, 0.02185226901946209
0.21396883634130556, 0.33567271229697754, 0.49351367811794056, -0.7877237320777397, -3.033708094625131, 0.02175884459938072
0.21395092753788006, 0.3356647335008605, 0.49350487539103144, -0.7875920157373371, -3.0337265609780304, 0.02187005551626758
0.21396758881107739, 0.3356772002935474, 0.4935068759867559, -0.7876926234353139, -3.0337393173440312, 0.02181631707519637
0.2139540756642001, 0.3356712162548209, 0.49353434045337125, -0.7876147903017934, -3.0337384034022654, 0.021683412924099837
0.2139719957230103, 0.33567190909478334, 0.4935195657901272, -0.7876415743830849, -3.0337665491941346, 0.021741277329594747
0.21397018109252797, 0.33565366920940765, 0.4935105354880086, -0.7876733666644736, -3.033742750234364, 0.021853311090116956
0.21396084014828515, 0.3356580168560356, 0.49353554228331514, -0.7877079729683877, -3.0337254876494013, 0.021721544776340678
0.213973915379729, 0.33566628515949143, 0.49350463211670387, -0.7877286555027052, -3.0337292606252846, 0.021834850654654115
0.2139661165701075, 0.33567123564741314, 0.493511463984797, -0.7876081522832605, -3.033711779642376, 0.021794307757508728
0.21396104134725377, 0.3356748631406506, 0.49353328961173587, -0.7876899298826113, -3.0337297301115522, 0.021740282181790933
0.21394598008050092, 0.33568011772670847, 0.49352322073692856, -0.7875752195616128, -3.033734899724327, 0.021738079139763954
0.21395561051803977, 0.33567285319703327, 0.493499124358087, -0.7875985992877843, -3.033750760864522, 0.021833439403130216
0.21396502937262435, 0.335659903931881, 0.49350825721458136, -0.7876863851932637, -3.033716041641235, 0.021813968491709336
0.2139523354051285, 0.3356655875567495, 0.4935116667405438, -0.7875952340483009, -3.033739188622286, 0.02183345072499784
0.21396416652184463, 0.33565679513592667, 0.4935366655258713, -0.787650810807554, -3.033728138304399, 0.021701806899183957
0.21396300330181564, 0.33567757727060904, 0.4935309426857272, -0.787656884102082, -3.033751687480963, 0.021703544796349113
0.21396612416641503, 0.3356800706110274, 0.49348869280652363, -0.7876861530728527, -3.033713665383798, 0.021908952175113267
0.21395469013018364, 0.33568130869997165, 0.49349894907891134, -0.7876257597966417, -3.0337057036126276, 0.021870213717374683
0.21395515230746065, 0.3356788653854748, 0.4935228247555431, -0.7875751092342627, -3.033733997646892, 0.02175796824968992
0.2139546732462957, 0.3356609512602278, 0.4935241896327129, -0.7876112021156291, -3.0337246345094706, 0.021757220056184547
0.2139667030162169, 0.3356655748733946, 0.4935048168049266, -0.7877050362835597, -3.033711319161794, 0.021814039763276064
0.21396018524286847, 0.33568442146685584, 0.4935091062828471, -0.7876021223579682, -3.0337638075749505, 0.02177891069912808
0.2139636222851069, 0.33566773077682055, 0.4935117313033521, -0.7877067746802503, -3.033721602846672, 0.021871651670911974
0.2139597479740776, 0.3356744631173409, 0.49349896385473513, -0.7876318731111113, -3.0337292471260766, 0.02185212561687788
0.21395721963341052, 0.33567451974501467, 0.49350804166876416, -0.7876190798318907, -3.0337572758062152, 0.021854399152971216
0.2139644863775012, 0.3356578422427219, 0.4935377807462627, -0.7877419249912635, -3.0337054454617367, 0.021683478816306445
0.21396923121828265, 0.3356657357385463, 0.4935194427471138, -0.7876984378809657, -3.0336879464207986, 0.021813923695133804
0.2139777243773351, 0.33566658661049753, 0.49352983558087404, -0.787726358956454, -3.0337203416392904, 0.021721206447531963
0.21395262409559035, 0.3356741296287077, 0.49351620182273515, -0.7876448986507666, -3.0337034521929573, 0.021775439382942678
0.21395570863957125, 0.33566531653708254, 0.4935218184963476, -0.7876051119720823, -3.0337768844653397, 0.021722879196128992
0.2139638797203436, 0.33567226878241213, 0.4935162444321172, -0.7876139893717591, -3.033735143304104, 0.021795160496353574
0.2139554636599474, 0.3356722793270175, 0.4935209742229297, -0.7876533805036405, -3.033738259966838, 0.021776879889713722
0.21396394022365636, 0.33568480701819725, 0.49350824014810213, -0.7876351353215564, -3.033741739072698, 0.021814765155146448
0.2139601106809333, 0.3356756275885099, 0.4935057633821858, -0.7876687647111413, -3.033720877467066, 0.021814922454063482
0.2139627053404496, 0.3356643842552957, 0.49351616390487385, -0.7876534675519873, -3.0337384685666993, 0.021758687902617153
0.21395922680975968, 0.3356773959929328, 0.4935114236494472, -0.7875864621874066, -3.0337795183655163, 0.021798238132834286
0.21395309235939072, 0.3356768612721206, 0.4934966729229211, -0.7876372341252471, -3.0337518287412877, 0.021891947593988135
0.21397090508605532, 0.33567598162990026, 0.4935079992304582, -0.7876716391837347, -3.033732620849983, 0.021796707461199466
0.21397079094518898, 0.3356593744262673, 0.49352184833436075, -0.7876898576022936, -3.033729345487569, 0.021739880051719628
0.21396098482821546, 0.3356871853115086, 0.4935136890827637, -0.7876564395370889, -3.0337493688711907, 0.02179778081748183
0.2139598781798824, 0.3356748194067753, 0.4935162444321172, -0.7876140307955987, -3.0337353028606646, 0.02179529632637637
0.21396049355419525, 0.33568566891617446, 0.4934898363489948, -0.7875830822456402, -3.033765545369993, 0.02189086424307397
0.2139608264546864, 0.3356618591850729, 0.4935298350431334, -0.7876501360227303, -3.033726877129516, 0.021758698741017053
0.2139691885534934, 0.33566623865783024, 0.4935172846643616, -0.787674640282148, -3.0337453017162916, 0.021759354136787333
0.21396187155995372, 0.3356815376452146, 0.4935139190689732, -0.7876144541212363, -3.0337357660965463, 0.0217766294614913
0.21396238548257407, 0.335663337093605, 0.49351504873670743, -0.7877260046748477, -3.03371943704436, 0.021777629381507735
0.21397196380999872, 0.3356672542692218, 0.4935217014594022, -0.7877593561018871, -3.0336982172886624, 0.021777508173644964
0.21396119006692105, 0.33567148721565454, 0.49352319647098847, -0.7876565284904707, -3.0337507756288242, 0.021740139318598934
0.21395662437333784, 0.33568483022925355, 0.4935182368057786, -0.7876226502187912, -3.033770950422933, 0.021779836726280685
0.2139574665973428, 0.33567906077966797, 0.49351255491532503, -0.7875990408304155, -3.033752147713424, 0.02177817349185005
0.21395678123918968, 0.3356721316749477, 0.49350695889286866, -0.7876255612882112, -3.0337055063671245, 0.021870072084862396
0.2139626302059141, 0.3356718411211284, 0.49353214598727263, -0.7876292071673083, -3.0337197778996483, 0.021757894144995574
0.21396948509784006, 0.3356875705030807, 0.4934875188458996, -0.7876896902326117, -3.03372618618344, 0.02187159790438745
0.2139570927028923, 0.33568645577481515, 0.49349772939949316, -0.7876046779273604, -3.033774626779924, 0.021817117928129685
0.2139587345055202, 0.3356834500740806, 0.49349663038198915, -0.7875988175314474, -3.0337507067785543, 0.021834187580780512
0.21394944132214394, 0.33566036559755114, 0.49353462456819536, -0.7876772622072918, -3.033758563309001, 0.0217225324076565
0.21397019094300054, 0.3356697658469148, 0.4935000628333145, -0.7876741768581477, -3.0337433625843495, 0.021834784254506766
0.21396121900086953, 0.33568799807528, 0.49350343538603236, -0.7875837297659242, -3.033767450826135, 0.021816183007205624
0.21395450209352773, 0.3356892192738267, 0.4935071330539577, -0.7875593398704711, -3.03374857467533, 0.021832707302760115
0.2139691133891801, 0.33567364229285995, 0.49350910884602545, -0.7876330063332484, -3.0337312677384527, 0.02175850636779161
0.21396111701461387, 0.3356704057694769, 0.4935345976618128, -0.787681699215869, -3.033695772569077, 0.021699872671012407
0.21395910939458196, 0.33566453017096276, 0.49351392547934636, -0.7876743950333542, -3.0337446393017435, 0.021796965580788776
0.21396550877709797, 0.3356778179480029, 0.49350689212379123, -0.7876683955360867, -3.0337207906985686, 0.02181478460635751
0.2139644436714476, 0.33567486537513064, 0.4935286961986075, -0.7876621725096433, -3.0337739660711134, 0.021742345495878366
0.213959545532927, 0.3356737303277947, 0.49351508468462163, -0.7876318870866522, -3.033730190649714, 0.021814779853836775
0.21395743647110768, 0.3356664337042959, 0.49352665298292353, -0.787632476089537, -3.03373217185476, 0.021738606805744645
0.21395120020040517, 0.33566627051130005, 0.4935425531778787, -0.7876595166277119, -3.0337641094021364, 0.021685123301409603
0.2139462396049543, 0.3356686264018686, 0.49353233987925804, -0.7875724132972466, -3.0337241668303236, 0.02169987398287023
0.2139477518001878, 0.3356745658093317, 0.493527752040173, -0.7875477228635875, -3.0337795306499684, 0.02172146964979145
0.21395502397673852, 0.33567455919327543, 0.4935173008016699, -0.7876143305172306, -3.033736486362879, 0.021758095769997546
0.2139656075375748, 0.33566165753193555, 0.4935437062459396, -0.7876690372767083, -3.0337239958511537, 0.02168245574365409
0.21395205941277712, 0.33566077343654666, 0.4935218985399242, -0.7876529098534056, -3.033737778351212, 0.02179704112028601
0.21395921360813128, 0.33566872651959484, 0.4935252714770083, -0.7877076646268025, -3.0337241646792017, 0.021778437979598914
0.213951503436895, 0.33567899483675223, 0.4935205416988757, -0.7875592782000428, -3.033749518804088, 0.021796856562589922
0.21396744796553788, 0.3356883055944167, 0.4934932194292559, -0.7876655487728569, -3.033708133397867, 0.021851393464984586
0.21395950440462425, 0.33568590081123306, 0.493516141383392, -0.7876357598694206, -3.033743873250138, 0.021740223661947895
0.2139569441937565, 0.33568587740289174, 0.49351935197338076, -0.7875866810327188, -3.0337806578657336, 0.021761032494706557
0.21396494191145998, 0.33568049087536156, 0.49350798311924476, -0.7876410975586916, -3.0337654517975454, 0.021798307035080938
0.21396527550375022, 0.33567312104107866, 0.49352280859200215, -0.7876533825911336, -3.0337384057251997, 0.021759430777023428
0.2139609541075637, 0.33567462451607055, 0.49352169342435825, -0.787616980102191, -3.0337473169768763, 0.021778099711898646
0.21396930599695493, 0.33569056331944774, 0.4935184067248536, -0.7876692654563249, -3.033722678914304, 0.021739358313121532
0.21395607021005122, 0.3356703647833228, 0.49352295542625296, -0.7876203823710505, -3.033760690898622, 0.021722218491605445
0.21395317936305017, 0.3356724278349322, 0.49351063237717896, -0.7875735935997491, -3.0337306526033485, 0.02188865224399274
0.21397203679635526, 0.33567202144476976, 0.4935250228548056, -0.7877144320756868, -3.0337484499485456, 0.021723624075000714
0.21395405167362896, 0.33567137575876205, 0.4935139107308516, -0.7875589372310206, -3.0337489688663664, 0.02181464401886686
0.2139591072729462, 0.33567993901764465, 0.4935057931842607, -0.7876081281398927, -3.0337110823376747, 0.021831921773289714
0.21396091128410602, 0.3356705523739481, 0.4935275383304339, -0.7876201669457571, -3.0337599825324264, 0.021740748179756617
0.2139485104351404, 0.33566486870319256, 0.4935459786504153, -0.7875624762481368, -3.0337635425526823, 0.02170273484502427
0.21396751487925544, 0.33566056761204077, 0.4935207250508083, -0.7876925575229423, -3.0337407013930817, 0.021759419821739026
0.21396191369690518, 0.3356740799565305, 0.4935103165169939, -0.7876378070676813, -3.0337534293271013, 0.02181624602969336
0.21394890341836137, 0.33567386872473165, 0.493522979692215, -0.787611583776455, -3.0337259889627894, 0.02172015782970204
0.2139562634524343, 0.3356836705916512, 0.4935116646255609, -0.7876223299808252, -3.0337700178861846, 0.021816430681263023
0.2139655866989946, 0.335666534975864, 0.49352095811142777, -0.7876588791785984, -3.0337612196620327, 0.021778070022657543
0.21396394022365636, 0.33568480701819725, 0.49350824014810213, -0.7877079101322758, -3.0337231866208096, 0.02181503773115875
0.21396382652226692, 0.3356681997906058, 0.49352208939161796, -0.7876899220766294, -3.033729140962921, 0.021758074674167197
0.21396351794582927, 0.3356632654553577, 0.493526636845403, -0.7876016293541698, -3.0337645689375523, 0.02173979757841685
0.2139692314351622, 0.3356703106643159, 0.4935114397607325, -0.7876714532282115, -3.033732635837066, 0.021796705464337523
0.21396562709451464, 0.33567056205338613, 0.4935150685474175, -0.7876557112308367, -3.0337486501739206, 0.021816175574985233
0.21394977693838702, 0.33566925456211916, 0.49352982700799597, -0.78765312814143, -3.033738917378478, 0.02175983617379396
0.2139504171524545, 0.3356791927615308, 0.49351509281299016, -0.7876106101656822, -3.033723545402874, 0.021814249960827415
0.2139658146899524, 0.3356872816715154, 0.49349429678455436, -0.7876384821873056, -3.0337534081300026, 0.021816255331184517
0.21395531176803828, 0.3356706152763189, 0.49353548003135156, -0.7876065066641205, -3.033703766048176, 0.021662410219911603
0.2139691464732468, 0.33567480246857573, 0.4935218655933688, -0.7876615942653611, -3.0337723387387654, 0.02179896678970609
0.21396038886638485, 0.3356727269354931, 0.4935310146558971, -0.7876894456293235, -3.033728755490678, 0.02177836685183
0.2139563164065841, 0.3356874704983151, 0.49353207142731026, -0.7875661233941939, -3.033775156800656, 0.021703477827058528
0.21394985156953192, 0.3356772112589669, 0.4935059400752956, -0.7876295895160764, -3.0337193644150053, 0.021794909768172045
0.2139617305029785, 0.3356897947525043, 0.4935127702071561, -0.7875466482636648, -3.0337762650578144, 0.021834709171445043
0.213968241119582, 0.3356707397740088, 0.49351735958725257, -0.7876867784559253, -3.033716954284035, 0.021776626787140554
0.21396303495594157, 0.3356607558124963, 0.49351964220932537, -0.7876445877071134, -3.033702985768658, 0.021775025873200026
0.21395541915756733, 0.33567215757593255, 0.49351506244337934, -0.7876167227435803, -3.033747089564925, 0.021796161395145716
0.21395258277680856, 0.3356788092839115, 0.493526445430767, -0.7875984407243798, -3.0337523415608763, 0.02177830170516108
0.21395923771523978, 0.33566488118347954, 0.49353097869374135, -0.7876199809881179, -3.033759997519637, 0.021740746182789962
0.21396474148244266, 0.3356714878722024, 0.4934932714225719, -0.7876165088748659, -3.033744786699463, 0.02187132192850964
0.21395318963885132, 0.33568470787519084, 0.49351714579761535, -0.7876503517143494, -3.0337263571112274, 0.02179645272041057
0.2139628493900035, 0.3356888791856708, 0.493496673633492, -0.7875927887929316, -3.033726268841043, 0.021869923499490955
0.21395626222823616, 0.3356912407147603, 0.49352072414468945, -0.787653731231304, -3.033738871374383, 0.021759094716703706
0.21395541659869388, 0.33567606735522526, 0.493503488533871, -0.7876134697099019, -3.033734045932704, 0.02185293832479404
0.2139588191079821, 0.33568756847198944, 0.4935023363944864, -0.7875958337038893, -3.033739123701842, 0.021833456135231494
0.21396487003724923, 0.3356718396713918, 0.49351032461919153, -0.787689541778084, -3.033727657525849, 0.0218155798401898
0.21396959582919492, 0.3356714796286943, 0.49351846672041866, -0.7876717800444468, -3.033733606828629, 0.02175861809282791
0.21395642314687127, 0.3356754207952078, 0.4935243197681482, -0.7875994209687304, -3.0337536307099824, 0.021720668306906516
0.21396847449812031, 0.33567912277698503, 0.49351616560768397, -0.7876454696397408, -3.0337038921335346, 0.02173769173993004
0.2139625308349171, 0.3356886207104063, 0.49349885808214816, -0.7876410582545345, -3.033765170470339, 0.021817116597286076
0.213956857577723, 0.33568093027814044, 0.49351052903783277, -0.7876135933093199, -3.0337345195535343, 0.02183351930440108
0.21395663519263944, 0.3356636653634693, 0.493521842643002, -0.7876147240759492, -3.0337372695919598, 0.021720620196308188
0.2139567273067416, 0.3356805737490365, 0.49349324850622955, -0.7875771257706069, -3.033742306794325, 0.02189014479132296
0.21394580738212549, 0.33568832553671557, 0.49351052100293136, -0.7875438098437824, -3.033765111563827, 0.021834384305164656
0.2139505341012494, 0.3356757364814601, 0.4934991323928744, -0.7876321620805221, -3.033730087570345, 0.021832984986529566
0.21395819183307369, 0.335681389213925, 0.49352615417324147, -0.7876543587472568, -3.0337401125583283, 0.021703697089462144
0.2139648541662153, 0.3356917104852172, 0.49350001085171574, -0.7875963962221548, -3.0337393796529217, 0.02181465276173173
0.2139582109441165, 0.3356941507040394, 0.49349776447094046, -0.7875467323540467, -3.0337760074803284, 0.02185352230280792
0.2139498594409244, 0.33569724562165665, 0.4935139622673743, -0.7874990680885319, -3.0337398895470677, 0.02181250224699801
0.21396421648317748, 0.335673587179431, 0.49350238708476163, -0.7875946612090496, -3.0337374078099395, 0.02188993363308823
0.21395720211826955, 0.3356656203596939, 0.4935369066155918, -0.7876143070408452, -3.0337372560131968, 0.02171986472861368
0.21396495564570397, 0.33567207387888387, 0.49352169342435825, -0.7877078166247716, -3.0337239896540726, 0.021778304461907382
0.21395633480628967, 0.3356876928804243, 0.4934931681018884, -0.7876385315955902, -3.033753750119234, 0.021816529461328688
0.21395883162912657, 0.33567979761098626, 0.49351366198070873, -0.787638380535277, -3.0337550706972682, 0.021760375051577942
0.21395506698564795, 0.3356833036895574, 0.4935090927088869, -0.7876568582009783, -3.033750574734079, 0.021760582766810047
0.2139543843074352, 0.3356724648417599, 0.4935150704783474, -0.7875957526780691, -3.0337401450166763, 0.021795365601476626
0.21395467153208583, 0.3356810328205851, 0.4935136943071583, -0.7876087515808751, -3.0337132176439807, 0.02175738184654305
0.21395064417156345, 0.33565575581628065, 0.4935355146928465, -0.7876355063155411, -3.0337454009992606, 0.021684207473488933
0.21394100160225837, 0.3356754629816552, 0.49354592306626915, -0.7875425172207849, -3.0337588960367636, 0.021626791800478187
0.2139530306738436, 0.3356678409176017, 0.4935196260200014, -0.7876320104119842, -3.0337314084855693, 0.021776830558283913
0.21396981788209987, 0.33566464989104516, 0.49350479265893893, -0.7876589942671011, -3.033760049999424, 0.021816027143772173
0.2139551417526321, 0.3356913136840529, 0.49350936332507284, -0.7875960211203998, -3.0337403022077756, 0.021795505412918754
0.21394743288321064, 0.33566505920053374, 0.49354030228840584, -0.7876504011819909, -3.0337283427956483, 0.02172101957561161
0.21395149064888042, 0.3356913405873458, 0.4935012132442321, -0.7875621584729008, -3.033759800977659, 0.021852989499002926
0.2139651470737301, 0.3356727696705549, 0.4935057553473227, -0.7876531249456247, -3.033736984277083, 0.021815445522782115
0.21395691252313906, 0.33567720061120115, 0.49352169342435825, -0.7875987376216433, -3.0337521389439934, 0.021778168188688204
0.21396758881107739, 0.3356772002935474, 0.4935068759867559, -0.7876379515591312, -3.03375325462985, 0.02181611263667068
0.21395310694271882, 0.3356766393629557, 0.49352319647098847, -0.7876566119604907, -3.0337510971232797, 0.021740412722667135
0.21395778643039878, 0.3356801079494952, 0.4935136700829691, -0.7875811749962531, -3.0337572404954574, 0.021759436758471543
0.21395950518506052, 0.33566970324933393, 0.4935209742229297, -0.7875622793440612, -3.033761311383714, 0.021776401911361574
0.21396655495578884, 0.33567362367054177, 0.49351254681308576, -0.7876929126397921, -3.0337402885087954, 0.02177897706386689
0.21396722690591524, 0.33568361082348663, 0.49350936332507284, -0.7875958960228436, -3.033739820344651, 0.021795095214501847
0.21395178297984752, 0.33567601484016146, 0.4935275464328473, -0.7875988892578171, -3.033753336480215, 0.02174021772559113
0.21395182743752353, 0.3356761364431763, 0.493533458229053, -0.7876717531590434, -3.0337352757270897, 0.021721071733974525
0.2139609985925536, 0.3356747462016479, 0.49352760520538824, -0.7876532757763781, -3.0337385795805623, 0.021758816849761494
0.21395353093618955, 0.33568215184568917, 0.49350940588749426, -0.7876160833418568, -3.0337458082000497, 0.021853052559317927
0.21396456051538323, 0.33567447548111073, 0.4935239318077829, -0.7876507526945885, -3.0337273245579044, 0.02174003394013666
0.21396402850347204, 0.3356611726217923, 0.493541407061869, -0.7876589418418182, -3.033762636181887, 0.021722799586442996
0.21395802246448628, 0.33568957596257304, 0.4935195928650549, -0.7876411534462635, -3.0337662427618928, 0.021779158125407323
0.2139561900559132, 0.3356670377317973, 0.49352551365445324, -0.7876226263196305, -3.033771309135873, 0.021759534765486088
0.21394401850078185, 0.33568207611204254, 0.4935232045733576, -0.7875627397738196, -3.033762955383217, 0.021739609762125293
0.21395795922525682, 0.33568058062989903, 0.4935366352336942, -0.7875996247234519, -3.033754538151631, 0.021684071271272063
0.21396014487187018, 0.33567179756654403, 0.4935232045733576, -0.7876174261185062, -3.033748331082003, 0.021739268790854197
0.21395437182515906, 0.33569254927905784, 0.49350457479282567, -0.787575170672682, -3.0337332273633835, 0.021795451852978338
0.21394986145879935, 0.33567794776653426, 0.4935275303211742, -0.7876046934987015, -3.0337767296608913, 0.021741815258531434
0.21395323338006494, 0.3356683356559205, 0.493524073070734, -0.7875969560482071, -3.033743046668907, 0.021683350992252406
0.21395755218540222, 0.33567929493813325, 0.49352392377269755, -0.7876173156820334, -3.033748479955859, 0.021740898092808512
0.2139682730725929, 0.3356794165043835, 0.49351501809990084, -0.7876204129484279, -3.033759318918636, 0.021759288446862247
0.21395874667905462, 0.3356670519092706, 0.49352184833436075, -0.787672059901991, -3.0337343937516144, 0.021740221031118726
0.2139555050161362, 0.3356810192536808, 0.49351253880399826, -0.7876774395616465, -3.033757036764254, 0.021780044097849553
0.2139511123926062, 0.33567749083073845, 0.4935345814721085, -0.7875416767842526, -3.033756683910776, 0.021701197841683683
0.21397087354489586, 0.33567197745500277, 0.49350797754126374, -0.7876200663229234, -3.0337587306324405, 0.021778570211711156
0.21395005463327038, 0.33567407353616285, 0.4935198224963554, -0.7875773525881387, -3.033744962359648, 0.02179543143710032
0.21395886474238007, 0.33568380648540674, 0.49351391103400877, -0.7876352850953731, -3.0337429175918404, 0.021777561566241947
0.2139602708615688, 0.33568465573002654, 0.4935204751632205, -0.787638500767843, -3.0337555246998744, 0.02174170272008607
0.21395711591727995, 0.33568158414079635, 0.4935207051309668, -0.7876329438844453, -3.0337328067493115, 0.021720825215890197
0.21395392968047391, 0.335663071374171, 0.4935471303772275, -0.7876019650320512, -3.0337662775355185, 0.02168405329308291
0.21395233706354075, 0.33567787512402303, 0.4935184079478779, -0.787635760953165, -3.033744022973313, 0.021740359954167364
0.21396870781561245, 0.3356723606144744, 0.49349662480365364, -0.7876688035434037, -3.0337206113898554, 0.021814654050779057
0.2139621073989764, 0.3356699768907579, 0.49352867779081644, -0.7877025809022891, -3.0337022239066145, 0.02172008652049761
0.2139566238428477, 0.3356647034419433, 0.49352868765240676, -0.7876616886831781, -3.033773141336862, 0.021780566207694016
0.21395345505322408, 0.33567802580425615, 0.4935034723969423, -0.7875828855571241, -3.033766716870057, 0.02185440248305383
0.21395675328759622, 0.3356603336311214, 0.49352417346913885, -0.7875988617173547, -3.0337524833792218, 0.021758615460000914
0.21395175045394382, 0.33567984970056614, 0.4935103326541011, -0.7876502316693452, -3.0337259029457524, 0.021815124907458995
0.21395502501126382, 0.3356706751216279, 0.49352296352862957, -0.7875993831864418, -3.0337536311439837, 0.021721415826477037
0.21396370561645053, 0.3356724950699536, 0.49351505246219884, -0.7876799806244119, -3.033767336656297, 0.021817842999174265
0.21395070706998065, 0.3356762097820758, 0.49352209742667674, -0.7875597334856062, -3.0337505521730788, 0.0217572790339833
0.21394562726441596, 0.33567506170552164, 0.49352185636942686, -0.7875234057415069, -3.0337605110552777, 0.021739356317034633
0.2139692314351622, 0.3356703106643159, 0.4935114397607325, -0.7876533500442476, -3.0337372508871514, 0.021796637660148253
0.21395212907935052, 0.3356973188159904, 0.49349778060774885, -0.7875775813979136, -3.0337436123264268, 0.021852331434425092
0.21395350216049155, 0.33567423777738964, 0.49352095811142777, -0.7876590041890681, -3.033761701154718, 0.02177847816553569
0.213959164477356, 0.33565687590752363, 0.4935309351093219, -0.7876261507613143, -3.0337842257127208, 0.021704872260812576
0.2139561007042168, 0.3356868803230592, 0.49350342184488644, -0.7876018972006323, -3.0337635411699697, 0.021797718411473772
0.21395329629888934, 0.3356726580458231, 0.49350939420469014, -0.7876108746916745, -3.0337233816228246, 0.021813369803374984
0.21400155338633262, 0.3357353103315805, 0.49381311727414734, -0.7876946629790031, -3.033801617201262, 0.022513976657234654
0.21405776055594344, 0.33590979975462837, 0.4945225455415199, -0.7877100065404843, -3.0339759417383507, 0.02379895651098868
0.21403363829075245, 0.3357948799680172, 0.495771313731647, -0.7878191056977141, -3.033981512685787, 0.022275724135242706
0.21401375899483652, 0.3356908432290219, 0.4967682621593631, -0.7877878239529214, -3.0340249194589286, 0.021164314035063986
0.21402110964575077, 0.3356974123305529, 0.49759199370566237, -0.7878209904869369, -3.0340226749139654, 0.02110563193000302
0.2140155874107545, 0.33571653548488, 0.49822890032155415, -0.7877606823148976, -3.034015907775237, 0.021252540591246198
0.21401591922482174, 0.33570218929068685, 0.49892054425584587, -0.7877630927650643, -3.0339565071914287, 0.02134095568577908
0.21401036716697597, 0.3357122204581841, 0.4996701686174036, -0.7876609532463785, -3.033942680569594, 0.0212030378432878
0.21398841691696743, 0.3357288494541349, 0.5003313023521749, -0.7875993232820234, -3.0337701345160757, 0.021096425301408775
0.21400144218757464, 0.335738918689697, 0.5008506060711948, -0.7875603768029972, -3.0338343365964295, 0.021190606942388085
0.21401471598405442, 0.33576033460533417, 0.5014344227123966, -0.7875736226414497, -3.0338006594560745, 0.021187192862310793
0.21400713664306056, 0.33576025195325904, 0.502000866928067, -0.7875637419746717, -3.033825868629553, 0.021093017568357644
0.21402107647748364, 0.33578424047504923, 0.5026251355571658, -0.78759071282736, -3.0338450267275214, 0.020848437792280197
0.21401246074352595, 0.33577220249969364, 0.5032337217056936, -0.7875007275239935, -3.033865999602733, 0.02073296216330893
0.2140162057216868, 0.3357691979176646, 0.5038726238563572, -0.7875400773389232, -3.0338582916067907, 0.02044815813091844
0.21402681081309247, 0.33579353960225033, 0.5044813716048222, -0.7875402789411787, -3.033846758991879, 0.02022000984516208
0.21403507031398264, 0.3357908103307792, 0.5050377429242283, -0.7874993619589227, -3.033903158595612, 0.020164080125008855
0.21403825015611208, 0.3358069504663221, 0.5056539740107128, -0.7874746986719652, -3.0339483037896673, 0.01992029114315683
0.21404256955644443, 0.3358263286558622, 0.5062998726279009, -0.787454322753014, -3.033939203946905, 0.0197847885700983
0.2140305330306754, 0.3357949609182381, 0.5068033136746422, -0.787425312579605, -3.0339650148257857, 0.019859961534612475
0.21402426286312978, 0.3357906351512967, 0.5074772592076335, -0.7873899177889593, -3.033975330554965, 0.019612473620250426
0.21403673590103664, 0.33580163759738785, 0.5081006683639934, -0.7872798892094582, -3.03399716532345, 0.01962721473772445
0.2140239963874535, 0.3357962224902099, 0.5087455173972902, -0.7873076488363935, -3.0340267415227156, 0.01945928739853749
0.21403630568358234, 0.33579357892594763, 0.5094182941416682, -0.7872893087527787, -3.0340235522610555, 0.01907992994689966
0.21403874015448607, 0.3358105902452661, 0.5099713216857718, -0.7872478622633081, -3.034002514176635, 0.01915130961634527
0.2140136012337114, 0.33579835171892797, 0.5105769117720143, -0.7871365070799601, -3.0339460783804175, 0.019350658697471476
0.21402652178529788, 0.3358048051670003, 0.5113091659916662, -0.787225162178293, -3.033837662726453, 0.019078571046251595
0.214008198059233, 0.3358277629142588, 0.5119749370510777, -0.7870267942958487, -3.0338213875582016, 0.019072305565509023
0.21400953817360935, 0.335843911293503, 0.5126414485672377, -0.7870424315303333, -3.0337276790467866, 0.018971405058418767
0.21401365484157392, 0.3358416561591075, 0.5133737330586126, -0.7869732793395161, -3.033693170676608, 0.018832566990980994
0.2140146785051073, 0.3358713110156568, 0.5141251942041968, -0.7869906005050568, -3.033763823278035, 0.018591300345597767
0.21402963098375744, 0.3358870680524767, 0.5148155061048415, -0.7869527426063174, -3.033776092083122, 0.018719745532398566
0.21402723508926835, 0.3358871239037025, 0.5156380949977261, -0.7869265557491508, -3.03376072114633, 0.018376630528948706
0.21403117207162972, 0.3359134689634797, 0.516525193096553, -0.786852744652766, -3.0337951225311537, 0.017998968585306443
0.21404593332678337, 0.33592760901662294, 0.5173744848285254, -0.7869270454087425, -3.0337927252417263, 0.017584137455538666
0.21404657978738534, 0.3359230121619638, 0.5182598988712404, -0.7868350881425848, -3.033838357881335, 0.01741083890734629
0.21403807129601696, 0.33591421407666855, 0.5191432030971974, -0.7868139349604766, -3.033779309874579, 0.017235889234597044
0.21404159630397926, 0.33590691279886953, 0.5199820270701372, -0.7867929702332146, -3.033793186675183, 0.01712029391696383
0.2140382508910503, 0.3359124434194712, 0.5207798275226728, -0.7868451403299548, -3.0337797208694877, 0.01689106442393221
0.21404279254729325, 0.3359285896403429, 0.5216206645010474, -0.7867666894846665, -3.0337975830840387, 0.016718678768361594
0.21405095549488418, 0.3359692124052464, 0.5223749039563912, -0.7868048683821297, -3.0337987641011583, 0.016547605826194366
0.21405243320156092, 0.33599093493193105, 0.5232325787198924, -0.786673494876413, -3.033834309573905, 0.016225053091450788
0.21405848765830285, 0.33598802090179336, 0.5242054177342751, -0.7866541454998676, -3.0338647437301374, 0.015903250809913682
0.21405744289996395, 0.33600135309710394, 0.5251146036257385, -0.7866666589789236, -3.0338610258980596, 0.015655906980605594
0.214061313044783, 0.33597039485836283, 0.5260088750568245, -0.7866920406729045, -3.0338373164372827, 0.015556732249699867
0.21406484838356565, 0.3359868152566214, 0.5268532743281101, -0.7867207614260722, -3.033815883429323, 0.015366893670873799
0.21405140143420795, 0.3359941130997003, 0.5277430689933339, -0.7866221200803616, -3.033830362456698, 0.015059737788947822
0.21405879767450128, 0.3359709588261087, 0.5286003983919836, -0.7866165382222174, -3.0338302533046915, 0.014849884186694851
0.21406661079991737, 0.33598227525802404, 0.5294859776589538, -0.7866244790499434, -3.0338807700617245, 0.014474472096934143
0.2140647250112352, 0.3359804985568303, 0.530274324853921, -0.7865796391483072, -3.0338741947404295, 0.014451663204856063
0.21404890846565616, 0.33594713027648027, 0.5312254355859582, -0.786497049956278, -3.033885847328945, 0.01407109361922828
0.21405097096769388, 0.33593056175589, 0.5320089072362233, -0.7865908838481633, -3.033884877043296, 0.01389989405904944
0.21405900466837804, 0.3359636395253811, 0.5327751762667203, -0.7865185125250854, -3.0339902670011467, 0.013676639556048309
0.21406823840400432, 0.3359748625832236, 0.5337033508473557, -0.786517846507281, -3.03400842509891, 0.013184695090769864
0.21407724952868418, 0.335985068936433, 0.5345786526684334, -0.7865201254553432, -3.0339664135522315, 0.013084985603167891
0.21407674933612633, 0.3359925710065556, 0.5354377114668126, -0.7864817727369917, -3.033994581543054, 0.013081554810533061
0.2140678908457236, 0.3359793013486085, 0.536340738687889, -0.7864374441144644, -3.034002667111195, 0.012947527822127908
0.21406297587653997, 0.3359868309476847, 0.5372109795783155, -0.7863889857252482, -3.033987909082101, 0.012791224375200985
0.2140694697782461, 0.33598431323365513, 0.537982716057244, -0.7863804873259046, -3.033964674514823, 0.012580175136080639
0.2140740553614302, 0.3359839575307271, 0.5388449733970145, -0.7863199400612584, -3.0339790820790715, 0.01236965737557722
0.21408797136679839, 0.3360155849272019, 0.5391955048699179, -0.786415957438023, -3.034007242798737, 0.01214633498360232
0.21408106972779262, 0.3360206932367441, 0.5392077238132061, -0.7863463641889753, -3.0340389473854996, 0.012091005376613883
0.21406742039131602, 0.3360146549063396, 0.5392113441803089, -0.7862479148442568, -3.034037736542033, 0.012163487197648338
0.21407121450193187, 0.3360199562873725, 0.5391954400129225, -0.7863086108189674, -3.0340455262470707, 0.01222183534852678
0.21408328469741897, 0.33600379900487015, 0.5391866230864809, -0.7863379154818136, -3.0340115013312206, 0.012276801679151095
0.21407956197675934, 0.336012016407053, 0.5391986957303936, -0.7863840472469946, -3.0340378746856937, 0.012241943352227076
0.21408349518903735, 0.3360206573550435, 0.539189600924419, -0.7863199479870732, -3.0340161769061207, 0.012276868374084588
0.21407923957812627, 0.3360099001902907, 0.5392100567008439, -0.7863172462535513, -3.034006385966504, 0.012200749007394736
0.21406438672471828, 0.3360160658560007, 0.5391878151111734, -0.7863116990798438, -3.0339819698375026, 0.012255798312151435
0.21408388221042518, 0.3360144445485977, 0.5391897500736091, -0.7863247544020862, -3.034037738410472, 0.012352179088533975
0.2140711274122351, 0.33601907545596066, 0.5391817208718479, -0.7863311790614785, -3.033985415101956, 0.012407271355470477
0.2140831553558085, 0.33601589872117543, 0.5391728786600194, -0.786376632653729, -3.03401078250438, 0.012408463313174458
0.214082081069895, 0.3360120790047543, 0.5391907872421566, -0.786359167611576, -3.0340175599938513, 0.012315039600607064
0.21407638122243078, 0.3360169688993965, 0.5391706073153184, -0.7862604902560868, -3.034014978255677, 0.012444892059421663
0.21406361797286616, 0.3360019754479803, 0.5392081888899536, -0.7863013728187461, -3.0340211434388253, 0.01227571366554518
0.2140767115405499, 0.33601805142942215, 0.5391717738398277, -0.7862972792372133, -3.034006039768071, 0.012425614119554979
0.21408034759460423, 0.3360139486066042, 0.539194206115128, -0.786370829944157, -3.0339888729599145, 0.012350319254481396
0.2140843212302737, 0.3360075482001755, 0.5391963402561994, -0.7863361916473328, -3.0340089523949967, 0.01238881322283356
0.2140859925961366, 0.3360094274250046, 0.5391805738624101, -0.7863760633061949, -3.034010269956015, 0.012427739241815536
0.214060685396863, 0.3360121686873834, 0.5391954851778962, -0.7862608034850354, -3.0340169736375695, 0.012369870986438151
0.2140775176424974, 0.3360170397938343, 0.5391650463835869, -0.7863179852616198, -3.0340120841799236, 0.012464457920084222
0.21407737357064763, 0.3360001061357663, 0.5391798927078926, -0.7863734974109895, -3.0339996082324725, 0.012389097943338756
0.21407791001985535, 0.3360220501701752, 0.5391840935319766, -0.7863155548187427, -3.03400225007807, 0.012387591636740478
0.21408000864425059, 0.33600138030412985, 0.5391896853564376, -0.7863059684131616, -3.0340415523370194, 0.012390943748542087
0.21406489783634183, 0.3360103872680646, 0.5391841580623722, -0.7862606353980689, -3.0340160130953886, 0.012407824265848022
0.2140666205736683, 0.3360161969626945, 0.5391862723588963, -0.7862789923669716, -3.034011772422916, 0.01238922246483116
0.21408666614243607, 0.3360155315399386, 0.5391829185896738, -0.7863733814319949, -3.033999023453329, 0.012407628304726945
0.2140767115405499, 0.33601805142942215, 0.5391717738398277, -0.7863341947618584, -3.0339965714723744, 0.012425754150103292
0.21408316395980928, 0.33600729088802483, 0.539199887830175, -0.7863160574452226, -3.0340037579358623, 0.012312632315498106
0.21408154671657534, 0.33602572964910205, 0.5391915948005623, -0.7862920545239166, -3.033984234378008, 0.012349402642398912
0.21407756412717566, 0.33600528608392205, 0.5392155191712283, -0.786346649295295, -3.034046879884966, 0.012259720949534344
0.21407543938596643, 0.3360261060871159, 0.5391814852907167, -0.7863551185921392, -3.034003017222971, 0.012446059064871078
0.21407751833324415, 0.33601312352165885, 0.5391852268061049, -0.7863395855524603, -3.0340198067112865, 0.012427127887927424
0.21408192310211221, 0.336007123411363, 0.5391952354495333, -0.786385113521156, -3.0339712091984463, 0.012406311555836222
0.2140757421436554, 0.3360022196126742, 0.5391954936652502, -0.7863124124708258, -3.033990928400967, 0.012368833000102402
0.21408177078393906, 0.3360113160879718, 0.5391738996982621, -0.7863388735296044, -3.0340189832431244, 0.012465078411217936
0.2141842060603091, 0.33587956331479324, 0.5391820297321487, -0.7870247448269875, -3.033818246471553, 0.012349418002144754
0.21437585380887997, 0.33551802093468225, 0.5392495912062136, -0.7885199246373242, -3.0334626359997996, 0.01195285698701871
0.2146705216908342, 0.3349886628103265, 0.5392866173026373, -0.7910478937676709, -3.032986773450116, 0.011997616214695191
0.215039407172925, 0.33429131309962373, 0.5393893482597412, -0.7938727581610738, -3.032238549069424, 0.011727489017188147
0.215502851214219, 0.33342072364203057, 0.539502166786873, -0.7975694342058646, -3.0314203701332585, 0.011411515814193205
0.21601863988709347, 0.33238515336593644, 0.5396334137317931, -0.8021153297861472, -3.030213538405723, 0.01102873941468897
0.21666855823507883, 0.33118652920721914, 0.5397636221719988, -0.8074792023237938, -3.028950500625434, 0.010765674226837314
0.21744048343577202, 0.3297761761351798, 0.5399703759758825, -0.8139937840266189, -3.0273387843388453, 0.010199322261137764
0.21833960721797752, 0.32813944891240565, 0.5401647865067756, -0.8212396940558419, -3.0255623424459155, 0.009635144723052285
0.21924971077044986, 0.3263876479127316, 0.5403808003730667, -0.8287657456112556, -3.0236776513705945, 0.009106101901473675
0.220272060926297, 0.3244794046455344, 0.5406336223404481, -0.8372248909359995, -3.0216353436580925, 0.008282152372057103
0.22145508761900295, 0.32236884345670513, 0.5409027422353404, -0.8464480845907844, -3.0192631988644205, 0.00754558302789008
0.22260484046503923, 0.32010038898229776, 0.5412161860782251, -0.8565061355555493, -3.016674113152892, 0.006871964366428698
0.22398262638674923, 0.3176986116829959, 0.541447297873012, -0.8674397957324735, -3.01385598773954, 0.0063129767870537
0.22534789796694757, 0.3149920659637326, 0.5418622975404797, -0.879066156485075, -3.010728168256262, 0.005070308161178758
0.2268563658363256, 0.31222575007783027, 0.5422347917153354, -0.8912863507950435, -3.007357194246701, 0.00409022288045201
0.22845864098800253, 0.30927742844199124, 0.5425946771141039, -0.9045099864350401, -3.0037292500288952, 0.003230034430850044
0.23016106431002908, 0.30615767280929435, 0.5429486845636158, -0.9182273089249213, -2.999913090206785, 0.0024115167663691637
0.2318974031686475, 0.302790379166616, 0.5434475058084591, -0.9323698594925398, -2.996001342824663, 0.0008851476755402421
0.23389617446056732, 0.2991560946094821, 0.5438826285258535, -0.9488402481997937, -2.991206001790323, -0.0002311280645708449
0.23576120769689782, 0.29568333123451535, 0.5443561890970258, -0.9638119877349497, -2.9867709213734637, -0.0015371294657473545
0.23760385591207636, 0.29218406069780567, 0.5447882055232428, -0.9793940853494322, -2.9820729915882094, -0.0025911204077569763
0.23953551836712167, 0.28865632429857896, 0.5451966725152939, -0.9946871819692762, -2.9773272262737156, -0.0036883162621484155
0.24141895223816914, 0.28517586168763126, 0.5456640590785238, -1.0099508945924207, -2.972594449742147, -0.004980646552973652
0.24326866125150023, 0.2817040921443276, 0.5460830629309842, -1.0249372247378916, -2.967804057940712, -0.005825097512255685
0.24516658591160803, 0.2781351698580589, 0.5465947248342701, -1.0402979415762976, -2.9629720692455574, -0.0074574472375848935
0.2470670078121927, 0.274630788828291, 0.5470254592865009, -1.0557183222055646, -2.95779378956844, -0.008566780585610235
0.24891513503080923, 0.27118413665368696, 0.547433146887504, -1.0706180264852123, -2.952768235298218, -0.009611494456075622
0.2508115171863375, 0.26769988547156487, 0.5478847145224277, -1.0858871859696937, -2.947588106947616, -0.010795924944326298
0.25271159512857694, 0.26413716258595754, 0.5483398796420038, 1.1011431984415199, 2.9422027786847393, 0.012013679289743255
0.25465895510726627, 0.2604624100961627, 0.548835234024732, 1.1167422301778491, 2.9359091596568945, 0.013282250611959106
0.25652452724776986, 0.25700131339894733, 0.549272424779012, 1.1313173638978746, 2.9298342806790636, 0.014478963094110382
0.25843319357062067, 0.253524470006066, 0.5496748047600933, 1.146332480364943, 2.9237183981374457, 0.015440759107204594
0.2603370793621963, 0.2500121426929311, 0.5501404569356575, 1.1610149493066646, 2.9174729444415934, 0.016806393592525906
0.2621771420095307, 0.24650321953727217, 0.5505898017644927, 1.1756149482322777, 2.9113459277845597, 0.017877367045478383
0.2640155834787264, 0.24301402301480787, 0.5510813928961517, 1.1901570667377006, 2.904967206360521, 0.019365494432887414
0.2659141016954799, 0.2395321040072464, 0.5514628850671653, 1.2049628502247312, 2.898556650157909, 0.020216172321229804
0.2678098091754203, 0.2360088774897025, 0.5519304214972122, 1.2196339754850183, 2.891968030329544, 0.021527921668119097
0.2697104545910004, 0.23252098085840284, 0.5523673506962029, 1.2343597363557688, 2.8852314646293094, 0.022564213520322764
0.27160692455472724, 0.2290126413590439, 0.5528118766140921, 1.2488701882660214, 2.878524768780914, 0.02373279971463267
0.27355511711553954, 0.22539627128945172, 0.5532542247572043, 1.263989662207827, 2.871582058270342, 0.024886255529448353
0.27538465498014897, 0.2219167077135677, 0.5537144193898893, 1.2781968920629334, 2.86490024733283, 0.02629310537498548
0.277290514618778, 0.21838497932527803, 0.5541349855820838, 1.2927587682667632, 2.85801505568355, 0.027208887569602384
0.27920407992246377, 0.21488135854228238, 0.5545305229657258, 1.3074417147459234, 2.8509407838733924, 0.028188140846672073
0.2810627514658758, 0.21136885545142456, 0.5550239655296826, 1.3215974836871496, 2.8439861109941575, 0.029538858484631305
0.2829565894517117, 0.20788267572370428, 0.5554626132005788, 1.3359271145482703, 2.83687693395582, 0.030679388523008392
0.2848256914108315, 0.20437513409870092, 0.5559689705708892, 1.3503975472402208, 2.829539987387145, 0.03216161347904415
0.2867152061544629, 0.2009149009622746, 0.5563780154174335, 1.3645444731577796, 2.822419729461951, 0.03301226802845723
0.28857664756772505, 0.19739313058104674, 0.5568375871603536, 1.3784707029252998, 2.8151855354779243, 0.034224149245751845
0.29048495449664813, 0.19386817533416106, 0.5572917162368264, 1.392999995340646, 2.8075619415188253, 0.03547095479654457
0.2923834556688276, 0.19036525194654222, 0.5577197400499897, 1.4069637364326095, 2.800124147670498, 0.036538328132504294
0.2943191045254974, 0.18669173204759693, 0.5582148666556546, 1.4219888854448222, 2.7921761960974667, 0.03779342424119902
0.2962188074308351, 0.18318489920520745, 0.5586431575892692, 1.4357842680414428, 2.784665698008335, 0.038941607612596504
0.29809675274640834, 0.17971672057778235, 0.559077992233211, 1.4497682050243117, 2.7770395284349347, 0.040110208135913365
0.29999001474111975, 0.17616504404042047, 0.5595590764219366, 1.4637463847045764, 2.7691181870473707, 0.04140010326510099
0.30183520849588147, 0.17267558482703704, 0.5600195001798548, 1.4776769730554176, 2.761324080986516, 0.0426374489281751
0.3037049322923181, 0.16922621383449146, 0.5604689534737503, 1.4913167915204664, 2.7535483126703895, 0.04374103260148774
0.3055629167451284, 0.1656690693892345, 0.5609344321857791, 1.5050444742434708, 2.745627939920344, 0.044994889902917695
0.30750634448101744, 0.1620358041020061, 0.5613664232451793, 1.5194603526680666, 2.737293408335572, 0.046071562967976015
0.3093967082026535, 0.15854415801625832, 0.5618057883449005, 1.53326798507555, 2.7291411099110423, 0.04712785280644995
0.31128248118794866, 0.15504603467849654, 0.5622608182466864, 1.5470793117910815, 2.7209669106156977, 0.048367545466957027
0.3131797027773626, 0.1515972900500673, 0.5627058584832347, 1.560500358162582, 2.7127873598269763, 0.04943625701612686
0.31507275260355294, 0.14803779112934268, 0.5631517661986774, 1.5743317914557446, 2.7043981492227487, 0.050590552597324985
0.31695967796971275, 0.1444994994655777, 0.563589526338966, 1.5879616557583485, 2.6959603464298567, 0.05161726407398242
0.31883742270754317, 0.14100317282353128, 0.5640379380003404, 1.6014837524115757, 2.6874962414926533, 0.052820076894679276
0.32068900131431377, 0.13746446007790203, 0.56452398766558, 1.6153240479589446, 2.678730050938537, 0.054158702874743024
0.322604153358872, 0.1339970220802889, 0.5649374682304865, 1.6285863957240523, 2.670284649219603, 0.05512777112226005
0.32447923935712486, 0.13051271966545266, 0.5653582009543133, 1.641945694059765, 2.6616788908129982, 0.05615294343367116
0.3263711014152706, 0.12700524676189578, 0.565799556783899, 1.655300858826261, 2.65292895193596, 0.057255186065441104
0.3283249147793036, 0.12338286779232617, 0.5662921869387073, 1.669129014541189, 2.643776726811506, 0.05851308512802158
0.3302104010372234, 0.11986293314046037, 0.5667581259955031, 1.6825481038162706, 2.6349013265645786, 0.05974976035641605
0.3321211867523697, 0.11640177080538988, 0.5671730445619989, 1.6955991334082954, 2.626000253096868, 0.06082804375834126
0.3339793023033068, 0.11288795848628214, 0.5676307806593631, 1.7087111758080722, 2.6170731098579925, 0.06200048171374682
0.3358600628239011, 0.10939480627937187, 0.5680408736517719, 1.721667410480064, 2.6081490650142127, 0.06293063686913554
0.3377148075272038, 0.10589518751557797, 0.5685117442742862, 1.7349045969278905, 2.598910183690445, 0.06414850946966166
0.33959229594176443, 0.10239604953109348, 0.568997428803509, 1.7477543271695655, 2.589804027827833, 0.06547650097284125
0.34151977663381045, 0.09893950153061903, 0.569393516862084, 1.7609707976568714, 2.58044550804222, 0.06644984268103936
0.34345214238640326, 0.09529882173592838, 0.5698460367888232, 1.7740857602908944, 2.5710810115161937, 0.06745814149052028
0.34534202925721774, 0.09177523800455942, 0.5702923159166313, 1.7872114847155176, 2.5615018224046113, 0.06853654424878539
0.34717264164723616, 0.08823362877461786, 0.5707782820514803, 1.8000379761706418, 2.551921095837112, 0.06988342702937034
0.34906680663103523, 0.08475464030141036, 0.5712755755440679, 1.8127921058158791, 2.5423818483607534, 0.0712019275840432
0.3510015432435735, 0.0812234740219402, 0.5716443491723691, 1.8254220112517172, 2.5328966152319397, 0.07200114773551282
0.3528631703079499, 0.07783267963565198, 0.5720214920863523, 1.8377385667609811, 2.523590922406562, 0.07274919685700623
0.35456584848882244, 0.07459505778169008, 0.5724586969355774, 1.8495224395697563, 2.5146150821410806, 0.07397305819626074
0.35614931601125116, 0.07149842455585724, 0.5729314432583675, 1.8604633489549702, 2.506041106675251, 0.07526672434361543
0.3577283003066479, 0.06866241809283628, 0.5732984955732773, 1.8705269920722787, 2.498070240875741, 0.07615767368889267
0.35917427743103675, 0.06596458967529632, 0.5736233452088884, 1.8803018151571123, 2.490344883451226, 0.0768306518333124
0.36057346924372174, 0.06337998046281536, 0.5739195327529731, 1.8895480054068516, 2.4830430766711724, 0.07751345119149007
0.3618579064473962, 0.06110360116317166, 0.5741836480323664, 1.8976763654968285, 2.4765264716104287, 0.0783117802586141
0.3629958155396321, 0.05879517070249702, 0.5745386210808215, 1.9055746837137455, 2.4701512607270333, 0.07920518891362016
0.36404271247269265, 0.056770079380205576, 0.5748126726561591, 1.912684600308659, 2.4643748035461184, 0.07983559135500047
0.36505582867686287, 0.05499955461564057, 0.5750205595317227, 1.9189362084609949, 2.459256864601797, 0.08031193199303484
0.3659508266199692, 0.05333195696287906, 0.5751867637366319, 1.924909120829207, 2.454456906001743, 0.0807371042022186
0.3667376158109088, 0.05184923356307576, 0.5754295071160962, 1.9301132918154278, 2.450002760069123, 0.08137417249972063
0.3674615062472235, 0.050622383895917396, 0.5755312049587915, 1.9342894320488495, 2.4466698490652585, 0.08153792985422097
0.36803162299540476, 0.04944808950811175, 0.5757150284127753, 1.938356587792025, 2.4432902765378324, 0.08206954736387462
0.3685570547852792, 0.04849010444847888, 0.5758225119125697, 1.9417809263538859, 2.4403852468764367, 0.0822608528831791
0.36893856388245866, 0.04773374277777433, 0.575948432803722, 1.9444207475259712, 2.438214563020857, 0.08263363551544894
0.369278145976087, 0.047175447805812704, 0.5760077071637115, 1.9465501108451955, 2.4365760313039746, 0.08285249364320008
0.36952785246550046, 0.046744912912597414, 0.5760432837426864, 1.9479966064018959, 2.4352652399072348, 0.08286520794187675
0.36964232658614016, 0.04650776575139201, 0.576075820344808, 1.9486667003274032, 2.4346671535710644, 0.08295713176231438
0.3696706060727644, 0.04640802688884088, 0.5761026021396877, 1.9488061476214076, 2.4345110344900998, 0.08301509013642547
0.36969238907889707, 0.046414368062170655, 0.5760977467542923, 1.9487770250165712, 2.4345013031624343, 0.08297224240162095
0.3696965281378672, 0.046413950348666, 0.5760989805796886, 1.9490104179582668, 2.4343464480669295, 0.08299251584473451
0.3696996960806214, 0.04641655244808242, 0.5760971453439576, 1.9490094118929373, 2.4343453396564705, 0.08303474198839024
0.3697049425924151, 0.04641425492064895, 0.5760981984217074, 1.9490239802173321, 2.434333582669573, 0.08303387644525802
0.36969809882453836, 0.04640301368383779, 0.5760935316035944, 1.9490991320606776, 2.434309215679427, 0.08299331865443403
0.3697149520924464, 0.046415280810960934, 0.5760872773610707, 1.949094315103575, 2.4342692631102985, 0.08294231143692407
0.36972074735595356, 0.04641909957223235, 0.5760842832460727, 1.949070693155554, 2.434300373926279, 0.08295122217284054
0.3697013217221457, 0.0464160474718654, 0.5761116321922051, 1.949059603604301, 2.4342566412618067, 0.08310938738874216
0.3697140558575341, 0.046417256902242514, 0.576087288542069, 1.9490915375207531, 2.4342978512808027, 0.08295957254506799
0.36970979037070173, 0.046411833429462854, 0.5760946429057445, 1.949085907803827, 2.4343219883841796, 0.0829512208705296
0.36970014465314754, 0.04641088827106374, 0.5761111724540833, 1.9490472808167028, 2.4343025025158327, 0.08302566929452472
0.3697027809646431, 0.04640623066534339, 0.5761000280344148, 1.949092343777821, 2.434268512121055, 0.0829835102422154
0.3697176775319729, 0.04640721563400741, 0.5760996610662446, 1.9491248389718936, 2.4342812214227076, 0.0830097919438021
0.36970104088870354, 0.04640891218007637, 0.57611116127268, 1.9490053587946223, 2.4343084909937023, 0.08300775849382364
0.3696262352042941, 0.0465917296745795, 0.5761240333265428, 1.9484094314176708, 2.4348560770767302, 0.08309507436908624
0.36941308774454273, 0.04703308493036974, 0.5761366673106041, 1.9467186426832501, 2.4362460298095923, 0.08313570822922876
0.3691328096603115, 0.047584171750884766, 0.5760650153089348, 1.944813075228846, 2.4378739306360937, 0.08291898732555122
0.36876794554726605, 0.04835216678622049, 0.5759908589037372, 1.9420622796671618, 2.4401781381503436, 0.08255476445953068
0.36833658970146665, 0.049335951878890325, 0.5758846716628192, 1.938693654692885, 2.4430600334016157, 0.08216141305401008
0.3677957115663036, 0.050479833024622424, 0.5757896792530581, 1.9346728353203801, 2.4464795230980165, 0.08178623326723161
0.3671789238620942, 0.0517170960641259, 0.5757015321617986, 1.9303065854389831, 2.4500896655285778, 0.08145090442243083
0.3664880433416954, 0.0532069994736672, 0.575573697685334, 1.9253356899810106, 2.454265038274457, 0.08092232997361515
0.36571204585779676, 0.05486083741368648, 0.5754536098049524, 1.919332337990966, 2.4591839190477294, 0.08055470522675513
0.3648326660112591, 0.05665757937016999, 0.5753008410499174, 1.912923657605961, 2.464533123409491, 0.07987203478423419
0.3638745747921986, 0.058711793340681315, 0.5751719879410944, 1.9055853872733386, 2.470383067198527, 0.07938619803944556
0.3628392015377401, 0.0608715380286269, 0.5749981724363586, 1.8981101785367096, 2.476494888298023, 0.07872428504287135
0.3616836160231552, 0.06338087565011966, 0.5747828670257147, 1.8891090610018488, 2.483782408129633, 0.07788274574415563
0.36044629068890377, 0.06595739695127677, 0.5746272417462956, 1.8797687308297633, 2.4911216479204676, 0.07734641906334787
0.3591341648808388, 0.06863090772120926, 0.5744492803866678, 1.8701311541416143, 2.498823517005124, 0.07655329812154485
0.3577490039882136, 0.07159841994991606, 0.5742193753046265, 1.8593620903477088, 2.507323150295387, 0.07556005195201036
0.3562990057636872, 0.07473279836071048, 0.5739451189562731, 1.8483106537620182, 2.5159449844954636, 0.07447693825471767
0.3547284790110633, 0.07801041876484507, 0.5737198681033764, 1.8361625043760565, 2.525265754248911, 0.07357101251321081
0.3531103660217798, 0.0815244241230305, 0.5734271196705303, 1.8236122291824661, 2.534930898552085, 0.07241596080552688
0.35140182211089493, 0.08503505203651165, 0.5731460496747449, 1.8108111305204355, 2.5445376253373344, 0.07126785009849168
0.34964775324491265, 0.08861269442106619, 0.5729097123335872, 1.7973467801506846, 2.5545490811493274, 0.07032954117851427
0.347927785934709, 0.09223700700436545, 0.5727088367072455, 1.7841385519413435, 2.56434890645639, 0.06957633429604226
0.3462012163154071, 0.09599273101027368, 0.5723781979752836, 1.7703656189674115, 2.5744523995368, 0.06829897917514444
0.3444491385148436, 0.09959113433029075, 0.5720818233340264, 1.75707189377105, 2.584180953985016, 0.06689624568892873
0.3427821642554669, 0.10321577426640453, 0.5718058305035204, 1.7435152778239125, 2.593749010193474, 0.06575560937915444
0.3410786883755981, 0.106807989393112, 0.5715270187062723, 1.7300692392943395, 2.6032611097103007, 0.06462048457277637
0.3393758781822783, 0.11047459450392887, 0.5712401325178844, 1.7166399594103539, 2.612740170769344, 0.06365001199575084
0.3376542016777756, 0.11406098302550383, 0.5709481097252389, 1.7027502280924698, 2.6223834582674588, 0.06233829460750741
0.3359336967098926, 0.11764346813105105, 0.5706947755140973, 1.6892925593990709, 2.631484794779865, 0.061230209512926945
0.33423140010400076, 0.12129196111026193, 0.5704297979313673, 1.6756763335433944, 2.640772748769558, 0.06021529442234028
0.33248778807637, 0.12488681079206483, 0.5701731512332461, 1.6616023330687042, 2.650113378678092, 0.059113776048150185
0.33070719715429747, 0.12865438294912673, 0.5699108518906071, 1.6473884477036376, 2.6595566959527197, 0.05807140238015721
0.32901004192370203, 0.13223814852260007, 0.5696088883615305, 1.633562000156038, 2.6686024145602714, 0.05682162016941663
0.3273054696587204, 0.1358396855038095, 0.5693499229373364, 1.6198036632204453, 2.6774416436481276, 0.055663333915300754
0.3255895063550027, 0.13945023228440076, 0.5690543138344856, 1.6055228685610896, 2.686550762816932, 0.05442667332405545
0.32388376605284036, 0.1430046904233352, 0.568816202159285, 1.592094406112096, 2.695046040421428, 0.05346945907647835
0.3222125287783122, 0.14660706044216562, 0.5685148889764222, 1.5780846703141211, 2.7037794583697887, 0.052286728817030226
0.32047146132323745, 0.1502320105332974, 0.5682372235859268, 1.5639266803520002, 2.712413468086632, 0.05112649415463753
0.318750410185546, 0.1538133777482683, 0.5679651339498715, 1.5495571156374883, 2.7211847618853247, 0.04991513455870415
0.31695397807384346, 0.15753898174296485, 0.5677426249116595, 1.5348297008663982, 2.7299330250540432, 0.049046910175928576
0.31520718059579994, 0.16117712610807522, 0.5674512364573093, 1.5203957695867316, 2.738568727645123, 0.047828142887142
0.3135343795079012, 0.16479581418298456, 0.5671865576973429, 1.5061909092187329, 2.7468041268841747, 0.046673743895925865
0.3118023265809207, 0.16845374432281832, 0.5669058340004924, 1.491971157715023, 2.7551879040420326, 0.04555312821187116
0.31009871858317395, 0.17202737333331627, 0.5666140328645972, 1.4775590642115095, 2.7633763310943187, 0.044272487265886805
0.3084082462967097, 0.17563152595166137, 0.5663313079631431, 1.4631871999987192, 2.771574983203104, 0.04304015120637368
0.30670649528766086, 0.17923011510208237, 0.5660610502577382, 1.4488218792123035, 2.779586890613969, 0.04196717101361591
0.30499937109817143, 0.18280987016557504, 0.5657918516424363, 1.434323548493245, 2.7875584092958183, 0.04080980487428365
0.30331813018453946, 0.18639599839923035, 0.565470718829467, 1.4201481890176317, 2.7953888070209962, 0.039458382909734
0.30151004502318307, 0.19020445202732458, 0.5651407721999381, 1.4048285536728005, 2.8036719361786586, 0.038075051375096834
0.2997972370742937, 0.19380863376127436, 0.5648932571066789, 1.390148183179053, 2.8114778605728756, 0.03709554264547447
0.29806065562880674, 0.1973850274151736, 0.5646885047677703, 1.3755602326545433, 2.8190979644826997, 0.03615522197589945
0.29634725658391897, 0.20102532763791062, 0.5644122000549239, 1.3606034381460128, 2.826780029127434, 0.03501403643429118
0.2946553764864234, 0.20459603008480354, 0.5641345510793347, 1.346016677046869, 2.8342524519296766, 0.03371712425853907
0.2929845031847654, 0.2081690726794918, 0.5638491111136329, 1.3315135944067642, 2.841549115038945, 0.032613378100572465
0.2912580970000128, 0.21183835621582636, 0.5635957986582901, 1.3164743759128248, 2.8489984199190013, 0.031565154796673656
0.2895550540854936, 0.21545639599629038, 0.5632922059881, 1.3015127256388712, 2.8563092405182857, 0.030185153776545307
0.28784127738604764, 0.21906799566894114, 0.563026629538553, 1.2863813327583231, 2.863671042542397, 0.029053397044634874
0.2860413610131701, 0.22279397071868567, 0.5627561455942665, 1.2710360980371365, 2.870926366928418, 0.027869483798352166
0.2843319750749373, 0.22635626584112298, 0.5625093574565082, 1.2561119656601294, 2.8780837155532923, 0.026847788513771658
0.28265519425331515, 0.2299676467224858, 0.5621735525432473, 1.24124715350193, 2.8850586622236554, 0.02542109748341333
0.2809202644862869, 0.23365531251901694, 0.5619037687053414, 1.2258718285306758, 2.8919857937610867, 0.02423354117719319
0.27918603289814226, 0.23725018115331192, 0.5616244029325, -1.2106831053234859, -2.898795978017404, -0.02300731470077858
0.27753918964826146, 0.24082500655017886, 0.5613546133723291, -1.1953814931914195, -2.9048397860807094, -0.021860873842283808
0.2758021772876811, 0.2443696791974386, 0.5611231546867675, -1.1801179024442077, -2.9105733706233052, -0.020870038316100487
0.27407033848967827, 0.24802336410381112, 0.5608568679271403, -1.164255698610853, -2.9165658139109087, -0.01973650090760247
0.2723541098986271, 0.25165369806693155, 0.5606021785107641, -1.1487808184467292, -2.9221468928700074, -0.018616304934464093
0.27062439049246456, 0.2553929406303441, 0.5602712762708009, -1.1325142914200308, -2.9280091919496316, -0.017288191541216566
0.2689145254392002, 0.258966238219105, 0.560018454667343, -1.1169969469480647, -2.933556260002367, -0.016094458223607278
0.2671689063523962, 0.26256045530275834, 0.5597650561670774, -1.1016129487168038, -2.9389669929130924, -0.014915759050410475
0.265472323642518, 0.2662097681729806, 0.5594987610376573, -1.0857921137385997, -2.9444712876869037, -0.014053030657609348
0.2637840926188521, 0.26981702573589167, 0.5591567843218077, -1.0700680104862375, -2.9497492687791036, -0.012429284692780776
0.2620679142148493, 0.2734273855425888, 0.5588963456659465, -1.0544383657347516, -2.954882952015533, -0.011299264868314299
0.2603094241509208, 0.27701896307686624, 0.5586818792718914, -1.03841695173818, -2.9601351433328107, -0.010361604733156103
0.2586400603981389, 0.28056682185273635, 0.5584091456912551, -1.0228704180822317, -2.965080207038664, -0.009072679124030083
0.25694958561566456, 0.2842845566681011, 0.5580463369456172, -1.0069930941012832, -2.970024831140642, -0.007575018080287996
0.25520095894523304, 0.28787124808294506, 0.5578408594135567, -0.9909942970765567, -2.9750637259844055, -0.006788144355661176
0.2534546959537892, 0.2915844667363836, 0.5575165799220795, -0.9746895731651319, -2.9799425593361963, -0.0054019143599443025
0.25174463248140844, 0.29522252836422036, 0.5572328162239836, -0.9585875830045724, -2.9846437342163576, -0.00407656271483264
0.24997823132785818, 0.29884267984657337, 0.5570152710959856, -0.9424322412155172, -2.9893429376958713, -0.003055381049903255
0.24838359752738792, 0.3022135667400786, 0.5567819204916168, -0.9277503312453139, -2.9936412805549217, -0.0021437226417004955
0.24680533618108244, 0.30559523537993016, 0.556514800255795, -0.9127657894500261, -2.9978499654859094, -0.0009468605821740295
0.24532606795755957, 0.30870003477769725, 0.5562697922639044, -0.8992051701077419, -3.0015642224698245, 0.0001006167793722177
0.24392438341875147, 0.31164035791721256, 0.5560259479870194, -0.8859178207619951, -3.005140204249766, 0.0010702547865932951
0.24260789338502728, 0.3144047072973908, 0.5558413378109177, -0.873769240424572, -3.0082574998325167, 0.0019006815668049775
0.24136616302222383, 0.31698898627125405, 0.5556457289699004, -0.8621928299647895, -3.0112539473829334, 0.0028372926393315187
0.24029674228574283, 0.319399411506361, 0.5554079174326405, -0.852055492966023, -3.013877080637021, 0.0037093006516262356
0.23917789057931968, 0.32160494383781585, 0.5552857994574288, -0.8414695929130407, -3.0166544535478033, 0.004323477732293463
0.23823958309936039, 0.32363008701226986, 0.5551167200150435, -0.8328519000482952, -3.0187936908860524, 0.0050634542779908545
0.23732949823299085, 0.32556130294114916, 0.5549654025151546, -0.8240298087192979, -3.020969817857008, 0.005685060997938628
0.23649775056671077, 0.3272856085971422, 0.5548140072500174, -0.81656260549955, -3.022765856306642, 0.006312051270307329
0.23580365103576326, 0.32879854482262183, 0.5547057166780356, -0.8098046555648585, -3.0243051286492295, 0.006665218047071057
0.23521766926318086, 0.3300406140033069, 0.5546549628649051, -0.8041887784156595, -3.0257805515960885, 0.006898062154277177
0.23465721947937673, 0.3311826135541735, 0.5545578889458809, -0.7989831327818201, -3.0269704131481596, 0.0074284601513335624
0.23419162844592797, 0.3321226204629157, 0.5544788280805705, -0.7947732950412189, -3.0279630297695297, 0.007762910666990008
0.23380379799229012, 0.3328922951151007, 0.5544085966664976, -0.7910887828773797, -3.0288261428484047, 0.008057617955631686
0.23354866147930228, 0.3334846322012881, 0.5543703643876844, -0.7887723615660617, -3.0293606976182534, 0.008223646815635475
0.233353969088294, 0.33387480099893935, 0.5543684216075246, -0.7868307995301518, -3.029778905748741, 0.008233581743985934
0.23324095038970521, 0.3341387354847126, 0.554332039685323, -0.7857209754962342, -3.0300479019971904, 0.008364362049148253
0.23322770527809536, 0.3341875578788534, 0.5543410763170148, -0.785405563727073, -3.030177710775478, 0.008388890023482354
0.23323653219766502, 0.33421947841191485, 0.5543163489557417, -0.7854727531367632, -3.030133705516956, 0.008424817787503454
0.2332233672579456, 0.3342090066529778, 0.5543315457912499, -0.7854437040309269, -3.030096115171282, 0.008344173347300437
0.2332247153025958, 0.33422838191868137, 0.5543106265651159, -0.7853817276861517, -3.03015626400088, 0.008444263027945102
0.23321603819297873, 0.33420652735357353, 0.5543528760593435, -0.7853623689385159, -3.0301583689367293, 0.008273721568752258
0.23322446998851765, 0.3342086727535196, 0.5543558348679692, -0.7854299856599587, -3.0301182885344784, 0.008233350769041903
0.23322147947181993, 0.3342190238594923, 0.5543352826810174, -0.7853457864719589, -3.0301685857221785, 0.008387511204517367
0.23321894100034093, 0.33422596061735427, 0.5543398226560656, -0.785383472864118, -3.0301632164295476, 0.00831281934871861
0.23321965999627434, 0.3342202416052658, 0.5543540620025212, -0.7853591809922167, -3.030145681150164, 0.008291454555263535
0.23322375244748414, 0.3342244444840539, 0.5543384082488615, -0.7853708541814954, -3.0301148766270565, 0.008343952954830022
0.23321974686402805, 0.3342415276902967, 0.5543301830911376, -0.785334616128748, -3.0301233196493707, 0.008362763654115488
0.233215635921457, 0.33422304957798593, 0.5543540620025212, -0.7853409472219358, -3.030150439610355, 0.008291561249002002
0.23321821871392334, 0.3342259662446914, 0.5543410091193774, -0.7853508555971646, -3.030111044022341, 0.008285953061664289
0.23323206023127194, 0.3342163727358248, 0.5543343578974901, -0.7853924941615033, -3.030122697314537, 0.008325903367292352
0.23321360183360149, 0.3342205260016398, 0.5543435527420938, -0.7853014698674118, -3.030147391225067, 0.00830762134469348
0.23321229639996358, 0.3342343492014394, 0.554334029725464, -0.785389306900427, -3.030110352149771, 0.008344701055137264
0.23321256198003432, 0.33423486239892203, 0.5543651776571539, -0.7853550828216427, -3.030127536943601, 0.008194238585856108
0.23322178089791673, 0.3342435456501959, 0.5543597218425059, -0.7853059039473274, -3.0301599872542098, 0.00806516436098679
0.23323063565777627, 0.3342690937472092, 0.5540810560951893, -0.7852758778861819, -3.030161084316081, 0.008214678468335266
0.233222332114083, 0.334249427925363, 0.5535108986816938, -0.7852795573483928, -3.0301194689985946, 0.00877654815523946
0.23320756386115526, 0.3342275974538074, 0.552845634317581, -0.7852404338164585, -3.030113750835454, 0.00870171351023345
0.23321122168873312, 0.33424882688211394, 0.5519926340656969, -0.7851610146934901, -3.0301534121794793, 0.008689526269033498
0.23321901442478526, 0.33423094312393925, 0.550945748055024, -0.7851576524578316, -3.0301595818740346, 0.008505081352240828
0.23321883287654846, 0.3342286542692097, 0.5496162875337517, -0.7852949197780797, -3.0301672264643806, 0.009006594599538974
0.23322699038204558, 0.33421924755931626, 0.5481815972318053, -0.7853645371363648, -3.0301853294493286, 0.008772701967335357
0.23322507687493738, 0.3342293312797673, 0.5465236745321959, -0.7853666968726292, -3.0301401876668335, 0.008679794327651518
0.23322645291335722, 0.33417166947526866, 0.5447199460834007, -0.7853199799489894, -3.0301909978659487, 0.008445859440160982
0.2332365001412583, 0.33418835087257215, 0.5427192406722862, -0.7853966828715875, -3.0301721406311817, 0.008474327088879402
0.2332333868223749, 0.3342293987528183, 0.540876850952779, -0.7853118587880338, -3.030138393643007, 0.00817232699510805
0.23324693421129486, 0.33421141428999007, 0.5391356027463661, -0.7853859434074995, -3.030086643365632, 0.008966106311932906
0.23323288364442152, 0.3341701132942605, 0.5376107290592548, -0.7853418073607867, -3.03011038607227, 0.008955179189604931
0.23324098722687664, 0.3341823069076759, 0.5364198634294415, -0.7853720730926156, -3.030158142803716, 0.008797448975353018
0.23323284511459322, 0.33419592821735533, 0.5353887750999089, -0.7852386129972307, -3.0301850838388638, 0.008422811138653459
0.23323645071381952, 0.33419508116870283, 0.5345060205050736, -0.7853856110129364, -3.0301285090438976, 0.008651661276353232
0.23323997595725823, 0.3341809421100564, 0.5338255796561359, -0.7853185289733746, -3.030170685759685, 0.008957595479909842
0.23324727268180598, 0.3342038382375802, 0.5334453940247308, -0.7852655657628378, -3.030207157200054, 0.008397464279263885
0.2332403414257842, 0.33418707739597187, 0.5332145034405165, -0.7852694680102164, -3.0301956374027292, 0.008397592094113643
0.2332434584223941, 0.3342101136660181, 0.5331517812546194, -0.7852371313584878, -3.0302098695713124, 0.008304698634138642
0.2331944151831976, 0.3341518378178893, 0.5331305027506071, -0.7854589576619873, -3.030168837026415, 0.008253085382647771
0.2328126281443713, 0.33420033208863453, 0.5331434851873653, -0.7852472450637957, -3.030171129721718, 0.008185612692825278
0.23225883908996228, 0.33422449238398483, 0.53313690512627, -0.785177933693975, -3.0301262629438517, 0.008350813880285572
0.23150717854822095, 0.33422572526024547, 0.5331299348172757, -0.7850214535700556, -3.0302003950607648, 0.008403261091347366
0.2306218592166618, 0.33421831978662414, 0.5331124265221857, -0.785198240361891, -3.0302041583322326, 0.008446105082047553
0.22944085475586612, 0.33427120384533787, 0.533122051972218, -0.7851414242771882, -3.0302056701082405, 0.008343247584104835
0.22809781743320237, 0.3342974152014624, 0.5331668322389939, -0.7850141258088673, -3.0302400047384785, 0.008228948415448103
0.22658997448151372, 0.3343252507825233, 0.5331593571569138, -0.7852392474821642, -3.0302060246608526, 0.008219897767446875
0.22486623328774039, 0.33436258833041427, 0.5331355169406031, -0.7852227156454371, -3.03013571763401, 0.008267077324454239
0.22291013068867585, 0.3344536903888516, 0.5331064791965758, -0.7850918100759535, -3.0302213438650583, 0.008353992650088583
0.22108046222066072, 0.3344388166034183, 0.533181606304663, -0.7852795621535577, -3.030195802017473, 0.00815207730880586
0.21940979310836095, 0.334466152492464, 0.5331624022156698, -0.7852054610822577, -3.030209658767792, 0.00831641913241237
0.21793326872271326, 0.3345528877783613, 0.533119395439024, -0.7851069961574557, -3.0301918040513693, 0.008451899866116693
0.2166977767028842, 0.33457092394887833, 0.5331288120285854, -0.7849985436904707, -3.0302186500019532, 0.008297195534556929
0.21565404814449476, 0.3345800344496548, 0.5331449302449687, -0.785172527895415, -3.0302140563018525, 0.00830829705595461
0.2147442578234177, 0.3346263369349052, 0.5331605915605141, -0.785022051375306, -3.030304529849222, 0.008276134658312787
0.21408192964773318, 0.3346225022367564, 0.5331680110705184, -0.7849435500962579, -3.030149589053499, 0.008237007747754804
0.2136290253076071, 0.33462661185118125, 0.5331437965604022, -0.7851719719309013, -3.0301315941867557, 0.00837284087236384
0.21338429693897884, 0.3346276905497576, 0.5331293709883971, -0.7850397357533142, -3.030143952543559, 0.008399525443180952
0.21332477745262027, 0.334624154106217, 0.5331434530647314, -0.7851583326839662, -3.030152636456989, 0.00834829845200795
0.21331272633290688, 0.3346311572078255, 0.5331323513252405, -0.7850373606180115, -3.0301336028863823, 0.00838266457749507
0.213317318012763, 0.33463520709066014, 0.5331329426852096, -0.7851189046226847, -3.030149725165758, 0.00838662468069477
0.21332398796753663, 0.3346053415185814, 0.5331559535819973, -0.7851942521873111, -3.03014416759254, 0.008311002103470409
0.2133079752147429, 0.33462310417902597, 0.533177117898046, -0.7851164366228897, -3.030142347302446, 0.008198186246128187
0.2133307095713143, 0.33461192765022124, 0.5331378318326387, -0.7852313854640922, -3.0301342006523044, 0.008330401938764366
0.21331068611003245, 0.33460020635332216, 0.5331581382008547, -0.7851518331193212, -3.0301304587608113, 0.00831060304273491
0.2133079826297831, 0.33459853017049634, 0.5331718784074385, -0.7851464943127637, -3.0301093449101, 0.008215264905308247
0.21330407160037254, 0.3346138158471191, 0.5331569827621596, -0.7850770240103168, -3.030138473612649, 0.008272636850600458
0.21330115815557146, 0.3346163815881662, 0.5331516162358139, -0.7850797711088152, -3.0301497276931495, 0.00829142804830216
0.2133103584101783, 0.33460664740887597, 0.5331526325631972, -0.7850922146011386, -3.0301225121863635, 0.008252988213415581
0.21332441105988442, 0.33463068395289, 0.5331276020083745, -0.7851523773993656, -3.0301281522604353, 0.008403629709206642
0.2133033830582381, 0.33460769799802087, 0.5331550333134163, -0.7851158843991036, -3.030140345858005, 0.008291425938229905
0.21331537912631987, 0.3346247463161246, 0.5331420133017253, -0.7851398985424116, -3.0301574870015333, 0.008350111219084029
0.21330996816073586, 0.334601551220429, 0.5331592754409082, -0.7851490767583784, -3.0301193236092314, 0.00829128114789148
0.21330342218573065, 0.3346191707594041, 0.5331582665572786, -0.785089310117017, -3.030110964973011, 0.008270659646360647
0.2132936906747737, 0.3346348141971973, 0.5331523296711826, -0.7850890359307326, -3.0301098617939686, 0.008327988515646464
0.21330860245125027, 0.334621432587298, 0.5331558335492635, -0.785156129349547, -3.030143794688069, 0.008236383027640667
0.21330215566286878, 0.3346120556453299, 0.5331514564549755, -0.7851038932897857, -3.0301686927008493, 0.008274991223437639
0.21329836399442548, 0.33461901883032935, 0.5331638811049045, -0.7851744214549017, -3.0301391563769937, 0.008236916130719774
0.2133029214797203, 0.3346147270045529, 0.5331504660353252, -0.7850854949456892, -3.0301725225615685, 0.008311431832171473
0.21329121216887476, 0.33461102805475795, 0.533160686108379, -0.785009938345313, -3.030181109846517, 0.008254813727041283
0.21328409761765063, 0.3346144967086776, 0.533160724976804, -0.7849830108752355, -3.0301509559127062, 0.00825288152183488
0.21330000226587362, 0.3346086140013634, 0.533159249584657, -0.7851004629427958, -3.030156751214502, 0.008292959299410802
0.21330660367055906, 0.33459388389608413, 0.5331654479636486, -0.7851464316999422, -3.0301089672198955, 0.008233167765761707
0.21330351800912437, 0.3346120437417817, 0.5331493803784233, -0.785131200717928, -3.030123217802988, 0.008328153102887911
0.21329413793972318, 0.3346171664965533, 0.5331514564549755, -0.7850495368244136, -3.0301828082985502, 0.008275098309323884
0.2132962340841351, 0.33459483540927454, 0.5331663165069297, -0.785143091102388, -3.0300966079155787, 0.008289625376235961
0.21330052722903298, 0.33461805594647337, 0.5331469536776565, -0.7850950549203601, -3.030133512455111, 0.008291606864833588
0.21328858504942802, 0.33460989774141475, 0.5331526634221746, -0.7851308438765061, -3.0301239295871825, 0.008310892577112924
0.21329025863017, 0.33461939859325496, 0.533160546784898, -0.7850372686668889, -3.0301360014333394, 0.008290281471414933
0.21329850973797404, 0.3346236094969427, 0.5331345738419956, -0.7851160539897633, -3.0301387107470523, 0.008367191568630819
0.2133042651155594, 0.3345907391665808, 0.5331720648530414, -0.7851548302676348, -3.030143038253003, 0.008272712003687031
0.2132965870658004, 0.3346122182220389, 0.5331561960880542, -0.7850710069365082, -3.0301157594952066, 0.008270768650776316
0.21329872035911634, 0.33460818983311114, 0.5331527845858227, -0.7850792169036376, -3.0301489346330746, 0.008328719957728117
0.21329912442383392, 0.33460955756737737, 0.5331481091760135, -0.7850793703772877, -3.030148912584891, 0.008329467612791968
0.2133130226305703, 0.33461200979480005, 0.5331448388803799, -0.7851855630898124, -3.030108667292581, 0.008346693116169744
0.2132988374320765, 0.3346209066353977, 0.5331378889312615, -0.7850641158413644, -3.0301640065428024, 0.008386197580200467
0.2132929835678411, 0.3346171173356633, 0.5331649602245759, -0.7850640570952367, -3.0301662209735447, 0.008292424305603835
0.21329528610801024, 0.33460021510599686, 0.5331643105418736, -0.7850946974583827, -3.0301344417745377, 0.008252817331595566
0.2133037943950006, 0.33460531190757686, 0.5331527715999537, -0.7850823493643526, -3.0301604861739735, 0.00832918869229059
0.2132980844165896, 0.33459825387396264, 0.533163147444375, -0.78513986018932, -3.0301593888535665, 0.008273709727268005
0.21329931443377542, 0.3346177319156359, 0.5331581201698923, -0.7850560044457615, -3.030131979416615, 0.00825341593993058
0.21329408016990645, 0.33462482270123695, 0.5331390262349659, -0.7850795967469947, -3.0301481224184283, 0.008367190904977334
0.21330733217050538, 0.3346126209403767, 0.5331581201698923, -0.7851284287294181, -3.030113214262847, 0.008253414875257166
0.2132890484479934, 0.33460758923075107, 0.533168479297517, -0.7850794777017243, -3.03015027093543, 0.008273204198457396
0.21330290598371332, 0.3345937617058285, 0.5331685397650472, -0.7851673274827641, -3.030115571629303, 0.00825356259627411
0.21328378068382806, 0.33461345855813135, 0.533159600580618, -0.7850738958625171, -3.0301271169769057, 0.00827206448785267
0.21329835653312995, 0.3345982864362795, 0.5331585237815814, -0.7851283643488745, -3.0301128526029735, 0.008271530712302523
0.21328830365230117, 0.33460501914192214, 0.5331642976715062, -0.7850432802032333, -3.030160101135428, 0.008253599580054212
0.2132923819732204, 0.3346150672425691, 0.5331550203275045, -0.785064331473486, -3.0301662289033566, 0.008292428437505545
0.21328706088373922, 0.3346162087029549, 0.5331425839014441, -0.7850494014189, -3.030107255200476, 0.008345742135132188
0.21329122020032557, 0.3346187718635505, 0.5331661104641516, -0.7850583329855044, -3.030143425811496, 0.008272421400502546
0.21329309075895198, 0.33460043082369256, 0.5331518352120553, -0.7850886405788334, -3.0301103315866165, 0.008308169175069045
0.2132937324924106, 0.3346073399104675, 0.5331470738526892, -0.7850432133334169, -3.030158290127513, 0.008329468292090221
0.21328232447542506, 0.33459702283197595, 0.5331552895829028, -0.7850644133820477, -3.030166278283419, 0.008292643855149547
0.21328282986035416, 0.33461034402913375, 0.5331562274696908, -0.7850733496512746, -3.0301258921016285, 0.008328003582098824
0.2132900465649861, 0.33461891887627376, 0.5331301916035673, -0.785091333125263, -3.0301190565382448, 0.008421881991052328
0.21329093451030187, 0.3346055630461345, 0.5331504277334093, -0.7850731085564991, -3.030125385441734, 0.008346968443645268
0.21330153879165942, 0.33461481028776563, 0.5324920312540317, -0.785148783989753, -3.030129741098718, 0.009084032933373894
0.21328915436518045, 0.3346031282829438, 0.5310108562414798, -0.7851794951450363, -3.0300786946253178, 0.009312606740519824
0.2132992390457898, 0.33461660046944186, 0.5296510435544386, -0.7851670844792864, -3.030099181502138, 0.009524358957349837
0.2132864706101256, 0.3345942734712204, 0.5283893124848342, -0.785223996468963, -3.0301127284320737, 0.010281510263154237
0.21329189032797177, 0.3345987268694007, 0.5271406965736866, -0.7851891210711585, -3.0300617529132863, 0.010601549332252868
0.21328716926656865, 0.33458644969271345, 0.5258853272434909, -0.7852150611363407, -3.0300956784846083, 0.01085334069152059
0.21327692477331023, 0.33456616441396164, 0.5245097489560863, -0.7852041744887882, -3.0300497914276496, 0.011268629010809737
0.2132874630588306, 0.3346097223135076, 0.5233534396401943, -0.785260129117373, -3.030061309578717, 0.011593018994364143
0.21329178004668123, 0.3346155026370649, 0.5220587519259456, -0.7853232631546867, -3.030014145889584, 0.01223433109947505
0.21327839944010113, 0.3346053185242789, 0.5206287734514894, -0.7852313154298264, -3.0300258361101027, 0.01267097075374447
0.21328545744925156, 0.33460458002634474, 0.5192651130532245, -0.7852556633273746, -3.0300440499308117, 0.0131074486615731
0.21329522290733696, 0.33464892628747905, 0.5180041417581815, -0.7852573054800968, -3.030057079978596, 0.013470424822719854
0.21329021036501983, 0.33463061571139796, 0.5166208115364974, -0.7852588881957515, -3.030059715336173, 0.013793762714167754
0.21330340663832426, 0.33464538284554657, 0.515329510746587, -0.7852389879245851, -3.0300584859413218, 0.01396666085920282
0.21333125144427467, 0.3346297001610146, 0.5141467862236675, -0.7852908916261641, -3.0303549521144926, 0.013856785789229095
0.21338468018669407, 0.33460730626748675, 0.5128921347155888, -0.7854982540238569, -3.0308020215210334, 0.014059105783421807
0.21341123246524327, 0.3345676113897073, 0.5116695067210273, -0.785657425972882, -3.031133688197814, 0.013954111700907374
0.2134471613439039, 0.33459901513623025, 0.5103299707109707, -0.7857319299189115, -3.0313517634302585, 0.014309625092408103
0.21347015245208165, 0.3346330294235915, 0.5091298099368516, -0.7857465376284887, -3.031430392473549, 0.014846035528618589
0.2134739010914266, 0.3346284099289834, 0.5079727623297225, -0.7857409047605644, -3.0314325798980044, 0.015187212491197121
0.2134783887217113, 0.3346020591054071, 0.5068725135719586, -0.7858141797336499, -3.031443815460613, 0.01534345003603627
0.21346870823986938, 0.33457212947096593, 0.505879076213712, -0.7858180593279623, -3.0314284216439558, 0.015740083185214318
0.21345569361635933, 0.33458375631534115, 0.5048130298504367, -0.7856884826077004, -3.0314863547962245, 0.01610084724749229
0.21345674769505005, 0.3345699611982619, 0.5038875065941505, -0.7856221067180672, -3.0315040947644856, 0.01636703056899474
0.2134526153142291, 0.33455155190082514, 0.5029310000565274, -0.7856466191351094, -3.0315024965887845, 0.0169524572058806
0.21345249217626716, 0.33454211189230476, 0.5020898146007033, -0.7857490261733971, -3.031505388817958, 0.017071101984192694
0.21346352817285408, 0.3345663770700305, 0.5011822664391653, -0.7857512131767417, -3.0314898518709104, 0.017448851543733834
0.2134714616239882, 0.3345450415383863, 0.5005665752451997, -0.7857757604138459, -3.0315906584421133, 0.017344235842837584
0.21345527189250646, 0.3344766342692491, 0.5001267600812205, -0.7858031853245168, -3.03163957192327, 0.016823588270083328
0.21344210181248635, 0.3344144099067415, 0.4997539909396766, -0.785815538186767, -3.0317086721975923, 0.016134133067984533
0.21347112840504695, 0.33440618775459724, 0.4993342968569495, -0.785890839693696, -3.0318161076899957, 0.016592442626951115
0.21347474471261607, 0.334435236404801, 0.49913716287525817, -0.7857983895534438, -3.031888043280825, 0.016708680651619005
0.21348170074868575, 0.33443095563250497, 0.4990785634359128, -0.7857918691354412, -3.0319297252982507, 0.016618079513707563
0.2134846445161798, 0.33443771138659506, 0.4990310217831035, -0.7858102678330685, -3.0319283924497302, 0.01695546604873604
0.2134944435416595, 0.3344221646297323, 0.4990400503455441, -0.7858294922343533, -3.0319267059343993, 0.016823680586296293
0.2134900927969801, 0.33443993346314976, 0.4990378290189009, -0.7858105100901088, -3.031928660962755, 0.016936628985261343
0.21348814456593998, 0.33442630260105244, 0.499055142215424, -0.7858302166582269, -3.031940217898425, 0.0172194834993034
0.2134925999663654, 0.33442583047725627, 0.4991357164624486, -0.7858074814619134, -3.0319409161466693, 0.017368418286196827
0.21349604860968313, 0.33443379709223886, 0.49911960723963006, -0.7857731691820293, -3.0319601025675045, 0.017444344802183723
0.2134843955531031, 0.3344106429928226, 0.4991619932587292, -0.7856068622159365, -3.0319996428143217, 0.017537725089852536
0.21350119294488612, 0.33445169726198287, 0.49916893873816554, -0.7856971287459168, -3.031974267473073, 0.01761260923451712
0.21351236951875754, 0.33444990540022296, 0.4991840086333318, -0.7856647110591974, -3.032003642665804, 0.01772545859776147
0.2134994590114405, 0.3344545380554916, 0.4991922273339207, -0.7855917602590216, -3.032022095341854, 0.017743540760427116
0.21350448077616288, 0.3344631350922077, 0.49919563064260125, -0.7856043005662741, -3.031994550652735, 0.017723337924499
0.21349965791852715, 0.33445502024888474, 0.4991966846532364, -0.7856108816580988, -3.032019834056325, 0.017650348512161882
0.21351059377681883, 0.33445516767830374, 0.499205757355715, -0.7856024098120153, -3.031985974637945, 0.017591656309945206
0.21350979854107602, 0.3344731219581028, 0.49917135467661633, -0.7856128401692701, -3.0320215563445103, 0.017575562966539556
0.21354121076897065, 0.3345582085877551, 0.49941368834618477, -0.7856191387607152, -3.032015449932053, 0.018513310787751033
0.21356774592844746, 0.3346338533792693, 0.49967512714414297, -0.7855685048991515, -3.032009034091033, 0.019093369507429195
0.213546625811512, 0.33456901274439727, 0.500188851741055, -0.7855590664226478, -3.0319466386562013, 0.01859909618469558
0.2135044945474078, 0.3345493240025875, 0.5005193438751493, -0.7853200543521215, -3.031876422436995, 0.018346029642564193
0.21350536255689856, 0.33451584327949774, 0.5006659246061633, -0.7852667285018655, -3.0319088181738727, 0.018063246375612574
0.21351326035714002, 0.3345219143102921, 0.5006759791407166, -0.7853848754919299, -3.031840190995539, 0.01810012522116286
0.21350091226622311, 0.33455226218379436, 0.500656490194855, -0.785252751828867, -3.0318499376440515, 0.018098763769563826
0.21350929414231234, 0.3345438951479747, 0.5006210148371918, -0.7851868256935265, -3.0318871753559407, 0.017816730634775565
0.21350861107813746, 0.3345575737163467, 0.5005649181156355, -0.7850611429335582, -3.0319193549919974, 0.017834959168159106
0.21351108200014565, 0.33454590574702014, 0.5005201438468027, -0.7851200947161338, -3.0319175145202375, 0.01781790199782108
0.21352339743300433, 0.33455521902383123, 0.5004262764667381, -0.7851591908519754, -3.0319075631552215, 0.01783717060058947
0.21352260060071063, 0.33457324502489816, 0.5003862242592727, -0.7850964455020744, -3.0319612109809646, 0.017839381363382152
0.21351601477039778, 0.3345671182258595, 0.5003508422507702, -0.7851327978011687, -3.0319497055965123, 0.017933779662723578
0.21352983746564858, 0.3345657652657472, 0.500344074943342, -0.7852046016865505, -3.031928887608196, 0.018008219990796267
0.21352161494770477, 0.3345581270120584, 0.5003384894535546, -0.7851634935420155, -3.031922406389932, 0.018176875666184974
0.21351561031049437, 0.3345341387378803, 0.5003887917791529, -0.7851275072319738, -3.031942342100618, 0.018214705216142067
0.2135035352052115, 0.3345161170717991, 0.500114920099756, -0.7851482401310634, -3.03198013536668, 0.017673458738359873
0.2135553466734193, 0.3345655843849766, 0.4986544690685662, -0.7851726817465072, -3.032127791946926, 0.01749904914248593
0.21364873616379215, 0.33473162177060695, 0.4971755059181864, -0.7854942698976888, -3.0322486305603773, 0.01864462047219224
0.21360653199479576, 0.33461409558773914, 0.49643500569798554, -0.785453391915909, -3.032297940150812, 0.017973373537186588
0.2136099838647942, 0.33460837227670004, 0.4956735173695406, -0.7854741099415201, -3.032294166773513, 0.018163170793018248
0.2136181752404477, 0.33465946670104335, 0.49503098740255425, -0.7854107930969854, -3.032280862464433, 0.018539489917145543
0.2136346067602507, 0.334666124568883, 0.49468214468663385, -0.7854199996807341, -3.0322780619961467, 0.018652593056934397
0.213645727916125, 0.33469631521154425, 0.49434725572573973, -0.7853221905966092, -3.0323187881454703, 0.019067910056087094
0.21364615586715696, 0.3347225744621347, 0.4941110342274006, -0.7853497106860784, -3.0323296612736774, 0.019389352994719437
0.21366392577192495, 0.3347419638400054, 0.49405491295303733, -0.7853819076401772, -3.032296828468214, 0.01938755604395494
0.21365387681329742, 0.33476060265503116, 0.49397020665345587, -0.7852506116620391, -3.0323098687022685, 0.019706174004969792
0.2136532238146382, 0.33477074868318163, 0.4938878233533585, -0.7852555915844696, -3.0323201743437216, 0.019763102205114166
0.21366928478492905, 0.33476920231683926, 0.49382348526771813, -0.7852242200422336, -3.032348012057821, 0.019933327357421357
0.21366972214201235, 0.3347907422844461, 0.4937924765440939, -0.7851853818782675, -3.032344938965902, 0.019970662357042035
0.21366222567361534, 0.3347937680573882, 0.4937831237671603, -0.785170909199715, -3.0323618645954635, 0.01995301213073791
0.21367188440011417, 0.33479809700325003, 0.4937683590843752, -0.7850956369542507, -3.0323669139943545, 0.02000755919813293
0.21367172605484736, 0.3347898704497388, 0.49375692278249056, -0.7851374624136346, -3.0323810735374996, 0.020009224995208595
0.21366875056097334, 0.3347961690426856, 0.4937306100407256, -0.7850638111659921, -3.0323952170381596, 0.02017846734572878
0.21366246575713196, 0.3347909182644221, 0.49375814229206916, -0.7849917990541153, -3.032416802925021, 0.020064850504697987
0.2136682701255971, 0.33477847388028226, 0.49373175969859623, -0.7850273312666594, -3.0324043339308306, 0.020178123003179897
0.21366578818619783, 0.334786343770628, 0.49375373845327025, -0.7850077346680164, -3.0324070608147378, 0.0202528216763665
0.21366831483344412, 0.33479953219761655, 0.49373428241790634, -0.7849628198298287, -3.032456950807916, 0.02021692049472579
0.2136717187067835, 0.3347823359298323, 0.49377178227236473, -0.7850876732413813, -3.0324166329390336, 0.020067164020582045
0.21368129121424057, 0.3347949341530258, 0.4937559277260931, -0.7850353108948698, -3.0324389275042307, 0.0201794222804913
0.21367573839819173, 0.3347924324481868, 0.49373773466659704, -0.7850168336764705, -3.032442301686406, 0.020235488546063655
0.21367098478036167, 0.3347811258310006, 0.4937389601432909, -0.7850057649051745, -3.032479033476547, 0.020350501373887844
0.21368598967257654, 0.33477221898439347, 0.4937458131370342, -0.7850678275754084, -3.032498123643399, 0.020409201089453127
0.21366700221561852, 0.33478094969681893, 0.4937573657020235, -0.7849469075830557, -3.0325559681398717, 0.020354228086348118
0.2136786139584185, 0.33479210634354534, 0.49372665709108293, -0.7850149443514476, -3.0325195373818303, 0.020578122582683
0.21367162906287418, 0.33478096121285056, 0.4937554370839707, -0.7850165134692543, -3.0325303300646795, 0.02061634354103957
0.21367287793136713, 0.33478930683538066, 0.4937819722264804, -0.7849570774795699, -3.0325299898212092, 0.020709351462446048
0.2136836340122546, 0.33481844372465003, 0.49377627138158703, -0.7849427935645392, -3.0325533225044246, 0.020880168328006835
0.21369711122946924, 0.3347959932412441, 0.4938213212720037, -0.7849610019418021, -3.0325566761809934, 0.020992242055517987
0.21367723133116667, 0.3348170799681045, 0.493814459226899, -0.7849011798925091, -3.032548636655255, 0.020972686919881606
0.21369665342850547, 0.3348268162047656, 0.49383621726904686, -0.7849605822181815, -3.0325564141582024, 0.021011230045941798
0.2136970515948873, 0.33484429117584924, 0.49382369587267816, -0.7849607340553351, -3.0325555411309826, 0.021048720300893064
0.2136950548627807, 0.3348375709700652, 0.49382601043056534, -0.7848875817032541, -3.03257356281269, 0.02106703522672434
0.2137011537744858, 0.33483833972833854, 0.4938018167894147, -0.784963679340634, -3.0325659821405764, 0.021087369229082973
0.21369935094851208, 0.33486055491866507, 0.49377876728826653, -0.7848589650520634, -3.0326066837285612, 0.021050651456444455
0.21368538819166316, 0.3348375323640266, 0.4938047772412219, -0.7849024097350572, -3.032626017247514, 0.02086532629852359
0.21370327330474112, 0.33484866362543125, 0.4937739397901314, -0.784874604660918, -3.0325850224060087, 0.020804867097289608
0.21370561998949558, 0.3348367463995292, 0.4937626446740927, -0.7849308985943437, -3.032580147766738, 0.02089898790710845
0.21369400559297602, 0.33484207667295474, 0.49374188000529157, -0.7847884054525086, -3.032628901459707, 0.020918985514132956
0.213705951410761, 0.3348502109755534, 0.4937259276828442, -0.7847522753054937, -3.032637932747907, 0.020917736862755883
0.21370291918865916, 0.33484715638032014, 0.49374505782439776, -0.7847672534059186, -3.03261596051386, 0.020691682227881873
0.21370491319786988, 0.33486647437136263, 0.4936971455759403, -0.7846601308289659, -3.0326505004459854, 0.020879429460066535
0.21369862687337207, 0.33484169422547116, 0.4937178236479895, -0.7846238969463225, -3.032667410654663, 0.021030751907830613
0.21370088779424845, 0.33485715503810637, 0.4937238006325362, -0.7846355529436293, -3.032638015555847, 0.0210853008429398
0.2137060405257704, 0.3348546420491558, 0.4937410698071061, -0.7846020376939518, -3.032660196733393, 0.0210289814507132
0.21370015708466827, 0.3348311325266953, 0.49377445844255063, -0.7846208204688786, -3.0326646964889714, 0.021123835461937048
0.21368562378839673, 0.3348382383415625, 0.4937859747277789, -0.784540994204985, -3.0326589959923846, 0.02117846504636932
0.21369888203435197, 0.33484299778255855, 0.49378934619061277, -0.7845292189952856, -3.0326868809585634, 0.021160885291572545
0.2137072928792286, 0.3348231182101082, 0.49380641375604845, -0.784601203949073, -3.0326684677786204, 0.02114279508873798
0.21369735113775357, 0.33483794604134837, 0.4937950914863535, -0.7845097779281249, -3.0326900623231405, 0.021217512774873628
0.21369136536684227, 0.33484147718958907, 0.493812389838715, -0.7845953127828661, -3.032645336712596, 0.021159878808135493
0.21368933469320914, 0.3348268666707314, 0.49382032293014366, -0.7845830059992349, -3.032674207242166, 0.02112397947395491
0.21369658491126053, 0.334839191656373, 0.4937905333824623, -0.784616342461842, -3.0326506142288085, 0.02121727051938006
0.21370043230988733, 0.3348245963292084, 0.4938089582182657, -0.784570063360825, -3.032700287939201, 0.0211810361872357
0.2136968289009273, 0.3348276987617985, 0.4937996346546355, -0.7845769636004949, -3.0326492053174325, 0.021178862652826792
0.2136938748614897, 0.3348413927111561, 0.49380327365527804, -0.7845534541745701, -3.032631196824641, 0.021158037869819103
0.21370211279305137, 0.33484179587244123, 0.4938030841390044, -0.7845252773137338, -3.032674595321701, 0.02117935331904413
0.21369894119978994, 0.33483108274083917, 0.49379964722207115, -0.7845977303350803, -3.032655653976116, 0.021198352754199346
0.21368558220004596, 0.33483037462012155, 0.4938157548066583, -0.784583016982249, -3.032674413756824, 0.021124152048198657
0.21368820702549232, 0.33483083736468505, 0.49380308732691774, -0.7845583922905454, -3.0326536639734236, 0.02119777277277449
0.2136936690553895, 0.33482944312422286, 0.4937951854060086, -0.7845606841215086, -3.0326630323163757, 0.02127298265401852
0.21370134749202402, 0.3348190617990117, 0.4938146392803802, -0.7845828132790206, -3.032673251715038, 0.021142128794936668
0.21370893771960345, 0.334832711828034, 0.4938099894849362, -0.7845973739619113, -3.0326547541386337, 0.021216663920574516
0.21369607018041903, 0.3348374381579373, 0.4938055807129451, -0.7845433676672754, -3.032669601411274, 0.021197518348704907
0.2137034199251469, 0.33483378382584783, 0.493812389838715, -0.7846132878129554, -3.0326402699945882, 0.02115945139044582
0.21369531023200206, 0.33482636729178894, 0.49382037568324044, -0.784610472011786, -3.032629227373872, 0.02114020663003525
0.21369240066402423, 0.3348336074338975, 0.49380330720820736, -0.7845306205670155, -3.032697165242746, 0.021217766888884784
0.21369511637638933, 0.3348340813975328, 0.4938226091586974, -0.7846165185601718, -3.0326530918476102, 0.02112322176380283
0.21370346945616736, 0.3348427430199958, 0.49378358731229055, -0.7845457676698622, -3.032678592077345, 0.02129289470771453
0.21369210672827416, 0.33482795515978375, 0.49381019799896053, -0.7845575876594956, -3.0326519521107063, 0.02125356853005664
0.21369707239220784, 0.3348331280128186, 0.49380553816938927, -0.7845854972741894, -3.032684152951053, 0.021180535267781086
0.21368996665836723, 0.3348291721904283, 0.4938019517834976, -0.784473073083959, -3.032699491586492, 0.021217509860346068
0.21369789803517095, 0.334827718629241, 0.49378493363193904, -0.7845607233532798, -3.0326623914911734, 0.02129147583753767
0.21370311654019028, 0.33484137326795405, 0.49379739040355364, -0.7845465516040715, -3.0326810915762166, 0.021198856188890686
0.21369684053526117, 0.3348401563448483, 0.49379862227075144, -0.7845063270394993, -3.0326773738890305, 0.02125406788542165
0.21369889760219035, 0.3348262956849913, 0.4937963309534937, -0.7845524013606961, -3.0326283703692014, 0.021251730276763255
0.21368955450438223, 0.33483935458129926, 0.4937928907522889, -0.7845552060675339, -3.032640477511557, 0.021252992728626074
0.21368800351374778, 0.3348340209403755, 0.49381359910444134, -0.78453714211447, -3.032646577935825, 0.021196179731462046
0.2136913983929853, 0.3348379175413943, 0.49380334977777424, -0.7845246840591321, -3.032673415610976, 0.02123491886159686
0.213695512413326, 0.3348355680788059, 0.4938147169949057, -0.7845430645452904, -3.0326695925506426, 0.021197513172317085
0.21369411628744023, 0.33483471731325887, 0.49380792791609873, -0.784558005893935, -3.0326524506381904, 0.021234166709277084
0.21369592495177017, 0.33484569063396363, 0.49379294106722244, -0.7845301300587432, -3.032695120842254, 0.021293146759142557
0.21369529300953027, 0.334847268813752, 0.4938054336652916, -0.7844910844205885, -3.0326943213802195, 0.021236249129838757
0.2137087865387028, 0.334824694453381, 0.49378945973274313, -0.7846386051653557, -3.0326663366771136, 0.02131238139546187
0.21369934591880324, 0.3348286784597907, 0.4937974062096686, -0.7846001714572705, -3.0326663430037892, 0.021236423928886465
0.2136932330068349, 0.3348354116261648, 0.49380669380974074, -0.7844833820684745, -3.032661258974405, 0.021158443048567708
0.21370301718566181, 0.33483251359558797, 0.4937999070718655, -0.7845586326624953, -3.032652595139449, 0.021215174343051774
0.2137045900558551, 0.33484655116504836, 0.4937895206582076, -0.7845637496178651, -3.0326739894464767, 0.021292229619401266
0.21368764211091945, 0.3348328624870851, 0.4938068000339282, -0.7845187510861933, -3.032650193821472, 0.021233412070061446
0.21369675378903635, 0.3348359688438577, 0.49379877154105817, -0.7845278638361882, -3.0326848933049453, 0.021235507609050092
0.21370668680626634, 0.3348250317112974, 0.49380444272629204, -0.7845795858567564, -3.0326599103698824, 0.0211971793851135
0.2136962640577223, 0.3348297239772903, 0.493803347348143, -0.7845188642628524, -3.032650425903316, 0.021214415037256743
0.21370613574878478, 0.3348394339540591, 0.49378248198256763, -0.7845424347241163, -3.0326663101461593, 0.021310623370053024
0.21369897561035472, 0.3348314102407287, 0.49378495621024593, -0.7845058832413312, -3.0326757646166613, 0.021309876674998698
0.21370039644885544, 0.3348398982291113, 0.4937951795391182, -0.7845946453617669, -3.0326430713372874, 0.021234920132703443
0.21369648091822005, 0.3348475558157075, 0.4937835773469036, -0.784512333854902, -3.0326997083441527, 0.021293813843907574
0.21369489023886995, 0.33484599830513323, 0.4937929510327047, -0.7844726200314098, -3.032697446457538, 0.021292142274826648
0.21369312500717558, 0.3348398120415233, 0.4938112542684516, -0.7845642835669413, -3.032677370152364, 0.02117986899557817
0.21369953796816038, 0.33482838921101515, 0.4937985618616519, -0.784498197978221, -3.0326432459177526, 0.021214158943883104
0.2136985386034944, 0.33484611504897493, 0.49378045637299894, -0.7845054993321652, -3.032674362961664, 0.02136676516344634
0.2137068978038585, 0.3348303416539005, 0.49380443514260347, -0.7845515179684841, -3.032703754576857, 0.021218097071734558
0.21370453915460935, 0.3348300251405342, 0.49380902330722787, -0.7845640771344212, -3.032675822862463, 0.02121667484495772
0.2136961134661497, 0.33483387527795816, 0.49379654065812173, -0.7845455127826061, -3.032679307195076, 0.021272907282270624
0.2136937532942126, 0.3348296711900282, 0.493806779937917, -0.7845427347805144, -3.0326686291436866, 0.021234831421490023
0.21370106799251942, 0.3348384273461316, 0.4937881431389993, -0.7845244596875767, -3.0326721152578564, 0.021273392193905543
0.21368554842443163, 0.3348258723353621, 0.49379747557713694, -0.7844635360472091, -3.0326625828295044, 0.0212906234793122
0.21369743538521638, 0.3348381741357971, 0.49380668612170237, -0.7845826717964675, -3.0326725731431026, 0.021179786150795403
0.2136920436903078, 0.3348275572416212, 0.49381925006528476, -0.7845223354148444, -3.0326636519465073, 0.021159363677030505
0.2136997002772436, 0.3348337321291418, 0.49379878161934726, -0.7845611282167957, -3.0326638646646327, 0.021234751174138172
0.21369556299048056, 0.3348520943556364, 0.49379521433991674, -0.7845246415210966, -3.032672358527137, 0.02127298322134231
0.21369641834546918, 0.3348264545008686, 0.4938113134464734, -0.784575866993111, -3.0326476917689202, 0.021234826302258696
0.21370202497166527, 0.3348463447373949, 0.49378722522166574, -0.7845509832647287, -3.0327009725533967, 0.0213318814638663
0.21368972188323418, 0.33483224406808876, 0.493806779937917, -0.7845064019367619, -3.0326780289434243, 0.021234832268659107
0.2137022386480481, 0.33483845666131834, 0.4938054112593089, -0.7845641210929795, -3.0326759903485025, 0.02121759314743028
0.21370745890558507, 0.3348316373084159, 0.4937918332357254, -0.7845394245997901, -3.0326551182544157, 0.021290295889897243
0.21369730910988485, 0.3348294132042306, 0.4938033372436748, -0.784521752217101, -3.032662102032105, 0.021215171616525457
0.21369357465634184, 0.33484904574150814, 0.4938122528166246, -0.7845040909706573, -3.0326673771893633, 0.021197512871680185
0.21369938886765832, 0.33482879473548344, 0.49380331717383635, -0.7845821502053798, -3.032671450617303, 0.0212169327885606
0.2136920715633457, 0.33484036542283985, 0.4937847523000058, -0.7844874871872745, -3.032680168202922, 0.02133028112654952
0.2137062285587556, 0.3348433340340056, 0.49380880015597256, -0.7845589950765967, -3.0326535190795436, 0.02117860191035985
0.21369240215524998, 0.334837494977629, 0.4937976560930659, -0.7844909452021099, -3.0326938910784995, 0.021254164296296417
0.2137096163920592, 0.33485500832874554, 0.49378724797243173, -0.7846126516903641, -3.0326367192224346, 0.021290808971657537
0.21369612598616705, 0.3348415108056832, 0.4937997477096872, -0.7845583418237151, -3.032652419787342, 0.02123491754517608
0.2136879298120033, 0.33482990681819297, 0.4938078828190913, -0.7844854971242722, -3.0326721653701063, 0.021196682827739614
0.21370776448872497, 0.33482872336129477, 0.4938044652388357, -0.7845793965969098, -3.032659397184485, 0.021215836134266006
0.2136959859254555, 0.3348372100376326, 0.49379398610407477, -0.7845066664960336, -3.0326778923714763, 0.021235413755982684
0.21369995381675688, 0.3348422542841176, 0.4938157155832848, -0.7845371205643284, -3.0326456480786113, 0.021215240731921797
0.21370093603047766, 0.33482556530847474, 0.4937906272268199, -0.7845580765464484, -3.032651117374697, 0.021271896192376925
0.21369662711151577, 0.33483477009661006, 0.4938044953521839, -0.7845706890410749, -3.0326249581146705, 0.021213922078181194
0.2136864438311036, 0.3348335292190661, 0.4938112933764926, -0.7845451814535258, -3.0326806869332312, 0.021236671555094306
0.21370860641059278, 0.3348355107981092, 0.49380317823606473, -0.7845940207488807, -3.0326416770022404, 0.021272635147818793
0.21369367026336078, 0.3348370098512181, 0.49380448533481774, -0.7845193006457154, -3.0326504697754304, 0.021214585893763575
0.21370445493902115, 0.33482591403289114, 0.49380330720820736, -0.784548595637707, -3.0326920978343757, 0.02121734106858719
0.21369134056340833, 0.33482920098613667, 0.49380563996822135, -0.7845367552778151, -3.0326448788966394, 0.02125272990316236
0.21369627856324266, 0.33483432220075215, 0.4938192750399191, -0.7845092466389149, -3.0326905533983926, 0.021198095880444336
0.21369940463825934, 0.3348241923276397, 0.493811323551013, -0.7845912153096143, -3.0326312139677483, 0.02123398420147263
0.21369634932058473, 0.33483469376200936, 0.4937860615404635, -0.7845274929659453, -3.032683400831397, 0.021292231778113718
0.21369712087989604, 0.3348449786639951, 0.49378840292004994, -0.7845033583765184, -3.0326648146133035, 0.021290637986353483
0.2136962910566794, 0.33484195763586877, 0.49382248219618186, -0.7845586290108088, -3.0326543758773292, 0.021160277534532226
0.21370197213727712, 0.3348328243813526, 0.4937999171762976, -0.7845372866070878, -3.0326456096774113, 0.021214331130055292
0.213695095676178, 0.3348266891893685, 0.49379288991654025, -0.7844932267747544, -3.032703746219437, 0.021312209643928434
0.21368613654695873, 0.3348446246146876, 0.4938112443027234, -0.7844034514185785, -3.032730857750117, 0.02118019236787772
0.21369546032174366, 0.33483173978805086, 0.49379426521129577, -0.784599707195535, -3.0326644120713997, 0.021311224184814466
0.21369780254111168, 0.33484718417880116, 0.49379631740564073, -0.7845585276941653, -3.03265240485313, 0.02123491942251103
0.21369714527413833, 0.33483270395980785, 0.4938193052147417, -0.7845005711382567, -3.0326554855540317, 0.021195664308086115
0.2137044978718887, 0.3348299133910774, 0.49380333969943835, -0.7845455468190905, -3.0326800240579823, 0.02123524866709173
0.21369607018041903, 0.3348374381579373, 0.4938055807129451, -0.7845252714743889, -3.03267420005786, 0.021197433643121516
0.21368337525777814, 0.3348430377192253, 0.49380334977777424, -0.784415644030159, -3.0327014545888713, 0.021234748585024582
0.21370346945616736, 0.3348427430199958, 0.49378358731229055, -0.7845273094060323, -3.0326832823541414, 0.021292808397523257
0.2137015153594914, 0.33484370177511114, 0.49380088557620977, -0.7845217817428887, -3.0326615341264573, 0.02123457583334326
0.21371205386082823, 0.3348356732085624, 0.49380430825220445, -0.784566305517059, -3.0326862774216736, 0.021255315999319725
0.2136914324422558, 0.3348458387806135, 0.49379182118211534, -0.7844637543428622, -3.0326620191768496, 0.021309283084794597
0.21369864261583635, 0.3348303215431241, 0.49378379619940715, -0.7845056505662543, -3.032675250360176, 0.021329280398348346
0.21369989623676877, 0.3348230122685677, 0.493803358920332, -0.7845687453967695, -3.032697286579768, 0.02129372783985355
0.21370491023561913, 0.33484759796380714, 0.49379063607958096, -0.7845820696219263, -3.0326698848753355, 0.021273656709126856
0.21370613729189913, 0.3348433211953526, 0.49377683079896095, -0.7845939649249323, -3.032639858640193, 0.021347446654124767
0.21370363479341492, 0.3348393074403505, 0.49381220040096646, -0.7845491801776767, -3.0326931323021573, 0.021180939727822444
0.21370430148963926, 0.3348292017137393, 0.4938192750399191, -0.7846001900579359, -3.032667109876947, 0.021198181321941418
0.21370658542308765, 0.334845704120789, 0.49377790609430255, -0.7844600454106169, -3.0327239993636326, 0.02133129254206973
0.21370144474891573, 0.33482734966781147, 0.49379996884769084, -0.7845575781206782, -3.0326505947632194, 0.02129054757099013
0.21369664422547144, 0.33483944485212364, 0.49381455762056603, -0.7845428738566189, -3.0326690592963765, 0.021216916314519427
0.21369885080949558, 0.33483088522810484, 0.4938124414415638, -0.7845425683960221, -3.032668430238267, 0.021235404988785227
0.2137044590894071, 0.33483376072780086, 0.49378591231030156, -0.7845241525732004, -3.0326709233062608, 0.021310536752971915
0.21369664786601908, 0.33484800791090297, 0.4938065391601505, -0.7845853728808387, -3.032683198705427, 0.021218766287129247
0.21370090966345534, 0.3348540359383725, 0.4937849848829681, -0.7845062137480734, -3.0326758467220856, 0.021310045865141472
0.21370974061865725, 0.33484778171889223, 0.4937952265890279, -0.7845272180585514, -3.032683051032083, 0.021291885303884855
0.2136990683072475, 0.3348353100986638, 0.4938112743384895, -0.7845586359196095, -3.032653776200295, 0.02117802484607247
0.21370586732863037, 0.3348346131767171, 0.4937929285875773, -0.7846000859730959, -3.0326651172863297, 0.021273570080618073
0.2137058940338212, 0.33483076417579977, 0.49381012881560865, -0.784585256678124, -3.0326832781660875, 0.021198850827224953
0.21371564973330584, 0.3348353895019726, 0.4938008655064462, -0.784527407449074, -3.032684301621114, 0.021235570637757342
0.21369360678583876, 0.3348251798437496, 0.4938340498089489, -0.784582140813942, -3.0326735715436137, 0.02114245689961582
0.21369756542796153, 0.3348387987945258, 0.49379749675805296, -0.7845089909806825, -3.0326885560936088, 0.02127348203069512
0.21369873169024817, 0.33481809637952104, 0.4938090599534035, -0.7845938456525847, -3.0326424155713045, 0.021253398729857625
0.21369936104166098, 0.33484969874957493, 0.4937883752928752, -0.7844992831710984, -3.032727137049131, 0.02131314150537935
0.21370406947671808, 0.33483990894808685, 0.49382731012413517, -0.7845370454638629, -3.0326465356532375, 0.021177002097380788
0.21370924696197297, 0.3348300420206967, 0.49379633672009565, -0.7846358538423697, -3.0326552456983014, 0.021292971312654743
0.2137050969359169, 0.3348318951015567, 0.4937998870020984, -0.7845278258068442, -3.032685120988162, 0.02121650913285701
0.21370449587937584, 0.3348335877635084, 0.4938180634955187, -0.7846346776430304, -3.0326476277830756, 0.021141626243042846
0.21369647492843954, 0.3348350338828006, 0.49380333969943835, -0.7845639048335532, -3.032675691722651, 0.02123567422452462
0.21371012312615895, 0.33482903979388273, 0.49379987703650496, -0.7845852958867745, -3.0326826381563587, 0.021217344640312823
0.21369643362941984, 0.3348349220673007, 0.4937976560930659, -0.7845819290039546, -3.0326706038138678, 0.021254418962480766
0.2137187201171774, 0.3348259257244979, 0.49380885398033175, -0.7846026362570748, -3.0326772305322844, 0.021236486694583948
0.21368750646612417, 0.3348607744916443, 0.4938042543180074, -0.7844134849786091, -3.032690807344988, 0.021197431671652476
0.2136897518628617, 0.3348362015437614, 0.49380676785041416, -0.784503344691318, -3.0326659354632306, 0.021253486425140366
0.21369981330312762, 0.33483035096851255, 0.4938010641993755, -0.7845453120087263, -3.032679127367494, 0.021273481767057786
0.21369975610053543, 0.33483780466987806, 0.4937929486571414, -0.7845033557731421, -3.032665168063549, 0.0212718090569678
0.21370286242534195, 0.33482435167545754, 0.49381245345570335, -0.7845638912617781, -3.032675837800635, 0.021216672964578142
0.21369942971588216, 0.334836468466698, 0.4938180734871986, -0.7845408349802746, -3.0326593574562692, 0.0211406226199837
0.21370297837175628, 0.3348363608244608, 0.49378247961933225, -0.7845915276938564, -3.032629699657398, 0.0212907167274089
0.21370873303606408, 0.33483670954877054, 0.493797454568947, -0.7845873866094345, -3.0326924150831425, 0.021294392037927715
0.2136961134661497, 0.33483387527795816, 0.49379654065812173, -0.7845274164604438, -3.0326839055783115, 0.02127282267005199
0.21370091852596582, 0.33485014550106845, 0.49379063607958096, -0.7845821098882872, -3.0326700405181484, 0.021273825930630673
0.2136997002772436, 0.3348337321291418, 0.49379878161934726, -0.7845064776278303, -3.0326777521577806, 0.021234495331259415
0.213700638170588, 0.3348453231440716, 0.49380085554085446, -0.784530790194907, -3.032696394779983, 0.02123700151972433
0.21371021332397364, 0.3348410021943872, 0.4937884253193122, -0.7845940715377969, -3.0326407021629067, 0.02130921064992019
0.21370195323512564, 0.33484983781731953, 0.4937906261141133, -0.7844941252379378, -3.0327046850226136, 0.021274150498224644
0.21370466727456763, 0.33483432435635735, 0.49381455762056603, -0.7846153586576466, -3.0326503059318592, 0.021216915467414568
0.21369261269682815, 0.33484201776499745, 0.49381455762056603, -0.784506541007509, -3.032678459097119, 0.02121691716163395
0.21369378332146707, 0.334833628665342, 0.49380676785041416, -0.784503123103329, -3.032665824397648, 0.02125331421687754
0.21370454869763283, 0.33484643915236334, 0.49378383705614826, -0.7845455810904294, -3.0326780980955053, 0.021310805105315328
0.21371311980413069, 0.3348267744032284, 0.4937998870020984, -0.7846187690810674, -3.0326616769775816, 0.021216594579814042
0.21369346315815294, 0.33483258187545706, 0.4938056524159495, -0.7845575500768023, -3.0326514433439686, 0.021272227803660726
0.21369272585973667, 0.3348500678539009, 0.49379632751002445, -0.7845012110889907, -3.0326547270465167, 0.02123407913019339
0.2137001875710019, 0.33483155138846604, 0.4938079078461876, -0.7846183636349953, -3.0326616434180087, 0.02123575792939229
0.21369730749884697, 0.3348255255698269, 0.4938089883146996, -0.7845795231406101, -3.0326607764509883, 0.021178859696392886
0.2136912037668927, 0.33484112508251584, 0.4938077239507921, -0.7845033774989043, -3.032665895746544, 0.021254232085641395
0.21370802970360184, 0.334834218382588, 0.49380427578094077, -0.7845513268345644, -3.032703220996352, 0.02123750040825305
0.2137096207088434, 0.33482282361382476, 0.4937781226150656, -0.7845753446667867, -3.0326442433726197, 0.021347019298241402
0.21370409566581605, 0.3348333136994291, 0.49378826243916124, -0.7845726991796316, -3.0327098334997387, 0.021257171308107288
0.21370285551539536, 0.33483216129549975, 0.4937952413818633, -0.7845756350588319, -3.03264546670763, 0.021310038032609734
0.2137029646898019, 0.33482853546575025, 0.4938238086111225, -0.7845062984672773, -3.0326784953855315, 0.021197743498822082
0.21369860847326774, 0.33484216264571853, 0.4938122103667032, -0.7845098061717554, -3.0326910161146943, 0.021180189182607525
0.2136981086542422, 0.3348367079241506, 0.49379987703650496, -0.7845124885414592, -3.0327016380039336, 0.02121751277338188
0.213686377511934, 0.3348448737236784, 0.4937975269320874, -0.7845004382411699, -3.0326539573993565, 0.021271562644067214
0.21370134601819082, 0.3348315785910537, 0.4938249486730403, -0.7845121381037936, -3.0327024480636315, 0.02118001563362426
0.21370313263849292, 0.33482917740756996, 0.4938022343297608, -0.7845243390522906, -3.032672452325994, 0.02125306461912451
0.213687059078145, 0.3348470791120017, 0.49380544143367383, -0.7845009565484247, -3.0326554340039493, 0.02121558804821836
0.21369208200458045, 0.3348364481844314, 0.49379654065812173, -0.7845634687818377, -3.0326749118842105, 0.021273161960529655
0.213695791776008, 0.3348289409832069, 0.4938010762992166, -0.7845846024834704, -3.032682179286693, 0.021255165769809667
0.21370377300413596, 0.33483127093258397, 0.4938044652388357, -0.7845613406022133, -3.0326641511976855, 0.02121592084683099
0.2137086629796666, 0.33484409005512367, 0.4937952042616865, -0.7845455038695329, -3.0326789663200953, 0.021273313126866825
0.21370144311712552, 0.33482346212357494, 0.4938056198722541, -0.7845787947845143, -3.0326585598972153, 0.021254064898712562
0.21369499662755684, 0.33484159328251595, 0.49378816323458663, -0.7845191152285063, -3.032648942125273, 0.021272057677361213
0.2136897292163164, 0.3348486534612098, 0.49378136658779176, -0.7845421927196071, -3.0326664905359393, 0.02132996293254651
0.2137019184794717, 0.3348374099008497, 0.49380429579879065, -0.7845638974393716, -3.032675496645009, 0.02123625068577285
0.21369684205047315, 0.33484404380935423, 0.4937929711022483, -0.7845216649654568, -3.0326601200406564, 0.021290721934260983
0.21369964475755912, 0.3348457426328938, 0.4938065491258097, -0.7845280030335671, -3.0326853235009295, 0.021217592437573627
0.21370143270761946, 0.33484347797076236, 0.4937895183414658, -0.7845762882396278, -3.0326466675324095, 0.02127215197592784
0.21369969635909802, 0.33482516925739536, 0.4938068000339282, -0.7845913758040202, -3.0326312381465996, 0.021233240495670897
0.21369407345003685, 0.33483071795384, 0.4938078953989786, -0.7845064039348384, -3.0326784118109766, 0.02121600283249375
0.21370939282752738, 0.33483841359212896, 0.4937631883428254, -0.7845752276253182, -3.0326423104226863, 0.021422572915832664
0.2137087456039143, 0.33484431375427537, 0.4938065714728996, -0.7845456482387142, -3.0326799456054077, 0.021235992912615704
0.21369783541783074, 0.33484362416462493, 0.49378727752040424, -0.7845244518007056, -3.0326711909352877, 0.02131013112421869
0.21370458850617727, 0.33484266374020044, 0.4937951719229759, -0.7845668704684154, -3.0326865528706857, 0.021255661713613237
0.2137036580374189, 0.3348434808047672, 0.49379181342117184, -0.7845084905219635, -3.0326868633414157, 0.021330032778750365
0.21369607018041903, 0.3348374381579373, 0.4938055807129451, -0.7844887170828118, -3.032683488995561, 0.02119726253558706
0.21369480709609898, 0.3348533368851011, 0.4937906561490954, -0.7845400302314116, -3.0326562040005616, 0.021272321781067704
0.2137002442017731, 0.33484016204716954, 0.493794024004378, -0.7845335713899899, -3.0327076009692138, 0.021256418942989404
0.21370175702471225, 0.3348491266643005, 0.4938065615072506, -0.7845306729448688, -3.032696370983313, 0.02123699821911393
0.21371211605980528, 0.3348271970016336, 0.4938055807129451, -0.7845978567135516, -3.0326550894091584, 0.021197093119134064
0.2137001462859286, 0.33483143962574236, 0.493802224251446, -0.7845817372128254, -3.0326704438846686, 0.021254247159996013
0.2137042189736663, 0.3348289783844047, 0.4938079078461876, -0.7844907443773327, -3.032693906831317, 0.02123499056201491
0.21369312172358892, 0.3348515540078728, 0.4937884354235749, -0.7844458529006227, -3.032666621787902, 0.021308453712976416
0.21370209793692815, 0.33482948511601607, 0.49380224432122166, -0.784612322391067, -3.0326378065890642, 0.02125274102071083
0.21369671005452387, 0.3348274314340327, 0.4938067899294345, -0.7845941235626083, -3.032643117129018, 0.02123416741943514
0.21370832750194135, 0.3348345757966215, 0.4938077463833724, -0.784593869187719, -3.032641672576446, 0.021272632558418613
0.21369394938479605, 0.3348342653912075, 0.493784966201502, -0.7845577153910798, -3.032650473257402, 0.021309553036496145
0.21370870265944086, 0.3348403143569835, 0.4938065391601505, -0.784585251591436, -3.0326827298815346, 0.021218255987263502
0.21370463310342827, 0.3348626508673098, 0.4937905742062736, -0.7845465848557337, -3.0326801909109213, 0.021236342808898148
0.21370568474612056, 0.3348293418802007, 0.49380448533481774, -0.7846279367339932, -3.032622363696069, 0.021214585044452398
0.21370091040250955, 0.3348338681748932, 0.49382150602723796, -0.7845096537758941, -3.032691385586603, 0.021160611611959965
0.21369661119800812, 0.33484300434905256, 0.49382359770893247, -0.7844495517329028, -3.032682645042168, 0.021141107884389568
0.2137015767295374, 0.3348402118487095, 0.49379748466484097, -0.7844693102692213, -3.0326854788464126, 0.0212917877481992
0.21369552115411264, 0.3348316772248929, 0.49382036804059615, -0.7845643101404149, -3.0326776714054495, 0.021161036943369564
0.21370050565352763, 0.33483627235236113, 0.49382374714534993, -0.7845799588901181, -3.0326622085285058, 0.021122880617203063
0.21369758139782274, 0.33483123319891694, 0.49379992876029727, -0.7845143202113757, -3.0327113144081674, 0.02129364363918892
0.21369851709008267, 0.33484582971787075, 0.4937951919667409, -0.7845430673382344, -3.0326680702246462, 0.02125424089890214
0.2136947607705386, 0.33484077478938307, 0.49379864236657295, -0.7844459298490883, -3.0326680233094674, 0.021252305613360622
0.21370453220591884, 0.33483783462853867, 0.49379181107781756, -0.7845577247733475, -3.0326500501984426, 0.02130995506523184
0.2137000332873442, 0.33483873504244194, 0.49378815313030605, -0.784540058768606, -3.0326558643451484, 0.0212727294152859
0.21369791808188152, 0.3348438480212319, 0.4937986447028202, -0.7845245959476682, -3.0326721702846404, 0.021272811047007772
0.21370535057418766, 0.33484041724118485, 0.49381682095230073, -0.7845584685415639, -3.0326530165475982, 0.021197254133024618
0.21369918378459377, 0.33483197385877045, 0.4938136015207964, -0.784578993228314, -3.032659746308638, 0.021216170650401787
0.21369807364902507, 0.3348242797349071, 0.4938135463713927, -0.7845276093764031, -3.03268633654414, 0.02117935775443613
0.21369339138741292, 0.3348360748375905, 0.4938090534817071, -0.7845006910693995, -3.032655155752224, 0.021214496673737593
0.21370993673218636, 0.3348484924772957, 0.49377929120422426, -0.7845637796827173, -3.03267278697143, 0.021329379019974247
0.2137010615884544, 0.33482590522799077, 0.49380790539051717, -0.7845763913134789, -3.032648006865901, 0.021215254699034715
0.2136985393543001, 0.33482594767844703, 0.49381697696049665, -0.7845454940998186, -3.0326806150875423, 0.021217502122565228
0.21371080244485055, 0.33482656973472286, 0.49381015885131146, -0.7846491333590906, -3.032629727033996, 0.021196595741471248
0.21370087568483906, 0.3348461461279615, 0.49379060374091704, -0.7845670622610202, -3.032686712814603, 0.021255833296461527
0.21370805111263097, 0.33484206648807086, 0.4937986123942053, -0.7845451195689466, -3.0326784478834554, 0.02129271434263992
0.21370694308639476, 0.3348419795944762, 0.49380767467777337, -0.7845616312674007, -3.032664585873397, 0.02119800833608325
0.21370027818773946, 0.33484805188313144, 0.4937884052498825, -0.7845816624877436, -3.032669052767943, 0.021311140997860203
0.21370834988478155, 0.33483526513920103, 0.4938053912414166, -0.7845334543416667, -3.032708313477425, 0.0212187583652793
0.21370040841552504, 0.3348237698319, 0.4938056298637498, -0.7845393812652884, -3.0326562885110415, 0.02125314441297963
0.21369155636032558, 0.3348461743135772, 0.4938088719218167, -0.7845548124490973, -3.0326404049693747, 0.021253729815204982
0.21370769487175914, 0.3348292106243413, 0.4938146769584397, -0.7845727566440831, -3.032711109165855, 0.021200269319421525
0.21370355380064998, 0.334842971436163, 0.4937951818885003, -0.7845459149114503, -3.0326795908875006, 0.021254828080938697
0.2137005945406709, 0.3348367856656506, 0.49380887402439666, -0.7845608578980875, -3.03266381609131, 0.021235491659578845
0.21368871469201461, 0.33482117183585614, 0.49380900726085186, -0.7844934614129373, -3.0327059705303014, 0.021236996375624984
0.2136944777043327, 0.33483587576226664, 0.4938147269865225, -0.7845221088813968, -3.032662630688683, 0.02119667966772755
0.21369515976731104, 0.33483051887902865, 0.49381356892979145, -0.7845459183696364, -3.032681288014363, 0.021198270061370407
0.2137035353695868, 0.334830447610154, 0.4938147169949057, -0.7845247067520531, -3.032673925464119, 0.021197087091743918
0.21370310005616053, 0.3348251749849145, 0.4938022017127959, -0.7846001631439444, -3.032666155237079, 0.021235504883000654
0.21370461221734813, 0.3348296325183029, 0.49381688033256765, -0.7845880078717087, -3.0326189405844244, 0.021252464766252876
0.21369865434454371, 0.3348301732354613, 0.4938283767113886, -0.7845241026818655, -3.0326740950512208, 0.0211979958878019
0.21371293629482063, 0.3348336982694287, 0.4938190295848885, -0.7845588430021421, -3.0326542517064428, 0.021140940858176274
0.21369557035276923, 0.33484431618329696, 0.4938065167672055, -0.7845128150079926, -3.032702198175868, 0.02119976974456068
0.2136961960526278, 0.33483409886944643, 0.4938079078461876, -0.7845091024670647, -3.0326895748229457, 0.021235416132780398
0.2137029531850626, 0.33483710220510443, 0.4938042858331635, -0.7845121058110279, -3.0327009447317588, 0.021236744466548
0.21371420181467113, 0.3348344297237634, 0.49378839292875065, -0.7845972602696427, -3.032652573079079, 0.021291133061843416
0.21369203494612848, 0.3348314480830041, 0.49381359910444134, -0.7845372825568359, -3.032646375325658, 0.021196009026223043
0.21370545840390945, 0.33483305362105914, 0.49380668612170237, -0.7845462178445605, -3.0326815054576257, 0.021179276077656073
0.21370582433415766, 0.3348344967503047, 0.4937870176399886, -0.784581914648839, -3.0326692067393344, 0.021292891980449577
0.2137032733536388, 0.334838148965573, 0.4938054012936605, -0.7845304259928736, -3.032696840129237, 0.021218171362818304
0.2136983858469639, 0.33483763835777186, 0.49379508152080914, -0.7844945408119229, -3.0327062212541365, 0.021218177284050847
0.21369354407705551, 0.3348289174811018, 0.49382267062446933, -0.7844880675852092, -3.032683470885552, 0.021197999187167006
0.2137045434128733, 0.3348339890622016, 0.4937975068363083, -0.7845608541470124, -3.0326626339967553, 0.021272641458829594
0.21370422851051013, 0.33484539232804733, 0.49378272166087184, -0.7845634536227336, -3.032673005500091, 0.021329547238242586
0.21369144298698564, 0.3348216874646647, 0.49382835369458067, -0.7845250810950962, -3.0326757162079923, 0.021141450378844368
0.21370416908389417, 0.3348327884870906, 0.4937906632199816, -0.7845967418340555, -3.0326524331776223, 0.021310874694903493
0.21370046645797658, 0.334832486398498, 0.49380333969943835, -0.7844911174929137, -3.032694022195784, 0.021235164907030524
0.213698326328466, 0.3348500064205916, 0.4937883852324376, -0.7845510759929044, -3.0327016899208536, 0.021312647140603772
0.2137020300548745, 0.33484545507542857, 0.49378583823647837, -0.784576660396686, -3.032647146285478, 0.021254243571233802
0.21368234053776447, 0.3348433453656276, 0.4938033597692562, -0.7844489778021848, -3.032680698141211, 0.021234169296636237
0.213705852754778, 0.33483065243901794, 0.4938044451948388, -0.7846032807498738, -3.032678190028947, 0.021217595515449925
0.21369230137267775, 0.33482866213292883, 0.493794035359387, -0.7845029420110925, -3.0326648448509794, 0.021291381262969273
0.21369663993484553, 0.3348354804943265, 0.49382607413909063, -0.7845280004484826, -3.0326868453122513, 0.021160864475179602
0.2136956544289414, 0.334848427322626, 0.49381223274659014, -0.7844913801158155, -3.0326953042587586, 0.021198931458245973
0.21370059835867763, 0.33484909869849255, 0.4937895206582076, -0.7845637899184387, -3.032674145225363, 0.021292398851907857
0.2136921558864489, 0.3348405937873695, 0.4937963467983287, -0.7845060925140196, -3.032676477337563, 0.021292301083245938
0.21369634931608303, 0.3348472467598381, 0.49379068807403687, -0.7845475802868538, -3.032689001342239, 0.021349949642145004
0.2137037788172736, 0.3348391221351074, 0.49378729761593426, -0.7845730938212192, -3.0326337997732793, 0.02130853938163805
0.2137068205371481, 0.3348530939028023, 0.4937940449014134, -0.7845711966356659, -3.032624176989225, 0.021233159674579047
0.21369638783344905, 0.3348300589928975, 0.4938203982155132, -0.7845375374160628, -3.0326472029623623, 0.02115852190713406
0.21369556825091401, 0.33483964083504947, 0.49380888401593354, -0.7845218464236502, -3.0326616080161766, 0.021234742717896136
0.21369938601358884, 0.33484120594327105, 0.4938020327798682, -0.7845114998778216, -3.032699579070117, 0.02129363182506032
0.21370054734932942, 0.3348288220565604, 0.49382035807476504, -0.784585226162101, -3.0326844779875315, 0.021161700915783944
0.21370205470672454, 0.33483304789364876, 0.4938112844430578, -0.7845920800165826, -3.0326326997577224, 0.021177267785351016
0.21370596996749283, 0.3348312350931074, 0.49379521134679627, -0.7845295895829063, -3.0326941511425876, 0.021312038322101
0.2136991425184844, 0.3348318621611793, 0.4938079179245704, -0.7845242707546634, -3.0326731448965014, 0.02123457486845456
0.2136985147832081, 0.3348374041345915, 0.4938088941204467, -0.7845370144753601, -3.0326451780307884, 0.021233901352600983
0.21369930994183742, 0.33484397995992504, 0.49378362750297916, -0.7845158165605239, -3.0326368086719393, 0.021289795890335052
0.21368535750149348, 0.33483372824165825, 0.4938056198722541, -0.7844879328222754, -3.032682316680764, 0.02125432160124699
0.21370331586741845, 0.33484971051667856, 0.49381450611090943, -0.7845406412725893, -3.0326582965750286, 0.021178684273922534
0.2137062268754064, 0.3348394463119578, 0.4938144514575701, -0.7845802119758213, -3.03266148236457, 0.02114211872585233
0.21369793046478971, 0.3348485202672311, 0.49379627731828496, -0.7844971343498581, -3.032717567030607, 0.02123775971626553
0.21370662316344188, 0.3348333705683822, 0.4937974867925142, -0.7845666010719807, -3.032685870721194, 0.021274147578828614
0.21369860847326774, 0.33484216264571853, 0.4938122103667032, -0.7845825530399427, -3.0326725290210783, 0.021180529231033533
0.21370190386840923, 0.33483344887227096, 0.4938158124377949, -0.7845851883713373, -3.032683969765896, 0.021180360425302847
0.21369361649256624, 0.33484159531612934, 0.49380886394600537, -0.7845274531443591, -3.0326850476378344, 0.021236418148637855
0.2137007908057399, 0.3348374969736675, 0.49379293866578566, -0.7845427691871849, -3.032667440078766, 0.021272729622070944
0.2137084421460064, 0.33481480348121223, 0.49381132548859735, -0.7846334535434787, -3.032645427275628, 0.021215916241117627
0.21369851709008267, 0.33484582971787075, 0.4937951919667409, -0.7844884166192733, -3.032681957177063, 0.021253985044020044
0.21370654029216665, 0.33484070917720965, 0.4937951919667409, -0.7845612636521783, -3.0326631131408237, 0.021253985891234874
0.2137036364146988, 0.3348431951108037, 0.4938065491258097, -0.7845460591536852, -3.032680569679626, 0.021217507838114477
0.21369312914526684, 0.334843776040986, 0.49379973771824304, -0.7845248684249466, -3.0326733803341805, 0.021235667114065892
0.21370754400401354, 0.33484028645717673, 0.49378949827197305, -0.7845456211190646, -3.032678990117654, 0.021273316428952027
0.21370395275037996, 0.33483567880849885, 0.49381568308577845, -0.7845765302979291, -3.0326484370674875, 0.02119733966242568
0.21370047244775572, 0.3348524378538218, 0.4937871933984263, -0.7845615009792586, -3.032663461179142, 0.02125433008500583
0.2137152881990714, 0.33483423085915254, 0.49379406645407836, -0.7845636658834612, -3.0326740283761064, 0.021273059143140382
0.21370761793100018, 0.3348444008407917, 0.49379521433991674, -0.7845245199316491, -3.0326718885087716, 0.021272471480029823
0.21369766929290285, 0.33482300509416935, 0.4938008363229789, -0.7845456968697688, -3.032680154144711, 0.02123616824016694
0.21369036368034341, 0.33483822521258955, 0.4938033597692562, -0.7845218248046408, -3.0326618550515767, 0.021234170144908776
0.21369755091778384, 0.33483483794996355, 0.4938090133415418, -0.7845668363888957, -3.032687741358205, 0.021217762744720627
0.21371069244940483, 0.33485481261906896, 0.49379292159632227, -0.7845612945118622, -3.032662565395617, 0.021272643797987958
0.21368972550104004, 0.33484080696513685, 0.4937987615754857, -0.7845123459588437, -3.032701458103366, 0.021236511722739323
0.21370452280072438, 0.3348254221132386, 0.49379286821314794, -0.784609883392527, -3.0326264775964527, 0.021233909716228787
0.21370313263849292, 0.33482917740756996, 0.4938022343297608, -0.7845424352873761, -3.032667853888402, 0.02125314934196422
0.21370789678281776, 0.33484533568864805, 0.49379064615776447, -0.7845974182541982, -3.03265340684649, 0.021272814668810824
0.21369949779797032, 0.3348416883894011, 0.49377450297381176, -0.7844751660197972, -3.03270679977065, 0.021368852433045114
0.2137056151203414, 0.3348298291169741, 0.4938146969506803, -0.7846212975887226, -3.032674075635778, 0.021199017204353857
0.21370359130471797, 0.3348345203650596, 0.49380888401593354, -0.7845943310464341, -3.0326428551536404, 0.021234741869619215
0.21370870794420452, 0.3348527647562432, 0.4937928692451241, -0.7844606757371849, -3.0327259685553773, 0.021255909708890706
0.2137063027276156, 0.3348398860940581, 0.49380544374364704, -0.7845427260199317, -3.032668288838159, 0.021235236846158502
0.213700061738615, 0.33483489067845884, 0.4938055807129451, -0.784543327547393, -3.032669446327, 0.0211973489367948
0.21370323362462712, 0.3348419246501637, 0.49379406645407836, -0.784563787482569, -3.03267449840859, 0.02127357021671326
0.21369773354536845, 0.33483096943731133, 0.49380108426910707, -0.7844849146713906, -3.032669777296555, 0.02127171967419053
0.213695068409984, 0.3348341860384075, 0.4937965507363683, -0.7845245288356072, -3.032672229373159, 0.02127206609419067
0.21370741143970548, 0.33483123625876937, 0.493812389838715, -0.7846132477616233, -3.0326401151905658, 0.021159281775008913
0.21370762665867127, 0.3348405102609073, 0.4938008655064462, -0.7845642236778393, -3.0326752788004043, 0.021236082511417374
0.21370645181517503, 0.33483263413659886, 0.4938009925105718, -0.7845855598013168, -3.0326832870249305, 0.02119885600889436
0.21370951711720354, 0.3348348673545398, 0.49378611750956586, -0.7845966636438511, -3.032651767922409, 0.02132936453625062
0.21369915124301414, 0.33482797141040904, 0.49381356892979145, -0.7845639744835153, -3.0326765341570674, 0.02119818546706357
0.2137114157015173, 0.3348495675874515, 0.49379744747927673, -0.7845670794209855, -3.032686311087118, 0.021255490453380165
0.2137067850191929, 0.3348501589888684, 0.4938009002153058, -0.7845300090280644, -3.0326953046790157, 0.02127414460376229
0.21370885081412672, 0.33482852429964044, 0.49381013878131597, -0.7845823568788445, -3.0326715626249254, 0.021197932714256653
0.21370159171093267, 0.33484867900147575, 0.4937838270907689, -0.7844938290322433, -3.0327037010548987, 0.021311468250054873
0.21370345282314146, 0.3348302241764702, 0.49380334977777424, -0.7844880082401162, -3.032682235089493, 0.02123423604286577
0.21370095986016352, 0.33485025743643493, 0.49379631969610827, -0.7845459894515576, -3.0326797270276002, 0.021254996586661065
0.21370293317218023, 0.33484483840271073, 0.4937929388941132, -0.7845239233451567, -3.032671083419137, 0.02131070295657299
0.21370779736689371, 0.33482907762769687, 0.4937836369188005, -0.7845417520033303, -3.0326651600417587, 0.021348513139667607
0.21369582179904836, 0.3348328984450292, 0.4938010641993755, -0.7845087976732888, -3.0326885716252745, 0.02127348007478227
0.21370662290883222, 0.33484093285066047, 0.4938065592041864, -0.7845614077162734, -3.0326640921164794, 0.02121666579994289
0.21370841950879216, 0.3348347776434288, 0.4937951795391182, -0.7846128415763686, -3.0326381141580083, 0.021234664808178694
0.21370258749781976, 0.33483197968039363, 0.49380900328925975, -0.7846058770212587, -3.032690064450078, 0.021218518893716672
0.21369502543504268, 0.3348340696681191, 0.49379063980074445, -0.7844878993530511, -3.0326810084029368, 0.02129130138296518
0.21369750243621458, 0.3348425354630745, 0.49378611750956586, -0.7845242191776499, -3.0326706768942797, 0.021329534862321007
0.2137000689962053, 0.33484662926806474, 0.4937827618514455, -0.7845519610717253, -3.032626531747877, 0.021326535080842268
0.2136998409756719, 0.3348464538116853, 0.49379061370639515, -0.7845095521311829, -3.032689039588383, 0.021254828979515958
0.21369389535646935, 0.3348425303307569, 0.49380429579879065, -0.7844910501091417, -3.0326943407451714, 0.02123624983975256
0.21369903122443315, 0.3348391622291981, 0.4937940741959573, -0.7845734379007313, -3.0326355002304983, 0.021252736318584667
0.21370074532970432, 0.3348334213562347, 0.49379877154105817, -0.7845274617190372, -3.032684829911049, 0.02123533670930937
0.21369575002815752, 0.33483639140693794, 0.4938044652388357, -0.7845793365081738, -3.0326599103858807, 0.021216345245603174
0.21369963012176516, 0.33484502675918876, 0.4937847429239154, -0.7845344978509343, -3.0326326126471463, 0.021271225418098668
0.2137060325007861, 0.3348350603149864, 0.49381566301567265, -0.7845641820330612, -3.0326762724518717, 0.02119876038699581
0.21370913384977977, 0.33484098545363905, 0.49380312661485093, -0.7845375369578109, -3.032645889392839, 0.021196248893700764
0.21369311671752517, 0.3348361405134129, 0.49379653069259133, -0.7844935803997827, -3.0327049577919336, 0.0212735709151285
0.21369277080486873, 0.33485506282933436, 0.4937790415062678, -0.7845092969133891, -3.032687842157298, 0.021311894274864813
0.21369484335108524, 0.33484099835991, 0.49381000958102844, -0.7845372779671331, -3.0326458270866836, 0.021215413898298723
0.21370591239946998, 0.33484328781831757, 0.4937905936888451, -0.7845518134787325, -3.0327028320384577, 0.021256336440672752
0.21369775969603805, 0.33484318479294345, 0.49379628500825984, -0.7844888294690001, -3.0326829643921585, 0.021216670842521757
0.21369932303381212, 0.334840808223676, 0.4938110849143738, -0.784494345570846, -3.0327066815280967, 0.02119951116749985
0.2137028211579309, 0.33482423997825467, 0.49380676985954525, -0.7846000115821405, -3.032666150810331, 0.02123550229302489
0.21370685382746266, 0.33482180411501944, 0.49381245345570335, -0.7846181396862841, -3.032661885832772, 0.02121675756512508
0.21369835832920628, 0.33483370375787336, 0.4938192550217223, -0.7845149940268532, -3.0327137900460865, 0.02119960121585881
0.21370758534084053, 0.33484039839156715, 0.4937951818885003, -0.7845275970117631, -3.03268407826428, 0.021254571713536813
0.21371361137250186, 0.33482855756658275, 0.49379749675805296, -0.7845634800115266, -3.032674043312278, 0.021273057260886605
0.2136921558864489, 0.3348405937873695, 0.4937963467983287, -0.784524188809752, -3.0326718791523386, 0.02129238581189209
0.21369996491003904, 0.33484678938438095, 0.49380766459937536, -0.7845463229173589, -3.0326812184416547, 0.021199019487706725
0.2137052554616273, 0.33483258960966045, 0.49379633672009565, -0.784563509182262, -3.032673796229856, 0.02129280207550256
0.21370580853004148, 0.3348296768927843, 0.4938215362021876, -0.7846466096662532, -3.032619139673, 0.02115869188684347
0.2136935948454797, 0.3348454441149458, 0.4938031682446063, -0.78450619886446, -3.0326769475295725, 0.02127364032796527
0.21370633999224117, 0.33482847158869206, 0.4938135714242842, -0.7845150219837319, -3.032712942844503, 0.021217923127037647
0.2137065816099692, 0.3348408210464527, 0.49380087558475483, -0.7845428775805953, -3.0326682932690545, 0.021235239436471355
0.2137142883793536, 0.33484321632739844, 0.4937917415485139, -0.7845852527597093, -3.0326815806904515, 0.02125540925682624
0.21369788559141759, 0.3348398455843688, 0.49379861219247495, -0.7844911183364552, -3.032693648318706, 0.021254739898874716
0.21371147565130896, 0.33482510351753647, 0.49380334977777424, -0.78457895144371, -3.03265879233797, 0.021234321609660867
0.21369374203391664, 0.3348335168890353, 0.49380108426910707, -0.7845942557905451, -3.0326421585553063, 0.021272401755631776
0.2136945985992908, 0.3348450215225085, 0.4937974745865969, -0.7845090142612773, -3.0326881342230756, 0.02129305691238212
0.21369723245408923, 0.3348377101195263, 0.49379633672009565, -0.7844906618923808, -3.0326926403186065, 0.02129280122933141
0.21369542987224582, 0.3348353446431528, 0.49380334977777424, -0.7845429206521917, -3.032668614207336, 0.02123483330011646
0.21370924696197297, 0.3348300420206967, 0.49379633672009565, -0.7846177576423149, -3.0326598445472284, 0.02129288669445648
0.21370496195490157, 0.3348276937469585, 0.4938124213974246, -0.784566552318981, -3.032686865357553, 0.02123682525771531
0.21370929461416222, 0.33485007414735796, 0.49379178390649, -0.7845793563962186, -3.032657986174553, 0.021272729233851883
0.213700297867678, 0.3348520124345588, 0.49378839306591116, -0.7845058295490945, -3.0326753281731023, 0.02132944700748666
0.2137170045317995, 0.33484369069798237, 0.49381104347170846, -0.7845799472401136, -3.0326606895130936, 0.02116043604203469
0.2137016180383114, 0.33484032369223, 0.4938031682446063, -0.7845424914310276, -3.032667392089806, 0.02127347002969428
0.21370102253334405, 0.3348343517861538, 0.4937939760258353, -0.7845822611166804, -3.03267092691042, 0.021236341206677035
0.21370613729189913, 0.3348433211953526, 0.49377683079896095, -0.7845577725805882, -3.032649055333863, 0.021347276945611587
0.21370218857221124, 0.33484223542322383, 0.4937940765322977, -0.7845062490431689, -3.0326767093058318, 0.0212725577651229
0.21369961694467807, 0.33482963934088406, 0.49381699948662056, -0.7845453047416913, -3.032680101950616, 0.02123615894561632
0.21369910123343933, 0.3348317503985526, 0.4938022343297608, -0.7845969454238388, -3.032654168989936, 0.021253575486548403
0.2136989631380304, 0.33484353726072685, 0.49379863462455414, -0.7845090252917517, -3.0326885367282372, 0.02127348132057212
0.21370758534084053, 0.33484039839156715, 0.4937951818885003, -0.7845641515220544, -3.0326747892821957, 0.021254742625894357
0.2137039380063013, 0.33483171748868895, 0.49382719973095063, -0.7845978205496724, -3.032656909597797, 0.021141449990075497
0.2137029531850626, 0.33483710220510443, 0.4938042858331635, -0.7845302022002575, -3.0326963463083967, 0.02123682896133902
0.2136981078131869, 0.33483216985707115, 0.49380792791609873, -0.7845398695794391, -3.0326568938877156, 0.021233912230273547
0.21370885081412672, 0.33482852429964044, 0.49381013878131597, -0.7845823568788445, -3.0326715626249254, 0.021197932714256653
0.21369738292934323, 0.3348335273900438, 0.4938090534817071, -0.7845372050013791, -3.0326457115876964, 0.02121449837242125
0.21369991480405084, 0.33485056819706227, 0.4937963297743598, -0.7844884509307366, -3.0326819378122907, 0.021253984333640556
0.21370870430127437, 0.3348442019372176, 0.49380088786658416, -0.7845821305237409, -3.0326701668182166, 0.02125482393411041
0.2137012386895968, 0.33485119229085736, 0.4937917515140028, -0.7844914900806418, -3.032693618458334, 0.02125474366081068
0.21368764572074322, 0.33484142535898104, 0.49379878161934726, -0.784524695249366, -3.0326736229402944, 0.021235091722634998
0.21371184547711694, 0.3348351089259609, 0.4937756629569217, -0.7846024953944499, -3.0326745192885887, 0.021349533942252925
0.21369727202674468, 0.3348339028844294, 0.49381358147661303, -0.7845485885055473, -3.032692335641184, 0.021217675667434488
0.21369415755217708, 0.33483482901123707, 0.4938136115123921, -0.7845034273936203, -3.0326668274705475, 0.021215250552118946
0.21369852590737215, 0.3348419391256943, 0.4938008431004635, -0.7845462165616766, -3.0326807487091028, 0.021217680335463278
0.21368951840181988, 0.33483934222922984, 0.4938055032004039, -0.784481584999535, -3.032657921588926, 0.02129070368355522
0.21370762688723205, 0.33483294788804024, 0.4937917931486667, -0.7845694163994965, -3.032697057198688, 0.021293564638931547
0.21369211456144907, 0.3348404818777939, 0.4937906632199816, -0.7844513694260196, -3.0326898733312544, 0.021310705225102443
0.21370486520976628, 0.33483892330882903, 0.4937929711022483, -0.7845760534380931, -3.0326459657896145, 0.02129063624533496
0.21369679508435108, 0.3348360806465859, 0.4938044551604785, -0.7845094776902225, -3.032690073026932, 0.02121676118933734
0.213701470267887, 0.3348350270948862, 0.49380322054289105, -0.7845338618751468, -3.0326330169047235, 0.021251639481529493
0.21369692820131053, 0.3348528304012512, 0.49379631969610827, -0.7845096564750048, -3.0326891268670955, 0.021254997432759958
0.21369467247816068, 0.33483269971827806, 0.49380444272629204, -0.7845067790189858, -3.0326789099318305, 0.02119734795275929
0.21370074140754725, 0.33482485847184973, 0.4938067899294345, -0.7846123599722183, -3.0326383153110497, 0.02123408174570758
0.21369393663600855, 0.33484264208428466, 0.49380997940652355, -0.7845095804501346, -3.032690139684696, 0.021217676002687227
0.2137014642666243, 0.33482717524923633, 0.493820388110841, -0.7845767583867777, -3.032649478802499, 0.021159277310041705
0.2137117958573861, 0.3348261502659783, 0.4938044652388357, -0.784615729217609, -3.0326499965109117, 0.02121583528711457
0.21371183724818696, 0.3348186998402685, 0.4938010762992166, -0.784639091476622, -3.032667665480744, 0.021254741595340628
0.2136905165059113, 0.3348310680273967, 0.49381697696049665, -0.7845092012686509, -3.0326901701527333, 0.02121767216856821
0.2136985182087129, 0.3348572795953638, 0.4937986130837053, -0.7844981989801375, -3.0326430168291085, 0.021233156237092158
0.2136922224086456, 0.3348454197825987, 0.4937997076221886, -0.7844787115902341, -3.0327223831005474, 0.021237843057844416
0.213692197192485, 0.33484070563190305, 0.49380203037809406, -0.7845604533159432, -3.0326631718102375, 0.02127389520874987
0.2136985707484032, 0.33485061379063885, 0.4937985082522843, -0.784516040433178, -3.0327138638124955, 0.02120053041065738
0.21371068134826282, 0.3348510953957173, 0.4937781535281443, -0.7845268026112198, -3.0326810468765184, 0.02136726862725935
0.21369253014939593, 0.3348417942976305, 0.4938031904296438, -0.7845244933346981, -3.0326728822025717, 0.021254321997601792
0.2137117360919642, 0.3348430519056817, 0.4937894907011369, -0.7846086885946355, -3.032699386226899, 0.021294483778870953
0.21369217700318596, 0.33484430725848485, 0.4938111149501023, -0.7845402489361085, -3.032658199406209, 0.021197683213755113
0.2136982382453775, 0.3348448948110629, 0.4937997601372634, -0.784579108171954, -3.0326588685971387, 0.02125440774725593
0.21370153540179232, 0.334840099940139, 0.4937918010864939, -0.7845423472412644, -3.032666412594961, 0.021310790097231906
0.2137027711765636, 0.33483193290815016, 0.49378364691002224, -0.78455739189481, -3.0326490654210496, 0.021348019480496326
0.21371864607140556, 0.3348293736667917, 0.4938122103667032, -0.7846004479553719, -3.0326671520807396, 0.021179764528102826
0.2137028277483465, 0.33482402327625854, 0.49382714468574795, -0.7846191836951135, -3.0326650110745845, 0.021104976922843688
0.21369299948360318, 0.33483947219460386, 0.4937939760258353, -0.7844732211713544, -3.032698967947121, 0.021236171154945624
0.2137097877253895, 0.33482327584430543, 0.49380108426910707, -0.7846121900008812, -3.0326369341426136, 0.021271804512813564
0.21369543865844032, 0.33483145394463554, 0.4938090007946737, -0.7845095154516728, -3.0326905816251672, 0.021198101769937104
0.21370314775041938, 0.3348378088769591, 0.4937881230953969, -0.7845302063247404, -3.0326953520529925, 0.021274898325358532
0.2136956095412341, 0.33485709376024064, 0.4937781558048012, -0.7844599805154372, -3.0327239766081866, 0.02134971287695233
0.2136952047804717, 0.33483919362329895, 0.49381123425039875, -0.7844972840586687, -3.032719093458938, 0.02118103392497398
0.21369900797439045, 0.3348522119822873, 0.4937962996784435, -0.784496944772686, -3.0327170538941095, 0.021256416680079753
0.2136967562248039, 0.33483992803447826, 0.49378702771812616, -0.7845061800341537, -3.032676375025838, 0.021292134365981406
0.21369679508435108, 0.3348360806465859, 0.4938044551604785, -0.7845279359214731, -3.0326853825749973, 0.021216847480419923
0.21371010213269373, 0.3348489403958827, 0.49380202561529873, -0.7845821648349894, -3.0326701474525923, 0.021254823224029235
0.21369928330152624, 0.3348445840505579, 0.49379975005897603, -0.7845277072714947, -3.0326843404121253, 0.0212549100988112
0.2137032733536388, 0.334838148965573, 0.4938054012936605, -0.784585076880844, -3.032682952026978, 0.021218426518160707
0.21369716069506728, 0.33484120312190385, 0.49379973771824304, -0.7845792973820855, -3.032659381592005, 0.02123575098037935
0.21370359130471797, 0.3348345203650596, 0.49380888401593354, -0.7845396808332118, -3.032656743246601, 0.02123448568870577
0.21370690361569547, 0.33483819285456123, 0.49378726744227436, -0.7846363787132244, -3.032654824754559, 0.021311057934188207
0.21370011759289725, 0.33483896332555746, 0.4937997477096872, -0.7845402055072458, -3.032656863030643, 0.021234663067735648
0.2137058585670494, 0.33483850364030104, 0.49378727752040424, -0.784542286050354, -3.032666325313607, 0.02130987437785515
0.2136946035415457, 0.3348408858479059, 0.49382941075197206, -0.784513294084255, -3.0327046860505984, 0.021105725541268498
0.2137016395931792, 0.33483647489290713, 0.49380886394600537, -0.7845637458775859, -3.032675492216397, 0.02123624809582415
0.21371464772897153, 0.33483969969647204, 0.49380090793632714, -0.7845945794232537, -3.0326419728963705, 0.02125306283902993
0.2137042189736663, 0.3348289783844047, 0.4938079078461876, -0.7845638534463016, -3.0326753290268873, 0.021235332373840284
0.21370531305639043, 0.33484886852893636, 0.4938031187745718, -0.7845643412765262, -3.03267595604797, 0.02121759431755292
0.21371664038869073, 0.3348265442925565, 0.49380887402439666, -0.7846515387955084, -3.0326401048772156, 0.021235235813516853
0.21369911757526874, 0.334851698748167, 0.49378608795526796, -0.7845584182439076, -3.032651406799662, 0.021272238687562874
0.21370914862977655, 0.33483802181080907, 0.49380998179454144, -0.7845877642923967, -3.0326939078105553, 0.021237667559052417
0.21370278653376504, 0.33482391176020737, 0.4938214610345705, -0.7845648234144283, -3.0326783203014043, 0.021123383357825952
0.2137107013898467, 0.33484335961394945, 0.49378950064072047, -0.784605829398963, -3.0326878256722463, 0.021293734602479315
0.2137014642666243, 0.33482717524923633, 0.493820388110841, -0.784522108271339, -3.0326633674122547, 0.021159021183009045
0.21370263301283252, 0.33483605543184936, 0.4938031703857143, -0.7845299783798781, -3.0326958523802836, 0.021255486554281902
0.2137042517229685, 0.3348330122382226, 0.49380203037809406, -0.7845968860062172, -3.03265341253455, 0.021273554618614403
0.21370858027951567, 0.33484386609579275, 0.49378383705614826, -0.7845819139343081, -3.032668697823625, 0.021310804259070084
0.21371026167345486, 0.3348333360314903, 0.4938054112593089, -0.7845457631627415, -3.032680323017776, 0.021217167605002567
0.21369308373588575, 0.3348397003161186, 0.4938055706345667, -0.784564211601904, -3.0326768813720197, 0.021198529152100964
0.2137075837181012, 0.3348365108765351, 0.49380083313486156, -0.7845853688418274, -3.032682753676871, 0.021218259288046038
0.2137056294871195, 0.3348413522982241, 0.4938122528166246, -0.7845586201022607, -3.0326530209765523, 0.021197256721487142
0.21371301627183958, 0.3348351386868012, 0.49379293101514615, -0.7845875068273365, -3.0326922834856918, 0.021293479532700995
0.21370426024115272, 0.33482909008159684, 0.49381359144234555, -0.7845273711225242, -3.0326851076951313, 0.02121650135893488
0.21371371957341012, 0.3348376296366466, 0.49378610984000215, -0.7845870115329867, -3.0326907655678306, 0.02135020063241432
0.21369990384164744, 0.33484685114236823, 0.49378156166362647, -0.7845632612578995, -3.0326726475676287, 0.021349120304639545
0.21370617293211802, 0.3348316991823451, 0.49380556066890585, -0.7846035044899153, -3.032678683595551, 0.021198937901520786
0.21369558836725147, 0.33483603910494264, 0.49379979954939623, -0.7845601463979469, -3.0326619806853934, 0.021311039830484737
0.21368813161062433, 0.33483535696223365, 0.4938135589640486, -0.7844757495985779, -3.0327117397796313, 0.02119901875867694
0.21369161331622785, 0.33483458455827525, 0.4938374189200863, -0.7845100967020826, -3.0326931361435574, 0.021104972729389052
0.2137068191440462, 0.3348416440250444, 0.49379062378458877, -0.7845976075477811, -3.032653920154163, 0.02125415792178004
0.21370211304491346, 0.3348381165729961, 0.49378813306084046, -0.7845273473017699, -3.03268379145837, 0.021274149003663704
0.2136998387217313, 0.3348380283697082, 0.49380431586862583, -0.7845581500721963, -3.032652260000425, 0.021234745306069846
0.21370567487549266, 0.33484246483745506, 0.49380084548866765, -0.7845698306761564, -3.0326987183535357, 0.02123775796822342
0.21370175132274227, 0.33484063729333763, 0.49379628500825984, -0.7845796322763455, -3.0326597243176043, 0.02121692666844007
0.2136927671697601, 0.33485017971167075, 0.4938020111412218, -0.7845193789227096, -3.032650617883006, 0.021215504142977827
0.21370061781454178, 0.3348367560672724, 0.49379621703820165, -0.7845436277891892, -3.03266943562462, 0.021198100517444324
0.21369326583748388, 0.3348357349154186, 0.49379177531780316, -0.7845370269720358, -3.0326443790772633, 0.0212713943793225
0.2137020637042021, 0.3348215950846097, 0.49380786274913907, -0.7845823283808396, -3.032671756446498, 0.0211981033258204
0.21370186260965418, 0.33483333720002967, 0.49381012881560865, -0.7845304653996819, -3.032697369120303, 0.02119876549772955
0.21370198110354424, 0.33484536985083596, 0.49380431604369457, -0.7845577628021315, -3.0326512136859387, 0.02127280495997837
0.21371347110600933, 0.33482425680537947, 0.4937917351784613, -0.7846392021535274, -3.0326671413552915, 0.02127415006442174
0.21369760626965711, 0.33484647281705815, 0.4938122528166246, -0.7845585197838013, -3.0326533786815033, 0.021197596839934062
0.21370288220414616, 0.3348283122401384, 0.4938124414415638, -0.784578901124769, -3.032659030005208, 0.02123540414163086
0.2136910870864292, 0.3348329800881085, 0.49380788532058567, -0.7845095133375298, -3.0326901987560952, 0.021216931045201434
0.21370313263849292, 0.33482917740756996, 0.4938022343297608, -0.7845608934194848, -3.032663163371129, 0.02125323575849684
0.21370786173687506, 0.3348329077973857, 0.49380431586862583, -0.7845397922042987, -3.032656592322632, 0.021234318618903784
0.21370326616295648, 0.33484592708699973, 0.49379409891852205, -0.7845241559767443, -3.032671597491376, 0.021291299222973226
0.2136993801051478, 0.33483268535640276, 0.4937976661713337, -0.784524350277268, -3.032672659787911, 0.021253237501406137
0.213702562019454, 0.3348272654706946, 0.4938113259940722, -0.7845605813513601, -3.0326631347553663, 0.02125397687647538
0.2136992278937606, 0.3348368633117101, 0.49378472220455955, -0.7845328152370837, -3.0327055898913797, 0.021332544889626794
0.21370305847991206, 0.33483262538435654, 0.49380559070446906, -0.7845768006099703, -3.0326484856343088, 0.021196599177773168
0.21370727830056596, 0.33482336033777116, 0.4938102004812425, -0.7845993977132161, -3.032664963905465, 0.021273391124316844
0.21369756542796153, 0.3348387987945258, 0.49379749675805296, -0.7845455455800746, -3.0326792674755123, 0.02127365294870179
0.21370168086012095, 0.334836586593178, 0.49381454754210663, -0.7845091672111014, -3.032689869221076, 0.021217332473247613
0.21369766181645403, 0.33483446240035003, 0.49380448533481774, -0.7845735486133992, -3.0326365185962287, 0.021214670826904466
0.21369586722702294, 0.3348369740640795, 0.4937952313905042, -0.784524105421988, -3.0326711816701057, 0.021310872952152202
0.21370387397302254, 0.3348440182093758, 0.49379629733597036, -0.7845276803890232, -3.0326847752598804, 0.02123608425626771
0.21369779425623953, 0.33483090645810976, 0.49382718726237956, -0.7845588168936315, -3.0326552622228924, 0.02112204553446546
0.21371086371252965, 0.3348230798854929, 0.4938067578589077, -0.7845970253489558, -3.0326535832343136, 0.021253809173130647
0.21369931579582066, 0.33484858650042754, 0.4937997825104393, -0.7845246302587755, -3.032672150919342, 0.021272810336716685
0.21369975610053543, 0.33483780466987806, 0.4937929486571414, -0.784558006241874, -3.032651281037405, 0.021272065262990664
0.21370477675487135, 0.33483084834545845, 0.49379877154105817, -0.7845456983803066, -3.03268002848871, 0.021235251258286562
0.21369579130447644, 0.3348365031445175, 0.4938101488597411, -0.7845251199136811, -3.0326741956260226, 0.02119743105449629
0.21370517674713493, 0.33482369254513245, 0.49382495622278677, -0.7846127587686803, -3.0326401212782406, 0.021159274722538347
0.21369483909119, 0.33483703410790777, 0.49382152609750446, -0.7844858498454259, -3.032672902400993, 0.021159190942105846
0.21369830847076235, 0.33483751428024694, 0.49380201033420856, -0.78443894154235, -3.032718576519151, 0.021274635239225296
0.21370877312524816, 0.334840684889359, 0.49377332551593117, -0.7845484841822666, -3.0326895558605855, 0.021312135195775146
0.21370423545083395, 0.3348451768141056, 0.4938030964405299, -0.7846007229817897, -3.0326672711528784, 0.02119910666974707
0.21369612598616705, 0.3348415108056832, 0.4937997477096872, -0.7845221495444272, -3.0326616168789244, 0.021234747894297145
0.21369259425955237, 0.3348372057328024, 0.4937988117324927, -0.7845163696328858, -3.0326384198832104, 0.02123249687874329
0.2137005945406709, 0.3348367856656506, 0.49380887402439666, -0.7845608578980875, -3.03266381609131, 0.021235491659578845
0.2136985584052163, 0.3348459415881084, 0.49380087558475483, -0.7845250431053631, -3.032673158067172, 0.02123549612764118
0.21370106799251942, 0.3348384273461316, 0.4937881431389993, -0.7845791102876204, -3.032658227870249, 0.021273648062184822
0.21369374613230163, 0.33483748058696244, 0.4937895679207629, -0.7845182873193497, -3.0326474548817592, 0.021328026902648893
0.21369407345003685, 0.33483071795384, 0.4938078953989786, -0.7844702113840918, -3.0326876084201912, 0.021215833407461075
0.213710860757054, 0.3348353177204442, 0.49380195857402936, -0.7845642346691184, -3.032676222623853, 0.021198597273773198
0.21369956214620298, 0.3348455189572688, 0.4937951818885003, -0.7845459551403033, -3.0326797463930455, 0.021254997296538854
0.21370178003527612, 0.33483311366042334, 0.4937987615754857, -0.7845668755915194, -3.0326871013072494, 0.021236256559617667
0.21370095832677266, 0.3348463699083297, 0.4938019710013513, -0.7845853029156201, -3.032683092330266, 0.021218597371615067
0.21370260008779657, 0.33483961513599997, 0.4938122103667032, -0.7845825129501411, -3.0326723740606685, 0.02118036005423175
0.21370319198594873, 0.3348493751412247, 0.49379745521327034, -0.7845766179118554, -3.0326476314219613, 0.021234833887534214
0.21371496793901273, 0.33484074645816186, 0.4938020233838392, -0.7845763449728975, -3.0326471578205974, 0.021234318939170528
0.21369872694274017, 0.3348305499003654, 0.4937953906978458, -0.7845966408770779, -3.032653165954583, 0.02129163930130161
0.2136922384795538, 0.3348408174113863, 0.49380771395927703, -0.7845424290709256, -3.0326682595921777, 0.021255150427035248
0.21370110679110374, 0.33483457990564885, 0.4938055706345667, -0.7846005043074757, -3.0326673257891956, 0.021198359122695725
0.2137018213319668, 0.3348332254627519, 0.4938044451948388, -0.7845303931977716, -3.032696879842693, 0.02121742569331761
0.21370495157114033, 0.3348477098986769, 0.49379631969610827, -0.7845640455024684, -3.0326749729624143, 0.0212549119791594
0.2136979393741334, 0.33482783057684934, 0.49379061723548623, -0.7845426991940768, -3.0326674795855917, 0.02127273107125716
0.21370868800206796, 0.3348395984703697, 0.49378473290678093, -0.7846279371300953, -3.03262082111301, 0.021272058705157144
0.2136974808512161, 0.3348422498861737, 0.49380085317878236, -0.7845252323313994, -3.032673671162727, 0.02121683936964921
0.213700061738615, 0.33483489067845884, 0.4938055807129451, -0.7845248694314829, -3.0326741369458152, 0.021197262535587076
0.21369485577599617, 0.33484567059681586, 0.4938076422194884, -0.784510179182298, -3.0326911310720246, 0.021180363489050814
0.21370669337497872, 0.33484130338420165, 0.4937733455591912, -0.7845065452552733, -3.032675515364987, 0.0213104590816641
0.2136998800039114, 0.33483814012205665, 0.493809999476494, -0.7845763180291231, -3.032648150545539, 0.021216170141851558
0.21370210020372124, 0.3348341604203768, 0.49379987703650496, -0.7845670993529799, -3.032687594983771, 0.021217598950995335
0.21370654901624336, 0.33483681858483444, 0.4938008431004635, -0.7846187016421007, -3.032661995264674, 0.021217679489481202
0.21370594995264403, 0.33483483687593885, 0.49380429579879065, -0.7845640378056143, -3.032675293736303, 0.02123608063073467
0.21369840675953689, 0.3348295030887555, 0.493794275289499, -0.7845236703653973, -3.0326711574574206, 0.021309956124963777
0.21370344580957276, 0.33483803344153557, 0.4937861376050518, -0.7845547652983458, -3.032637883962836, 0.021327858006349572
0.2137090660360609, 0.33483779821577975, 0.49379861460686014, -0.7846057159259203, -3.0326883301606755, 0.02127507246505393
0.21371006788606647, 0.33484105031562583, 0.4938076445814192, -0.7846064599367134, -3.0326903005687496, 0.021200439170064346
0.21369756341705531, 0.3348424734060038, 0.4938122204451582, -0.7844888218392234, -3.0326839385064264, 0.021179348140581887
0.21370298942862867, 0.3348534174936553, 0.49378496483947315, -0.7845485146187874, -3.03268979527697, 0.021311722763140212
0.21370631141367213, 0.3348359953718259, 0.4938110948800895, -0.7845458754354373, -3.032680967621396, 0.021198676688761145
0.21371111413351462, 0.3348239449301211, 0.4937965507363683, -0.7846514020812165, -3.032639320911196, 0.02127197967474552
0.2136988310784127, 0.3348269246631842, 0.49381245345570335, -0.7845637508585567, -3.032676040566656, 0.021216843010916434
0.21370018594867746, 0.33482766371491085, 0.4938135589640486, -0.7845487377851811, -3.0326926934104455, 0.021198849791017046
0.2137045900558551, 0.33484655116504836, 0.4937895206582076, -0.784527195045566, -3.032683278146758, 0.02129205869149181
0.21371285770212747, 0.3348420377602648, 0.49379964375666746, -0.7845646442096557, -3.032676701456037, 0.02117994162411457
0.21369760673152224, 0.3348389106253756, 0.4938031803513206, -0.7845456177069068, -3.0326797568971737, 0.02125499282667263
0.21369840152697603, 0.3348491657976215, 0.4937928646840026, -0.7845227104017031, -3.032662100136255, 0.02121609496190228
0.2137020962900546, 0.33482559751966623, 0.4938078953989786, -0.7845611547307418, -3.0326641661343676, 0.021215918967518503
0.21370143115405962, 0.33483959053290135, 0.4937951695477204, -0.784524758238907, -3.032673118472322, 0.021235328301263026
0.2137043112153649, 0.33484561631391413, 0.49379408884031306, -0.7845816943392498, -3.032669386487831, 0.021292311645642818
0.21368873207703656, 0.33484122642741254, 0.4938044551604785, -0.7845095588035682, -3.0326903865879897, 0.021217102965191716
0.21370258045420856, 0.3348397891670788, 0.49379179100831805, -0.7845267764273344, -3.0326827790321333, 0.02131146061717
0.2137129581253813, 0.33482642210695945, 0.4937952213122923, -0.7846176740694787, -3.0326591468801363, 0.021311374111336927
0.21370477675487135, 0.33483084834545845, 0.49379877154105817, -0.7845641565692805, -3.0326753378852853, 0.02123533755535924
0.21369435386434496, 0.33483554051149944, 0.4937976761627483, -0.7845218932821774, -3.0326611627376363, 0.021252659626762788
0.2136917903492383, 0.3348354713479899, 0.4938010641993755, -0.7844905609961726, -3.032693372966917, 0.021273565534499394
0.2137127566251806, 0.3348256113130349, 0.4937928605783649, -0.7846003741021187, -3.0326652727943344, 0.021254574008791896
0.21368871619851915, 0.334825059431243, 0.4938033563139466, -0.784472244407522, -3.0326980053191104, 0.02127347975051789
0.21370118932007995, 0.3348348032894345, 0.4938169379037526, -0.7845644559613099, -3.032677501650205, 0.0211608696530052
0.21369352438926772, 0.3348249569026437, 0.4938226826067307, -0.7845458045109869, -3.0326817919399778, 0.02117960803940741
0.21370031801074962, 0.33484427636702613, 0.4937997400934053, -0.784512108077468, -3.0327005913116842, 0.0212555729347411
0.21369956214620298, 0.3348455189572688, 0.4937951818885003, -0.7845640514212843, -3.0326751478340093, 0.02125508190323249
0.21369643159793195, 0.33483859660818593, 0.49381237984710247, -0.784525566847693, -3.032675182538673, 0.021160116090739457
0.2137029940578716, 0.33484477602006535, 0.4938190419469817, -0.7845616346561437, -3.0326657665574546, 0.02116085845750936
0.21370175132274227, 0.33484063729333763, 0.49379628500825984, -0.7845796322763455, -3.0326597243176043, 0.02121692666844007
0.21370473352519492, 0.3348344111242051, 0.49380781170030624, -0.7845982033560238, -3.032656434019405, 0.021160117831955445
0.21370893771960345, 0.334832711828034, 0.4938099894849362, -0.7845608197639803, -3.032664043803383, 0.021216492799047946
0.213695068409984, 0.3348341860384075, 0.4937965507363683, -0.7845607213122281, -3.0326630325270454, 0.021272235541797763
0.21371061690701723, 0.33484681074579037, 0.49379285699596287, -0.784548962235812, -3.0326915194282646, 0.021236749978177732
0.21370626983118005, 0.33484344574752606, 0.49381448380298354, -0.7846133549362371, -3.0326402109331454, 0.02116019634243861
0.21369608467110832, 0.33484139893552495, 0.49379406409160576, -0.7844855233078165, -3.032670415937452, 0.021253236516350478
0.21370766795756252, 0.33484062206521203, 0.4938065491258097, -0.7845458376315612, -3.0326804588824032, 0.021217336098898025
0.21369871276009578, 0.33484267220891684, 0.4938088417474088, -0.7845273952005772, -3.032684311796559, 0.02125565121954323
0.21370027818773946, 0.33484805188313144, 0.4937884052498825, -0.7845273735126985, -3.0326828478222496, 0.02131088713594704
0.2136980953650635, 0.33482456574664593, 0.49379881079135873, -0.7845812465393999, -3.0326694556957134, 0.021292309229917726
0.2137064156978712, 0.3348365048808685, 0.4938077263135087, -0.7845815604091879, -3.0326696635819537, 0.021274223285827808
0.21370303735977603, 0.33484121334239564, 0.4938100018125063, -0.7845091293861078, -3.032689360373674, 0.021235991877699704
0.21370219735058116, 0.33483834485650593, 0.49379972763994534, -0.7845274945170765, -3.0326847901922878, 0.021236082375491936
0.21368976314659946, 0.3348323557666776, 0.49381246353414315, -0.7845792205958658, -3.032660031682921, 0.0212165127382082
0.21370309840614016, 0.3348212873765827, 0.49380785278345346, -0.7845486335494924, -3.0326926065464215, 0.021198681587258968
0.21369847723694282, 0.3348496051302609, 0.49378385712548484, -0.7845217788571082, -3.0326596153570313, 0.02130938377838104
0.21370557385653238, 0.3348297174324569, 0.4938090133415418, -0.7845484783866015, -3.0326920740384726, 0.021217337766858788
0.21370351246517574, 0.3348428595012736, 0.49378949827197305, -0.7845273845004269, -3.032683791680115, 0.021273401889163567
0.21370015961391403, 0.334843613100232, 0.49379738043797705, -0.7845675475704834, -3.0326882083842657, 0.021199858561413203
0.2137044109139627, 0.3348173765361409, 0.49381132548859735, -0.784579024853912, -3.0326594270615908, 0.02121583237511743
0.2137074029922431, 0.33482756479508513, 0.4937976661713337, -0.7846152932128705, -3.0326492160167793, 0.021253323069562628
0.21369878819378468, 0.3348229253049852, 0.49381242091852473, -0.7845121488558876, -3.0327020019843784, 0.02119867984057478
0.21369993711306456, 0.3348306861014116, 0.4938181149471389, -0.784508973902512, -3.0326898847543453, 0.021217330517354048
0.21370287181354317, 0.33484832836802303, 0.4937963397657581, -0.7845402022126787, -3.0326563348037734, 0.021253321623641866
0.2137033272071963, 0.3348298840589805, 0.49378607161859256, -0.784542439761136, -3.0326668591863424, 0.021291218395734304
0.21371178358439277, 0.3348308474589577, 0.49381452752402805, -0.7845693038606785, -3.032698952037811, 0.021218753179111562
0.21371418013566243, 0.3348105486718446, 0.4938101453652685, -0.7846389287260142, -3.0326679947884765, 0.021236656841272586
0.21370691783517426, 0.3348267399269226, 0.4937953506623649, -0.7845720821461724, -3.0327086333165703, 0.021294312075771756
0.2137042316633225, 0.33483661386553126, 0.4938111149501023, -0.784576681858666, -3.032648441495495, 0.021197342250492565
0.21370666981406097, 0.3348459326960586, 0.49378950064072047, -0.7845329414703649, -3.0327065149866477, 0.021293564968643198
0.21369959681445125, 0.3348505169913043, 0.49377789615485645, -0.7844812626241278, -3.032731230035666, 0.02133246653424084
0.21369927911505315, 0.33482385252696134, 0.4937940454637197, -0.7845363468252612, -3.032643613117108, 0.02129045374984504
0.21370732887494903, 0.33483101277280447, 0.49380102254599556, -0.7845403579691356, -3.032657624557101, 0.021196260794883057
0.21370569083773147, 0.3348378624489224, 0.49380885182578893, -0.7845423418914832, -3.0326677706028318, 0.02125463800131981
0.21369520100935244, 0.3348306304994102, 0.4938192525404129, -0.7845459903842579, -3.0326817770016956, 0.02117960991842829
0.2136978272729255, 0.3348273470683359, 0.493818147131785, -0.7844697297730547, -3.0326880302647425, 0.021196999654549218
0.21368671380468274, 0.3348383549376071, 0.49380107427766795, -0.7845240877338849, -3.032672611535937, 0.021273150391828127
0.21370998501918187, 0.33484838893794827, 0.4938053497347508, -0.7845102783084458, -3.0326906288013222, 0.021179853730369885
0.21369849810335595, 0.3348258360325071, 0.4938112933764926, -0.7845816144977008, -3.0326709283864224, 0.02123633145460539
0.2137035863426695, 0.3348469738857741, 0.49379521433991674, -0.7845609340329724, -3.032662802871465, 0.021272812926358402
0.21370777223046877, 0.3348411315357179, 0.4938031805530507, -0.7845449680070693, -3.0326784434546497, 0.021292711750769588
0.2137112548850621, 0.3348404787126005, 0.4938087901644081, -0.784616102987543, -3.0326511274546313, 0.02117943556937257
0.21369855441127106, 0.3348622821780094, 0.493781554367391, -0.7845428139091392, -3.032666746926638, 0.021310389216841204
0.21369371867783418, 0.3348293429709327, 0.4938214711131524, -0.7845799302491064, -3.032662401799343, 0.02112305140946933
0.2137070275914756, 0.3348385285392208, 0.4938043182178215, -0.7845819446511959, -3.0326701817557624, 0.021254822053509224
0.2137083057169884, 0.33483428957081557, 0.49382248219618186, -0.7845948814683136, -3.0326446658353197, 0.02115993745132163
0.21369360194520823, 0.33483763418069573, 0.493820380561234, -0.7844759965010053, -3.0327120068860967, 0.021180188031768275
0.2137049874519915, 0.3348353711002154, 0.4938156730941532, -0.7845612938342741, -3.0326645963800813, 0.021198003867520864
0.21370102954661738, 0.3348497697026495, 0.4937861080766742, -0.7845526310453685, -3.0326280144338753, 0.021270563371890667
0.2137075424039877, 0.33483639901984585, 0.4937951495039349, -0.7846033928995603, -3.0326776654989573, 0.021237003975455603
0.21369699558039584, 0.33482814989846404, 0.4938225966442453, -0.78455915741039, -3.032655779117448, 0.021103391399826102
0.2136981818040666, 0.3348363154901253, 0.493807734055283, -0.7845367821739306, -3.0326446643207894, 0.02125330496227297
0.2136997002772436, 0.3348337321291418, 0.49379878161934726, -0.7845245738764769, -3.032673153758865, 0.02123458004819862
0.21370006958427987, 0.3348397364973615, 0.49379522376647356, -0.7844959942941772, -3.032714869288476, 0.021331622085438297
0.21369743538521638, 0.3348381741357971, 0.49380668612170237, -0.7844918286271679, -3.0326956587631644, 0.021179361514679196
0.2136938451790077, 0.33484630905315277, 0.4937929611109028, -0.784487829081578, -3.0326811722077673, 0.021291470240846214
0.21370786272469477, 0.334833766241354, 0.4937813140206832, -0.7845875890419332, -3.032691953753927, 0.0213130582825576
0.21369443644330083, 0.33483576407706034, 0.4938090433771813, -0.7845035789544891, -3.032666831901555, 0.021215253140370868
0.21369112834611784, 0.3348330917740234, 0.49381356892979145, -0.7845457779301508, -3.0326814906442987, 0.02119844009366014
0.21370022027176316, 0.3348355852426869, 0.49380203037809406, -0.7845239989433558, -3.032672101785123, 0.02127338431900526
0.2136982057512235, 0.33484089236142434, 0.49379972763994534, -0.7845278966356533, -3.032684853591686, 0.021236253275775337
0.21369465111210925, 0.33483286900568776, 0.49378379619940715, -0.7845056909338802, -3.0326754064099233, 0.021329449878161117
0.21369890668026165, 0.33483495793053786, 0.49380660851684943, -0.7845756387480105, -3.0326466494259012, 0.02127288862863637
0.21370022719209095, 0.3348277753348937, 0.49381924257460286, -0.7845488099438963, -3.0326931825111902, 0.021180189586159377
0.21369780100371474, 0.33484329663765605, 0.4938019686523695, -0.7845254558408045, -3.0326741647856856, 0.021198181895971977
0.2137116811832105, 0.3348383601409376, 0.49379181342117184, -0.7845628794371198, -3.032672709180546, 0.021329947302717707
0.21368941056526705, 0.33482730657565724, 0.4938113154101684, -0.7845455200507864, -3.0326810166240623, 0.02121709836139046
0.21369872026931086, 0.3348551676389607, 0.49379521662352405, -0.7844936438551674, -3.032704370399672, 0.021292974637887974
0.21370083212584787, 0.33483760885620406, 0.49379862227075144, -0.7845243830783388, -3.0326726200638463, 0.02125398316421235
0.21369580538050975, 0.3348480262731593, 0.4938077047912432, -0.7845348275735037, -3.0326347452581905, 0.021196009754388047
0.21370471239885594, 0.33484299915488114, 0.4938122227808636, -0.7846217377514277, -3.0326741316556816, 0.021199936254654158
0.21369883724997624, 0.33484687649490064, 0.4937963074142322, -0.7845432908882803, -3.0326685639933557, 0.021235583431449222
0.21369620855935678, 0.33484173435086295, 0.4938111149501023, -0.7845222932524724, -3.0326625954132123, 0.021197427916535477
0.21370621420745586, 0.3348318109063567, 0.4938112443027234, -0.7845489259282347, -3.0326930614833065, 0.021180022562552532
0.21368925031502822, 0.33483916031096317, 0.4938192650741192, -0.7844575359037163, -3.0327163142188964, 0.021198930975361314
0.2136874785478441, 0.3348332215608189, 0.4938112834107927, -0.7844752932175246, -3.0327107329142367, 0.02123708029419901
0.21369874814621218, 0.33483426336425354, 0.49381015885131146, -0.7845218584022147, -3.0326625720134346, 0.0211965109231351
0.21369773655211924, 0.3348146279942973, 0.4938204044661616, -0.7845395284145789, -3.0326577958295973, 0.02119716591682444
0.21369811257729204, 0.3348445544850292, 0.49378248198256763, -0.784578889242702, -3.032657380770889, 0.02131113431266742
0.21369863016412044, 0.33484244858573864, 0.4937974745865969, -0.7845272508877564, -3.032683332698469, 0.021292971448698027
0.2137070726460077, 0.33484720329990075, 0.4938019832962538, -0.7845698649877128, -3.032698698987927, 0.021237757258763777
0.21370525367558957, 0.3348286706763274, 0.49380789788052254, -0.7846029054197894, -3.032677691928449, 0.021236250532968015
0.21370689819115316, 0.33485820844795305, 0.49378266977573687, -0.7845793299205369, -3.0326576848686826, 0.021291561455135607
0.21369077398265024, 0.3348520223248937, 0.4937963074142322, -0.7844702631633028, -3.032687455133455, 0.02123558343147816
0.2136943951633085, 0.33483565232680607, 0.4938033597692562, -0.7845035070730585, -3.0326663425145077, 0.02123391312227292
0.21370313263849292, 0.33482917740756996, 0.4938022343297608, -0.7845970857542539, -3.0326539659532945, 0.021253405200418372
0.2137000291934052, 0.3348308882170827, 0.49380554813506033, -0.7845645012033936, -3.0326770364999556, 0.02117953309617117
0.2137068620813614, 0.334845643397463, 0.4937906561490954, -0.7845764628460273, -3.03264644499518, 0.021271980746981993
0.21370063969658376, 0.3348492106466295, 0.4937952042616865, -0.7845638620588129, -3.0326746346852453, 0.021273738730457938
0.213692396332846, 0.33483260642857693, 0.4938203982155132, -0.784519481438684, -3.0326519565158727, 0.02115860682785004
0.2136971608848141, 0.334821034046853, 0.4938362583224972, -0.7846192909835166, -3.0326656242832923, 0.021086486544720076
0.21369710402705658, 0.3348325923274574, 0.4938136216169647, -0.784518595453114, -3.032650397675964, 0.02121440915090953
0.21369866557200232, 0.33483403982522575, 0.4937987916107829, -0.7845217146254453, -3.0326615932122487, 0.021233830883847737
0.2137047376627493, 0.3348555975908996, 0.49377813351097094, -0.7844781587039616, -3.0327184376519685, 0.02136886118289389
0.213696446142316, 0.33484255756995285, 0.49380086317024774, -0.7845766613067621, -3.0326483146247942, 0.02121634495692187
0.21370178003527612, 0.33483311366042334, 0.4937987615754857, -0.7845303209681063, -3.0326963904577857, 0.021236085883804427
0.21370215569316595, 0.33484579528320707, 0.493803116510378, -0.7845222286422615, -3.0326625218020005, 0.0211972610504459
0.2137117008349018, 0.33483818618625005, 0.49381223274659014, -0.7846186163211984, -3.0326623054730475, 0.02119884686314036
0.2137008734269917, 0.3348377206736903, 0.49380430587713525, -0.784542913264526, -3.0326684191330595, 0.021235409532570977
0.2136938395842229, 0.33483845762861436, 0.49381012881560865, -0.7845488233431448, -3.032693036207443, 0.021199190447951433
0.21369648743470568, 0.33484266936229573, 0.4938065468027945, -0.7845224448126771, -3.0326625998452346, 0.021197430504254957
0.2137000391508861, 0.33484334140812305, 0.49380430825220445, -0.7845666075764405, -3.0326866995235235, 0.021255825525226455
0.2136957804924707, 0.3348327866034771, 0.49379538061962125, -0.7845271837812148, -3.032683391790863, 0.021292226492942386
0.2137019808377463, 0.3348289337087168, 0.4938055682049835, -0.7845404356440098, -3.0326582883050177, 0.021177771160068314
0.21369947724467622, 0.33483686976629284, 0.49379751682771034, -0.7845032042131195, -3.0326651636306767, 0.021271806467058802
0.21369335010744883, 0.3348359630874335, 0.4938033698737139, -0.7845552694667378, -3.032640778936805, 0.02123341309676934
0.21370346945616736, 0.3348427430199958, 0.49378358731229055, -0.7845457676698622, -3.032678592077345, 0.02129289470771453
0.21370113968743149, 0.334831020102158, 0.49379653069259133, -0.7845117768843775, -3.032700000789491, 0.021273316561521285
0.21369910123343933, 0.3348317503985526, 0.4938022343297608, -0.78450610245306, -3.0326772536852062, 0.0212531501892285
0.2137005490017736, 0.33483270983336827, 0.49381470691643375, -0.7845459125590232, -3.0326811135579166, 0.021198100162125776
0.2137018887548092, 0.3348287315936233, 0.4938181350172769, -0.7845214633135659, -3.0326618468675695, 0.021215738936997276
0.21370142695218639, 0.33483562664004457, 0.49380668612170237, -0.7845826317080699, -3.032672418188128, 0.021179616975327234
0.21370127847930714, 0.33484741665980206, 0.493803086474896, -0.784512779393302, -3.03270207257575, 0.02119960012447729
0.21370554526261257, 0.3348372411618027, 0.4938065368112619, -0.7844884882886006, -3.0326831835421793, 0.021197666820998714
0.21370413445675815, 0.3348324293997296, 0.4938112643468981, -0.7845616361135012, -3.032665134164457, 0.021178603323700976
0.21369989586204147, 0.3348305744554886, 0.4938124313631351, -0.7845089017665673, -3.0326893952715412, 0.02123599063178496
0.21369750963770742, 0.33483472619942, 0.4938033297338196, -0.7845305715265583, -3.032696449426246, 0.021236253968733805
0.2136994626868239, 0.33483290892116396, 0.49380903338563187, -0.7844883018319759, -3.032682835584609, 0.021215747983393176
0.2137006594802979, 0.3348293056672592, 0.4937928280736804, -0.7845850862619654, -3.032682506782528, 0.021237090759716463
0.21370183552815564, 0.33484474853555196, 0.49380200103677013, -0.7845404632666183, -3.0326573374855967, 0.021216004963783373
0.21369938846462527, 0.33483635682028784, 0.493812389838715, -0.7845223051888174, -3.032663559248186, 0.021159196118084953
0.2136934492888153, 0.33484482280911, 0.49380085317878236, -0.7845431881360329, -3.0326692753533715, 0.021217094345130826
0.21369692311592037, 0.3348403799157625, 0.4938099894849362, -0.7844518202560773, -3.032692239440239, 0.02121649195189856
0.21369774475982897, 0.334827123738166, 0.493806779937917, -0.7845426945900587, -3.032668473786495, 0.021234661990012865
0.21369979543539042, 0.3348415910998046, 0.4938133560410598, -0.784574099627655, -3.032637954924432, 0.02115944186833627
0.21370960658774216, 0.3348272815237232, 0.4938146969506803, -0.7846031612399356, -3.0326785196453683, 0.02119876375145774
0.21369956214620298, 0.3348455189572688, 0.4937951818885003, -0.7844913042086695, -3.03269363338776, 0.021254741779805086
0.2137036364146988, 0.3348431951108037, 0.4938065491258097, -0.7845276009505859, -3.0326852602394108, 0.021217421545880733
0.213700848008728, 0.3348300432727974, 0.49380105423379966, -0.7845843638075378, -3.03268149083695, 0.021274399974509493
0.21370140436718368, 0.3348440774250509, 0.49380541364742003, -0.7845516229054357, -3.032703467960873, 0.02123783975701693
0.2136961960526278, 0.33483409886944643, 0.4938079078461876, -0.7844910061201152, -3.0326941731260426, 0.021235331527770296
0.21368881460538922, 0.33484144983970826, 0.49381582240356947, -0.7845097027782747, -3.0326913643949296, 0.021179782666385975
0.2137071325148757, 0.33483030120300644, 0.49381695797392594, -0.7845950002185889, -3.032644709966079, 0.021159194378159017
0.2136976768379431, 0.33484684373296886, 0.4937790391757214, -0.7844855623633629, -3.0326694019601956, 0.021291304723648857
0.21371253356470932, 0.3348324281860039, 0.4938065468027945, -0.7845765718151687, -3.032648180200981, 0.021197003016663357
0.21369870686860892, 0.334834151627265, 0.4938044752303387, -0.7845945328366422, -3.032643595796137, 0.021215511888718546
0.21370017896306104, 0.33483547339914776, 0.4937963467983287, -0.7845239268474364, -3.0326716120214035, 0.02129204435091586
0.213692396332846, 0.33483260642857693, 0.4938203982155132, -0.7844829273895783, -3.0326612456724584, 0.021158435287185688
0.21369271647395266, 0.33483365314127267, 0.4938215137288074, -0.7845012466882518, -3.0326571405466023, 0.02113986286390984
0.21369902541112187, 0.3348313107014273, 0.4938112418604497, -0.7845978769770454, -3.0326566513070183, 0.02116028619264954
0.2136998387217313, 0.3348380283697082, 0.49380431586862583, -0.7845762461704224, -3.032647661293646, 0.021234830132287393
0.21371451308706346, 0.3348191992533154, 0.49382037811914653, -0.7846158708183473, -3.032651328917516, 0.02115968643343098
0.2137044978718887, 0.3348299133910774, 0.49380333969943835, -0.7845821012445584, -3.032670734716792, 0.021235419569169103
0.21369930897500133, 0.33481979187322264, 0.49382034300042965, -0.7845405824596233, -3.032659794312805, 0.021121792597578404
0.21371137436457205, 0.3348494556530007, 0.49379176386281715, -0.7845670071283997, -3.0326858214844283, 0.021274150633281547
0.2136981973110108, 0.3348246143611671, 0.4938305972466421, -0.7845278254050593, -3.032687803479677, 0.02112337733362699
0.21369421549996642, 0.3348435770988966, 0.4938054112593089, -0.7845640208511467, -3.032676348355558, 0.02121793238341908
0.21369107824602032, 0.3348368707609675, 0.4938022343297608, -0.7845791110887352, -3.03265903430923, 0.021253832180786116
0.21370359511716003, 0.33484308330600904, 0.4938008655064462, -0.784527528828302, -3.0326847708269344, 0.021236081665400603
0.2137032332987374, 0.33484948699808886, 0.49380313884439936, -0.7845220395178021, -3.0326620086529785, 0.02121591773421984
0.21370219011489563, 0.33484612282304344, 0.4937884253193122, -0.7845758755184837, -3.0326456600501297, 0.021309466033298308
0.21369866557200232, 0.33483403982522575, 0.4937987916107829, -0.7845401727002657, -3.0326569027485637, 0.0212339174074216
0.21370853062435893, 0.33482747756011383, 0.49380902330722787, -0.7846364216987791, -3.0326572717605704, 0.02121684404470256
0.21370018550356065, 0.33483522565628066, 0.4938226316190511, -0.7845797355008104, -3.0326617154139, 0.021141538117312165
0.21370520535590531, 0.3348363681129453, 0.4937850021278387, -0.7845783840715064, -3.03265602800908, 0.0213481067059947
0.21370163919501453, 0.3348440369937881, 0.4938179364389566, -0.7845404554006457, -3.032658311509427, 0.021178682396293634
0.21368888030384003, 0.3348293711323947, 0.49379627824239825, -0.7845066678693483, -3.0326780376022056, 0.02123558455845185
0.21369681230289683, 0.3348316153424246, 0.49381814512189537, -0.7845730850002495, -3.0326364855677292, 0.021215409360546108
0.21370187717829964, 0.33483729808326645, 0.49379861219247495, -0.7845457290395073, -3.032679605821766, 0.021254826200298598
0.21370022027176316, 0.3348355852426869, 0.49380203037809406, -0.784505902664275, -3.0326767000386923, 0.021273299591691736
0.213687521284836, 0.3348372209075393, 0.49381131591566474, -0.7845449921740721, -3.0326801740989855, 0.021255328401840197
0.21369879058745223, 0.3348352340561807, 0.4937928405607661, -0.7845697285759418, -3.0326984240443404, 0.021256588448983718
0.2137051424685395, 0.3348359707444889, 0.4937940541002291, -0.784597421677263, -3.032653935090299, 0.021254156042511352
0.21370445462673912, 0.33483347611749886, 0.49381237984710247, -0.7845434015509668, -3.0326703185727597, 0.02115985945587074
0.21369752369632364, 0.3348462492719129, 0.49380088557620977, -0.784485629544449, -3.032670886139423, 0.021234575833343435
0.2137119727622007, 0.33484689938678164, 0.49379636208003047, -0.7845031968252428, -3.032664843140883, 0.021271465022122165
0.2137158802629353, 0.3348439902078522, 0.4937793112734471, -0.7845212169682766, -3.0326585708289664, 0.02132735912369222
0.21370158370742928, 0.3348324021378449, 0.4938146969506803, -0.7845668684012387, -3.0326880752638488, 0.021198933565619825
0.21371804104823752, 0.3348397083125606, 0.4937963097305731, -0.7845486869360099, -3.03269066244012, 0.021255066126113262
0.21370211438412584, 0.3348456834390971, 0.4937974328662009, -0.7845587109364377, -3.032652743247925, 0.02121609237378259
0.21369977199520143, 0.334830239127458, 0.49379538061962125, -0.7845633361287361, -3.0326740392825666, 0.021292226492961818
0.21369859384447482, 0.33483820139397164, 0.4938237271008621, -0.7845130007340405, -3.03270408740792, 0.021124214311343977
0.21369511692667978, 0.33482651950753706, 0.49381353640563963, -0.7845670635750039, -3.0326887624169125, 0.02118044632199541
0.2137158855864463, 0.3348323250118382, 0.493796264964432, -0.7846037169042859, -3.03267780116232, 0.021218007566611553
0.21370786419269172, 0.33484133323930493, 0.49379061370639515, -0.7846004955590306, -3.03266559626736, 0.021254914433411074
0.21370375921312396, 0.334826690918848, 0.49381247155512514, -0.7845337001165738, -3.0326333667799603, 0.02123280759829563
0.21370362644228375, 0.33482677977413156, 0.49383173529217633, -0.7846007468708678, -3.0326690936691656, 0.02112354662491889
0.21370378963609463, 0.3348437898192607, 0.4937847027331421, -0.7845459914217107, -3.0326790861792516, 0.021274237190257072
0.21369651620848806, 0.33483514563324823, 0.49380902330722787, -0.7845093261287961, -3.032690068595007, 0.021216758599208893
0.2137043311978978, 0.33484201427180865, 0.4937850045233421, -0.7845838004695126, -3.0326789549037825, 0.021368439924090914
0.21369888009519378, 0.3348508758809883, 0.4937963397657581, -0.7845036881520627, -3.032665779001531, 0.02125331992699525
0.213695117997686, 0.3348379692259661, 0.49381695797392594, -0.7844860014060804, -3.032672906833546, 0.021159193530073225
0.21369479623893325, 0.3348330346976246, 0.49382149363239836, -0.7845435489890804, -3.032671087483185, 0.02114153882700323
0.21370930335333896, 0.33484618360660406, 0.49379743514357827, -0.7846006019966751, -3.032666066281653, 0.021236253600040233
0.2137060279090861, 0.3348399516869445, 0.49379292107552714, -0.7845540729899728, -3.0327134002170086, 0.02129439845366118
0.21371762274178982, 0.33482997042855067, 0.49379748466484097, -0.7845784497936955, -3.032657079267045, 0.021291618279395456
0.21369216305915356, 0.334832784103318, 0.4938135589640486, -0.7845305411353624, -3.0326976498149207, 0.02119910408614344
0.21369399072616221, 0.33483437735196897, 0.493790649792068, -0.7845031368231513, -3.0326648496854434, 0.021290636846706144
0.21370123487407125, 0.3348388791738324, 0.4938111049585233, -0.7845066544559149, -3.032678691336901, 0.021197920901283886
0.21370369746803156, 0.3348271522224911, 0.49379852167018695, -0.7845458848870734, -3.0326805221854602, 0.021217340848716525
0.2136970698360767, 0.33482470211450843, 0.4938192400736011, -0.7845613473537005, -3.032665859922517, 0.02116011233436916
0.21369052868115454, 0.334838671825334, 0.49382609420945023, -0.7845767620864448, -3.0326499225229884, 0.021159786248998613
0.21369479835044242, 0.3348293604297985, 0.49380676985954525, -0.7844728754352139, -3.0326987906866503, 0.021235247632195163
0.21370436964530728, 0.3348172648395125, 0.49380564189237114, -0.7846151450672088, -3.032649739792658, 0.021234661853141067
0.21370445657017179, 0.33482980157657294, 0.4937976560930659, -0.7845639328538764, -3.032674843941138, 0.02125399507908381
0.21370554092817898, 0.3348332769783101, 0.493818053416983, -0.7845648200484657, -3.0326777927014095, 0.021142042084173845
0.21370162495091816, 0.33483251375781087, 0.493820380561234, -0.7844757349688297, -3.032711741400971, 0.021179847570050068
0.21369855261344553, 0.33483808981182794, 0.4938180434511663, -0.7845494831943931, -3.0326943089990914, 0.021143045160891685
0.21370190386840923, 0.33483344887227096, 0.4938158124377949, -0.7845124412292437, -3.0327024569234013, 0.02118002081606018
0.213703232056144, 0.3348380371606646, 0.4937997176743645, -0.7845488120513131, -3.0326916602362526, 0.021236917736512016
0.2136933614644944, 0.33483306853843214, 0.49379170257414534, -0.784515264588005, -3.03271244190376, 0.021256505618609284
0.21369968649729976, 0.33483829218185823, 0.4938031603335129, -0.7845332682655519, -3.0327075921065147, 0.02125641375888884
0.2137024989682803, 0.3348268675411045, 0.49382037811914653, -0.7845430641179343, -3.032670329077685, 0.021159854987498696
0.2136977884982761, 0.3348356611603811, 0.4937987615754857, -0.7845122647708856, -3.0327011442537932, 0.021236170377154508
0.21370242440380915, 0.33484305379325374, 0.49378359739039224, -0.7845790725457602, -3.0326577189495616, 0.021292307397897024
0.2137076250132361, 0.3348366226681764, 0.4938065167672055, -0.7845307901968306, -3.0326971312047837, 0.02119934394257176
0.2137164278161918, 0.33482201686399776, 0.49379174514394264, -0.7845997481261292, -3.03266471494055, 0.02127306059282114
0.2137078015871895, 0.3348202720152877, 0.493818167228067, -0.784627811486509, -3.0326226608311306, 0.021195749950597153
0.2137041363818182, 0.334828754794902, 0.49379654065812173, -0.7845637091107429, -3.0326743498897213, 0.021272652597276533
0.21370025650323152, 0.3348519003954425, 0.4937827094904032, -0.7845604082511817, -3.032660951929594, 0.02134836295149107
0.213707853067487, 0.3348367984169897, 0.4937986647986211, -0.7846274853262504, -3.0326208274135813, 0.02127130454533566
0.2137048688811019, 0.3348474859638925, 0.49378495246447335, -0.7845819974607008, -3.0326693953482735, 0.021292316826502393
0.21370047062609931, 0.3348364501748713, 0.4937918232443908, -0.7845606417855031, -3.0326623475530567, 0.021291471798484847
0.2137011354422583, 0.33483001936052287, 0.4938136216169647, -0.7845368319274337, -3.032645596385634, 0.021214323365368517
0.21370965791100574, 0.33484755773405717, 0.49378385940958686, -0.7845270734935282, -3.032682070964164, 0.02132920547826614
0.21371044095711766, 0.33482541125077486, 0.4938033597692562, -0.7845760919875772, -3.032647231852246, 0.021233572111395572
0.21370150116357647, 0.33483217870278276, 0.4938033297338196, -0.7845667240297359, -3.0326870968775514, 0.021236253968733805
0.2137001049818592, 0.33483132779796915, 0.49379654065812173, -0.7845270142721006, -3.032683841908695, 0.021272651751106857
0.21369679508435108, 0.3348360806465859, 0.4938044551604785, -0.7844548266847975, -3.0327039597866436, 0.021216505695460453
0.21369829191488052, 0.33484967888081046, 0.49380307642266685, -0.7844974304834702, -3.0327185498162565, 0.021200441761451302
0.21369372959022023, 0.33484964518269655, 0.4937906337759301, -0.7845040269882424, -3.0326659138669183, 0.021253495431920857
0.21370113968743149, 0.334831020102158, 0.49379653069259133, -0.7845664279853998, -3.0326861136323506, 0.021273571760145077
0.21370664552017618, 0.33482880293893863, 0.49379288064794874, -0.7846125824060463, -3.0326376403756927, 0.021253322935306584
0.21369441526557761, 0.33483205054850035, 0.493794275289499, -0.7845602651598872, -3.0326620248398295, 0.021310296756693815
0.21369671082177183, 0.3348358525000314, 0.4937928605783649, -0.7844912342137289, -3.032693672892724, 0.021254743228573587
0.2136904462186947, 0.3348384486490454, 0.4938147269865225, -0.784576618652572, -3.032648945114575, 0.021197106290802507
0.213695512413326, 0.3348355680788059, 0.4938147169949057, -0.7845611607112398, -3.032664993798159, 0.021197597877922428
0.213695068409984, 0.3348341860384075, 0.4937965507363683, -0.7845060706311549, -3.032676919598844, 0.02127197967474544
0.21369968603481065, 0.3348458543731353, 0.49381223274659014, -0.784546171356089, -3.0326812140108546, 0.021199016898552928
0.21369844161196985, 0.3348417108672308, 0.4937892484947405, -0.784509514934168, -3.0326890393733623, 0.021255576094238716
0.21369880953953294, 0.33483077351723095, 0.4938067578589077, -0.7845786887642601, -3.032658743571374, 0.021254234477164107
0.21370269700461592, 0.3348314668394901, 0.4937987916107829, -0.7846311553390339, -3.0326336137814605, 0.02123417273230673
0.2137038326412498, 0.33484390628725724, 0.49379061370639515, -0.7845276082386868, -3.0326842857407623, 0.021254744370989995
0.21371191964550004, 0.33482648527765985, 0.4938215161057992, -0.7846159451811698, -3.03265146435898, 0.021159855124312378
0.21370934301091105, 0.3348424078318283, 0.49380877012028773, -0.7845856990759271, -3.032683717055658, 0.021180940764039934
0.21371189713169658, 0.33483889754036134, 0.49379629733597036, -0.7846367198268367, -3.032656732264476, 0.02123625430993542
0.21371136801698679, 0.3348295353451986, 0.4938020002820292, -0.7845873844437062, -3.0326927684149267, 0.0212755637137711
0.2137046602124867, 0.33483917069833297, 0.4937917709908035, -0.7845325226223197, -3.032706015920905, 0.021312967037933617
0.21370776448872497, 0.33482872336129477, 0.4938044652388357, -0.7845428423455858, -3.0326686866386496, 0.021215665012594396
0.21370816914316645, 0.3348263190460638, 0.493802224251446, -0.7845818373146825, -3.032670085344544, 0.021253907877990225
0.2137095393687496, 0.3348394394149648, 0.4937778836814284, -0.7845696784772437, -3.0326965373062604, 0.02131297576667629
0.21369901695306204, 0.33483152220109774, 0.49379063980074445, -0.7845606061028508, -3.0326623676940034, 0.02129147253725991
0.21369848459596222, 0.33484182726811373, 0.4937951594694696, -0.7845095899495473, -3.0326895484048544, 0.021236169570455276
0.21370014468629261, 0.33482755202987985, 0.4938078753549103, -0.7845848582115845, -3.0326830066709687, 0.021217678967149035
0.21370745961808976, 0.33484005790933774, 0.49377790369865976, -0.7846182208066581, -3.0326595047855402, 0.021311723207059343
0.21369643362941984, 0.3348349220673007, 0.4937976560930659, -0.7845091819008907, -3.0326890898061905, 0.021254078841968147
0.21369883495173728, 0.3348384508950751, 0.49381000958102844, -0.7845006837312372, -3.0326549608254845, 0.021215072459802628
0.21369411135616206, 0.3348435221367189, 0.4937733975839813, -0.7845446914982211, -3.032676465091211, 0.021387270507706443
0.213680398128098, 0.3348175852730196, 0.493792051092963, -0.7846012320239362, -3.032439046908129, 0.02137295474603839
0.21364828371863714, 0.33483795968352953, 0.493785698686155, -0.7844676027446563, -3.032211941315758, 0.021431942512054915
0.21364435369958637, 0.33478367069528275, 0.4937812811191061, -0.7844626757209638, -3.0325968920134168, 0.021869152126042735
0.21360618456433214, 0.334749372976505, 0.4937036670345176, -0.784328996629375, -3.0321477739476874, 0.02270320012660595
0.2136352896769157, 0.33481994031467405, 0.4937751816496938, -0.7842793030102785, -3.0323874253903123, 0.02132644671907986
0.21366307275704946, 0.3348181725357318, 0.4937767701653872, -0.7844245150514232, -3.0326599271246626, 0.021328459505096455
0.21367269507425135, 0.3348098347722228, 0.49380218646874147, -0.7845283387718186, -3.032612104828139, 0.02119410514746603
0.21367766549366501, 0.33481898992475734, 0.493809944728537, -0.7844614791240933, -3.0326542571742094, 0.021177352312337635
0.21368313118171506, 0.3348261587196176, 0.493794024690468, -0.7845424621889805, -3.032668569480078, 0.021254582453119123
0.2136931998025183, 0.3348162803756353, 0.49378828826092847, -0.7845149400590367, -3.0327123889117424, 0.02125633644675979
0.21369572360535763, 0.33481704408864704, 0.49380643463921037, -0.7845757799613077, -3.0327236986055786, 0.021183457298988958
0.21369942982322218, 0.33482587784081463, 0.4937916500966724, -0.7845238387026479, -3.0327476413274486, 0.02123993209572049
0.21369345198514042, 0.33481795183085394, 0.49380529923873234, -0.7845268732657863, -3.0327604408044913, 0.021203536763932187
0.2136973991229325, 0.3348112678485702, 0.4937995829816367, -0.7845480871252476, -3.0327672238060677, 0.02120420414507867
0.21370019450004796, 0.3348207446365275, 0.4938018593670157, -0.7846024459300265, -3.032753388485332, 0.021204454168630545
0.21370486906467728, 0.33482428993448393, 0.49380412284590086, -0.7845817080643832, -3.0327467458223767, 0.021184795206868865
0.21371164005128124, 0.33481892049409073, 0.4937757146344874, -0.784578194651766, -3.0327323570697513, 0.021277002624654213
0.21370287181139505, 0.33482124840412025, 0.4938213885706215, -0.7845426749828038, -3.0327463580326075, 0.02110848409383031
0.21370957361389598, 0.3348202506433942, 0.4937973138394287, -0.7845844109709762, -3.0327571211265174, 0.02122269417326179
0.21370622552937735, 0.3348289165643946, 0.4937995772463172, -0.7845635730263647, -3.032750836387586, 0.021203371138168187
0.21370758039718965, 0.33482965560432015, 0.4938006828447719, -0.7845847536470872, -3.0327582913373283, 0.021185545867413932
0.21370382401117657, 0.33482460070642245, 0.49380413284591024, -0.7845607231880696, -3.0327396686719528, 0.02118395491804545
0.2137059037712778, 0.3348239822396315, 0.4938041129578329, -0.7845845677711711, -3.032758306273083, 0.021185543980023376
0.21370155241875244, 0.33482925873059866, 0.49379166269494645, -0.7845265364289639, -3.0327588043895504, 0.02125934591939693
0.2137089758950329, 0.3348258355152603, 0.49381006638374136, -0.7845788458793654, -3.0327348630019593, 0.02118312032100848
0.2137127736335, 0.3348310021472846, 0.4938122999821452, -0.784584852582231, -3.0327585734774836, 0.02116596704641324
0.21370921347211314, 0.33483054178521654, 0.49379393604253813, -0.7846300894385236, -3.0327079992969996, 0.021239350746214344
0.21372135769318165, 0.33482717709327414, 0.49379969768247084, -0.784645241691003, -3.0326911858451227, 0.021238168871325968
0.21370566068174365, 0.3348309417673774, 0.4938032898018654, -0.7846144119142047, -3.0327243724428867, 0.021239432889683607
0.2137135730166971, 0.3348415415048658, 0.49377551641381, -0.7845969807430972, -3.0327277287105807, 0.021278002624570698
0.21370925701173835, 0.3348353289297523, 0.49379725266118807, -0.7846211328650519, -3.0327490782104665, 0.02118571537190444
0.2137183848785818, 0.3348415815861406, 0.49380075397895523, -0.7846338845319376, -3.032721358561209, 0.021164552186000666
0.2136991128458286, 0.3348409560676463, 0.49379158888074176, -0.7845062701762358, -3.0327533954242716, 0.02120270237556003
0.2137081922169594, 0.3348316790976655, 0.4937972747943876, -0.7846397903815423, -3.032744919060851, 0.02116639718034266
0.21372163038813324, 0.33482026039485735, 0.4938122973969442, -0.7846879333059565, -3.0327077414629473, 0.021145803683419815
0.21371294143739167, 0.3348355575988731, 0.4937789367648863, -0.7846358759855124, -3.0327302221077312, 0.021278925353097073
0.21371093149206918, 0.33483244388124594, 0.49380206806566496, -0.7845972798603406, -3.032730253478627, 0.021183208834764728
0.21372380329669755, 0.33484003004511653, 0.49378712342378844, -0.7846361203955832, -3.03273033359684, 0.021259180368139355
0.2137161831997593, 0.33483885926668067, 0.49379053394810596, -0.7846234852368148, -3.032758542754924, 0.021260936749128417
0.21371161901198252, 0.3348425005629775, 0.4937928146570917, -0.7845733575651682, -3.032710578580222, 0.021219684996238875
0.21371125166215088, 0.3348334905989821, 0.49380318356574254, -0.7846336969736643, -3.032721548309623, 0.021164718988886746
0.2137159553296927, 0.33482491317972835, 0.49380442520282697, -0.784645321575629, -3.0326918702834926, 0.021218931407277212
0.2137144985082117, 0.33483222295176446, 0.4937984425828137, -0.7846309545055757, -3.032709837696847, 0.0211638048269119
0.21370060040819208, 0.3348259069284038, 0.4938089183382021, -0.7845815995044538, -3.0327469159401104, 0.0211842140298781
0.21370582238424773, 0.33483520835752356, 0.49379616697645345, -0.7845761077614269, -3.03272298605103, 0.02120195178676532
0.21372016894251045, 0.3348314232605932, 0.49381327596809366, -0.7846697199288795, -3.0327119435910306, 0.02116529058844512
0.21370934157054552, 0.3348318779148721, 0.49379389626718145, -0.7845690574887028, -3.032773070965425, 0.02124219462738068
0.213708748024053, 0.33484142680380286, 0.49379513199140124, -0.7846145579316356, -3.032723828671601, 0.021258840943995348
0.21371959501340962, 0.3348417176188461, 0.4938234787206701, -0.7846008706565644, -3.0327441880346466, 0.02109049836745845
0.21371744881118127, 0.33482994836878743, 0.49381106492220944, -0.7846092341046061, -3.03270151817802, 0.021200848219194688
0.2137086596465778, 0.334833351764673, 0.4938009326906442, -0.784620759875865, -3.032748600145454, 0.021203624401094974
0.21372687382480307, 0.33483056647293735, 0.4937951121035917, -0.7847113505911031, -3.0327232600405787, 0.02126009460936258
0.2137113837953021, 0.3348426735046281, 0.4937857483828041, -0.7846025088442093, -3.0327516534720798, 0.021261013883638845
0.21370099430308553, 0.33483106777463223, 0.4938157500187043, -0.7845241663397824, -3.0327495977837113, 0.02116454302034188
0.2137180892053273, 0.334832041802767, 0.49381329590835754, -0.7846277784172331, -3.0326979061784414, 0.021163616987335872
0.21371133873129985, 0.3348339988504696, 0.49378808316414746, -0.7845783951274893, -3.032732333447624, 0.021277911490055465
0.2137168316749931, 0.33482782528339183, 0.4937961770024918, -0.7846824003181063, -3.0326830624259986, 0.021201195468512873
0.21370998364690846, 0.33483693912707396, 0.4938019286164282, -0.7845547857465268, -3.032715773531715, 0.021200936826946633
0.21371641020726947, 0.3348435678537035, 0.49377440350559365, -0.7845842162387713, -3.032754556616474, 0.021316740057779966
0.21371753711561117, 0.33484262258052155, 0.4938087624230122, -0.7846302986265996, -3.0327087634182384, 0.02120185945475279
0.21371206502813547, 0.33484020817389837, 0.49379625735258476, -0.7846120629696653, -3.03271255879822, 0.02123926514298957
0.21372371806214926, 0.3348313808516905, 0.493789458288943, -0.7846480189468708, -3.032701863291938, 0.02127624584496617
0.21372058716462636, 0.3348244589141328, 0.493806656163924, -0.7847003801724749, -3.032678811931902, 0.021181701854273836
0.21371266243988069, 0.3348383022648474, 0.49379845599270017, -0.7845974642037148, -3.032730218211083, 0.021183957111690792
0.2137143737974251, 0.33482413544520323, 0.49381685553167004, -0.7845816291651405, -3.0327474585251872, 0.02114638875846774
0.21372754181934603, 0.3348483276421668, 0.4937804211860477, -0.7846808673436474, -3.0326789433328276, 0.021350290562686104
0.2137163768130689, 0.3348387072565035, 0.49379737281301816, -0.7846122469010052, -3.0327128971510917, 0.02122043901703941
0.21373134488628825, 0.33482477350281054, 0.49379735042004225, -0.7846850228481946, -3.0326942973479842, 0.02120144362469438
0.2137164095775423, 0.334835147292531, 0.49378833295394425, -0.7846505540790245, -3.0327132887604407, 0.021295990347609345
0.2137280848620271, 0.33484213380196876, 0.49379732360463524, -0.7847069183843303, -3.0327024960885893, 0.02116455491178752
0.21371896250759576, 0.33484373224568215, 0.49377665422136374, -0.7846150713683846, -3.032722954889023, 0.021277917859707934
0.21371379007685484, 0.33483821505271943, 0.4938098133336293, -0.7846366910124799, -3.0327336732371117, 0.021147560168270314
0.21371689425790708, 0.3348202049948293, 0.49381343503869596, -0.7846702997734457, -3.0327135210630582, 0.021107826270625466
0.21371916265392513, 0.33482420723532885, 0.49381576250508685, -0.7846722000897559, -3.0327231615041366, 0.021183956577799052
0.2137128208636159, 0.33483896556648834, 0.4938008156090089, -0.7846328674603572, -3.032719515832884, 0.021240095571096827
0.21371455984056373, 0.3348287331816893, 0.4937950415891539, -0.7846150365341752, -3.0327244971143674, 0.02122118959132536
0.21373589870668475, 0.33482869729428216, 0.4938041421413175, -0.7846937387178425, -3.0327295639430822, 0.021185038327781146
0.21371437349901912, 0.33483169727049444, 0.4938259281735264, -0.7846491828115445, -3.032707188023823, 0.02108924450221435
0.21371465873920598, 0.3348329220878411, 0.4937951194861273, -0.7845754335192878, -3.0327217124419024, 0.02123892753359886
0.21371015295801477, 0.33483838704567304, 0.49380757243341267, -0.7845846720793362, -3.032758247399864, 0.021185541827174185
0.2137187599030633, 0.33482293707937927, 0.49380327980189515, -0.7845990819873051, -3.032740178159363, 0.021239598220282593
0.21371537542782537, 0.3348475553103085, 0.4937893643313572, -0.7846154841355866, -3.03272460236616, 0.021221360710318837
0.2137242061830708, 0.3348413006630909, 0.4937996061802421, -0.784672683455444, -3.032722607361336, 0.021203369192561293
0.21370989678954408, 0.33483275158897136, 0.49380207797957415, -0.7846306129425139, -3.0327094947185462, 0.02118262824760419
0.21371549939442377, 0.3348478909616113, 0.49380641533649783, -0.7845976054051443, -3.0327306683819155, 0.02116529519950129
0.21372121798452468, 0.3348396755077591, 0.49380524766692446, -0.7846242645919781, -3.0327608460682307, 0.0211674736416242
0.21371691439062154, 0.3348204867392102, 0.4937984717728089, -0.7846877388874519, -3.032705820239646, 0.021221356630881427
0.21371736863549592, 0.334830720669398, 0.4937823796619229, -0.7846021255150539, -3.032750326146388, 0.021297994442209135
0.21371533397291137, 0.33485132611735235, 0.4937778018836344, -0.7846122866561686, -3.032711530668936, 0.021277336139298428
0.21373393886727973, 0.3348382927659769, 0.49378713585030043, -0.784693179585236, -3.0327272244412686, 0.021278502381571425
0.21372416485448056, 0.33484118876744573, 0.49379392252497734, -0.7846726107012364, -3.0327221182681465, 0.021222029748319483
0.21372655363290663, 0.3348370820487799, 0.4938030688769748, -0.7846331860195073, -3.0327194766520846, 0.02122093186597992
0.2137127469566796, 0.33483485124867673, 0.4937950995724339, -0.7846358728979144, -3.032731215703462, 0.021240855232741662
0.21372375764167245, 0.33482760527103295, 0.4938007932029749, -0.7846331173962285, -3.032719515384759, 0.02122093328438759
0.21371365500904488, 0.33483334474175147, 0.49380081314292557, -0.7845910763973765, -3.032705834983834, 0.021219596252076263
0.2137232937230019, 0.3348304939096982, 0.49381324610582605, -0.7846602609864952, -3.0327514553715567, 0.021167468318656808
0.21372426017837529, 0.33484901647632714, 0.4938144068173799, -0.7846860294428041, -3.0326966439351404, 0.021126566070113026
0.2137211696487618, 0.3348473417268689, 0.49378826117243785, -0.7846541109762417, -3.0327259182400956, 0.021259432318150966
0.21371668254963863, 0.33482823098100706, 0.4938009326906442, -0.7846389568119441, -3.0327436431416643, 0.021203372121435447
0.21371781429948472, 0.3348396698732564, 0.49380984568755765, -0.7846335724409941, -3.0327213299711, 0.021165293314075483
0.2137207267673783, 0.3348332932030181, 0.4938041396624987, -0.7845791787647303, -3.0327350409352816, 0.02116487394348643
0.2137275511259049, 0.3348489750333627, 0.49377802169711915, -0.7846023471269106, -3.032750165740837, 0.021297080185411356
0.2137141840708566, 0.33484270675258715, 0.4937951102287352, -0.7846404112384936, -3.0326697975916157, 0.021180286709196052
0.21372439352760014, 0.3348422217704517, 0.4937630685279699, -0.7846354110449173, -3.032727346831109, 0.021371883994734477
0.21372500998511268, 0.3348317221870919, 0.49379961611250917, -0.784670143519355, -3.032711821756368, 0.02116438399680343
0.21371529043661772, 0.334838906145411, 0.493791699196637, -0.7845727314194633, -3.0327100213957916, 0.0212381725077049
0.21372583735393863, 0.3348345488702369, 0.49380984568755765, -0.7846698657383727, -3.032711773798013, 0.02116512441411302
0.21371870674428262, 0.3348465158653302, 0.4937962180184055, -0.7845947934778091, -3.032718488241123, 0.02118229480846001
0.21371705151005102, 0.33484869073691653, 0.4937939846925515, -0.7846426879317069, -3.0326799344669744, 0.021237760889327717
0.21370703849171097, 0.33483931320781923, 0.49380760223552, -0.7845941608322171, -3.0327188514446686, 0.02118337217665859
0.21371931585459, 0.3348284815033182, 0.493808867237015, -0.7846519664314378, -3.0327170805172137, 0.021145805568817736
0.21372057761530872, 0.33483758206616193, 0.4938030166809882, -0.7845872601405091, -3.0327691493631517, 0.021204620765465556
0.21371631864765012, 0.33482239703350897, 0.49379650067479647, -0.7846114960541212, -3.0327112670506313, 0.021275495685769884
0.21371718255646244, 0.33483368565975064, 0.49381326596798286, -0.7846728301257119, -3.0327237299457694, 0.021166217238540057
0.21372460909058122, 0.3348350088165896, 0.4938030166809882, -0.784660149407618, -3.0327504580948905, 0.021204789012265735
0.2137177748282923, 0.33483588328625735, 0.49378943837540545, -0.7845809178942984, -3.0327439461234627, 0.02127775162844419
0.21372880969265354, 0.3348407762733484, 0.4937961981046333, -0.784654931676283, -3.032727569415418, 0.021183715738318808
0.21371845637834175, 0.3348456509706706, 0.49380642525045804, -0.7846489946669508, -3.032705155266725, 0.021164630531522028
0.21371437349901912, 0.33483169727049444, 0.4938259281735264, -0.7846129901499997, -3.0327163872595704, 0.02108907625868078
0.21371862239336806, 0.33484628744904993, 0.49378462331149, -0.7846308384080437, -3.0327082921758324, 0.021220530347462123
0.21372276424943207, 0.33482802480636453, 0.49380648674899097, -0.7846665230813262, -3.0326992457496167, 0.021201691730998094
0.21372234668315657, 0.33482279362798584, 0.4938055207367826, -0.7846512538015014, -3.0327154452180918, 0.021201611177423068
0.21372691514687409, 0.3348306783414761, 0.4938007957210637, -0.784620216569287, -3.032746929633837, 0.02124101150714816
0.21373199157422695, 0.33482779418107006, 0.4938007857472426, -0.7846959937626203, -3.0327399138485887, 0.021241936931591154
0.21371809488730506, 0.3348444924253667, 0.4937996260940634, -0.7846486981581224, -3.0327041730184354, 0.021201948790310468
0.2137311446958802, 0.3348402658829878, 0.49378828108596784, -0.7846301453097201, -3.0327068110435054, 0.021257334210503055
0.21371989575387004, 0.33484293901174517, 0.49380417435043866, -0.7846181018282018, -3.0327366034640137, 0.02120328350975851
0.2137257960620445, 0.3348344371052525, 0.49380416202938937, -0.7846878895192885, -3.0327066852036064, 0.02118386893457702
0.2137184081215998, 0.3348457546111747, 0.4937803666169253, -0.7846478422795395, -3.032701204324182, 0.02131390272923938
0.21372053038667635, 0.33483258159380663, 0.4938200751416967, -0.7846157273393393, -3.0327267241370146, 0.02112772011365264
0.21372611627258023, 0.334827921593542, 0.4937962051448592, -0.7846933067491727, -3.0327289582619485, 0.021222693778081773
0.21370491744252954, 0.3348398198961206, 0.49380193855618804, -0.7846064367547275, -3.0326905270143265, 0.021200612055026397
0.21372101846471672, 0.3348342699639526, 0.49379961611250917, -0.7846158942499805, -3.032725774843724, 0.021164299966923258
0.21372220740502576, 0.3348306930055483, 0.49380757243341267, -0.7846572994736011, -3.032739290490749, 0.0211853725291793
0.21372275825453615, 0.3348403408551909, 0.4937871334235807, -0.7846513288403709, -3.0327140584454657, 0.021258507540102573
0.21372579779205442, 0.3348307622841852, 0.49378943837540545, -0.7846718629922675, -3.0327205007497375, 0.021277836414195898
0.21371166033777755, 0.33484261245934477, 0.49379849831256, -0.7846096228015721, -3.0327018698669006, 0.021201193179309387
0.21372144299702342, 0.33483582632484765, 0.4937973628991782, -0.7846514399297104, -3.032715056505327, 0.021221187304660938
0.21371988930130775, 0.33485525496412816, 0.49378482076928243, -0.7846210032969853, -3.032746817404344, 0.0212601832647489
0.2137259735247759, 0.3348596930567117, 0.4937939176054876, -0.7846396248115888, -3.032743539637184, 0.021203375736316286
0.21371533342462015, 0.33484290552945134, 0.4937917314964311, -0.784551585960287, -3.0327025460702006, 0.021255995651672296
0.21372396680931105, 0.33483658981571135, 0.4938155094587996, -0.7846029792416177, -3.0327541434709113, 0.021147800060304187
0.21372172187124663, 0.3348367611653925, 0.4937927947173056, -0.7846515914924796, -3.032715060933951, 0.021221189899868334
0.2137257547511428, 0.3348343252752174, 0.4937984783726384, -0.784633527542729, -3.0327199942661807, 0.021202277300779396
0.21372815645729928, 0.3348386409530892, 0.49379392252497734, -0.7846179189205488, -3.0327358526341, 0.021221608408980224
0.21371981311091576, 0.33484271525896353, 0.49379280706458634, -0.784599859645761, -3.032740223962254, 0.02124052067090787
0.2137147764098549, 0.33484557375882273, 0.4937928170644466, -0.784651663334608, -3.032714814207469, 0.021240185776805528
0.21371454251037403, 0.3348533136580766, 0.4937950503856745, -0.7845847809483724, -3.032757215835751, 0.02122286356503289
0.2137226324790524, 0.33484756275920635, 0.49377892734327805, -0.7845912645309061, -3.0327046805823326, 0.021257497890444312
0.21371774035876737, 0.3348355556086991, 0.4938041296624816, -0.7846003852025653, -3.0327422282641896, 0.02116588508196576
0.21371047091636133, 0.3348347583860564, 0.4938110548960193, -0.7845939256779971, -3.0327181510280457, 0.021201858279172994
0.2137149316315666, 0.33482600550285113, 0.49380771925036204, -0.7846546803936669, -3.032728978075815, 0.02114673127880052
0.21372136732273767, 0.33483170747922214, 0.4937914195048183, -0.784636346073597, -3.03273133597178, 0.021222609725631055
0.21372344001512122, 0.33484254631350896, 0.4937950479983187, -0.7846699464733115, -3.0327109358013447, 0.021202615343770603
0.2137179675685269, 0.33484026469252814, 0.493787999177155, -0.784578851699367, -3.0327337367370193, 0.021221769986953538
0.21372505128837188, 0.3348318339910862, 0.493805299795877, -0.7847067707647143, -3.0327030191809827, 0.021145893234265665
0.21372289084217874, 0.3348367858472891, 0.4938098356874829, -0.7846546980798954, -3.032728204122966, 0.02116596485673604
0.21371901027284085, 0.3348389578774836, 0.49380530740885664, -0.784607159564574, -3.0326909345642434, 0.021162788080098933
0.21372577002172868, 0.33485035482870085, 0.4937938931597932, -0.7846343967815712, -3.0327211263043603, 0.021164387060313032
0.2137378978425385, 0.33483930480166985, 0.4937961757470652, -0.7847091224290001, -3.0327128803689565, 0.021203034531850146
0.2137074366386786, 0.3348492249717061, 0.4937860079894935, -0.7845814059637164, -3.0327443537978, 0.02127825970001471
0.2137137146628686, 0.3348466181783171, 0.49381440628026824, -0.7846055741971649, -3.0327652812400063, 0.02118637777998353
0.2137147150475495, 0.3348490635670617, 0.4937962180184055, -0.7845948335721898, -3.0327186432191495, 0.02118246309677323
0.21371080729705977, 0.33485197211502427, 0.4938132690687098, -0.7845402590167787, -3.0327342010554745, 0.021126396835407645
0.21372954857234772, 0.3348309288544371, 0.4938087301880023, -0.7846516855830566, -3.032715677249944, 0.02118352935530119
0.21369223635670456, 0.33485601131990983, 0.4939355103775586, -0.7845365299178303, -3.0324816958978156, 0.02045317122880872
0.21366684950262765, 0.33486636575162737, 0.49408192123718275, -0.7844913958852997, -3.0323016197072397, 0.0197840457881222
0.21368562986502013, 0.3348348644457716, 0.4941193525008941, -0.7845932761716059, -3.0326371599060145, 0.01969326430865638
0.21367645277945665, 0.33480645176990725, 0.4938897309025608, -0.7845248765477966, -3.032675020317449, 0.02074772167514209
0.2136856338375559, 0.33483420166672556, 0.4938362072771122, -0.7845629256218969, -3.032670297670445, 0.02101061282766089
0.21369512340262273, 0.3348263023939798, 0.49383391141176763, -0.7845134889286036, -3.032706108407747, 0.021049580682412517
0.2136984150969321, 0.3348411390429481, 0.49383045275433163, -0.7845301374583241, -3.032691324374012, 0.02099220322595348
0.21370548454570473, 0.33482509945010647, 0.4938384084287891, -0.7845901289317355, -3.032700929253367, 0.0209749601155501
0.21368580186437033, 0.33483551223925795, 0.49383616723936846, -0.7845379108791424, -3.0327262145413587, 0.021013615842016234
0.2137045282098539, 0.33483052296615073, 0.4938270435005076, -0.7846135011904533, -3.0327182793131278, 0.021032695050551067
0.21370563840416187, 0.334838217294572, 0.4938270983881692, -0.7845559441563312, -3.0327193780298765, 0.021069001122532186
0.21369590548446127, 0.3348412231607084, 0.49383956894757547, -0.7844807926452273, -3.032728642424552, 0.02099361644391247
0.21369584504141148, 0.3348412870691009, 0.4938134652637279, -0.7845523826768986, -3.0327061916896625, 0.02114397328444473
0.2136912747230576, 0.33485391407844045, 0.4938440439263933, -0.7845027151748539, -3.032737322527643, 0.02093881392861495
0.21370153555215632, 0.3348480653420054, 0.4938132545048144, -0.7845866911969857, -3.032686578289309, 0.02108724567242986
0.2136961344936376, 0.33484593800430995, 0.49382366583632686, -0.784568565335821, -3.0326923951817197, 0.02104926477188271
0.21369419648218108, 0.3348594157029363, 0.49382120162820725, -0.7845114943681492, -3.032694779470348, 0.02104918080851819
0.21369075364765838, 0.3348361046967579, 0.4938395141326927, -0.7845385417381043, -3.032727536663768, 0.020957473902575255
0.21368947631545773, 0.3348517942203183, 0.49382477137579633, -0.7845353844806229, -3.032714117396457, 0.021031531798447453
0.2136975820561763, 0.33484689684243396, 0.49383613883406824, -0.7845356293347571, -3.0327147378069026, 0.020993872970624404
0.21369981109658834, 0.33484198937139603, 0.49383724217546265, -0.7845694855902777, -3.0326946653732354, 0.020955802153247192
0.21369274536950983, 0.33484693026199985, 0.49381117280443204, -0.7845528498947615, -3.0327074035019104, 0.02110608364905795
0.21370624998287213, 0.3348478342836954, 0.4938268531273858, -0.7845691459674428, -3.0326929850744064, 0.021012356490208856
0.21370281344534806, 0.33484203838982196, 0.4938007633411777, -0.7845144133915595, -3.03278778583394, 0.02122361606903405
0.2136993973416291, 0.33483439708949464, 0.49380215446602144, -0.7844746986198504, -3.03278435407839, 0.021259259768178884
0.21370790389567837, 0.3348375576203461, 0.49380194860840637, -0.7846036888480673, -3.032678648320396, 0.021199686162325655
0.21368622787109984, 0.33484095689065235, 0.4938282627128022, -0.7845887948523222, -3.032698249492701, 0.02110715937619593
0.2136864655359172, 0.33484178049963986, 0.4938180109383679, -0.7845888744279993, -3.032697765961129, 0.02112582230396405
0.21369727202674468, 0.3348339028844294, 0.49381358147661303, -0.7846032393124158, -3.0326784472061568, 0.02121793081750873
0.21370267619337593, 0.33485215513890243, 0.493804224282493, -0.7846948618695754, -3.032655786756171, 0.021200449285575323
0.21370443580682813, 0.3348504899439024, 0.493803088816969, -0.7847365793092947, -3.0326693309052724, 0.021220778715682953
0.21368650340920345, 0.33485363477680313, 0.49380087558475483, -0.7845975492262632, -3.0326552326033616, 0.021236346632787353
0.21369861205115734, 0.3348507256233498, 0.4938041919092381, -0.7846250526894372, -3.032686667271006, 0.0211823779924728
0.21369073069467237, 0.3348472351446083, 0.49379299122377684, -0.7847705682898284, -3.032572333137126, 0.021290584716317163
0.21368733448890853, 0.33483648795411164, 0.49380331717383635, -0.7846912102029016, -3.0326442323258913, 0.02121795298479402
0.213695850691695, 0.33484913868614463, 0.49379629733597036, -0.7847280856617915, -3.032634175952408, 0.02123736085406535
0.21370323168849417, 0.3348455993662238, 0.4938087901644081, -0.7847618559503916, -3.032614411862979, 0.021180457872111244
0.2137037051015998, 0.3348472409135954, 0.493788059152173, -0.7847435548390332, -3.0326181162916828, 0.02121844327654316
0.21368821401959104, 0.33485092613544515, 0.4937926250487295, -0.7846652192099925, -3.032614346813567, 0.02119845255410586
0.21369308373588575, 0.3348397003161186, 0.4938055706345667, -0.7847281622918927, -3.032635211638081, 0.02119929551581954
0.21369046275897782, 0.3348470849482058, 0.4938008431004635, -0.7846914288817874, -3.0326441777075908, 0.021218700531348993
0.21369336258533375, 0.3348406352805027, 0.4938010024761863, -0.7847098559384782, -3.0326399077981128, 0.021199211824347034
0.21369213165333611, 0.33486053630054297, 0.49378611028258873, -0.7846672488645787, -3.032623523543616, 0.021291748801682695
0.21369972896787742, 0.3348612846380564, 0.4937917522609624, -0.7847718424207054, -3.0325746762874743, 0.0211963829138053
0.21369245038957502, 0.3348576956989633, 0.4937928770396986, -0.7846705926899424, -3.0326365783462377, 0.021236522201214834
0.21369503547148194, 0.33483774584159015, 0.49380559070446906, -0.784722191712859, -3.0326118646791613, 0.02119762117524597
0.21369858300180972, 0.33485821785312697, 0.4938076253678993, -0.7846925404679127, -3.032645926577406, 0.021143152364911526
0.21369380336937474, 0.33485375956908425, 0.4937963498701313, -0.7846646100730399, -3.0326126413145595, 0.02125350359152091
0.21369263766147908, 0.33484199277041987, 0.4938021280416748, -0.7846890945246545, -3.0326333241853622, 0.02117971465065646
0.21369820038421056, 0.3348533455995145, 0.4937860579204253, -0.7847670280809884, -3.0326355406792347, 0.021275597129234092
0.21369689426176958, 0.3348449403978802, 0.49380193855618804, -0.7848249379317325, -3.0326353202496663, 0.02120196946420183
0.21369760827469303, 0.3348511481385683, 0.4938098856199276, -0.7846768865204083, -3.0326615893252242, 0.021163217389160542
0.21369406241451022, 0.3348476523893646, 0.4938246632059498, -0.7846278027507401, -3.032699909621481, 0.021127312225349193
0.2137056335589266, 0.33484235296741627, 0.49379516187085726, -0.784733348755132, -3.0326566529034404, 0.02125718104307199
0.21369213811108478, 0.3348451914956609, 0.49378811304335984, -0.7846968066244174, -3.032665924859104, 0.02127692767537739
0.21369106170860022, 0.3348490666207699, 0.49379739040355364, -0.7846737078076051, -3.032649274352792, 0.021199960925670423
0.21368922343018779, 0.33485510994642126, 0.493803086474896, -0.7846402983969164, -3.032670164824404, 0.021200705109421892
0.21369971310750405, 0.3348376882431508, 0.49378703770941196, -0.7847580732535376, -3.032599906429121, 0.02129240991520201
0.21368782728760508, 0.33485425897065574, 0.49379629733597036, -0.7846917934341088, -3.032643733348821, 0.02123753088506012
0.2136898224934356, 0.3348449913914622, 0.49379861219247495, -0.7846547897508654, -3.0326523905113256, 0.021255846528713696
0.21369855750583033, 0.3348708446270168, 0.49377353550936953, -0.7846942517488772, -3.032653202866515, 0.021312748240960144
0.21369920216351856, 0.33485659789196054, 0.49379508793000415, -0.7847131206570505, -3.0326513986163683, 0.021200708727929708
0.21369696951516665, 0.33485294227207196, 0.493802003314054, -0.7846914144146452, -3.032643443246897, 0.021237186679528137
0.21369712264922874, 0.33485353673424445, 0.49378015691407073, -0.7846366967995444, -3.0326558511087183, 0.02129366065112831
0.2136953990574134, 0.33486020396033983, 0.4937642338261166, -0.7846938843916407, -3.0326522397172693, 0.021350813936371407
0.21369312914526684, 0.334843776040986, 0.49379973771824304, -0.7847612029966806, -3.0326133153881853, 0.021236773412827564
0.21369012819073557, 0.33484207725365345, 0.4938112443027234, -0.7847128579636745, -3.032652062471558, 0.021181467923732773
0.21369751827232975, 0.33485870252819716, 0.4937872157127089, -0.7847066641165592, -3.03262617552342, 0.021273838264536837
0.21369098449667265, 0.3348573323424623, 0.4937962996784435, -0.7847335448446046, -3.0326572587424807, 0.02125785871176641
0.21369436839861392, 0.33484785121709354, 0.4937985159684819, -0.7847258326629777, -3.032623997460683, 0.021180633979581177
0.21369915615743698, 0.334840356393207, 0.4937881230953969, -0.7847669452959135, -3.0326353522399727, 0.021276172543883927
0.2136990074596984, 0.3348597743044571, 0.49380537199685165, -0.7847284495930686, -3.0326351182886575, 0.021200041645538417
0.21369008692076663, 0.33484196552765627, 0.49380556066890585, -0.7846034852376643, -3.0326793546342175, 0.0211996179664978
0.21368474044338706, 0.3348437737718074, 0.4938044551604785, -0.7846731886134425, -3.032648967645678, 0.021218036864735376
0.21368070658710075, 0.3348500208497182, 0.4938191790218176, -0.7846347806103096, -3.032649146250522, 0.021123990000069336
0.21369289825930704, 0.3348638285195792, 0.49378261741183405, -0.7846610633149158, -3.032675249258518, 0.021276184312416752
0.21368941793041485, 0.3348558165207829, 0.4937869236485402, -0.7846583993084839, -3.032664573792224, 0.02123885909702864
0.21369599625612898, 0.3348497600185216, 0.4937986123942053, -0.7847088309635081, -3.0326373447667825, 0.021293990330957892
0.2136936397670698, 0.3348415657180567, 0.49379620695991955, -0.784746558507971, -3.0326306011080106, 0.02120013167573255
0.2136998409756719, 0.3348464538116853, 0.49379061370639515, -0.7846916000397591, -3.0326427753567486, 0.021255680099944226
0.21370095832677266, 0.3348463699083297, 0.4938019710013513, -0.7847492541182743, -3.0326414221250495, 0.021219362780496465
0.21370235945763977, 0.3348596712267067, 0.4937950902133485, -0.784700583892569, -3.0326787225114593, 0.021220784026624834
0.21368910679725067, 0.3348508792478402, 0.4937914593840777, -0.7846613254307752, -3.0326767575761884, 0.021220954469052682
0.21368075764661223, 0.3348386796652413, 0.49382144101624786, -0.784625102413591, -3.0326886923349576, 0.021126160335496396
0.21369883876105225, 0.3348507639458152, 0.4937906561490954, -0.7847037587982905, -3.0326144268141157, 0.02127291813737035
0.21369807557195672, 0.33486445471169857, 0.49377220056736126, -0.7847038438138897, -3.032613602819683, 0.021311158832325424
0.21369868731969494, 0.3348587275491525, 0.49380425652328613, -0.7847097682414244, -3.032639317259382, 0.021218612970157046
0.21369740142105947, 0.33485447143310276, 0.49377558869661564, -0.784691498733273, -3.0326419663519295, 0.021293918757705747
0.21368782728760508, 0.33485425897065574, 0.49379629733597036, -0.784673335431824, -3.032648424720873, 0.021237444601058714
0.21369177771853073, 0.3348515996658557, 0.49379061370639515, -0.7846913193991403, -3.032643181475487, 0.021256020188503262
0.2136941470697845, 0.33485563281090974, 0.493800793910956, -0.7846770580828417, -3.032661820258631, 0.021162646028566167
0.21370111937411818, 0.33484221533486025, 0.49380877778915366, -0.7847591843422913, -3.032603363593028, 0.021161053606571407
0.21369473020353388, 0.334845330583126, 0.49379036394168885, -0.7847097420905811, -3.0326388717986243, 0.021238024269871578
0.2137005481092115, 0.33485287701938016, 0.49377818590001243, -0.7847060619055978, -3.0326240026893805, 0.021348300537430594
0.2136972483486361, 0.33485387718212434, 0.49379743514357827, -0.7847281199720237, -3.032634156585003, 0.021237360145440528
0.2136973552058236, 0.33484190963773197, 0.49378357494475333, -0.7847613483824536, -3.032612120219488, 0.021274672357329768
0.2136946813279389, 0.33485299620124925, 0.49377337796316056, -0.7847218581296961, -3.032608452452622, 0.021329901630597742
0.213700557290209, 0.33485365745039053, 0.4937812423780756, -0.784718274597135, -3.0326726528474413, 0.021277593984302887
0.2136987529158452, 0.33484664810397824, 0.4937847128112651, -0.7846886368950393, -3.0326305908522233, 0.021274331091439475
0.213694773182248, 0.3348454469712434, 0.49379627492998757, -0.7847098168708142, -3.0326393797853424, 0.021218617681333086
0.21369096267310464, 0.3348402069448222, 0.4937999070718655, -0.7846857878784589, -3.0326207781769963, 0.021216282063393425
0.21368236339160995, 0.33485173378899824, 0.49381576096931173, -0.7846561493186773, -3.0326567387527263, 0.02110542763257591
0.21368271820403612, 0.3348531400236722, 0.49379627492998757, -0.784637191936261, -3.032658338191398, 0.021218788550016177
0.21370087568483906, 0.3348461461279615, 0.49379060374091704, -0.7847306520524135, -3.0326451368212934, 0.021256597101213855
0.21369353850782366, 0.33486592210933774, 0.4937848482936407, -0.7846796069595963, -3.0326716357989016, 0.021238953215303957
0.2136904070441632, 0.33484301227357677, 0.4938066761560204, -0.7847130095255657, -3.0326520668947925, 0.021181470508346293
0.21370408268397348, 0.3348530028844733, 0.4938110133751946, -0.7847707926201295, -3.03264995199767, 0.021164225625382213
0.21369752568820854, 0.334850924538383, 0.4937985183044667, -0.784712934785649, -3.032651413557009, 0.021200706850493287
0.21369245930466008, 0.3348538051205743, 0.49379852827005416, -0.7846556460409148, -3.0326538544010897, 0.021199875632123916
0.21369415855775042, 0.33485014200550745, 0.4945098080683781, -0.7846030451762693, -3.03269030948572, 0.021441854592295414
0.21370250086878456, 0.3348441155798147, 0.49551994600165705, -0.7845764545380398, -3.0327014982878366, 0.02138199603260048
0.21370886139402515, 0.3348792385068116, 0.4965723734615738, -0.7846450665197021, -3.0327014514720276, 0.020891684706303437
0.213702059988894, 0.33488685061785917, 0.4975424791493645, -0.7844903676651206, -3.0327418520736704, 0.020981195174245876
0.21371950349994928, 0.3348790954573442, 0.4984855822710663, -0.7845918143923482, -3.0327832958581205, 0.020494844559980088
0.21375162816806056, 0.3348193351759206, 0.49952361574058024, -0.7846292382842338, -3.033213756135103, 0.02034830275435709
0.21375638293402893, 0.3348733233224114, 0.5003982934588249, -0.7845824404104091, -3.033205702555822, 0.020342821485819042
0.21376650920183035, 0.33486909818119986, 0.5013263760249701, -0.7845625063855478, -3.0332318034120247, 0.020171804688989936
0.21377340388640884, 0.33486175070191854, 0.5022897261278115, -0.784661990024861, -3.0332008654181526, 0.020056561412886826
0.2137622384516082, 0.33489331289838303, 0.5031874573952727, -0.7845641610566372, -3.0332161042175994, 0.019713040883661506
0.213768217610427, 0.3348904280763353, 0.5042028749770291, -0.7844743377459956, -3.0332721216368657, 0.01910964013791378
0.21379207630256442, 0.3349555880722678, 0.5050795257783213, -0.7844915354232256, -3.0332740596999392, 0.018618759068122954
0.21379443953985172, 0.3349690006884948, 0.5061299552962086, -0.7844760458111268, -3.033322728948547, 0.018036105426145387
0.21380908315536065, 0.3350078898326147, 0.5070274950407697, -0.7844094734327588, -3.0333177704643473, 0.018086816105736116
0.21382069130864978, 0.3349993476306207, 0.5080209505075735, -0.7844049137109252, -3.0333260339781822, 0.01752083310551904
0.2138243431480524, 0.33501296874628533, 0.5090606807883977, -0.7844495727197178, -3.033312616711794, 0.017272777065866277
0.2138202665309347, 0.3350049675964681, 0.5100246427677283, -0.7844133207964422, -3.0333560354083753, 0.017082707582372396
0.21382266999887092, 0.335002245834375, 0.5111004059049018, -0.7844162244114277, -3.0333384419544913, 0.016908231600492984
0.21383299018317184, 0.3350462043348648, 0.5120547183847242, -0.7843634166633721, -3.033381363768523, 0.016455351096919636
0.21383450269379084, 0.3350322345240055, 0.5130143443701827, -0.7843227593091386, -3.033404864158924, 0.01613287572435384
0.21383173755181917, 0.3350242684979677, 0.5140500083727954, -0.7843290196981835, -3.033397086473385, 0.016036201244893508
0.2138557278603309, 0.3350769942620825, 0.5149907633911618, -0.7842893055279737, -3.0334066360933334, 0.015317981797722195
0.21385949276952626, 0.3350580731071884, 0.5158769128593907, -0.784357318459522, -3.033390471790333, 0.014995879155949257
0.21387546930404555, 0.33506937743396714, 0.5167872872642096, -0.7842884796670742, -3.033447743193403, 0.014618582250439098
0.21388196040273733, 0.3350965412036635, 0.5177240683565393, -0.7843267089118133, -3.0334721162142193, 0.014428796111261384
0.21387280689611926, 0.3350948021432339, 0.5186310659134498, -0.7841774276162885, -3.033521595758012, 0.014199654258068151
0.2138867178013119, 0.3351140436993954, 0.5195786325997499, -0.7842232917965404, -3.033498678369301, 0.013858050429526888
0.2139061095883859, 0.33512118141521274, 0.5205953405432991, -0.7842762421395293, -3.033519743751402, 0.013631124543554437
0.21390735089818577, 0.3351300684221134, 0.5215022561248231, -0.784120689277209, -3.0335442836841353, 0.013456956964935657
0.2139189772451082, 0.3351299350153523, 0.522485142883683, -0.7842290922062897, -3.033543312398514, 0.013078920910984233
0.21393409341995273, 0.3351746290690736, 0.523355993733145, -0.7842267138225818, -3.0335605038486193, 0.01311508790649281
0.21397349624451822, 0.33522044454260014, 0.5242661378284834, -0.7842602579963303, -3.033632585368045, 0.012588451612339065
0.2139801656253119, 0.33519921645844103, 0.5252336569278835, -0.7842273098481617, -3.0336828358769834, 0.012117187549672215
0.21397957035975643, 0.3351936286378621, 0.5262961807414382, -0.7842422198788702, -3.03363631907664, 0.011998135025470006
0.21399489286643175, 0.3352264058262171, 0.5273193685088294, -0.7841602242289315, -3.033725056950639, 0.011472353903946703
0.21398181166179206, 0.33521042000859913, 0.5282898463711848, -0.7842150041424553, -3.033670829068067, 0.011297081619563859
0.2139947117225128, 0.3352351613989022, 0.5292625336665145, -0.7841339359069004, -3.033696719143508, 0.011275291894185203
0.21400157042608367, 0.3352307365482289, 0.5302983700983226, -0.784135461040556, -3.033737739680781, 0.010802797617751544
0.21400989212177388, 0.3352435329661475, 0.5312731787986948, -0.7841257381462751, -3.0337360148444716, 0.010667129312972375
0.2139966150765316, 0.3352188028414778, 0.5321644586485839, -0.7841354160232795, -3.0337217252818776, 0.010381117681248199
0.21400250239477892, 0.33521843621294756, 0.5331943801287174, -0.7840788035674352, -3.033757816043475, 0.00972108002777233
0.2140115702883451, 0.3352456984241815, 0.5332303423857717, -0.784115420553232, -3.0337560445105023, 0.009889894641507479
0.21400623133182775, 0.3352120608108669, 0.5332168454838625, -0.7841112523029237, -3.033748285373372, 0.010227940638393176
0.2139989899064557, 0.3352077214500788, 0.5332267976402146, -0.7841070420808813, -3.0337355834044306, 0.010284123225737029
0.21401253124402494, 0.33522168701143235, 0.5331715470509317, -0.7841422127822404, -3.0337204238185866, 0.010527371673908938
0.21402182270881556, 0.335220302023769, 0.5331899868965725, -0.7841813925836397, -3.0337170158557822, 0.010263676522871083
0.21402212485963187, 0.33522111963613727, 0.5332145357656817, -0.7842186285589771, -3.033710222863167, 0.010151835612783244
0.21401630232845667, 0.3352252468604761, 0.533197604554024, -0.784121399184968, -3.0337091474411793, 0.010206934024535121
0.2140197855395527, 0.33522937842187756, 0.5331988328328067, -0.7841819467685612, -3.0337183536537955, 0.010207832947305661
0.21402416728308873, 0.33522795964386987, 0.5332178062016483, -0.7842190995694226, -3.033711053515365, 0.010114506060826716
0.2140163505038017, 0.33521384017598804, 0.5332124782529535, -0.7841303161228937, -3.033745252049034, 0.010152309637376407
0.21401797255843455, 0.33520692726462836, 0.533229313531454, -0.7841642942431745, -3.0337259989345955, 0.010076943505681737
0.214015983805159, 0.3352326792222541, 0.5332055316647611, -0.7841458827675292, -3.0337286043593727, 0.010170502770774525
0.21401308743997421, 0.33522284040782757, 0.5332090592445836, -0.7841277842951938, -3.0337337090970675, 0.010151761364232926
0.21402065351685157, 0.33522844075653674, 0.5332099748193158, -0.7841849954336894, -3.033730762062105, 0.010171204023387217
0.2140229710928183, 0.33522786142681604, 0.5332055410841725, -0.7841611660197273, -3.0337121088765655, 0.010169562021425669
0.2140171020694202, 0.3352326871488418, 0.5331999466868235, -0.7841306488786886, -3.0337443577544456, 0.010189797333456197
0.21402790950529446, 0.3352047128075261, 0.5331990806397181, -0.7842206975858598, -3.0337199925314473, 0.010226896421763223
0.2140301570539613, 0.3352159913413843, 0.5332145357656817, -0.7841818632857486, -3.033719486708382, 0.010151374729619479
0.2140236502491801, 0.3352262345384875, 0.5332020785400665, -0.7841827626363336, -3.0337199809724016, 0.010133770108852776
0.21401241386708905, 0.3352282197682075, 0.533210102073302, -0.7841581301892433, -3.0337012067616818, 0.010150498286032865
0.2140213333447082, 0.3352223882840541, 0.5331975952150322, -0.784142393349848, -3.033715983671903, 0.010207562258520993
0.21401672217923862, 0.3352189091929428, 0.5332135116955524, -0.7841093371472772, -3.033738322450631, 0.010151528488632405
0.21401233567196626, 0.3352039931961803, 0.5332215904064738, -0.7841459051470081, -3.0337298737551768, 0.010114351277084063
0.21401421375368113, 0.3352191053308905, 0.5332056709977392, -0.78415109424163, -3.0337510075995215, 0.010209246335603956
0.21401931446724648, 0.33522377201699505, 0.5332268009606299, -0.7842038228030901, -3.0337277663014235, 0.010096617965624236
0.21402256971692926, 0.3352265070389827, 0.5332099935520178, -0.7842156488453812, -3.033698110897689, 0.01016979037715995
0.21402762491749977, 0.33523616491264796, 0.5331826161722809, -0.7842025981010727, -3.0337233983408036, 0.010284617238151297
0.21401544253144458, 0.3352184956659593, 0.5332068222907759, -0.7841241968785465, -3.0337211672256923, 0.01018822407888425
0.21402804695975108, 0.3352086388901958, 0.53323258424861, -0.784201091642496, -3.0337173603607233, 0.010039460867553146
0.21402169870448123, 0.3352281304170425, 0.5332099654259914, -0.784133308155212, -3.033756427767187, 0.010171685739717011
0.21401999102540215, 0.3352177073748052, 0.5332146443210961, -0.7841793147182754, -3.033708370757203, 0.010132306738217207
0.2140283679422517, 0.3352222733432614, 0.5332088516392064, -0.7842576493071703, -3.033711499919545, 0.010189869298398425
0.21402437178564324, 0.33522113252889435, 0.5332033657672484, -0.7842243748634303, -3.0337325720101487, 0.010190583934271033
0.21401186681138717, 0.33520254566723817, 0.5332081927568155, -0.7841815262628546, -3.0337188894309475, 0.010189165533165722
0.21394224961768105, 0.3350050470717023, 0.533353617993596, -0.7837798472114709, -3.033821231491266, 0.009229970268174105
0.21371825987336693, 0.33468017074777007, 0.5336552781444103, -0.7827674938283173, -3.0339648477329777, 0.007455394080257177
0.21345625647999128, 0.33422856673591467, 0.5340815638543577, -0.7815868705246579, -3.034211426511124, 0.004688716938582525
0.21306611451249133, 0.3336155301069499, 0.5346491562611088, -0.7800354037562366, -3.034454522621723, 0.0012225333422939406
0.21262208161507984, 0.3328746562174951, 0.5353569472988993, -0.777840043113634, -3.0348419922183147, -0.0032241534636616386
0.21214700354813915, 0.33203626937104547, 0.536082744109294, -0.7758820756801259, -3.035175043058741, -0.007743222050264531
0.2115634276351326, 0.33106557584233526, 0.5370264664537865, -0.7728211768709927, -3.0357498772696876, -0.013843620973724846
0.21090278124273312, 0.32997443512971547, 0.5379986916039667, -0.7700202710295238, -3.0360709720686248, -0.019968898487006337
0.2101418732567839, 0.3286193845726053, 0.539246897546694, -0.7664974840417419, -3.036706070535649, -0.0275709230764879
0.20933407456444092, 0.3272510097161757, 0.54048354484624, -0.7626961571135377, -3.037244779834965, -0.035387684707879834
0.20846215127589574, 0.3257821319049949, 0.5418699942209249, -0.7584232119473584, -3.037916916866653, -0.04453102955157757
0.20740142039619697, 0.3239769805963005, 0.5435342010119847, -0.7537837788602448, -3.038502969544546, -0.054729029504474815
0.20634809531859644, 0.32220173006617964, 0.5451728292864257, -0.7485795053846057, -3.039171974514579, -0.06500502226113095
0.20517914375675217, 0.3202562969605969, 0.5469745867586765, -0.7432876971549145, -3.0397524124310835, -0.07653066222510185
0.20395019749167737, 0.31822506413723584, 0.5488475507108027, -0.7373909421692971, -3.0403586533257245, -0.08848915707245439
0.20265513597598, 0.3159996363130668, 0.5508997829966763, -0.7312032898754626, -3.0410001109957814, -0.10128661660428537
0.20129061794786515, 0.3136518632903761, 0.5530525955285764, -0.7248967571992507, -3.041590928769434, -0.11490429696414922
0.1998092418443432, 0.311115314053865, 0.5553847539128328, -0.717851988408599, -3.042028957845414, -0.1294578510926024
0.19830737767111578, 0.3085568124743874, 0.5577040155704402, -0.7106097220691567, -3.042476866858622, -0.14415124141321392
0.1966863807432894, 0.3058305440722527, 0.5602609017165264, -0.7030526168395638, -3.042814815543878, -0.1601645841159256
0.19501650565241813, 0.3030555669083182, 0.5628277521909598, -0.6948197047978185, -3.043129327763134, -0.17624545209393944
0.19342448012984828, 0.30033152977831684, 0.5653384698022171, -0.6871475184716926, -3.043475868125651, -0.19193832832933794
0.19182869830400343, 0.29758708587304605, 0.567840174692773, -0.6796656745723173, -3.0434395610968448, -0.2076562346920041
0.1902772527665234, 0.29499507890337046, 0.5702640816416985, -0.672247817724596, -3.0434566258654856, -0.2230042801351502
0.1886788859233572, 0.29226539907400256, 0.5727633584291663, -0.6645115270331603, -3.043287992486316, -0.23871744250701157
0.18706709803553465, 0.2895307379065716, 0.5752790793244017, -0.6566375023992919, -3.0432748704512016, -0.2543242830999762
0.18540784744924652, 0.2867461720219976, 0.5778527957719324, -0.648840044594184, -3.0428305850323945, -0.2704110494664718
0.18379428694668393, 0.28400355535761174, 0.5803272673462998, -0.6410481671543039, -3.042497016201138, -0.2856661385063101
0.18225616675869707, 0.2813728426114566, 0.5827598886921889, -0.6332675151991836, -3.042107399110229, -0.30102511657749853
0.1806432760993349, 0.2786046660291347, 0.5853162598953658, -0.6254914421757551, -3.0414321873848986, -0.31688127317006554
0.17905842483900394, 0.27597494866012734, 0.587766598012479, -0.6176655582435586, -3.0408815923313517, -0.3323332466316197
0.17745179464308306, 0.2732463123837137, 0.5902974977946399, -0.6099520734150071, -3.0400645070792427, -0.34815328906441395
0.175814375435537, 0.2704219184478896, 0.5928588641148859, -0.6018108195193593, -3.03922463036594, -0.3640688166306397
0.1742275874088583, 0.2677859017895953, 0.5952502558712173, -0.5942379118097125, -3.0380726943701974, -0.3790357338750364
0.17263380472875003, 0.26500456536420064, 0.5977817983960579, -0.5861183439041159, -3.037326714472556, -0.39471025666101855
0.17102360821001242, 0.26240293299611844, 0.600266237121987, -0.5783293743059622, -3.036042323461949, -0.4099503646017985
0.1694134043550347, 0.25962247812883904, 0.6027919785794671, -0.5703894445896991, -3.0347716597262755, -0.42550057647729433
0.16788359513227646, 0.2570160693250721, 0.6052256860928031, -0.5628678467142375, -3.033489801889965, -0.44064888676578473
0.16625474335396712, 0.2542224996428096, 0.6077986373814307, -0.5547999879315105, -3.032063769860035, -0.4565069466885206
0.16464698069680733, 0.25158124305970364, 0.6102636798032685, -0.5467079730108435, -3.030559605529184, -0.47164891643892976
0.16308166476952757, 0.24882970781271815, 0.6127731846515029, -0.5389306254320676, -3.0290570079647874, -0.487105568551431
0.16149973047934196, 0.24618470817903687, 0.6152033618361988, -0.5309398742910539, -3.027311684771709, -0.5019350448665308
0.15981478591179865, 0.24337021602252515, 0.6178371391875566, -0.5225568955515022, -3.025476567982081, -0.5181647662332465
0.15823178978666372, 0.2406979467637181, 0.6202775400065399, -0.5145281082062505, -3.0236573767934947, -0.5333277893557252
0.1566431165108707, 0.2379516199277365, 0.6227895555640789, -0.50677405530468, -3.0215421193574326, -0.5485720975662992
0.15505530418521948, 0.2352857296510208, 0.625267330121917, -0.49859684592000636, -3.019656954847992, -0.5637493847232773
0.15342631917008698, 0.2325648956739308, 0.6277617428049364, -0.49047372239719755, -3.0173215426864335, -0.5789006678509647
0.15187675008057555, 0.22989009093617646, 0.6302511563322196, -0.4825061248167046, -3.0152212719562463, -0.5942145408972305
0.15025814995703143, 0.22715282082078578, 0.6327656008145655, -0.4743896948780557, -3.012792980544442, -0.6094691512405843
0.1486727156003445, 0.2245238871409639, 0.6351689134172188, -0.46638230537867925, -3.010423440805463, -0.623948282098598
0.14709747942798365, 0.2217497499950105, 0.6377245681840977, -0.45861030982423107, -3.007894136250406, -0.639526157909297
0.14541209324285415, 0.21899607470353946, 0.6402967798454908, -0.4498440441716675, -3.005196522794539, -0.6551383931565841
0.14382444782256124, 0.21625246850886165, 0.6427811550614293, -0.4417110182947891, -3.0024037472043057, -0.670236747013142
0.14224911214767774, 0.2136278422174754, 0.6452213509142707, -0.4335840675842684, -2.999704225881787, -0.6847477829250084
0.14062361075542118, 0.2108542640828711, 0.6477818223005904, -0.42530612464144296, -2.996778866738742, -0.7003853488918722
0.1390715609442837, 0.20822928034797034, 0.6502259252965473, -0.4175723434618843, -2.9937686613561962, -0.7149293703470387
0.13744545611265407, 0.20542446263873357, 0.6527532469293698, -0.4090881980078669, -2.9908951101819077, -0.7300027744870837
0.1358917941719901, 0.20282648012744936, 0.6552072134691799, -0.40130455301000945, -2.9875836359090213, -0.7448550171159277
0.13418419629179867, 0.1999414947758982, 0.657821702347212, -0.392288053138006, -2.984233929115932, -0.7605205085208563
0.13261999256746906, 0.1972622076025638, 0.6602942938583983, -0.38440640239980134, -2.98087514397784, -0.7750698062135483
0.13100585401587359, 0.1945630055711171, 0.6628326974799955, -0.376074204070775, -2.977375664431574, -0.7902700909598639
0.12944275488665533, 0.19187393287212767, 0.6652670194385232, -0.36815733047550814, -2.973901680726807, -0.8047819963876935
0.12784550390735655, 0.18921060766243314, 0.6677512973119671, -0.3598959471734725, -2.9703415578683745, -0.8195068939188849
0.1262228743059651, 0.18649300800685387, 0.6702415042532481, -0.3516530884589463, -2.966427285226127, -0.8342797405278484
0.12467329323971876, 0.18379500081055164, 0.6727353170445826, -0.34364145437564997, -2.9628437775379988, -0.8489944881591613
0.12306965313550897, 0.18102435439248443, 0.6752267049709311, -0.33539199550533305, -2.959002494028658, -0.8637636609160635
0.12148091612300241, 0.17843181283331067, 0.6776983246643314, -0.32713117790566265, -2.9550420641166486, -0.8783413159463218
0.1199795465029502, 0.1758562409827266, 0.6800404868839118, -0.3193282806960067, -2.951212576474854, -0.8920544445268179
0.11857370796385486, 0.17344604616595813, 0.682257188398146, -0.3122493340475568, -2.9474504862464, -0.9051480563750373
0.1172193064547393, 0.17123127827868576, 0.6843406504031506, -0.3052372917696752, -2.943988044741432, -0.9170898295399854
0.11595872197189978, 0.16900208464499847, 0.6863334035376102, -0.2987883877656907, -2.940562675730703, -0.9289202901803592
0.11475328920201348, 0.1669506680868868, 0.6882496581547057, -0.2926358646401451, -2.9372655224929303, -0.9400648282921812
0.11363563495080589, 0.16517100017327352, 0.6899052647326313, -0.2867419460253105, -2.934234300520032, -0.9498027694971825
0.11261636030665641, 0.1633410301323538, 0.6915560737734259, -0.281526297741903, -2.9313370092282662, -0.9593172681909315
0.11166459281543258, 0.16178248880600116, 0.6930265868794969, -0.2766560124587416, -2.928641083920014, -0.9677548163028996
0.11081788340850907, 0.1603133209473299, 0.6943586768674962, -0.272409404051358, -2.9261579040953745, -0.9755190376334673
0.1100219644927339, 0.15899109319885205, 0.6955956888054716, -0.2682453439548682, -2.923867660078038, -0.9826321852398864
0.10933196415951604, 0.15777968186027955, 0.6966849349240207, -0.2646336828629913, -2.9218169174239623, -0.9890392712713636
0.10868339317185786, 0.15668229141075446, 0.697699784088222, -0.2612194623105658, -2.9198473042536537, -0.9948984068119651
0.108140735254061, 0.1558023207111237, 0.6985473997731324, -0.25820363732339363, -2.9182955333797884, -0.9998216560252102
0.1076811220978752, 0.155033995609635, 0.6992839567252017, -0.2557017156484622, -2.9169725079231634, -1.0040057229641803
0.10730799888571808, 0.15442760663449537, 0.6998255999929772, -0.25412121719706177, -2.915919103440961, -1.0070904465067483
0.10696557917297596, 0.15392587823309828, 0.7003072032066464, -0.2521690273290271, -2.9148017575802103, -1.0098141796198028
0.10677262305286055, 0.15349036205867572, 0.7006766596255404, -0.25106804263053084, -2.9142650606567315, -1.0119963840664143
0.10664044450192917, 0.15323186981456274, 0.7008920106756065, -0.2506672422733124, -2.9137989261361374, -1.0132449287006295
0.10658713159238224, 0.15313838541188549, 0.7009792724028151, -0.2503547439292072, -2.9136443150210143, -1.0137696093062425
0.1065759719335629, 0.15311915472093304, 0.7010051910537766, -0.250197483668277, -2.9136130019260253, -1.0138737860594544
0.10656994828981338, 0.1531209398294766, 0.7010101978666258, -0.2503048218021312, -2.9135554225963913, -1.0138735143822235
0.1065742621721557, 0.1531309326274357, 0.701008321617785, -0.2503775122645137, -2.913598523350334, -1.013838612635588
0.1065761169810707, 0.15312010172995025, 0.7010134639703752, -0.25043580197245263, -2.913554159642076, -1.013923466097397
0.10656860043033854, 0.15314650770169289, 0.700990729474484, -0.2503356074062637, -2.9136079392492262, -1.0137793986670425
0.10656987199799794, 0.15313567622320745, 0.7010177502057812, -0.2503658108492203, -2.913545372567022, -1.013936795931853
0.10657320466253704, 0.15312104456402822, 0.7010103157874421, -0.25046273783959777, -2.9135428929324645, -1.0138776317212281
0.10656844441262946, 0.15311310393355715, 0.7010057787755146, -0.2504091183256219, -2.9135443486495007, -1.0138559405478713
0.10657057054517623, 0.1531241594931547, 0.7010150638027172, -0.2503824148066371, -2.913570847951318, -1.0138684071165442
0.10657424140777423, 0.15311129317066544, 0.7010121208734442, -0.2504238551705115, -2.913577236835186, -1.0138742648004095
0.10657472809319264, 0.15311433076596792, 0.7010167990519497, -0.25045188991452993, -2.913557281392062, -1.013885107682049
0.10657420494874763, 0.15311256763561443, 0.7010231696731936, -0.2504753378929937, -2.913539130116898, -1.013919275730213
0.10657052038667116, 0.153105485754402, 0.7010282352433462, -0.2504116264349018, -2.913539325418482, -1.0139390705239333
0.10656911894842092, 0.15311608995907616, 0.7010090449975865, -0.2503838578599538, -2.9135673266601883, -1.0139109318100545
0.10656973715240865, 0.1531110407183255, 0.7010232673010026, -0.2503472437962573, -2.913535394320241, -1.0139524687155055
0.1065669168991502, 0.1531168397523169, 0.7010167845433802, -0.2503873604247678, -2.9135359381116936, -1.0139142672562131
0.1065726110715237, 0.15311075666888674, 0.7010295007932097, -0.2503889748180031, -2.913542069075205, -1.013957653598261
0.10656823373631301, 0.15313257115345677, 0.7010117739146406, -0.2503817696416379, -2.913578982967334, -1.0138317008845126
0.10657044433959441, 0.15310024471766928, 0.7010266697700583, -0.25039807947612086, -2.9135202918282785, -1.013947479197905
0.10657577613575903, 0.15308612668992827, 0.7010334062434199, -0.2503742947309542, -2.9135422210172965, -1.0140425285314094
0.10657570004670021, 0.1531226135592275, 0.7010120274533815, -0.25045512328437364, -2.913575549434261, -1.013917603436572
0.10657020128652853, 0.15312629111328674, 0.701010472897721, -0.25040190808777885, -2.9135770021470724, -1.0138959192679065
0.10657641478389433, 0.1531026220786395, 0.7010251599106315, -0.25037520161546795, -2.913572296209728, -1.013995858970971
0.10656956886587367, 0.15310948792524245, 0.7010170436720633, -0.2504350963787025, -2.91354448306478, -1.0139225832787901
0.1065677991304605, 0.1531364887950965, 0.701024373581574, -0.25034991238020643, -2.913577333401943, -1.013914219329258
0.10657347364400795, 0.15310357738569502, 0.7010220112907581, -0.2504189527286786, -2.913555880720614, -1.013948288242422
0.10657002019243823, 0.1531061566037002, 0.7010106620612525, -0.25034728359318764, -2.913550982091499, -1.01391845889732
0.10656835327361305, 0.1531274277073807, 0.7010089183437992, -0.25036697276820685, -2.913587593075796, -1.013879221579794
0.1065692441079461, 0.15309814782442044, 0.7010174432534221, -0.25042797840293896, -2.913519596012432, -1.0139507735193987
0.10657107018449646, 0.15310686464944692, 0.7010169650983081, -0.2503882221347924, -2.913550244110394, -1.0139209697070006
0.10656611704238599, 0.15308696273187583, 0.7010411793571985, -0.2503101839468732, -2.91350130690998, -1.0139958309098818
0.10657370941555575, 0.15310064229164638, 0.7010298969349545, -0.250436276285612, -2.9135278586878806, -1.0139966305039745
0.10657101943256239, 0.1531305026429244, 0.7010133627132968, -0.2504088852919308, -2.913586644931639, -1.0139010925906995
0.10657453669895373, 0.1531047246276183, 0.7010329779140778, -0.2503917233473644, -2.913552406709505, -1.0140074914963415
0.10656672025938871, 0.15312629005745168, 0.7010215130358276, -0.25040060228424477, -2.9135550591812347, -1.0139058848251425
0.10657101894885687, 0.1530886452754533, 0.7010333667485635, -0.25038302372840887, -2.913513636933084, -1.0140283513633475
0.10656601269334427, 0.15313708590899355, 0.7010181101745222, -0.25038388931414907, -2.9135600892413063, -1.0139075489468459
0.1065701395903783, 0.1531108709990084, 0.7010075185358448, -0.2503947591500177, -2.9135524342405326, -1.01392345118047
0.10657333805320911, 0.1531221035835506, 0.7010166525611401, -0.2504264162476191, -2.913573452170409, -1.0139361195927206
0.10656749095527043, 0.15312458705694176, 0.7010165735760988, -0.25037702434279124, -2.913550628010822, -1.0139210828485228
0.10657275060407828, 0.15310532212178016, 0.7010267144745579, -0.2503912355340097, -2.9135453348672873, -1.014004178663992
0.10657808900636727, 0.1531098205010861, 0.7010219489088344, -0.2504751377988242, -2.9135807637349886, -1.0139657542199343
0.10656410383077743, 0.15312238005088236, 0.7010106835030728, -0.2503588101845614, -2.91355602457391, -1.0138840259186923
0.10657043986720001, 0.1531126216550486, 0.7010124976390387, -0.2504080355966117, -2.9135712314895463, -1.0139157467177595
0.10657074731993163, 0.15312469183824434, 0.7010166916778874, -0.2504322306053357, -2.9135684130700823, -1.0139352109936746
0.10656519722031099, 0.15312256162463683, 0.701012277547148, -0.2504176398247521, -2.9135424381147907, -1.0139015010685277
0.10657275495836518, 0.1531054685057476, 0.701028269040221, -0.2504427869322184, -2.9135224966020306, -1.0140158387263418
0.1065730411807609, 0.1531163845974509, 0.7010217723049005, -0.25039820717100364, -2.9135930100633076, -1.0139258862638574
0.10656876257341387, 0.1531024447481029, 0.7010331974614556, -0.2503273637307039, -2.913553425514378, -1.0140066016101643
0.1065767186860234, 0.15311412388411205, 0.7010248814194691, -0.2504682425156293, -2.9135717051749186, -1.0139592317734447
0.10657286837245675, 0.1531185017482513, 0.701009247054762, -0.2504328910881254, -2.913597805186091, -1.0138898505916738
0.10657037875572199, 0.1531043896209954, 0.70102842098215, -0.25037946470247047, -2.9135530560669576, -1.0139882797000865
0.10657697834213369, 0.15309961743698286, 0.7010173422712799, -0.2504570419406573, -2.9135866469938456, -1.0139467375589537
0.10656862647172656, 0.15312054924332139, 0.7010249209371522, -0.25038629519652233, -2.9135707372669097, -1.0139567190501773
0.10657401256201487, 0.153102655363114, 0.7010362389447912, -0.25050121814000137, -2.91352404908788, -1.0139998780728665
0.10656604310840466, 0.1531361196333132, 0.7010087375692282, -0.25040102040289663, -2.9135703231546133, -1.0138725368693033
0.10657282523017184, 0.1531095926829167, 0.7010171618048188, -0.25040431235767285, -2.9135876517008077, -1.0139450893668394
0.10657919762201451, 0.153108889162707, 0.7010126154125238, -0.25046467231952696, -2.9136104295942657, -1.0139398887752622
0.10657347799605513, 0.15310372382565954, 0.701023565851704, -0.2503848555177475, -2.9135583267667204, -1.013968293814044
0.10657178181440066, 0.15308761977751442, 0.7010364364059949, -0.2504113874118714, -2.9134859666659167, -1.0140558475536556
0.1065742753137641, 0.15308875002388173, 0.7010334848727285, -0.25038670587571443, -2.913546631286924, -1.0140475002153762
0.10656544375309619, 0.15310946335313438, 0.7010173418202619, -0.25037179457238706, -2.913537148396434, -1.0139591256263885
0.10657486211448766, 0.15311496764192822, 0.7010202177502236, -0.2504329137820761, -2.9135976516738418, -1.01390920511865
0.10657951703920888, 0.15307822554627643, 0.7010306644727675, -0.2504117800895118, -2.9135800095539333, -1.014025601843491
0.1065712406235046, 0.15310765258944797, 0.7010236839814985, -0.2503524087669175, -2.913580109872707, -1.0139807758941148
0.1065751695460223, 0.1531115079658056, 0.7010265730762437, -0.2504504310316707, -2.9135464601524155, -1.014008270299802
0.10657296465120625, 0.1531016549426709, 0.7010268273046065, -0.2503910267517775, -2.9135605857770104, -1.0139708123779796
0.10657084183417892, 0.15309822630244396, 0.7010410830377445, -0.25037925606188377, -2.9135225390251382, -1.0140549931015783
0.10657738355714953, 0.15308777877788707, 0.7010255206708894, -0.25046080791585135, -2.9135469304123016, -1.013987486746503
0.10657142536842078, 0.1531086441240782, 0.7010217073546914, -0.25045302110473616, -2.9135236731882466, -1.0139743043444247
0.10657056449988882, 0.15308561252859357, 0.7010304340057942, -0.25030366154914996, -2.9135408895748633, -1.014039894946993
0.10657216777362755, 0.15309660684331244, 0.7010143736197505, -0.2503841238189772, -2.9135665186035418, -1.0139316219383563
0.1065702873845286, 0.15309009709005603, 0.7010349608125582, -0.2503723166616306, -2.9135133075899855, -1.0140492174107516
0.10657666444998072, 0.15309530328142823, 0.7010364979884944, -0.2504800274482162, -2.9135529415764405, -1.0140149108347714
0.1065733872620533, 0.15311068276963158, 0.7010045275266719, -0.2504328517971299, -2.9135905095919767, -1.0139058792724212
0.10656883704518103, 0.1531109398373152, 0.7010186377284359, -0.25037286266103864, -2.913559364862009, -1.0139484700697383
0.10657691913311736, 0.1530748879513847, 0.7010228746629958, -0.25045594011138633, -2.9135408539776457, -1.0140281674951248
0.10657114256614447, 0.15310210137619568, 0.7010172636361756, -0.25035619191532554, -2.9135791255168213, -1.0139367786380424
0.10657498140344838, 0.15311968205447815, 0.7010170743689692, -0.25039508044715325, -2.913624285360868, -1.0139225088609585
0.10657635250336805, 0.1530929974625517, 0.7010270468046348, -0.25041537398832153, -2.913571904693686, -1.0139782672258053
0.10656959277906923, 0.15309934189631397, 0.7010159676762341, -0.2503385068140977, -2.9135691545947706, -1.013952471785657
0.10657770331516886, 0.15308898521347303, 0.7010240447419103, -0.2504393375070832, -2.9135762312725944, -1.0139824601859413
0.10657196371054599, 0.15310590775259564, 0.7010189807895982, -0.2503801256312812, -2.9135906559742946, -1.0139248850611777
0.10657596945012314, 0.1531093706857951, 0.7010187158773652, -0.2504441025010001, -2.913552055666293, -1.0139891858797287
0.10657179808853176, 0.15307732440441463, 0.7010352383801457, -0.25038286754161765, -2.913490471937127, -1.014079070209833
0.10658077022255805, 0.15307584969271038, 0.7010401197986298, -0.25045256943769684, -2.913579570749711, -1.0140274417677633
0.10657564096116807, 0.15310364706369115, 0.7010220899043074, -0.25046722256126447, -2.913564314581861, -1.0139565682698832
0.10658096775978433, 0.15307685861445017, 0.7010398889875499, -0.25048495522397607, -2.9135353469722887, -1.0140449678879326
0.10657158413778421, 0.1530866109755005, 0.7010366671926233, -0.25036194118131627, -2.9135352258493774, -1.0140399851482116
0.10657364057877927, 0.15308225870054532, 0.7010429981265847, -0.2503965687738286, -2.9135169822961617, -1.0140733417468062
0.1065740266984334, 0.15309324210059586, 0.7010412523453095, -0.25040388233249383, -2.9135183930233595, -1.0140965394991233
0.10657135259483569, 0.15308969269226555, 0.7010303362252951, -0.25039650966259464, -2.9135403105581203, -1.0140032702949817
0.10657060159091901, 0.15310101523240666, 0.7010316428980187, -0.2504137723005207, -2.9135428788559983, -1.0139849171547544
0.10657700481304497, 0.15306820302461335, 0.7010432759942553, -0.25044243776488134, -2.913491173517314, -1.0141032358805475
0.10657673001091723, 0.15310368206384378, 0.7010221294220321, -0.2504226335683048, -2.913588875969928, -1.0139674356486728
0.10657464740064868, 0.15310914630295616, 0.7010267254648134, -0.25047361180449423, -2.9135589364270325, -1.0139757653954542
0.10657379453271026, 0.15309474949729251, 0.7010175226490796, -0.250421331375208, -2.91358253360725, -1.0139433996064042
0.10656887921184945, 0.1531204475405202, 0.7010169412247685, -0.250383965858355, -2.9135441275712473, -1.0139616340827855
0.10657774253713223, 0.1531083339130187, 0.7010203157161586, -0.25044451258233463, -2.913582008051957, -1.0139424551966354
0.106574313435212, 0.15309793515693979, 0.7010269340139029, -0.2504323763582948, -2.9135444279475022, -1.014006613493726
0.1065779730829299, 0.153095088656701, 0.7010238248887665, -0.2504333782256847, -2.913573980042122, -1.0139799505466944
0.10658267620366982, 0.15307374913792884, 0.7010354803667487, -0.2504364349409318, -2.9135838011545, -1.014049804724513
0.10657689481529303, 0.15309505400850265, 0.7010237857729019, -0.2504780354628939, -2.9135495110170044, -1.0139691407902525
0.10657203682135313, 0.15309534898361257, 0.7010144375753253, -0.25036936316416397, -2.913575113041146, -1.0139791360216501
0.1065750211797051, 0.15309730290964352, 0.7010331583465731, -0.2504430570009258, -2.9135372053994555, -1.0140024738988587
0.10657480949846751, 0.15308049376113742, 0.7010272798995915, -0.25035251074388276, -2.9135567310196597, -1.0140508398244412
0.10657571149257207, 0.153087489458145, 0.7010476786082059, -0.25045972067998495, -2.9135089705608053, -1.014051506690088
0.10657744590650542, 0.15309317888205434, 0.701028640883127, -0.2504393989861515, -2.9135685910351214, -1.0139991338250849
0.10657477517711013, 0.15308089097324573, 0.7010321799022677, -0.2504380066487183, -2.9135387526458567, -1.0140264692754348
0.10657611673700253, 0.1530959324873273, 0.7010191612140939, -0.25044991694501606, -2.913584614988577, -1.013924871215195
0.10657024288366569, 0.15312249394563418, 0.7010201443410561, -0.2503698083634931, -2.913590613444038, -1.0139450789716251
0.10657567123990552, 0.1530708109230214, 0.7010322418911367, -0.2503840022243491, -2.913535175855997, -1.0140190104231241
0.10657726553316085, 0.15307980957061537, 0.7010447888072696, -0.2504663459013613, -2.913533492627518, -1.0140239384773542
0.10657251441805167, 0.15310867915214432, 0.7010217468509362, -0.25042583560114373, -2.91354309677473, -1.013983477359205
0.10657343161698726, 0.15312750845333392, 0.7010215182046471, -0.25044000979893083, -2.9135769263841342, -1.0139617405437593
0.1065724701071862, 0.15309921831531023, 0.7010269340139029, -0.25044865176614406, -2.913532282379279, -1.0140016096340696
0.10657015157497504, 0.15310761755081007, 0.7010236444642687, -0.25036253353141075, -2.913565723154834, -1.0139732657627418
0.10657872419986641, 0.15309392992281357, 0.7010253403350915, -0.25049573205581643, -2.9135439348849, -1.0139874839738838
0.10657372197534304, 0.15309951275694753, 0.7010172241384078, -0.2503677117351783, -2.913578934874336, -1.0139359341630152
0.1065743309027249, 0.1531071158361489, 0.7010186377284359, -0.25039192836674157, -2.9135756127962806, -1.0139567978641089
0.10657897969533504, 0.153096322981121, 0.7010348366530066, -0.25044004656280777, -2.9135909246322105, -1.0139690932860297
0.10657455399376599, 0.15310331946784927, 0.7010189416723026, -0.2504258377748125, -2.9135804848673064, -1.0139207739393143
0.10657432655196807, 0.15310696937754845, 0.7010170831697922, -0.25040896399485696, -2.9135782031825626, -1.013938454634875
0.10657144703616296, 0.15310738531973003, 0.7010092255445551, -0.25038445168918694, -2.913574444404411, -1.013914275650959
0.10657801966602308, 0.15309143737660877, 0.7010350505573527, -0.25043543019869313, -2.9135698888819785, -1.0140424669110026
0.10657564096116807, 0.15310364706369115, 0.7010220899043074, -0.25043275815730087, -2.913574488892985, -1.013959925846992
0.10657527858943998, 0.15309310922214317, 0.7010285622509417, -0.2504255930835815, -2.913549983151802, -1.0139874960418147
0.10657202115465558, 0.15311580788599768, 0.7010184571733907, -0.2504259756397138, -2.913558341507615, -1.013950112971891
0.10657170061798732, 0.1531046141297266, 0.7010204114506249, -0.25048781116780844, -2.913505478290077, -1.0139882675251695
0.10657793909579844, 0.153086049982322, 0.7010319303063116, -0.25050852852626493, -2.9135328950550208, -1.0140257492929903
0.10657282957748968, 0.15310973914044332, 0.7010187163624779, -0.2503872768981556, -2.913585061059263, -1.0139634324256064
0.10657820446796785, 0.1530920070794384, 0.701030155929772, -0.25046773789423493, -2.913548547722605, -1.01400995023137
0.10657925883646319, 0.15309286129835958, 0.7010380134179854, -0.25045717745238943, -2.913555391836219, -1.0140341625991192
0.10657124497172596, 0.15310779900931337, 0.7010252385427026, -0.2504039612985543, -2.913557272407492, -1.0139924368452553
0.10658171819250807, 0.15308791801334842, 0.7010256779761209, -0.2504368940431688, -2.9135993578093866, -1.0140157814291213
0.10657475459360612, 0.15309103992890236, 0.7010318232418895, -0.2504490984498464, -2.9135470116870885, -1.013988261295741
0.10657502511080955, 0.15308728546834877, 0.7010318907904701, -0.250432053765502, -2.913536806667548, -1.0140232924218384
0.10657124497172596, 0.15310779900931337, 0.7010252385427026, -0.2504039612985543, -2.913557272407492, -1.0139924368452553
0.10657138748959012, 0.1530990372269634, 0.7010253403350915, -0.25040763436319785, -2.9135407257778914, -1.0139824635870154
0.10657250512443579, 0.15311418196034432, 0.7010234792675156, -0.2504041751588443, -2.91360287577685, -1.013911707773747
0.10657539813167898, 0.15309782376715728, 0.7010254189672401, -0.25038776152235614, -2.9135766163354333, -1.0140008005247008
0.1065729416032002, 0.15308186864992543, 0.7010290707745043, -0.25048955293332215, -2.9135315066585528, -1.013984696385923
0.10657378980770212, 0.15310602975704427, 0.7010330170289217, -0.25044950839576263, -2.9135393650893606, -1.0140049364561678
0.10656860008547403, 0.15310430957382654, 0.7010141482929283, -0.2503277156543884, -2.9135690216195482, -1.0139726013011778
0.10657845311602857, 0.15308752056666092, 0.70102245066464, -0.25046762464903427, -2.9135714422540673, -1.013959914773975
0.10657686099612859, 0.15311730093954404, 0.7010093257128797, -0.2504299019069801, -2.91362863871401, -1.0139065067760955
0.10657964318833107, 0.1530927047757973, 0.70102226500028, -0.25036768139116006, -2.9136128052510033, -1.0140184592613564
0.10657901873718233, 0.15309565009419726, 0.7010285732941183, -0.25044016791915585, -2.9135909410383256, -1.0139691051660824
0.10657762643670905, 0.1530936020723782, 0.7010221917151777, -0.2504542790248326, -2.91356001326524, -1.0139516321901363
0.10657587834466228, 0.15309025570782364, 0.7010240447419103, -0.2504390694695583, -2.9135690423823397, -1.0139791026701002
0.10657005679907991, 0.1530831586601254, 0.7010287949528514, -0.2503957300700319, -2.913510345133521, -1.0140499850001083
0.10657846182481752, 0.15308781342562758, 0.7010255597863028, -0.2504676766154859, -2.9135561879928953, -1.0139932766842517
0.10657142872753066, 0.1531050975825167, 0.7010347238981052, -0.2503692188273728, -2.9135674263687648, -1.0139957781614901
0.10657587673292829, 0.15310071196632757, 0.7010299755455865, -0.2504842051647989, -2.9135363922906365, -1.0140049437844068
0.10657340146890663, 0.15311646293168477, 0.7010108021754616, -0.25042867022974535, -2.913622270650432, -1.0138824570605403
0.1065792106801775, 0.1531093285308465, 0.701017279084238, -0.2504476893620705, -2.913592585388098, -1.0139915942593338
0.10658010205656068, 0.15308597322633508, 0.701030454413688, -0.25043597779008514, -2.9135846180016065, -1.0140291174494667
0.10657556965930606, 0.15309837604263984, 0.7010187786975467, -0.25045417286732685, -2.9135531332756566, -1.0139476118919093
0.10657354074582832, 0.15313095888767034, 0.7010041473809766, -0.2504016534367806, -2.91364209677288, -1.0138910004283193
0.10657670720563299, 0.15309320215282174, 0.7010143904950144, -0.25048011731313763, -2.913599348805952, -1.0139135151310066
0.1065738505303837, 0.15310409811146244, 0.7010142718179052, -0.25041518252292666, -2.913580080983522, -1.0139415945983818
0.10658091439493285, 0.15308411308598927, 0.7010271388369093, -0.25049858596697444, -2.9135468893778085, -1.014053302550793
0.10657600504623142, 0.15311431416563956, 0.7010154266937764, -0.250457399741907, -2.913594254814348, -1.0139300509364961
0.10657788761111997, 0.15311235788466063, 0.7010091631317118, -0.25047536884238747, -2.9135963427720917, -1.0139317413902411
0.1065786698883857, 0.15310740156488079, 0.7010203495957114, -0.2504881537800445, -2.9135849537686376, -1.0139900727093918
0.10658114410402608, 0.15309008139426772, 0.7010221863272731, -0.2505095083250201, -2.9135628606634403, -1.0139984620302154
0.10657585344337474, 0.1530809256428063, 0.7010322190370277, -0.25042781400695674, -2.9135530469398883, -1.014033921956202
0.10657026266963067, 0.1531321134236084, 0.7010165109419358, -0.25041536094324646, -2.913573440036462, -1.0139368704065066
0.10657676471559889, 0.15310286264193693, 0.7010143113361271, -0.25042272868625437, -2.913596519381514, -1.0139507663999476
0.1065772482408595, 0.15310572084597626, 0.7010171222865986, -0.2505022676445234, -2.9135692847907326, -1.0139392414668544
0.10657779957745125, 0.15310342377876324, 0.7010190594458966, -0.2504980376588324, -2.9135931396945782, -1.013933182280104
0.10657386230313316, 0.1531012663762576, 0.7010333156496701, -0.25045160325859456, -2.9135581717820904, -1.014017422618673
0.10657244863291797, 0.1531004824784091, 0.7010394779154236, -0.2504315741536792, -2.91350648689758, -1.0140706494811547
0.10657240692738384, 0.1530905468873445, 0.701038193721582, -0.25038594907546186, -2.913547154016134, -1.0140274829115554
0.10657384207893686, 0.15311439097901983, 0.7010169026147475, -0.2504606820552915, -2.913562983010191, -1.013933432083619
0.10656978958383793, 0.1530970796598758, 0.701030116814869, -0.2503724304265515, -2.913536180625042, -1.0139991729493683
0.10657134842322266, 0.15309971011443652, 0.7010316037826463, -0.2504075130092086, -2.913540709369455, -1.0139824517030414
0.10657452799085505, 0.1531044318043303, 0.7010298687879628, -0.2504431971382585, -2.913552450230016, -1.0139691095113559
0.10657549667220008, 0.1531218802740638, 0.7010136220860856, -0.2504575721941111, -2.913602176823045, -1.0139126996782633
0.10657831602857853, 0.15310659261671625, 0.7010267254648134, -0.25045760439336945, -2.9135782709103464, -1.013984126018789
0.10657724918661997, 0.15309544107323075, 0.7010144917526275, -0.2504054749052221, -2.9136015655681087, -1.0139524311221766
0.10657643236694682, 0.1530911969719729, 0.7010112889398458, -0.25046708923779987, -2.9135719811876526, -1.0139399096250432
0.10657214112735999, 0.153130010583514, 0.7010086928399215, -0.2503988390445953, -2.9135933289281017, -1.013925237424667
0.10656857118735906, 0.15311441860596278, 0.7010172066039471, -0.25040727906422516, -2.913571754415296, -1.0138957295426725
0.10657535907341312, 0.15309849665528039, 0.7010316824147903, -0.25043916624657864, -2.91356138904886, -1.013995768867683
0.10657723953970011, 0.15310542787459486, 0.7010140131755053, -0.2504851541737445, -2.9135895755643664, -1.0139075414665013
0.1065700535170519, 0.1531020663331126, 0.7010172241384078, -0.2503833785457081, -2.9135597025585085, -1.0139276063699298
0.10657432655196807, 0.15310696937754845, 0.7010170831697922, -0.25042602566430294, -2.91357316665479, -1.0139367924872285
0.10657166397893915, 0.1531143209374185, 0.7010168236296648, -0.2503952822306353, -2.9135594925152355, -1.013926756638139
0.10657333560217071, 0.1531124856077221, 0.7010234639511095, -0.25039824376860764, -2.913569837409558, -1.013976604057564
0.1065754091699163, 0.15310715049769805, 0.7010186768447526, -0.25046738445206806, -2.9135646232115695, -1.0139559057715015
0.10657587237821775, 0.1531005655645144, 0.70102842098215, -0.25051898437525133, -2.9135337439213567, -1.0139848718379516
0.1065783274535486, 0.15309547571945048, 0.7010145308897627, -0.2504464668460999, -2.913600750089807, -1.0139548970383905
0.10657715773185285, 0.1530881742750574, 0.701039787422246, -0.2504457649774377, -2.913547770024951, -1.0140515995799027
0.10657298158123087, 0.15310067175667474, 0.7010157090792694, -0.2504081368153235, -2.913578751813178, -1.0139184520836602
0.10657354530401177, 0.15310867191845345, 0.7010220222729346, -0.2503980085663276, -2.9135927149606693, -1.0139265563931852
0.10656664308023117, 0.1531434296985788, 0.7010070416533465, -0.25040812285861813, -2.913587290845673, -1.013861701184544
0.10657819626403756, 0.15312358376737759, 0.7010075210689567, -0.25044792208936667, -2.913638632129252, -1.0138908335028423
0.10657214176581331, 0.15309771905334194, 0.7010253008388083, -0.2504185445260716, -2.9135334475405554, -1.0139782946229732
0.1065760268726742, 0.1530725901304395, 0.7010369842072158, -0.25043174125941176, -2.913513638174994, -1.014074007109924
0.10658282232357125, 0.15306513361389734, 0.7010371363364643, -0.2505257817085574, -2.9135343399477636, -1.014048168553492
0.1065747067246471, 0.15311767077253616, 0.7010139107190003, -0.25045064026348124, -2.9135769756815684, -1.0139415558112603
0.10657357093967532, 0.15310798153504418, 0.7010140131755053, -0.2504325737779537, -2.9135904897719866, -1.0139058628338773
0.10657193511620631, 0.15309079817363458, 0.7010208810844261, -0.2503731189541795, -2.9135429935090587, -1.0140031844043464
0.10657483485833773, 0.15308881750413458, 0.7010131473991745, -0.2504492304321848, -2.9135772485306535, -1.0139222290487415
0.10657391219230204, 0.15310992025023926, 0.7010203100579897, -0.25039417160101063, -2.9135866916425117, -1.0139859033949208
0.1065738505303837, 0.15310409811146244, 0.7010142718179052, -0.2503981208008401, -2.9135851174755603, -1.0139432566935034
0.10657581258137944, 0.15308485287272391, 0.7010223573763478, -0.25044292375001637, -2.91354487217544, -1.0139858153954957
0.10658040286361097, 0.15310127476579508, 0.7010236839814985, -0.2504752400398379, -2.9135803351181724, -1.0139857954058926
0.10657322211359083, 0.15309746122127216, 0.7010222312124501, -0.25047729669024843, -2.9135427404064504, -1.0139457275277457
0.1065703913610548, 0.15310326001663715, 0.7010157481966043, -0.2503968894293764, -2.9135787493895506, -1.0139192057892643
0.10657384207893686, 0.15311439097901983, 0.7010169026147475, -0.2504262176364125, -2.9135731570662387, -1.0139367897155735
0.10658006788486848, 0.15308057489444, 0.7010305126351077, -0.2505263599395085, -2.91352704715495, -1.0140447836010564
0.10657337798775307, 0.15311817681110768, 0.7010265146326216, -0.2504628314531432, -2.913566417350981, -1.0139792067599587
0.10657324387808106, 0.15309819323351767, 0.7010300040320826, -0.25042555957241835, -2.913519915529149, -1.0140341846383967
0.10657717247073188, 0.15310005782650943, 0.7010126386458967, -0.2505060666112012, -2.9135600623549647, -1.0139132593205067
0.10657844727716582, 0.15306831998877068, 0.7010309119907905, -0.25037687308427714, -2.9135677621916094, -1.0140589739128603
0.10657064066528987, 0.15310034234530884, 0.7010253794504662, -0.2504486989387366, -2.913532620369252, -1.0139815376739292
0.10657193946864328, 0.15309094455690694, 0.70102243565016, -0.25035608355686456, -2.913540402605583, -1.0140215275932254
0.10657467648908964, 0.15309861511983158, 0.7010207491291458, -0.250393991898563, -2.9135711542108096, -1.014019942403065
0.10657885549642929, 0.15310754903305213, 0.7010125367562979, -0.2505030025639177, -2.9135836977465184, -1.013926556210075
0.10657741556956608, 0.15309414451627562, 0.7010380134179854, -0.2504567326295668, -2.9135481821174856, -1.0140307881839101
0.10657527858943998, 0.15309310922214317, 0.7010285622509417, -0.2504429957790874, -2.9135448456564457, -1.0139858004460036
0.10657721448688688, 0.15309626042063232, 0.7010223098465682, -0.25038831802996836, -2.913598958761714, -1.0139707623997372
0.1065802862046635, 0.15307705405366678, 0.7010321799022677, -0.2505084336340412, -2.913539910314795, -1.0140298272595367
0.10657775440039237, 0.1530990313415924, 0.7010250755611681, -0.25043361832917616, -2.9135514071641304, -1.014029331014137
0.1065787252953548, 0.15308331146290896, 0.7010192873701189, -0.25043312344229285, -2.913581630139109, -1.0139632798478324
0.1065770390085663, 0.15310911247407005, 0.7010156458710061, -0.25046832192219154, -2.913571429885172, -1.0139599183363612
0.10657763932495624, 0.15311642257452093, 0.7010139502371442, -0.25045802210250195, -2.9135935352360356, -1.0139507774722227
0.10657392777503487, 0.15309712149185326, 0.7010315642863656, -0.25041869115966187, -2.9135406198904805, -1.0139816408888405
0.1065769701388523, 0.1531008933475493, 0.7010315696265239, -0.2504225817686588, -2.9135583636159854, -1.0140341550848302
0.10656938848946015, 0.1531086428155261, 0.7010205748643032, -0.2504030966845428, -2.913573046034178, -1.0139390535367379
0.10657214012458538, 0.15308726007800477, 0.7010208028141574, -0.25038997690065135, -2.9135535133559634, -1.0139674888610686
0.10657674742744347, 0.15310426770570876, 0.7010283476703227, -0.25043979993781623, -2.9135533301005703, -1.014032497382336
0.10657499670706491, 0.15310730555153396, 0.701031246761831, -0.2504711850053422, -2.9135480535603104, -1.0139459227389231
0.10657605821458219, 0.15308897593694712, 0.7010493118064419, -0.25043882169979975, -2.9135229354922716, -1.014079825720627
0.10657368503371871, 0.15309129804164007, 0.7010348932560704, -0.2503907562821961, -2.9135377103294764, -1.0140208531086101
0.10657739356834563, 0.1530852387465882, 0.7010476729254101, -0.25047980942069376, -2.913514808422968, -1.0140983118965834
0.10657316885781833, 0.15308812942956035, 0.701027227100157, -0.2504141281279344, -2.9135576168727595, -1.0139715712413877
0.1065760758248794, 0.15309168644929508, 0.7010267318969903, -0.25043670727449613, -2.9135201448309207, -1.0140327144899928
0.10657516194421687, 0.15310118081914673, 0.7010204513883369, -0.25038789708941694, -2.913584552158985, -1.0139834569946393
0.10657272311197695, 0.15308538951720108, 0.7010274035038712, -0.2503689406346007, -2.9135595428054075, -1.0140131510665336
0.10657481102527495, 0.1530995477739358, 0.7010172636361756, -0.2504087720224841, -2.913578212771251, -1.0139384574073778
0.10657087655260492, 0.15309740710715658, 0.7010332650618576, -0.25043087650172585, -2.913514972226868, -1.0140333035235825
0.10657196805652315, 0.15310605422845822, 0.7010205353460837, -0.2504146165077759, -2.91357285546453, -1.0139382085671784
0.10658050460826024, 0.1531058254379641, 0.7010172404806256, -0.2505059490499437, -2.9136022798688233, -1.0139583891646293
0.10657707276522944, 0.1530826405109469, 0.701035112625711, -0.25043216515097044, -2.9135439923648865, -1.0140266458966238
0.10657395119932042, 0.1530873971613063, 0.7010334062434199, -0.2503907470111477, -2.9135300959319888, -1.0140375411676084
0.10657662297328754, 0.1530892430357535, 0.7010271143497401, -0.25046691652464087, -2.913541451945804, -1.0140066162669037
0.10657532573342732, 0.1531025870765778, 0.7010251204143875, -0.2504197904126525, -2.913547735297886, -1.013984991402506
0.10657408159937946, 0.15310143863026002, 0.701023520996064, -0.2504325382460888, -2.9135447365907807, -1.0140059510023478
0.10657372408697827, 0.15309062522819364, 0.7010286298004811, -0.25039087763640433, -2.913537726738711, -1.0140208649921743
0.1065750211797051, 0.15309730290964352, 0.7010331583465731, -0.2504085928907313, -2.913547379664226, -1.014005831925421
0.1065695562742169, 0.1531106175356851, 0.7010297164621846, -0.2503494248429062, -2.9135389356738073, -1.0139983068497989
0.10657427873118573, 0.15309875442834983, 0.7010347520266297, -0.250380755407885, -2.913551995008681, -1.0140283026932055
0.10657373428877867, 0.15312233307943002, 0.7010089824959664, -0.25038851537855167, -2.913607420809164, -1.0139334171563277
0.10657793473987628, 0.15308590359959492, 0.7010303757416314, -0.25052556388084607, -2.9135354853570345, -1.0140074063011992
0.10657359387162865, 0.15309843404879647, 0.7010191554310286, -0.2504041586404238, -2.9135644873459374, -1.0139958092558705
0.10656837836054295, 0.1531172489116705, 0.7010075299406066, -0.25033897397346394, -2.913592324691901, -1.0139017607504217
0.10657187649459542, 0.15309176199545757, 0.7010270752348166, -0.25042452977136803, -2.9135280713479066, -1.0139974845305095
0.1065770634838725, 0.1531047292723753, 0.7010190989851026, -0.25041871512344466, -2.91362068696268, -1.0139440489262697
0.10657158863310195, 0.1530969211838467, 0.7010410439243135, -0.2503729964270827, -2.913520370066774, -1.0140525279916492
0.10657309507232213, 0.15311569610220221, 0.7010169417315153, -0.2503642297040371, -2.9135954728239764, -1.0139459036257377
0.10657128626378608, 0.15311615969074271, 0.7010091236130334, -0.25039766262404944, -2.9135859350983724, -1.0139225695980671
0.10657646769623624, 0.15309756556773382, 0.701022348983211, -0.2503945772090811, -2.9136011285239327, -1.0139732282186538
0.10657502075666925, 0.15308713908497779, 0.7010303362252951, -0.2504320277225981, -2.9135444341287884, -1.014006611712285
0.10657662874583392, 0.15309895485743483, 0.701025272744155, -0.25047804493226855, -2.913557125087472, -1.0139524525741523
0.1065775759127002, 0.15308536990245158, 0.7010381150912935, -0.25042611764399536, -2.9135418306813174, -1.01402419000625
0.106575996187071, 0.15310542646256353, 0.7010268322407783, -0.25039484841216497, -2.9135782371883767, -1.0140232686303423
0.1065776395071003, 0.15309404133648946, 0.7010268554032296, -0.25045435640246855, -2.913537132395727, -1.0140016750851906
0.10657159788610054, 0.15311846584459138, 0.7010185749439215, -0.25041113098024226, -2.9135820839076936, -1.013964200256118
0.10657892960532643, 0.15309196019840784, 0.7010425984951878, -0.2505303874342493, -2.9134955016814024, -1.0140674793938755
0.10657435691261534, 0.15310600339999075, 0.7010077104876136, -0.2503919714216568, -2.913598509405803, -1.0139067662503705
0.1065819394701682, 0.15309499982147334, 0.7010348306770919, -0.2505333994648183, -2.913551491104925, -1.0140365994810998
0.10657541340026327, 0.15311731705991125, 0.70102006570615, -0.2503755137650611, -2.9135954620544378, -1.0139451423859047
0.10657370667831116, 0.15309003958144202, 0.7010224115482468, -0.2504252378341945, -2.9135580616480907, -1.0139507837849069
0.106574313435212, 0.15309793515693979, 0.7010269340139029, -0.25046649914721, -2.9135343541385907, -1.0140032887011001
0.10657616448764992, 0.15309555252971524, 0.7010160067925908, -0.2504671519444886, -2.9135643405812726, -1.01395658292671
0.10657277226364227, 0.1531040634364728, 0.7010142327010971, -0.2503397260458281, -2.9135910689832523, -1.013942486472534
0.10657006160604648, 0.15313422829267154, 0.7010008069800429, -0.2504155343985099, -2.913603967423867, -1.0138701628234006
0.10657502989292608, 0.15309759565898, 0.7010362674796379, -0.25040864489437215, -2.9135321250632464, -1.0140391935531787
0.1065770086654181, 0.15311007837316687, 0.701025018512808, -0.2504853139825775, -2.9135511221720627, -1.0139916061023317
0.10657306580137003, 0.15310638215038175, 0.7010236839814985, -0.2504216058652686, -2.913566951310995, -1.0139774183157442
0.10657311810101265, 0.1531061542450045, 0.7010221463247697, -0.2504044041381435, -2.913548917710568, -1.014029835265217
0.10657356548932634, 0.15311845375443178, 0.7010185111492452, -0.2504262283584511, -2.9135807703759165, -1.0139201010405736
0.10657032719578238, 0.153120839344046, 0.7010059410126516, -0.25035296140246316, -2.913603310042819, -1.0139300839948604
0.10657964754303681, 0.15309285117657562, 0.7010238195621677, -0.250384769852099, -2.9136001413627777, -1.0140334786315306
0.10657187214353082, 0.1530916155929602, 0.7010255206708894, -0.2503900396758247, -2.9135458726250882, -1.0139841620182477
0.10657770766849413, 0.153089131633174, 0.7010255993031157, -0.25043936367732106, -2.9135686040342796, -1.0139991411536262
0.10657349559172333, 0.15310431525491647, 0.7010298462956132, -0.25045354679729714, -2.9135072654107472, -1.0140290009766622
0.10656626170237177, 0.15309116371275286, 0.7010333272640034, -0.25032350760974365, -2.9135051988034664, -1.0140208238802189
0.10657371102850377, 0.1530901860208587, 0.7010239661086992, -0.2504252638051146, -2.9135504345289536, -1.0139674646161874
0.10657605309143306, 0.15308164210077935, 0.7010288794383227, -0.25044281367322563, -2.9135293089251975, -1.014019839393922
0.10657564096116807, 0.15310364706369115, 0.7010220899043074, -0.2504842840717343, -2.9135592776616663, -1.013954906056549
0.10657214176581331, 0.15309771905334194, 0.7010253008388083, -0.2503840803850239, -2.9135436213163106, -1.013981652772699
0.10657524934847651, 0.15311532629293534, 0.7010123567256769, -0.250412079286741, -2.913626889240854, -1.0139041734281757
0.10656888104751956, 0.15309746784342762, 0.7010236282382711, -0.25043189879431804, -2.9135030435671743, -1.013940802537952
0.10657430963275241, 0.15310795258359122, 0.7010282013939874, -0.250391853945596, -2.9135600372327564, -1.013990815102199
0.10657366696438451, 0.15312300422842953, 0.7010120675337121, -0.2503883479466167, -2.913622962603313, -1.013899375375179
0.10656988354697342, 0.15312056778433814, 0.7010138474889612, -0.25037356974354796, -2.913604563566951, -1.013868378984037
0.10657100435962347, 0.1531110095766942, 0.7010187163624779, -0.25040407068881104, -2.913572835815431, -1.0139584128091321
0.10657501247175596, 0.15309701008636392, 0.7010300492204569, -0.250425602419131, -2.9135575972678747, -1.013970807822993
0.10657648731649595, 0.15311720523246142, 0.7010185502664815, -0.25046834717790856, -2.913586962458884, -1.01392587419851
0.10656623194639196, 0.1531237072886354, 0.70102006570615, -0.2503552178007548, -2.9135648967168875, -1.0139300999507885
0.10658011007012982, 0.1530961239842245, 0.7010332761129027, -0.2504986410984578, -2.913562105024019, -1.0140199186379362
0.10657479951930837, 0.15312192820155496, 0.7010043579776177, -0.2504294282205074, -2.9136294863401826, -1.0138858395078099
0.10657725694728624, 0.15310601374341448, 0.7010202314046441, -0.2504166704329464, -2.9135793158123136, -1.0139809473798682
0.10657137879127104, 0.1530987443665032, 0.7010222312124501, -0.25035605620494544, -2.9135711899652277, -1.0139541221391444
0.10657835470926108, 0.1531063415520836, 0.7010233800458805, -0.25042366007501726, -2.913573411980952, -1.0140201571490288
0.10657417395882099, 0.1530840226906301, 0.7010366280786431, -0.25042505427562156, -2.913519918300067, -1.0140341782977167
0.1065788903576031, 0.1531143399418061, 0.7010265146326216, -0.2504476099437926, -2.913592860681372, -1.013990907691785
0.106573657303012, 0.15310087595171432, 0.7010314966461125, -0.25040161313884757, -2.9135608974007696, -1.0139499340959768
0.10657267996950383, 0.15312147841484364, 0.7010011247799616, -0.2504673238278935, -2.9135804301795116, -1.013902556940356
0.10657341449933858, 0.1531169024688894, 0.7010154658313228, -0.25041134619598315, -2.9136045270389843, -1.0139341955455485
0.10658173807637923, 0.15309753763000375, 0.7010220450851352, -0.2504479815257162, -2.913592358008059, -1.0140109304993334
0.10657239376997968, 0.15308448844388536, 0.7010319885750024, -0.2503899451966437, -2.913515067707712, -1.0140515547052336
0.1065758610624561, 0.15309166043535455, 0.7010380810208926, -0.2503875533528202, -2.913546099817913, -1.0140675149790745
0.10657553359049582, 0.15307971914001786, 0.7010336949533874, -0.25044894250722, -2.913523847027125, -1.0140389806929633
0.10657185049430315, 0.1530928739050098, 0.7010380023926099, -0.25035589973230954, -2.913525419608072, -1.014054197891918
0.1065730918309966, 0.15310526981573575, 0.7010127567801364, -0.25038718372817476, -2.913600022937915, -1.0139307447207782
0.10657270283621155, 0.15310570226082887, 0.7010298687879628, -0.2504081236376763, -2.913555536269627, -1.0139691427575224
0.10657295040995075, 0.15309165027951963, 0.7010255597863028, -0.2503969081313591, -2.9135551302966145, -1.013989952126863
0.10657572411085167, 0.15311823041081465, 0.7010154806785107, -0.25043998105030674, -2.9136146323788767, -1.0138983760837468
0.10657669966132693, 0.15310464788483136, 0.701031501982218, -0.2504396262690036, -2.913568568446441, -1.0139991237221528
0.10657445936960953, 0.15311170114262915, 0.7010156853886941, -0.25042233767639316, -2.913581794707163, -1.0139641206589387
0.10657992603550366, 0.15306695445573992, 0.7010433151063351, -0.2504497519394303, -2.9135076408056593, -1.0141124013392984
0.10657288099099671, 0.1530932886888494, 0.7010411957374267, -0.25041412036023714, -2.913534705218579, -1.0140215941489343
0.10657756980052287, 0.15309803982052922, 0.7010270522021246, -0.2504701815297099, -2.913567348453343, -1.0140224376770515
0.10657911424500945, 0.15309488995558437, 0.7010222645586498, -0.25045757682719527, -2.9135554280612475, -1.0140341909190058
0.10657698269289115, 0.1530997638944012, 0.7010188968289395, -0.25043966518553695, -2.9135841574552184, -1.0139651138831356
0.10657468933398806, 0.15311708475855415, 0.7010076925034928, -0.2505024037828286, -2.913592171372888, -1.0138697790767741
0.10657453618952475, 0.15309456076300856, 0.701030155929772, -0.2503977554743383, -2.9135545987269134, -1.0140099668544122
0.10657885827220372, 0.15310442465664867, 0.7010284715363625, -0.2504878442687261, -2.9135922560849865, -1.0139740423456822
0.10657809771566808, 0.1531101133588938, 0.7010250580295039, -0.2504577871869086, -2.913570647132035, -1.0140008115986097
0.10657715956864397, 0.1531016093761081, 0.7010282295449664, -0.2504204513980081, -2.913539569421737, -1.0140216780505729
0.10657488386877244, 0.15311569993201996, 0.7010279905409886, -0.25039892105129385, -2.9135695901695913, -1.0139959347421295
0.10656841681744827, 0.15312436863032464, 0.7010264247646651, -0.25040359324882816, -2.9135425165596356, -1.0140057705129146
0.10657952055202731, 0.1530888140101435, 0.7010349718863226, -0.2504230191016882, -2.9135654788295158, -1.0140374943502548
0.10657351573862112, 0.15309977982623948, 0.7010316824147903, -0.250403915930506, -2.913564454526272, -1.01399578548992
0.10657250136707376, 0.1531082398316449, 0.7010170831697922, -0.25042575768853303, -2.9135659781157006, -1.0139334348551574
0.10657879029020333, 0.15308931267848105, 0.7010271930012696, -0.2504462586058782, -2.9135702342627443, -1.0140216120642986
0.1065748197279562, 0.15309984067264257, 0.7010203727552018, -0.2504432884134527, -2.9135527848579246, -1.0139684616707005
0.10657878593552435, 0.15308916627785213, 0.701025638438817, -0.25048069672876055, -2.9135676868365974, -1.014001573655512
0.10657417227777533, 0.1530944788868087, 0.7010425590013621, -0.25038454124787857, -2.9135125533901984, -1.0140683651318336
0.10657449811391079, 0.153085375556105, 0.7010367067079882, -0.2503865492116061, -2.9135466278758373, -1.0140474956615773
0.1065749092156335, 0.1531050989848378, 0.7010236839814985, -0.2504220505674412, -2.913574160692539, -1.0139807925154791
0.10657296900281776, 0.1531018013636078, 0.7010283818667957, -0.2504425784728222, -2.9135377479928843, -1.0139824728831341
0.10657422754893016, 0.15308913005154334, 0.701036639156902, -0.2504209962921283, -2.913551695811352, -1.0140107689729119
0.10657564096116807, 0.15310364706369115, 0.7010220899043074, -0.25041569649552353, -2.913579525548165, -1.0139615879674302
0.1065783503527204, 0.15310619515017088, 0.701021825483009, -0.25049222137387045, -2.9135607904569665, -1.01399679430814
0.10657828840304506, 0.15309614861026427, 0.7010207944259716, -0.2504292836871511, -2.913605770444514, -1.0139565470501695
0.10657646334718122, 0.15309741911159172, 0.7010207944259716, -0.25046313916375607, -2.9135885080854047, -1.0139498660539146
0.10657545258026686, 0.1531066239322392, 0.7010139678345406, -0.2504675317846341, -2.913557012445588, -1.0139725985291077
0.10657127535624754, 0.1531068331872745, 0.7010158658938559, -0.2503695655071041, -2.913582717177896, -1.0139624447159257
0.10657530064198953, 0.15311318802379797, 0.7010294270084296, -0.2504137221156641, -2.913538128203412, -1.0139984721300357
0.10657661861868219, 0.1530890966339464, 0.7010255597863028, -0.2503983031895854, -2.913569327226406, -1.0139966177404525
0.10657585587415468, 0.15307246492154158, 0.7010466046192575, -0.2504510401006388, -2.913496574906967, -1.0141522115658486
0.10657220762503519, 0.15310169071811022, 0.701012576906905, -0.25039710389237146, -2.913601496626289, -1.0138885338982349
0.10657011830459212, 0.15311170782966643, 0.7010170823320694, -0.25034349961056074, -2.9135519676231625, -1.013962455328515
0.10657527858943998, 0.15309310922214317, 0.7010285622509417, -0.2504085315667903, -2.9135550198233218, -1.0139891583595788
0.10656831418678908, 0.15312810089787593, 0.7010151818475504, -0.25040131618883016, -2.913577403703393, -1.0138758521645905
0.10657845746976286, 0.15308766700538706, 0.7010240052246024, -0.250467650636646, -2.913563815170224, -1.0139765957556979
0.10657329729488552, 0.1531033006187016, 0.701030015061845, -0.25043856306751755, -2.9135466562177026, -1.0140091129802002
0.10657761989706889, 0.15310669357644924, 0.7010140464878909, -0.2504298115594168, -2.9135908316830714, -1.0139892559333816
0.10657004714168973, 0.15309288601779825, 0.7010255206708894, -0.2503723690314949, -2.913543820976646, -1.0139824996079783
0.10657381581589302, 0.15310491753345573, 0.7010220899043074, -0.2504324901502631, -2.9135673001768065, -1.0139565682698815
0.1065680718260526, 0.1531122576429681, 0.7010186768447526, -0.2503618833862862, -2.9135665505066566, -1.0139525813188415
0.10657815310466848, 0.1530823827252742, 0.7010320430139473, -0.2504390503476287, -2.913568597219488, -1.0139991320481407
0.10657056686622142, 0.15310183451933213, 0.7010394608203466, -0.25041367702934436, -2.913535234936945, -1.0140015858663542
0.1065768197189973, 0.15308698047103197, 0.7010412633413033, -0.2504667163362784, -2.913518549468503, -1.0140566417978467
0.10657512207629836, 0.1530918663760898, 0.7010271930012696, -0.2503766168987764, -2.913576184020079, -1.0140215954429779
0.10657326670488883, 0.15309410239856058, 0.7010365655869679, -0.25041040347914506, -2.913543649685102, -1.0140482628361713
0.10657246140616242, 0.15309892549299353, 0.7010238248887665, -0.25041447676383644, -2.913557610691362, -1.013971573021355
0.10657146151223836, 0.15311273743147513, 0.7010125198859397, -0.2503631495138111, -2.913626494327237, -1.0138591521850144
0.10657256096220907, 0.1531239527433774, 0.7010231462076004, -0.2504154870563567, -2.9135803370957998, -1.0139409024903465
0.10657567566588393, 0.15310282764128216, 0.7010142718179052, -0.2504157917120889, -2.913587168898001, -1.013944918757865
0.10657767770556158, 0.1530843073536964, 0.7010301923962258, -0.2504264378213381, -2.9135186767368357, -1.0140749236649262
0.10657709201369403, 0.15311464174435485, 0.7010185749439215, -0.2504469176035563, -2.9135933960245883, -1.0139708982113536
0.10657273320009646, 0.1531047364010525, 0.701020496229278, -0.25039113126117185, -2.9135758431355536, -1.013937454990579
0.10656746536242437, 0.15310436191748478, 0.7010141545241013, -0.25035474480322856, -2.91358018335625, -1.0138967514045745
0.10657788250372727, 0.15307796324360112, 0.7010494076729424, -0.2503595319299012, -2.9135426512280604, -1.0141266989587758
0.1065760994469952, 0.15309733756974128, 0.7010331974614556, -0.25039839997121593, -2.9135616740557797, -1.0140132840720562
0.10657662732921355, 0.15308938941907477, 0.7010286689149148, -0.25044988111700384, -2.913538861508113, -1.014024959382943
0.10657341015454258, 0.15311675597497362, 0.7010139112776305, -0.2504287229224346, -2.9136070168006047, -1.013915819326366
0.10657729493266634, 0.153101647846691, 0.7010254300530885, -0.25050494364433223, -2.913579942318671, -1.013968997234679
0.10658244972785007, 0.1530864660734444, 0.7010240838781017, -0.25051618923931973, -2.913579436787307, -1.0139882334855073
0.10657727095366161, 0.15309617317175722, 0.7010222645586498, -0.25042266781421696, -2.913558393025085, -1.0140341742965888
0.10657588108895942, 0.15310085834965487, 0.7010315301107604, -0.2504501083982207, -2.913538838919144, -1.014024949281938
0.10657833293971901, 0.15310560935766235, 0.7010156072488979, -0.2504750555132818, -2.9135963359544013, -1.0139317322815349
0.10657965601400538, 0.15310257992434878, 0.7010237231176127, -0.2504989021857092, -2.9135773666263836, -1.0139865658979772
0.10657281232914195, 0.15310055846751378, 0.7010270126653548, -0.2503761997314846, -2.9135690859995, -1.0140182683419636
0.10656882835549834, 0.1531106469013165, 0.7010155286128866, -0.2503557486775635, -2.913579655034662, -1.0139167705358374
0.10657695707460622, 0.15310045414388568, 0.7010269059376987, -0.2504054414262387, -2.913586282157879, -1.0139857742317924
0.10657564283820667, 0.15309518704753305, 0.7010364758980395, -0.25037067587292283, -2.913543207246295, -1.0140865299173027
0.10658085248448326, 0.15309467242009997, 0.7010316824147903, -0.2504578912125352, -2.9135777382234727, -1.0140041294634805
0.10657270160834073, 0.1530961366724315, 0.7010332650618576, -0.2504144244526626, -2.9135270974326812, -1.0140382911873955
0.10657482115363835, 0.15309658646810526, 0.7010364979884944, -0.25039359252337956, -2.913571117977766, -1.0140199140851558
0.1065780527633809, 0.15310107435457046, 0.7010331633271119, -0.25042947688244943, -2.9135599936624574, -1.0140566259350412
0.1065730293390578, 0.15310029176252404, 0.7010125546166784, -0.25040831024111876, -2.913563514373903, -1.013951825909766
0.10658148113144542, 0.1531013093849667, 0.7010237231176127, -0.2504479853321213, -2.9135996668916944, -1.0139949090064193
0.10657756778622211, 0.153106927211107, 0.701015646386483, -0.25041254929087314, -2.913618733074699, -1.013940862339987
0.10657888862690335, 0.1531034587638955, 0.7010190989851026, -0.2504879130506022, -2.913607526939102, -1.0139406920959901
0.10656958191145148, 0.1531099272476742, 0.7010217073546914, -0.2503836484092052, -2.9135368118177354, -1.0139776459887075
0.10657680279969625, 0.15308017751432096, 0.7010272853767401, -0.2504192337279963, -2.9135398323177273, -1.0140023479746054
0.10657183414734518, 0.15311510889670327, 0.7010235426043759, -0.2503935925374419, -2.913579285200811, -1.0139832389598435
0.10658054287518016, 0.15311518667917418, 0.7010139893741636, -0.2504484380371206, -2.9136149180545776, -1.0139615527164034
0.10657542848820042, 0.15309685801889708, 0.701016046310357, -0.2504219537306007, -2.9135818138822707, -1.0139641262067935
0.10657793839593788, 0.15309590796591208, 0.7010316428980187, -0.25043328295099476, -2.913566336554914, -1.0139966197062489
0.10657897447555019, 0.15308039354595032, 0.7010289185527769, -0.2504160043597955, -2.91355584987051, -1.014032328690952
0.10657806095985647, 0.15309979854003417, 0.7010189359655831, -0.25046393659263305, -2.9135882775646174, -1.0139692085442134
0.10657697449623393, 0.15310103971179878, 0.7010331241929396, -0.25045707205021195, -2.9135405613670375, -1.0140474780442836
0.1065839971271828, 0.1530801913126166, 0.7010352308126787, -0.2504543045248041, -2.913586147858443, -1.0140507965854426
0.10657210270755582, 0.1530983919411964, 0.7010315642863656, -0.2503668974994524, -2.913548641296231, -1.013983303292982
0.10657546460992316, 0.1531033702968577, 0.7010300937337464, -0.250435307683103, -2.9135703005700506, -1.014022413726496
0.1065774715183912, 0.15309248872783396, 0.7010206317661378, -0.250439499391396, -2.9135765399050095, -1.0139817976815617
0.10657607946513276, 0.15308813961908646, 0.7010397482879991, -0.2504388960354936, -2.913538512663031, -1.0140458093333788
0.10657209929216567, 0.15308838756578239, 0.7010302971103534, -0.25038990905854697, -2.9135382419095723, -1.014000838188296
0.10656907552441292, 0.15311661654117514, 0.7010137540039968, -0.2504181750879513, -2.913564763786294, -1.013890881262726
0.10657786649972045, 0.15309081331874616, 0.701031631885221, -0.2504201027626622, -2.913539575599616, -1.0140216762641756
0.10657553328696316, 0.15311158934470956, 0.701014169968024, -0.25044658275611625, -2.913593542139314, -1.0139515343705479
0.1065733312517225, 0.15311233916887929, 0.7010219093911488, -0.2503811558765003, -2.9135825009433307, -1.0139615851943893
0.10657276021023848, 0.15310079209696587, 0.7010286124307588, -0.25035893722222413, -2.9135969881490853, -1.0139698757894418
0.10657831017022659, 0.15309688070585833, 0.701028567229544, -0.2504809410086009, -2.913552422170863, -1.0140349325071774
0.10657175357832774, 0.15311014337772755, 0.7010233405296395, -0.2503974801034624, -2.913547792403143, -1.0140059648542539
0.10657282523017184, 0.1531095926829167, 0.7010171618048188, -0.2504217153206984, -2.9135825144288847, -1.013943394056649
0.10657018196219464, 0.1531066516907053, 0.7010142718179052, -0.2503455405811093, -2.913586030000876, -1.0139415779772782
0.10657538508066847, 0.15309738445242912, 0.7010207552888387, -0.2504047443791286, -2.9135944611408764, -1.0139490953149684
0.10657179445103462, 0.15311861358513623, 0.7010107624900592, -0.2503915843719517, -2.913591093944382, -1.0139040991729438
0.10657741556956608, 0.15309414451627562, 0.7010380134179854, -0.2504222684398425, -2.9135583567952756, -1.0140341459766937
0.10657614285322614, 0.15309681106456657, 0.701028488579077, -0.2504326704512511, -2.913543989592585, -1.014026652232587
0.10657329294364215, 0.15310315421737605, 0.7010284604989032, -0.2504555984012951, -2.913549246880399, -1.0139907699895987
0.1065791011755462, 0.15309445075208317, 0.701017600869824, -0.2504919628398941, -2.9135681351049323, -1.0139807905512617
0.1065750599711298, 0.153128921611156, 0.7010102869143896, -0.25049206108849037, -2.913576855931337, -1.0139427468955144
0.10657416363083098, 0.15312605653033867, 0.701019924128869, -0.25043331462300383, -2.9135823918104364, -1.0139425691393689
0.10657625992436076, 0.15312085506364298, 0.7010166916778874, -0.25046853507320327, -2.9135796441919326, -1.0139418927859218
0.10657902309101791, 0.15309579653233532, 0.7010301278535855, -0.2505087816234655, -2.9135630651307487, -1.0139791046344575
0.10657648510563264, 0.15309815120744527, 0.701028567229544, -0.25041174443994935, -2.9135655825350186, -1.0140382901887655
0.1065786032764125, 0.1530695627275987, 0.7010322813865476, -0.2504258484134766, -2.9135415615657405, -1.0140248747818303
0.10657333805320911, 0.1531221035835506, 0.7010166525611401, -0.2504956861167256, -2.9135530029647696, -1.013929370966859
0.10657414841754752, 0.15310656324045346, 0.7010252776783268, -0.25039403612600886, -2.9135787556543127, -1.0140032468483011
0.10657588929242424, 0.15309958243619914, 0.7010173027530205, -0.2504156402686633, -2.913587470699481, -1.0139442471407558
0.10657713491693951, 0.15309226518153096, 0.7010332259479343, -0.2504950432727095, -2.913513961194992, -1.0140341967070956
0.10657564531328885, 0.15310379350247794, 0.7010236444642687, -0.2504501870290122, -2.913561724283239, -1.0139749113786256
0.10657921023513174, 0.1530774581051681, 0.7010368040925609, -0.2504674511010779, -2.913517752163206, -1.0140773460828636
0.10657663745475998, 0.1530992477175858, 0.7010283818667957, -0.25049515795684973, -2.913536833799123, -1.01398415191769
0.10657337872000942, 0.15308630594318368, 0.7010460397066157, -0.2503795427534028, -2.9135220060541065, -1.0140749969922624
0.10657636992455591, 0.15309358303281612, 0.7010332650618576, -0.25043253983267794, -2.913536358725829, -1.0140433284468224
0.10657567566588393, 0.15310282764128216, 0.7010142718179052, -0.25045025631901224, -2.9135769948600956, -1.0139415613561653
0.10658314376382949, 0.15309960292032285, 0.701030172446426, -0.2504850776284799, -2.9136002412778863, -1.0140407662848434
0.10657628894800808, 0.15311057710339068, 0.70101723994816, -0.2504400347822408, -2.913576218914428, -1.0139824637460846
0.10657201680557511, 0.15311566142734123, 0.7010169026147475, -0.2504259496601669, -2.9135659685271658, -1.0139334320836177
0.10657326117209885, 0.15309678833119053, 0.7010159676762341, -0.25044261268695245, -2.913553031826671, -1.0139491305967012
0.10657222148161494, 0.15310371054243166, 0.7010347014291002, -0.2503631181751717, -2.9135343659180197, -1.0140606569942416
0.10657966036927605, 0.15310272634341934, 0.7010252776783268, -0.2504474023095714, -2.9135849513643284, -1.0140082662707175
0.10657413457785392, 0.1531165660876032, 0.7010233663794937, -0.2504396349849895, -2.913584559702188, -1.0139450577963633
0.10657127101065302, 0.15310668673043737, 0.7010143113361271, -0.2503524773102968, -2.913595380574607, -1.013947425792809
0.10657422385912216, 0.1530926768768898, 0.7010236227630747, -0.2504362109024984, -2.913528189912198, -1.0139959781130954
0.10657466433534915, 0.15310816304431066, 0.7010156072488979, -0.2503880100757861, -2.913607423565611, -1.013933410820962
0.10657564966672313, 0.15310393992277915, 0.7010251990259676, -0.2504502130485773, -2.913554097058684, -1.013991592251625
0.10657618512522411, 0.15309301328745542, 0.7010381596899525, -0.2504350381580184, -2.9135474233855714, -1.014072454096513
0.10657697834213369, 0.15309961743698286, 0.7010173422712799, -0.25043963899771166, -2.9135917845016936, -1.0139484328061361
0.10657262022457363, 0.1531131307410585, 0.70101723994816, -0.25038745465841716, -2.9135771320601713, -1.01398078500426
0.10656943218607323, 0.15309559274445037, 0.7010284832686355, -0.2503762008274089, -2.913527159065099, -1.0139724587031376
0.10657987433098277, 0.15309905912606986, 0.7010253905148542, -0.2504301312881871, -2.9136052391050136, -1.013976561314189
0.10657819575648088, 0.15309171425743937, 0.7010270468046348, -0.25048474744567284, -2.9135587651750114, -1.0139749262198485
0.10657713571596901, 0.15308182312453197, 0.7010304731197585, -0.25043230591401183, -2.913536076597566, -1.0140440058888955
0.106576453019592, 0.1530762958303488, 0.7010461807681602, -0.2504424632962126, -2.9135067077994314, -1.0140691929224592
0.10657539378002602, 0.1530976773474003, 0.7010238644060354, -0.2504392614425271, -2.9135690327915325, -1.0139790998949636
0.10657259915827537, 0.15308052847826364, 0.7010289921422002, -0.25044120993647057, -2.9135303635211476, -1.0139798069979395
0.10657658761673489, 0.1531124438370058, 0.7010220275835769, -0.2504189600585127, -2.9136054231242006, -1.013977408506414
0.10657283827608142, 0.15311003200003936, 0.701021825483009, -0.25043885547401823, -2.913554595799045, -1.013991774354351
0.10657481537595882, 0.15309969423253209, 0.7010188181948198, -0.2504258596829008, -2.9135655493210666, -1.0139534762599032
0.10657172536570607, 0.153100230963623, 0.7010238644060354, -0.25038634021672707, -2.9135700466777794, -1.0139774543340014
0.10657884453401943, 0.15308820245504073, 0.7010194442883098, -0.25048081145258805, -2.9135673985291786, -1.0140022528834647
0.10657772073637595, 0.15308957078136207, 0.7010302629971548, -0.2504394421354882, -2.9135457217584197, -1.0140491837376777
0.10657651988245569, 0.15310592655207744, 0.70100623457217, -0.25042281180160453, -2.9136197084384485, -1.0139000601700523
0.10657028850753106, 0.15312109034520505, 0.7010092865743903, -0.2504213708619616, -2.913597996450668, -1.013890695954399
0.10657966432734926, 0.15307100163399684, 0.7010463567849944, -0.25043272605108907, -2.9135126650090912, -1.0141140566057563
0.10656917032471569, 0.1530996400233174, 0.7010315248003816, -0.25035917468957636, -2.913532182347904, -1.013974113927872
0.10657333560217071, 0.1531124856077221, 0.7010234639511095, -0.25039824376860764, -2.913569837409558, -1.013976604057564
0.1065724701071862, 0.15309921831531023, 0.7010269340139029, -0.2503285385896222, -2.9135677398076236, -1.0140133125771074
0.10657540248464921, 0.15309797016842844, 0.701026973530182, -0.25042191100671335, -2.91355891561608, -1.0140141570612407
0.1065764856607981, 0.15310831502695194, 0.7010313891536368, -0.25045723793078484, -2.913548179345702, -1.014030794519648
0.106575291657194, 0.15309354837387062, 0.7010332259479343, -0.2504601347560841, -2.9135169266083922, -1.0140341800814703
0.10657198545359614, 0.15310663994705148, 0.701026753589404, -0.25043178235835506, -2.9135373096225345, -1.0140032693045566
0.10657521317779695, 0.15308473009956697, 0.7010429305675814, -0.2503802762929727, -2.91354437036516, -1.0140449771836362
0.10657462437265988, 0.15309884875204213, 0.701022348983211, -0.25041085311486755, -2.9135889832615227, -1.013968225659818
0.10657586367274434, 0.15310027270543053, 0.701025311860489, -0.2504326014931759, -2.9135744854839394, -1.013959921292607
0.10657812370606312, 0.15310900100425845, 0.701014130830966, -0.250457830129118, -2.913593544824657, -1.0139507802455043
0.10658028184700576, 0.15307690767173576, 0.7010306253375175, -0.2504742848380638, -2.9135576122713647, -1.0140164710147959
0.10657745836096578, 0.1531034760913535, 0.7010330170289217, -0.25048502657536914, -2.9135434880385365, -1.01400827781097
0.10657338668918438, 0.15311846963256778, 0.7010296237556461, -0.25039429642448124, -2.913571410349333, -1.014019250297333
0.10657879606360185, 0.15309902449334953, 0.701025351378232, -0.2504918507564077, -2.913575732891844, -1.0139640903751286
0.10657598313177978, 0.15310498720503907, 0.7010221685586363, -0.25046335736156816, -2.9135808712367175, -1.013966544222078
0.10657043986720001, 0.1531126216550486, 0.7010124976390387, -0.25042509723308104, -2.913566195062382, -1.0139140844999042
0.10657328424511507, 0.1531028613592676, 0.701025351378232, -0.25042142299241604, -2.9135745751904074, -1.0139607329092806
0.10658097363139254, 0.15308657065459044, 0.7010380474934056, -0.2504445578027575, -2.913566232116921, -1.0139958241317781
0.10656891669370538, 0.15311650374858768, 0.7010250580295039, -0.250334779663168, -2.9135704005219814, -1.0139957752032112
0.10657009945898123, 0.15310785114011793, 0.7010252442291156, -0.25034527155120145, -2.913593624119973, -1.0139248731793309
0.1065763955324023, 0.15309289293575126, 0.701025255938932, -0.2504155789044198, -2.913549344669416, -1.0140276548527127
0.10657591733597654, 0.15310960440783694, 0.7010203157161586, -0.25046130616389345, -2.913569782700725, -1.01393743559661
0.10657198545359614, 0.15310663994705148, 0.701026753589404, -0.2503802566891728, -2.9135525203245103, -1.0140082896948002
0.10657167667961624, 0.15309104556179526, 0.7010304148768609, -0.25042659110047505, -2.91354677253704, -1.014009905340847
0.10657505152196789, 0.15309633719795207, 0.7010237857729019, -0.2504086622069454, -2.91356265029968, -1.0139724819676472
0.10657745461717154, 0.15309347166600265, 0.7010317500107488, -0.250439451300557, -2.913553336278332, -1.014032495600983
0.10657839325269285, 0.1530795937077692, 0.7010414830710875, -0.2504734621640918, -2.9135279088742, -1.0140624927497168
0.10657656403741586, 0.15308071786454355, 0.7010399285029332, -0.2504557654267392, -2.913533485222353, -1.014044149701924
0.10656984727389227, 0.15310233339746088, 0.7010316824147903, -0.25038580053232934, -2.913555193450844, -1.0139907488119961
0.10657300768670068, 0.15310155034219175, 0.7010250364467723, -0.2503571084905516, -2.9135480988369333, -1.0140235245522728
0.10657884453401943, 0.15308820245504073, 0.7010194442883098, -0.25042928542522014, -2.9135826102630547, -1.0140072724061104
0.10657231888926542, 0.15310768727314636, 0.7010237231176127, -0.2503934005638585, -2.9135792947855648, -1.0139832417344448
0.10657685440311541, 0.1530861613490019, 0.7010334453573819, -0.25038116347860895, -2.9135514787323844, -1.0140483183274143
0.10657696578278418, 0.15310074696481393, 0.701030015061845, -0.25040549395969736, -2.9135710277825195, -1.0140191363382616
0.10657477015218343, 0.15311261456150219, 0.7010111003984263, -0.250435619216712, -2.9136160749945024, -1.0139223416490912
0.10657344267024735, 0.15310690289440532, 0.7010159445686808, -0.25040043252077326, -2.9135962888569864, -1.0139724207733543
0.10657434849318012, 0.1531077073406943, 0.7010249181630458, -0.2504090951523152, -2.9135397627827526, -1.0140225266183733
0.10657271154081978, 0.1531059950842207, 0.7010329779140778, -0.25042557831010415, -2.913535144423277, -1.0140008086912287
0.10657783863296416, 0.15310275081344785, 0.7010127959177231, -0.2504295706735684, -2.91361340423379, -1.013939874932642
0.10657514778506424, 0.1531107757718502, 0.7010188002764406, -0.2504503008905627, -2.9135845958046236, -1.013924865666845
0.10657404291801399, 0.15310168961668605, 0.7010268664204506, -0.25038083346025225, -2.9135748800833277, -1.0139782644517483
0.10657468173431173, 0.15310874883723627, 0.701021825483009, -0.2504222386601454, -2.9135668420491165, -1.0139968109300384
0.1065772972888447, 0.15311508244883143, 0.7010138716022695, -0.2504448259099527, -2.9135820148726133, -1.0139424643086488
0.10657549667220008, 0.1531218802740638, 0.7010136220860856, -0.2504575721941111, -2.913602176823045, -1.0139126996782633
0.10657186690241861, 0.1531013270152986, 0.7010236786876949, -0.2504010994054457, -2.913561452861609, -1.0139299404600113
0.10656970622538137, 0.15308871318305595, 0.7010444851362305, -0.25039552408368565, -2.9135102987993746, -1.014049953609371
0.10657114691331572, 0.15310224783489618, 0.7010188181948198, -0.250407744237371, -2.9135562888363586, -1.013948439595352
0.1065778208020751, 0.15311459813222886, 0.7010295846205531, -0.25047525797752557, -2.9135581737359906, -1.0140151224505678
0.10657321714071416, 0.15312960605623221, 0.7010040687014215, -0.25045722393587455, -2.9136103496293013, -1.013876022713498
0.1065757415066897, 0.1531188163514435, 0.7010216988987142, -0.2504574887446437, -2.913578987199929, -1.0139634054100795
0.10657696142803666, 0.15310060056359273, 0.7010284604989032, -0.2504569937463493, -2.9135634437883833, -1.0139974356298114
0.1065714091648164, 0.15309777854248646, 0.701012858560544, -0.25039024873258886, -2.9135763877302656, -1.0139174476933148
0.10658046442230261, 0.15309651111653577, 0.7010239822363891, -0.2504602040031361, -2.913604087242308, -1.0139998850975889
0.10657303543124604, 0.15310734793367128, 0.7010330565451595, -0.250438598376756, -2.913546643219326, -1.0140091056516112
0.10657679987623259, 0.15307778229939525, 0.7010478139672358, -0.25038710057812, -2.913530847172646, -1.014100870106585
0.1065735287961742, 0.15310021897475196, 0.7010363461088276, -0.2503869331584783, -2.9135466087032134, -1.014047490112796
0.10657889643989811, 0.15309400993467137, 0.70102230415627, -0.2504254675696169, -2.913599763565852, -1.0140159064497403
0.10657456704606368, 0.15310375884142527, 0.7010236053484428, -0.2504088541793522, -2.913562640711178, -1.0139724791953375
0.10657852417353701, 0.15309321352671287, 0.7010286800188079, -0.2504636704876421, -2.913572710921224, -1.0140032284492775
0.10657143731283523, 0.15311712658124726, 0.7010091289485861, -0.25042982072017894, -2.9135718971505122, -1.013874027416979
0.10657799296622066, 0.15308536168089756, 0.7010270997026566, -0.2504052824534174, -2.9135558091360005, -1.0140525159555211
0.1065759023485333, 0.1531000217547726, 0.701021966432697, -0.25046724442751006, -2.913549378357994, -1.013989270236236
0.10657506894317258, 0.15309692277056913, 0.7010300040320826, -0.25046029141854814, -2.913516930016826, -1.0140341846383947
0.10657346199854727, 0.1531265423286451, 0.7010121455873259, -0.2504571405087426, -2.9135871602836314, -1.013926728430736
0.10657319645514046, 0.15312000110258153, 0.7010108802649027, -0.250394409342985, -2.913616888690134, -1.013919847895072
0.10657400039757585, 0.1530923581179969, 0.7010318627587, -0.2504211267645532, -2.913559326697386, -1.0139940927812718
0.10657306145272442, 0.15310623571208268, 0.7010221294220321, -0.2504215796564895, -2.9135745786002967, -1.0139607374632549
0.10657146585296574, 0.1531128839820239, 0.7010140744354012, -0.2504317647070805, -2.9135986221856767, -1.0138691525850514
0.10657116431517931, 0.15310283348484047, 0.7010250364467723, -0.2503733841799811, -2.913535953517007, -1.0140185206467438
0.10657697449623393, 0.15310103971179878, 0.7010331241929396, -0.2504226079630573, -2.9135507361462816, -1.0140508359493012
0.10657761930610624, 0.15308484349175436, 0.7010334062434199, -0.2504777900970104, -2.9135190079861037, -1.014035862026165
0.10657924443943717, 0.15308285651658549, 0.7010367458422557, -0.2504118747186296, -2.9135650463901994, -1.0140582891298653
0.10657875995824369, 0.1530902782384594, 0.7010365655869679, -0.250463592421523, -2.9135498249061382, -1.01405326642344
0.10658074506398955, 0.15310261489459207, 0.7010237626553335, -0.25043725156680874, -2.913606965847511, -1.0139990946621031
0.10657632651968157, 0.15309410951816194, 0.7010379739021853, -0.2505016614483245, -2.913523519281071, -1.0140198863607053
0.10657857774658368, 0.15310254529232323, 0.7010236839814985, -0.2504749719118717, -2.9135731461818537, -1.013982438015177
0.10657681977366751, 0.15311885099679973, 0.7010217380352592, -0.250498480514785, -2.913578170798955, -1.013965871325084
0.10657794781158687, 0.1530863426923188, 0.7010350394408821, -0.2504567141882062, -2.913532952884796, -1.0140641642894053
0.10657562791271533, 0.15310320763641555, 0.7010174262348505, -0.25043267986545914, -2.9135973695774475, -1.013909882578609
0.10657263503728745, 0.1530905902009617, 0.7010285903051483, -0.25040100169810786, -2.91352333994394, -1.0140133545429804
0.10657370240981755, 0.15311174257420104, 0.701001497081756, -0.25046288007542056, -2.9136122269394398, -1.0138791526593682
0.10657199942241886, 0.15311507540785843, 0.7010106843975576, -0.2503572567949006, -2.9136167211022004, -1.013873388997276
0.1065741107856915, 0.153078636630951, 0.7010366860020784, -0.2504288591577185, -2.9134877231257907, -1.014058180484376
0.10657590285799273, 0.15310720978451972, 0.7010408441932598, -0.2504117003300668, -2.9135658448471067, -1.014037596303651
0.10657273320009646, 0.1531047364010525, 0.701020496229278, -0.25037406953352187, -2.913580879460871, -1.0139391171406085
0.10657546973511427, 0.1530716452397092, 0.7010511725862905, -0.2504032297529821, -2.913503149678275, -1.0141298969555712
0.10657561653441269, 0.15309430295358326, 0.7010270863219218, -0.2503875785460038, -2.913584240113192, -1.0139841149475837
0.1065721277221938, 0.1530959986085681, 0.701055271380953, -0.2504033967340697, -2.91350384771245, -1.0141091704496517
0.10657449713389813, 0.1530952336127249, 0.701036419337011, -0.25043209834030566, -2.913544408131112, -1.0140065970555543
0.1065710822096798, 0.15310361100845493, 0.7010330907038133, -0.2503730579608613, -2.913558497232139, -1.0139691215793107
0.10656911673679313, 0.1531070563084671, 0.7010188963824506, -0.25040733849831204, -2.9135336445694797, -1.0139791477872813
0.10657616448764992, 0.15309555252971524, 0.7010160067925908, -0.25045009038368254, -2.913569377413388, -1.0139582451091094
0.10657397481074186, 0.15311912270128428, 0.7010155047948717, -0.25040546793319873, -2.9135868217430434, -1.0139657799507584
0.10657195689847608, 0.15309714939637664, 0.7010301954460694, -0.2504036388943832, -2.9135496510579957, -1.01400911575423
0.10657171054005199, 0.15311024800081785, 0.7010251313876432, -0.25041467793519806, -2.913565215331797, -1.0139548821059752
0.10657171488869632, 0.15311039443971108, 0.7010266859476043, -0.2504317655750099, -2.9135525514559406, -1.0139699006195697
0.10657629886298808, 0.15308789017849886, 0.7010270357389892, -0.250436493755162, -2.9135350906695368, -1.014000015427644
0.10657804347013994, 0.15311122381124137, 0.7010328066186795, -0.2504921627596634, -2.913553133154806, -1.0140134556644393
0.10657808465369036, 0.15310967404445375, 0.7010203943511062, -0.2504751117036646, -2.9135883907852524, -1.0139490731451966
0.10657398766015504, 0.1530861233445375, 0.7010223573763478, -0.2504423144724176, -2.9135377841028447, -1.013982490605286
0.10657385078191005, 0.15311468387774335, 0.7010200117337715, -0.2504092080403114, -2.9135629397536813, -1.0139718139238492
0.10657258549794782, 0.1531139501996627, 0.7010250580295039, -0.25040442123145545, -2.913564451763552, -1.0139957918254467
0.10657915436152443, 0.1530999799617751, 0.7010205300622511, -0.2504023118329369, -2.9136102487899667, -1.0139984183048338
0.10657178940734996, 0.15308264504389596, 0.7010336085478904, -0.2503275551049502, -2.913576109618238, -1.013975914858933
0.10656989223245575, 0.15312086083115956, 0.7010169565940786, -0.25039068383955404, -2.9135842740807494, -1.013900079147758
0.10658036742924745, 0.15309193029545332, 0.7010286800188079, -0.25042999197857724, -2.9135899944801014, -1.0140099264921434
0.10657686884237542, 0.15309616610441393, 0.7010347129122371, -0.25042646628059867, -2.913541824499285, -1.0140241917885027
0.1065728599585495, 0.15310877320276295, 0.701009343678797, -0.2503873456058344, -2.913600331565645, -1.0139300822131163
0.10657878158216245, 0.15308901985873738, 0.7010240838781017, -0.2504291443764138, -2.9135905258135346, -1.0139899121103773
0.10657355045510403, 0.15309896051877842, 0.7010238644060354, -0.2504040110339141, -2.9135720982696136, -1.0139791165166387
0.10657278966765511, 0.1531046491572015, 0.7010204509463767, -0.25037429536173395, -2.9135503877984337, -1.0140058529221476
0.1065736241078767, 0.15311748963430394, 0.7010123170452951, -0.2504092813566609, -2.9135855185819306, -1.0139224423724646
0.1065726965921357, 0.15312786014891083, 0.7010121847248147, -0.2504116962464772, -2.913604520347734, -1.0139341970327012
0.1065762241866157, 0.1530923404741228, 0.7010318962343727, -0.2503665721264293, -2.91356768814601, -1.01407914820167
0.10658136493899482, 0.15310895875203087, 0.7010126941095299, -0.25051294276502284, -2.9136188628430135, -1.013948169539806
0.10657647694984004, 0.15310802224298714, 0.7010282800260172, -0.25045718571964587, -2.913563434198529, -1.0139974328559762
0.10658174243463223, 0.15309768403127422, 0.7010235996475174, -0.25051659526278974, -2.9135644811390264, -1.0140209301664902
0.1065720001133218, 0.15309705061331888, 0.7010284667719457, -0.25040384515812836, -2.9135267844680826, -1.0140591695706265
0.10657422686214632, 0.15312100023246783, 0.7010171139086104, -0.2504356964563551, -2.9136163536964212, -1.0139216596352612
0.10657767268654447, 0.15312224287592394, 0.7010168098717355, -0.25048849179853866, -2.9136004939199127, -1.013956037774895
0.10657088479044523, 0.1530961313632182, 0.7010190376889365, -0.25034522347005883, -2.9135787143547875, -1.0139575901202549
0.10657794569971997, 0.15311718939605845, 0.7010078107032107, -0.25040268795135545, -2.913655689131288, -1.0138989959735016
0.1065727573797831, 0.15311450242148675, 0.7010184176761955, -0.2504022450201707, -2.9135612162537985, -1.0139492852636562
0.10657880041747826, 0.15309917093148992, 0.7010269059376987, -0.2504918767926608, -2.913568105698694, -1.0139807713400153
0.10657257679919316, 0.15311365734154164, 0.7010219489088344, -0.250421771629403, -2.913574569012578, -1.0139607346893362
0.1065738811421713, 0.15311371789962408, 0.7010106390526784, -0.2503922156024212, -2.9135832464488454, -1.0139401258640839
0.10657833180436153, 0.15309562217554099, 0.7010160854470022, -0.2504464931315714, -2.913593122978256, -1.013971578151427
0.10657826240917317, 0.15309726081175723, 0.7010317215504507, -0.2504637057966841, -2.9135726979221586, -1.014003221120532
0.10657391183142038, 0.15311994036492735, 0.7010201443410561, -0.2504739149337222, -2.9135744895294184, -1.0139417381826397
0.1065760994469952, 0.15309733756974128, 0.7010331974614556, -0.2504325230429889, -2.9135516005472177, -1.0140099595262877
0.10656981813788538, 0.1531065702206573, 0.7010266749788084, -0.2503664510244353, -2.9135339123488535, -1.0139966516864891
0.10657088913715204, 0.15309627780289464, 0.7010205922488293, -0.25039677593529486, -2.913555877441737, -1.0139692510026141
0.1065729820655596, 0.15310224051550336, 0.7010330455637863, -0.2504081923304584, -2.913525040057033, -1.0140358731084052
0.1065819654295312, 0.15309388773027433, 0.7010239035421881, -0.2504819167698033, -2.91358960238523, -1.0139915879274037
0.10657922420330729, 0.153118362408235, 0.7010074279417849, -0.25044167905954107, -2.9136212221442226, -1.0139217379401224
0.1065728039376449, 0.15311042946534673, 0.7010267254648134, -0.2504387027494607, -2.9135619015850582, -1.0139757487731627
0.10657756392791397, 0.15310834967018166, 0.7010314282882604, -0.250498229689422, -2.913547362311553, -1.0140332601392568
0.10657506458589668, 0.15309677640514371, 0.701028449464682, -0.2504258016667042, -2.9135347320508047, -1.0140208622204077
0.10657283392612503, 0.1531098855794842, 0.7010202709218747, -0.2503702414806452, -2.91358247033308, -1.013981775512136
0.10657330119079265, 0.15310187812067166, 0.7010142331611748, -0.2504040678199039, -2.9136029152936143, -1.0139117300523794
0.10657513631906373, 0.15310187104909778, 0.7010284604989032, -0.2504393229106946, -2.9135613924577455, -1.0139957734216878
0.10657476376900714, 0.15310149661483852, 0.7010377543955927, -0.25044311821443577, -2.913529565049495, -1.014019147298721
0.10657674307133809, 0.15310412132297122, 0.7010267931056442, -0.2504571765203187, -2.91355581981759, -1.014014121042726
0.10657741992686966, 0.15309429088052073, 0.7010395679844019, -0.25038817157395116, -2.913560803006863, -1.014054151375684
0.10657480235388896, 0.15309065990059864, 0.7010286689149148, -0.2503977463099452, -2.9135469843623345, -1.0140266550054506
0.10657644430155791, 0.15307600315498118, 0.701043071628145, -0.25044241153018654, -2.9135219629738813, -1.0140358317363436
0.10657169498893465, 0.15310119667204689, 0.7010332369777323, -0.25040367420352905, -2.913549638059825, -1.0140091084255005
0.10657945460849316, 0.15310511746099226, 0.7010109373718154, -0.25044760668693206, -2.9136081577231323, -1.0139575721207488
0.1065762555730282, 0.15312070858644747, 0.7010151371215423, -0.2504685090679555, -2.9135872710783013, -1.0139252116914699
0.10657100001405138, 0.1531108631191158, 0.7010171618048188, -0.2504040444306396, -2.913580463055002, -1.0139417319567676
0.10657359268490305, 0.1531087138253755, 0.7010217859662732, -0.2504497656380326, -2.9135473175528346, -1.0139876051414365
0.10657492209889437, 0.1530798844379893, 0.7010556318349245, -0.25045480556538335, -2.9134958444500914, -1.014107513305853
0.10657860808746702, 0.15310157943185848, 0.7010143113361271, -0.25049210273218786, -2.913583379803964, -1.0139474257928058
0.1065794103663854, 0.153116262638984, 0.7010216988987142, -0.250458542836871, -2.9135932846472934, -1.0139701033368576
0.10657413892700422, 0.15311671254508144, 0.7010249209371522, -0.2504396611619793, -2.913576932559383, -1.0139617387610123
0.10657391183142038, 0.15311994036492735, 0.7010201443410561, -0.25043979164902036, -2.9135845631128086, -1.013945062351093
0.10657329294364215, 0.15310315421737605, 0.7010284604989032, -0.2503870109684795, -2.913569494534391, -1.0139974522517357
0.10657555086586212, 0.15311218091404113, 0.7010204503899364, -0.2504808118134636, -2.9135526535135474, -1.0140156008354324
0.10657196805652315, 0.15310605422845822, 0.7010205353460837, -0.25034602824572494, -2.913593101516935, -1.0139448902547967
0.10657564966672313, 0.15310393992277915, 0.7010251990259676, -0.2504502130485773, -2.913554097058684, -1.013991592251625
0.10657442030105992, 0.15311237418188492, 0.7010219489088344, -0.25038809283847646, -2.913591851447833, -1.0139674328745223
0.10657753781061777, 0.15310747109997502, 0.7010221009291919, -0.25046394951569523, -2.913603200568803, -1.0139364987805055
0.1065711169298555, 0.1531027916453269, 0.701025272744155, -0.2503731532013315, -2.913566140710912, -1.0139524525741546
0.1065730238780262, 0.15311017952924352, 0.7010140126983222, -0.250402178540844, -2.9135685508579288, -1.0139332786322037
0.10657988739667593, 0.15309949838327497, 0.7010300541969973, -0.25048173627413683, -2.9135671456809025, -1.0140215853388328
0.10658431634933534, 0.15309125574091492, 0.7010334675595595, -0.2504783831907956, -2.913613227683595, -1.0140048706925284
0.1065764439091334, 0.15311773185296212, 0.701023259134928, -0.2504681998087473, -2.913594572848689, -1.0139091811712122
0.10658074506398955, 0.15310261489459207, 0.7010237626553335, -0.25050583964271905, -2.913586716701079, -1.0139924138125183
0.10657609509232548, 0.1530971911679303, 0.7010316428980187, -0.2504498997212436, -2.9135540902416883, -1.0139915831415556
0.10657427873118573, 0.15309875442834983, 0.7010347520266297, -0.2504493424159454, -2.913531747170873, -1.014021619883147
0.10657513196737863, 0.15310172462933885, 0.7010269059376987, -0.2504392967513951, -2.9135690197925466, -1.0139790925663734
0.10656928467857019, 0.15314666361469426, 0.7010130400931011, -0.2503812277683584, -2.9135988482134385, -1.0139068602511263
0.1065717340633134, 0.1531005237848597, 0.701026973530182, -0.25038639279205305, -2.913554791820024, -1.0140108158808536
0.1065777287958083, 0.15309972151500306, 0.701033084677671, -0.25043351780491074, -2.91354345816602, -1.0140466670669295
0.10657433525479527, 0.1531072622762635, 0.7010201922888174, -0.2504090160681083, -2.913562949339859, -1.0139718166947123
0.10657170109408468, 0.15312039731387192, 0.7010247745723709, -0.2504258390390309, -2.913573565525237, -1.0139167316375666
0.10657229102548879, 0.15311784924381724, 0.7010233663794937, -0.25045591065631495, -2.9135724145636677, -1.0139400548756583
0.10657377325012381, 0.1530955861276443, 0.7010270863219218, -0.2504212572283821, -2.913566957490034, -1.0139774165362938
0.1065762455352517, 0.1531111037049128, 0.7010219489088344, -0.25037129888430465, -2.913604076789916, -1.0139724520307467
0.10657378110302068, 0.1531057369348244, 0.7010299079037863, -0.2503979304410616, -2.9135698305857263, -1.013976594947317
0.10657563661036795, 0.15310350060641834, 0.7010205353460837, -0.2504671965746154, -2.9135719416677426, -1.0139398873463947
0.10657645261048838, 0.15311802482435527, 0.7010263682460198, -0.2504682518283159, -2.9135793191603154, -1.0139425434073792
0.10657905381213957, 0.1530848107583013, 0.7010209205836241, -0.25042910765538096, -2.9135905393328474, -1.0139899197324076
0.10657174451536718, 0.1531198706766001, 0.70102006570615, -0.25044304795924255, -2.913560918417598, -1.0139317622221227
0.10657378195113995, 0.15309587894877286, 0.7010301954460694, -0.25040390686435426, -2.913556840096577, -1.0140124736207707
0.10657987868489581, 0.15309920556362402, 0.7010269450738311, -0.2504642810575828, -2.913587538179766, -1.0139899186252788
0.1065718331357046, 0.15311836254931369, 0.7010074169336539, -0.25044328925432563, -2.9135609517583627, -1.013931786286239
0.10657479411096013, 0.15310053090393913, 0.7010283818667957, -0.25044318775104396, -2.913544836065248, -1.013985797673587
0.10658129169437795, 0.15306872228803514, 0.7010465875342575, -0.2504183532504254, -2.9135588392095144, -1.0140981597959227
0.1065711112440064, 0.15307106657728695, 0.7010463512609116, -0.25034134696893995, -2.9134987993989276, -1.0140598462459165
0.1065742743769403, 0.15309860804497283, 0.7010331974614556, -0.2504493164234711, -2.9135393746796416, -1.0140049392290043
0.10657027243124613, 0.15310011422676986, 0.7010362279848412, -0.25041771476312497, -2.9135034403397055, -1.0140249826513206
0.10657827547735785, 0.15309769995819825, 0.7010363852430178, -0.25042932021780395, -2.9135599902510947, -1.0140566213810727
0.10657666880425896, 0.15309544966362493, 0.7010380525526839, -0.2504114664199782, -2.913565562714305, -1.014038273753389
0.10657962863728017, 0.15311274189634683, 0.7010233663794937, -0.25049282467594197, -2.9135907334736992, -1.0139500604383906
0.10657916292104432, 0.1531097086775236, 0.7010204334881618, -0.250447515425022, -2.913607823098682, -1.0139582199785357
0.1065719221774661, 0.1530979686281339, 0.7010380134179854, -0.25042060519769255, -2.91353697027687, -1.014024122094638
0.10657538354654555, 0.15310784082373513, 0.7010266859476043, -0.25041575793491866, -2.913571885515937, -1.0139782616784887
0.10657599183398761, 0.15310528006187443, 0.7010252776783268, -0.2504289453825115, -2.9135757910326947, -1.0140032634693656
0.10657019065462386, 0.15310694458707755, 0.7010173809360902, -0.25043124237910086, -2.913545492882607, -1.0139665951401475
0.10657298481752618, 0.15311085256869672, 0.7010202762184696, -0.2504191188089925, -2.9135634979963276, -1.0139316045116917
0.10657659631916623, 0.153112736692665, 0.7010251367022762, -0.2504360746885941, -2.9135851316262005, -1.0140091086462173
