-0.35741314045053335, -0.39575322598527773, -0.013038334108263314, 2.565722897671058, 1.7921080074320686, -0.006660174903090866
-0.3574025611647153, -0.39576252809024554, -0.013035821725279792, 2.565730133003985, 1.7921133702105772, -0.006583322633068598
-0.35740628537304664, -0.3957436510881929, -0.01304838100050102, 2.565764575412116, 1.7920907501892636, -0.006532871584935995
-0.3574037324427521, -0.39575801289079665, -0.013041821151876788, 2.565753026017183, 1.7921291936316277, -0.0066237152369254424
-0.3574078620171724, -0.3957571134198126, -0.013024293366230903, 2.5657480076733763, 1.7920803972222359, -0.006641860505171053
-0.357411200315248, -0.39573970745821774, -0.01303570216378423, 2.5657908091373285, 1.7920180937162722, -0.0066004090774821975
-0.35740669685133564, -0.39575291551656366, -0.013026336135286387, 2.565724889313138, 1.7921329009409166, -0.006650078304437881
-0.3574148719326859, -0.39577135275642555, -0.013014766145475903, 2.565715725477412, 1.7920811479780296, -0.006684920711052588
-0.35741591418698054, -0.3957645674175145, -0.013016650016894876, 2.56567659296705, 1.7920991162523554, -0.006670563150112507
-0.3574197785859511, -0.39576692158002624, -0.013014766145475903, 2.565737623260135, 1.7920497979198249, -0.006684924063854165
-0.3574068402082676, -0.39575540969220274, -0.013021497950513203, 2.5657347667256265, 1.7921166704829, -0.006608088345788877
-0.3574036486844945, -0.3957288362098869, -0.013054592465189413, 2.565777359994797, 1.7920541603345552, -0.0065245767458819385
-0.357406761646017, -0.39574225796595086, -0.013046957932838438, 2.565782417177931, 1.7920577468591272, -0.006592013595133836
-0.3573921408575969, -0.395756920120355, -0.01303570216378423, 2.565736805744577, 1.792095280882583, -0.0066000711571920475
-0.35740799367017156, -0.39574876989108526, -0.01304519838793938, 2.565762127958532, 1.7920662342972666, -0.006541839563407394
-0.35740347262602695, -0.3957575837087087, -0.013025161102644999, 2.5657510138108637, 1.7921051960948873, -0.006675008261996327
-0.3574151784455063, -0.39575249751547137, -0.013023174668905527, 2.565783616578356, 1.7920587532259442, -0.006674379925841119
-0.35740785897176097, -0.39573826632066755, -0.013031451690764433, 2.565768520950836, 1.792002892737202, -0.006602486779546246
-0.3574175941817019, -0.395752893646588, -0.013032390909048504, 2.5657520009340566, 1.7920369256142756, -0.006626617043336309
-0.35740742688515875, -0.39576066466037635, -0.013033530940838516, 2.565712877297915, 1.792101641314755, -0.006609652658903603
-0.3574278364872857, -0.39574136439124247, -0.013037194050516437, 2.5657830626445617, 1.792013162913715, -0.006677133783708493
-0.3574142003553283, -0.39575512798115464, -0.013033552339643106, 2.565774052552222, 1.792052010507439, -0.006624986240440633
-0.35742341965670077, -0.3957731921281771, -0.01302186623010169, 2.5657737417075435, 1.7920063408294857, -0.006668319330826966
-0.35740187230573106, -0.39575693697657993, -0.01303644136074859, 2.565757052312395, 1.792086641340058, -0.006650345458452417
-0.35742255508723453, -0.3957511992534682, -0.013024979025723218, 2.565713047402213, 1.7920560142668152, -0.006653855320587398
-0.3574138762098969, -0.39575456070995824, -0.013021967661948287, 2.565739930006136, 1.7920742967245018, -0.00667668965286882
-0.3574269372686014, -0.39577488559657553, -0.013018421750051407, 2.565736262682392, 1.7920717584716015, -0.006735883297761359
-0.3574206468220872, -0.3957479761124586, -0.013011581642757303, 2.56573426949694, 1.7920251593928476, -0.0066534710998769776
-0.35741105289243913, -0.3957647168199421, -0.013035318311525157, 2.5657497143657446, 1.7920588465279887, -0.006634777127725135
-0.3573968415411401, -0.395742411670068, -0.01304621858403879, 2.5657403128156226, 1.7920977639344537, -0.006541959333554265
-0.3574212082082437, -0.3957423968959961, -0.013023999697947921, 2.565782818658838, 1.7920130489888324, -0.006676754246700026
-0.3574015341067513, -0.39573332623160856, -0.013038248114058062, 2.56578021710562, 1.7920788320237608, -0.006556757556936789
-0.3574095652450735, -0.39574921284878184, -0.013041495399489855, 2.565739587302159, 1.792073961187801, -0.006635317322990182
-0.3574253611045069, -0.39576197284848297, -0.013019852400770226, 2.565768005421153, 1.7920254018644466, -0.006692736283407688
-0.357418158914427, -0.3957538512510753, -0.013031205262468969, 2.5657262696163605, 1.7920648025257364, -0.00664448111533497
-0.357421243828, -0.39573647741380125, -0.013047689417243455, 2.56576872868495, 1.7920031644011012, -0.006603099603061627
-0.35742291916776503, -0.395749691599081, -0.013026175351274268, 2.5657370507972126, 1.7920495808043193, -0.006643840433905173
-0.3574053323751278, -0.3957419884331196, -0.01304305752630778, 2.5657670394557948, 1.792069754285877, -0.0065666733863875585
-0.3574236357912876, -0.3957466064501033, -0.013033552339643106, 2.565774027924672, 1.7920522208426586, -0.006625433239631209
-0.3574074723639125, -0.39578120241298875, -0.013012451003422097, 2.5656841515099256, 1.7921274761132648, -0.006727147276089777
-0.3574247517420108, -0.3957566246182021, -0.013017843500687363, 2.565779239946603, 1.7920557318641261, -0.006692108156289013
-0.3574147031852253, -0.39573332903512776, -0.013048132887198227, 2.565799190423255, 1.7920239430083345, -0.006566858822860145
-0.35740599606581064, -0.3957624517739553, -0.013042474878224162, 2.565701453320962, 1.7920712178632694, -0.006611775159683418
-0.3574206677958268, -0.3957436521919905, -0.013030498222959524, 2.565786493293301, 1.7920153399822305, -0.00661746295973586
-0.35741196398004854, -0.39575130667813535, -0.013043187850401131, 2.565823204123734, 1.7920164958307307, -0.006556876152633262
-0.357417283404858, -0.3957582593038338, -0.013036479716470258, 2.565772275965231, 1.7920733777936075, -0.006633597287809038
-0.3574317938290806, -0.3957606488363397, -0.013011310894707811, 2.5657339545120594, 1.7920476934430052, -0.006744671458750035
-0.35740100090402305, -0.3957598065058341, -0.01303671370496592, 2.565747481405714, 1.7920799007204584, -0.006600125270434978
-0.3574053968515765, -0.39576953298839057, -0.013035307552381753, 2.5657407577550884, 1.7920524672871936, -0.006626736957793828
-0.35742704166958406, -0.3957277519744494, -0.013019098069867846, 2.56580585382036, 1.792006105167254, -0.006626120186811998
-0.3574049181226992, -0.3957687501805791, -0.013031372021101599, 2.565734041306525, 1.7920706531478972, -0.006609814941188802
-0.3574108269498813, -0.39574122064613937, -0.013034505784803639, 2.5657881446372586, 1.7919936977983457, -0.006610121428069974
-0.3574180535188317, -0.39575155526616135, -0.013028466186850366, 2.5657865025604916, 1.7920150804553814, -0.0066171729895589575
-0.35741381198518113, -0.3957544227768814, -0.013027043126612155, 2.5657400163625153, 1.7920743510344863, -0.006676763662080694
-0.3573984318908634, -0.3957386325772942, -0.013058681256791134, 2.565765074294196, 1.7921372727702682, -0.006531663881499348
-0.3574291821904671, -0.3957459338357788, -0.01301997053838746, 2.5657954070589093, 1.7919761290371263, -0.006668205207197456
-0.3574137066129519, -0.3957521267824139, -0.013024304099395145, 2.565757392469719, 1.7920861654674505, -0.006649904521244163
-0.3574180535188317, -0.39575155526616135, -0.013028466186850366, 2.565732877728939, 1.7920920767665327, -0.006617734200130684
-0.3573978116253446, -0.39575432240247815, -0.013041025640619087, 2.565712953068535, 1.792147072921175, -0.006566716881400374
-0.357394491289919, -0.39574638617778485, -0.013050129712167534, 2.565775546705547, 1.7920763131847277, -0.006574778551122812
-0.3574020843874975, -0.39575947208450507, -0.013029075112471568, 2.565739668657395, 1.7920748292585242, -0.006676377345546281
-0.35740313603307206, -0.39573609231897344, -0.013042304637409617, 2.565794877648177, 1.792066166374089, -0.006540369093237894
-0.3574160785129626, -0.3957460181612632, -0.013014785904461016, 2.5657868453674246, 1.7920155362425605, -0.006659417999463249
-0.3574060313791947, -0.395728654808883, -0.013060950396933623, 2.5658075875105992, 1.792074695958992, -0.006489929075126935
-0.3574166365939281, -0.395751327939604, -0.013024519931592466, 2.5657493351693597, 1.7920578365630064, -0.00659265965373144
-0.3574096246991447, -0.395757944723366, -0.013039778602706371, 2.565776168315096, 1.7920769324901835, -0.006615798900213918
-0.35741788898558013, -0.395772226495867, -0.013007431724332564, 2.5657253191053226, 1.792087866332082, -0.006734322327776421
-0.357413411633178, -0.39574782174803025, -0.013041767741969508, 2.565762146310696, 1.792021173194296, -0.006584985136537634
-0.3574024325957333, -0.39576225200042453, -0.013045972746096177, 2.565751735076794, 1.7920827112929676, -0.006583246579220503
-0.3574051715598689, -0.3957610650210963, -0.01302700027671965, 2.5657358320183543, 1.7920040386792655, -0.006645090156694675
-0.3574142003553283, -0.39575512798115464, -0.013033552339643106, 2.565720426734714, 1.7921290065318274, -0.006625546939588282
-0.357430784259892, -0.39574869994094275, -0.013024027137781747, 2.565799406800972, 1.7919787709121298, -0.0066519283450103195
-0.3574212108261468, -0.3957445729711188, -0.013029358191189677, 2.5657823559389796, 1.792012560312371, -0.006634424040681703
-0.3574183634108031, -0.3957688138980488, -0.013026157096048476, 2.5657534574365273, 1.7920149525425333, -0.006619021272031146
-0.35741532528565284, -0.39574245976524536, -0.013026042416794071, 2.565770534768144, 1.7920499105066898, -0.006684635457265758
-0.35740686895689505, -0.3957575255215447, -0.013029358191189677, 2.565728393440104, 1.7920897756711238, -0.006634309073851544
-0.3574016835141341, -0.3957378426163392, -0.013051293894910748, 2.5657515291753024, 1.7920819281901588, -0.006542149283065034
-0.3574120826784373, -0.39575362801063707, -0.013011309449356698, 2.565722436654343, 1.7920624566493417, -0.006703466537305224
-0.35742213964372155, -0.3957440229017098, -0.013029368830895859, 2.5657806282362277, 1.792034003991361, -0.006642273528897228
-0.3574298415328576, -0.3957529075045971, -0.013031884521849925, 2.5657965588129334, 1.7920224168006436, -0.00670996968778241
-0.35740962954253747, -0.3957493509075412, -0.01303641998846043, 2.565739500947421, 1.7920739068741027, -0.006635243315262556
-0.3574132072518719, -0.39575554001153396, -0.013038617211281548, 2.5657437772986538, 1.7920766964245152, -0.006617546382140281
-0.3574175504038362, -0.39574855949010246, -0.013019217899758679, 2.5657589860152172, 1.7920646348124158, -0.006642126629429327
-0.3574145954588771, -0.3957536516291203, -0.013034703091638145, 2.5657765509728523, 1.7920762956148892, -0.006615951989445486
-0.35739983785691326, -0.39574761001027053, -0.013019968676653627, 2.565740541135266, 1.7920527676850229, -0.006626919690409676
-0.3574141423708838, -0.39572216000268645, -0.013059789069964363, 2.5658068989583813, 1.792029022390757, -0.006491560792511879
-0.35740617752463155, -0.3957391791745227, -0.013040283484530839, 2.565760984061755, 1.7921338224518406, -0.0065485654813660825
-0.3574043721369759, -0.39574674350652955, -0.013035734149602901, 2.5657530070724617, 1.792129269354518, -0.006623921081385053
-0.3574129910258037, -0.39575944477742225, -0.01303513005063894, 2.565691815793611, 1.7920866796946295, -0.0066537795023924205
-0.357422746895082, -0.395745081600878, -0.01302315332173832, 2.565787065238362, 1.7920158622190296, -0.0066590490768086135
-0.35741844626600755, -0.3957420491540517, -0.013045446375400945, 2.5658024099726986, 1.792025849412946, -0.006507962687930241
-0.3574084691999571, -0.3957581720885816, -0.013018077855266649, 2.5657223550506214, 1.7921083306736478, -0.0066589717210983656
-0.3574219274237812, -0.39574148777689844, -0.013036735077390003, 2.5658086722488767, 1.7920305078202483, -0.0066161290219228525
-0.357414986491598, -0.3957586151646952, -0.013025000450757593, 2.565752455279482, 1.7920373692275056, -0.006668735343838809
-0.3574053209198251, -0.3957629781315831, -0.013011624441886428, 2.5657483719276937, 1.7920807836165262, -0.006683902542216797
-0.35741856435987335, -0.3957400098802413, -0.013032530208928429, 2.56574369265022, 1.7920769537913657, -0.006617977182025554
-0.35742030685749504, -0.3957284169133941, -0.013053173285829058, 2.565786656152021, 1.7920608192416967, -0.006575795499861469
-0.35739989073888817, -0.39575575205503233, -0.013033680867513647, 2.5657457229295084, 1.792101368044074, -0.006607966681586717
-0.35741333576723733, -0.3957558159932846, -0.013028466186850366, 2.565722175510417, 1.7921073553952205, -0.006617622627910058
-0.35741239571785466, -0.3957671100511601, -0.01301273594406908, 2.5657410937760794, 1.792053069425717, -0.006668402796910852
-0.3574144494549387, -0.39574325580589415, -0.013018206001236361, 2.565799257663834, 1.7920238758279352, -0.006608534905733111
-0.3574230567551763, -0.3957477912172869, -0.013010462997808779, 2.565748087618315, 1.792034712894994, -0.006685985051844944
-0.35740153377907485, -0.39574829791960864, -0.013040731925966016, 2.56573670167141, 1.7920954341233373, -0.00660127082346938
-0.3574139186846028, -0.395754661760223, -0.01301693779803163, 2.565740009146435, 1.7920743536169368, -0.006675937203983242
-0.3574193298173678, -0.3957623698420678, -0.013015442852435168, 2.565718660132448, 1.7919916189116776, -0.006672197562550112
-0.35742035395319477, -0.3957555141084839, -0.01301375495165802, 2.5657483517791597, 1.7920346207473372, -0.006685093235236309
-0.35742149231014225, -0.3957450388427037, -0.013045972746096177, 2.56579497046105, 1.7920209842294754, -0.006583696950017221
-0.3574053878341797, -0.3957571602587919, -0.013030487463814803, 2.565744937470319, 1.7920555901396906, -0.006609308220757664
-0.35740615184994395, -0.3957455824302498, -0.013029476021202043, 2.5657346651828385, 1.7920705693156154, -0.0066097062350968655
-0.35740814841578394, -0.3957489856634701, -0.01303754926182725, 2.5657453836990043, 1.7920550285348495, -0.006610354192799244
-0.3574056118264866, -0.39575530662848946, -0.013046819024983272, 2.565747529463958, 1.792079926675454, -0.006601174781933637
-0.35742616235693886, -0.3957428840017314, -0.013021946262751943, 2.5657755083993936, 1.7919853593380932, -0.0066612468948626085
-0.3574233210903466, -0.3957584119836575, -0.013026787611553795, 2.565767814909284, 1.7920253085105164, -0.006694230248617029
-0.3574052036661497, -0.395771417638856, -0.013018930145246075, 2.5657059995581757, 1.7920741559411075, -0.006635962108225429
-0.3574275703020606, -0.39576579762074304, -0.01301769332278822, 2.565714157311879, 1.7921022062733083, -0.00669390803443257
-0.35741720979221536, -0.39574574855017813, -0.013036735077390003, 2.565797970401605, 1.7920457869046091, -0.006616017699472763
-0.3574041732836501, -0.3957550426009376, -0.013042918413561989, 2.565764152689807, 1.7920457976841784, -0.006575421595627187
-0.35742483871803016, -0.39576759114286414, -0.013012585589256637, 2.5657408062650258, 1.792006686784227, -0.0066699805169394355
-0.35740331625021826, -0.39576598403214014, -0.0130273153958069, 2.5657193804666147, 1.7920833184283946, -0.006626203403610646
-0.35742051053183627, -0.3957412605288829, -0.013032788887915703, 2.565803700749202, 1.7920270355602328, -0.006591278469336866
-0.35742941239254356, -0.39574419081453965, -0.013038749009759746, 2.56582506198274, 1.7919961341929598, -0.006591969775275029
-0.3574160555215879, -0.3957502089144064, -0.013033237248546228, 2.565758415160704, 1.7920188051944215, -0.006644210403376193
-0.35742079026655477, -0.3957561959061027, -0.013022720296998838, 2.565712025922075, 1.7920780666252896, -0.006703218207304893
-0.3574124940536085, -0.39574418122961474, -0.013023508637593275, 2.5657493616063776, 1.7920579379680779, -0.00659271706185403
-0.3574220545658765, -0.3957503795787828, -0.013021089170405733, 2.565738692193739, 1.7920280830253021, -0.006635916954222141
-0.357414721476724, -0.3957646088516292, -0.013006137014260438, 2.5657553721606803, 1.792063110554257, -0.006743247838348272
-0.35742091115540836, -0.3957585968507663, -0.013027906283397998, 2.5657433363546907, 1.7920310628991822, -0.006661827486498142
-0.35740604543238735, -0.39576037149953186, -0.013032086525270117, 2.565702084229745, 1.7920718254307169, -0.00665342986510371
-0.3574068685134708, -0.39574249724046545, -0.01303685280949837, 2.565771748801001, 1.7920730568934011, -0.006591298508614431
-0.3574132689908447, -0.3957535020085686, -0.013028183184357958, 2.5657549213473714, 1.7920616705020647, -0.006659689961749039
-0.357416061086501, -0.39577120054237347, -0.013007000499297646, 2.5657185115976624, 1.7920605004605874, -0.006761735020650042
-0.3574094727173804, -0.3957619875414395, -0.01303121602164135, 2.5657348881627176, 1.7920714006560379, -0.006651844008166747
-0.357408309165336, -0.39577247160849677, -0.013006271676930066, 2.5656831411953047, 1.792126935330036, -0.00668630256276895
-0.3574134010348852, -0.39573539232159105, -0.013046925869955565, 2.5657876999276343, 1.7919932576144573, -0.006568832827417948
-0.3574124554211768, -0.3957376400347001, -0.013039391504185786, 2.5657757664330423, 1.792121245182078, -0.006531649277809701
-0.3574117031210002, -0.39577023726252486, -0.013005110167088342, 2.565725374873696, 1.7920195484722055, -0.006687258464763535
-0.35742478609114847, -0.39574858595992485, -0.013026196750402627, 2.565776434508699, 1.7920311463084904, -0.006659168940331282
-0.3574107215326246, -0.39573892462350707, -0.013031766805561092, 2.56574123456062, 1.7920978152406775, -0.006583934711493459
-0.35740797664924556, -0.3957594039148216, -0.013027032486865433, 2.565762809644646, 1.7920225688248905, -0.006668460329095942
-0.3574231942899635, -0.39573992971538036, -0.013018892216648455, 2.5657451175491564, 1.7920100151036322, -0.006653725687940368
-0.35741105289243913, -0.3957647168199421, -0.013035318311525157, 2.5657497143657446, 1.7920588465279887, -0.006634777127725135
-0.3574232969407533, -0.3957379673950911, -0.013037842952267484, 2.5658073007267705, 1.7919840159447662, -0.006575798371865648
-0.35741185463304914, -0.3957554507373921, -0.013029595446642558, 2.5657494873535938, 1.7920577093066274, -0.006592509286529417
-0.35741810278024533, -0.39576185312981604, -0.013022897719984364, 2.5657720969430695, 1.79202796348424, -0.006676292539579436
-0.35742963216077694, -0.3957446008639076, -0.013016045718986678, 2.565808391394247, 1.7919849902905456, -0.006658908242441333
-0.3574053620528569, -0.39576730691370654, -0.013025000450757593, 2.565719962023358, 1.7920838448999878, -0.006668619161336198
-0.3574122497295453, -0.3957539743741659, -0.013030746212159123, 2.565730449581284, 1.7921129147268442, -0.006583700119721929
-0.35741180499564584, -0.39573859014724244, -0.013024128361222357, 2.5657226560214674, 1.7921082056182478, -0.006660300243664064
-0.3574058264716759, -0.39576001779751524, -0.013044811315670568, 2.565697486386336, 1.79211385304341, -0.006585214654067493
-0.35740819096234755, -0.395749086838064, -0.013032519449892947, 2.5657668913300036, 1.792024317576959, -0.006609377281175981
-0.3574112645656613, -0.3957398454325862, -0.013030626799277677, 2.565779955282784, 1.7920335000172114, -0.006600447709523539
-0.35741057246739494, -0.3957618144136905, -0.013016045718986678, 2.5657222986545962, 1.7921082528175911, -0.006658906011118315
-0.357418952980015, -0.39576547796812206, -0.01300927009021696, 2.5656967891341265, 1.7920902641399332, -0.006720529388210015
-0.35741860924965574, -0.3957357276594175, -0.01305119783251179, 2.5658171755848427, 1.7920362538340702, -0.006582420128057725
-0.35741730014197426, -0.39574214250008133, -0.013060910852080183, 2.5657724759824116, 1.79205075647451, -0.006499995763736695
-0.35741736864812707, -0.3957671064174814, -0.013015884789761302, 2.565680841680494, 1.7921019323589562, -0.006652860668139452
-0.3574088635504399, -0.3957545163941597, -0.013039431304510027, 2.565712553420552, 1.7920553517507536, -0.006611883258863228
-0.3574188133749725, -0.39575293197169514, -0.013011850982567212, 2.5657390803153413, 1.7920735604282512, -0.006635036153132476
-0.3573977038376535, -0.3957498504027479, -0.013032928171497938, 2.56574155966397, 1.7921439171226818, -0.006582075242049023
-0.3574240423830794, -0.39575167484453994, -0.013026296455713855, 2.5657879576869496, 1.791993411823486, -0.006610079313941854
-0.3574088150850829, -0.39575877624335754, -0.01302961684565111, 2.565766973467586, 1.792070626130751, -0.006607835259117508
-0.35742334616462357, -0.3957358870426584, -0.013027454794281818, 2.565765075939904, 1.7920461602320779, -0.0066179020628642045
-0.35741647581930247, -0.3957633802620114, -0.013034542429976181, 2.5657774992653053, 1.7920088072913998, -0.0066091507848695715
-0.3574173368283398, -0.3957546403535825, -0.013021089170405733, 2.565738757745855, 1.7920279012767644, -0.0066356920986457195
-0.3574078710639194, -0.3957694862288386, -0.013029113342872095, 2.5657544887793855, 1.7920619664987965, -0.00665917807556908
-0.35739896189494363, -0.39575630207991513, -0.013033670227955383, 2.565736790186365, 1.7920952315454954, -0.006600228496773468
-0.35740914595928475, -0.395757161918852, -0.01303584309788137, 2.565801648067203, 1.7920488899609668, -0.0065985400802879846
-0.3574293857033385, -0.3957629534099362, -0.01302776698352743, 2.565773028971525, 1.7919606917149697, -0.006670767891808563
-0.3574022627506719, -0.39575181419325683, -0.01302972406047334, 2.5657317531207555, 1.7920919405328668, -0.006575602253951216
-0.3574289397422186, -0.3957477281569967, -0.013008420049568873, 2.5657604778182797, 1.791997698632096, -0.006678102992065476
-0.3574222133665731, -0.39575653364207375, -0.013029113342872095, 2.5657548272547457, 1.7920617478354697, -0.006659854170471303
-0.35742824581566235, -0.39574860890837144, -0.013035296886832286, 2.5657749942008423, 1.7919847865471934, -0.006619675111154646
-0.35740567339900464, -0.39575982769532814, -0.013018045790034745, 2.565738324210483, 1.7920283255515854, -0.006635230728757297
-0.3574043963220081, -0.39574895628755913, -0.013041047012745841, 2.5657630398239704, 1.792113361732206, -0.0065821575482513245
-0.3574193774287286, -0.3957495288510157, -0.013029627578761907, 2.565797827643964, 1.7920456547417039, -0.006615877980420856
-0.3574232530831641, -0.3957336332811196, -0.013024670042917257, 2.5658142860831514, 1.7920117256346417, -0.006591307543665158
-0.35740296245187236, -0.39574009842804886, -0.013033787982491043, 2.5657429959887352, 1.7920762063208582, -0.006575849712537521
-0.3574128686003666, -0.39574690093912596, -0.013042907748293617, 2.5657556225886777, 1.7920392599060977, -0.006568135767704478
-0.35741487344027806, -0.3957584440960119, -0.01303759836334136, 2.565737029123568, 1.7920945912589201, -0.006601306884240881
-0.35741765842598167, -0.3957530316104653, -0.0130273153958069, 2.5657625754020548, 1.7920215638836214, -0.006626431314942746
-0.35741601436452447, -0.39574805088276244, -0.013025422758172664, 2.5657757051725323, 1.7920305646252757, -0.0066172773793600525
-0.35741270426940674, -0.39575254439710983, -0.013029368830895859, 2.565769885192367, 1.7920492541493849, -0.006641938976142361
-0.3574204106616849, -0.3957577772010921, -0.013024016378373186, 2.5657689810245974, 1.792003131484871, -0.00664388945980123
-0.3574060683139324, -0.3957707297225088, -0.013024016378373186, 2.5656828219065235, 1.7921265739016379, -0.006644111882009725
-0.3574021342508882, -0.3957515382307659, -0.01303987488820589, 2.5657319258384437, 1.792092049152081, -0.006575750267645966
-0.35740872125679046, -0.3957731112284912, -0.013015485755594443, 2.565679179842032, 1.7921242660312415, -0.0067034144034306305
-0.3574162186396581, -0.3957403326814661, -0.01302857338862622, 2.565772645232784, 1.79200580918947, -0.006584940551812861
-0.3573913190505819, -0.39575115005972494, -0.01304392514004079, 2.5657696429920405, 1.7920949557579058, -0.006599370098317956
-0.35741333576723733, -0.3957558159932846, -0.013028466186850366, 2.5657329433978306, 1.7920918950961273, -0.0066175099397352746
-0.3573969299752168, -0.39574476243076007, -0.013046456006689872, 2.5657503658247838, 1.792081647644515, -0.006500120810365943
-0.35741666535768446, -0.39575344370461757, -0.013032380243491015, 2.5657430679179423, 1.7920307894335867, -0.006618879179108116
-0.35742217546018706, -0.39575278048351503, -0.01302627500445003, 2.5657163780257384, 1.7920580737914371, -0.0065950889011599624
-0.35740962275661303, -0.3957515323726638, -0.013041778407257768, 2.565749716468808, 1.7920578957821176, -0.006592723009716323
-0.3574083645787686, -0.39574508078936327, -0.013041036280016264, 2.5657865770896504, 1.7920605056270884, -0.0065742342344167455
-0.3574185150629614, -0.39574209014820233, -0.013042918413561989, 2.565785918181554, 1.792014810007192, -0.006575873493729648
-0.3574267734933381, -0.3957375028617851, -0.013026584150110569, 2.5658085404628563, 1.792030427798464, -0.00661620365402121
-0.3574139579264548, -0.39573429868361204, -0.013032896040112306, 2.565789909056437, 1.7920175821943365, -0.006558821695554936
-0.3574170832171831, -0.39573964465948847, -0.013033659468939987, 2.5657816646246077, 1.7920119998006971, -0.006592752329731087
-0.35740019124392247, -0.39576063795292216, -0.013026552017951474, 2.5657382865892284, 1.792073594300464, -0.006592161635402708
-0.35740922539344266, -0.3957363410176442, -0.013027583418933023, 2.5657692643417827, 1.7920488310372975, -0.006600550935961953
-0.35740475484148165, -0.3957662481662448, -0.01303121602164135, 2.5657348470083083, 1.792071371911197, -0.006651620674415729
-0.35740361538707555, -0.39575190351684, -0.01303874564079463, 2.5657368107671257, 1.792095467452155, -0.006600526670461311
-0.3574019863347114, -0.39574914101470715, -0.01304216562141572, 2.5657492220722724, 1.7921038064711414, -0.0065496430880890985
-0.35741910509912744, -0.39576143547256315, -0.013017832886463108, 2.5657381762466187, 1.792095642742914, -0.006684482613808785
-0.35743001760822435, -0.3957597184117634, -0.013005849724259584, 2.5657594023198422, 1.7919743704058249, -0.006771072427684694
-0.35741453118613636, -0.39575351361203087, -0.013039778602706371, 2.565755208256146, 1.7921071179028265, -0.00661624975610294
-0.3574144047437399, -0.39574740972704486, -0.013036702945963798, 2.5657709929226353, 1.7920272552253282, -0.006592649002280906
-0.3574117728727067, -0.395750918369178, -0.013023999697947921, 2.565718557724548, 1.792105142386985, -0.006676979702295608
-0.35741173290401557, -0.3957529932902744, -0.01303438805263258, 2.565771640559846, 1.7920276005721663, -0.00663484051613511
-0.3574033230254912, -0.3957638024564326, -0.013021957022080227, 2.565730593038061, 1.792068561125384, -0.0066684991473386235
-0.35740704065845047, -0.39574710721227213, -0.01303987488820589, 2.565785913459201, 1.7920146236515544, -0.0065754177592252955
-0.35740889955095634, -0.39573574804520617, -0.013050412836049465, 2.5657967628810026, 1.7920447811265499, -0.006532824840565004
-0.357423603414018, -0.39573414022140563, -0.013038756280231554, 2.5657675510258393, 1.7920706453795197, -0.0066089387608032945
-0.3574149169944938, -0.39575204274831516, -0.013040929222597683, 2.565768278049984, 1.7921160344410403, -0.006607026264536335
-0.35741972969019475, -0.3957442077620411, -0.013030487463814803, 2.56578823823855, 1.791993681828908, -0.006609534919318967
-0.35741248959024474, -0.3957478332712887, -0.013031376561888613, 2.565755641463387, 1.792107630186092, -0.006658572080405027
-0.3574218474891581, -0.395755921618488, -0.013012579905480735, 2.565774409417319, 1.792007096950565, -0.0067102461602545765
-0.35740228847289146, -0.39577443479329977, -0.013024027137781747, 2.5657347674586837, 1.7920710548148429, -0.0066512538658768175
-0.35742670926411685, -0.39573736493075096, -0.013031659614654027, 2.565776430594936, 1.7920767110901925, -0.006616613853803559
-0.3574249650200847, -0.39575101435836024, -0.013023860380249552, 2.5657482937520175, 1.792034800133397, -0.00668614432587211
-0.3574062955505202, -0.39576310476942395, -0.013017142912338287, 2.5657011870277717, 1.7920710574943879, -0.006610726687388491
-0.357394013380038, -0.3957563954412172, -0.013046058151922132, 2.5656878982636133, 1.7921069967724532, -0.006535572557132847
-0.35740526806585493, -0.39574185035322307, -0.013048132887198227, 2.5657456965091634, 1.792100576248858, -0.006566971366709128
-0.3574319986870095, -0.39575081715037363, -0.01301159587356254, 2.5657695315209423, 1.792003871245163, -0.006685926856642126
-0.3574215966133353, -0.3957431021224691, -0.013030508862645833, 2.5657525692333794, 1.7920830123799505, -0.006625648996621982
-0.35742778149416654, -0.3957558977678672, -0.013015485755594443, 2.565754612887248, 1.7920163131822648, -0.006703528449056623
-0.357407023525158, -0.39575774099659755, -0.013021708904428603, 2.5657330761194617, 1.7920478003285347, -0.006702598076245064
-0.35742210857756396, -0.39575859825660004, -0.013007411747945806, 2.565762670546596, 1.792021733279637, -0.006669232164327735
-0.3574093738874021, -0.3957698883163999, -0.01302793841573554, 2.5657163503769205, 1.7921268082566506, -0.006685081589401914
-0.35740030072797746, -0.395756493959244, -0.013040144325071168, 2.565725966215799, 1.792155911773976, -0.006557427621549677
-0.3574076721603399, -0.3957503788154884, -0.013038972280457715, 2.5657596328527528, 1.792041956617002, -0.006550877343986497
-0.35741216126097414, -0.3957516236049236, -0.013030508862645833, 2.5657740225895815, 1.7920520340567534, -0.0066249779412394134
-0.3574268815739202, -0.39574197489646407, -0.013034681718996608, 2.565779933878955, 1.7920335851824793, -0.006600845815454524
-0.35741956227705335, -0.3957708262017631, -0.0130112788285629, 2.565674893757505, 1.7920752420282466, -0.006721269420747388
-0.3574040080232421, -0.3957482511858573, -0.013034537916005303, 2.5657826295939397, 1.7920587055788906, -0.006633375059484569
-0.35741462622149767, -0.3957499393526226, -0.013029336766454213, 2.5657536987705467, 1.7920155056295488, -0.0066187590588359
-0.3574131961898259, -0.39576628428541827, -0.013022897719984364, 2.565739538529874, 1.7920746214209784, -0.006676400805329841
-0.35740590501794156, -0.39576822768334124, -0.013023860380249552, 2.565705056756609, 1.7920965251784164, -0.00668569281703239
-0.35741836009440625, -0.39574772811843806, -0.013029379563937545, 2.5657896094524646, 1.7920401727255777, -0.006649866000035772
-0.3574220930658883, -0.39575849326352547, -0.013004964916687563, 2.565724750747431, 1.7920414624855199, -0.006737368583630234
-0.35740463267493555, -0.39575370426952844, -0.013038993704789505, 2.5657343671637793, 1.7921162561810033, -0.006566650059868919
-0.35742617942000304, -0.395753131578829, -0.013011429169351316, 2.5657184180640398, 1.7920598997331547, -0.00672014299718356
-0.35741719640298797, -0.3957603257094321, -0.013007301366290908, 2.5657314223980467, 1.7920685479386436, -0.006710394838354029
-0.3574172150266481, -0.3957645611169385, -0.013030701692156837, 2.5657458731999916, 1.7920100681461038, -0.006695486336348621
-0.35741840709612815, -0.39573761821701475, -0.013034820873777279, 2.565814524633589, 1.7920116526843748, -0.006591231685857756
-0.3574173551915217, -0.39575410154496415, -0.013010505693042606, 2.5658054500396466, 1.7920283990248975, -0.006716421394554835
-0.35740899607344223, -0.3957483523811244, -0.013040133685585693, 2.565749634280119, 1.792103145760922, -0.006549804607856347
-0.35741658669569437, -0.3957742896239976, -0.013006224637427, 2.5657244884377626, 1.7920418742957998, -0.006736182498275138
-0.3574081141022165, -0.3957720525792005, -0.013021701406423981, 2.5657262611150093, 1.792065565323025, -0.006686078265139314
-0.35741062264037804, -0.39574893886673956, -0.013031355215221073, 2.5657591151478667, 1.7920645283109458, -0.006642794646131671
-0.35742208653426477, -0.3957628456423, -0.013015884789761302, 2.565755935288671, 1.791994198085827, -0.006652296609014498
-0.3574128831543569, -0.3957549728239166, -0.013027032486865433, 2.5657525116738022, 1.7920374470852587, -0.00666880105490435
-0.3574156361544811, -0.3957597748630062, -0.01301375495165802, 2.5657268822708588, 1.7920653597975102, -0.006685094352781529
-0.35741493973485133, -0.3957380770497036, -0.013046079627780207, 2.565749088881374, 1.7920576057216353, -0.006551576338952572
-0.3574209151263619, -0.3957521569238414, -0.013038759742719815, 2.565801913408178, 1.7920483510471776, -0.006599674875507546
-0.35741834955637897, -0.3957352987391169, -0.013034537916005303, 2.565761538837418, 1.7920892547075546, -0.0066342738126048415
-0.3573988030396553, -0.39576252638390313, -0.01303046601299615, 2.565705619371223, 1.7920738418867448, -0.006593754644983209
-0.35742138437961896, -0.39574056697407745, -0.013037875083633672, 2.56580214841548, 1.7920485952783465, -0.006599279016477431
-0.35740458280904186, -0.3957616381908588, -0.013028193917420524, 2.5657313431989555, 1.7921144968826943, -0.006667390708404683
-0.3574152334600247, -0.3957509980586649, -0.013023121256871637, 2.5657494748890954, 1.7920126717688432, -0.0066356459386244186
-0.35740152693816696, -0.3957504793370178, -0.013046090292920505, 2.565746917323086, 1.7920794227656425, -0.006558750478921565
-0.35740819096234755, -0.395749086838064, -0.013032519449892947, 2.565702498131308, 1.7921167733798298, -0.006610051785151254
-0.3574050015641894, -0.39574360283590626, -0.013036831411182094, 2.5657644549080523, 1.792045415114068, -0.006575633736063949
-0.3574158233465555, -0.3957666033260484, -0.013022089676868543, 2.5657190070884774, 1.7920368810234728, -0.006627707484540375
-0.35740842925169536, -0.3957602470897894, -0.013028466186850366, 2.565743242167768, 1.792077017285491, -0.006617169642339781
-0.3574144859896581, -0.3957577954778294, -0.013021110595642475, 2.565756672000111, 1.7920402060160656, -0.0066510220179187285
-0.35741379742419555, -0.3957463508807726, -0.013042918413561989, 2.565775216552639, 1.7920300890430922, -0.006575761914332787
-0.3574073263684689, -0.39574977483924406, -0.013027433369559858, 2.5657364435512404, 1.792048894768379, -0.006601789818038099
-0.35739353466061974, -0.3957556126500131, -0.013042122721279307, 2.565724040144318, 1.7920636479108962, -0.006518201001298354
-0.3574169032152266, -0.3957495756959192, -0.013035821725279792, 2.5657626672539537, 1.792066922612629, -0.006583661530670609
-0.3574119469050422, -0.3957619407100683, -0.013025021823804377, 2.5657592803253544, 1.7920655922104305, -0.006684173340977479
-0.35740418011071085, -0.3957528611596616, -0.013037560020740968, 2.565732508023965, 1.7920925764815967, -0.006618166200253159
-0.3574125540920973, -0.3957629993863944, -0.013018806238655324, 2.5657550563369287, 1.792062757654538, -0.006701060198970676
-0.3574196654321646, -0.3957440697779819, -0.013035562926916652, 2.5657775572774093, 1.7920091967506175, -0.0066097217167551195
-0.3574177672095629, -0.3957240931189427, -0.013046239981813808, 2.5657800741878085, 1.7920791396500904, -0.006558185605948252
-0.35740460177480426, -0.3957363527864166, -0.013038728510199075, 2.5657726116140247, 1.792073853761045, -0.006633170340860207
-0.35741636205825206, -0.3957463817019351, -0.013034150525187312, 2.5657616287266363, 1.7920437439986614, -0.006676902264773376
-0.35740057987564433, -0.39577142952269095, -0.013030075963875567, 2.565720007120513, 1.7920838703926623, -0.006668469746326395
-0.35742523354588696, -0.3957434340816504, -0.013021935597019424, 2.565745147511212, 1.7920099915543786, -0.006653733987079883
-0.3573995691209548, -0.3957573608526938, -0.013027454794281818, 2.5657325664732133, 1.7920923973835858, -0.006617115480679427
-0.35740708581978486, -0.3957579815103639, -0.013013883171100783, 2.5657708225469795, 1.7920279636611491, -0.006634313800324354
-0.357422326290038, -0.39575670448611266, -0.013016515326117679, 2.565770357968296, 1.7920043711316005, -0.006727280937120658
-0.3574276930024762, -0.3957353154128505, -0.013031616817330475, 2.5657726500729976, 1.792005995626079, -0.006585396878959977
-0.35743436615743723, -0.39575053120747056, -0.013015507129192727, 2.565761842915387, 1.7920441356276176, -0.006719417934442071
-0.35742186313548585, -0.39574134974042774, -0.01304181053831752, 2.565808758607766, 1.7920305621288957, -0.006616203029850801
-0.35740869392616054, -0.3957520824198322, -0.013041767741969508, 2.565730015823877, 1.7920672196101664, -0.006585097980166225
-0.35741172436911384, -0.3957659135461808, -0.013024027137781747, 2.5657347431543434, 1.7920712653757367, -0.006651701658435532
-0.35741645626427276, -0.39576972429096513, -0.013008151354895294, 2.5657423324740383, 1.7920541700978272, -0.006752478560306033
-0.35741866734103395, -0.39574826168200244, -0.013011330822791491, 2.565783289329874, 1.7920132818715284, -0.00671879484384902
-0.357398598999673, -0.39572227631817886, -0.013053524359925585, 2.5657789493366527, 1.7920327064213064, -0.006517463478158261
-0.35742091866476833, -0.39575647167638106, -0.013012569265343431, 2.5657761366681013, 1.7919856537305263, -0.006702395992663859
-0.3574059308310629, -0.3957580810574849, -0.01302934743202487, 2.565740799977911, 1.7920528103996647, -0.006626269114291482
-0.3574295696845632, -0.3957465824748467, -0.013036458343804912, 2.56575423048175, 1.7920614357825704, -0.0066187154708464814
-0.3574286391627669, -0.39574501308666027, -0.013021110595642475, 2.5657887774937618, 1.7919943695369465, -0.006651357016972142
-0.3574001907388732, -0.39573093213090405, -0.01306082907390511, 2.5657994978005956, 1.792069301055864, -0.006523019638094806
-0.3574103074510817, -0.395765686187041, -0.01302008085622078, 2.565761861424024, 1.7920217182301865, -0.006626514920329987
-0.3573991981791938, -0.39576105004260814, -0.013031616817330475, 2.5657187789308815, 1.792082819290652, -0.006584609196158738
-0.3574099701293693, -0.39575216186515516, -0.013018902882394127, 2.565743373013364, 1.7920312190653909, -0.006660903149343475
-0.35741199257820905, -0.39575342220081305, -0.013051048253790295, 2.5657736533482454, 1.7920515966226107, -0.006583548003326697
-0.3573996550142618, -0.3957574068349379, -0.013059498556813882, 2.5657346754177683, 1.7921164472281648, -0.006566726187394077
-0.3574150289844288, -0.39575871624636705, -0.01301997053838746, 2.5657418736327613, 1.7920527335697127, -0.0066680946117796845
-0.35741333576723733, -0.3957558159932846, -0.013028466186850366, 2.565754372283801, 1.7920611273784557, -0.006617285678407721
-0.35740247274079645, -0.39576017729808527, -0.013035584325503814, 2.5657416155652064, 1.7920985645279928, -0.006624936021280562
-0.3574275383764874, -0.395753331505694, -0.013022897719984364, 2.565761305634725, 1.7920436349263575, -0.006676852840132618
-0.35740555921165673, -0.39575898193433684, -0.013052230939003737, 2.5657382400745505, 1.7921872109204458, -0.00659802585247804
-0.35741620739325697, -0.39574616607223123, -0.01304179980556109, 2.565778373515298, 1.792054951085614, -0.0066083877183617246
-0.3574015438967984, -0.3957607273228776, -0.013035573685938846, 2.5657433439805386, 1.7920771208563666, -0.006617086218383117
-0.3574250743722947, -0.3957468704745338, -0.01303745295045432, 2.5657681730022883, 1.7920708893109436, -0.00665107353243538
-0.35741425678290584, -0.39574501253822225, -0.013038993704789505, 2.5657561993802624, 1.792085087338217, -0.006566877381281785
-0.3574031124245102, -0.39574890786587963, -0.013029497419842091, 2.565730828724575, 1.792114100623815, -0.006625254950105297
-0.3574224252916753, -0.39574669030504234, -0.013016927158043022, 2.5657524803693805, 1.7920376603722499, -0.006668422566980623
-0.3574096235918594, -0.39571812170090975, -0.013052604770866498, 2.565838572053068, 1.792050932395005, -0.006539388373461006
-0.3574232500041178, -0.39574807729876715, -0.013032401668200022, 2.5657717251527696, 1.7920278443207698, -0.006634543957917514
-0.3573910864235602, -0.39576754464437697, -0.01303277824826914, 2.5657086984719513, 1.7921439510684571, -0.006583091373624686
-0.3574336494276241, -0.395753616118424, -0.01300812998097327, 2.565756953141295, 1.7919954204544621, -0.006737487998675984
-0.35740686895689505, -0.3957575255215447, -0.013029358191189677, 2.565717732230435, 1.7921050829074117, -0.006634420692182694
-0.3574126532066671, -0.39576536351051256, -0.013024037777729291, 2.565711479373636, 1.7921236295882002, -0.006659776815310661
-0.35741778113687156, -0.3957634618236306, -0.013016671442439195, 2.5657806872557956, 1.7919877658402277, -0.006685212943473624
-0.3574174422258667, -0.39575693634205406, -0.013023828169717073, 2.5657320416107594, 1.792000780637348, -0.006662438850974762
-0.35740006959285414, -0.39575818053428435, -0.013031344575622286, 2.565706920782375, 1.7921203280734113, -0.006635053223580521
-0.35740384924670876, -0.3957544755012585, -0.013031333816565939, 2.5657192621452882, 1.7920835446632692, -0.006627237819441445
-0.3574145836855771, -0.3957498381990348, -0.013034366628139414, 2.5657536196292345, 1.792015448757558, -0.006619511503140566
-0.35742829584975655, -0.39574002609638764, -0.013033269380154873, 2.56579613611537, 1.7920220857337537, -0.006667913915009287
-0.35742067726824894, -0.3957560249324836, -0.013035318311525157, 2.565760885477184, 1.792042985292375, -0.006635116453244367
-0.3574133679580018, -0.3957434877695211, -0.013028594813308236, 2.5657906663811785, 1.7920179615517269, -0.006600269359297692
-0.3574211615549749, -0.39574665328344905, -0.013039746471319898, 2.56578172454915, 1.7920119527017078, -0.00659276892819914
-0.35742110254779036, -0.39576489522851305, -0.013015927589196827, 2.565748948600322, 1.792080371741812, -0.006683629576994103
-0.3574001436412278, -0.39577074778457294, -0.013021110595642475, 2.5656812792642136, 1.7921481878101535, -0.00665113145116006
-0.35742236225780094, -0.39575078520754603, -0.013040205560383895, 2.565756162566808, 1.7919946416698476, -0.006653627444700199
-0.35741543704868456, -0.395768026120889, -0.013005152967267588, 2.5657505183003226, 1.7920596743885122, -0.006718480117147472
-0.35739617093912274, -0.3957660347842485, -0.013017762811866212, 2.565706700893867, 1.7920748857839515, -0.006677523866499141
-0.3574152438121521, -0.39575686836789475, -0.013036302172544216, 2.5657550376663942, 1.792061701264063, -0.006659772270963335
-0.3574187099677391, -0.39576291177667533, -0.01301668208254781, 2.5657464449093377, 1.7920558973064296, -0.006693403791141612
-0.35740606814995823, -0.3957433231860681, -0.013026691439246394, 2.5657733043835647, 1.7920515043445635, -0.0065833010807757825
-0.3574080692441309, -0.3957407753485757, -0.013058499609266553, 2.5657484728422735, 1.7920570461877123, -0.0065097637213506745
-0.35741219338968533, -0.39573929537406455, -0.013030637438849094, 2.5657674595382134, 1.7920704044264242, -0.0066084096517394966
-0.3574200258509939, -0.3957527456341756, -0.013031226661355045, 2.5657763141673757, 1.792031060643506, -0.006659698261061906
-0.3574057181698477, -0.3957405175462432, -0.013044208146373946, 2.5657693413008853, 1.7920941310749405, -0.006557562374989547
-0.3574193733766812, -0.39575596863764106, -0.013018774105867078, 2.565749910832454, 1.7920130592213541, -0.006677918379639276
-0.3573907163226414, -0.395746439355457, -0.013042272574303777, 2.5657675878912425, 1.7920480962973544, -0.006516626444132634
-0.3574052254474351, -0.3957417490542874, -0.013053162646781939, 2.5657670466851767, 1.7920697517274415, -0.006567499848787123
-0.3574246980212611, -0.39577327638562454, -0.012998797396293392, 2.5657335773246746, 1.7920471791198402, -0.006744682242988384
-0.35742458541329075, -0.3957525956229473, -0.013025156423415084, 2.5657838202326575, 1.7919906322546062, -0.00662704029857054
-0.35741592911318465, -0.3957522368704396, -0.013011581642757303, 2.565744995613751, 1.7920096701931925, -0.006653134227474872
-0.3574082551990025, -0.395749224792218, -0.013027444035123792, 2.5657453764777163, 1.7920550311006438, -0.0066095277368440975
-0.357404780577472, -0.3957561014619505, -0.013036702945963798, 2.5657385000943798, 1.792073731404741, -0.00659253291032512
-0.3574129406567878, -0.3957572923328791, -0.0130273153958069, 2.5657197839361516, 1.792082917629187, -0.006626655873659342
-0.3574165573839715, -0.39574897166830014, -0.013024282726403366, 2.5657609069432405, 1.7920430923864723, -0.006634350032907838
-0.35740991091352026, -0.3957498166089727, -0.01305303448933062, 2.565741453957042, 1.7920976383713343, -0.006584627704786495
-0.35741570176243137, -0.3957393515635407, -0.013032215042084554, 2.565760210247394, 1.7919974918606136, -0.006636641665240917
-0.35741294737907164, -0.3957551107569895, -0.013021957022080227, 2.565741764526296, 1.7920527002299649, -0.006668838758121676
-0.3574213405257908, -0.3957490817533148, -0.013037410153508466, 2.5657322622238143, 1.7920462215333257, -0.006619968206095347
-0.357411181379115, -0.39576499275968624, -0.013025167182803587, 2.5657388806247674, 1.792074045275645, -0.006634740727948805
-0.3574129406567878, -0.3957572923328791, -0.0130273153958069, 2.5657518735767217, 1.7920368426711246, -0.006626319593804618
-0.3574194531684576, -0.3957415345779166, -0.013042929172421483, 2.5657949404985305, 1.7920210077787382, -0.006583688650831546
-0.35740975129626446, -0.39575180839631946, -0.013031627482861385, 2.5657495437514655, 1.7920577871630285, -0.006592574994866223
-0.3574130351251733, -0.3957509300712942, -0.013035595058402887, 2.5657724701436493, 1.7920735935143852, -0.006632978881328317
-0.35741897440570103, -0.3957407518001425, -0.013038993704789505, 2.5657989912689514, 1.7920237329817108, -0.0065666534028488615
-0.35741490207497845, -0.395749824475234, -0.013035616378879306, 2.56577965743276, 1.7921013881511272, -0.006648644858467248
-0.3574155735628938, -0.39575102118659466, -0.013024325420399285, 2.565764686380973, 1.7921138068865234, -0.006665569321513816
-0.3573948513001845, -0.39576162135949794, -0.013027454794281818, 2.5657110962706, 1.7921231362431798, -0.006617116596363813
-0.35743535005120286, -0.39574848159567627, -0.01301546433000858, 2.565747293777319, 1.7919888838980753, -0.006688312267558149
-0.3574158433161974, -0.395747673759883, -0.01304060354608355, 2.5657543702403385, 1.7920613843393687, -0.00661840210641296
-0.35742532114273323, -0.395739253394167, -0.013035573685938846, 2.5657972813233654, 1.792000115276579, -0.006617648538014209
-0.3574053620528569, -0.39576730691370654, -0.013025000450757593, 2.5657631384195128, 1.7920218498504936, -0.00666816671732533
-0.3574156926942031, -0.39574748898105827, -0.013013635206708986, 2.56574157940395, 1.7920528491922445, -0.006668978035252702
-0.35739617821534186, -0.3957261804441562, -0.013065003078201689, 2.565809495546525, 1.7920532260175563, -0.0064819882304987374
-0.35741919613693063, -0.3957556597062732, -0.013036447584681579, 2.5657666613918364, 1.7920242599591722, -0.0066102284471970365
-0.3574235827218568, -0.3957406349699465, -0.013025401333233249, 2.565747064059598, 1.7920337482953546, -0.006602284102772297
-0.3573997219623363, -0.3957575505605483, -0.01305422008287897, 2.5657239240310235, 1.792131697867156, -0.006566760648737171
-0.3574197534413136, -0.3957646521931983, -0.013019431866189405, 2.565727323133239, 1.7920657407059974, -0.006728190781743675
-0.35740847658448366, -0.3957517543129565, -0.013020077876500577, 2.5657495104798778, 1.7920125135706353, -0.006635412783650613
-0.3574077403086785, -0.3957546559555209, -0.013029085845444951, 2.5657701605387024, 1.792050287259271, -0.0066841921419628254
-0.35741236560764894, -0.3957439053750176, -0.013033659468939987, 2.565738873178239, 1.7920733538561597, -0.006592976698805756
-0.3574285749454681, -0.39574487517670964, -0.0130261861105684, 2.5657674359802827, 1.7920251921206471, -0.0066516554707114345
-0.35741866953094253, -0.3957671001893466, -0.013029936623293478, 2.5657607829297198, 1.7919975769783396, -0.0066776722855860365
-0.35740615184994395, -0.3957455824302498, -0.013029476021202043, 2.565745432873471, 1.7920551089589338, -0.006609593445306555
-0.3574078843471028, -0.39575291399094586, -0.013031606032082676, 2.5657747652281686, 1.7919834583654293, -0.006576569011469165
-0.35741233155020286, -0.3957669722122356, -0.013017811512946268, 2.5657197516638224, 1.7920838915119985, -0.00666870135729193
-0.3574042226559946, -0.39575296233475493, -0.013032530208928429, 2.5657325871592866, 1.7920926333621625, -0.006617413749656004
-0.35743086501114, -0.3957611989051202, -0.013011300254435755, 2.5657785361784984, 1.791964713584197, -0.006736371770697579
-0.3574193246301222, -0.39575593564303424, -0.013026296455713855, 2.5657558277768295, 1.7920394587570072, -0.006610192108175832
-0.35743259767996133, -0.3957437361625855, -0.013018763440006527, 2.565740994921984, 1.7920071630086687, -0.006670853169450432
-0.3574298074295909, -0.39574271442520365, -0.013039899736729253, 2.565795364230088, 1.792066648412442, -0.006583270862077773
-0.35740808411842473, -0.39574884760465223, -0.013042624672979753, 2.5657561310405614, 1.7920397754979858, -0.0066103165273586765
-0.3574241788216798, -0.39574752722933637, -0.013032412307893051, 2.5657913189597785, 1.7920186728143233, -0.006642170310658864
-0.35741763129983467, -0.3957530352757875, -0.013034792041539062, 2.565725360589822, 1.7921095396455144, -0.006559832194604275
-0.3574123898470893, -0.3957461181558961, -0.013038972280457715, 2.5657703344752645, 1.7920266776202987, -0.0065509889790826585
-0.35741166861881535, -0.3957528552524046, -0.013039463513802934, 2.5657609594701074, 1.7920431154524443, -0.006635027261761315
-0.35741840682440534, -0.39577087783732107, -0.013010957281235826, 2.5657430759656585, 1.7920547986393367, -0.0067942125880114425
-0.35741710039651203, -0.39574989244213715, -0.013023142681890927, 2.5657353411230104, 1.7920710805077718, -0.006651535507007601
-0.35740604024658706, -0.3957539370285553, -0.013042939811825366, 2.5657177128749686, 1.7921505880448299, -0.006591648122843267
-0.35741062516040306, -0.3957511148628555, -0.01303671370496592, 2.565737223296484, 1.7920948069676108, -0.006600688472295042
-0.35739978390124794, -0.39575551281938276, -0.013043786090625058, 2.565777820286828, 1.7920552901612712, -0.006608457754868987
-0.35740361538707555, -0.39575190351684, -0.01303874564079463, 2.5657582398013976, 1.7920646997618255, -0.006600302506430674
-0.3574142691206129, -0.3957282637044166, -0.013062864821297262, 2.5658124365354116, 1.792078272664837, -0.006514937153167647
-0.35740439425642834, -0.39574254398111247, -0.013043046767564351, 2.5657365880250764, 1.7920943237614444, -0.006559082353643178
-0.35740929869170807, -0.3957509652413897, -0.013030193771522721, 2.5657370224869975, 1.7920494148394284, -0.006644202103720467
-0.3574107798048876, -0.39575133046222377, -0.013029064472833047, 2.56574190727571, 1.7920528323990417, -0.006668978477774733
-0.35741918597669786, -0.39576543872928854, -0.01303631065641649, 2.565643608162136, 1.7920546271027054, -0.006942415487884336
-0.357408893034798, -0.3957507083058075, -0.013317102937812162, 2.5656894192520197, 1.792039782359323, -0.0067759005345132
-0.35738117258049956, -0.39572604724611726, -0.013730061884569416, 2.5657561205895147, 1.7919941962472452, -0.0067119311741917
-0.3573685984252488, -0.39567440229896117, -0.014225190375319632, 2.5657601404560384, 1.7920873023674735, -0.006607134449051606
-0.3573247121471634, -0.3955933574784929, -0.01488909856372349, 2.565881329935054, 1.7921238199073752, -0.006298183720336468
-0.3572894969598245, -0.39552655444361445, -0.015612763264816726, 2.565914198405868, 1.7921234777795845, -0.006314086780110298
-0.35726091960422923, -0.39548550989776415, -0.01642625978938069, 2.5658569664636492, 1.792131080174139, -0.0065293120479557685
-0.3572264580726085, -0.3953857728913969, -0.01737981364374236, 2.566028357845552, 1.7920417359213374, -0.0062598248568803356
-0.3571916894957856, -0.39532211747495183, -0.018421543189776755, 2.565977477182778, 1.7920300713511303, -0.0064694013847459075
-0.35714476790280325, -0.3952581709460077, -0.019415890064058562, 2.5659330851843074, 1.7920457215765953, -0.0066936609554853945
-0.3570954020482038, -0.3951790466897508, -0.02031750824153545, 2.565986520502173, 1.7920830802751595, -0.00659250584328275
-0.3570911302686762, -0.39513218629203023, -0.02103309984983845, 2.5659574045096, 1.7920628872545628, -0.006730462844744741
-0.35705290532013195, -0.39508342367696647, -0.02166965281370596, 2.566047807594692, 1.792056120575557, -0.00663320507707919
-0.3570413533112996, -0.39506496005443675, -0.022130829359188108, 2.5659417350516645, 1.792030274127458, -0.006931040853773182
-0.35702914476125697, -0.39502288760488713, -0.02254474725247344, 2.566041937030249, 1.7919852194111203, -0.006907910438569792
-0.3570133289293917, -0.395000652727411, -0.022798817837991828, 2.565953698123928, 1.792038814514491, -0.006938603911765673
-0.35700330801692043, -0.3950034793620092, -0.02295612785665327, 2.5659888843192644, 1.7920406919658092, -0.006938209597848055
-0.35701096974475044, -0.39496640848259223, -0.023018073728482958, 2.5660132434437157, 1.7920343262337501, -0.00688978408075465
-0.3569924983804164, -0.3949888501737535, -0.023020216923870733, 2.5659804660460614, 1.7920349144360697, -0.006889066601654201
-0.3570004690178121, -0.3949751978730226, -0.023023173778735754, 2.566036684930355, 1.7919818516501291, -0.006880590347433957
-0.35701060070236457, -0.39498024441347357, -0.023009415978341087, 2.565979450743147, 1.7920114598444392, -0.006982773580130074
-0.3569980419522376, -0.39495858104662945, -0.02303524286160854, 2.566019582274035, 1.7920158887373288, -0.006864343252184827
-0.35699159391128277, -0.39499157895556525, -0.023006126113921378, 2.565919827522897, 1.7920393532594263, -0.006959807446427206
-0.3570011536356053, -0.39498439178041794, -0.023006178291909846, 2.5659973350771663, 1.792023331164752, -0.006998556686066041
-0.357007228180381, -0.394984609967968, -0.02299654215129992, 2.565928840513248, 1.7920677489505221, -0.007059249940085723
-0.35700175131091044, -0.3949730234888815, -0.02302178048396639, 2.5659993160692127, 1.7920476261507141, -0.006947542576834596
-0.35700074197623893, -0.3949653792935763, -0.02301319734692741, 2.565931617022702, 1.7920703725202158, -0.00695870603735817
-0.3569922727232843, -0.3949797325738184, -0.02301625204728653, 2.5659673654068573, 1.7920946508900837, -0.006989835828489055
-0.35700043645234364, -0.3949793999377478, -0.023007048287230304, 2.5659788670193033, 1.7919654996525303, -0.0069837899853256915
-0.35699061044895203, -0.39498338767276825, -0.0230335062272332, 2.5659720628873903, 1.7920748372423698, -0.006880959931230871
-0.3569931187657028, -0.3949704882095639, -0.023037384957057934, 2.5659905962390743, 1.7920867483984593, -0.006896872193481443
-0.3569892606798429, -0.3949724581801281, -0.0230424080219113, 2.5659761970658366, 1.7920313723567647, -0.006865610328466455
-0.3569914084580564, -0.39497398554571855, -0.023035073474037424, 2.565955428034744, 1.7920627244593772, -0.0069074973182887914
-0.3569965027583214, -0.3949741447642287, -0.023022457040368143, 2.5660041476162196, 1.7920508255508143, -0.006972842203514126
-0.35699453948920823, -0.39496267313312616, -0.02304449097699684, 2.566035525197694, 1.792004042546766, -0.0068882642836605905
-0.3569914026392127, -0.3949718814677642, -0.023032051085795528, 2.565983048604778, 1.7920589366530335, -0.006881806373922067
-0.3570070482155661, -0.3949681940003278, -0.02302058815695489, 2.5659610773253214, 1.7919988028997984, -0.006925979369809921
-0.3569842163663018, -0.39498472849189886, -0.02301736090082655, 2.565976678597164, 1.7920326401712994, -0.006948946425497443
-0.35698677832883546, -0.3949660413508159, -0.023029816396079452, 2.56598093370308, 1.7920347785077122, -0.006890297362084086
-0.3570001650847634, -0.39497676182400904, -0.02301440404524437, 2.565974829265266, 1.7920080830447718, -0.0069579816713787315
-0.35700334505171977, -0.39498808920055933, -0.023018426597063074, 2.565961367784594, 1.7920669936058, -0.007015330617079151
-0.35701033415609845, -0.39498620685907965, -0.02301632252967626, 2.565959133526599, 1.7919746753789891, -0.006977083805724822
-0.35698793170976106, -0.39496588387836834, -0.02304169591291737, 2.5660133369168023, 1.7920339359960793, -0.006846449996105048
-0.3570052362984075, -0.39496887897326327, -0.023012780495730592, 2.5660158247210947, 1.792013413006705, -0.006922691974991752
-0.3570189647910178, -0.3949720415926021, -0.023014470563784493, 2.5659920068469173, 1.7919748248109848, -0.006975327916257437
-0.3570040826144607, -0.3949711030838299, -0.023025673961859245, 2.565989840290514, 1.791995698259978, -0.006941278803850215
-0.3569930469021197, -0.39498120236645806, -0.02301552327869291, 2.5659395452193663, 1.7920292737482268, -0.006925464035855361
-0.35699716021161554, -0.39496507040916795, -0.02304358987624773, 2.565994756099802, 1.7920897682179937, -0.006880204998213046
-0.35699158467254877, -0.39498722894376387, -0.023019697402531757, 2.5659933317372277, 1.7919984395337774, -0.006924187011837123
-0.3569953063422871, -0.3949684169531253, -0.023026975866368003, 2.565974074337671, 1.7920527736968528, -0.006874212193626989
-0.35699943438405696, -0.3949776533047958, -0.023031205084949904, 2.565957000911484, 1.7920410876188337, -0.0068996593356186325
-0.35699542874048873, -0.39498746759730247, -0.02301118051112977, 2.5659220200081663, 1.7920173252888556, -0.006952178739958073
-0.35701355947697055, -0.39497077148310267, -0.02301743796503258, 2.5660354780497507, 1.791958943787505, -0.006974223067475114
-0.35700215149924514, -0.39498014777699864, -0.023022482014170634, 2.565985541734163, 1.791992540990594, -0.006958628888651041
-0.3570160822751391, -0.39497504533887784, -0.023041433310519117, 2.566012047991064, 1.792010978554163, -0.00694019646923494
-0.3570028791777368, -0.39497491613680474, -0.023065759454585926, 2.5660437139603083, 1.7920546158250998, -0.006812136368914907
-0.35701656948179283, -0.39495286379772093, -0.02305832621501267, 2.5660755627628644, 1.7919623566155076, -0.006813855675256225
-0.35700622074090016, -0.3949623938912754, -0.023045677293453793, 2.566028291064005, 1.791976358221333, -0.00687297941751269
-0.35702531863810366, -0.39494318949628365, -0.023064531172022305, 2.566090423840163, 1.7919500949867735, -0.006797297893881428
-0.35700193192666774, -0.3949505382534353, -0.023106855269956636, 2.566084512908526, 1.7920143887101847, -0.006735946496822093
-0.35698771660219625, -0.39494477790672144, -0.023169119492251092, 2.566089234135365, 1.7920396101674008, -0.006542908235058008
-0.357007466220305, -0.39492223211698946, -0.023214954340833496, 2.5661850627534966, 1.7920135673524282, -0.0064647952359229936
-0.3569966199284367, -0.39491808354883096, -0.023232822288009054, 2.5661434520148667, 1.7920985435915826, -0.006372030266813923
-0.3569903312658327, -0.3949303291982977, -0.02324252688865908, 2.56616454635909, 1.7921134321806034, -0.006328534674226567
-0.3570024592730795, -0.39491146959262086, -0.02326347565919349, 2.566216451413857, 1.792102592195735, -0.006251434754655473
-0.35701933634342814, -0.3949468677672906, -0.023071927906382753, 2.566057445165, 1.792109724405278, -0.0068025870121302765
-0.35718057899958605, -0.3950943605167291, -0.01837310139060059, 2.5643002113554334, 1.790712632916427, -0.017015391849830468
-0.35730737542188273, -0.3949312347738088, -0.004655163251935232, 2.5606381551308757, 1.7874269022713192, -0.04496955135633054
-0.3571839771481187, -0.3944925239717089, 0.015873262968937464, 2.5556895641672743, 1.7839151576095331, -0.08562900377198616
-0.3568139046809663, -0.3939718882719735, 0.03956217368074988, 2.548836305096097, 1.7800706666383326, -0.13001750251426916
-0.3562882577866067, -0.3932952605418264, 0.06451179724063094, 2.5415155364698507, 1.7765199144196069, -0.1750873297034526
-0.3556651373923795, -0.3924164410719781, 0.08880770363685914, 2.535482403809695, 1.7726007548389002, -0.2169379886828697
-0.3550129849720845, -0.3914926054904046, 0.11050021956099172, 2.532100964093001, 1.7691947421885876, -0.2530547401086328
-0.3544781175999535, -0.39051191738422003, 0.12917710546989622, 2.531260192247588, 1.765061434846498, -0.2825067905932989
-0.3540218844964973, -0.38958071158737245, 0.14277564610623175, 2.532798618756878, 1.761565759925495, -0.30206243339534833
-0.35366334458969273, -0.3887371270227774, 0.1526344687677493, 2.534981227783253, 1.7589411184229462, -0.31465827295430676
-0.3533451577545993, -0.3879225731982807, 0.15983129304115085, 2.5382592063500904, 1.756937799114331, -0.3218603183796024
-0.35310070787290676, -0.38720320119943397, 0.16522814333946115, 2.542840394372219, 1.7549017431517169, -0.32600641096665534
-0.352838559224741, -0.38650994090234064, 0.1694457331268364, 2.547142667376699, 1.7530643198388156, -0.3271213481506828
-0.3525335142442694, -0.3858105645651468, 0.17273989048479116, 2.55215248920952, 1.751511106419106, -0.3261430007693757
-0.35223455992654623, -0.3851218763737136, 0.17528311023230655, 2.5576530546983025, 1.7502645884744203, -0.3234588787125418
-0.3519615690869507, -0.3844375586022311, 0.17754647462728668, 2.5629538260512903, 1.7489490624025215, -0.3204569787942125
-0.3516668897176665, -0.3837791135311847, 0.17956514623784453, 2.568032705582029, 1.7478914955617162, -0.3164741046455985
-0.35135436004854353, -0.3831265155309695, 0.1813618809739641, 2.5730822673835, 1.7474149753340418, -0.3116565350932591
-0.35108202749157535, -0.3825134092284693, 0.18316144069068233, 2.5778014857620373, 1.7469733655861912, -0.3077475323121237
-0.3507489512205222, -0.3819113738774374, 0.18475521425970926, 2.582297387744801, 1.7461772113301837, -0.3027605547091504
-0.3504126594537569, -0.3812861722312386, 0.18616269048097392, 2.586506312288396, 1.7461157080268084, -0.2971995017777225
-0.35014049017410065, -0.38070362291574245, 0.1878129237072732, 2.5903438348385035, 1.7458582946014811, -0.29314169722187744
-0.34982142071724076, -0.3801394669516998, 0.1893154689873968, 2.59387264978423, 1.7461091144658036, -0.2882854104509233
-0.34949085395543983, -0.37955945247167033, 0.19071501397073645, -2.5955847159648506, -1.7454093439394578, 0.282984254026363
-0.3491320582577221, -0.37893652202901096, 0.19218678004474218, -2.594638966193372, -1.742955634989113, 0.27799092805423775
-0.34878820739766514, -0.37837826813623776, 0.19369326003436868, -2.593941110620342, -1.740920774156191, 0.2731235026829828
-0.3484677702861386, -0.37784254864610733, 0.19513189640461578, -2.5931761611223476, -1.7385323565410629, 0.26794132142495997
-0.34813358495973395, -0.37736396346867784, 0.1966723531468139, -2.59248206967923, -1.7369291008648662, 0.26330544951456114
-0.34782209295811883, -0.37691748562659094, 0.19824340377735136, -2.5918194815461013, -1.7352847167000904, 0.2592406284112791
-0.34749137585594075, -0.3764286597634395, 0.19962990198193697, -2.590879437298619, -1.7339121862693907, 0.2542456640580304
-0.3471460623371536, -0.37595294915971667, 0.20107608746693018, -2.5900351245685456, -1.732525837175587, 0.24980143564049415
-0.346824694820765, -0.37547163380211784, 0.20264332983486066, -2.5896060230170437, -1.731078308174323, 0.24604835841779707
-0.34648757362258464, -0.37501046312266445, 0.2040848648057588, -2.5887449587912874, -1.7303379727963746, 0.2417438843158139
-0.3459703998433807, -0.37457504765206495, 0.20506737338693407, -2.5873951838013385, -1.7303780069368504, 0.23592274790029458
-0.3453452745080791, -0.3742186608859416, 0.2041314013535209, -2.5855245991030147, -1.7309801578646975, 0.22720366379672374
-0.3444272426859699, -0.37368236665530236, 0.20267242367160956, -2.582631596859753, -1.7333544198024118, 0.21860892791950123
-0.3434893501928976, -0.3729552840027332, 0.20099751425780518, -2.5784141493994768, -1.736935976085708, 0.21029502976968772
-0.3426664788553129, -0.3723692104724158, 0.19963426780669077, -2.575596889117017, -1.739467420869534, 0.2022163257884694
-0.34194662017202887, -0.37184265622553286, 0.19846629778343416, -2.5732934744084424, -1.740996577571317, 0.19391689260870473
-0.34144950257389733, -0.37149702159878856, 0.19766646585030884, -2.571602334525999, -1.7424484066680928, 0.18672695003939013
-0.3407166164047834, -0.3712127580382588, 0.1966565128290616, -2.5699546594861045, -1.7443629278726314, 0.1778500389973972
-0.33975598352529746, -0.3708426088747072, 0.19544314174684574, -2.5663768022819027, -1.748253861360151, 0.17034559660112045
-0.33884779412677296, -0.370177641615094, 0.19397248500735814, -2.5615456552624387, -1.753398288448163, 0.16221722020821314
-0.33805484807187886, -0.3697061134331651, 0.19283617006185866, -2.5580588346536137, -1.7577096160928678, 0.15484311844546264
-0.3373708694489845, -0.36935808639177103, 0.19193082964010008, -2.555749516418493, -1.7605918583674742, 0.14746854045484517
-0.3369304094590011, -0.36900357633358905, 0.19131445490612278, -2.5540881983680994, -1.7622726714294144, 0.141678129913974
-0.33654710771171087, -0.3687747570144505, 0.19081638170556042, -2.5524821099244157, -1.7641112184538732, 0.13646726883967028
-0.3361368611926142, -0.368544271283864, 0.19027094981200943, -2.5512583743621913, -1.7657191078139314, 0.13037555468542675
-0.33557365549736085, -0.3684377711114912, 0.18973244957125227, -2.5504956106404837, -1.7682019107544382, 0.12379659996006644
-0.33492174833923033, -0.3681112972026171, 0.18904668491223897, -2.5471294152214847, -1.7719012345584209, 0.11873270197563941
-0.3341110808799628, -0.36759530866098394, 0.18821005325318474, -2.543301408916379, -1.7777411575098165, 0.11220464965699238
-0.3334181804693987, -0.3673071628245297, 0.1876215457622698, -2.5407876761816226, -1.7825036474999236, 0.10646387932599558
-0.3329534382774584, -0.36707303713474565, 0.18717888952786688, -2.5385923392790466, -1.7857187038072653, 0.1017670983821903
-0.33260246508095165, -0.3668698801856287, 0.1868816334252282, -2.5372302358437238, -1.7881418520141077, 0.09777097197990034
-0.3322526891151865, -0.36674253509475996, 0.18662671434719277, -2.5364614386537796, -1.7903551505576802, 0.09402164214928518
-0.33194797212162014, -0.3666210240094236, 0.18638752446775841, -2.5354833493043367, -1.791791826328177, 0.09039777100089116
-0.33170844122511356, -0.3665710713436032, 0.18620144154519613, -2.533473164549346, -1.7943542899760876, 0.086920300889467
-0.3314570585438983, -0.36648248268976485, 0.18593982277450416, -2.5315501049026197, -1.796484642980657, 0.0826661556875013
-0.3312012670695605, -0.3664471370588093, 0.18572992239454822, -2.5298993059859263, -1.7989959889235285, 0.07874015236778495
-0.3310194822817923, -0.36643700174800353, 0.18561965103507408, -2.528421567598946, -1.8011075035960613, 0.07575299238240743
-0.33080356234588315, -0.3664312444019949, 0.18546317706999768, -2.5273385172005187, -1.8033255337209542, 0.072495770334219
-0.33062965493484103, -0.36643360177154327, 0.18535834261029427, -2.52655545084917, -1.8059894848920135, 0.0702047875690768
-0.3304489408777377, -0.36665728121077823, 0.1863002528996746, -2.5269998912317773, -1.809501969086077, 0.07198651009581723
-0.3300526853263791, -0.36687984099406185, 0.19356852109314654, -2.529053721817702, -1.8162010324420366, 0.08233200432867077
-0.32946003139046903, -0.3665436314557102, 0.20904485387616198, -2.533488097327396, -1.825801889193711, 0.10281118087303692
-0.32890033502260113, -0.3659555881755929, 0.22721152002006548, -2.5388697307005033, -1.8335395359259183, 0.12902865112541514
-0.32841848765948595, -0.3655010076698994, 0.24127785872568597, 2.5420286159368026, 1.8389751385560535, -0.15030712410643868
-0.32788457461560583, -0.36506668824177435, 0.2508342220506097, 2.5362669304736474, 1.837212822794333, -0.1618705281398631
-0.3276214087787531, -0.36466438000757617, 0.25353078281416114, 2.5360861474566248, 1.8383593006780596, -0.16035592327632042
-0.327418590963709, -0.36455166326647154, 0.2467145476388372, -2.540468729779978, -1.842593174179611, 0.13915534427913726
-0.3271895933819975, -0.3648110271494418, 0.23187273211435983, -2.5329040505555027, -1.8410711979619785, 0.10173832404039998
-0.32677539583892795, -0.36541797811234555, 0.21628584927865188, -2.5269472168480913, -1.8449928706505427, 0.06512439000724313
-0.3260439022313494, -0.36623608769154903, 0.20385362716911348, -2.5233657312895508, -1.8603053029637477, 0.03436723874751456
-0.32526470991261286, -0.3669558378626861, 0.19557145609798415, 2.5108221231201044, 1.876516514365609, -0.012106291592518921
-0.3244276767068458, -0.3674213436639209, 0.1913890025469305, 2.482856521040092, 1.8830973601557512, 0.00045928215060258686
-0.32380218382480797, -0.36811973671856946, 0.19115452848395534, 2.459143615251068, 1.8858468992039896, -0.0013308125476863635
-0.32352536594580583, -0.3687678232201748, 0.19129793694830227, 2.443429449720835, 1.8861121811950217, -0.008211493158300004
-0.3235826325427667, -0.369197616285183, 0.1913422452632713, 2.4357044755917903, 1.8857992639969776, -0.018509913381376544
-0.32391649081472, -0.36959017878347866, 0.19071681882120092, 2.435171495067356, 1.8822762212859414, -0.031346355736989684
-0.3244087853025476, -0.36984350093304286, 0.18887938678050206, 2.4393180517337925, 1.8778784689852785, -0.042624789061172556
-0.3248487912936123, -0.3698663273806537, 0.18879430269259648, 2.4446882777108816, 1.8723802676442811, -0.05469870403901405
-0.32528190424211495, -0.3699176781549052, 0.1889077718971961, 2.4491182841830423, 1.8689925350576104, -0.06373310746804217
-0.3256511585702711, -0.3698872125613091, 0.18898988069542977, 2.452899859296473, 1.867943619156474, -0.06908391734428042
-0.32587126444833847, -0.36988110892280973, 0.18901343633381174, 2.455303860237342, 1.8674004462586078, -0.07238267583741136
-0.3259515116703555, -0.3698292369579398, 0.18894629061885465, 2.456677241517567, 1.8681164198319244, -0.07493086499924392
-0.3259712017037984, -0.3698248069767921, 0.18890269186048325, 2.4575637631733667, 1.8684814140086479, -0.07689154516656839
-0.325991222640073, -0.3698306897873096, 0.18891079316459597, 2.4579370551916115, 1.8689890990210245, -0.07861232745686908
-0.32597699440214467, -0.36973583813030036, 0.19003310489858355, 2.457810450382612, 1.8690821881863733, -0.08091052982568427
-0.3259922718623909, -0.3696817590102776, 0.1916614334215206, 2.45742118376768, 1.8686822439459176, -0.0841415010574904
-0.32600423167858367, -0.36964851552989814, 0.19212430915470932, 2.4580969919966544, 1.8691302857788954, -0.08373104074754635
-0.32599750926657045, -0.36966234667617714, 0.19263917921570137, 2.45845040160119, 1.8696488053308808, -0.08337576963060381
-0.32604036737610326, -0.3697064141890897, 0.19487369829375173, 2.4577564400737715, 1.8694127412858177, -0.08793055545954416
-0.32604448178462986, -0.36962733031428635, 0.19634479522778642, 2.4581087975514126, 1.8696350573446696, -0.08953058263296132
-0.32602328609791764, -0.3695952990025723, 0.19630016817199672, 2.4593328503445266, 1.87057559124063, -0.08744001488920058
-0.3260384432873418, -0.36950839644053785, 0.19621759046473009, 2.460804303936083, 1.8710354436629297, -0.0854248109315495
-0.32608354631023934, -0.3695580125567729, 0.1963142756133393, 2.4619041225714797, 1.872320471715293, -0.08374705322676328
-0.32610555829958915, -0.3696340692974455, 0.1964195245256121, 2.4628587922753433, 1.8733024585503042, -0.08236750769035472
-0.32615000942906697, -0.36961872084273717, 0.19643500064451086, 2.4638590942037975, 1.873933791316009, -0.08110770687952205
-0.32614726099232383, -0.3696121894407626, 0.19644059551130205, 2.4641602323251095, 1.8742630702846257, -0.08020616934662195
-0.3261518706762244, -0.36960883694465235, 0.19644232632461056, 2.464181700935219, 1.8742788359875475, -0.08012304762633089
-0.3261441344717232, -0.3696330364208441, 0.19646634098304433, 2.4640934062554716, 1.8742616477618657, -0.08033281587260481
-0.326172510687792, -0.36961195011176956, 0.1964676256792577, 2.4642150828800347, 1.8743447426711963, -0.08033671182069865
-0.3261488071014308, -0.36961007105155225, 0.19642711657487522, 2.4641985126390287, 1.8742464194990187, -0.0800146683653944
-0.3261624607079022, -0.36959309302562876, 0.19641960331209224, 2.4643717367429114, 1.8741847436591077, -0.0800252961648156
-0.326183958065501, -0.369551101287702, 0.19640231260586063, 2.4651599975250145, 1.8748968809970745, -0.07886634296843732
-0.3262359589589491, -0.36953824895833437, 0.19643703216596728, 2.4660178945642257, 1.8757282387644336, -0.0775940655221136
-0.3263071938089075, -0.36953688057047607, 0.19647544378213117, 2.467133922987371, 1.8763589900011919, -0.0760282130394758
-0.3263236676939547, -0.3695591429492415, 0.19653649240340146, 2.4678535889784596, 1.8773724201183868, -0.07444554038546193
-0.3263307079507585, -0.3695958683647518, 0.1966110122520655, 2.4684827206325486, 1.8781403162247214, -0.07317721620791852
-0.3263522404051166, -0.36960400817101685, 0.19662600977504702, 2.4692874783648886, 1.8787626601182523, -0.07165440869614954
-0.3263748408030207, -0.36960562499045563, 0.19665267407766385, 2.470045973883699, 1.8794874401764525, -0.07043990213691867
-0.32641342763536296, -0.36958317852387707, 0.19666488253285622, 2.4710129640500877, 1.8803348781744786, -0.06921212124940783
-0.3263918993229517, -0.36958293856583874, 0.19666081258152557, 2.4717396903262894, 1.8809544779083758, -0.06745592631437947
-0.32637742460688635, -0.3696538489239865, 0.19673769642303418, 2.4722805401142645, 1.8816199845763695, -0.06633684456952944
-0.3263945508936826, -0.36966120417785475, 0.19677900751868557, 2.4724719541450813, 1.882079274082648, -0.06588262012569754
-0.3263924037479537, -0.36965423159013633, 0.19675938233390827, 2.4727373710521703, 1.8820157967298663, -0.06581745135572294
-0.32637706244744524, -0.36965809622431967, 0.1967568342865279, 2.47255211784019, 1.882116732829304, -0.06550909174956435
-0.3263730903457672, -0.3697071198549701, 0.19680040141644328, 2.4721984064892366, 1.8820303516034977, -0.06531470201453854
-0.3263262744122926, -0.3697765765445795, 0.19687462125954547, 2.471513965685516, 1.88165337869252, -0.06422749725388595
-0.3263180682715484, -0.36980050962243755, 0.19693913382747358, 2.4708486423961067, 1.8812486123261027, -0.06265069866796331
-0.32632466924738646, -0.3697411631896231, 0.19688684314427343, 2.4707330193062558, 1.8810270674402387, -0.060702757370359725
-0.32631775209765335, -0.3697449483535341, 0.1968691791622656, 2.4703396489030145, 1.8808280489546145, -0.05955466442106579
-0.326127199354244, -0.36997282757819894, 0.19703746010571388, 2.467683075539469, 1.8804292557653202, -0.05816227148649544
-0.3256398210579343, -0.3702359083692093, 0.1971316168143367, 2.459757281208663, 1.8824079872920223, -0.05096709302092353
-0.32416045680780153, -0.37106017721840984, 0.1974182028733642, 2.4370684167667553, 1.8829916947063043, -0.03405420514166785
-0.3227028221324738, -0.37168810761132104, 0.1979169879865656, 2.4095219299839807, 1.8871927087680307, -0.014027846380271493
-0.3217184717136918, -0.37186211902685273, 0.1983631069790262, 2.3867052219343403, 1.8944211569928677, 0.0024875691754552456
-0.32093004566640126, -0.37206394935658216, 0.1986973129269159, 2.370515035421903, 1.9000597377743984, 0.013626494471319878
-0.32048116167648594, -0.372169979064629, 0.19897051156520282, 2.3606431976197175, 1.9029117501556507, 0.019079368394783584
-0.3203835551979776, -0.37217206377070416, 0.19906155360387395, 2.357180845242012, 1.902685746380517, 0.02180309223220575
-0.320624469357847, -0.3718504442046927, 0.19875267377879377, 2.359924814138804, 1.9027878538149736, 0.022928193599244917
-0.3212643208432129, -0.3716479898500412, 0.19587326253588816, 2.3704843892438876, 1.9021189686106843, 0.020849459801484352
-0.3221621041726637, -0.3716218591997171, 0.19024065294805362, 2.3888546125710612, 1.8979215458338397, 0.017133880778958104
-0.32300074598915485, -0.37148231149097005, 0.1853989406743428, 2.4066513288196023, 1.8935862749003216, 0.013529505714009607
-0.3236706331090634, -0.37126365320541577, 0.18223146751828354, 2.4205513755754846, 1.890377938851652, 0.010172499073339454
-0.3243090371767763, -0.3711488710921146, 0.18158048121098083, 2.4302122442981515, 1.8888238088468159, 0.004012252821158961
-0.3247898706267453, -0.3710726474593602, 0.1815001342216364, 2.437584000841668, 1.8881315419096227, -0.0007086421067706429
-0.3250827509713191, -0.37104314869562083, 0.18134168187309097, 2.4429962669163796, 1.8871106849589507, -0.0033721022722843054
-0.32537888656183345, -0.3710048025782732, 0.18128249996012108, 2.446763253458271, 1.8868052953725312, -0.006225863240594376
-0.32559622095327395, -0.37100061479443264, 0.18121710548960057, 2.449079876441148, 1.8864432668781697, -0.008894640745728589
-0.32571172715615765, -0.3710051608614999, 0.18115823311189028, 2.450788623072172, 1.8860834724512543, -0.010988851982283386
-0.32569201311844787, -0.3709690564374378, 0.18105209846884796, 2.451469333839371, 1.88739958452463, -0.012851581731943404
-0.32567103541638126, -0.37087346142915034, 0.18080534686539076, 2.452555142312704, 1.8882621934044865, -0.013768838753431042
-0.32556863325239044, -0.3709617856355845, 0.1779958652598942, 2.4529136140016776, 1.8890846419642395, -0.00886294395825422
-0.3254661712781044, -0.3711062043975545, 0.17061881563333425, 2.4529039913385104, 1.888992990513511, 0.005792925371658851
-0.3254254907320466, -0.37128111694338584, 0.16102505252304952, 2.4509071996956093, 1.8891434035258368, 0.02546446763371014
-0.3254310525655933, -0.37158852776290147, 0.15312410325574854, 2.4480013730216554, 1.8891917864198813, 0.04025272000494227
-0.32535237670699063, -0.3717147710733815, 0.14766804923711652, 2.4470868645033854, 1.8881107086116014, 0.04988850750252011
-0.32533656328535066, -0.3716938857075308, 0.144110271929033, 2.447110464686607, 1.8880002890778846, 0.05470412388866498
-0.3253666774081868, -0.3717447861924742, 0.14239752005353223, 2.446783627411798, 1.887419993076806, 0.0560415705239543
-0.3254041273051537, -0.3717731482238209, 0.14245425306519177, 2.446254941585529, 1.8870935998883882, 0.05520746759707693
-0.32546599718480074, -0.3717850889640788, 0.14251211285384605, 2.44602702484786, 1.887090518451861, 0.053643614867755283
-0.32554347529336014, -0.3716983578638682, 0.14245398615490729, 2.446993787525531, 1.8872176571386687, 0.052368268341807196
-0.32560521207764065, -0.3716560369072708, 0.14244186956964047, 2.447642471463856, 1.887548672751736, 0.05090934462664674
-0.3256636698107485, -0.37163795919557974, 0.14245223006083502, 2.4482697208109943, 1.8882050514515485, 0.04895453104700083
-0.3256646350076198, -0.37158384182418336, 0.14235754207396262, 2.448877642405818, 1.8890061782994083, 0.047727713831117693
-0.32563584877824014, -0.3715814329875364, 0.14231430408984297, 2.449385508401543, 1.8896374639352926, 0.046545596726084874
-0.32566652504000887, -0.37151802203165163, 0.14224869896051526, 2.45023907708809, 1.8901942109381598, 0.04489523624140714
-0.3256851650741057, -0.3715187323839497, 0.14224493295453366, 2.45082877676306, 1.8907140833587837, 0.04321147063975371
-0.32569803577527867, -0.37150021499031105, 0.1421742708969466, 2.4516109148719227, 1.891722588560014, 0.041713708103205994
-0.32574201491713134, -0.37144579422614316, 0.14212948985535445, 2.4526869403662097, 1.8922778136399898, 0.04014816616693862
-0.32567063145143016, -0.3714339758771954, 0.14205490310380126, 2.4527963628264864, 1.8927085879839065, 0.03933535820342761
-0.32565065640679536, -0.3714669971273078, 0.14196452747603724, 2.4525450099199797, 1.8924269461117762, 0.039197014499730516
-0.3254585208144518, -0.3715676210033397, 0.13859951035611412, 2.4505543439212563, 1.8917279200695107, 0.045689940108996935
-0.32518297816664615, -0.3716427309203239, 0.13113193164847128, 2.446223523830614, 1.8923755057653908, 0.0602771528785419
-0.32493637999267194, -0.371743110133979, 0.1228747342764065, 2.440608866604224, 1.8931323166419192, 0.07587713393318278
-0.32487963649000073, -0.3719627280345618, 0.11733049138551704, 2.4369859354482672, 1.8925079296218212, 0.08472605573332831
-0.3248929225562426, -0.3721963016552192, 0.1138202589693629, 2.4350674311055944, 1.8927308316813776, 0.0878614834612821
-0.3250552114415465, -0.37272194945531373, 0.11223074131942737, 2.4319590155647877, 1.8918477449495765, 0.08443353016760004
-0.32516360891126883, -0.3734130058906819, 0.10965773555194926, 2.422956317706162, 1.8914665726535511, 0.07886498516493794
-0.3252318234166844, -0.3741205287015564, 0.1042896834243989, 2.4082307487243475, 1.8925812839388079, 0.07467025673006407
-0.3254172811929445, -0.3750808279670215, 0.09656757948231116, 2.3908071805052193, 1.8926994777897532, 0.07068952179973455
-0.325547404965291, -0.3760533265497847, 0.08855173605395078, 2.3753331023986317, 1.8921136844561068, 0.0653616982272208
-0.325658265946971, -0.37690977996204683, 0.08198193725662242, 2.363465376657415, 1.890797640420437, 0.05838212161159214
-0.3258991840745278, -0.3775879507250226, 0.07759836478796756, 2.357402045078453, 1.888532565149852, 0.05117405390272221
-0.32628972755927216, -0.3781526863520785, 0.07510983499099032, 2.3546349337587733, 1.8865163218812282, 0.04242875515291926
-0.32670508429998446, -0.3785982686288874, 0.0747987685094775, 2.35356295340028, 1.8846821492486445, 0.032106625856062936
-0.3270152909609519, -0.3787601115413881, 0.07456136489550579, 2.354795671997661, 1.882298085784498, 0.0246302730987721
-0.3274294804639904, -0.37864409888748785, 0.07403266404211055, 2.359053483229684, 1.8802138518017049, 0.01856709166461713
-0.328267581773884, -0.37866895884542157, 0.07376972369724659, 2.366899417477388, 1.8783693077663677, 0.007398610775659608
-0.3294096823447968, -0.37853572504987476, 0.07246822746333204, 2.381380181611114, 1.8748861502124725, -0.008724910929348167
-0.3306620321854711, -0.37838260806429835, 0.0687432641271734, 2.399590434064799, 1.870345039963103, -0.02659537679122429
-0.3320220242252964, -0.37823798001112136, 0.06407213850211627, 2.4192383147311496, 1.86592317921505, -0.046308241557864074
-0.3332844597601424, -0.3783697476540085, 0.05982945148292843, 2.4393894092214436, 1.8606319762918655, -0.06631952487611681
-0.33440890064232387, -0.37852438423397744, 0.056837158493634146, 2.457488956772641, 1.8556729828528087, -0.08493419705528583
-0.33538594690689627, -0.37847997247148185, 0.05582905831426939, 2.471917895308235, 1.850570971077976, -0.10113240480835102
-0.33610049914472895, -0.3782244516749068, 0.05580376409879968, 2.4839183049164397, 1.8467743129732375, -0.111638620878036
-0.33658187327217487, -0.37798078142503755, 0.05581631142194706, 2.4931393578013545, 1.8442317092782299, -0.11785992212987298
-0.3368880494333689, -0.3777383932470243, 0.0557431615120931, 2.500380271602029, 1.8424571628168946, -0.1208732369102273
-0.3370141233195303, -0.37750165862068075, 0.055562161498222205, 2.5059244652907604, 1.8416220480441212, -0.12163784632441825
-0.33693606216705757, -0.37721664588362597, 0.05517228302014081, 2.5098452383315784, 1.841907513557344, -0.11838841278477495
-0.33680023198726605, -0.3768710238007412, 0.054661385742470536, 2.513932945384185, 1.8419648429413038, -0.1113543489742911
-0.3365630925670022, -0.3767276977367477, 0.05132850648249532, 2.5171189022589937, 1.8436056086323023, -0.09421301555979285
-0.3363463553386325, -0.37676315372345354, 0.045393747818524594, 2.517899547060432, 1.8463867473109319, -0.06968094155292946
-0.3362148620110206, -0.3767809186147791, 0.03851459618788953, 2.5175058976855094, 1.848704894981448, -0.04348341361991779
-0.33602111079829383, -0.3768040194123236, 0.03369220121833864, 2.51642769491057, 1.8509702329943942, -0.024157065045827993
-0.33595697937427504, -0.37685545238168033, 0.030702947220167975, 2.516631127879489, 1.851705041775285, -0.011372226301909195
-0.33602128793970326, -0.376898431491098, 0.029614576002477598, 2.516941596176666, 1.8516853734561574, -0.004706071086714569
-0.33601721398204126, -0.37696146401567976, 0.02964792995360129, 2.516606696210796, 1.8514237543577117, -0.0013199903478485096
-0.3360704112762781, -0.37707643467782365, 0.03091651658137551, 2.5148778334865165, 1.85032462549689, -0.001570720736769492
-0.3359655030571436, -0.37716834323182474, 0.037228236491695876, 2.5102669582610253, 1.849884878453784, -0.009149902555270149
-0.33574006831186803, -0.3770774253716354, 0.04851609193570208, 2.5037453498213873, 1.8483949357273501, -0.023351044406838467
-0.3353227960375212, -0.3766544065051991, 0.06356272557646683, 2.496491832667203, 1.8469240040941786, -0.04050105414862487
-0.3347518391627, -0.37610471238677906, 0.08131215338713106, 2.4900359179836724, 1.8465271047565428, -0.05548702710181756
-0.3339533067904898, -0.3754403798611292, 0.09685994058580842, 2.4848161956713497, 1.8482983818732168, -0.05718999494426925
-0.333269475668957, -0.3748865812518003, 0.10863566671967789, 2.4806217395012666, 1.8529750920953476, -0.04674384793527056
-0.33253057285724696, -0.37436608513789943, 0.11703490004115454, 2.4772350424045504, 1.8575609739044137, -0.030956337022254483
-0.33197873410214424, -0.37397226900574004, 0.12394399798143622, 2.474788483109097, 1.8602021387523107, -0.021419639455344537
-0.3315374499940686, -0.3737134530341551, 0.12907255679388172, 2.471935755355362, 1.861843039547949, -0.01514346225269625
-0.3311677547712088, -0.37369763494985603, 0.13234234432642583, 2.466953077686207, 1.8645412172234672, -0.010625412497816315
-0.33077569063210666, -0.3736476422193266, 0.13272561459571453, 2.4617856222275694, 1.8674621246088199, -0.004925418247729841
-0.3306584691626045, -0.37367744405240005, 0.1327143078613807, 2.456348902738514, 1.870914341063704, -0.0033312437889070445
-0.3306443832068112, -0.37373441623217557, 0.13179023838200268, 2.4507421596496894, 1.876488436644152, -0.002642732328352684
-0.3306555058092606, -0.37377809291519776, 0.12990173012162437, 2.4441329589383214, 1.884553411503518, -0.0018117445260582242
-0.3307094808779293, -0.3737129569884767, 0.1290839783016007, 2.4368476795391762, 1.894927445062021, -0.00445164385076841
-0.3308015386929567, -0.373630865332827, 0.12906761843751352, 2.429618398642923, 1.906170476434009, -0.007698093429670771
-0.3308238338865641, -0.373528820940607, 0.12895319247140438, 2.4214514145605386, 1.9189774908613582, -0.010762283356770298
-0.33080980692642215, -0.37342396036572867, 0.12881668304415178, 2.4124547191290486, 1.932408573089555, -0.012729522954092477
-0.3307785836172086, -0.373395255307424, 0.12875868714134037, 2.403677120997116, 1.9464337530648606, -0.014213053875593164
-0.33075542664733365, -0.3731645092383237, 0.12977004843560158, 2.3948040008372637, 1.9596808172364941, -0.016221592591975118
-0.3307441704431992, -0.3728639318502618, 0.13133810870602614, 2.3856103848538788, 1.9728628939588282, -0.01791406837216648
-0.3307549449623535, -0.3726625227268921, 0.13253505999641946, 2.3763562778506233, 1.9863718949629448, -0.018672129880536792
-0.33074919980978534, -0.3724886297451287, 0.13260723606104485, 2.3666363081688324, 2.000129224196255, -0.01744533605630401
-0.3307050765495789, -0.37232924142028095, 0.1330213955535525, 2.356584137173468, 2.0129120736784016, -0.017126037352823496
-0.3307783754546684, -0.37233440626212794, 0.13537911492227572, 2.3489352654167672, 2.020620316622203, -0.02289180841355456
-0.33098248376590433, -0.37238626474553754, 0.13880999844165742, 2.344325970822487, 2.0264969895591327, -0.03414051152314918
-0.3310178839733069, -0.37207029173149375, 0.14083253028118314, 2.3434071657917066, 2.0299746538642887, -0.044888887590073735
-0.33099951975195063, -0.37165746266163674, 0.14100832445025696, 2.3449324368831292, 2.030866945711195, -0.0562497833177992
-0.33086731558744914, -0.371111475608604, 0.1405306195358113, 2.3482544163881114, 2.0310999914562777, -0.06841121343528632
-0.330468127464474, -0.37034723142560677, 0.13988200238826615, 2.3517448349733905, 2.0310034189650743, -0.07874151938423682
-0.3298636371820531, -0.36934742133526427, 0.13910800192727593, 2.3545573110585867, 2.0317936430476826, -0.08501229565596706
-0.32900372218281826, -0.3682209248537834, 0.13843758816654042, 2.3561999283642163, 2.0334383591816962, -0.08531958148993755
-0.32784340582412974, -0.3668958673009162, 0.13809542423852594, 2.3558987744155893, 2.036460741385848, -0.08042459323738095
-0.32662723186409476, -0.3654378480672248, 0.13932267182175798, 2.352173789566159, 2.040257704409653, -0.0759865712792703
-0.32523025021772684, -0.36406732853288776, 0.13907291151424567, 2.342670401121837, 2.0459240794490885, -0.07023671502152107
-0.3238383812392196, -0.3626453523401618, 0.138037350196659, 2.33054032141019, 2.0519331675170958, -0.06495456006006115
-0.3227609353638953, -0.36137688536962387, 0.13732101364424873, 2.3199670266140466, 2.0568277049685326, -0.06853759659531097
-0.32188359721808374, -0.36008602241759124, 0.13626813779508973, 2.3139170004165224, 2.0595904093395854, -0.0792556081335982
-0.3210189615954582, -0.35866352085756625, 0.13578144464303574, 2.3133562378179295, 2.061068922804041, -0.09441482351981198
-0.3201180433404856, -0.35706208266273376, 0.1376542430242244, 2.3168650254309706, 2.0625316432723553, -0.11261405462992281
-0.3192277797686481, -0.35547895822319014, 0.14070622790069948, 2.323643948884736, 2.063467654407995, -0.12770274188964179
-0.3180370482679892, -0.3539269942190283, 0.1430370112546422, 2.3273309832289666, 2.0647425872403993, -0.13249366464540424
-0.3167470474959744, -0.35232830886797734, 0.14383574801727547, 2.3265421064103506, 2.0675479527946825, -0.1284698351267038
-0.31542908345892723, -0.35086078509204016, 0.14244703373182283, 2.3211311132973704, 2.0717615198999404, -0.11978034166495452
-0.31400026035105877, -0.34944856690477966, 0.14099441259525194, 2.3099158880663184, 2.076981527428641, -0.11272586068251053
-0.3126756647958093, -0.34806559119821934, 0.13989107875235055, 2.2983111955742226, 2.0807589149819288, -0.11228831683594888
-0.31158341289551006, -0.34655209222852557, 0.1412441284077527, 2.2903335971790195, 2.082547621253315, -0.12281749293642717
-0.3106182315917466, -0.3450833639699564, 0.14441868512233713, 2.28879159421655, 2.082060341344449, -0.14047779824520562
-0.3096942989334986, -0.34366430460463904, 0.14837769927654168, 2.2935303037549537, 2.0809705698910754, -0.15909226111891545
-0.308825527454037, -0.342255944370513, 0.15163384007252945, 2.3019994821287155, 2.0790327770101436, -0.17325051160626642
-0.30784532352658467, -0.3408717913731743, 0.15127082837087105, 2.306728453946552, 2.0788950859130892, -0.1746938186574669
-0.3068830452143013, -0.33964825317835384, 0.1476509503000909, 2.304434684617498, 2.0808089820850957, -0.16861532567001072
-0.3057965651925605, -0.3387584712187277, 0.14193776427363025, 2.2952234607636712, 2.0837247276268753, -0.16049083646401888
-0.30479572768824115, -0.337695550414819, 0.13843488566887502, 2.284160684749528, 2.0859442343545305, -0.16206175882545756
-0.3039808766020621, -0.33628549573354377, 0.13810481144171954, 2.2785406872732246, 2.0851394279465008, -0.1767359718460217
-0.3034241395133765, -0.33493422865433026, 0.14172410082917408, 2.2833552516341653, 2.081075305808388, -0.19959251123535543
-0.30297881440118546, -0.3340760824094492, 0.14605318605137668, 2.29264806161208, 2.0767579272289374, -0.21751778729342214
-0.3025183751183377, -0.3334115134326872, 0.14817000855233703, 2.298903357889286, 2.0720164611009655, -0.22091617836600738
-0.3018513086342072, -0.33278543820831713, 0.14719644196201595, 2.299307029123521, 2.0702418205446644, -0.21180955146336272
-0.30109650102715635, -0.33254849165712547, 0.1464509419259362, 2.2938972972521174, 2.069268342541326, -0.20120031369323124
-0.3004501904392791, -0.33235748696567396, 0.14590699436156618, 2.2862845776203238, 2.0693592463367634, -0.1902047429493812
-0.29996170232874847, -0.3319768868240999, 0.14808428614457647, 2.2809851972088815, 2.0704124613909487, -0.18303891915777076
-0.2997344529709695, -0.3318240052509753, 0.15205717941578914, 2.280910460437042, 2.071299067304114, -0.17722922888255338
-0.29975165772783674, -0.332102616035013, 0.15496278556401602, 2.2820243561653117, 2.073765231591163, -0.1668723526534554
-0.2997794462461133, -0.33297314572105674, 0.15447763258557048, 2.2787743278832564, 2.078754487324867, -0.14785341001834118
-0.2998014253157373, -0.3341912385943442, 0.14997917063790178, 2.2685407531970476, 2.0841720233909564, -0.12039778316150354
-0.30005246385537054, -0.3355652866187731, 0.14576625814063168, 2.2534411965951673, 2.0891981459160656, -0.0997625691591315
-0.30034791877244565, -0.3370609041007248, 0.14515007484316414, 2.238341804923657, 2.09289924799151, -0.09260362949747593
-0.3009136782342441, -0.33859013449128667, 0.14774060878596365, 2.2294688875482724, 2.0949363432045485, -0.0984263171663165
-0.3018307936758005, -0.3396778481100827, 0.15255691167237384, 2.2300884628721467, 2.095473034764062, -0.10958873402968043
-0.3028674952492883, -0.34079946098343533, 0.1568138454932403, 2.2388872410293548, 2.0956179136856434, -0.11860991622147361
-0.3039928239041512, -0.34196159718496744, 0.15871905952228182, 2.2506409745019673, 2.0974855761578377, -0.11831391467412261
-0.305041557838746, -0.3432615848787217, 0.15931531889535142, 2.257528632544756, 2.100506989878903, -0.1122343479555694
-0.30581604882355373, -0.3449244576554527, 0.15739829021589158, 2.257198684135353, 2.10405812239132, -0.09948805080851365
-0.3065647762816141, -0.34668670210644265, 0.15425915248893549, 2.250602703670803, 2.1095492335960464, -0.08642951016976429
-0.30726992941348197, -0.3485872969146399, 0.1514903081056704, 2.242603870491571, 2.1139861969671485, -0.07642865659441643
-0.30824206060082326, -0.35054206932704374, 0.15022709155487687, 2.2386286710894843, 2.117595140241984, -0.07240820040298683
-0.30951007472264924, -0.3524810756027948, 0.15124081190943867, 2.2395195314105805, 2.1193332683976758, -0.076025543210951
-0.31085208550140764, -0.35443627684559925, 0.15250829677160735, 2.243703180344499, 2.1210928116354784, -0.0791521632056317
-0.3122034802691662, -0.3564911564207297, 0.15191302692241695, 2.2475109632705506, 2.1237371309082946, -0.07662516412608412
-0.31354536030210084, -0.35878925859255356, 0.14881102447175365, 2.2494863737637005, 2.126795636436122, -0.06733094250981761
-0.3147773418642676, -0.3614111649161113, 0.14412558718593074, 2.247816632330227, 2.1315928111934, -0.05165780372208541
-0.31575944039370135, -0.36388367532164134, 0.140035551103681, 2.2414728983350383, 2.13817722871267, -0.036830379812746915
-0.3165947472831594, -0.36619906524897644, 0.1366889279399307, 2.2333043972274083, 2.144760663891452, -0.024636429089889708
-0.31738481741472363, -0.3682474001052873, 0.13398094806416366, 2.226282647255094, 2.14985369995262, -0.015828608435201497
-0.31802605888739666, -0.36978291819678727, 0.13137647000805278, 2.221636238738928, 2.154172517804032, -0.009523501219825979
-0.3185334513778345, -0.3708265712233838, 0.12892333925031543, 2.2185291006790324, 2.1578232873428127, -0.00489999703136407
-0.31893761414257316, -0.3716007480172819, 0.1278848127381506, 2.21763440224397, 2.1593994604801985, -0.003657172798640899
-0.3193496344269015, -0.37208042435104594, 0.12802285541652336, 2.2181285596804647, 2.1607180590634925, -0.0046609749721540665
-0.31960711405788206, -0.37239280604619013, 0.128073104747438, 2.2182518158733537, 2.161559014633742, -0.005602459034908946
-0.319716493935359, -0.37250727748859636, 0.1279975546271414, 2.2187955506084145, 2.161764344770083, -0.00575680378940108
-0.3198207218384998, -0.37256211376673176, 0.1279373315825009, 2.219668157231033, 2.1615749505083426, -0.006410163699144318
-0.31983302628809057, -0.37256168078778834, 0.12793228946530302, 2.219856236891003, 2.161751929164664, -0.006435611412853298
-0.319826911584152, -0.3725713401371203, 0.12793182861098926, 2.219785004206384, 2.1617131266809015, -0.006572368792808086
-0.31985237772858066, -0.37259094988842945, 0.12795549694878391, 2.2196345198578658, 2.1619561077630434, -0.006706540272959029
-0.3198457110773013, -0.3725820314521035, 0.12794568202096945, 2.2196325865187445, 2.161874452713322, -0.006561632699986829
-0.31983875722033195, -0.37259613457644647, 0.1279395775680334, 2.2196711879600683, 2.161833974761826, -0.0064997472160290785
-0.31986382962411875, -0.3725601459949718, 0.1279146319866292, 2.2199090802624166, 2.1616969832755077, -0.006380415499467504
-0.3198645044389222, -0.3725712706994225, 0.12792334678223538, 2.219937608895623, 2.1616734096258208, -0.006419532396145239
-0.31986587307795145, -0.3725760951257711, 0.1278912117776873, 2.2198765410522996, 2.1617415410540834, -0.006345083939449911
-0.3198799245728806, -0.37259706485581684, 0.12790003781588832, 2.22001521592694, 2.1614924877024375, -0.006517696871100776
-0.31986678019538833, -0.3726033962854566, 0.1277597354720307, 2.21989064373949, 2.161715382625219, -0.005718007030481704
-0.31984971164698367, -0.3726190551614949, 0.12602436125050281, 2.2204301539020217, 2.1618120300812866, -0.0016284835093658553
-0.31999177114588967, -0.3729355367225072, 0.11882320583563796, 2.2198927500042314, 2.1623630557250126, 0.009523108377571326
-0.3202321615550891, -0.37342621277012134, 0.10488756902723743, 2.216836638455286, 2.161727023749243, 0.03154480313659401
-0.3205816226121656, -0.37429498183249016, 0.08967852741390027, 2.2098363957209424, 2.1609267128523664, 0.05038733204564908
-0.320991893858573, -0.3751962442397052, 0.07735205928989451, 2.1995149909183453, 2.1604420378129685, 0.05838631965436049
-0.3214346986370217, -0.37599036472141534, 0.07014242488876364, 2.18871407828355, 2.1593587220198884, 0.05253719810614807
-0.321996840195186, -0.37669093357384076, 0.07097390922564616, 2.1825864979190497, 2.1575040483038164, 0.029452743601167623
-0.32253041412316313, -0.3763033083854673, 0.08218699122711956, 2.1864622642197666, 2.154275107740373, -0.007030314038600383
-0.3229070989650382, -0.37488948072134465, 0.10486438695384427, 2.206136859062201, 2.1503584727469574, -0.05083300899952188
-0.3231227142869223, -0.3736452739332852, 0.13416897880014966, 2.234365971319721, 2.144205857295308, -0.10026975747210103
-0.32190500784174675, -0.3725547898523104, 0.1586483979753688, 2.2459636869853132, 2.134367806416928, -0.12433194523175278
-0.32010764105016787, -0.3722333934661984, 0.1723538800267322, 2.241801340474179, 2.128454822578587, -0.12135825559089145
-0.318997841803433, -0.37206329755782847, 0.1720285439920547, 2.2340469804505254, 2.132694699702464, -0.09561270838263329
-0.3179796776561738, -0.3725448034697649, 0.15947205400832, 2.2177486943178226, 2.1422649586266713, -0.05162599138403819
-0.3170720092126607, -0.3737109346564492, 0.136004638421722, 2.1922753040921346, 2.1522889817893227, 0.0047852255485563225
-0.3162581695930317, -0.375393833299582, 0.10655808360642646, 2.158870988665711, 2.1591577235450923, 0.060566279506016577
-0.3156944878015446, -0.37686451422724593, 0.07910942553089517, 2.12264566835831, 2.163512729476849, 0.10118058588539033
-0.3153025395263272, -0.37831879172428257, 0.06417569228185185, 2.0917297461808886, 2.1643213892533226, 0.10922508134954076
-0.3153139532118288, -0.3791676273191124, 0.06238155385977847, 2.073720929360149, 2.1641824291499265, 0.09201391242453659
-0.31591383087980635, -0.37851805059344545, 0.07135930545261075, 2.077867317846509, 2.164560678032773, 0.06109090770738853
-0.31710028726854866, -0.3767290255315157, 0.0904315480103127, 2.109202741802964, 2.161851001815776, 0.022928095275681293
-0.3184506432368602, -0.3750441565630874, 0.11724727642352448, 2.154915799640812, 2.1545155554374578, -0.02617354530398928
-0.31944240892701353, -0.37302138034241905, 0.14627221539687735, 2.19797495941984, 2.146193019504305, -0.07330382658925377
-0.3200277267095941, -0.37095647964342976, 0.1699069931621715, 2.2302634430763333, 2.1395664116783153, -0.10831661693595777
-0.3204579572828776, -0.3693892145658014, 0.18600805859693817, 2.2525109026598225, 2.1338590367795853, -0.13183273870878473
-0.3209741062684063, -0.36788087840108813, 0.19668942054031063, 2.272039653904625, 2.1297962271904245, -0.1472499443001211
-0.32131005249623573, -0.36710537600110127, 0.2040263028492204, 2.291031863848116, 2.1234970518822562, -0.16032585844652422
-0.32170456931223046, -0.3663364175709554, 0.20933568188953522, 2.3082237161116868, 2.1191186637715838, -0.16938394968968712
-0.32200968953730597, -0.3656124922979136, 0.21341995007368741, -2.3145150110558737, -2.110812738656237, 0.17543497708260156
-0.32205388027704457, -0.36500983105505164, 0.2166064998941263, -2.3155185141953973, -2.1021041876464355, 0.1779987364004065
-0.321982223453622, -0.3647721539115867, 0.22109668129561283, -2.3170713262550655, -2.097103710518109, 0.18321104765838547
-0.32150115962352743, -0.3642335141424169, 0.2316913974787923, -2.3157328494579312, -2.096352734299996, 0.1970137006192229
-0.3207521952897632, -0.36349877595601454, 0.2517745241315175, -2.313718196057447, -2.094068788619172, 0.2298800494103799
-0.3196753457529178, -0.36246203482793976, 0.2785223363465491, -2.3110779770867476, -2.0895871860941897, 0.2783460849474225
-0.3185371732858971, -0.3611386210449555, 0.3045156810584578, -2.307873120338006, -2.0830616404827262, 0.32734596953025386
-0.31733292247460543, -0.3598217667175607, 0.3272657748087445, -2.3049422870366323, -2.0758671536602558, 0.36960537601252486
-0.31538405311223067, -0.3588714156676305, 0.3441413573092686, -2.3053053241556305, -2.0764428454994994, 0.393737182313002
-0.3129881227070231, -0.358303889293012, 0.3542810011349033, -2.3089774724961716, -2.087196314733613, 0.3939589746316422
-0.3110918641000855, -0.35738558264442316, 0.36244586912082116, -2.3086908685005443, -2.0951056404133284, 0.3850671848619091
-0.3083543415597539, -0.35674322373752626, 0.37154061842728264, 2.2959080798281284, 2.0975103430343234, -0.3633400856222634
-0.30590411414334107, -0.3558011461250787, 0.3836173034956187, 2.286584711483803, 2.1030333380131534, -0.3435308624385876
-0.3028845196923551, -0.3549195361110164, 0.39824036454882666, 2.2762021626729005, 2.1052797155156346, -0.31943755615513497
-0.30026235209886815, -0.3535551699176423, 0.4136364306073227, 2.2740930142692934, 2.1088032780840527, -0.29684255990359326
-0.2979233491103934, -0.35178921837628396, 0.42702903559126837, 2.2781554106303568, 2.114910072331856, -0.2714011197817156
-0.2947575145596897, -0.35049629584207065, 0.43566186653564554, 2.274310820181353, 2.1133508008425093, -0.23136619745287104
-0.29234835234387085, -0.34901760802814774, 0.4424053017613788, 2.2764819362951916, 2.115742075807577, -0.195393736512148
-0.29001696208979855, -0.3476866947211873, 0.4478273518109113, 2.27722416749542, 2.119553955240438, -0.16156743646154834
-0.2875459348702031, -0.3466017592862909, 0.45103518432535766, 2.272968390382692, 2.1236096105602487, -0.12450261982618266
-0.28550906678585064, -0.3454834026398643, 0.45286882962299874, 2.2694473582537062, 2.1307487956606614, -0.09010782743418168
-0.28395903625031216, -0.34432226837263863, 0.4528333999709886, 2.2658371718180463, 2.1407180561194106, -0.05922585294338928
-0.2827883414170876, -0.34336293666035866, 0.45248681279978703, 2.2623586998790923, 2.149379940507562, -0.03435122876120839
-0.2818499526818791, -0.34271125754756177, 0.45231813307708035, 2.2593120323664584, 2.1553871993661566, -0.01695968101421764
-0.28120566024395144, -0.3422187969420919, 0.45221243712054743, 2.2580830316950817, 2.1596113508586843, -0.005448834024199848
-0.28070337286773434, -0.3419078484074468, 0.452171281899434, 2.257195169684757, 2.163206594435906, 0.0027013958940637576
-0.2803395795923147, -0.3417479939634517, 0.45221908786266163, 2.256575165867353, 2.1665636987727743, 0.008185846176988181
-0.2800729113568796, -0.341666098827057, 0.4522483148118048, 2.2557727206476144, 2.1686972756408394, 0.011372654935226241
-0.2798453592899233, -0.34173484009646815, 0.45214028952893437, 2.2542529499778485, 2.1699952630106054, 0.013484693597966117
-0.2796663267917249, -0.3417116160950032, 0.45135474352139987, 2.2525573696372096, 2.1711724534469434, 0.015716909854101947
-0.27927441540326337, -0.3417258718808082, 0.4498856495645501, 2.248981271013267, 2.1736289576088414, 0.02046396336785144
-0.2790175166241516, -0.3418349663793782, 0.45005834028544234, 2.2426417963679137, 2.1787308122488196, 0.02150328032645413
-0.27885091373934423, -0.34197388654356464, 0.45007414112434885, 2.2359980065894933, 2.1832500486235165, 0.023689869071602695
-0.27876644933678846, -0.3421996309575322, 0.45000521091852635, 2.230474192274521, 2.186672769493312, 0.025488844440133385
-0.27875793438896607, -0.3423854226996604, 0.45000214838453917, 2.2265623390818443, 2.189403611711101, 0.025615778619385174
-0.27879966479274854, -0.3424796281352511, 0.45002991278327453, 2.2251538326340428, 2.190431705625695, 0.025298019329476097
-0.2787967412336695, -0.34256101939952494, 0.4500693968854598, 2.2242917268356472, 2.1902897874022504, 0.02464499706561124
-0.2787864684255646, -0.3426622018578122, 0.45004319265922754, 2.2239403704684855, 2.190073794676007, 0.02400287286997938
-0.2787995935758013, -0.3426437518004886, 0.44888390304166675, 2.2243635768549757, 2.190409512173855, 0.026557198475395106
-0.2788341253770182, -0.3427089771302969, 0.4442366437159893, 2.22544912011063, 2.1922911946653234, 0.034722639258624975
-0.27882662435495414, -0.3427718437628221, 0.4368053146778763, 2.226232135986911, 2.1961605972282063, 0.04612312582578045
-0.27868442922143744, -0.34294293646054197, 0.4288429393243542, 2.226763465798115, 2.200155690815502, 0.056700989448913226
-0.27851472218914425, -0.3431286656190839, 0.4218026639616769, 2.2269469208381603, 2.203655455721293, 0.06456455955054946
-0.27840634392949026, -0.3432592255706676, 0.41660042305735095, 2.2270523563322846, 2.206706957859329, 0.0696600959895004
-0.27835715388867566, -0.3434075530307433, 0.41299772725627815, 2.2267047761726797, 2.208915647645223, 0.07258419617641708
-0.2783746908765646, -0.3436310162394811, 0.4107901943809636, 2.225718811228503, 2.210802461973246, 0.0711495261857278
-0.2783528212880961, -0.344109947716536, 0.4080877836342935, 2.221827433166707, 2.2124428963483225, 0.06676956711722641
-0.2784846238415254, -0.34497869240667717, 0.40418779700228435, 2.2149861610919537, 2.213392859540302, 0.06120314299056884
-0.27854266602699335, -0.3461065685207651, 0.39884472027147166, 2.2055991460412483, 2.2122167099699284, 0.05506306868979187
-0.27874534957494984, -0.3474604223513501, 0.3936115353611261, 2.19494874747602, 2.2097264890878883, 0.044093770932188046
-0.27909511803171777, -0.3488942996435753, 0.389160563145129, 2.1847592794424346, 2.2056601933248094, 0.029727610377304314
-0.2794175574138614, -0.35025702480515314, 0.38591633511219126, 2.1761093227305293, 2.1999134097166864, 0.013609566543502006
-0.2797251225495214, -0.3515362202080333, 0.38475401263403225, 2.1685835721467144, 2.1936365100941395, -0.005264843075444089
-0.2800429834979721, -0.35254724750135896, 0.3848083664624408, 2.162543736822856, 2.188460149027626, -0.022024233924744233
-0.28034110379487454, -0.3533091781326051, 0.38499609613220054, 2.1583454986531083, 2.18471930738703, -0.035695071408371706
-0.28061629274026473, -0.35383326400551157, 0.3852860488913146, 2.155980370917166, 2.182429690761869, -0.04561409110514624
-0.28081172527256787, -0.3541497871030069, 0.38546544026844587, 2.154837472957101, 2.181026169985859, -0.0524639119376425
-0.2810450747394118, -0.35429428056939966, 0.38541508892698817, 2.1544663610519477, 2.1793567775239624, -0.057708088852948355
-0.2811791994669069, -0.3543201375840383, 0.38518931646249926, 2.1549759026055937, 2.1793753145171433, -0.06104147372306606
-0.28124708217731714, -0.35430797214273146, 0.38458036399520384, 2.1554826914113767, 2.1800499456209863, -0.06251916077088455
-0.28121734105599094, -0.3542540782459026, 0.3799438994229767, 2.1571194073814906, 2.1811656573674494, -0.05552518171635352
-0.28117095450316415, -0.35439030391815324, 0.37135246985992815, 2.1582532983098046, 2.1830329027069793, -0.0409549512847773
-0.2811462049856401, -0.3546403979657657, 0.3595135175875941, 2.1600506922578773, 2.1865649632972657, -0.01976674131230162
-0.28117975688852237, -0.35491203493963114, 0.3469258337245639, 2.162233345411259, 2.1897618178536145, 0.0033073892053961753
-0.2811656251902079, -0.35494551093563015, 0.33783808030054924, 2.164532120009668, 2.1915039591416208, 0.01777231326714903
-0.28117453826525174, -0.35494938099018275, 0.33163815370695043, 2.1660131873188027, 2.192829190855447, 0.026449654392024378
-0.2812311131253351, -0.35500700240552285, 0.32757902814582385, 2.1671538411351907, 2.193574804151015, 0.030161836118203004
-0.281285982327811, -0.3549025349880752, 0.32566976608435355, 2.1676298836854118, 2.1943615585854856, 0.029565280011578612
-0.28144395772774267, -0.35501171030411743, 0.32567955962524314, 2.167611506532637, 2.1927499358634397, 0.023596720023469943
-0.28164114522460476, -0.3549484200386418, 0.3276955932129738, 2.167535615887809, 2.1907024591263413, 0.014135211958552161
-0.28193476133998724, -0.3547717839796392, 0.3345158732268171, 2.1693845086629056, 2.188498328120097, -0.003967990273041659
-0.2824359551702749, -0.35416575002891704, 0.34633307087128296, 2.177011896309162, 2.1843404397607964, -0.02928657060236131
-0.28295244014808846, -0.35314633667189105, 0.3622967759458534, 2.1904988902015123, 2.1771898621536607, -0.06007349809432627
-0.28333956355322454, -0.35179491632274246, 0.3816752605869277, 2.2080043472858844, 2.168535699748414, -0.096672494977784
-0.28358274018748447, -0.35034317887157257, 0.40026187162764076, 2.225896814731902, 2.1594903620283077, -0.13179966433876766
-0.2837266447413249, -0.34891923341394904, 0.41774102952204367, 2.2421357085621523, 2.1497081924914285, -0.1641577573761022
-0.2838563820159549, -0.34761321598267053, 0.4326073447058246, 2.256109345334919, 2.139990828688512, -0.19078942395767115
-0.2838943792780797, -0.34652432333091265, 0.44340256018378377, 2.26616796457697, 2.132892058549938, -0.20837587022779563
-0.2837502534225967, -0.3456771118893659, 0.4502886405241429, 2.272483384896775, 2.1296471737848526, -0.21870801844583956
-0.28348259320417213, -0.3450675098375182, 0.45375326445283426, 2.276936170473708, 2.129109847094501, -0.22022427617041343
-0.28316348549570397, -0.34453546625001225, 0.45349551236595387, 2.280876835989113, 2.131260264509564, -0.21304212859873858
-0.28273954758218006, -0.3440128598023419, 0.45000406717451, 2.284389775705459, 2.1356675896823085, -0.19866423541693834
-0.2822324588045368, -0.3434181677207241, 0.44219652424193234, 2.2886159648385496, 2.141709972239167, -0.17600829309734742
-0.28170132685424626, -0.34283622667555047, 0.43066960489408457, -2.286465035356447, -2.1422781133684308, 0.1447340579442578
-0.28118913663760786, -0.3424915395669416, 0.41854184874036093, -2.2809462834579755, -2.1403335933502157, 0.11424151069783611
-0.2807327601925956, -0.3422803020839757, 0.40639478574585797, -2.2737706502823745, -2.1389694070278074, 0.0845446902929907
-0.2803594401916945, -0.34210333644830043, 0.3957050650941719, -2.2678092214384127, -2.13800171656949, 0.05939523562763807
-0.2800078139792118, -0.3419195695384975, 0.38793665115660964, -2.2627600214751658, -2.1373599381700017, 0.04070692336511694
-0.279644732373079, -0.34173231253784175, 0.38268849420274004, -2.258870998108879, -2.137204787753956, 0.027503689889249675
-0.27929504103976516, -0.3415329981999312, 0.37926736852966, -2.2563632618525844, -2.137797085616275, 0.018494804525831125
-0.2788173172878667, -0.3414680092322733, 0.3771662944173828, -2.2555967655551945, -2.1408146094417866, 0.013794970324453013
-0.2782009818054024, -0.3417099280653399, 0.3753947305693904, -2.253831185695696, -2.1484349867983052, 0.009009796636081223
-0.2767248051028877, -0.34243874139222696, 0.3728455688475054, -2.254397025506658, -2.169145795088316, -0.004231835706478427
-0.2745938596991655, -0.3435712015559718, 0.3693583845426739, 2.2419728106407666, 2.1858169296161485, 0.023672334841641354
-0.2729257560138971, -0.34457836304371336, 0.36586254217710223, 2.2100924473800125, 2.190592039514186, 0.03841868454317487
-0.27142409348516366, -0.34550653001374915, 0.3631349119217204, 2.178339098273135, 2.1965501713017757, 0.04958450421703412
-0.26960585612876414, -0.3467083679401195, 0.36151538462580884, 2.1419776696195463, 2.199416827183906, 0.059095166562594365
-0.26689114627780497, -0.3483422696906892, 0.360545698520226, 2.0972389759807797, 2.194101723344053, 0.07405721673628661
-0.2647411598766241, -0.3497189501424001, 0.36025725400161046, 2.0564467277650453, 2.192718047923302, 0.08605465469292986
-0.2629472964976879, -0.3508647313990651, 0.3604004947528152, 2.019138715921945, 2.1945844309196434, 0.09510143691237542
-0.2613908560467788, -0.3519306791983326, 0.3612390709059222, 1.9834777538929889, 2.1969816200382257, 0.10199807784726163
-0.25959003442664175, -0.35315187657695096, 0.3635265137169154, 1.9455122185485272, 2.195473444093836, 0.10853425879313379
-0.25828496454565375, -0.35410740142524316, 0.366829522546459, 1.9129470832481832, 2.1952470542178975, 0.11367246633950706
-0.2573065572934392, -0.35512386512954947, 0.37091195814774885, 1.8841904513104, 2.1941098070301437, 0.11265261560702293
-0.25657564865903326, -0.3561359835589767, 0.3739438791986862, 1.8606356816669278, 2.1911288791872683, 0.10940674994722065
-0.25612322388262976, -0.35713784384612884, 0.37539259944192155, 1.8402603593868674, 2.1886821401038703, 0.10502840779221082
-0.2561336344713697, -0.35830782171122966, 0.37172741663689135, 1.821376352206576, 2.187411565831129, 0.1040662455685386
-0.25706329121434385, -0.35910812472302495, 0.3660061841274439, 1.809736274638065, 2.1904276401606677, 0.09955965388795217
-0.25892520031822464, -0.3593137426479016, 0.36384352041362283, 1.8073952019782136, 2.196382460210307, 0.08226903210566526
-0.2610438684487221, -0.3592303178858512, 0.36693425367089133, 1.8104017027496404, 2.199942695077728, 0.056826855222218496
-0.26319431959589606, -0.35862693047783506, 0.3734285387546936, 1.8165561625141295, 2.201577216725662, 0.030601055037215007
-0.2653836439388457, -0.3574935675031577, 0.38066967473926155, 1.8248005185082754, 2.2064707827612713, 0.005589604822019846
-0.2673898963420934, -0.3560408130870762, 0.38436206071572576, 1.834154802817605, 2.21623419984803, -0.009889418568729085
-0.26908394014302334, -0.354550199260055, 0.38442911381627626, 1.8141192765170548, 2.251909477746267, -0.019378112596459933
-0.26914716330047245, -0.3546200110535787, 0.3843965967212311, 1.7550086865654018, 2.298346552805797, -0.028499605652281098
-0.26920159730723525, -0.35468667342115157, 0.3844173777825213, 1.755757897707346, 2.297809982305851, -0.02889605426931818
-0.26915724892823023, -0.3548065215354564, 0.38437996709806366, 1.7562699603981533, 2.2961785195629503, -0.02814136742397436
-0.2691253181183849, -0.35487450765245776, 0.38447832216543887, 1.7552432074250155, 2.296976821672792, -0.028917003239463664
-0.2690390165691035, -0.35494372124410833, 0.3845438278350958, 1.7546766827194753, 2.297281075687947, -0.028932564664235234
-0.2689448429705437, -0.3548918256411273, 0.38445749402605345, 1.7544815956907305, 2.297249032533198, -0.027943440901674187
-0.26940197982234004, -0.3547042845770327, 0.3846365864308726, 1.7579542618839314, 2.2967400234908273, -0.030544451994712396
-0.2692166990180533, -0.3546597669987158, 0.3843935548585723, 1.7559196583944712, 2.2978207755264397, -0.02781616443167719
-0.26891776708067605, -0.3549547352183542, 0.384561014237247, 1.7539893846162473, 2.2976183502910232, -0.029190160804600122
-0.2690868061147763, -0.35480135534844603, 0.38448346483712814, 1.7558596442684995, 2.2970198047833428, -0.02869755961735485
-0.2693069529213903, -0.35460493752399536, 0.3844100387553709, 1.7578820927364214, 2.2961933115883197, -0.028169279748385633
-0.2693515215374019, -0.3546685625362848, 0.38462237524068493, 1.7566789409208854, 2.29735831266255, -0.029996189445231504
-0.2687042645553364, -0.3549765640540882, 0.38444403470145017, 1.7530796217547109, 2.296406301712858, -0.02696456001380333
-0.26918058801818123, -0.3547924930709771, 0.38439305147254754, 1.7561040327791058, 2.2976416114439404, -0.02890097768832986
-0.26912340068276575, -0.3547991464283198, 0.38441541430858783, 1.755518767200921, 2.296431751370778, -0.028235140089802064
-0.2691256338955251, -0.35480347238704246, 0.3843986911118385, 1.7554308816733926, 2.2967885081976647, -0.028362639184101555
-0.2690993641893314, -0.3548406321206694, 0.3843900734912839, 1.7553023488565909, 2.2970148983525793, -0.028247605431908105
-0.26915990170346515, -0.35479226420161797, 0.3843647976004211, 1.7558351911113603, 2.2974020624280937, -0.02828565063203892
-0.26911208027300954, -0.35478999789897603, 0.3843418971288137, 1.755634482315565, 2.297156059534191, -0.027949068718861606
-0.26908199533644095, -0.3548002958126459, 0.3843388885709236, 1.755375237018917, 2.297000086823901, -0.027797402023034178
-0.2690898432093137, -0.3548213321893264, 0.38432444777168495, 1.7553314642299602, 2.2969885240924675, -0.027876776688659146
-0.26910998930913077, -0.3548028290300921, 0.3843144712294974, 1.7555216883940299, 2.2971630883342673, -0.027817682454515547
-0.2690879035189717, -0.3547293764701843, 0.3843966408578723, 1.7556024553625331, 2.2972670526629124, -0.028223205312902615
-0.26908283631497704, -0.3547282409111902, 0.3844615681100427, 1.75551758133202, 2.297217095181916, -0.028496338166157428
-0.2691009067146721, -0.354746787031222, 0.3844571450366344, 1.7555285147765878, 2.2970519308565804, -0.028354525955214715
-0.2691060728960253, -0.3547891125795645, 0.3844474662095243, 1.7555173901642924, 2.2970764679056126, -0.028419284000832414
-0.2691047344171163, -0.35478877079378757, 0.3844807591193585, 1.7554599008655762, 2.2970059010347654, -0.02853480278659152
-0.26912269188999915, -0.3548184293922314, 0.38452202936914803, 1.755380157962444, 2.2969562868528848, -0.028952744616380286
-0.2690737499521872, -0.35483236228519016, 0.38459308875396636, 1.7550958706342552, 2.296701556471714, -0.029138737974641112
-0.2690198164852374, -0.3547924054525331, 0.38464707771019935, 1.7550275747032351, 2.2965769203227597, -0.028121464215797976
-0.26910480821100197, -0.35480022388826593, 0.3846128442691422, 1.7553093741083632, 2.2970856412494425, -0.029117179348128068
-0.26908770436646806, -0.3547989209528735, 0.38445617103207474, 1.7553417178613278, 2.2970314700865666, -0.028554024120916028
-0.2691291769692735, -0.354852077339901, 0.3843335093587221, 1.7555009810950504, 2.2970580352415935, -0.02811409646626337
-0.2691150815585462, -0.35484925728857175, 0.3843518133231547, 1.7553741293372627, 2.2970540916278246, -0.028165225430868118
-0.26909669719351786, -0.35482478846733384, 0.3844303194608825, 1.7553197570299799, 2.297081485405942, -0.028546946863822222
-0.26908939984444924, -0.3548194696973452, 0.38441361320877165, 1.7552841062214608, 2.2970730777509267, -0.02841782201720266
-0.2690930540331069, -0.35482225170744397, 0.3844125376057037, 1.7553435928159715, 2.2970598847327146, -0.028401777000301776
-0.26910699745885774, -0.35481045875122674, 0.3843927320462081, 1.7554022805351566, 2.2970613296182543, -0.02833358073730233
-0.2690929821569079, -0.35481967392419045, 0.3844269892832829, 1.7553475769731979, 2.2970680004329473, -0.02842293050126531
-0.2690834222952943, -0.3548142011526948, 0.38442572541619063, 1.755326281524415, 2.2970695271734365, -0.028416371758386166
-0.26908680824804315, -0.35481875999171963, 0.38444442874845397, 1.7553483514027273, 2.2970538773501974, -0.02848379013700123
-0.2690822338048011, -0.35481415273054623, 0.3844213454818931, 1.755346183500814, 2.297039387107221, -0.028408333039182856
-0.2690992055858738, -0.3548254820266721, 0.3844410436777361, 1.7553502117003001, 2.297026557275279, -0.028466058054562655
-0.2690933250588021, -0.35481551644307435, 0.3844099106507739, 1.7553557799274424, 2.297098115895175, -0.028398173819154736
-0.26910189347600966, -0.35481905822094545, 0.3844247174858492, 1.75535686092328, 2.2970284417039384, -0.028436763258681073
-0.2690901497352593, -0.3548185760251907, 0.3844302378252201, 1.7553641926393153, 2.2970158350628402, -0.02845891488756427
-0.26908506240872454, -0.3548200496478658, 0.3844278336854423, 1.7553155672457301, 2.297059698437311, -0.02842953887185756
-0.26909546558661035, -0.3548176758902891, 0.384423838422479, 1.7553432158767766, 2.2970388900136562, -0.02843391674142703
-0.26908610843377234, -0.3548173896420467, 0.3844248600373062, 1.7553234683965198, 2.297089925269573, -0.02840471528433255
-0.26908209079197126, -0.35481860298427415, 0.384448429957535, 1.7553085562230077, 2.297015643275123, -0.028519606401152402
-0.26909860953569553, -0.35481223980307836, 0.3844167936583234, 1.7553770188755917, 2.2970196058910086, -0.02840019014067747
-0.269092337077094, -0.35481584085196655, 0.38440209207761966, 1.7553315879667135, 2.297098891414874, -0.02841358905161423
-0.26908834131831094, -0.3548172830262888, 0.3844280918588615, 1.7553080657122142, 2.2970510425352404, -0.0284302177211408
-0.26909915560726944, -0.3548205079004396, 0.38442299396024343, 1.7553888788195964, 2.2970363947941967, -0.028420774985155987
-0.26908342184737777, -0.3548141214382198, 0.38443916953587726, 1.7553546559449305, 2.2970343906929696, -0.028477256533942844
-0.2690892529736314, -0.3548192719864269, 0.38442536485844353, 1.7553447059592366, 2.2970323504100816, -0.02837590559074982
-0.26908972095782363, -0.3548177089584491, 0.38442903574956616, 1.7553262029526473, 2.2970484610597666, -0.02844858449331669
-0.2690959683227123, -0.35480902783330437, 0.3844528098939374, 1.755329904803379, 2.2970146249495764, -0.02853415873408212
-0.26908096773745943, -0.35482600617882865, 0.384421692502556, 1.7553280481409332, 2.297041707490801, -0.028385618391218066
-0.2690840396406665, -0.35482496753499615, 0.3844309184412647, 1.7553488302114135, 2.2970536549565663, -0.02847886996318945
-0.2690978151087481, -0.35481765182264313, 0.38442451901482766, 1.755396456800012, 2.2970241624559766, -0.02845166800253383
-0.2690862664355295, -0.35481274800269746, 0.3844168665520516, 1.7553736197401, 2.297074237617653, -0.02844004733453049
