0.5359777759978982, -0.5031211932776595, 0.19124015589114698, 1.0736339972104698, 2.9481164645364046, 0.01101720044475379
0.5359595938122397, -0.5031393288171337, 0.1911939677699309, 1.0737106624109543, 2.948159626558457, 0.011063893694171203
0.535948558827705, -0.503143575790917, 0.1912155308138662, 1.0736821491533892, 2.9481369590349082, 0.011031528130222783
0.5359565705065509, -0.5031289512070509, 0.19120570900309303, 1.0736689342725043, 2.9481570540935995, 0.011017974703975619
0.5359616144850143, -0.5031407517052032, 0.1912190489070037, 1.0737084069657206, 2.948099198131978, 0.011040145413098217
0.5359553532807123, -0.5031390353468826, 0.1912199294891326, 1.0737183791557965, 2.9481267749846336, 0.011013561250645617
0.5359598120437586, -0.5031285541290041, 0.1911884075366555, 1.0736747796442792, 2.948172740241934, 0.011063651932143427
0.5359514436200818, -0.5031442433258747, 0.19122103552057482, 1.0737658638961594, 2.9480910474482016, 0.011045241757033829
0.5359612951714738, -0.5031295769991442, 0.1912257246990174, 1.0736899160342543, 2.948105481158224, 0.011040036392712893
0.5359512582172321, -0.5031349079206593, 0.19121904188540922, 1.0736997442397316, 2.948130190627586, 0.011031473353138508
0.535948558827705, -0.503143575790917, 0.1912155308138662, 1.073717498069444, 2.948124174448011, 0.011031603787569923
0.5359534672954164, -0.5031390582350563, 0.19120576477492132, 1.07370991301763, 2.9481577310561438, 0.011004692943216557
0.5359438227450882, -0.5031587606735918, 0.19120599012450168, 1.0737825415968578, 2.948081547459336, 0.011062881767791615
0.5359479200274337, -0.5031404834891225, 0.19122346837800924, 1.0736795059715243, 2.9481301874667722, 0.011067588399451517
0.535949078408046, -0.5031412705352363, 0.1912046691558243, 1.0737445535968042, 2.9481439062047103, 0.011082119649111368
0.5359565205057885, -0.503135933821649, 0.19122682144777298, 1.0737216234542568, 2.9480788335411026, 0.011053441716122131
0.5359580166178358, -0.5031461741262466, 0.19124353702551192, 1.0736900688234494, 2.9480495188962106, 0.01105723520953039
0.5359607934549034, -0.5031401130880733, 0.191233210455725, 1.0737517857477088, 2.94810790078755, 0.011050328300426099
0.5359588570156895, -0.5031388184124397, 0.19122544344477524, 1.073765824680861, 2.9480906376777685, 0.01104525521036175
0.5360955880361674, -0.5032474867813654, 0.19135039556637215, 1.073112165104375, 2.9463878015545926, 0.010256845063160203
0.5365699350240962, -0.5035734361025758, 0.19199585889416138, 1.0709893402926882, 2.940556355771577, 0.007634285249711815
0.5369189697196546, -0.5038467885848366, 0.19248847060314944, 1.069396843339783, 2.935977210738831, 0.005685263007964466
0.5370794513253675, -0.5039722291947915, 0.19270011127615919, 1.0686526780054413, 2.933912771021062, 0.004750052686152293
0.5370864073230618, -0.5039704722769431, 0.19272639758076485, 1.0686859568783196, 2.9338371005094035, 0.004668494822281007
0.537078426458075, -0.5039609959029604, 0.19270322766697076, 1.0686488013506192, 2.9339019842429197, 0.004745518479981972
0.5370800307714719, -0.5039700342106794, 0.19270674315092137, 1.0686741584063566, 2.9338615718678227, 0.004772168785443764
0.537082216989637, -0.5039636439074702, 0.192688219116985, 1.0686488867828023, 2.9339015171155123, 0.0047450242705242346
0.537092701990606, -0.5039629709113908, 0.19271341337322898, 1.0686178571515141, 2.933870374203046, 0.004690426757760807
0.5370944503578634, -0.5039509885985095, 0.1927110846520653, 1.0686018791611849, 2.933881838135485, 0.004731419782195845
0.5370953083186334, -0.5039621768612554, 0.19270269164855847, 1.068629897222062, 2.9338471568521864, 0.004721660088231562
0.5370877152681683, -0.5039555905725461, 0.19273977043338275, 1.068598074412661, 2.933818023390521, 0.004725672691047519
0.5370806992055642, -0.5039731481417528, 0.19269924311853068, 1.0686940702982102, 2.9338605239803526, 0.004735875729358893
0.5370825425575195, -0.5039744354697636, 0.19269166979382343, 1.0686234993175778, 2.9338866697999215, 0.004735194793353125
0.5370764680360747, -0.5039702674182838, 0.19268593510252388, 1.0686769952688926, 2.9338672867810174, 0.004735490250944234
0.537090762377218, -0.5039669514232343, 0.1927255761872854, 1.0686146849479736, 2.9338091714543135, 0.004743462741265439
0.5370935501656565, -0.503959606579898, 0.1927551115673274, 1.0686083529066013, 2.9337902110488945, 0.004716848929835743
0.5370871930295075, -0.5039658395505212, 0.19272701519069071, 1.068607985043487, 2.9337899414420865, 0.004715595468885764
0.5370987729639376, -0.5039540449100943, 0.19271683232832038, 1.0686180363683948, 2.933814723062153, 0.0047077952087755705
0.5371011944022509, -0.5039557167681962, 0.1927455574737031, 1.0686195054359038, 2.9337645990210444, 0.004689165285359558
0.5370876189113594, -0.5039568510702409, 0.19268478561826077, 1.068663432221961, 2.9338845377670264, 0.0047408227702085545
0.5370891904499421, -0.5039803690750787, 0.19269635269455151, 1.0686304636108983, 2.9338501890490845, 0.004702925157025499
0.5371050376675834, -0.5039596706322067, 0.19272353306552195, 1.0685620356306964, 2.933826073124028, 0.004684722559463128
0.5370818092777299, -0.5039752551683313, 0.19270153284473274, 1.0686517932612511, 2.933854685506728, 0.004707941481981817
0.5371015137038836, -0.5039677754210898, 0.19271943921362264, 1.0685832971144071, 2.933830076420526, 0.004689135075596249
0.5370866544924411, -0.5039680627984341, 0.19272003605843385, 1.0686405460624224, 2.933822005304142, 0.004694213903517563
0.5370921427371843, -0.5039586355256882, 0.19271770966293833, 1.0686285785016754, 2.9338447323100394, 0.0047403081388872805
0.5370885235133819, -0.5039733498485817, 0.19269635127870205, 1.068620478461153, 2.9338249855221834, 0.004788244406016426
0.5370861187789475, -0.5039809394017247, 0.19272145104071284, 1.0686267012620274, 2.9337846466021356, 0.0046385101999962
0.5370956957458987, -0.5039743386071724, 0.192684462742897, 1.0686131895484108, 2.933856550459327, 0.004702821198491054
0.5370891991735001, -0.5039579845420451, 0.19269691088829308, 1.0685945084932387, 2.9338605430698528, 0.004721239760193784
0.5370969192553908, -0.5039606381116462, 0.19271574976826256, 1.0686051368996363, 2.93383720255609, 0.004753086633202627
0.5371046428803093, -0.5039580855660498, 0.19273221926310946, 1.0685567877609932, 2.933812396149011, 0.00469804971742872
0.5370866061383134, -0.5039785681531423, 0.1927356435162413, 1.068614111575019, 2.933806507381428, 0.0046842815588438984
0.5370828914477408, -0.5039760160568036, 0.19272554821079443, 1.068671527750201, 2.933798442612492, 0.0046895473611985195
0.5371057528476002, -0.5039601924290352, 0.19273450919067742, 1.0686033760522111, 2.933774284198575, 0.0046710253325129856
0.5370816730205181, -0.5039725379890629, 0.19269718898063187, 1.0686676180264614, 2.9338423155868854, 0.0047441237084033345
0.5370889403905328, -0.5039577635357618, 0.1926991948492412, 1.0686377604353763, 2.9338688203889802, 0.0047311444611346665
0.5370757813146044, -0.5039948625392159, 0.19270616057315448, 1.068713126447196, 2.9338022118654834, 0.004657537967371482
0.5370978181278454, -0.503952018394387, 0.19270471627860064, 1.0686150541588484, 2.9338614916216588, 0.00474481019390292
0.5370709936115744, -0.503991582324465, 0.19271478928495106, 1.068634399801064, 2.933806299104958, 0.004647257353383822
0.5371041550437712, -0.5039591035764679, 0.19270728058399716, 1.0686155073591184, 2.933806728374191, 0.0046848527208646325
0.5371100660852642, -0.5039512943111838, 0.19269631383874014, 1.0686086433788031, 2.9338427283102804, 0.004717246964289718
0.5371082972787428, -0.5039487611220079, 0.19270063758645253, 1.0685151290524462, 2.9338610946038135, 0.004729720304518823
0.5370842195728535, -0.5039690612754606, 0.19268067892806573, 1.0686554982736023, 2.9338606118602413, 0.004671818755213757
0.5370879463421833, -0.5039557795338505, 0.1927044475052541, 1.0685931543584217, 2.933857668192141, 0.004739544699591068
0.5370753671348678, -0.5039787619644401, 0.19271684171559225, 1.0686335474005102, 2.9338055994431937, 0.004724689654315297
0.5371017725554035, -0.5039679964744147, 0.19271715529377145, 1.0686114171788565, 2.9337958796211536, 0.0046799598235669594
0.5370924099662382, -0.5039707415454419, 0.1927093532838564, 1.0686037944651212, 2.9338320760714716, 0.004711652309390442
0.537112190896514, -0.503941772948461, 0.19269832911629076, 1.0686120023770527, 2.9338537939248086, 0.00472243032676062
0.5370839951947324, -0.5039781318344672, 0.19272783800821863, 1.0686474569563267, 2.933786024904912, 0.004661619167797849
0.5371056970054292, -0.5039575042593594, 0.19268764631798133, 1.0686114245772447, 2.933850617517142, 0.004739690216461186
0.5370947360136932, -0.5039697245774587, 0.1927333875566803, 1.0686028807117764, 2.9337766864309893, 0.00472919980721793
0.5370910639181834, -0.5039605709676989, 0.19269280780028902, 1.0686170034092406, 2.933867442392866, 0.004708035633094078
0.5370925622080841, -0.5039642716009775, 0.19268641140202042, 1.0686338656902088, 2.9338557415693214, 0.004667144015788486
0.5370861317182902, -0.5039783115956108, 0.19270728058399716, 1.0686322643313624, 2.93380053023532, 0.004683950946146827
0.5370895113978853, -0.5039793061717468, 0.19271601498954094, 1.0686308704388081, 2.9337976828612877, 0.004702187388960281
0.5370867507011244, -0.5039774271942574, 0.19270728986529417, 1.068649235354456, 2.9337910602649044, 0.0047021108727377465
0.537098295777386, -0.5039642812281058, 0.1927522193870024, 1.0685939279012466, 2.9337493277924733, 0.004679161737661995
0.5371010803497066, -0.5039490638275793, 0.1926991820732863, 1.0685729038413396, 2.933853916763403, 0.004658077784791565
0.5370997282218752, -0.5039559618015278, 0.19266879485360935, 1.0686194827555744, 2.9339283743022424, 0.004732073643560358
0.5370843437852467, -0.5039784148908428, 0.19272577462567425, 1.0685863790350014, 2.933783731496754, 0.004651345694580492
0.5370958746235839, -0.503962609522585, 0.19272349405924516, 1.0685567731171257, 2.9338124109755968, 0.004697427183953926
0.5371038674965581, -0.5039760627143726, 0.19269803446439576, 1.0686467364193395, 2.9337848787260383, 0.004738350075620525
0.5370841208342086, -0.5039769789403513, 0.19270957759711366, 1.0686029496077347, 2.933773958114178, 0.004669074387657829
0.5371100660852642, -0.5039512943111838, 0.19269631383874014, 1.0685554640697863, 2.9338620401460274, 0.004716703922461529
0.5370992949100982, -0.5039623221935549, 0.1926963325327301, 1.0686054647412084, 2.93383716092325, 0.0047526530412341506
0.5371022931632571, -0.5039578602600472, 0.19269975110896884, 1.0686116177285678, 2.9337954484423014, 0.0046796007235794254
0.5370999975433568, -0.5039654720348415, 0.19272147893922179, 1.06858806269518, 2.933788801957627, 0.00469296945190501
0.5371052008547846, -0.5039453243932326, 0.19269055185942657, 1.0685356387852567, 2.933863127781892, 0.0047525951180275436
0.5370990855926816, -0.5039820293020404, 0.19271889281482055, 1.0686430536864109, 2.933721047200815, 0.004732445115583311
0.5370845170037724, -0.5039864093235568, 0.19270733803154672, 1.0685820562460393, 2.9338276490365724, 0.004705936539218597
0.5370919904583571, -0.5039718196810945, 0.19271710708570192, 1.0686068512328808, 2.933785270983649, 0.004674685251644091
0.5371102456442928, -0.5039725952208378, 0.19271018763624617, 1.0685626326666933, 2.9337725908720156, 0.004682625177944788
0.5370840170833059, -0.5039861494016049, 0.19268906822483275, 1.068662981596559, 2.933773368117515, 0.004696508338562549
0.5371019225989135, -0.5039549248035129, 0.19268759822073758, 1.068607570251, 2.9338397879267646, 0.004734780888735693
0.5371029919442465, -0.5039675688558559, 0.19273801336729499, 1.0685545838291324, 2.9337514215584553, 0.004673689479592613
0.5370857647306788, -0.5039780725439797, 0.19269424115367492, 1.0686188841975748, 2.933817689562727, 0.004688287710431206
0.5370907516880474, -0.5039908019077616, 0.19270560459635114, 1.06865100497122, 2.933740898431243, 0.004682508317009493
0.5370938881115465, -0.503959926638293, 0.19270495191257347, 1.0685988049709516, 2.933818380433319, 0.004725122702047493
0.5370977527365608, -0.5039639213599125, 0.1927159667687913, 1.0685568939403378, 2.9338123940360976, 0.004697276046079718
0.5371041080950303, -0.5039511262836682, 0.19273134049721297, 1.0685603668254335, 2.9338206143098424, 0.004644009046383589
0.5371054268389706, -0.5039679272861973, 0.19269780261670977, 1.0685734480352964, 2.933802610154593, 0.004715096354662958
0.5370950109025532, -0.5039686610996452, 0.19270530060878308, 1.0686019906754245, 2.933773304455578, 0.004746465019719403
0.5371096468124311, -0.503961627933407, 0.19271629682133556, 1.0685984201094971, 2.9337601157996787, 0.004683576197311612
0.537100311740974, -0.5039657189681279, 0.1926867690649666, 1.0686001586091676, 2.9338207956698055, 0.004706455037255839
0.5371045381168247, -0.5039594109961882, 0.19270526322007495, 1.0685192869851992, 2.933816705720268, 0.004674029950491266
0.5370900037793347, -0.5039783921614468, 0.19271079403229835, 1.0686179348434548, 2.933761849660294, 0.004705492082365213
0.5371010111676897, -0.503966172617057, 0.19271280200320035, 1.0686102818379946, 2.933793009244406, 0.004697802351151715
0.537096766851057, -0.5039738222538732, 0.1927151471972342, 1.0686016021333502, 2.933771134792486, 0.004687649343930665
0.5370875282285112, -0.5039793195261932, 0.19269658629617994, 1.068646601765291, 2.93378263406253, 0.004678864762612921
0.5370944005418667, -0.5039735281517745, 0.19269773589502262, 1.068642707924425, 2.933771836020425, 0.004674425187259575
0.5370984825871635, -0.5039776723720153, 0.1927316170557696, 1.0685179085836596, 2.9337591262948806, 0.004631891829618753
0.5370748656716984, -0.503991662982895, 0.19271830268135845, 1.0686200709257776, 2.9337676182254184, 0.004668797479001424
0.5371033969398643, -0.5039599759660319, 0.19270204095835025, 1.0684990338411424, 2.9338151738939438, 0.00465076629032517
0.5371058098671505, -0.5039576653142511, 0.19273832155288195, 1.068585030855982, 2.933724342014479, 0.00468747362078771
0.5371052934221819, -0.5039612437475919, 0.1927096163911532, 1.068591280608609, 2.933793876609291, 0.0046567332065294755
0.5370802614070147, -0.5039835259051939, 0.19270412290245806, 1.0686093870609792, 2.9337927785648192, 0.004696264479568735
0.537082533643187, -0.503986422523452, 0.19268790935759947, 1.0687032695523513, 2.933774291772944, 0.004683692227037914
0.537101394256892, -0.5039664800550022, 0.19271078464506558, 1.068584207691354, 2.9337775129172976, 0.004687697305842703
0.5370905136453831, -0.503969473809416, 0.19270177775991312, 1.0685472320698446, 2.933840414276893, 0.004706051431028054
0.5370909762684275, -0.5039803742458843, 0.19273801336729499, 1.0686070372066483, 2.933732297330884, 0.004673509882860904
0.5370928823905112, -0.503983032360347, 0.19270876017499963, 1.068581359426604, 2.9337695327185958, 0.004664186899236375
0.5371104024631342, -0.503960867837518, 0.19269137682210294, 1.068601506039432, 2.9337680064687737, 0.004705962176224671
0.5370953864701278, -0.5039728827667634, 0.19271078464506558, 1.0686198806740632, 2.9337645200762235, 0.0046877044768882156
0.5370957400107572, -0.5039757492487263, 0.1927379947238938, 1.0685920130776234, 2.9337444365845653, 0.004637562766059269
0.5370768002845743, -0.5039837848944125, 0.19273163161713197, 1.06866654095735, 2.9337290966390963, 0.004641938941308288
0.5371229143578578, -0.5039615951777682, 0.1926992175123227, 1.0685428469155764, 2.9337714489699973, 0.004660296410296841
0.5370838129339599, -0.5039767670151999, 0.19268649126347956, 1.0686326471439214, 2.9338004897394883, 0.004683400602013544
0.5371077570498325, -0.5039497832334743, 0.19271826375313567, 1.0685986240012768, 2.9337600960039483, 0.004683845091218112
0.5371021094875309, -0.503967001898748, 0.19272176087298848, 1.0685372095317904, 2.9337578051654543, 0.004673094324632862
0.5370905215120656, -0.5039669127146469, 0.19270502257535196, 1.0686177222488742, 2.9337591926792, 0.004723775338441593
0.5371129730834769, -0.5039625860466227, 0.19273507852773297, 1.0685889212944948, 2.933735162112071, 0.004692361867326051
0.5370965032285929, -0.5039644126240724, 0.19272261702380325, 1.0685995605963523, 2.9337629635183027, 0.004665283429615924
0.5370816214993501, -0.503997670276348, 0.19271311336586078, 1.0686174685981553, 2.9337596602181124, 0.004645806281607462
0.5370871121096322, -0.5039763796864811, 0.19272699826484724, 1.0686137872153336, 2.9337510525736343, 0.004700996339012331
0.5370941423357398, -0.5039746604283928, 0.19271076600259401, 1.0685689837079522, 2.933789650024269, 0.004651030713609496
0.5370934684206274, -0.5039702600485729, 0.19272493497878293, 1.0686067731821607, 2.9337291619092114, 0.004691635523235805
0.5371113756621236, -0.5039628503252105, 0.1927185961073984, 1.0685549236758363, 2.933751412957109, 0.004673615082292524
0.5371074633109897, -0.5039707143124019, 0.19273393506077371, 1.0685604798019448, 2.933712558576137, 0.004659325118397883
0.53709302456651, -0.503967331181282, 0.19269750473095862, 1.0685809238933817, 2.9337692435532254, 0.004741411625031273
0.537097367651834, -0.503965023834173, 0.19272376666050392, 1.0685423024643368, 2.9337715080793973, 0.004659938535829557
0.5371023125857554, -0.5039869524131338, 0.1927147956482779, 1.0685279089783017, 2.93373278861119, 0.004680684354104022
0.5371033247672554, -0.503974446180962, 0.1927339631698378, 1.0685924603600032, 2.9336909216758262, 0.0047136115177969845
0.5370941550643883, -0.50397203249944, 0.19269659557729754, 1.0685745463568599, 2.9338055334254483, 0.004696471465345582
0.537091978854492, -0.5039705420890109, 0.19272377594202494, 1.068629405868752, 2.933736531126552, 0.004678459483283115
0.5370856042369494, -0.5039767057773649, 0.19271073650249587, 1.06856266176728, 2.9337730332335474, 0.004681889362100084
0.5371086609967433, -0.5039622734085736, 0.19270324801874852, 1.068586261961364, 2.9337801374359316, 0.004669938142376952
0.5370822227094817, -0.5039888718709397, 0.19272173297451226, 1.0686641736108506, 2.9337215341563945, 0.004619182640318614
0.5371001556575297, -0.5039762066533012, 0.1926870529164713, 1.0686059566007193, 2.933781907290928, 0.004691862489678012
0.537111164683663, -0.5039521237444471, 0.1927052725013202, 1.0685532381710297, 2.9338011077921067, 0.00469272210967907
0.5370879694130093, -0.5039875679803801, 0.19271860549478728, 1.0685884512339991, 2.9337357476240773, 0.00469068876436439
0.53711175533369, -0.5039604614415921, 0.19271746515278013, 1.0685388806928096, 2.933762842817876, 0.004714359917133857
0.5370991208557341, -0.5039741514494586, 0.1927174558454253, 1.0686282409426102, 2.933733621666813, 0.004696573124326223
0.5370980666862679, -0.5039641681231977, 0.19268125703141992, 1.0685338281465626, 2.933857156137062, 0.004710403092172124
0.5371002868399418, -0.5039670681209129, 0.1927406022462144, 1.068561471763207, 2.933715006576094, 0.004641205600454452
0.5370902777189152, -0.5039706656333546, 0.19269975110896884, 1.0686108939267276, 2.933795636421504, 0.004678877426951129
0.5371188204785412, -0.5039464360673739, 0.19274267477791274, 1.0685148342495427, 2.9337532263521044, 0.00466945170997067
0.5370955231792779, -0.5039716931572246, 0.1927406209157095, 1.0685764951464125, 2.933702867797844, 0.004677151974675554
0.5370987118342851, -0.5039514232821246, 0.19268738491706114, 1.06853165082322, 2.9338518222104573, 0.0047471162024439
0.5370936855226901, -0.503962437072292, 0.1927292957320117, 1.068585148309471, 2.9337804192380683, 0.004670051769286256
0.5370898760852368, -0.5039796576250148, 0.1926988947876441, 1.0686018832475082, 2.9337710692333023, 0.004686877020281289
0.5370887112212712, -0.5039906753586018, 0.19272638283024643, 1.0685944814532817, 2.933751915371644, 0.004659436451339704
0.5370927183061589, -0.5039789690946718, 0.19272614214004014, 1.0686404721912328, 2.933713558932259, 0.00470972044220319
0.5370976312782564, -0.5039744334820535, 0.19271629682133556, 1.0685976962958512, 2.933760303720172, 0.004682851491438763
0.5371156232594909, -0.5039578968651716, 0.19271536457455798, 1.068571764489985, 2.9337397529451654, 0.004633105644135693
0.5370769957045545, -0.503991851435463, 0.19269774517616065, 1.068658242972353, 2.9337627750568194, 0.004691495951015657
0.5370907347203976, -0.5039723197508427, 0.19272375729922772, 1.0685435246271306, 2.933774366389423, 0.004641426396151244
0.5370977561471849, -0.5039666176921718, 0.19271508039221744, 1.0685827230974365, 2.9337724445332594, 0.004646792365463296
0.5370939931557747, -0.5039745710681989, 0.19272059258087806, 1.0685435592629398, 2.933774357198589, 0.004641406570811874
0.5371074019673208, -0.5039600772716548, 0.19271078464506558, 1.0686024121565683, 2.9337709391890963, 0.004688242304407426
0.5370983869470922, -0.5039736734041949, 0.19269137682210294, 1.0686007821073955, 2.933768194070169, 0.004705237787096652
0.5370983812986705, -0.5039657244318478, 0.19271508975336463, 1.0685996814131538, 2.9337629465763184, 0.0046651322894557465
0.5371013126278296, -0.5039690474520286, 0.19269226248912324, 1.068616814324003, 2.933809119351152, 0.004665847006991087
0.5370976312782564, -0.5039744334820535, 0.19271629682133556, 1.068633381123807, 2.9337473438086175, 0.004683217432345957
0.5370883742280343, -0.5039786607924797, 0.19273739863557493, 1.0686095820435935, 2.933681927177297, 0.004654077239582598
0.5370929076445343, -0.503977776321614, 0.19268041936518807, 1.06864583856104, 2.933781922220161, 0.004755615004661495
0.5370932651568114, -0.5039727700377937, 0.19274927918114462, 1.0685931173391372, 2.933691199776056, 0.004636566463609386
0.5370891263634693, -0.503980408689747, 0.19272381487741916, 1.068598785329674, 2.933763150257361, 0.004664670325959968
0.53708759339669, -0.503976683442938, 0.192730165248097, 1.0686177632586056, 2.933762324530358, 0.004706117593506046
0.5370859638716988, -0.5039875216983772, 0.19271423355523187, 1.0686249315771668, 2.9337258619909155, 0.004672765384472844
0.5371009056206733, -0.5039674975189639, 0.19268584607021738, 1.068625434270313, 2.9337781974022303, 0.004674321864444565
0.5371146058002817, -0.5039624022846929, 0.19272641080703853, 1.0685560412814978, 2.9337560730012173, 0.00471461543418563
0.5370969938237434, -0.5039753618360852, 0.19270118476727244, 1.0686661499936159, 2.933726572770876, 0.004660393179739676
0.5370881472114332, -0.5039784351248994, 0.19269659557729754, 1.068645380154604, 2.9337797713288634, 0.004696838544446783
0.5370930200322647, -0.5039725885763018, 0.19269337340266626, 1.0686071090007943, 2.933784788360801, 0.0046739284234682404
0.5371137362448662, -0.5039526023493671, 0.1927304472129297, 1.068479495128253, 2.933763222708153, 0.004686780419034484
0.5370897340576611, -0.5039689913814601, 0.19271826375313567, 1.0685625530023706, 2.9337730832584117, 0.0046823992683561536
0.5370980143822718, -0.5039654854414295, 0.19270205031927415, 1.0686037941681419, 2.933773753055432, 0.004669647404760886
0.5371114432090964, -0.5039655070549109, 0.1926902471681272, 1.0685954624805425, 2.933804664794423, 0.00466120856923622
0.5371024911626698, -0.5039712146276686, 0.19272724520820178, 1.0685720559843817, 2.933742828390557, 0.00461468882753307
0.5371070967086171, -0.5039704755372302, 0.19272089544394017, 1.06861794409721, 2.9337039889330154, 0.00466438865381351
0.5370941697646088, -0.5039746922813678, 0.19274380580947387, 1.0685840060757563, 2.9337223507547745, 0.004627801521034001
0.5370963321233143, -0.5039709263021503, 0.19273045652044654, 1.0686190511254527, 2.9337091233547525, 0.004705122266846243
0.5370944470668486, -0.5039801915171588, 0.19272844147666207, 1.0685091637371618, 2.9337367462737576, 0.004698855091325942
0.5370868354166576, -0.5039775559114799, 0.19272492559136586, 1.0685898033136036, 2.9337386269142685, 0.004672936349868367
0.5370878766039946, -0.5039796024343783, 0.19269452301412998, 1.068603191237578, 2.9337739242378023, 0.004668772103479359
0.5371045996652717, -0.5039700481377788, 0.1927284134999385, 1.0685838859933503, 2.9337196373288896, 0.004646204972036257
0.5371052316385704, -0.5039665360084375, 0.19271425224980843, 1.068570034000492, 2.9337392658877657, 0.004709430802333522
0.5370936786757002, -0.5039809863989003, 0.1927382588666564, 1.068555105755032, 2.933698843259222, 0.004671978351025622
0.5371173039614333, -0.5039696247021864, 0.19273327155691988, 1.0684848684561292, 2.933721713199904, 0.004613035506638199
0.5371239680503589, -0.5039596566443268, 0.1927342130997168, 1.0685636637083542, 2.9337198764525945, 0.0046829271603925585
0.5371093882840372, -0.5039588529655529, 0.19275481950443973, 1.0685148012666168, 2.93369749162908, 0.004685992329289358
0.5370934482938334, -0.5039834647657113, 0.19272956318711726, 1.0685615894585632, 2.9337154109516312, 0.004640499142632405
0.5370969903059863, -0.5039819210461671, 0.19271430033994982, 1.0686088492463122, 2.933737323526275, 0.004713980996575514
0.5370943328139589, -0.5039708712533797, 0.19272608464076427, 1.0685320228185706, 2.933744058913934, 0.004686109910471129
0.5370964369690489, -0.5039763151942986, 0.19273386824380462, 1.0685947546387942, 2.9336944890912373, 0.004618297017165965
0.5371006870263676, -0.5039779119426258, 0.19274375252135842, 1.0685712500775844, 2.933687389768325, 0.004631727924358966
0.5370928306781656, -0.5039804437796147, 0.1927220524200323, 1.0685904019659662, 2.9336856086958942, 0.004671734577404274
0.5370861609073808, -0.5039744383324573, 0.19273281860504587, 1.068622749465711, 2.933719497658078, 0.004709394569383891
0.5371030692333535, -0.5039782743039668, 0.1927461072557798, 1.0685620596088015, 2.9336624321428286, 0.004639914073030275
0.5370997154259255, -0.5039653618147254, 0.1927260752533266, 1.0685332692516296, 2.9337469832106158, 0.004668316294641406
0.5370907189973747, -0.5039789140221139, 0.19272177026039142, 1.0685886035979435, 2.933735726437571, 0.004691069637428602
0.5371178141810067, -0.5039686663086563, 0.1927431537501261, 1.0685281970868357, 2.9336776227200363, 0.004622095206738894
0.5371020155613162, -0.5039682904550428, 0.1927429016594367, 1.068589344241833, 2.9336803843865793, 0.004631978099747992
0.5370926869495644, -0.5039816408897679, 0.19272520989672975, 1.068578120441238, 2.933706124526359, 0.004658522745206581
0.537118962809176, -0.5039575803008768, 0.19273072216861784, 1.0685398916035025, 2.9337078839532835, 0.004654943534442383
0.5371045878387213, -0.5039687704029234, 0.19273508258819194, 1.068570755330017, 2.933683857654118, 0.004649614030526195
0.5371050973550815, -0.503970420482682, 0.19271652361031394, 1.0685484085906563, 2.9337325722203733, 0.0046455557657464055
0.5371147334714972, -0.50396920387496, 0.19272551235891439, 1.0684823614009935, 2.93371372800113, 0.0045899969301026675
0.5370890540797894, -0.5039910246581114, 0.1927417353620323, 1.0686516785981437, 2.9336331380733087, 0.004621999057031707
0.5371071346605774, -0.5039639407961637, 0.19270782593669225, 1.0685508931083247, 2.9337379090182774, 0.004609334147873996
0.5371100112027453, -0.5039619791597102, 0.1926991768540735, 1.0686220852158042, 2.9337143796101683, 0.00466880836073167
0.5371009873529216, -0.5039649301927401, 0.19270436824835901, 1.0685226814985453, 2.9337720649219383, 0.0046954521303152474
0.5370888528428712, -0.5039842811277443, 0.19272085609880277, 1.0686004563448308, 2.9337108365689963, 0.004586126734289833
0.5370866789820821, -0.5039880434976934, 0.19272520989672975, 1.0685956006779436, 2.933699738792554, 0.004658342829316745
0.5371136237093247, -0.5039670971533783, 0.1927232221762666, 1.068541601399366, 2.9337134076279994, 0.004618106924372049
0.5370907221717269, -0.5039816102353326, 0.19272088405081944, 1.068667608085857, 2.9336764627746432, 0.004641134737310028
0.537107365169079, -0.5039614625681061, 0.19271652151865434, 1.0685269178879715, 2.933727694565692, 0.004640634645981172
0.5371274135854597, -0.503960823421283, 0.19274548124303895, 1.0685349085501625, 2.9336407724533013, 0.004667148403758255
0.537090373360864, -0.503980029704084, 0.1926870049626399, 1.0686377752069554, 2.9337580846131175, 0.004686960281576323
0.53709746368761, -0.5039743881159482, 0.19271102068493384, 1.0686218355158257, 2.9337148350901314, 0.0046685621044693735
0.5371143919134639, -0.5039570467036332, 0.19270117540632126, 1.0685266051884583, 2.933780703022245, 0.004641871924573229
0.537111758590143, -0.503953902270234, 0.19270434958006044, 1.068525336530755, 2.9337778212882664, 0.004660045113773919
0.5371225638772708, -0.5039588276972635, 0.1927321636632957, 1.0685190577085488, 2.933650396382199, 0.004648787516689966
0.5370958305427962, -0.5039838271871908, 0.1927319178698153, 1.0685349071444126, 2.933696805678659, 0.004648504398951457
0.5370926056111793, -0.5039842085262323, 0.19270668756779027, 1.0685925359513595, 2.93374433749521, 0.004636487643896787
0.5370938873268799, -0.5039745818363309, 0.19274840237330715, 1.068546881107957, 2.9336741155236954, 0.004603330428894975
0.5371042543364728, -0.503971164020935, 0.19269364805407568, 1.068597372178532, 2.9337549554720996, 0.004641727957220634
0.5371237273978426, -0.5039511944858143, 0.19272956318711726, 1.0685619995155, 2.933715449206184, 0.004642315997929809
0.5370971290517527, -0.5039767643379162, 0.1927602945425461, 1.0685330173961591, 2.9336918195403534, 0.004608531796847413
0.5371132411207302, -0.5039734525530627, 0.19270819544923481, 1.0685556317324982, 2.9336983447742537, 0.004671903890853619
0.537107737907908, -0.5039696506378306, 0.1927058480964693, 1.068577781124482, 2.933702570561234, 0.0046767771461577795
0.5370900075207858, -0.5039731861084856, 0.19270842489229129, 1.068576453977781, 2.9337540290203985, 0.004618788658500829
0.5371111197083082, -0.5039772468262702, 0.19272119782065447, 1.0685389410282624, 2.933705396443826, 0.004594956445017186
0.5371026070916449, -0.503967374184966, 0.19270987102297132, 1.0685374165248425, 2.9337577804832145, 0.004672811869407194
0.5371126230240167, -0.5039637688467677, 0.19271772856672637, 1.0684904843718663, 2.9337375991334973, 0.004658357810387175
0.5370883742280343, -0.5039786607924797, 0.19273739863557493, 1.0685738980879698, 2.9336948870106174, 0.0046537099851698465
0.537108961689987, -0.5039744150057515, 0.1927275387598943, 1.0685239923766958, 2.9337202321552414, 0.004617888437336733
0.5371029770920975, -0.5039703092827296, 0.19272202438985192, 1.0685239738754428, 2.9337197926011473, 0.004617453731255366
0.5370924508640786, -0.5039828326104988, 0.19272318346404696, 1.0685537942296546, 2.9336932999086778, 0.004630448830692302
0.5371068123080935, -0.5039821727924708, 0.19273447663330903, 1.068549691810114, 2.933682019019126, 0.004626200684536501
0.5371126347346007, -0.5039650464915884, 0.19271105946102352, 1.0685387739095384, 2.93376061092978, 0.004655310844837054
0.5371080916834117, -0.5039725172532697, 0.1927330583136323, 1.0685147558096055, 2.9336952548245163, 0.004626274048109773
0.5371120311583198, -0.5039646848863324, 0.19275075947678302, 1.0685599043016776, 2.933653850691092, 0.004617706498478576
0.5370960406448921, -0.503970783000414, 0.192692313278746, 1.0685918031924098, 2.933743670495795, 0.004713498710963965
0.5371078279000125, -0.5039710656811417, 0.1927168151733015, 1.0684786670849769, 2.9337051284401445, 0.004643471067824973
0.5371166083279048, -0.5039678194753823, 0.1927188710367776, 1.068562655355275, 2.9337151655741702, 0.004641416491288061
0.5370951800321709, -0.5039873832661521, 0.19273097661331845, 1.0685977989933995, 2.9336471900770307, 0.004580611255340354
0.5371027027965183, -0.5039780356357695, 0.19273306759537653, 1.0685843641475659, 2.9336666316836726, 0.004644616609207755
0.5370952460895511, -0.5039834386806479, 0.19269601199406036, 1.068586224491692, 2.9337272948650504, 0.004667341904252054
0.5371138820537191, -0.503965964983639, 0.1927101919402915, 1.0685444794897239, 2.933721323612543, 0.004640774883061572
0.5371138820537191, -0.503965964983639, 0.1927101919402915, 1.0684566675996428, 2.9337532124784027, 0.004639871831925762
0.5371176836903983, -0.5039672358575013, 0.19273214048735013, 1.0685214764433273, 2.9337140232718983, 0.004654321106169406
0.537093695018643, -0.5039810549632683, 0.19272320213299662, 1.068569003865239, 2.9336811304108985, 0.0046667566390250275
0.5370987766074852, -0.5039871740052752, 0.1927518308522508, 1.0685591188161867, 2.9336540051114883, 0.004616727402813087
0.5371040662111745, -0.5039605362266468, 0.19273077980362302, 1.0685162790651979, 2.933698117779408, 0.004608261193080082
0.5370994639232161, -0.5039863927332745, 0.19275973052274745, 1.0685422365218151, 2.9336078281203206, 0.004615530426147577
0.5370853683863539, -0.5039792505615454, 0.19271945638722854, 1.0685278918297767, 2.9337310564833676, 0.004621605290755559
0.5371099232592483, -0.5039725268145816, 0.19273215427570636, 1.0685195692348148, 2.933653475375337, 0.0046299053358922785
0.5371053712480448, -0.5039680423867455, 0.1927432027049877, 1.0685003507635258, 2.933656594254625, 0.0046478606575271805
0.5371170722246931, -0.503965558964871, 0.19273537647201788, 1.0685578492897356, 2.9336484973331474, 0.004653715932043246
0.5371103637038849, -0.503983371980265, 0.19269313119552578, 1.0685927800429988, 2.9336882092264025, 0.004653455852963157
0.5371113631867248, -0.5039721408386798, 0.19271572284161373, 1.0685555109253952, 2.933698361710708, 0.004672055033816
0.5371087456151764, -0.5039624020520276, 0.19272088405081944, 1.0685800082903976, 2.933708390175765, 0.00464131282867795
0.5371090808645338, -0.5039653125541692, 0.19273299158091495, 1.0685310380332254, 2.933683793683126, 0.004585781703553904
0.5371027378770219, -0.5039688048514209, 0.19272088405081944, 1.068579996344208, 2.9337083573783773, 0.00464095304799779
0.5370834594945139, -0.5039976712398654, 0.19271220912296502, 1.0686397627886972, 2.9337114983035533, 0.004649794569786799
0.537090307005781, -0.5039932298298746, 0.19273419869026964, 1.0686178758615044, 2.9336487816642776, 0.004603332704018469
0.5371142502152578, -0.5039543960521417, 0.1927142472121362, 1.0685181420984144, 2.9337036280096114, 0.004649428506922004
0.5371065679183166, -0.5039794376491386, 0.19271480948601444, 1.0685970429345648, 2.93364651547662, 0.004657718719557383
0.5371145337611193, -0.5039730182618046, 0.19274433147907782, 1.0685737743250716, 2.933638832385706, 0.004671584430143764
0.5371004800600998, -0.5039698818914462, 0.19272954240441434, 1.0685959187790381, 2.933696942509445, 0.004600360363475141
0.5371188882533271, -0.5039800035112477, 0.1927576279175744, 1.0684556595944315, 2.933642633489262, 0.004597464147578878
0.537111391734593, -0.5039629187023932, 0.19270353934651974, 1.068533662401355, 2.9337464686194203, 0.004668032166505915
0.5371073302956482, -0.5039706933952997, 0.1927287050233089, 1.068584462276847, 2.9336666567571585, 0.004644845773174856
0.5371124451075882, -0.5039636897481767, 0.19266971256754586, 1.0685070078787113, 2.933781265895168, 0.004676737288899621
0.5371006034539597, -0.5039805920022435, 0.19269507068745428, 1.0685782845120706, 2.933703441644226, 0.004599077455925885
0.5370808992002903, -0.5039867579498095, 0.19273192954176296, 1.0685822941345797, 2.933661745221164, 0.0046027427332202
0.5371024853882219, -0.503977886224373, 0.19271020122166654, 1.0686315689867036, 2.933686313918507, 0.0046589371399139365
0.537111077596693, -0.5039693342439401, 0.19272120581392144, 1.0685808907238261, 2.9336579964449836, 0.004698973441955089
0.5371081542462389, -0.5039699933994631, 0.19273647815774186, 1.068531885446922, 2.9336334103496746, 0.004643460968473713
0.5370972884828663, -0.5039862167715164, 0.1927321449939943, 1.0685380853136102, 2.933649982961948, 0.0046113890254557656
0.5371030091908185, -0.5039663978126586, 0.1927044299297066, 1.068524640805373, 2.933722380181566, 0.004676303475133467
0.5371159491875288, -0.5039660797552155, 0.19274725700657666, 1.0685057017630182, 2.933670724218483, 0.0046352970224730165
0.5371146578151812, -0.5039771234344519, 0.19274431952373927, 1.0684737444669294, 2.933636627372197, 0.004597439526821246
0.5371121953200306, -0.5039846789051243, 0.19272817025381678, 1.0685648336415412, 2.933612016603361, 0.004620266958516376
0.5371156359843989, -0.5039552689975931, 0.19270119404847166, 1.0685064816989853, 2.93378136554034, 0.004677817595377155
0.5371047723762234, -0.5039901177962529, 0.19272376170984962, 1.0685468728306886, 2.9336190163336915, 0.00461977798899814
0.5371063296716001, -0.5039673650920498, 0.1927232114403953, 1.0684448348440716, 2.9337229904455286, 0.004684183694225678
0.5371016984837442, -0.5039787250311781, 0.19270491607445864, 1.0686035788483768, 2.933663083565902, 0.004626127455891131
0.5371080380959469, -0.5039817920586372, 0.19273013928615404, 1.0685506697957476, 2.9336298970763193, 0.0046250880743916685
0.5371030730916797, -0.5039717153575619, 0.19273299158091495, 1.0685667098711051, 2.933670801474116, 0.004585788913966533
0.5371140043007437, -0.5039753173847742, 0.192755289463947, 1.0685112187555625, 2.9336314202021483, 0.004620668936207339
0.5370966893588137, -0.5039818545222171, 0.1927037943243355, 1.0686037928403491, 2.933665266821097, 0.004684663658036336
0.5371060676420895, -0.5039725149754368, 0.1927135837566263, 1.068547623406054, 2.93367450513032, 0.004603140979721894
0.5371145010047347, -0.5039650805600179, 0.19271020122166654, 1.0685614492279303, 2.9337118547733354, 0.004658935340716884
0.5371112280517183, -0.503983983153569, 0.19269428090847252, 1.0685531902213723, 2.9336903377348933, 0.004648290886277371
0.5371210675233451, -0.5039696868905048, 0.19272146214515756, 1.0684845778002932, 2.933666250312759, 0.0046297325607068274
0.5370989544295741, -0.5039899629152218, 0.19273102466881947, 1.068619145014359, 2.9336516667081605, 0.004585700315593375
0.5370990573923926, -0.5039887501995038, 0.19272782110358797, 1.0685432606884318, 2.9336636955995963, 0.004598014272042013
0.5371039154004017, -0.5039789296279905, 0.19273215427570636, 1.0685727325058862, 2.9336341305331306, 0.00463009311684132
0.5370850755608438, -0.5039870208474779, 0.19271539693719547, 1.0685841449325972, 2.9336672221113687, 0.00464354984576043
0.537110964287307, -0.5039838288935702, 0.19271398074369078, 1.0685546610343648, 2.933640261112938, 0.004629391324485131
0.5371168302759423, -0.5039575042677286, 0.19272112039558764, 1.0684761483336753, 2.933697170433173, 0.004621443153491667
0.537107504911057, -0.5039892975588466, 0.1927434662540021, 1.0685301145741026, 2.9336301179874007, 0.004660876699498368
0.5371222649426414, -0.503961245725088, 0.19269077469602902, 1.068474674734683, 2.933746787985643, 0.0046399796959375504
0.5371075685224567, -0.5039827659781563, 0.19272030310016833, 1.068578016683576, 2.933647797394442, 0.00461674649943482
0.5371122951643488, -0.5039728116360593, 0.19274956593393244, 1.0685316269329934, 2.933633433588613, 0.004643854907190119
0.5371174134350077, -0.5039764188167282, 0.19272377109735775, 1.0685106778606317, 2.933628896380754, 0.0046382920154970815
0.5371078279000125, -0.5039710656811417, 0.1927168151733015, 1.0685489855089527, 2.933679591668931, 0.0046441956283914424
0.5371020373028099, -0.5039776177686611, 0.19273968156614774, 1.0685192615951373, 2.933653523119311, 0.004629693552699474
0.537111801298447, -0.5039738386007763, 0.19272462695795795, 1.0684668643425437, 2.933672642565024, 0.004629208906644429
0.5371108885109607, -0.503983732967168, 0.19273908494558456, 1.068515179286312, 2.9336422483799938, 0.004624800910156449
0.5371039545499955, -0.5039908088955145, 0.1927159884893899, 1.0685994371635579, 2.9336522337753115, 0.0046213436864404505
0.5370997721940333, -0.5039892717737765, 0.19273879776900935, 1.0685847726158952, 2.9336118424079363, 0.004584323699480093
0.537120455483285, -0.5039599942926497, 0.19273099523059703, 1.0684545784450543, 2.933692706809081, 0.00461672802447451
0.5371051927588043, -0.5039810817814736, 0.19273972039444723, 1.0685776889022505, 2.933647839020652, 0.004617180096218542
0.5371023070457633, -0.50398701878096, 0.19273221170641516, 1.0684868305905757, 2.9336741804527655, 0.004651880460647071
0.5371148640722362, -0.5039693371077838, 0.1927005828725944, 1.068504172856648, 2.933718157567684, 0.004594409551515581
0.5371151871898786, -0.5039748242528044, 0.19273336146985284, 1.068571457774199, 2.9336312714355595, 0.004648718416497396
0.5370973555081, -0.5039875592519902, 0.19275856207689404, 1.0685660925003428, 2.933618058592515, 0.0045843834970863435
0.537100982865547, -0.5039768889609298, 0.192748705686576, 1.0684624234467115, 2.933661396889948, 0.004624317365762476
0.5370900698829897, -0.5039799176347258, 0.1927240739048025, 1.0685626382148505, 2.9336627935604196, 0.004639083470387137
0.5371127001688055, -0.5039744741697538, 0.19272582272529867, 1.0685156280649881, 2.933642193991935, 0.004624764862994406
0.5371105571859376, -0.5039756162777124, 0.1927246083149923, 1.0685578313270703, 2.9336462510708405, 0.004593996821519279
0.5371145900397538, -0.5039770636956463, 0.19271162595722785, 1.0685288796291788, 2.9336779566965623, 0.004621205158051546
0.5370964019792112, -0.5039922087811514, 0.19272900820525293, 1.0686227602023441, 2.933609244378317, 0.004666018184973879
0.5371162906252196, -0.5039769397541918, 0.19273565164687212, 1.0685117062129708, 2.933631811521874, 0.004620421988693561
0.5371176101867857, -0.5039672423571906, 0.19271686316719394, 1.0684650407180185, 2.9337223432090678, 0.004648560583474649
0.5371044516011892, -0.5039660532843192, 0.19273073871115046, 1.0685501924015035, 2.9336847036813722, 0.004685421384017905
0.5371088764051206, -0.5039638882830141, 0.19270670131267073, 1.0685738841493286, 2.933690018563891, 0.004613338365813546
0.5371197546467429, -0.503968807002694, 0.19274979316446852, 1.0684998453911883, 2.9335993765323534, 0.004606563149886175
0.5371075290956838, -0.5039708866601604, 0.19273646877011785, 1.0685331206665616, 2.9336363008051642, 0.004625308393889605
0.5370967029150188, -0.503972621733208, 0.19272408329217142, 1.068579606813803, 2.9336533288087554, 0.004657784472873532
0.5371228426509012, -0.5039722113684435, 0.19271713824016995, 1.0685074077189676, 2.9336735183556333, 0.004616719454564286
0.5370973289473477, -0.5039981367839461, 0.1927587202629468, 1.0685543995271587, 2.933585522952297, 0.004569608867286897
0.5371101003650497, -0.5039739623036915, 0.19270060148891535, 1.0685543554029282, 2.933693251020476, 0.0046307176158983075
0.5371162935283531, -0.503979635735841, 0.1927347658664404, 1.0685023777834568, 2.933604628489702, 0.0045695818249875415
0.5371090995591556, -0.5039706338754504, 0.19269510797162068, 1.0685207308126548, 2.9337110900244006, 0.004671148029573874
0.5371181210547555, -0.503976892954248, 0.19275994412870426, 1.068511695283311, 2.9335784193935828, 0.004619621267589097
0.5371075685224567, -0.5039827659781563, 0.19272030310016833, 1.0685598251443358, 2.933654404364007, 0.004616558859349064
0.5371020522945352, -0.5039815916991802, 0.19273212637667464, 1.0685055713660743, 2.9336684731935816, 0.004575263535013102
0.5371123804828681, -0.503987499479129, 0.19275010535226542, 1.0685436158178225, 2.9335528144709158, 0.004555661591298258
0.5371128149536837, -0.5039745392043515, 0.1927159498494841, 1.0685412085266377, 2.9336579201247077, 0.004634580971463754
0.5371016979786217, -0.5039879804269887, 0.19271714560370276, 1.0685194558612057, 2.933653006361681, 0.004628687095677285
0.5371015140299983, -0.503987866482592, 0.19272692652264967, 1.0686000127241264, 2.9335997127976947, 0.004620347362294557
0.53709389385919, -0.5039812482637858, 0.19273096582943092, 1.0685005199589903, 2.9336569999873747, 0.004647039904697334
0.5370995734065169, -0.5039957412354326, 0.1927139901310502, 1.0685883855100975, 2.9336245993419197, 0.004647182746871708
0.537091109965421, -0.5040057343786191, 0.19274660054619247, 1.0685909605905912, 2.93357605435091, 0.004551540473870638
0.5371057373226903, -0.5039775530453262, 0.19267776314302548, 1.0685627092765642, 2.9337170541989592, 0.00469841644211524
0.5370993894902578, -0.5039956273100525, 0.19272377109735775, 1.0685631171555567, 2.9336097402911903, 0.0046377496136106545
0.537100821277426, -0.5039807416982051, 0.19271793701317871, 1.0685487480376592, 2.9336773422103137, 0.004584938641723437
0.537119333114529, -0.5039671779835431, 0.19272583211280106, 1.0684969129385393, 2.933645688662732, 0.00464309810430154
0.537112305875561, -0.5039636338691934, 0.1927222794278729, 1.068506167256685, 2.9336706763002565, 0.0046346206261413435
0.5370986633305408, -0.5039845724277745, 0.19270723423185793, 1.0685576137972754, 2.9336485956946734, 0.004651929595334081
0.5371214572192439, -0.5039594170822115, 0.1927289874908868, 1.068516316913433, 2.9336420144482593, 0.0046255145928265845
0.5371001754471916, -0.5039763744026584, 0.1927321522092622, 1.0685687218593392, 2.933622867583932, 0.004624992413311921
0.5371083253017566, -0.5039714378279584, 0.19270492535570824, 1.0685491924803687, 2.9336795669889226, 0.004643913166652602
0.5371215778116532, -0.5039687285439385, 0.19273134445423423, 1.0685286041734035, 2.933621906262898, 0.004638800906521756
0.5371114690486987, -0.5039736241198285, 0.19271163332743024, 1.0685411384617116, 2.933657479132865, 0.004634257759468804
0.5371211170026065, -0.5039736851423108, 0.1927139528453442, 1.0685415732808692, 2.9336550384458295, 0.004575841399498308
0.5370806000536001, -0.5039971484046529, 0.19270904676509581, 1.068617633271607, 2.933648955029935, 0.004602283259577224
0.5371023966322582, -0.5039884335714289, 0.19274317900442886, 1.0685640367177889, 2.93361270518741, 0.004620392356911199
0.5371039154004017, -0.5039789296279905, 0.19273215427570636, 1.0685545410335437, 2.9336407374210065, 0.004629905335883329
0.5371210616915795, -0.5039684001872807, 0.19272813170377942, 1.0684891013709332, 2.933624026288843, 0.004633503431080873
0.537108936946969, -0.5039824276302783, 0.19273133506661688, 1.0685647990093932, 2.9336120257939378, 0.004620286786469705
0.5371097472089831, -0.5039843549083203, 0.19275327943244946, 1.0685066631941313, 2.933562893467256, 0.004573463598692467
0.5371048892583351, -0.5039941756335593, 0.19274894623126315, 1.068601381921505, 2.9335473518463284, 0.00454266900027222
0.5371234109314682, -0.503975339340429, 0.19273705630225446, 1.0684783104006539, 2.933592211716711, 0.004542196260520373
0.5371065082405845, -0.5039807630081605, 0.19273560364166822, 1.0685610146653628, 2.933601637069698, 0.00461570125092773
0.5371206949009434, -0.5039681612888257, 0.19271509204437984, 1.0684755473869079, 2.933641248603545, 0.004637835677489123
0.5370948749356467, -0.5039938756618918, 0.19273358672323132, 1.0685172514806969, 2.9335924916759595, 0.004604688017609946
0.537085369436682, -0.5039965224970197, 0.1927356110021858, 1.0685725245487645, 2.9335812870686384, 0.004627840711995982
0.5371004943323999, -0.5039858789638048, 0.19274227322111984, 1.068512000942701, 2.9335788195977672, 0.004618555915997591
0.537090798950209, -0.5039923155149488, 0.19272897820924675, 1.068586747784477, 2.9336195561776193, 0.004606450558581925
0.5371118971601202, -0.5039752445803565, 0.19273559435989482, 1.068526566810211, 2.9336174908179955, 0.004597721257794333
0.5371015140299983, -0.503987866482592, 0.19272692652264967, 1.0685825211421072, 2.9336060657738665, 0.004620166590940536
0.5371181715363762, -0.5039809475005601, 0.1927272385017001, 1.0685556726458454, 2.933585299091732, 0.004569981034673317
0.537084056229691, -0.5039969255430662, 0.19275766537444528, 1.0685829507138984, 2.9335557715890683, 0.004600522006475544
0.5371051330672816, -0.5039890697948666, 0.19274347107488662, 1.068582789417487, 2.9335530896377606, 0.004619401388160052
0.537108534791448, -0.5039834610449722, 0.19275419248755285, 1.068553976757175, 2.9335824353775064, 0.0045883560948164455
0.5371156460257135, -0.5039791735997314, 0.1927564828174724, 1.0684765725723817, 2.933589423454812, 0.004560238121197345
0.5371172738382213, -0.5039684481231959, 0.19274225455154267, 1.0684971791148126, 2.933590957885278, 0.004583338994431974
0.5371159340026754, -0.5039688199288331, 0.19273126843870514, 1.0684927605394616, 2.9336326775841055, 0.004579245536651609
0.5371241794192602, -0.503974544517181, 0.1927272385017001, 1.0685025103401917, 2.9336046438461203, 0.00456979275612761
0.5371135327018368, -0.5039777567637606, 0.19272604078240865, 1.0685557241762305, 2.9335853005356785, 0.004569869546356762
0.5371213166145038, -0.5039699727273231, 0.19271421560115615, 1.0684649957408807, 2.933611204285465, 0.004604967997750917
0.5371114083153689, -0.5039855176419539, 0.19272288533099358, 1.0685363203837632, 2.933588976004983, 0.004587451730742899
0.5371188465694294, -0.5039695769173254, 0.19275477436016877, 1.068481118317264, 2.933546783588586, 0.004563924846714987
0.5371322793003791, -0.5039697142358768, 0.19271241895290575, 1.068501407933025, 2.9335434387422046, 0.0045456234996524006
0.5371386180748952, -0.5039753337313992, 0.19273439676014043, 1.0684665153860626, 2.9335592979217027, 0.00452794248435676
0.5371289635768693, -0.5039753387011071, 0.1927494942378292, 1.0684606820918716, 2.9334901723517786, 0.004557928045307291
0.5371115868965691, -0.503995009576379, 0.19272777716796013, 1.0684509453302398, 2.933518176035834, 0.0045658106391309764
0.537120058760647, -0.503991761659122, 0.19273674563106896, 1.0685055864321589, 2.9333914443154048, 0.00450583724481752
0.5371847863097403, -0.5040255141308032, 0.1928393557528549, 1.0682194439528871, 2.9326545729051987, 0.004196763844918359
0.5371889184076768, -0.5040416036703789, 0.1928420199739862, 1.0682235962160784, 2.9326101598531413, 0.004141183442748996
0.5371946628882431, -0.5040257882898515, 0.1928494911673842, 1.0681150891619426, 2.93264069094903, 0.004118071351257517
0.5371959134990908, -0.5040319617140431, 0.1928257955414575, 1.068149539841328, 2.932627195225943, 0.00419464150686716
0.5371770090439105, -0.504053188794238, 0.19283881773302838, 1.068217811254591, 2.9325966315325194, 0.004153634695639768
0.5371752477511519, -0.5040507309700724, 0.19282808743284044, 1.068138579339598, 2.9325971912654714, 0.0041606597257819585
0.5371798530766622, -0.504063142626029, 0.19284147266139998, 1.0682131554402272, 2.932529908561711, 0.004165373739668968
0.5372046885794419, -0.5040261840987582, 0.19287424058103364, 1.0681342810069354, 2.932530326064178, 0.004175327326776807
0.5371675125891215, -0.5040559137265359, 0.19282578545907647, 1.0683049691742434, 2.9325612091100544, 0.004171597649139712
0.5371901392790036, -0.504041233615169, 0.192880830464294, 1.0681430020869207, 2.9325002775743343, 0.004106304249912429
0.5371871633976796, -0.5040391371484905, 0.19283128966845658, 1.06819715679731, 2.9325915078946814, 0.0041489660646724874
0.5372001714250741, -0.5040375405027181, 0.1928281255082802, 1.0681480583709875, 2.9326221022519, 0.004153845084365812
0.5371771966035009, -0.5040414945063361, 0.19282005146098713, 1.0681507285863234, 2.9326300777207197, 0.004175482360656367
0.5371796928411632, -0.5040365977794665, 0.19285094236771366, 1.0682129311242, 2.932580106647483, 0.004108577581081787
0.5371961424872458, -0.5040321763996376, 0.1928336103403191, 1.068151209483099, 2.9325770921056655, 0.004175484001939073
0.5371838465395862, -0.5040434648057269, 0.1928324226039039, 1.0681715031445842, 2.932579090145786, 0.0041978636471586
0.5371941932908536, -0.5040294886261809, 0.1928632132346938, 1.0680889262807118, 2.9325713172986276, 0.004183685971879476
0.5371984596334703, -0.5040363871239524, 0.19281076813553208, 1.0681877705759295, 2.932619510251346, 0.004158422416070577
0.5371870356397408, -0.5040404025498623, 0.19281939048817184, 1.068127793498019, 2.932620093643887, 0.0041297642443945655
0.5371839169534558, -0.5040356102761528, 0.19283103165836415, 1.068262518659603, 2.9325527180930417, 0.004162981666630882
0.5371811053779231, -0.5040415426130326, 0.19283879890915623, 1.0682109581168744, 2.932576980438381, 0.004203198637532403
0.537189407020587, -0.5040406870520171, 0.1928368031937102, 1.0682106494721297, 2.9325743314052044, 0.004144494384715347
0.5371781657892422, -0.5040553547154757, 0.1928742032326529, 1.0681909476426097, 2.932522885363325, 0.00410213661011461
0.5372055805193727, -0.5040426582655169, 0.19286137092874348, 1.0681881386858838, 2.9325117870299517, 0.004098309748599842
0.5371884621783769, -0.5040281667429573, 0.19285216731910493, 1.0681520169613508, 2.932579586684511, 0.004157473952045863
0.5371961271336073, -0.5040348025078282, 0.19284778356635876, 1.0681456674150187, 2.9325611926008657, 0.004130065460173038
0.5371961813609339, -0.5040256094994616, 0.1928686426099438, 1.0681211891679123, 2.932548403874039, 0.00410265949825922
0.5371855386898069, -0.5040367027969616, 0.19282578545907647, 1.0681999170793985, 2.9325994763199987, 0.0041715957418702035
0.5372127204314666, -0.5040251290689619, 0.19281628159577, 1.068113159906196, 2.932634406802941, 0.00415375223563115
0.5371860588832468, -0.504050266657977, 0.19286628275348652, 1.0681036236154482, 2.932555651197728, 0.004101784864079027
0.5372027067568113, -0.5040314316808798, 0.19280753801093425, 1.0681689520362134, 2.9326207915937075, 0.004117573919635904
0.537200409282675, -0.5040271779089108, 0.19284548151702685, 1.0681360051466537, 2.9325892377186156, 0.004139844134218343
0.5371978343217053, -0.5040333726924136, 0.1928358663482538, 1.068126068592734, 2.932562213642821, 0.004165896570310384
0.5371922892623751, -0.5040294722217479, 0.19281591958172248, 1.068171103334313, 2.9326316596471464, 0.00419936365523269
0.5371953137139602, -0.5040434565598615, 0.19281629087909427, 1.0681643513890122, 2.9326124071218653, 0.004171147135520759
0.5371878899852833, -0.5040488963793988, 0.19281188234776075, 1.0681995530865698, 2.9326000989544077, 0.004171207584211036
0.5371818816351804, -0.5040434340586901, 0.192828096822141, 1.0681726651600576, 2.9325815051445407, 0.004179573780009525
0.5371672678259302, -0.5040610189899121, 0.19283126171044812, 1.0682707849944042, 2.932574633726226, 0.004094324104327652
0.5371902202130803, -0.5040438990623568, 0.19285208147515237, 1.068148203938716, 2.9325673437799, 0.004093892928624171
0.5371895240284675, -0.5040407536173737, 0.192826927836168, 1.068183069328927, 2.932609370188257, 0.004153733606162157
0.5371844995343389, -0.5040492048240629, 0.19283909585442904, 1.0680981131534935, 2.9325940164195, 0.00411522011202489
0.5372054027713238, -0.5040200724924377, 0.19285415982563675, 1.0680793596157245, 2.9325975707864673, 0.004135008518159952
0.5372010193573853, -0.5040368707601703, 0.19283594968869197, 1.0680958669835785, 2.9325882620154164, 0.004152079703491309
0.5371881282947254, -0.5040385339461073, 0.19282923843862598, 1.068205683228185, 2.9325606286454935, 0.004157404869982207
0.5372047993130116, -0.5040262906553903, 0.1928162629727929, 1.06808792665289, 2.9326213658937466, 0.004202352950271709
0.5372059540038042, -0.5040283840986475, 0.19286631079145564, 1.0680826233095142, 2.9325534032129075, 0.004157002943870782
0.537191347027076, -0.5040420546208191, 0.19286197554814413, 1.0681551226713843, 2.932533172134606, 0.004120568974674538
0.5371915051029773, -0.5040500969959175, 0.19282843168592304, 1.0681823206294045, 2.9325534789731025, 0.004170267985818279
0.5371948546915105, -0.5040445068399062, 0.19282400445984202, 1.0681324213405345, 2.932578793450446, 0.004134022270591489
0.5371914798110514, -0.5040394953463979, 0.19283792683212334, 1.0681687538034472, 2.9325711516198045, 0.0041756160098752925
0.5371882059065508, -0.5040398700780624, 0.19285526481512225, 1.0681105479524213, 2.9325743810408826, 0.00412964155034263
0.537191244065912, -0.5040301169859549, 0.1928454439854012, 1.0681309077849988, 2.932575522463005, 0.004152523444003969
0.537195532624337, -0.5040343497834332, 0.192826927836168, 1.0681837794175135, 2.9326091454386805, 0.004154122621680573
0.5371841338451409, -0.5040489666572927, 0.19282605497924327, 1.068172514882453, 2.932579288530263, 0.004120499939268252
0.5371883422229004, -0.5040386809715611, 0.19285210861206686, 1.0681761523815076, 2.932534526968092, 0.00414326586025836
0.5371960508984364, -0.5040228691937094, 0.19282115638952096, 1.0682005153971643, 2.9326003302482926, 0.004172607467211722
0.5371937322357863, -0.5040304678712149, 0.19285298144035337, 1.0681335534084042, 2.9325839187743172, 0.004175918326905064
0.5371803686813438, -0.504056920326355, 0.19283156850967936, 1.0682216657998331, 2.9325491239541415, 0.004116035895773262
0.5371895192246479, -0.5040500076168382, 0.19283916122239542, 1.0681521202336697, 2.932579987354127, 0.004156814202377014
0.537191244065912, -0.5040301169859549, 0.1928454439854012, 1.0681483926195212, 2.932569170518866, 0.004152714596860684
0.5371908635434369, -0.5040298113234336, 0.19284745847335338, 1.0681211301197098, 2.9326040425578426, 0.004162241741288318
0.5372064707308353, -0.504031406831803, 0.19286864030999268, 1.0680771328230578, 2.932537045317923, 0.004111110782999122
0.5371849044883333, -0.504040213421008, 0.19283994933813658, 1.068195606391767, 2.932586432369298, 0.004108209681670381
0.5371844406758363, -0.504047823636004, 0.19286077844999072, 1.0681766589687955, 2.93253805597289, 0.004125363243313873
0.5371877823668426, -0.5040382527375918, 0.19283129895193635, 1.068142595533574, 2.9326080260606613, 0.004166351013045692
0.5371871388998464, -0.5040523405419334, 0.19283592178391568, 1.0682053379041008, 2.9325583685769043, 0.004098391463610341
0.537193063174744, -0.5040446076923656, 0.19284250294258823, 1.06812170712592, 2.932549215454118, 0.004101796062949674
0.5372199102267324, -0.5040165091809864, 0.19283595907820822, 1.068094130435406, 2.932585657767774, 0.004171382701802992
0.537184856200724, -0.5040454600363778, 0.19285969212223247, 1.0681253026036344, 2.9325618342768784, 0.004165502693262253
0.537203171605057, -0.5040291275054418, 0.19287215211538491, 1.0680769371551657, 2.9325366218938256, 0.0041109449196463374
0.5371822127770127, -0.5040436477962962, 0.19284109159770751, 1.0681687084522187, 2.932571131311697, 0.004175253708152312
0.5371914643413446, -0.5040421213962232, 0.19285210009677883, 1.0681280673603408, 2.9325680199561432, 0.004129812936891086
0.5372095636725699, -0.5040216643496851, 0.19281624427450902, 1.068125558798253, 2.9326143688919526, 0.004167004762596464
0.5371773134101531, -0.5040415609356445, 0.192810176241964, 1.0681763027876323, 2.9326458056247344, 0.00418530265064823
0.5371971630714766, -0.5040355314304762, 0.19287215211538491, 1.0681295549577026, 2.9325174737178537, 0.0041111384976965735
0.5371961115316141, -0.5040374284462921, 0.19286195692621855, 1.068104981863249, 2.9325580598586813, 0.004084262722212694
0.5372037259414079, -0.504038768407287, 0.19282952728602282, 1.0681097228536125, 2.93257149477543, 0.004147517371483713
0.5372127547536466, -0.5040331385431093, 0.19286797097131478, 1.068084533542379, 2.9325032183739173, 0.004137814900109795
0.5372065561574279, -0.5040169620274972, 0.19286115274267898, 1.0680988812447598, 2.932543289915829, 0.0041749257172995595
0.5371987692081016, -0.5040273697141202, 0.19285415046200935, 1.06818655162291, 2.9325619323544236, 0.0041176378579204555
0.5371905857033454, -0.5040402307774476, 0.19285762224025013, 1.068189644606286, 2.932517350611785, 0.004138794851813431
0.5372032914540594, -0.504015963162747, 0.19282459784187947, 1.0681146423690533, 2.9326399594438994, 0.0041949113173020535
0.5372057487700523, -0.5040203537302598, 0.19285209932827077, 1.068089293858813, 2.93256948380385, 0.004125482862066344
0.5371957311406053, -0.5040332165968999, 0.19285647118406019, 1.0681585923637091, 2.932540916093546, 0.004143588544029268
0.5372022028500141, -0.504027160629476, 0.19284453529963627, 1.0680881529041804, 2.932567079128716, 0.004143105523768716
0.5371970924954167, -0.5040315056445899, 0.19284661447739546, 1.068146020512653, 2.932563862522292, 0.004189131005501573
0.5371766547229051, -0.5040424445369637, 0.1928532630132229, 1.0682026317334816, 2.932552674406928, 0.004134721518605767
0.5371961117956324, -0.5040427086385147, 0.19288226771976102, 1.0681759808857314, 2.932481145930972, 0.004142732987838925
0.5371890172746632, -0.5040470522627533, 0.1928217764585768, 1.068259800589753, 2.932546552003914, 0.004198465403917323
0.5372031069828601, -0.504039652825614, 0.19282951800249026, 1.0681460996011853, 2.932561582896949, 0.004129935048588452
0.5372000624119478, -0.5040375485420011, 0.19285555326377568, 1.068222490843688, 2.93249699510814, 0.004116976522242061
0.5371932094051669, -0.5040459923553501, 0.19286862168779748, 1.0681678859808657, 2.932510648289643, 0.00407519925936801
0.5371892641018514, -0.5040445787158029, 0.19283907725936472, 1.068206558322454, 2.932561290354672, 0.004080646828971797
0.5371950725016174, -0.504043330277647, 0.19286864959413, 1.0681285073012161, 2.9325150128157245, 0.004128887480171696
0.5371954838055009, -0.5040541830827178, 0.19287232421374328, 1.0681912659863273, 2.932467656099923, 0.004119807891194668
0.5372065380073237, -0.5040301689243284, 0.19286539203232164, 1.0681255641154312, 2.9325044106818616, 0.004124928830878109
0.5372042474286147, -0.5040259370277238, 0.19281300545339616, 1.068119407969958, 2.9325981930391176, 0.004198002980259923
0.5371830751545914, -0.504058818040713, 0.19282514612709373, 1.0682355211259291, 2.932532355849111, 0.004111473730651891
0.5372008141347643, -0.5040261463503515, 0.192822620646294, 1.0681293333592783, 2.9326251882485206, 0.004171568271905929
0.5371811547447496, -0.5040455408827287, 0.19283128966845658, 1.0681438168713264, 2.9326108526289056, 0.004148002499619951
0.5371968632440631, -0.5040339847516937, 0.1928379174426144, 1.0681173794642735, 2.932593184609618, 0.004157276584762216
0.5371925475926725, -0.5040508299304484, 0.1928524071719221, 1.0681138958603908, 2.9325297461957733, 0.004151140274012542
0.5371859624029343, -0.5040383202563046, 0.19284975121275885, 1.0681671691935113, 2.932566085670726, 0.004134879744558162
0.5371938441381481, -0.5040424820956382, 0.19285445752189317, 1.0681721947073366, 2.9325236936695025, 0.004138583538382971
0.5372119930146134, -0.504037888012233, 0.19282748551737378, 1.0681454151842973, 2.9325562555358733, 0.0040893984890207555
0.5371746061685129, -0.504050315337213, 0.19282460936604798, 1.0682586928446591, 2.932542307471919, 0.004157462673831393
0.5372098966269524, -0.5040311233163695, 0.19284147266139998, 1.068108300746844, 2.932568167808341, 0.00416613889383766
0.5371992531014288, -0.5040158523662105, 0.19284872595873276, 1.0681146404422384, 2.9325847978765776, 0.004135150674538315
0.5371997403410358, -0.5040267576860367, 0.19285209932827077, 1.0681424368099293, 2.932550144896631, 0.004125681852527082
0.537184744188825, -0.5040480059047955, 0.19284111970573917, 1.068175039845024, 2.9325877018027993, 0.004144046189614505
0.5372011191341458, -0.5040184521656341, 0.19284422827948378, 1.0681024979192568, 2.9326052893858807, 0.004121777804490291
0.5371864791257557, -0.5040413430487892, 0.19285208070676135, 1.0681616780027396, 2.9325497276777974, 0.004088987111274584
0.5371838155064421, -0.5040487168837668, 0.1928607690862287, 1.0681427596628523, 2.932553707875508, 0.004106832393272969
0.5371946569613153, -0.5040456938524878, 0.19286973599602536, 1.0681803877954892, 2.932491042272466, 0.0040887557280435294
0.5371870985278812, -0.5040377649389355, 0.19285297205062776, 1.0681522721253696, 2.9325804217301625, 0.0041575808119531125
0.537214611433312, -0.5040224986462901, 0.1928489633145032, 1.0681252989264538, 2.9325591861513525, 0.004185030074472431
0.5372029903674339, -0.5040368925579297, 0.19284027558941355, 1.0682181352693934, 2.932540973690497, 0.004171898855004182
0.5371984681394347, -0.5040364620766444, 0.19282832035028696, 1.0681643351598449, 2.9325549781583096, 0.004130022444519703
0.5371860550574384, -0.5040476839538471, 0.19283700800188472, 1.068229167779707, 2.9325157765913126, 0.00414334856683857
0.5371964235259234, -0.504031085391081, 0.1928532323251582, 1.0681699356122158, 2.9325184185005493, 0.004175159668996981
0.5371994008866073, -0.5040344276364392, 0.19283044552752293, 1.06809861439715, 2.932596201771931, 0.004174889024169752
0.5372073651297782, -0.5040386581636034, 0.19286798028134358, 1.0681364423465647, 2.932481024442339, 0.00415598083565474
0.5372205491280935, -0.5040266427342592, 0.19284947221517165, 1.068113455130932, 2.9325262485164725, 0.004170442927865425
0.5371832798349493, -0.504037779106553, 0.19283444507074435, 1.068198366461958, 2.9325944011855203, 0.004130839209322841
0.5372010927210576, -0.5040356239292338, 0.19283270153545795, 1.068108443543832, 2.932568619743819, 0.0041656835320724025
0.5372059676503989, -0.5040192068517966, 0.19283902172436762, 1.0681631437525918, 2.93255214397588, 0.004148927152709693
0.5372060034828154, -0.5040403689154451, 0.19287783722862165, 1.0680600202318666, 2.9324904079219074, 0.004109462820745033
0.5371945208389655, -0.5040429767830097, 0.19286539203232164, 1.0681423278950042, 2.932498254492846, 0.004124345796671355
0.537194487034169, -0.5040349942780384, 0.1928564525365022, 1.068125400785528, 2.9325596134404726, 0.004107085151551152
0.5371844563162125, -0.5040451976818465, 0.19284660516779378, 1.0681295716688277, 2.932573074676632, 0.0041702064677107955
0.5371984046855507, -0.5040482692814287, 0.19287987898050388, 1.0681051823464063, 2.9325050858706057, 0.00408306973180682
0.5371822127770127, -0.5040436477962962, 0.19284109159770751, 1.0682043774814802, 2.932558172939881, 0.004175643493609366
0.5371870026396124, -0.5040496233539573, 0.19283157787298172, 1.0681672782662337, 2.9325655802137525, 0.004133983577743655
0.5372070279069204, -0.5040304667891602, 0.19283594968869197, 1.0681135374239814, 2.9325818760883404, 0.00415265507377558
0.5372066382007403, -0.5040288721184174, 0.19284463747419592, 1.06812575094578, 2.9325618252280883, 0.0041663500236424345
0.5372053761231, -0.5040491372191107, 0.1928691688383237, 1.0681017703441822, 2.9324968702654095, 0.0041373486702709125
0.5371984681394347, -0.5040364620766444, 0.19282832035028696, 1.0681286662895735, 2.9325679363719916, 0.004129632343890602
0.5371890020292261, -0.5040496784872602, 0.19283594968869197, 1.0682191134280372, 2.9325434213995845, 0.0041526627198848216
0.537198794273333, -0.5040459296446809, 0.1928535488630108, 1.0681463893270975, 2.9325090602750925, 0.004128968603502275
0.5371997904340317, -0.504036022216074, 0.1928217577600644, 1.0682098442911563, 2.932571407957645, 0.004162542806239075
0.5371896938221722, -0.5040541472148593, 0.1928393288720152, 1.068140448336116, 2.932545680585131, 0.004083618233605102
0.5372107927245489, -0.5040225129388227, 0.1928304361381215, 1.0681883539261263, 2.932567004027123, 0.004158473487664932
0.5371912005790346, -0.5040406698089556, 0.19283585695879799, 1.0681804561887847, 2.9325457582684256, 0.0041479491272983105
0.537190239694441, -0.504039949513325, 0.19285968273237059, 1.0681973711276043, 2.9325390219885117, 0.004148513587935625
0.5372113591806067, -0.5040347986490261, 0.19283503157764534, 1.0681603021962185, 2.9325441816201563, 0.004125854240909813
0.5371967799961267, -0.5040419006811385, 0.19285673232821188, 1.068108732993818, 2.932516097334193, 0.004164715547168932
0.5371882358476069, -0.5040491775493009, 0.1928098218480558, 1.068245155463775, 2.932559052945781, 0.004162070195509591
0.5371874698801357, -0.5040525541687293, 0.19284891670962415, 1.0682013814184408, 2.932547994507291, 0.00409407190363149
0.5372037694807323, -0.5040282155912658, 0.19283911450147398, 1.0681491719146932, 2.932568927406139, 0.004153064866460939
0.5372071684741718, -0.5040200235640327, 0.1928205601276871, 1.0680513280869932, 2.932629079553487, 0.004161463264198086
0.5371914643413446, -0.5040421213962232, 0.19285210009677883, 1.0681988804088662, 2.9325422936862133, 0.004130587405478994
0.5372077285229898, -0.5040204518991147, 0.19284136986563202, 1.0681375156913, 2.9325364623692036, 0.004138955467973228
0.5371916740573178, -0.5040396854740378, 0.192845695744929, 1.0681004654858002, 2.9325469528125088, 0.004155883343581984
0.537195357152111, -0.5040408622109341, 0.19283477132878724, 1.068150071279623, 2.9325746385582154, 0.004193371837900777
0.5372090225989131, -0.5040199788388833, 0.19283476135872668, 1.0681305393145044, 2.9325724170238368, 0.004171271223178911
0.5372069824469117, -0.5040199082025371, 0.1928303434160362, 1.0680786971403105, 2.9325950993285352, 0.004152602119065299
0.5371917602112664, -0.504041097888917, 0.19285666686843603, 1.0681425000092437, 2.9324982390559464, 0.004124083162157386
0.5372008915725226, -0.5040301762908702, 0.19284776494491834, 1.0680955256322995, 2.9325860802621033, 0.004093759117184063
0.537201034466157, -0.5040381774083152, 0.19287202636591075, 1.0681160825815075, 2.9325350891153468, 0.004116043045185713
0.5371949324609568, -0.5040419367709973, 0.19284253097934556, 1.0681713127696844, 2.9325212183994216, 0.004156639064862998
0.5371998091875488, -0.5040466311296471, 0.1928448703973486, 1.0681152722335745, 2.9325326426950626, 0.0041332262205088545
0.537213671342844, -0.5040337296436874, 0.19288426969169614, 1.0681197526079007, 2.932489859823901, 0.004138428476928472
0.5371977172928926, -0.5040451723389328, 0.19282952728602282, 1.0681623413294936, 2.9325523461419483, 0.004147710538860862
0.5371881282947254, -0.5040385339461073, 0.19282923843862598, 1.0681700142169033, 2.9325735871645384, 0.004157015136381891
0.5371925638390951, -0.5040521386852537, 0.19285587589482017, 1.0682069418894, 2.9325105254329933, 0.004138508515277386
0.5372006141000516, -0.5040379020444886, 0.19285881082980097, 1.0681025391841033, 2.932552311554705, 0.0041203557750597
0.537212870966975, -0.5040239745588573, 0.19287878018910704, 1.0680504889927032, 2.932518924399172, 0.0041198387726891945
0.537215128893388, -0.5040145166083869, 0.1928379174426144, 1.0681175868289183, 2.932593210363912, 0.004158440029897897
0.537195136418741, -0.5040354577002104, 0.19283473332243337, 1.0681335398421892, 2.9325812359364094, 0.004116239188483427
0.5371861486169611, -0.5040384357551235, 0.1928399679592666, 1.0681749457179655, 2.932587299259246, 0.00414412476649023
0.537201838737837, -0.5040361676118259, 0.19284372809064984, 1.068131592493358, 2.9325229407631466, 0.004151645820211451
0.537214322921764, -0.504026290232191, 0.19286106693644656, 1.0681132635969828, 2.932524469495734, 0.0041119275685691905
0.5372008676861363, -0.5040367796891202, 0.1928457791281401, 1.0682113762244652, 2.932521769747951, 0.004143993553569152
0.537212833222929, -0.5040344765440266, 0.19286138957671187, 1.0681505280749608, 2.932518845641865, 0.004134420818202295
0.5371838114550355, -0.504046134024918, 0.19283149444652176, 1.0681272031599094, 2.9325650950044344, 0.004146851969736576
0.5371868724773875, -0.5040468660500188, 0.19287533629726297, 1.0681485166989788, 2.932516596981832, 0.004151793147945165
0.5371846423817669, -0.5040572061292727, 0.19286335723047754, 1.06820696682541, 2.9325109463799084, 0.004138468477890363
0.5372012389410643, -0.5040449952071979, 0.1928778559290188, 1.0681458261587446, 2.9324525632623497, 0.004146160824927995
0.537191835623647, -0.5040530043243991, 0.1928405446045542, 1.0681515680300615, 2.9325222604563206, 0.004114938583777279
0.5372070844709014, -0.504039749432674, 0.19284835787911647, 1.0681177168599325, 2.932539697732087, 0.004156304438719856
0.5371999847885164, -0.5040362124137737, 0.19282952671881332, 1.0681233716908118, 2.9325538157284083, 0.00414261335726576
0.5371908196079108, -0.5040430578272463, 0.19283698935494717, 1.0681608431786755, 2.932547271942571, 0.004106843265148293
0.5372046855545866, -0.5040394588839804, 0.1928634244645612, 1.0681390100662964, 2.932486755177639, 0.004119731905638787
0.5372019097220637, -0.5040375122758993, 0.19286975464412087, 1.0680369959347664, 2.932536528856112, 0.004123706123660647
0.5371919965576687, -0.5040425181546979, 0.1928402562488077, 1.0681989308913142, 2.932541835785697, 0.004130113179793889
0.5371876647436964, -0.5040461443657417, 0.19285006760677334, 1.0682049177483188, 2.9325056460464394, 0.004174756777089057
0.5371743605718846, -0.5040487640151251, 0.19284866490873773, 1.068133101309639, 2.932583516359427, 0.00417444496772773
0.537210022179289, -0.5040233063494864, 0.1928402562488077, 1.0681816529729833, 2.932548212104555, 0.004131071241984256
0.5371966353084757, -0.5040457089213349, 0.1928414539880348, 1.068163210729177, 2.9325547929573217, 0.004129834546726425
0.5372073392899723, -0.5040307235590534, 0.19283384318910318, 1.0680883081805839, 2.9325670530518813, 0.004142934521277152
0.5371822127770127, -0.5040436477962962, 0.19284109159770751, 1.0681861932899988, 2.93256477922251, 0.004175444779522757
0.5371950670741048, -0.5040525573043897, 0.19284835787911647, 1.068135005256981, 2.9325333506932894, 0.004155728005921724
0.537195873899152, -0.5040438850192847, 0.19283710071968038, 1.0682328771695804, 2.9325262029323653, 0.004148444540610516
0.5371902884646271, -0.5040519060343291, 0.19286106693644656, 1.0681298315475347, 2.93251831896937, 0.004110576417614142
0.537197196440406, -0.5040263110618136, 0.19285996433877117, 1.0681252156810301, 2.9325592190242324, 0.004107301911646317
0.5371994527703524, -0.5040358158010173, 0.19284137053406672, 1.0681233212084402, 2.9325542736175074, 0.0041430875961199695
0.5371992337963012, -0.5040369626287196, 0.19285444823799722, 1.0681559533240594, 2.932532930248971, 0.004120808362139148
0.5371973284431295, -0.5040475124813872, 0.1928558572470804, 1.0681211330381926, 2.9325483723574606, 0.004101811749496223
0.5371844563162125, -0.5040451976818465, 0.19284660516779378, 1.068182200931735, 2.932553955223323, 0.004170781913930936
0.5371815198195741, -0.5040498309450006, 0.1928457238056536, 1.0681843313540498, 2.932506474984085, 0.004210155709682896
0.5371896789726749, -0.5040501733531316, 0.19284688414184153, 1.0681899454879928, 2.9325177285711774, 0.004138432662412809
0.5371910488989756, -0.5040405787292642, 0.1928456863553238, 1.0681725230736845, 2.9325241115039664, 0.0041385126530113035
0.5371830631594241, -0.5040363031602834, 0.1928663498730172, 1.0681452197700732, 2.9325607738161654, 0.004129819439291474
0.5372099721333272, -0.5040220016758471, 0.19284688346660642, 1.0680978549876006, 2.9325385959395707, 0.004133902631025717
0.5372002924538206, -0.5040389775582685, 0.1928391425752318, 1.0681729772966304, 2.9325791158106793, 0.0041216654927339995
0.5371791676681565, -0.5040561033792688, 0.1928500302600293, 1.0681390499679417, 2.932542822346784, 0.004101372989663285
0.5371864031328878, -0.5040584512494871, 0.19286570542417691, 1.0681989978885034, 2.9324888495749253, 0.004128688802000596
0.5371981567801255, -0.5040362053172799, 0.192830426854615, 1.06815372073953, 2.9325828226592106, 0.004139350795692978
0.5371942883387621, -0.504032221065051, 0.19281940913450304, 1.0681429878348885, 2.9326079673535705, 0.004166452105865096
0.5371956449737013, -0.5040436703723202, 0.19282928577187985, 1.0681427349299684, 2.9326084486882635, 0.0041666344223162885
0.5371853272844687, -0.5040378972947205, 0.19281366586085008, 1.0681130407259007, 2.9326348817380836, 0.004152567800461913
0.5372147268819977, -0.5040331623892852, 0.1928396886991165, 1.068156190642305, 2.9325347288040704, 0.004179687195490434
0.5371834091691883, -0.5040365844248627, 0.1928642893811603, 1.068190646862682, 2.9325197915762615, 0.004120682185884757
0.5371986405497963, -0.504024700282874, 0.19282460936604798, 1.0681003230320156, 2.9325999755348695, 0.004157260174371644
0.5372083540271588, -0.5040314248870325, 0.19282516477374678, 1.0681456633891528, 2.932558494979236, 0.004148160631609378
0.5371910517019325, -0.5040299977904472, 0.19285562041357773, 1.0680700100194591, 2.9325726252035778, 0.004142323030630024
0.5371896351117422, -0.5040488597871724, 0.19285351153984095, 1.0681412787578863, 2.9324953168168633, 0.004141825724028003
0.5372066924189235, -0.5040196791202616, 0.19286549663575464, 1.068101272504755, 2.9325490368259852, 0.004138944126542375
0.5372152712794097, -0.5040133186083654, 0.19283476135872668, 1.0680766969290763, 2.932592010786469, 0.0041710800421016145
0.5372047254310999, -0.5040420959341808, 0.19283502221422247, 1.0682141648421426, 2.9325279155208444, 0.004107900983597045
0.5371988682293035, -0.5040486174720417, 0.19286794293312792, 1.0681232044798217, 2.932499078972176, 0.004083172775300715
0.5372020922112531, -0.5040389514561966, 0.19283819643762484, 1.0681420729369828, 2.932550767857049, 0.0041252924325930005
0.5371979311504149, -0.5040453193157033, 0.19285239778212168, 1.0681859637791355, 2.9325069336841167, 0.004134153257127021
0.5371964454033454, -0.504032358249324, 0.19281395171506463, 1.0681319302509127, 2.9326331526614138, 0.004193974699652386
0.5371845941180956, -0.5040479855652901, 0.19286889455333778, 1.0681433544956458, 2.9325006572309262, 0.004105830000321399
0.5371879962342375, -0.5040383997213965, 0.19285416910948547, 1.0681838787581304, 2.932556198341863, 0.004152984879413118
0.537220050859989, -0.5040289639491332, 0.19286048024760793, 1.0681390810239664, 2.932486307701187, 0.00412029510221763
0.5371901857534116, -0.5040399683847855, 0.19284453529963627, 1.0681407606370446, 2.9325479016053517, 0.0041429160758329805
0.5371769669328749, -0.5040400657158614, 0.19283646174829316, 1.0682007683173025, 2.932547767933548, 0.004170793130905661
0.5371940036468797, -0.5040426476640958, 0.1928621805465174, 1.0681033643031483, 2.9325001823253523, 0.004119035000812718
0.5372017215030385, -0.5040452998406881, 0.19288102140423571, 1.068114134963523, 2.9324767938889535, 0.0041508857923154546
0.5372027997931481, -0.5040262355053247, 0.1928118911911084, 1.0681600594048553, 2.9325984896457062, 0.004185027756039001
0.5372013657492816, -0.5040344583074476, 0.19283477132878724, 1.0681682663445964, 2.9325680621845476, 0.004193952780898012
0.5372241928353958, -0.5040207773733011, 0.1928601924649078, 1.0680657901393826, 2.932562437698921, 0.0041392145276987645
0.5371984378821473, -0.5040351143517999, 0.19285004890741103, 1.0681724476629868, 2.9325241484538043, 0.004139026907432797
0.5371855723382045, -0.5040512855456394, 0.19284134262912844, 1.0682327913986824, 2.932524378320443, 0.004089399973825044
0.5372031266380918, -0.5040357034285475, 0.19283711941871884, 1.068124628488716, 2.932558923226605, 0.004183782930389389
0.537198809147142, -0.5040459971806072, 0.19283849353146754, 1.0681426196955777, 2.9324977628039086, 0.004123569246719504
0.5372070279069204, -0.5040304667891602, 0.19283594968869197, 1.0680783927167907, 2.9325946429736462, 0.004152270856571336
0.5371872320130427, -0.5040471442951737, 0.19284027492201314, 1.0681782590511912, 2.9325426733293596, 0.004165644840387353
0.537207272141234, -0.5040319615540942, 0.19283709143603972, 1.0680580594538698, 2.932593081724355, 0.0041293169419632314
0.537215128242631, -0.5040255214047473, 0.19285129275632357, 1.0681198075057512, 2.932542828273287, 0.004139138113446025
0.5371914486232516, -0.5040447472763782, 0.1928662734952518, 1.0681401856187336, 2.9325457043272976, 0.004084587704508423
0.5371885297812975, -0.5040308931679118, 0.19284084226446283, 1.0681336302979274, 2.9325816872702775, 0.004116465372100826
0.5371858518985366, -0.5040673425223666, 0.19287468190047108, 1.0681638468298333, 2.9324492236685855, 0.004127206395387754
0.5371943073025941, -0.5040428300262096, 0.19284252158975435, 1.06822518594454, 2.932504981759772, 0.0041390691287399506
0.5372023652196611, -0.5040377858205535, 0.1928402661998038, 1.0680959371565708, 2.9325887030068163, 0.004152402790031939
0.5372114907284374, -0.5040230352359264, 0.19287441755660903, 1.068085718767855, 2.9325061498970806, 0.0041200931734139724
0.5371872065302346, -0.5040365425900393, 0.1928497698861653, 1.068200361171055, 2.932547387589962, 0.004171382934852739
0.5371741298727543, -0.5040618949721924, 0.1928479792207539, 1.0681650374148, 2.9325055334807115, 0.004109799160657451
0.5371964990575923, -0.5040429917641258, 0.19283711010921728, 1.0681256753347006, 2.9325618130036673, 0.004165431797567636
0.5371947312277735, -0.5040364890304355, 0.1928575943346023, 1.0681402120172883, 2.9325452844507187, 0.004084516091952057
0.5372105817389928, -0.5040237343493468, 0.19286106620045734, 1.0681267372507268, 2.9325068536564505, 0.004107022807931245
0.5371958328116531, -0.5040359092803021, 0.1928607690862287, 1.0681429556408004, 2.9325537023696344, 0.004107599525029027
0.537199063029792, -0.5040342210890877, 0.19285005829711063, 1.0681537182420322, 2.932527616723241, 0.004156981721826099
0.5371742511652621, -0.5040606382000993, 0.19285987834693663, 1.0681812570245053, 2.9324962868165723, 0.004128241560662789
0.5371925031366646, -0.5040323131796892, 0.1928379074513056, 1.0681497455282678, 2.932572009096151, 0.004134596632346329
0.5372024969229012, -0.5040379197979388, 0.19281533532580164, 1.0681885552680495, 2.9325674082860917, 0.00415759681670047
0.5372032609276745, -0.5040173092053705, 0.1928454439854012, 1.0680959593668975, 2.9325882846967257, 0.004152905749555739
0.5371985697441312, -0.5040352484373061, 0.19282511818445927, 1.0681592827246056, 2.932541283229951, 0.004143064168661437
0.5371937214161708, -0.5040344937525684, 0.19283032476936818, 1.0680986375228727, 2.932594428884766, 0.004115915530321678
0.537214353365966, -0.5040355979615995, 0.19281562346284709, 1.0681237284694827, 2.9325542430056566, 0.004142996986563306
0.5371905506359099, -0.5040283132465387, 0.19283104104767423, 1.0681735111458137, 2.932581752250916, 0.004180551637370408
0.5371932406850888, -0.5040407404885143, 0.19284027492201314, 1.0681607850739807, 2.932549054826323, 0.004165836128677417
0.5371973712396972, -0.504033024826719, 0.1928478022397799, 1.0681613745103513, 2.932548847069282, 0.0041663775163910165
0.5371923853694525, -0.504040204633583, 0.19285667625821132, 1.0681594385210444, 2.932488749124188, 0.004142428687204815
0.5371962638364469, -0.5040309197014932, 0.1928455094999481, 1.0682030993018123, 2.932554887335634, 0.0041943161429960595
0.5371715186610004, -0.5040508056278998, 0.1928321640169979, 1.0682257484739033, 2.93256039942693, 0.004120924756990684
0.537188850360162, -0.5040495874126657, 0.1928457791281401, 1.0681755115577167, 2.932534733431827, 0.004142835791605859
0.5372146843626067, -0.5040239454646152, 0.19284483312856643, 1.0681110787743782, 2.9325186985541922, 0.004147626571424712
0.5372013307373659, -0.5040371275337658, 0.19283384318910318, 1.068123441875331, 2.9325542567198597, 0.004142936434882978
0.5371960257690749, -0.504026841970531, 0.19285669752234094, 1.0680701556556547, 2.932570786875202, 0.004084025974392639
0.5372079490690757, -0.5040324563727955, 0.19284802592632172, 1.0681523347496336, 2.9325225437490716, 0.004116438440363105
0.5372113711786309, -0.5040106518979479, 0.19283444805992392, 1.0681263123109328, 2.932562737529683, 0.004167134574906961
0.5371938453139804, -0.5040464588493901, 0.19287990340144823, 1.0681203748890222, 2.93249112831309, 0.004060584525361679
0.5371730258410096, -0.5040492089171901, 0.19285562041357773, 1.0681575765383233, 2.932540714786218, 0.004142133573556708
0.5372040565657298, -0.5040271156456881, 0.1928587366558764, 1.0681322174713004, 2.932523183084227, 0.004152530762946827
0.53719552641732, -0.5040423891263422, 0.19286338710013046, 1.0681513835512741, 2.9324666599643665, 0.004132780845868874
0.5372020107980875, -0.504042898524903, 0.19287317075573554, 1.0681361900519195, 2.9324770173821118, 0.0040382631387715
0.5372141132401353, -0.5040248199127945, 0.19285997118258116, 1.0680801121847232, 2.932544970801668, 0.0041341050070927195
0.5371983356136485, -0.5040390215090358, 0.19285236919463897, 1.0681150365979484, 2.9325299555045583, 0.004074586203247171
0.5372148447934174, -0.5040280191739522, 0.19282744822578915, 1.0681046703079349, 2.932555557018971, 0.004102452702076497
0.5371960345741775, -0.5040333988011075, 0.19283681247730364, 1.0681744583414379, 2.932584209728961, 0.004162461342007467
0.5372039831211196, -0.5040283624118699, 0.19286198483214734, 1.0681371262019472, 2.9325364731983345, 0.004139117641340755
0.5371778067393392, -0.5040551205780367, 0.1928607690862287, 1.0681953777669144, 2.9325345585041087, 0.004107025611198622
0.5371956720347578, -0.5040463954464699, 0.19286105757263686, 1.0681487464454946, 2.932514816069314, 0.004093007123487523
0.5372116559253944, -0.5040231232754669, 0.19283158715650864, 1.0681493032672627, 2.9325689398374153, 0.0041532960089579905
0.537198208663637, -0.5040375934819648, 0.1928413518869416, 1.0680555095512072, 2.932585547216399, 0.004106205542269949
0.5371878568847367, -0.5040581439366754, 0.19286681986470058, 1.0681583345763357, 2.9324885257133144, 0.004141841341289639
0.5371912613697083, -0.504031468129347, 0.19285671614392785, 1.06813778137691, 2.9325395477526315, 0.004120523670727069
0.5372069672195405, -0.5040225343549841, 0.19284451665248314, 1.0680731557519287, 2.9325791992312222, 0.004107183816955853
0.5371903928917798, -0.5040440175808991, 0.19287529900052544, 1.0681716664248913, 2.9325214979131244, 0.004080150005115208
0.5372016963126184, -0.5040373656098341, 0.19284688414184153, 1.068172482271714, 2.932524139272018, 0.004139007065934245
0.5371847866597185, -0.5040481048892611, 0.19285871798211854, 1.068116304426905, 2.932535504314965, 0.004115067495803217
0.5371991322405432, -0.5040461362736122, 0.1928339358596869, 1.0681620990246832, 2.932551920586696, 0.004147650099850273
0.5371957627836604, -0.5040266610799111, 0.1928332597362897, 1.068135149910783, 2.9325849879578216, 0.004098921229871263
0.5372033641734486, -0.504029246837804, 0.19286197554814413, 1.0681383586775206, 2.9325393283570533, 0.004121150964215467
0.5372008676861363, -0.5040367796891202, 0.1928457791281401, 1.068105419330199, 2.9325602634048678, 0.004142833877949542
0.5372006384255474, -0.5040392587905185, 0.19283708207262248, 1.0681470673151818, 2.9325640503891863, 0.00411174801320256
0.5371978118724221, -0.5040241143419689, 0.19282350440121904, 1.0681574019793507, 2.9325910010018603, 0.0041624448155579636
0.537206668980149, -0.5040421130268747, 0.19284944423173533, 1.0681164445923836, 2.9325350384143287, 0.004115589573042986
0.5372087197334988, -0.5040316630466279, 0.19283820572128507, 1.0681058817418227, 2.9325606455266358, 0.004143259115770816
0.5371940693154258, -0.504041326426531, 0.19284137992363742, 1.0681395504160518, 2.9325450082912865, 0.004161042491160048
0.5372104526353311, -0.5040367826698934, 0.19281539999447753, 1.0681076736671269, 2.9326185075258993, 0.004107647437300483
0.5371888459745885, -0.5040509106657965, 0.19282400445984202, 1.0681324107064865, 2.932578764254455, 0.004133640030731871
0.537191664114233, -0.5040303654841183, 0.19281591019261335, 1.0682080171725437, 2.932621585791734, 0.004181605480612229
0.5371931066874973, -0.5040340548327769, 0.19285208996469652, 1.0681254868461574, 2.9325596057214227, 0.004106953833674387
0.537188460614224, -0.504047992661663, 0.1928544669116878, 1.0681884236111843, 2.9325144282230515, 0.004156538287551491
0.5371903719378002, -0.5040400838634792, 0.19283475196929062, 1.0681308775348524, 2.9325755305766874, 0.004151968225813259
0.5372057005743041, -0.5040401604233791, 0.19285474600050276, 1.0681248531594854, 2.932504176272366, 0.0041241748368311265
0.5372167335857287, -0.5040213988169275, 0.1928350777371273, 1.068079476751351, 2.9325442744872414, 0.004210559281871558
0.5371979466563822, -0.504042693291027, 0.19283822442036286, 1.0681558371544297, 2.9325357915406873, 0.004179180623995436
0.5371901857534116, -0.5040399683847855, 0.19284453529963627, 1.0681407606370446, 2.9325479016053517, 0.0041429160758329805
0.5372075057925324, -0.5040281881831021, 0.19280984054616332, 1.0681369276074584, 2.9325918321431623, 0.004198174130473867
0.5372160022987285, -0.5040248288086332, 0.19281649573289097, 1.0681309715019367, 2.9325728073198367, 0.004171140799279172
0.537202030132422, -0.5040164327739927, 0.19278850336989856, 1.0681677180132323, 2.9326731472562426, 0.004195607242681601
0.5371971806588149, -0.5040342338803706, 0.19280320346170102, 1.0681646202991735, 2.9326124134315834, 0.004171134621694792
0.5371948047899947, -0.5040432022313065, 0.19283063173251697, 1.068154580472685, 2.9325306839288685, 0.004138011203174417
0.5371982404271398, -0.5040495134778226, 0.19277708108146574, 1.0682571743473022, 2.932589272379118, 0.00411734748508905
0.5371778783276725, -0.5040592339323287, 0.1928130074300456, 1.068199917743502, 2.932543053956425, 0.004051810656329968
0.5372002881160359, -0.5040377844354299, 0.19281412150493096, 1.0681492530423597, 2.9325626148083073, 0.003975754133370561
0.5372026131432585, -0.5040406797947029, 0.19280457781826293, 1.0681873324845277, 2.932562290942717, 0.004116407199533916
0.5371967824887365, -0.5040380064695559, 0.1927999852049133, 1.0681673149461908, 2.932560659844355, 0.0040932075627768145
0.5371926988745757, -0.5040377806214204, 0.1927735975344934, 1.0682463394042336, 2.932612661638536, 0.004086186722041316
0.537196340659019, -0.5040350790127642, 0.1927725508340172, 1.0681414600958616, 2.9326007586764513, 0.004142934162595164
0.5371925960918325, -0.5040469103634394, 0.19277788888287073, 1.068160392200043, 2.9326527590276252, 0.004107845381416691
0.5371905244722149, -0.5040335857258325, 0.1927690583962519, 1.0681533704466888, 2.9326883128338017, 0.004140131429576057
0.5371949879971155, -0.5040366561504422, 0.1927470386550234, 1.0682188556636223, 2.9327018240938267, 0.00415495664992588
0.5371816637984279, -0.5040498706325275, 0.19276870228964244, 1.0681937352787703, 2.9326901309767357, 0.004126887590471463
0.5371905792634751, -0.5040111333557104, 0.19270909982021003, 1.068186892957651, 2.9328338292294633, 0.004220449548426186
0.537181351759742, -0.5040271662574791, 0.1926960964962747, 1.068178231360126, 2.9328647433201573, 0.004210952837301991
0.5371544601656854, -0.5040494950124326, 0.19267640196703856, 1.0683292107520437, 2.9328432838255347, 0.004242896258996938
0.5371689544104474, -0.5040396680235224, 0.19269811122455918, 1.0682738739881679, 2.932854900246359, 0.004221058029795257
0.5371739159283481, -0.5040325283822119, 0.19267413749925782, 1.0682721923547596, 2.9329041350389726, 0.004239800403758648
0.5371785185753973, -0.5040145840634664, 0.1926792714564676, 1.068241232855795, 2.932928183107332, 0.004245202352994248
0.5371806513160731, -0.5040120679786126, 0.1926265977828146, 1.0683266989224338, 2.932998097037077, 0.004342311101637653
0.5371756145324381, -0.5040310230517693, 0.1926442767666581, 1.068329510262122, 2.9329512379337452, 0.004304994630423532
0.5371732740256577, -0.5040280664637725, 0.192627794269376, 1.0683259256238298, 2.932998288315942, 0.0043416676735602315
0.5371718807241311, -0.504029754768644, 0.1926376042450669, 1.0683029749248847, 2.9329887389535503, 0.004295923113418178
0.5371681633841834, -0.5040179016804283, 0.1926404743271718, 1.0682807121127706, 2.9330369090171042, 0.00429237764869639
0.5371590824879467, -0.5040301580199148, 0.19258494721545244, 1.068364992075913, 2.933049281711261, 0.0043467166828953805
0.5371585948496973, -0.5040324164337903, 0.19257853212363274, 1.0683264133596366, 2.933106201049835, 0.004324218381132637
0.5371756077981681, -0.5040125061571327, 0.1925872101041743, 1.0683582710810688, 2.9330824551252483, 0.004321071225667147
0.5371638468224036, -0.504025532210258, 0.1925849286028602, 1.0683499835107004, 2.9330614100481553, 0.00431078403334063
0.5371645825136689, -0.5040060883155686, 0.19254815492791164, 1.0683403397333195, 2.9332531330322165, 0.0043645165108819935
0.5371595257926425, -0.5040144333209089, 0.1925423323244012, 1.068384714565832, 2.933265279605659, 0.004356305300102918
0.5371607526416627, -0.5040139406576588, 0.1925457736323259, 1.0684403154170024, 2.9332535145120695, 0.004379577001329336
0.5371369794243972, -0.5040199370761523, 0.1925411984429323, 1.0684844103822344, 2.9332652722244426, 0.004370606970559372
0.5371391391235228, -0.5040095065049276, 0.1925452846017677, 1.0684064702078595, 2.93332703791508, 0.004402556586043748
0.5371607451771742, -0.5039940699124071, 0.19250034385671722, 1.0684504476096093, 2.933389091974596, 0.004414276187148328
0.537128539295648, -0.5040285806051331, 0.19251997166301724, 1.0684196896520521, 2.9333610141061786, 0.0043390934514409
0.5371589968644865, -0.5040060533132791, 0.1925026712692105, 1.0684132621305502, 2.9333969350406233, 0.004372729144796201
0.5371444177871084, -0.5039959822286003, 0.19247805791981426, 1.068469023560734, 2.933438537802526, 0.004396631750683408
0.5371228910404466, -0.5040338958857942, 0.19246446490392644, 1.0685381023965752, 2.9334123221493535, 0.0043949595678728645
0.5371513170799347, -0.5040007214560525, 0.19245229120492535, 1.0684491147639403, 2.9334943398601685, 0.004414915612063471
0.537126969520292, -0.5039970636022505, 0.19245690470236199, 1.068480876913563, 2.9335266620156117, 0.004393133136722637
0.5371266702846311, -0.5040166527462725, 0.19246182560218747, 1.068400894910611, 2.9335273055648123, 0.004400085515167357
0.5371330706791778, -0.5040118329136266, 0.19245313885345422, 1.0684943095242552, 2.9335089931762894, 0.004388040092035255
0.537124020024138, -0.5040200827587926, 0.19242848108306013, 1.0685319090738572, 2.933555831368305, 0.004352898294969068
0.5371185042975641, -0.5040122958093611, 0.19243408404324602, 1.0685140663597044, 2.9335635943722793, 0.00441145092940645
0.5371284741793907, -0.5039994023926521, 0.1923966726428294, 1.0686065597440535, 2.9335952759021087, 0.004418209799118677
0.53711379130799, -0.504022215964428, 0.19241952915836313, 1.0685462049629293, 2.9335963234328695, 0.004389562459918617
0.537129403206163, -0.504014572956383, 0.1924284718703406, 1.06848050808898, 2.933577874679847, 0.0043345628052688335
0.5371169544739208, -0.5040138628376829, 0.1923781127080185, 1.0686022188058177, 2.933637414782042, 0.004413430740351442
0.537121440936444, -0.5040195988658012, 0.19240330563219557, 1.068570487212951, 2.9336064847781658, 0.004358475837115336
0.5371209876892172, -0.5040073648386757, 0.19238884286083555, 1.0685539764082772, 2.933670478185413, 0.004400349277717081
0.5371269197874041, -0.5039929508085341, 0.1923798640867195, 1.0685020174356552, 2.933745087886427, 0.0043832767589601805
0.5371032378584265, -0.5040228239149259, 0.19237024711350012, 1.0685855216368148, 2.9337001470836044, 0.004318580876659847
0.5371279190036254, -0.5040148629769505, 0.19233665019245166, 1.0685652141773703, 2.93369821563807, 0.004372963554888841
0.5371414292009454, -0.5039951150170325, 0.19235524616213415, 1.0685718200512766, 2.9337142443087654, 0.0043429678922844266
0.5371167367800728, -0.5039964856312172, 0.19232403990117708, 1.0685478153779708, 2.9338148624266567, 0.004415732439217874
0.5371141204762936, -0.5040065147396638, 0.1923140763049971, 1.0686311229402528, 2.9338251533868123, 0.004412480785032069
0.5371156494067378, -0.5040102371706643, 0.19230772589095008, 1.0686121450516088, 2.933825976029319, 0.004371033782156815
0.5371095777875872, -0.5040033894939367, 0.1923358736652695, 1.0686373241177252, 2.9337860925675066, 0.0043985992524340186
0.5371005411630625, -0.5040208788138543, 0.1922909721056204, 1.068663247635611, 2.933857375914443, 0.004389961029052272
0.5371129159816033, -0.5039977806187744, 0.19229845476729623, 1.0686425148601573, 2.933852755227389, 0.004386102772238361
0.5371366966211839, -0.50399575391014, 0.19229586368084264, 1.0685837070888538, 2.9338553328142782, 0.004340245699991849
0.5371004255621082, -0.5040115571227481, 0.1922886188729178, 1.068633274729437, 2.9338838737215953, 0.004376670514562376
0.5371006648603064, -0.5040130616410406, 0.1922897593001225, 1.0686131107283117, 2.9338822855986844, 0.004353540784198083
0.5371116541790922, -0.5039915613474063, 0.19224694065870174, 1.0686735382605146, 2.9339897141503677, 0.004365917719741923
0.537100808685385, -0.5039919437034764, 0.19222381253011417, 1.0686940926981316, 2.9340491465665344, 0.004430055716937882
0.5370964234530273, -0.5039889704062933, 0.19222033558209228, 1.0686690879300078, 2.934034263172957, 0.00442022811434092
0.5370865041236373, -0.504025629521769, 0.19223510579596328, 1.0686929281779196, 2.9339914386973978, 0.004387096046676044
0.5371130668477423, -0.503996447257857, 0.19224374716055145, 1.0686238517374083, 2.9340176122022346, 0.004311791141741571
0.5371139066683416, -0.5039877867019299, 0.19219967873858476, 1.068670867832485, 2.934090301719374, 0.004327083193372179
0.5370764064692422, -0.504015901934151, 0.1921979729599398, 1.0687579021575353, 2.934111797097109, 0.004327637673432601
0.5370965921012161, -0.5040074563511541, 0.19222610219792075, 1.0686974410988146, 2.934055452370265, 0.004317163193059424
0.53708356686128, -0.5040102820918684, 0.19217946949491116, 1.0687523706530657, 2.9341506462985683, 0.004341903260653733
0.5370696020800362, -0.5040111317037338, 0.1921638523652759, 1.0688466309958828, 2.934189919853391, 0.004370782593544842
0.5370896947780144, -0.504003905434949, 0.1921947903872111, 1.0687740270519899, 2.9341544996597473, 0.004347461333407092
0.5370859054089611, -0.5040118975839111, 0.19218520009626577, 1.0687482215968698, 2.9341393885379032, 0.004337050567903998
0.5370923904761218, -0.5039872993374336, 0.19216383441614018, 1.0687259591817948, 2.9342405356076093, 0.004334817210330706
0.5370841233471185, -0.5040000866121847, 0.19213460969127946, 1.0688024242355088, 2.934230653800674, 0.004379967104724618
0.5370944122311164, -0.5039873428033533, 0.1921256419713746, 1.0687883931498678, 2.9343009034642162, 0.00438631792616178
0.5370828645381066, -0.5039926117753248, 0.19212236780483025, 1.068729798436953, 2.934304337079177, 0.0043394664330491306
0.5371007975060758, -0.5039838801579442, 0.19213779439619727, 1.0687749610718036, 2.9342629401983826, 0.004331303382120564
0.5370888135121737, -0.5039887928282184, 0.19210389289394375, 1.0687265533379937, 2.934348507169944, 0.0043174047598593815
0.5377396981758494, -0.5044285259104094, 0.18982120446396492, 1.0687368557411003, 2.9340604474879406, 0.004525480082157067
0.5377849863818249, -0.5044590484753615, 0.1898667599329237, 1.068602442183191, 2.933626857695134, 0.0042015670497946465
0.5377529047481554, -0.5044644611975724, 0.18988341758956986, 1.0686115050869138, 2.933712386113198, 0.004293806948620418
0.5377832337205051, -0.5044457914652483, 0.18986800075986843, 1.068565959444246, 2.933748485105828, 0.0042633707554189226
0.5377591169296753, -0.5044581343910388, 0.18982080051807873, 1.0686914521406436, 2.9338193004351365, 0.004346634505506652
0.537777536510433, -0.50444449677884, 0.18983852299370962, 1.0686135009329003, 2.933772609419864, 0.004395169491144327
0.5377717096236002, -0.5044377351230128, 0.18983913467969585, 1.0686527056019424, 2.933825690453073, 0.004460608859596937
0.5377728158501945, -0.5044292330085115, 0.18980844444844777, 1.0686421074229608, 2.933906515904133, 0.004470663689505534
0.5377344711302104, -0.5044771479356287, 0.1898162477567663, 1.0687890604720105, 2.9338161098803384, 0.004455512399861165
0.5377695824472964, -0.5044468637988653, 0.1897460456643896, 1.0687109012287928, 2.9339283136753487, 0.0045070152931727505
0.5377669423298937, -0.5044489569901507, 0.18980286328978277, 1.0687466955742166, 2.9338633445417246, 0.0044302482292691145
0.537768332016784, -0.5044472840525595, 0.1897252146732583, 1.0687493941180772, 2.933978974767142, 0.004512722089743199
0.5377654992742553, -0.5044545655893269, 0.18975360533664823, 1.0687321172140438, 2.933932774114162, 0.004511898783258929
0.537776521533706, -0.5044450263202361, 0.1897547273198557, 1.0686787397714994, 2.9339499660111756, 0.004452987341570508
0.5377795849180094, -0.5044550881683896, 0.18969439208623473, 1.068700869937575, 2.93400991998687, 0.004516858559414339
0.5377706899024524, -0.5044608205737193, 0.18968887918307395, 1.0687767437919926, 2.933997903565625, 0.004503910049250685
0.5377790504951937, -0.5044533810406305, 0.18967037435345083, 1.0686804216681238, 2.9340630851142375, 0.004553415812976227
0.5377867374613806, -0.5044494946445272, 0.18965093564950383, 1.0687353479618353, 2.9340465885580556, 0.0045357167006999455
0.5377717014969449, -0.5044602103817015, 0.18963444652066158, 1.0687679457767694, 2.9340837261890806, 0.004554089296392141
0.5377801587527903, -0.504455434249529, 0.1895773347921941, 1.0687905532750952, 2.934199193296382, 0.004601715411860915
0.537830597768857, -0.504497208436516, 0.18936601400494374, 1.0688057317652075, 2.9342333747931817, 0.0046708203960833
0.5378363183001924, -0.5044973405999308, 0.18934369535626736, 1.068765196073841, 2.9341764977129996, 0.004700046115990539
0.5378286311117603, -0.5045065310207507, 0.1893239479156423, 1.068873232303836, 2.934196750693062, 0.004665375664434194
0.5378597895592654, -0.5044734899597552, 0.18935671826317982, 1.0687462618562245, 2.934177871170858, 0.0046606415853299304
0.5378305635583143, -0.5044838694786242, 0.18933387023711107, 1.068794233229745, 2.9343667426864033, 0.004759518610789649
0.5378366698710876, -0.5044921508981278, 0.1893344390551578, 1.068787862526406, 2.9342923113942967, 0.004671451125287931
0.5378259406976654, -0.5044965324729639, 0.18930861801687013, 1.068913139887527, 2.9343613958957198, 0.004697089400006413
0.5378112620224543, -0.5044942497638825, 0.1893008761793291, 1.0689516595064361, 2.9344142377650697, 0.004761740890597628
0.5378235360705508, -0.5044829232644967, 0.18930201592126691, 1.0689140010333993, 2.9344190482463515, 0.004739309164348551
0.5378084325148537, -0.5045272688142144, 0.1892602078044442, 1.0689591691407303, 2.934319742692985, 0.004685271745514319
0.5379563214503931, -0.5045880297758927, 0.18895219519645806, 1.0687113608730616, 2.933894726860251, 0.004476314950107904
0.5379837856051313, -0.5045991747266864, 0.1888891364265874, 1.0686624364743953, 2.933920359133367, 0.004439255053085274
0.5379526956145831, -0.5046039443039955, 0.18888641003526346, 1.0688100403478187, 2.9340003162315123, 0.004569277076006678
0.5379608016144154, -0.5045789684414965, 0.1888536419474858, 1.0687999156783208, 2.934192682809712, 0.004623888536135731
0.5379492257333385, -0.5045814959670778, 0.18887661052402993, 1.068799382721679, 2.9341922671158636, 0.004623808180579029
0.5379647702389072, -0.5045658679266635, 0.1888426759965329, 1.0687855187671378, 2.9342092036956102, 0.004705661977488873
0.5379561642187574, -0.5045797187680897, 0.18885138958646247, 1.06881909618626, 2.9341935796489054, 0.004723552065330258
0.5379605520932373, -0.5045682001966307, 0.1888403410149875, 1.0688164203649961, 2.934235771606782, 0.004643175565059902
0.5379305188019847, -0.5045883430189415, 0.18882910356238491, 1.0689261521580469, 2.934265982329826, 0.004689290439953727
0.5379480055646166, -0.5045779207789182, 0.18881055401273142, 1.0689059245229295, 2.9343195870996195, 0.004726991080078065
0.5379370931706177, -0.5045809077993846, 0.1888015601104317, 1.0689035812773526, 2.934369911844707, 0.004745721521353561
0.5379293268109514, -0.5045807893298521, 0.18876947615797385, 1.0689720846953035, 2.934444697501355, 0.004706839378236394
0.5379385419023996, -0.504566004180622, 0.18878570579790396, 1.0688797797810174, 2.934465993426154, 0.004702164510395417
0.5379380379118132, -0.5045550042367941, 0.1887645770130518, 1.0688762252227868, 2.934565858036122, 0.004740467352365614
0.53792602307227, -0.5045784810328117, 0.18872976171479075, 1.0689292512847481, 2.934546620133686, 0.004739207600297937
0.5379212626992321, -0.5045857596151402, 0.1887442992317706, 1.0689919255847422, 2.934498779074787, 0.004730057447085264
0.537926141491528, -0.5045719156019278, 0.18872189035030706, 1.068945051609204, 2.934588135518007, 0.00469989654321364
0.537927137309639, -0.5045738875711213, 0.18870655742733083, 1.0689620521513237, 2.934634329567684, 0.004700765084006127
0.5379246179696154, -0.5045827718089416, 0.18871119811422193, 1.0689994569402155, 2.9345712185592143, 0.0046815521895340285
0.5379233978482445, -0.5045819156605558, 0.18868712448460456, 1.0689798634089251, 2.9346279009309875, 0.004700158931379964
0.537931782947651, -0.5045770831031073, 0.18870772069922775, 1.069032867146247, 2.9346085896829424, 0.004701567941124045
0.5379122603163661, -0.504596641810173, 0.188681629428142, 1.0691122569742864, 2.934607548097581, 0.0046922794289871
0.537912547178131, -0.5045862985033372, 0.18869899330038079, 1.0690301989886812, 2.9346006081554914, 0.004677729670052177
0.5379259339762659, -0.5045862770641337, 0.18868712081382866, 1.0690218530427278, 2.934631526221692, 0.004669280692756675
0.5379354424529267, -0.5045611144708549, 0.18866832224512617, 1.0689534788655444, 2.9347177903125936, 0.004693046648853015
0.5379337750913695, -0.5045718272653736, 0.18869235514841812, 1.0689249173552835, 2.9346945856968425, 0.004660703611471377
0.537913221587971, -0.5045880498496395, 0.18866078167332295, 1.069023543547823, 2.934692220757893, 0.004692215063391566
0.5379403516242777, -0.5045525848341578, 0.18866603420901756, 1.068889730554174, 2.9347621373823265, 0.004720462396135594
0.5379357112895388, -0.5045705296669061, 0.1886604575952244, 1.069044742352732, 2.934694015003732, 0.004716669443108175
0.5379334613470265, -0.5045610332249009, 0.18861122245349873, 1.0689907640210663, 2.9348184751302506, 0.004717427890805068
0.5379237033332479, -0.5045634773203951, 0.18860544333034865, 1.0690090429026298, 2.934870228895922, 0.004759261541925821
0.5379123018955863, -0.5045714714105346, 0.1885964839458967, 1.0690851055223538, 2.934856398713001, 0.00468724898245975
0.5379005945620685, -0.5045845176884229, 0.18861936205360105, 1.069019495878686, 2.9348433261956206, 0.00467209450026919
0.5379037915099715, -0.504580028792617, 0.188575634171971, 1.069072591482254, 2.934932062292054, 0.004656683312675279
0.5379197172178364, -0.5045752429329157, 0.18857065992968938, 1.069099648839761, 2.9348963452403987, 0.00472407872793363
0.5378982173542841, -0.5045828500523727, 0.18857130923716597, 1.0691574269432051, 2.934891381755114, 0.004710645500730081
0.5379135160307643, -0.5045735542209837, 0.1885614770484746, 1.0691354459290112, 2.934939503288008, 0.0047073600864840194
0.5379004949856488, -0.504572459908041, 0.18856553080639382, 1.0691226954340598, 2.934962431610226, 0.004752825594270978
0.5379156760512408, -0.5045644374416705, 0.188543495850506, 1.069084645825278, 2.9350197802565856, 0.0047309222661311
0.5379100452351967, -0.5045618873744009, 0.18851940108320522, 1.069168989323166, 2.935029824500749, 0.004727481458690184
0.5378911821267347, -0.5045818590117324, 0.18853946019230625, 1.0691530782975787, 2.9349886642641523, 0.004689755676202881
0.5378902934334292, -0.5046001527502114, 0.18849016759727277, 1.069165815519112, 2.9350765076804257, 0.004762635363511857
0.5379125281673204, -0.5045635755583655, 0.1885052264611191, 1.0691631811296427, 2.9350687131806277, 0.004741541842361676
0.5378819219250977, -0.5045859456367561, 0.1885147997221141, 1.0691320043893966, 2.9350953111629994, 0.004727400842085947
0.537907354583919, -0.5045652078239224, 0.1885115835515589, 1.0691542921031372, 2.9350973575099206, 0.004674580435744776
0.5378987489290908, -0.5045605494600274, 0.18846099413804798, 1.0691914959371143, 2.935198065152264, 0.0046990040899518425
0.5378886318818958, -0.5045720735250322, 0.1884391555427854, 1.0692321786234538, 2.9352011442320527, 0.004743983714813361
0.5378930874868904, -0.5045725085259897, 0.18844438137227906, 1.0692533385088507, 2.9352016857029324, 0.004631383187590877
0.5378865565417672, -0.5045758853227058, 0.1884420572561385, 1.0692054690129096, 2.9352373455088085, 0.0046766692764724305
0.537897146810007, -0.504572677791377, 0.18842816950605742, 1.0692016616442321, 2.9352260803313865, 0.004671702182153385
0.5378980819304184, -0.5045627849714365, 0.1884139679674826, 1.069206533588819, 2.9352366688603113, 0.004676442973523462
0.5378870658081475, -0.5045908269105512, 0.18840287661014873, 1.0692486180351652, 2.9352440083227505, 0.0046263967495246755
0.5378878460029789, -0.5045794570898029, 0.18841268806132058, 1.069233509180203, 2.935257954977091, 0.004649329718975915
0.5378740576954681, -0.5045950024359858, 0.18840282479182938, 1.069244873518941, 2.935288232404688, 0.004603992437450691
0.5378949286092124, -0.5045710998128009, 0.18837850784711324, 1.0692833729556384, 2.9353344380784754, 0.004570311712808644
0.5378897585050203, -0.5045754738998172, 0.18836553145285712, 1.0692672093093305, 2.9353454380548416, 0.00461029083197114
0.537867227179747, -0.504594247556261, 0.18836870374273526, 1.0693038702400341, 2.9353386535017627, 0.0045735037872108916
0.5378707323342983, -0.5045953015937269, 0.18836753209845744, 1.0692753823254748, 2.935370631059393, 0.0046012443891342075
0.5378772500143695, -0.5045893099412462, 0.18833040669319548, 1.0693157976922254, 2.9353683910574304, 0.004605848770817673
0.5384687565732982, -0.5049146627733045, 0.18631173452802627, 1.069203488509791, 2.935308571059582, 0.005027654754360694
0.5384763067775121, -0.5049305865198599, 0.18626958244799932, 1.0692099839517093, 2.935269590038068, 0.005012165467675261
0.5384601672004892, -0.5049312543407652, 0.18628477900979423, 1.0692047835232503, 2.9353109442839274, 0.00500823347791132
0.538449855169754, -0.5049360027732258, 0.18629982180445678, 1.0692942939388455, 2.935282177782308, 0.004991067597172267
0.538465907098669, -0.5049206533068228, 0.18625957777461355, 1.0692036529443356, 2.9353632130253327, 0.005086472269916128
0.5384617372138829, -0.5049217045092715, 0.1862888384759667, 1.0692524287407337, 2.935330892728596, 0.005023647343417481
0.5384539997262012, -0.5049348519985839, 0.18624272938095637, 1.0692773723293176, 2.935401470742048, 0.005092174137127586
0.5384587217315937, -0.5049394660313287, 0.1862646992617878, 1.0692235946146271, 2.9353630226822824, 0.005050086440444674
0.5384690649789035, -0.504929379454104, 0.1862449827740438, 1.0692607930256317, 2.93540860473237, 0.0050156797396349075
0.5384694137307728, -0.5049270133091694, 0.18621856830905448, 1.0692667473246718, 2.9354248822400573, 0.005061047933586222
0.5384408215829729, -0.504952206572191, 0.18622210168597556, 1.06932143516184, 2.9354110189747793, 0.005023921614278313
0.5384722510717149, -0.5049210318817696, 0.18623629172946934, 1.0691907893755248, 2.9354341107373374, 0.00501508796801597
0.5384392402694353, -0.5049550366207008, 0.1861921931442593, 1.0693847370804863, 2.9354720892452875, 0.004998486875987831
0.5384711014967822, -0.5049308052314941, 0.18618261495292132, 1.069307380913523, 2.93547813031321, 0.005048471838826678
0.538472825133041, -0.5049227452359295, 0.18616235540329576, 1.069320938116571, 2.9355143922678146, 0.00504499463316807
0.5384376411289947, -0.5049565575108905, 0.18615887651014879, 1.069460136760437, 2.9355136888126987, 0.004986621026914631
0.538462011417332, -0.5049178844343678, 0.18615260809871456, 1.069356635579314, 2.9355566278679457, 0.005027787204024583
0.5384629320511766, -0.5049383928272372, 0.1861461002962522, 1.0693255624125895, 2.935528244073792, 0.005030854625379178
0.5384579874771369, -0.5049362628597561, 0.18610557239830025, 1.069323364966323, 2.935630501908263, 0.005050066352716584
0.5384501531727611, -0.5049414131597268, 0.186113121697058, 1.0694821691876935, 2.935572767496394, 0.005051357244841947
0.5384809358402782, -0.5049349519915611, 0.18612248190971642, 1.0693215907372038, 2.9355671342409555, 0.004968121566055945
0.5384512887052381, -0.504955414558671, 0.1860889537224424, 1.0693689290828141, 2.9356455497820346, 0.0050231951608761365
0.5384643708658626, -0.50494073146527, 0.18608376988672767, 1.0693907153536932, 2.935593879804839, 0.00504545231271538
0.5384519197028698, -0.5049466122146383, 0.18609799612573266, 1.0694331746008536, 2.9356005731345647, 0.0049964328832964025
0.538469006979022, -0.5049359107567949, 0.1860561770542521, 1.069354256942914, 2.93571283664892, 0.005047455465809456
0.5384442358500692, -0.5049637163070624, 0.18605935676229096, 1.0695365417724298, 2.9356653562416235, 0.005016569320428145
0.5384707882007695, -0.5049384402305656, 0.18605186214909472, 1.069359244279264, 2.935726096664084, 0.005034060765188227
0.538453464394613, -0.5049463167264274, 0.1860266969413534, 1.069462231575916, 2.935734403325573, 0.005070874622683959
0.5384455101851925, -0.5049592853091803, 0.18601904809236736, 1.0695224085785042, 2.935732878364503, 0.004963161755353987
0.5384608976867189, -0.5049448550099633, 0.18598833705688542, 1.0694432969079157, 2.935788648570153, 0.005030590923162903
0.5384559790320032, -0.5049414147958331, 0.1859793571072951, 1.0694766612282087, 2.935826041746018, 0.005050020814968398
0.5385844492420976, -0.5050550193927802, 0.18543027433794398, 1.0694637937006952, 2.9358257951358113, 0.00515171260153394
0.5385899701462811, -0.5050601615713588, 0.18540117969286163, 1.0695478553587228, 2.9358349532470704, 0.0051479358524203255
0.538614748865522, -0.5050442174961028, 0.1853715351228767, 1.069506432324851, 2.935884097466766, 0.0051806955699848795
0.5386201442082083, -0.5050386898908835, 0.1853715260650893, 1.0694544424573122, 2.935906358701958, 0.005162365071127585
0.5386068677888743, -0.5050559955488462, 0.1853607421378819, 1.069543955936912, 2.9358748787162456, 0.005085137924386998
0.5386046085872874, -0.5050517593430953, 0.18531132204097198, 1.0695598087771385, 2.9359733549508267, 0.005163674814973973
0.5386122884886183, -0.5050465261302776, 0.1853234624273669, 1.0695265768327844, 2.9359364419782765, 0.005144770539398613
0.5386170561585554, -0.5050391967178648, 0.18533421043076467, 1.0694952779205527, 2.935960045548313, 0.005149858574099496
0.5386215562631843, -0.5050330230227952, 0.18533300850698092, 1.0695357420228158, 2.9359614417260973, 0.005137497990401057
0.5386216593229114, -0.5050436596604334, 0.1853485979198707, 1.0695096672885436, 2.935945319452276, 0.005127435845751647
0.5385947167986288, -0.5050554509310877, 0.18528345185845044, 1.0695520564656822, 2.9360629259539976, 0.005196610580546697
0.5386240154178618, -0.5050586945732616, 0.1852714163168298, 1.0695096263946937, 2.9359405002981034, 0.005084596828692022
0.5386134479874705, -0.5050711431589581, 0.1852800395951738, 1.0695762766121644, 2.935961829385442, 0.00512204191229857
0.538608104746307, -0.5050568157068142, 0.18526746067186908, 1.0695825067544986, 2.936033634417157, 0.005150963022642337
0.5386123516334209, -0.505061134318603, 0.18524159937517162, 1.069597928811608, 2.9360192003442287, 0.0051277407858931635
0.5386148280083888, -0.5050628005823841, 0.18527224641223372, 1.0695717844201726, 2.936003580452159, 0.005118490278567118
0.5386187478443487, -0.505044324002728, 0.18522132742112996, 1.069555449553028, 2.936120989031994, 0.005161265749445688
0.5385955209550255, -0.5050613300736306, 0.1852004469912154, 1.0696252078760655, 2.936148436410448, 0.005161622227279155
0.5385879079169232, -0.505077257169156, 0.18523151247728503, 1.0696003282271211, 2.9360828147548323, 0.005132359031079355
0.538619003096224, -0.5050365051131442, 0.18520043838245576, 1.069573902931619, 2.9361704408119764, 0.005144950601535418
0.5386050714523603, -0.5050586356562504, 0.18519842181079427, 1.069604852207471, 2.9361463444015707, 0.005139313018114245
0.5385847029272661, -0.5050696854931351, 0.18520481372271044, 1.0696251897875382, 2.936148864999371, 0.005084557545810381
0.5386218433091631, -0.5050517151605101, 0.18517894316106856, 1.0695407387388194, 2.936188664333979, 0.005107629843940667
0.5386011645839113, -0.5050519306735012, 0.18516199699496375, 1.0696740750507148, 2.9362242506421254, 0.00508256454735767
0.5385980307879871, -0.5050696295368386, 0.18515810011401174, 1.069629047514068, 2.9362121965367347, 0.005089962442666545
0.5385958788962139, -0.5050575069133768, 0.185142268423765, 1.0696536702036008, 2.9362778160942486, 0.005119216402115057
0.5386078605419147, -0.5050565303481526, 0.1851357119419185, 1.0696549651160634, 2.936280736185859, 0.005101314829350518
0.5385904437196783, -0.5050550533354492, 0.18508835425291303, 1.069672700567584, 2.936385155843056, 0.005143305366031666
0.5385908938517509, -0.5050606925091305, 0.18512488577470365, 1.0696812477947373, 2.9362962797658296, 0.005033081298444235
0.538595511010376, -0.505059934960851, 0.18510826716128387, 1.0696111772195904, 2.936325014586837, 0.005091661894839223
0.538608705637787, -0.5050478514838315, 0.1850700309525733, 1.0696925832137745, 2.936381385652558, 0.005125764229205331
0.5388957063452343, -0.5052577308403101, 0.18402367811659087, 1.069684885727039, 2.936150789730035, 0.0051853356567263635
0.5389050805350162, -0.5052696517053753, 0.1839584002716509, 1.0696278509603847, 2.936158885079789, 0.005255690618588259
0.5389290205232208, -0.5052437932679604, 0.18395081523813217, 1.0695915772747429, 2.936220729251647, 0.0052754829104903625
0.538927763687423, -0.5052523001026734, 0.18393144570459627, 1.0696101578826793, 2.9361617078575395, 0.005273858382982451
0.5389293643356785, -0.5052653585539676, 0.18393701767720333, 1.0695774796231021, 2.9361278609149495, 0.005236112262334178
0.5389376944477693, -0.5052605191125813, 0.18387794296070337, 1.0695921852163655, 2.9362212268907224, 0.005273841509508594
0.5389382781383271, -0.5052610207107283, 0.1838837481923188, 1.0695686492026173, 2.936155813679926, 0.005244710685731053
0.5389301018704686, -0.5052673292739849, 0.1838545068863421, 1.0696097931841675, 2.936156027029454, 0.005230638648696556
0.538940577763284, -0.505275878037171, 0.18384878991676945, 1.069593133628091, 2.9361663866293353, 0.00521275925163651
0.5389316309440697, -0.5052789332055426, 0.18380942180616058, 1.0696372774615395, 2.9362328399372606, 0.005263681150372958
0.5391375570333184, -0.5053829788978124, 0.18324610674053482, 1.0695600025071266, 2.9359369172479126, 0.005241583490119608
0.5391258956384462, -0.5054040335619755, 0.1831508869711268, 1.0696097401058016, 2.936072580823432, 0.005337966675981546
0.5391460381555329, -0.5053995253661231, 0.18311077058057842, 1.0696225806075685, 2.936049832611379, 0.0052918909633314125
0.5391301962603132, -0.5054176860339473, 0.1830823288377357, 1.0696399931796214, 2.9360985404759123, 0.005350864248657645
0.5391406207959493, -0.505422267621859, 0.1830592865428466, 1.0696062376691902, 2.936116941112063, 0.005391346220365461
0.5391457699381942, -0.5054219932212967, 0.1830325994765141, 1.0695930277678531, 2.936076363673669, 0.005275936923826151
0.5394430370517842, -0.5055502921438666, 0.18245880481969845, 1.0691253048035532, 2.9349775477851243, 0.005152379906486114
0.539422783703117, -0.505572353851197, 0.1824497354246202, 1.0692114414744407, 2.935044029738204, 0.004977324162246097
0.5394380907372106, -0.5055992118360062, 0.1824303330943592, 1.0691639288398254, 2.934802596832027, 0.00495215015385698
0.5394262850444098, -0.5056016084580384, 0.1824301614553132, 1.0692281206300305, 2.9348154976418446, 0.004966552027538214
0.5394370409327698, -0.5056050171055286, 0.18242794973146667, 1.0691459871215128, 2.9348624471163167, 0.004876062665953222
0.5394468086793957, -0.505595926455981, 0.18240737772646543, 1.0691103570749885, 2.9348744537868723, 0.0049527057723607265
0.5394059993557712, -0.5056220188367949, 0.18238433325771303, 1.0692544316760357, 2.934886123760201, 0.00495733492853674
0.539447358068205, -0.5055962967562383, 0.18236559979458047, 1.0691700631251675, 2.9349263988863066, 0.00498110614948863
0.539429007909659, -0.5055954539506297, 0.18236545942531027, 1.0692121432108745, 2.9349879043871736, 0.004991634836429819
0.5394102319883161, -0.5055981241735368, 0.18236659227422677, 1.0693029694070093, 2.935128811483831, 0.004982767528288902
0.5394049696034906, -0.5055904787195975, 0.18238061068695743, 1.0692737194612334, 2.935155590919772, 0.004892319768009288
0.5394020316776497, -0.5056042908975016, 0.18236306681054426, 1.069360809761424, 2.9351744906116704, 0.004834765162444694
0.53939603033783, -0.505596195892644, 0.18236521433655492, 1.069286293844992, 2.9351915815480787, 0.004888312859129157
0.5394195751948292, -0.5055846573688737, 0.182359925803658, 1.0692516863785653, 2.9352015247686856, 0.004829637621714526
0.539397296009487, -0.5056182776338131, 0.1823302446415033, 1.0693652508192055, 2.935187418227151, 0.004897397146708801
0.5393931874036051, -0.5055981857746673, 0.1823089535857682, 1.0693047725282188, 2.9352940200286004, 0.004871599773275346
0.5393911838525114, -0.5056060449131937, 0.18228623724583465, 1.0693542796976523, 2.9353212228521124, 0.00490845811063108
0.5394111017806643, -0.5055906998399001, 0.1823125665986698, 1.069333863478364, 2.9352618306536074, 0.004844930657870607
0.5393863567244941, -0.5056173197581659, 0.18232246200548413, 1.0693260726245122, 2.9352428306718306, 0.004815804763521081
0.5393888562463531, -0.5056071121840984, 0.18232485345127306, 1.0693469328082637, 2.9352441964082567, 0.004839294606579606
0.5394022797113749, -0.5055964857019276, 0.18227749970371251, 1.0692917924356868, 2.935366262248951, 0.004858796724707463
0.539395849225287, -0.5055946836248685, 0.18224339421232494, 1.0693677790301588, 2.9354071772515504, 0.004846639827982096
0.5393998414023305, -0.5055973814994315, 0.1822783272171984, 1.0693593900681209, 2.9353855749027606, 0.004837877957687928
0.5393859904050933, -0.5056050139323525, 0.18223839463549216, 1.0694364130170417, 2.935434387724768, 0.004925289070625257
0.5393713844149943, -0.5056081391523743, 0.1822440337539669, 1.0694600047988054, 2.935444180834828, 0.004893636440153335
0.539387342020397, -0.5056138747532856, 0.18222776922887535, 1.0693552926716774, 2.935483338376613, 0.004815667688374284
0.5393754722116534, -0.5056016829083428, 0.18221962574147926, 1.069406628313237, 2.9355165133210894, 0.004894099836846179
0.539383470925078, -0.5055992527382158, 0.18221637967592946, 1.069373917810972, 2.9355350852912494, 0.004857929625928752
0.5394002547910658, -0.5056029051573627, 0.1822222366369186, 1.069400261686133, 2.935494926026684, 0.0048080671199437625
0.5393965427388754, -0.5055764791153363, 0.1821627969562815, 1.0693925001651503, 2.9356388761049406, 0.004900948014658965
0.5393791079350196, -0.5055988355601919, 0.18218997036798612, 1.069435431854686, 2.935593457003813, 0.004850672860903608
0.5393702181235034, -0.5056045478381677, 0.18217462194413486, 1.0695017182923574, 2.9356093505110548, 0.004847516005351284
0.5393884951135158, -0.5055973294043115, 0.18214605249737553, 1.069458809851354, 2.9356534284299745, 0.004838822555102013
0.539380157182018, -0.5055982385477323, 0.18215836624426718, 1.069485983440745, 2.935620858290017, 0.00488778306365961
0.5393899763062511, -0.5055851056720388, 0.18213599836115618, 1.0694228325401471, 2.935721253098731, 0.004898146514404586
0.539371321593523, -0.5056040277878264, 0.18213281143954674, 1.069436303660706, 2.9357040180687792, 0.004892410558794902
0.5393906643243442, -0.5055868708668235, 0.18210552441667782, 1.0694536602045437, 2.935750119338721, 0.004894676262440424
0.539374430270821, -0.5055994091157696, 0.18211396190003387, 1.0695382856265259, 2.9357626523301743, 0.0048732245371218815
0.539378469394246, -0.5056022270792223, 0.18212173830453005, 1.0694907773186482, 2.935743135611677, 0.004858624725858148
0.5393809590769318, -0.5056013401805775, 0.1821011483078444, 1.069492583684562, 2.9357481575189412, 0.004899139958752313
0.5393731645463078, -0.5055892832382879, 0.18207548838952178, 1.0695249179310506, 2.9358332641463507, 0.004878613927892733
0.5393755379625566, -0.5056015274722817, 0.1821162477274252, 1.0694432930129818, 2.9357759950822215, 0.00484465005910106
0.5393727327264745, -0.5056048135425016, 0.18205348542659122, 1.0695273767978777, 2.935894665136911, 0.004824824025158302
0.5395896290593921, -0.5057203203962342, 0.18119918134213897, 1.0695670249340496, 2.936081966344754, 0.00509927865836991
0.5395771457172678, -0.5057327737011731, 0.18123801529874678, 1.0696228884752146, 2.9360741604300915, 0.005105109238367573
0.5395709155609124, -0.5057403824934081, 0.18119652758007082, 1.069683793412898, 2.936128969569924, 0.005115028048225432
0.5395933313260682, -0.5057134379343816, 0.18118397936449998, 1.0697002536965456, 2.9361731591920424, 0.005135712966062954
0.5395769176837774, -0.5057219395159818, 0.18118527753116245, 1.0697416459636864, 2.93617870559959, 0.005163013473404363
0.5395834657834154, -0.5057079366436964, 0.18116205553572085, 1.0696470299608367, 2.936244885223823, 0.005135787165091433
0.539552595598209, -0.5057502511702707, 0.18114926243127955, 1.0697085524210064, 2.9361973656446345, 0.005124437060690501
0.5395884791008075, -0.5057114159232503, 0.18115130067640042, 1.0696470267195701, 2.9362444272513586, 0.005135421446107102
0.5395840087207842, -0.505710937962218, 0.18116437754709186, 1.0697118207168688, 2.9362029224551094, 0.005090991359251889
0.5395927824524401, -0.5057263170631007, 0.18110090789484504, 1.0696860807002775, 2.9362954245305266, 0.005140499239773845
0.539562325021464, -0.505737049163962, 0.18112719427368473, 1.069751823624852, 2.9362591127479143, 0.005135760612409673
0.5395712564950325, -0.5057233308596909, 0.18108638271015678, 1.0696986726222095, 2.936331345926039, 0.005136846469812979
0.5395781691716088, -0.5057187941078681, 0.18107098598266544, 1.0697867542406037, 2.9363517692547783, 0.005138650014595823
0.5395759582385662, -0.5057278618292759, 0.1810908749345142, 1.0697568957640773, 2.9363252593381435, 0.005124008227294433
0.5395577635462957, -0.5057284548432344, 0.1810916769839526, 1.069761218230466, 2.93639202665665, 0.005111644766823569
0.539563991977843, -0.5057222221284599, 0.18104427962329403, 1.0697739943254798, 2.936425336655548, 0.0051257248819886695
0.539575471792667, -0.505720852411863, 0.18105955884389802, 1.0697321257194743, 2.9364193223481228, 0.005098524645336691
0.5395780732430633, -0.5057226914494201, 0.18106299870302667, 1.0697204122553425, 2.9363868300091767, 0.005084111709352897
0.5395706618396343, -0.5057161786362098, 0.181027745550969, 1.0697586651446074, 2.9364922177682833, 0.0051495742238097195
0.539578126247449, -0.5057121076458534, 0.18101813181141066, 1.0697522696631279, 2.9364734447922998, 0.005121993368942904
0.5395658826595129, -0.5057353956126859, 0.18104553680991275, 1.0697431058509252, 2.9364515388860566, 0.005111961988362837
0.5395729178582227, -0.5057204171941878, 0.18102245449271845, 1.0698237691192394, 2.936450757903036, 0.00510426346974353
0.5395381795616578, -0.5057493912589821, 0.1810016389366172, 1.0699271555866052, 2.936462076009479, 0.005122302898199271
0.5395537009450864, -0.5057309225935118, 0.18095745793568907, 1.069820585074384, 2.9366066568316427, 0.005123902726433519
0.5395651960760071, -0.5057283064586738, 0.18098932476446544, 1.069793407329877, 2.9365302347764817, 0.005090956641196923
0.5395572568457334, -0.5057386646751505, 0.18099247481157552, 1.0698013257481342, 2.9365528467896187, 0.005023263882501678
0.5395555673331307, -0.5057388405640468, 0.18095651765484788, 1.0698543939981324, 2.936586041363792, 0.005023894709912481
0.5395520098475446, -0.5057390205161568, 0.18095102253486392, 1.0698784718060803, 2.9365962204613916, 0.004992556925818928
0.539570532536531, -0.5057266723953477, 0.1809718636994678, 1.06980627726744, 2.936563456389006, 0.005028240151130347
0.5395342999854281, -0.5057559254094562, 0.18094989350886248, 1.0698615466319525, 2.936607844272259, 0.005032461340904305
0.5395421900625023, -0.5057428224561897, 0.1809212757743017, 1.0698808573550207, 2.936657151702713, 0.005015741982292658
0.5395543634231096, -0.5057273573984072, 0.1809322179573024, 1.069847156456082, 2.936675016550251, 0.005057300528393644
0.5395555008014733, -0.5057334215792971, 0.18089698291260772, 1.0698682119134164, 2.93673026791081, 0.005003767099057126
0.5395585687590007, -0.5057303261284637, 0.18087304854835998, 1.0698280935433935, 2.936731637122762, 0.0050752106258247056
0.5395381750051674, -0.5057545535493172, 0.18091151335577735, 1.069948926013039, 2.9366791029302846, 0.00497611807336372
0.5395341084066213, -0.505746464701357, 0.18090154744951825, 1.0698830487397484, 2.9367164386051967, 0.004903102051548404
0.539555525080616, -0.5057267632342617, 0.18088896803302634, 1.069848052851001, 2.936784849499593, 0.004964073807580258
0.5395418493630176, -0.5057385426518953, 0.1808399768100485, 1.069903291330883, 2.936826134430519, 0.004986788804432633
0.5395607458246217, -0.5057223878189224, 0.18083761652647368, 1.0699711493185022, 2.9368449865290116, 0.004966495637003202
0.5395215122686692, -0.5057509183706143, 0.1808298807013944, 1.0699984232804838, 2.9368661076865457, 0.004938177178857729
0.5395491402937594, -0.505726250427261, 0.18082864659588813, 1.069917622455802, 2.9369172378793125, 0.004966707429245209
0.5395492193244192, -0.5057370001353436, 0.18083671530361864, 1.0699251572156463, 2.9368282287229754, 0.004932883302044396
0.5395407280779394, -0.5057204814186413, 0.18082764785543654, 1.0699311749792841, 2.936899617762409, 0.0049616336613812866
0.5395492193244192, -0.5057370001353436, 0.18083671530361864, 1.0699251572156463, 2.9368282287229754, 0.004932883302044396
0.5395237970105101, -0.5057525093488462, 0.18084521683094365, 1.0699865117589582, 2.936833635549804, 0.004924048696048698
0.5395591974153767, -0.5057372268068006, 0.18087395152714114, 1.0699301187080166, 2.9367868187243507, 0.0048604281339153284
0.5395421772723107, -0.5057479790771094, 0.18083115308207984, 1.069937784750303, 2.9368614043529875, 0.004869845470657384
0.5395479285363164, -0.5057400423182548, 0.1808398745231056, 1.0698793477457085, 2.936867082284104, 0.004883032465930484
0.539531348113836, -0.505745805119466, 0.18083651257092606, 1.0699009073205095, 2.936873699960946, 0.004946420776364079
0.5395498961564401, -0.5057295064978578, 0.18084864681352975, 1.069941200904577, 2.9368168106134944, 0.004892534988199166
0.5395217469465468, -0.5057630141384116, 0.1808660219149084, 1.069971795050744, 2.9367931784910324, 0.004886959170691804
0.5395415815170391, -0.5057462250142888, 0.18085177241173608, 1.0699323668134302, 2.936847736286157, 0.0048834726685512385
0.5395457198498695, -0.5057345396484709, 0.18084198976352028, 1.0698971210560042, 2.93686288152208, 0.004942342968300888
0.5395464125981234, -0.5057403060570547, 0.18084857899926443, 1.0699649526523238, 2.9368270226112045, 0.004861137946619413
0.5395444754909934, -0.5057363171684586, 0.18084197266186156, 1.0698643231212919, 2.936881442786387, 0.004905880213257609
0.5395479589810023, -0.5057255176186866, 0.1808420405232492, 1.069911492707726, 2.936845473036878, 0.0049378769567184795
0.5395452842409663, -0.505736915744879, 0.180862836995561, 1.0698797714607078, 2.9368145325474098, 0.004882461927583488
0.5395466974540247, -0.5057285670593806, 0.18083534077241956, 1.0699093292339128, 2.9368930005031126, 0.004897783926390409
0.5395317923477545, -0.5057500739341629, 0.18084196408811462, 1.0699539364709165, 2.9368521598689816, 0.004887863432727979
0.5395377650749161, -0.5057316378984157, 0.1808504827673809, 1.069907173187125, 2.9368903481888555, 0.004915961005357314
0.5395449954648871, -0.5057366738743145, 0.18086487572811785, 1.0699232150824998, 2.9368232288591622, 0.004892506655059581
0.5395293439391193, -0.5057550714235527, 0.18086404615877572, 1.0699615285980077, 2.9367653320366256, 0.0049134864676144575
0.5395447177777526, -0.5057378236607959, 0.18084311023689256, 1.0698616268393835, 2.936873514517709, 0.0048829030967953565
0.5395397889909538, -0.5057331064017001, 0.18085073626015416, 1.0699098590995, 2.936840400209923, 0.004896764172059805
0.5395592971555251, -0.5057333927695213, 0.18084448492053973, 1.069913552274675, 2.9367957117683505, 0.004918902024439681
0.5395445046952443, -0.505736324397206, 0.1808321136322274, 1.0699256567594455, 2.9368836934849196, 0.0049157881360432564
0.5395420803545713, -0.5057359591722395, 0.1808396259838798, 1.069944411552959, 2.936880686019682, 0.004898108888271425
0.539546436494921, -0.5057376414448018, 0.18085930192558242, 1.0698954877759876, 2.9368582907204828, 0.004901984483338512
0.5395348586239115, -0.5057402661544294, 0.1808768241564991, 1.069919146856688, 2.936812387246458, 0.004887578699382695
0.539541946051132, -0.5057452095324301, 0.18083669820209564, 1.0699627425039835, 2.9368211882411446, 0.00489672007620194
0.5395355833230163, -0.5057381321349163, 0.18085393827772625, 1.0699462870448149, 2.936832706064354, 0.004937866173395173
0.5395318680022869, -0.5057488164958913, 0.18082892872032788, 1.069956835898032, 2.9368600655483585, 0.004910554585321077
0.5395452322487024, -0.5057461094563959, 0.1808574858599882, 1.0699433313023279, 2.9368243404312544, 0.004914927222022761
0.5395377625536055, -0.5057436274742355, 0.1808616822220552, 1.0699023788898474, 2.9368218732193934, 0.004868945573437989
0.5395578390684862, -0.5057336972203709, 0.18084337596883882, 1.0699185053909606, 2.9368090132776192, 0.004905341767067739
0.5395403162711819, -0.505740078324412, 0.1808419983765149, 1.069949136804413, 2.936840609259405, 0.004960669532104597
0.5395343949559729, -0.5057519139050086, 0.1808454025724431, 1.069959739742057, 2.936813304464141, 0.004873598163954617
0.5395362840171245, -0.5057306286103356, 0.18084610584561578, 1.0699783350428984, 2.9368650168647665, 0.004916619801143435
0.5395462106035864, -0.505737543782047, 0.1808442649721241, 1.069945125399452, 2.9368275987525463, 0.004897021699961356
0.5395392848144163, -0.5057433549983975, 0.18085297789061594, 1.069869996106624, 2.936842569007325, 0.00489147056886638
0.5395293054984199, -0.5057457205941058, 0.180822313972974, 1.069963531617236, 2.936878847095779, 0.004938023984252793
0.5395330367494419, -0.5057482964438952, 0.1808419811636515, 1.0699158131189859, 2.9368593557286387, 0.004923725867660384
0.5395384466059353, -0.5057427490038355, 0.18084197266186156, 1.0699527430755649, 2.936849291124891, 0.004906332273476472
0.5395618849659383, -0.5057218602253435, 0.18086052818990356, 1.0698516309842785, 2.9368482579868633, 0.004969613880774084
0.5395623757785387, -0.5057275189623069, 0.180832316280306, 1.0699316951081097, 2.9368448351353718, 0.004902097289475178
0.5395439660160971, -0.505734697047556, 0.1808257523434482, 1.0699343373166301, 2.936852781929677, 0.0049240542551802855
0.5395465874117438, -0.5057351529591148, 0.1808431359123606, 1.0698932183628778, 2.9368520498852204, 0.004937538257599927
0.5395339055137945, -0.5057395738803304, 0.18080144157388697, 1.0699669769067164, 2.9369422438173656, 0.004943896812837287
0.5395526283609843, -0.505718122266699, 0.18080813266161197, 1.0698469272756106, 2.9369425593750735, 0.004965660816530903
0.5395421561999368, -0.5057320472160332, 0.18085707738133433, 1.0699504497136485, 2.9368439490652634, 0.0049432937639923395
0.5395580116709111, -0.5057364521128656, 0.18085754919433675, 1.0698952121061367, 2.9367995727112577, 0.0048597049132081144
0.5395434381240113, -0.5057448679399277, 0.1808749118120549, 1.0699352885233075, 2.936802708619927, 0.004905624703070257
0.5395549060515741, -0.5057329835223027, 0.18083789022345365, 1.0698884891871043, 2.936835495818708, 0.004891722121116129
0.5395611314610514, -0.5057292965117697, 0.1808322992308383, 1.069827976083521, 2.936889152419446, 0.0048650335985608115
0.5395448093989447, -0.5057471717567364, 0.18085521950807562, 1.0699369638441216, 2.9368059777670514, 0.0048873801482376385
0.5395648160527502, -0.5057414106551995, 0.18082474824502734, 1.0698566512576693, 2.936690305802616, 0.004810158755229866
0.5395494450215773, -0.5057185775447222, 0.17971268523417355, 1.069426278533843, 2.935504066088436, 0.0048102982357698595
0.5396203114821451, -0.5057327449006046, 0.1788841677066791, 1.0692028205183588, 2.933685679529223, 0.004468349007157851
0.5396480032690838, -0.5057414961177907, 0.17818478929565584, 1.0689957254388798, 2.933029246545952, 0.004509921829236159
0.5396583913399373, -0.5057662686519232, 0.1776880064891532, 1.06916951960221, 2.9326519742121095, 0.004143433714450624
0.5396569520595055, -0.5058197026044662, 0.1773240748365688, 1.069257912214501, 2.933069502525828, 0.0032078012224229457
0.5396622395766373, -0.5058350189143672, 0.17715612796031946, 1.0691777061863823, 2.932661021138561, 0.00272191593483017
0.5396787524859805, -0.5058280094131548, 0.1769201809399455, 1.0693810049887735, 2.932607929966437, 0.002688131921748744
0.5396981587262025, -0.5058135527006603, 0.1767364258831977, 1.0692041125592058, 2.932999970561648, 0.003061884655546999
0.539661312652149, -0.5058264441525755, 0.17668159104643016, 1.0693111235064992, 2.9331170711384402, 0.002714990729723752
0.5396810147880284, -0.505834105885817, 0.1766966379164665, 1.0688556159456808, 2.9330773657970246, 0.0030367653732624083
0.5397218064507635, -0.5057998980142813, 0.17670544106154454, 1.0687835528655616, 2.9328916603359025, 0.0034001756929928455
0.539674390778186, -0.5058071114202637, 0.1766117658373003, 1.0687729194182443, 2.933255002700923, 0.0038839279775224867
0.5396633925039039, -0.5058311924489303, 0.17664291444975738, 1.068698619173375, 2.933252277695807, 0.0032533377316439956
0.5396770192628206, -0.5058420713688928, 0.17665632095631173, 1.0690788108369487, 2.932982526297558, 0.003187025288748183
0.5396942919053817, -0.505832666094503, 0.17650111930667317, 1.0690480223342727, 2.9333372386720806, 0.0034725597955007344
0.539661397560654, -0.5058548726279054, 0.17651106947753595, 1.0692631179558847, 2.9333181069736716, 0.0031485663108727796
0.5396775401825117, -0.5058528254713107, 0.17649147289519, 1.0692768108486213, 2.933296369338356, 0.003026249600333064
0.5396738812260162, -0.5058503318918023, 0.17650816791382434, 1.0697549310476582, 2.933083052960265, 0.003170845571713693
0.5396652299066433, -0.5058895137869458, 0.17652358248716427, 1.0698961454462852, 2.932899605350944, 0.0023077293826794555
0.5396540423024062, -0.5058703492408693, 0.17648111474083705, 1.0696954790902342, 2.933332635252331, 0.0022905868881345154
0.5396378320400779, -0.5058887241447394, 0.1764625964949889, 1.0700039927694078, 2.933249946818055, 0.0023425530441923996
0.5396386050815638, -0.5059039383160124, 0.17644808579418939, 1.07021548723756, 2.933102418570823, 0.0017945288460061001
0.5396250257659942, -0.5059063325029212, 0.1764671324593535, 1.0701673094902047, 2.9331952595011868, 0.001958799898214892
0.539636140189392, -0.5059301189272608, 0.17648789659975658, 1.0702993524905329, 2.932942507002671, 0.0014939515579856255
0.5396079550056865, -0.5059554513519129, 0.17648742155085498, 1.0701488933283958, 2.933128266162668, 0.0013492296076353582
0.5396326008382489, -0.5059192050159916, 0.17647825138007942, 1.0699754820700733, 2.9334240473120534, 0.0015937381694381887
0.539592977979044, -0.5059751358552473, 0.17649914569297692, 1.0699694087038039, 2.933451938559181, 0.0011575608545992273
0.5395800903491701, -0.5059990036200053, 0.17647468307272846, 1.0698796722674127, 2.9337222644604095, 0.00014579601626293684
0.5395719906020083, -0.5060292569708957, 0.17650710568822964, 1.0700203361987846, 2.9335404091848782, -0.0005804921875066416
0.5396106245146468, -0.5059787934497498, 0.17648871865492483, 1.0698128046543098, 2.9335814571734544, -0.00024607672136774843
0.5395770972780111, -0.5060203698224868, 0.1764751690564033, 1.0700676824366298, 2.9336185226231355, -0.0005238772846115937
0.5395605111314772, -0.5060074263980614, 0.1764031167151611, 1.070166908430758, 2.933837810933646, -0.0004062455697660702
0.5395891909615751, -0.5059917704048777, 0.17641157036279576, 1.0699366556183716, 2.933709788086898, 3.2259109776804045e-05
0.539636150231956, -0.5059436109228709, 0.17643047929007777, 1.069842247549476, 2.9335830375635283, 0.0008416402830903503
0.5395947748046778, -0.506031241955994, 0.17630593164536426, 1.0699645741247068, 2.9336364211370554, 0.0007392798958906474
0.5396021473428119, -0.5060293612933531, 0.1762914734517347, 1.0699587031034674, 2.9336041546385747, 0.00020355653364607598
0.5395992715968533, -0.5060247458518847, 0.17626525129419032, 1.0699002460729432, 2.933658115698593, 9.9049323116579e-05
0.539610297339729, -0.5060403818820346, 0.17631400918460358, 1.0694652996504932, 2.93366315992168, -7.990134535320444e-05
0.5395798703175912, -0.5060934644416429, 0.1762882521976447, 1.0695653044813676, 2.9336967295233944, -0.000827698143816845
0.5396065851955492, -0.5060924526292276, 0.17634103764373138, 1.06946287486342, 2.9333647703762975, -0.0006804785959369426
0.5396235562201104, -0.5060750169585461, 0.1763091964278159, 1.069622378573322, 2.933362809639607, -0.0006953976856828867
0.5396158975886809, -0.506097419312227, 0.17633325291387347, 1.0696359485584435, 2.9333895759408968, -0.0010890828875687315
0.5395659326105959, -0.506124794380468, 0.17627307162051348, 1.0698867881108645, 2.933632302381249, -0.0014041695002559658
0.539586381800843, -0.5061058993384212, 0.1763112218489335, 1.070185648124031, 2.9334286988971296, -0.0009532328437376995
0.5396002050812605, -0.5060889684387986, 0.17631162536140768, 1.070276794467499, 2.933346629453411, -0.0010469543320672683
0.5395770337868201, -0.5061234291117949, 0.17630323702699455, 1.0702570394755029, 2.9332883141906456, -0.001190618311376508
0.5395586660088405, -0.5061814548664593, 0.17636754918903705, 1.0702706438835285, 2.9330930782863294, -0.001670652862409942
0.5395556038707976, -0.5061507439039518, 0.17631804187489858, 1.0703854202293355, 2.933407375943237, -0.0017447205746671983
0.5395442626333419, -0.5061561316811778, 0.1763201341401647, 1.0703740627256977, 2.933430367875231, -0.0017766098625930113
0.5395055029337003, -0.5061659974979164, 0.17626713161827298, 1.0706117762706397, 2.9337442150797646, -0.0021624510865874964
0.539466930015792, -0.5062023829647133, 0.17623665545233472, 1.0706232763270236, 2.9341326387792566, -0.003094783405394135
0.5395133451663524, -0.5061872336084015, 0.17628184824023652, 1.0704214006730413, 2.9338063563083687, -0.002708233957712411
0.5395287836199482, -0.5061781265903381, 0.17626238628064908, 1.0706898353475514, 2.9336624642978344, -0.0027423651277034963
0.5394638740454293, -0.5062194402310318, 0.17625473936444447, 1.0708883104703002, 2.9338691860888395, -0.0031183212654808984
0.5394860239920709, -0.5062227048562167, 0.17625028390412895, 1.0704154771237215, 2.933829764753572, -0.0031857220245123576
0.5395101025076827, -0.5062052044005694, 0.17624259857410915, 1.0704916487076646, 2.933607044362663, -0.0029117682072128444
0.5395051015226346, -0.5062079220791557, 0.17620913710152109, 1.070595667099479, 2.933344962024632, -0.0027671484317139286
0.5394552504383727, -0.5062349713581101, 0.17621292785263673, 1.0706908901300662, 2.9338184591317082, -0.0031698050512491485
0.5394496429731054, -0.5062560187065326, 0.1761911397942655, 1.0705698095894398, 2.9340140239893304, -0.0037893307304865636
0.5395004435752324, -0.506199421704933, 0.17621859778498727, 1.0704170703482454, 2.9339288922261604, -0.003590618474382393
0.5394527191255765, -0.5062323813019767, 0.17619232491203962, 1.0706237617013086, 2.934118737616479, -0.003527139675990698
0.5394583303444558, -0.5063241189209396, 0.17603741172106604, 1.0710028083875305, 2.934143020048386, -0.004277704144727337
0.5394907558043232, -0.5062614044065895, 0.17602068665095652, 1.0710848265001864, 2.9341086478068314, -0.0038128612595795335
0.5395203648394244, -0.5062396528099629, 0.17601125499775327, 1.07116898823759, 2.9339727216636837, -0.003233165862748963
0.5394804896702932, -0.5062743320251033, 0.17597738419035544, 1.071161832380458, 2.9343428030950323, -0.003073957683146165
0.539455190829904, -0.5063029318261215, 0.175943067628547, 1.0712784925549053, 2.9345374973270575, -0.003659609669355407
0.5394772904197676, -0.5063065929563657, 0.17596503042470552, 1.0711585223191784, 2.9343177404364944, -0.0035879621252234055
0.5394760775347186, -0.5063110683869533, 0.17596063989886224, 1.0710332693615134, 2.934362786384683, -0.003512410869236452
0.5394440291199967, -0.5063404025205338, 0.1759568088200169, 1.0710608327303255, 2.9344882562222856, -0.0037512247095560897
0.5394056043137879, -0.5063483891241709, 0.1759277341579207, 1.071155073968566, 2.9347548576937212, -0.003519500976682912
0.5394356987374638, -0.5063230596658377, 0.17594382642778122, 1.071266540984554, 2.9345167845166737, -0.0032257401474228777
0.5394706081962143, -0.5062899179538237, 0.17594465129032844, 1.0710485104983736, 2.934534302040719, -0.0028833625148622444
0.5394633733803555, -0.5063118009252701, 0.175907490175376, 1.0712069212995259, 2.9345268476716018, -0.002940641133513428
0.5394399161309343, -0.5063378310745892, 0.17588199302137655, 1.0711853688452317, 2.9346752945363197, -0.0033522169797307565
0.5394577102247338, -0.5063603882927523, 0.17589375538165786, 1.0711691519469853, 2.934562338700563, -0.0038621996043803576
0.5394650812186564, -0.5063430434321712, 0.1758871997349024, 1.070945504045204, 2.934613110028499, -0.003547297213924598
0.5394420399737297, -0.5063613140200233, 0.17584604733156387, 1.070989027194834, 2.934830645736571, -0.00396100996320182
0.539407774554552, -0.5064070494990563, 0.17588799276216283, 1.0709485980149092, 2.9347209925247877, -0.003933498767465403
0.5394319604110941, -0.5063802021317232, 0.17588165601175007, 1.0707916143605305, 2.934684274914284, -0.00348692414639232
0.5394332953289364, -0.5063675899722833, 0.17590770677294237, 1.070961789164994, 2.9347842842955374, -0.003073248845348346
0.5394462520374819, -0.5063926692102854, 0.17593104631523118, 1.071174001165884, 2.9344761152754693, -0.003547021355489373
0.5394435285386945, -0.5064099954509254, 0.1759054161343989, 1.0712786158287986, 2.9343210399887885, -0.003553947992740704
0.5394661055967813, -0.5063907785895198, 0.17592552780162835, 1.0712547710190694, 2.9342591051108813, -0.0033866938818689226
0.5394691261650868, -0.5063929462360481, 0.17593331746926907, 1.071144188395194, 2.9342365564919684, -0.003257394321193688
0.5394302151407303, -0.5064160009135367, 0.1758982940555277, 1.071340957144508, 2.934486858697228, -0.003867468550002185
0.5394196864736928, -0.5064302857098998, 0.17591151657559234, 1.0713294614979465, 2.9345044348763727, -0.004017291435929886
0.5394227800134499, -0.5064271074596289, 0.17590482530133014, 1.0713539313997462, 2.934519232499013, -0.003930527011098939
0.5394024888330042, -0.506450537073982, 0.1758881975822706, 1.0714316287950167, 2.9345658693191172, -0.003979527093776412
0.539387810398655, -0.5064796593413831, 0.17593238633168354, 1.0716500498784656, 2.9344268596672634, -0.004889680323044524
0.5394051381445705, -0.5065017341087734, 0.175960778910707, 1.0713503352875835, 2.9344565883727434, -0.005695173558791246
0.5394368922694645, -0.5064631603492259, 0.17592830150212208, 1.0712663268810905, 2.9343011907504004, -0.0048786332697945585
0.5394213631587982, -0.5065125149834966, 0.17595661968148688, 1.071645552776477, 2.9340697636716264, -0.005317791429919356
0.5394063428261462, -0.5064603231760022, 0.17588989239593958, 1.0720562852291207, 2.93428880791053, -0.00472699143754858
0.5394267459115271, -0.5064894537408394, 0.17595332671558578, 1.0720758073965033, 2.933836098981046, -0.005110529569650639
0.5394223608731364, -0.5064743800788399, 0.17594614225774696, 1.0721799768708058, 2.9339061332282634, -0.005048358225893907
0.5394234615289403, -0.5064735928589057, 0.175954871408542, 1.072650666220283, 2.933591578212189, -0.003823194275337292
0.5393912213356844, -0.506476131158212, 0.17590098037874002, 1.072654284367236, 2.9339331720278072, -0.0037505094317880554
0.5393686787624856, -0.5064887597263297, 0.17591263021499517, 1.0727681907941646, 2.933919005613044, -0.003681581391552039
0.5393479733710459, -0.5065236491060613, 0.1759747259081872, 1.0727850676454926, 2.9336932741879096, -0.003708410560792129
0.5393283448532366, -0.5065472840039674, 0.175927259387008, 1.072508984846917, 2.9340898966384583, -0.0035213628753714694
0.5393214272420556, -0.5065582536628337, 0.17593874854795644, 1.072163798627139, 2.9342907288157343, -0.0035731326115497706
0.5393118664810647, -0.5065615871434755, 0.1759687828242182, 1.072047892520296, 2.93414253319584, -0.0033193314763763832
0.5393506605583867, -0.5065456590983042, 0.17599742631782755, 1.0719552991468584, 2.934061981451422, -0.0030530956455116177
0.5393204919473549, -0.50656965927894, 0.17596006535152195, 1.0721940680578224, 2.9341580303607384, -0.003484471030095023
0.5393382476683536, -0.5065767116113494, 0.1759438504608823, 1.07200410783993, 2.93417933764941, -0.0035823022555675726
0.5393186494600767, -0.5066032839564117, 0.1759681534008043, 1.0720935783223342, 2.9341432798462157, -0.00385407698227703
0.5393051467636045, -0.5065944768387038, 0.175911842727832, 1.0722232225006094, 2.9344459614700096, -0.003892487161334401
0.5393106756762278, -0.506620769822807, 0.17589359198656493, 1.072393890449757, 2.9347056331502106, -0.00363100196787555
0.5393108895294141, -0.5066357031612818, 0.1758613453938581, 1.0722769559802454, 2.9346581504266087, -0.0035716022289223035
0.5392626369092318, -0.5066255215589441, 0.1758157865464818, 1.0723685523879563, 2.9351881676190907, -0.0035475050788298023
0.5392489037438022, -0.5066786199987566, 0.17587005822856489, 1.0723039883005032, 2.9351627318537403, -0.0040120214801768386
0.5392535446838718, -0.5066557670758843, 0.1758439798440734, 1.0725355046759635, 2.9354254401530873, -0.0038166763696864158
0.5392346594107096, -0.5066703239197757, 0.17579784004029297, 1.0723518844340143, 2.935435800338717, -0.0029914566181262195
0.5392623169780107, -0.5066587456567386, 0.17582889601885765, 1.0724091742020427, 2.9354897683512227, -0.0028243237603959507
0.539254895348884, -0.5066747522775052, 0.17587060379965017, 1.0725226770387257, 2.935412460251759, -0.0029914347301451777
0.5392354134937715, -0.5066863124747514, 0.17585576613629034, 1.072511359192474, 2.9355502225712202, -0.0029987883400501734
0.5392360673844095, -0.5066811314955763, 0.1758459741589016, 1.0727454686717552, 2.9356900135936397, -0.003296027054263095
0.5392292706656462, -0.5067015287588266, 0.17586733857567946, 1.0727133813475245, 2.935720953499584, -0.0030372923882423315
0.5392191180006195, -0.5067130359608756, 0.17585448203353524, 1.0729707351460283, 2.935649257465874, -0.0034527036541266995
0.5392385433239508, -0.5067592886044273, 0.1758811543695658, 1.072526357206003, 2.9353448991202487, -0.0037929510586738606
0.539253899720156, -0.5067698033649798, 0.17588056358558396, 1.0725772269794276, 2.935093262576776, -0.00403764333256137
0.5392707122710746, -0.5067735305193637, 0.17592558298826466, 1.0725364593410467, 2.934979513236028, -0.004125095375089913
0.5392538261523926, -0.5067790383635101, 0.17586655409027976, 1.0727049683158147, 2.9350571478202645, -0.004168332965149776
0.5392235599845998, -0.5067860813028215, 0.17588484585408348, 1.0727598687999103, 2.935212777877298, -0.004041980397645132
0.539228559821369, -0.5068148790531595, 0.17579109939354157, 1.072807641070391, 2.935230053986248, -0.0040889731442875134
0.5392034415499611, -0.5068015621890422, 0.17566210605427374, 1.0727817068428052, 2.9354334016637145, -0.00392089996487035
0.5391918449176787, -0.50685932601802, 0.1755634825502386, 1.0729553321560634, 2.9352407546074764, -0.004147831334751038
0.5391861003719741, -0.5068621028689164, 0.17558064817123437, 1.0728869557645935, 2.9351674695692354, -0.003973722403191059
0.5391799709869444, -0.5068528708273412, 0.17551157818450597, 1.0728811026280745, 2.9353859694140256, -0.003349643485974293
0.5391568273299517, -0.5068782532004381, 0.1755276138879304, 1.073059941248448, 2.9351176013773594, -0.0030991092452771615
0.5391588018782313, -0.5068852109887427, 0.17550347796146412, 1.0731885770120777, 2.9349215607726613, -0.0030793806823635663
0.5391569571573435, -0.5069011108566511, 0.1755000843353093, 1.0732514488667244, 2.934918742306022, -0.0034775751656504457
0.5391416414646659, -0.5069314481085684, 0.17546952283239384, 1.0732391958393668, 2.9347687038572476, -0.0035011054413333306
0.5391228210472284, -0.5069114665671651, 0.17542447528870567, 1.0733053519496438, 2.935062722229303, -0.0034360442689726515
0.5391502501056243, -0.5069195389994593, 0.1753065468364751, 1.0733864430138498, 2.935119788611931, -0.0034038791783795575
0.5391054629603597, -0.5069517413996948, 0.1753016634487008, 1.0735290179214259, 2.9350849390473126, -0.002914245423082561
0.5391035755746235, -0.506965824032942, 0.17526756963994466, 1.073564482283159, 2.935174456334011, -0.003262189295365642
0.5390999870827717, -0.5069753129531375, 0.1752397707466394, 1.0739215298169298, 2.935049787966317, -0.0035865696416942216
0.53913999997983, -0.5070130145332702, 0.1752483535409767, 1.0737848995246324, 2.934545096765843, -0.004093074080113278
0.5391489478773073, -0.5070356281023166, 0.17503339438337565, 1.0735783384815458, 2.9346225982723233, -0.004177390895218663
0.5391515601565107, -0.5070457459131055, 0.1749710677757415, 1.0737472366803245, 2.9344204981920003, -0.004348160930588189
0.5391488602715567, -0.507097812085231, 0.174924260504909, 1.0739870956355833, 2.934095942763536, -0.004131068067407988
0.5391522769390188, -0.5071047051462055, 0.1748649234595947, 1.0739395892192105, 2.933850376238536, -0.004138648852071464
0.5391567095990838, -0.5071132973498292, 0.17484504986190905, 1.0737790973368802, 2.9337869425798684, -0.00426557327258944
0.5391510193630622, -0.5070900035583478, 0.17476082512223176, 1.0737554604489894, 2.9335927950786527, -0.004675206067852851
0.5391236732024773, -0.5071325502277679, 0.17474044466614017, 1.0739663876789676, 2.9335101750508974, -0.004793551355114724
0.5391291172335347, -0.5071265906141077, 0.17476214423416767, 1.0737307026968042, 2.93357580216512, -0.004822427589686828
0.5391480708890628, -0.5071171849339441, 0.1747168364200764, 1.0732203973291137, 2.9338201816415226, -0.004631356670562742
0.5391174534909836, -0.5070876203140983, 0.17472859427451756, 1.0735420898219215, 2.934002632036791, -0.004395636094080134
0.539113598419671, -0.5070833922488605, 0.17467360522256475, 1.0738674810059983, 2.934128718561644, -0.004434049361183824
0.5391482631232838, -0.5071347522742851, 0.17459679243632478, 1.0736269656668316, 2.9337058762720205, -0.00533277537133497
0.5390839697813649, -0.5071775517059185, 0.17450234369893872, 1.0740493944164176, 2.933251828072477, -0.0059329836817243525
0.5391144453356391, -0.5071624941304148, 0.1744365395291607, 1.074044290252054, 2.933293618190043, -0.005859841239674275
0.5390971200570587, -0.5071796556922568, 0.1744322215158348, 1.0741217655493767, 2.9332848169512467, -0.005968474621414603
0.5391146756930757, -0.5071584516114179, 0.17440444115259593, 1.0738084250968007, 2.933570543333884, -0.0060402480181759
0.5390743047428684, -0.5071833480843961, 0.17440917381013005, 1.0736592865050973, 2.933762601675773, -0.006144735706040988
0.5390883852947255, -0.5071439018285646, 0.17438318535675776, 1.0734424561961728, 2.9339967705085237, -0.005835012949524352
0.5390764963937339, -0.5071498400307843, 0.1743666624648448, 1.0733982981300394, 2.9343286589684787, -0.005462353191180228
0.5390723198257568, -0.5071697940424672, 0.1744049035151831, 1.073416856753463, 2.934324497222234, -0.005479920108891069
0.5390976224539996, -0.5071432381799412, 0.17439048037139668, 1.0734077121357213, 2.934309686245028, -0.005157962039215112
0.5391238352059724, -0.5071507685839186, 0.17430218265468306, 1.0734029445592865, 2.934399074247699, -0.005279560933941696
0.5391034756736627, -0.507176585521869, 0.1742910029351421, 1.0735780446943903, 2.9345519559476996, -0.0053111819526137725
0.5391015748355131, -0.5071880992875143, 0.1742805290224424, 1.073527340118256, 2.9345679626973773, -0.00566114989999493
0.5391134983280774, -0.5071969739361716, 0.17422287885520557, 1.073935698639845, 2.9340868168439327, -0.005942065569528666
0.5391178627287513, -0.507225704406047, 0.17411762322232777, 1.0738827151506194, 2.934214267488178, -0.005807284363429208
0.5390885585615676, -0.5072520546040311, 0.17403670451795236, 1.0739171012396438, 2.9341796223138243, -0.0063410755528918086
0.5391054464155594, -0.5072560227341835, 0.17400286066334628, 1.073883123213183, 2.9340857401947003, -0.006267143586261956
0.5390908261646148, -0.5072670892794536, 0.17396722892908717, 1.0737702649574212, 2.9342143854086467, -0.006235978683296371
0.5391140721484651, -0.5072446589817596, 0.17394504375164185, 1.073598593219446, 2.9343474867294685, -0.006112935705246294
0.5391227183745496, -0.5072853004743939, 0.17386699356908145, 1.0738772502480443, 2.9342285142583613, -0.00631290120043217
0.5391097461575363, -0.507289557602052, 0.1738547136172494, 1.0738564701617108, 2.934280111773416, -0.00633551669203255
0.5390859588362082, -0.5073159182597071, 0.17380646717125456, 1.0736462819256118, 2.934468716124068, -0.006296743943599501
0.5390475218721457, -0.5073101104356075, 0.17373319670450343, 1.0738684571506472, 2.934817674927396, -0.00597563947262292
0.5390186725380482, -0.5073197327522755, 0.17369247138398952, 1.0741988538111928, 2.9347995986155944, -0.005741475647095345
0.5390481097027194, -0.5073406459302455, 0.17355934018975475, 1.0742740036278702, 2.9346129019114873, -0.00580562429719655
0.5390493298687535, -0.5073445627281659, 0.17350721950152495, 1.0743033533756665, 2.934411965443442, -0.00591936151466448
0.5390430166239315, -0.5073551870885377, 0.17338046450438294, 1.0741141806582712, 2.9344304990895047, -0.006002717036799221
0.5389890709311015, -0.5074133055180016, 0.17328774582691844, 1.0745352736887122, 2.9341608324038173, -0.005874992715572497
0.5389964281212155, -0.5074208938800753, 0.17325754579211744, 1.0743503945910935, 2.934360168960904, -0.006019554852473871
0.5389622571631694, -0.5074542418944193, 0.17321098891601805, 1.0742058028008383, 2.9345002310116515, -0.0063574309198556
0.5389495998870613, -0.5074758934755347, 0.17322901555615136, 1.0741981691307543, 2.9345371659752884, -0.006325367240542104
0.5389111767910763, -0.5074984310277794, 0.17317018646961144, 1.0745169354865127, 2.93474769871548, -0.006604441636069419
0.5389181608892767, -0.5075045678306715, 0.17318359814740233, 1.0745121336050711, 2.9347290861666817, -0.006786011193665928
0.5389135065125548, -0.5075053800055216, 0.17318267965065312, 1.074535546499428, 2.9346811414398606, -0.0068591881350197285
0.5389034262730806, -0.5075155911359142, 0.17317165786919722, 1.074307126250612, 2.934818379315461, -0.0069380480437788135
0.5388723172388066, -0.5075364167930692, 0.17314392970710932, 1.074111629322242, 2.934990795305831, -0.00705745654603648
0.538902091616083, -0.5075211362617218, 0.17314141939381333, 1.0740748421601742, 2.9350562362951527, -0.0069784599359684575
0.5388709972463145, -0.5075403151284593, 0.17313786263714204, 1.07405676412928, 2.935333920585275, -0.007164734117589232
0.5388517483857972, -0.5075991604774766, 0.17296200560478525, 1.0739285071978288, 2.9355955237119815, -0.006740419623483917
0.5388509473064369, -0.5076326755307725, 0.17286521457515128, 1.0740549877981682, 2.935673506430961, -0.006403866602996836
0.5388465716749856, -0.5076302624976156, 0.17284592569280674, 1.07424610469643, 2.935816869991243, -0.006493803315431102
0.5388568248134599, -0.5076346363548916, 0.1728302163428933, 1.0742144525970656, 2.935896142234793, -0.00642917154946832
0.5388685083081779, -0.5076229440577735, 0.17280726724414408, 1.0740093027364586, 2.9359368746806833, -0.006308885816655756
0.538841530829371, -0.5076441562301705, 0.17267769542189002, 1.0744315898080419, 2.9362305419281878, -0.005941616387853891
0.5388507383973562, -0.5076605937265624, 0.17271460167305802, 1.0746776583264228, 2.936423256814701, -0.00582821191580859
0.5388669573086655, -0.5076556175056897, 0.17269257941525348, 1.0747094668933745, 2.936621983753365, -0.005823249611732357
0.5388819657494708, -0.5076584540688281, 0.17270199227480149, 1.0745488424994973, 2.9363913671730786, -0.00597554004365697
0.5388803566295867, -0.5076895826348725, 0.17253779806211345, 1.0745513438898577, 2.936391749434259, -0.00597990472401044
0.5389036450018788, -0.5076980980092234, 0.17249011353553206, 1.074445865918462, 2.9362535985473524, -0.006243889312978621
0.5389063126290549, -0.5077199655852656, 0.17239048325910178, 1.0745259491246801, 2.9363083164485206, -0.006194091582747428
0.5388739886644061, -0.5077271207039816, 0.17235505481516467, 1.074635515183993, 2.9363957944012604, -0.005951788484023231
0.5388950223550508, -0.507700015774347, 0.17234011056010795, 1.0745464340164095, 2.9365415504628047, -0.0057723170002878825
0.5388498568029945, -0.5077488276028927, 0.1723093430446777, 1.0745538238402408, 2.9365630694565144, -0.005688388575637841
0.538859000415025, -0.5077337743041597, 0.17230628009074891, 1.0746045683291883, 2.936654167472494, -0.005489686820320454
0.5388348987308403, -0.507757204959519, 0.1722645056906139, 1.074686395092649, 2.936766834313472, -0.005551824198703189
0.53884856352709, -0.5077289844862874, 0.1722391053870255, 1.0747045953652599, 2.936871866830974, -0.0055852748137179406
0.5388353852546802, -0.5077748647957748, 0.1721701588410733, 1.0747894073196809, 2.93683106352158, -0.005455750123275736
0.5388240906690811, -0.5077601719044346, 0.1721892548202001, 1.0747786304757982, 2.936967989408174, -0.005461650999074929
0.5388270190068438, -0.5077874695663936, 0.17220744474667082, 1.0746783967333222, 2.936904727466547, -0.005714163452221985
0.5388559449157988, -0.5077687098644645, 0.17216184701126286, 1.0746079439599037, 2.9369276630582455, -0.005774034726161089
0.5388531906400506, -0.5077668888176698, 0.17212927060559133, 1.0746261606249852, 2.9369216170079353, -0.005774562440249449
0.538844758954554, -0.5077949366388073, 0.1721102988612167, 1.0746112806913328, 2.936768905659595, -0.005702094807426216
0.5388276807985607, -0.5078269104619328, 0.17207998547762748, 1.0745166334870344, 2.936833384212834, -0.005867302682329833
0.5388501341414188, -0.5078318708484965, 0.17201033613198496, 1.074030794439187, 2.937076511349132, -0.006156581486963793
0.5388280805597011, -0.5078612028454605, 0.17191193883789974, 1.0743982228604179, 2.9368909669815255, -0.005577242006755164
0.5388260121543463, -0.5078732151221498, 0.1718666988796688, 1.0743698425902997, 2.936868742753693, -0.005475539876068183
0.5388122089729159, -0.5078996395769244, 0.1718121628461263, 1.074417618399952, 2.9368271977385727, -0.0056998323731257275
0.5388182520031263, -0.507877599241034, 0.17165150202555007, 1.0739620290171172, 2.9370364037246337, -0.006077708990168887
0.538797745828368, -0.5079004107940236, 0.17165862044062863, 1.0742497354772769, 2.937005840114788, -0.006124375395518367
0.5387869577001055, -0.5079153515105511, 0.1716523460076511, 1.0741838439889029, 2.937086738233606, -0.006586989085960124
0.5388010523755636, -0.5079064325132879, 0.1716696196169637, 1.0738576410398788, 2.937227201991458, -0.006773878385456952
0.5387932606487279, -0.5079395112443414, 0.17164559289722742, 1.0734932403747768, 2.9373578267041323, -0.00749559932938246
0.5387730785914676, -0.507933189170477, 0.17164341296405836, 1.0735231652036354, 2.937552077268511, -0.0075318406504156854
0.5388076578453886, -0.5078964620250401, 0.17161200562781762, 1.0731385006153837, 2.937554636505217, -0.0066974740983132735
0.5388133165233182, -0.5078686624713674, 0.17159488605307108, 1.0731381196983387, 2.937281195735293, -0.006495308904919133
0.5388691519181333, -0.5077765544507336, 0.17153035391809662, 1.0727886705745424, 2.9373970338120574, -0.007081519379921538
0.5388710568300883, -0.5077025005511157, 0.1714884185018419, 1.0726678189373073, 2.9376556162143532, -0.007617993993904209
0.5388112098731416, -0.5075681161772696, 0.17144710527983736, 1.072695365737529, 2.937606056293771, -0.00798290214732933
0.5387690409417563, -0.5074364118855246, 0.17141980551074218, 1.0725246388228404, 2.9375079564899935, -0.00825979019057371
0.5387042200817354, -0.5073169123292925, 0.17135741104263685, 1.0723387829289583, 2.9374800780629373, -0.008455201049064496
0.5386352156441012, -0.5071819680505775, 0.17141554656477065, 1.072400318522659, 2.937283094495133, -0.007707898769693157
0.5385566631700565, -0.5070363519300662, 0.1714367470378542, 1.072447909004044, 2.9369756948750627, -0.007413770707667842
0.5384852521510457, -0.5068905927256218, 0.17133849950080174, 1.0723274716157845, 2.9367959979336526, -0.007484952999290139
0.5383823263291952, -0.5066790894553355, 0.17127267321757478, 1.0720635650551713, 2.9363208251598762, -0.007827408252157407
0.5383019086089142, -0.5065498895006388, 0.1712915325330834, 1.0717301544372961, 2.9361700621000058, -0.007626716872676863
0.5381933812116461, -0.5064005286086456, 0.1711676319794704, 1.071799424534855, 2.93552353122175, -0.007543667916843162
0.5380626112510358, -0.5062231303380237, 0.17112970434161953, 1.071730987431603, 2.935030028535985, -0.008172405568418941
0.5379823846093256, -0.5059950043825954, 0.17107546511889388, 1.0714792648613432, 2.9348815521328886, -0.00977516797998252
0.537864291686859, -0.5058180829021629, 0.1711665932300244, 1.0714692505167223, 2.934495521539995, -0.010541393639642384
0.5377382387498452, -0.5056106669025482, 0.17108424388397622, 1.0714051269309943, 2.9344522954449137, -0.011129910312897414
0.537613495275284, -0.5054011740973677, 0.17112082461109088, 1.0711826236098798, 2.93449402010392, -0.011203975960994221
0.5374473532774371, -0.5052812382690316, 0.17111691766417597, 1.0712734599704443, 2.934685486692036, -0.0113513179500221
0.5372695465476968, -0.5051150512173864, 0.1711483037453284, 1.071282712349034, 2.9347770026498177, -0.010988063442389973
0.5371398305201761, -0.5049144146654586, 0.17120332432339272, 1.0711811109224094, 2.9345531207498365, -0.010856760095595068
0.5370198986876333, -0.5047343981898983, 0.17118459989203724, 1.07103130387236, 2.93430397349149, -0.01062871143892239
0.5369153893007955, -0.5045710731744297, 0.17124740775982603, 1.0712730610872427, 2.9341091665682297, -0.010106089764901635
0.5368080209081173, -0.5043372146075096, 0.17118522772813557, 1.0712749876949614, 2.9338742831520044, -0.010485901412658321
0.5367087675556537, -0.5041083163916594, 0.17109261493609268, 1.0711177055830965, 2.9333993161266747, -0.011271313923653487
0.5366030408200518, -0.5038807532575128, 0.17106764923725146, 1.0707978698442708, 2.932768593291304, -0.011444996937121763
0.5365044127316192, -0.5036597636358136, 0.17106832118958176, 1.0707254557667425, 2.932540348967795, -0.01208138545338024
0.5364465050960379, -0.5033787345974793, 0.17116204523216946, 1.0709409659626283, 2.9325958965571264, -0.013446427256614968
0.536409161380253, -0.5031020007741219, 0.1712310632737386, 1.0710548807309832, 2.9327379251233214, -0.015101449621762329
0.5363402057245857, -0.5028849299841583, 0.17128138894230982, 1.0714836305472668, 2.9327921790776803, -0.016090174289787124
0.5362590096836558, -0.5026401989646146, 0.17124422360302205, 1.0713577246651513, 2.9330168482807153, -0.01696546150018202
0.5361344589680946, -0.5024709913317518, 0.17126254106487243, 1.0713865231948934, 2.932696864540562, -0.01708206677034412
0.5360458191555412, -0.5023010137107856, 0.1712962941508707, 1.070954125109202, 2.932772593343928, -0.01690416934528421
0.5359926247792044, -0.5020178430493515, 0.1712245884979446, 1.0710911319263954, 2.9329225740711684, -0.017073369616673592
0.5358835134649519, -0.5018374960599034, 0.17129003028807477, 1.070952700962686, 2.9328238952725503, -0.01682080703499848
0.5358098631350259, -0.5016266889995897, 0.17128401762779127, 1.0708519205735483, 2.9327396317508305, -0.01590223527446653
0.5357599561095665, -0.5014659418426461, 0.17127405201041554, 1.070791549543478, 2.9327479484701686, -0.015597724416586205
0.535687350419817, -0.501203679847241, 0.17114475312456953, 1.0704343936860565, 2.932602574387719, -0.016282429673882593
0.5356169318749392, -0.5010077030215839, 0.17109198504959774, 1.0699186093696302, 2.9323684552963276, -0.016427358171079372
0.5355661097470091, -0.5008355791530905, 0.17103407313716187, 1.069819335206152, 2.93215388488482, -0.01604101979758029
0.5355991114163703, -0.5007095685328541, 0.1709810550273939, 1.0697705970284257, 2.9319305366942654, -0.01533954079556964
0.5356837032687037, -0.5005437869923288, 0.17095673624223295, 1.0699492874345033, 2.9320560716250283, -0.016297428988105263
0.5357356681704419, -0.5003536188585823, 0.1709196652539817, 1.070187454446722, 2.9317937173964945, -0.01719991876233199
0.5358032588375324, -0.5001672934306185, 0.1708877024125698, 1.0703368200253973, 2.9316107319287554, -0.0182969049993184
0.5357985985146314, -0.5000906585681267, 0.17092943411478534, 1.0703476526940798, 2.9314201976668, -0.018209471483725245
0.5357498339850124, -0.4998617728040969, 0.1709150767393966, 1.0705443720786558, 2.9314056026254516, -0.018392446593013142
0.5357545401126618, -0.4996773973107284, 0.17107188570627843, 1.0707966171012036, 2.9318961018854752, -0.019892874997893228
0.5357679227904321, -0.4994810083825602, 0.17110535898269483, 1.0712047895888126, 2.9323977360834688, -0.020792192155510772
0.5357649470828053, -0.49926999093388286, 0.1711137455172567, 1.071193397713251, 2.9325747205545056, -0.021201928257400554
0.5358310982901663, -0.4991488569221785, 0.1710951272097953, 1.0712779975567537, 2.932567600790907, -0.021667098122650965
0.535926981739955, -0.49898986595573436, 0.17102598014989598, 1.0712519627831847, 2.932504928482595, -0.021322100942347526
0.5359362954297298, -0.49891245892576014, 0.17098548088249638, 1.0710315438426823, 2.932216013417651, -0.019922403135079977
0.5359197726865178, -0.4988453873809199, 0.1708473557558896, 1.0708291621979231, 2.932109201619895, -0.019321140445004135
0.536011708791153, -0.4986955670409181, 0.17076445925584519, 1.0704076682988448, 2.932243559778048, -0.019750759610952618
0.5360947056785003, -0.4985444337358819, 0.1707186047073721, 1.0702524977276233, 2.9321770821626254, -0.020118523385654282
0.5362266659167051, -0.49833468620042487, 0.17065334457125367, 1.0703262752457146, 2.9324169880651163, -0.020700979468909447
0.5362382208634953, -0.4982836288040428, 0.17063734968751457, 1.0701988941497145, 2.9325720169151133, -0.020410841575073984
0.5363217593501254, -0.49807993311881693, 0.17064225510631345, 1.070473366125266, 2.932320695221741, -0.02078050256303659
0.5363474386504676, -0.4979803797902273, 0.1706885080236502, 1.0705571882903198, 2.932370246724432, -0.021339831162479964
0.5363881736503537, -0.4978938726020683, 0.17074771143003842, 1.0709416405782588, 2.932242401137389, -0.02088310135401131
0.5364388976909293, -0.4977710208381466, 0.1707835963623314, 1.0709280654259565, 2.9322437334043663, -0.02133865115104323
0.5364643411693544, -0.49767549816552437, 0.1707712825216551, 1.0710607941285457, 2.9320416423519804, -0.02035255385311809
0.5364777893804185, -0.4975515323162963, 0.17073856663807227, 1.070910751742637, 2.9318907613149423, -0.020465078848444913
0.536528070453041, -0.4974042309142943, 0.17071736593912631, 1.0709495798620132, 2.931564601718271, -0.021437249788513992
0.5366010910048382, -0.49719946573393525, 0.1706540221655614, 1.0710498634111603, 2.9313851212757034, -0.02295946480691569
0.5366308151473034, -0.4970953504489616, 0.1706806911534799, 1.071184220419235, 2.9313098801013244, -0.02313483990948674
0.5366886565124469, -0.4970074070887724, 0.1706661195774125, 1.0714619216711119, 2.9312855125170674, -0.02369282508292014
0.536756534124778, -0.49686897554182996, 0.17070510947044495, 1.0713844256861962, 2.931781856257476, -0.025415907106808158
0.536784887527371, -0.49679473656754025, 0.17070372123358726, 1.0712694136050303, 2.9323913898866443, -0.0259940013552787
0.5368144741542187, -0.4967207043043031, 0.1707354560165625, 1.072074345011133, 2.9328237489300792, -0.026042118098377257
0.5368635188726795, -0.4966629670130339, 0.17076015161895616, 1.072234863597561, 2.9331818036530137, -0.025788581164128913
0.5369392240261165, -0.4965987219007115, 0.17075965997713485, 1.0721734725726464, 2.9332892789208382, -0.025753592061694548
0.536965879049076, -0.49653470898290164, 0.1706963715243534, 1.0719347505291124, 2.93318266476433, -0.025537491758729772
0.5369955768457073, -0.4964454214513782, 0.17064444258953543, 1.0716631294349246, 2.9328718897481467, -0.02376711259008834
0.5370466270676117, -0.4963054834063865, 0.1704813894660694, 1.0716927861665706, 2.9323773918656153, -0.02244301795827126
0.5370511161751189, -0.49622343295664983, 0.17041012598192115, 1.0719821816389734, 2.931217180736434, -0.021247426993210382
0.5370556793179976, -0.4961216600212816, 0.17026489930953922, 1.0717471210755856, 2.9307681115492894, -0.021273127504299105
0.5371058856835044, -0.49598060670248634, 0.1702059468534454, 1.0711424671586265, 2.9306767750684957, -0.02263647593665954
0.5371198041640397, -0.49586609615346994, 0.17022796487285083, 1.070295301100987, 2.930888767729537, -0.023311250417768842
0.5372316659706152, -0.4956418255519979, 0.17031546720267812, 1.0700604862715835, 2.9312461171459363, -0.02569504648934033
0.5372828168094413, -0.495510315230668, 0.1704085967505592, 1.0702644555535312, 2.9315752891672466, -0.027704561404532084
0.537369834787568, -0.49534756198728014, 0.1704800524803107, 1.0707468582673534, 2.9322503697784668, -0.02966356794418034
0.5374443673826974, -0.49525024874341433, 0.17061799114259585, 1.070794908908137, 2.9331618484731767, -0.030393547058158464
0.5374791140635349, -0.49519371387722894, 0.17072486105523416, 1.0708486639813903, 2.93397446966988, -0.02985863895494401
0.537560723240274, -0.49511100104871647, 0.17072189467851037, 1.070917192519092, 2.934115237828975, -0.029927100631129338
0.5375999682296726, -0.49503270776056224, 0.17070107186422803, 1.0710239953899539, 2.934182946347079, -0.02880939133908608
0.5376629954110994, -0.49490838283760674, 0.17064648886789524, 1.0713602117032563, 2.9336574265333075, -0.027563275782184198
0.5376929388907291, -0.49484502107262457, 0.17063171580728434, 1.0715590381010387, 2.9331483036696313, -0.026179486730221104
0.5376695153344476, -0.49472924089035797, 0.17046286527798463, 1.070913722360017, 2.932410896239802, -0.0251961648222331
0.537662209105632, -0.49469036236019526, 0.17035590321687188, 1.071090174215255, 2.9316368284731325, -0.024472286892072044
0.5376396234642264, -0.4946119057528692, 0.17026695342195977, 1.0708885477607846, 2.9311905805179044, -0.0240292933484212
0.5376174836898941, -0.4945775664367568, 0.17032171806119825, 1.0709545899798256, 2.9306965301081838, -0.02542269994065441
0.537662961012685, -0.49449328586790026, 0.17040805693069624, 1.0710252419468151, 2.9310471025187406, -0.027273214367551524
0.5376911124522189, -0.49442708170352545, 0.1705496922550422, 1.0710683460929185, 2.93150745983075, -0.0287631882764436
0.5376717533498753, -0.4944221461823362, 0.17064794923884427, 1.0714611666987455, 2.932188329702512, -0.02997670762723671
0.5377190621807337, -0.4944138460419729, 0.17082916416904168, 1.0713178577019258, 2.932894145930678, -0.030696959538815533
0.5377517509634707, -0.4944253833515904, 0.17094812577094168, 1.071521900972956, 2.933441093074662, -0.03048795827160781
0.537758997132707, -0.4944198150056264, 0.17091297409795433, 1.0714824481960703, 2.9335556790724366, -0.030453228069527785
0.5377888219600772, -0.49437956863433274, 0.1708988599664808, 1.0711521247541282, 2.933367799305538, -0.028609282689134593
0.5377995620956605, -0.4943579125189763, 0.17079095952463888, 1.0712950856633223, 2.9329412395638, -0.026786254063397786
0.5378076041487754, -0.49437271667886673, 0.17072965991964978, 1.0712406518342321, 2.9324683038794976, -0.02479762792717201
0.5377520433067404, -0.494428987146963, 0.1704751617894703, 1.0706500559554233, 2.9322091033472044, -0.024199562597065103
0.537736353037197, -0.49442873069572807, 0.17032881826825297, 1.0703513573263832, 2.931528361657235, -0.024012078809529137
0.5376611773841128, -0.4944624148390692, 0.17018331294850728, 1.0702882854178526, 2.9307726557481035, -0.025355255957721316
0.5376376720944473, -0.49445025805697274, 0.17013456326634888, 1.0693436618442802, 2.9309259374687167, -0.026090493138254796
0.537608374465958, -0.49442809888562667, 0.17019294185144762, 1.0691868416086483, 2.9313097793007716, -0.0277759135840577
0.5376235854022858, -0.4943724761127164, 0.1703049405450945, 1.0696075228989792, 2.931904000589708, -0.028839055567138918
0.5376387844630885, -0.49435406847162433, 0.1704732836950832, 1.070210002251765, 2.9327088751742205, -0.030663686714486098
0.5376868570344693, -0.49433958417740714, 0.1706628603723595, 1.070897855322068, 2.933299941325075, -0.03136350764296535
0.5377533512885541, -0.4942953142868463, 0.17073733681192757, 1.0709427667048923, 2.9341572741585895, -0.031908911110123166
0.5378484266830076, -0.494275185209418, 0.17095605584557536, 1.0705375825102246, 2.9344980040105453, -0.03031935815219608
0.5378985089913035, -0.49418627527687686, 0.17090018547837918, 1.0707172701376024, 2.9341834233156465, -0.028292955087995182
0.5378877767318664, -0.49415669965015185, 0.17069190142486024, 1.0705481530375778, 2.9333661436615643, -0.02642706304512674
0.5378525475752232, -0.4940886903219347, 0.17048641247362178, 1.070510891125423, 2.9322159695308128, -0.024029389192253718
0.5378246631136002, -0.49409840720847475, 0.17018976424414936, 1.0696116965314624, 2.9313728357981716, -0.024393808434046593
0.5378267131139726, -0.49412038411169074, 0.17004180009145853, 1.0697873129715296, 2.9301324699288744, -0.02523890554417987
0.5378296466590133, -0.4941477700714913, 0.16995765807502256, 1.069812840631191, 2.930162794125325, -0.026051566249172226
0.5378761175111791, -0.4940593436922909, 0.17003657957597737, 1.0703190395596118, 2.930355624317188, -0.028737460746437647
0.5379161935071781, -0.49400981935288, 0.17018585930505678, 1.0710850033439707, 2.93124666566188, -0.03132996828959875
0.5379932139757828, -0.4939248324855111, 0.17042082669119873, 1.071625745683237, 2.9326833895899322, -0.033049711419809905
0.5380969847799473, -0.49397396568713925, 0.17079879682477989, 1.0717099371625123, 2.9341742737277023, -0.03255490856437317
0.5381279601761865, -0.49399987299742537, 0.1709795208783479, 1.072059373787007, 2.9352826038675626, -0.031915429931441204
0.5381796207353652, -0.4939184574794474, 0.1709456833382391, 1.072185323057648, 2.935340787532435, -0.030933979917351064
0.538306864068548, -0.4938552211272119, 0.17088681046423698, 1.0716762100282977, 2.934812516632687, -0.0288478955027847
0.5385050292436961, -0.4938083493835688, 0.17059878294490413, 1.071384605500627, 2.9335302361937865, -0.026830839256085627
0.5385675965005674, -0.49378086703459023, 0.17027995091854478, 1.0707937580665035, 2.9320442978757955, -0.02562781261252007
0.5386229433419586, -0.4937933186028172, 0.16990697762815543, 1.0701775285350021, 2.930725417744375, -0.025484724755091465
0.538690264777269, -0.4938020706431722, 0.16980549985768503, 1.0698367615885307, 2.930127522608039, -0.02580398258986287
0.5386541851154569, -0.4938602806958392, 0.16979416879984954, 1.0699419574718174, 2.930341019379195, -0.02768961309183343
0.5387050564691076, -0.49375996183953813, 0.16987355824347622, 1.0698699944247727, 2.9310636030711477, -0.029753472864538826
0.5387590741343388, -0.4937280305467959, 0.17010291119905568, 1.0703269879756554, 2.9324043641398467, -0.03190506556700351
0.5388499435028664, -0.49367375141257974, 0.17041136585136477, 1.0709254216672381, 2.9337974153627515, -0.03349867261969794
0.5389330190339917, -0.4936581795161527, 0.17061708168656406, 1.0710631633266212, 2.934970296272981, -0.03311371531037643
0.539013220089484, -0.49370050172603974, 0.17081960048690553, 1.0712678686140196, 2.9357678987553144, -0.03266153974642189
0.5390360908820871, -0.49363910290641894, 0.17078367481620196, 1.0712037492351303, 2.9356365402831828, -0.031277027005997236
0.5391527627194349, -0.4936008726089651, 0.17056314956413796, 1.0707553925285975, 2.9347998190482354, -0.02960390786129951
0.5392946700063981, -0.4935702387024901, 0.17025190076870933, 1.0699683788228846, 2.9338569440321383, -0.027730055463360274
0.5394016861579286, -0.4935553419114711, 0.16994207940516687, 1.0695696358792097, 2.9326937864548728, -0.026439651106636382
0.5394879296566986, -0.4935761185146392, 0.16971418232551536, 1.0689905127032053, 2.932402310529633, -0.02607306302009593
0.5395297631166444, -0.4936267798544331, 0.16971464995447816, 1.0689054215802134, 2.9320236595346283, -0.026545565328672843
0.5395475009320966, -0.4936509041214977, 0.1697128741449295, 1.0692397342416422, 2.931870061579001, -0.028563897316587962
0.5395966581655254, -0.49355373720273976, 0.16975040303978972, 1.0697081330773306, 2.9321683934039378, -0.030301992068219836
0.5396340625939704, -0.4935071083829839, 0.16993501097096894, 1.0696112953891512, 2.933326699864019, -0.032848390409416554
0.539709974746057, -0.49349355064580813, 0.17020372135294215, 1.0699680613420386, 2.934742979186477, -0.03368780141512871
0.5397625968064034, -0.49353365337158994, 0.1704700511165263, 1.0705496117991868, 2.9358646551242913, -0.03393189639449515
0.539801384432059, -0.49354114576496366, 0.17058104060678014, 1.070667850353557, 2.936466347137229, -0.033449817758029805
0.5399086079879095, -0.49350619723627387, 0.17066766774958583, 1.071043254311623, 2.9362759083676178, -0.031136374045083348
0.540014266019348, -0.49351912021342387, 0.17043064232132554, 1.0710071368328125, 2.9356022822643193, -0.02929122399687467
0.540126471464272, -0.49351623209514595, 0.17013322532597178, 1.0707622815860078, 2.9344162061870906, -0.02811805506154733
0.5401453294608047, -0.4935867221645774, 0.16979570453069087, 1.0697556513957265, 2.9327582631549927, -0.02674842888424603
0.5401789773484584, -0.49366780881344335, 0.1696705926770595, 1.0689519575800632, 2.932282024018451, -0.02634604232214838
0.5401810839105349, -0.493676627217453, 0.16960416669204953, 1.0686565217005604, 2.9319829476716976, -0.0267451528904969
0.540129136458279, -0.4937111163639758, 0.169611249108989, 1.0691631388039948, 2.9321633388634254, -0.029773895416812968
0.5401659745307889, -0.4936294800486948, 0.16973568091166982, 1.0693379563609087, 2.9330138019800707, -0.03233375154868142
0.5402357670406627, -0.49362472939011703, 0.1700098323065818, 1.0700372794889268, 2.9345356898148185, -0.033739274571728727
0.5402882022359855, -0.4936308122809734, 0.1702410738223597, 1.0707856540676328, 2.9359853278820265, -0.034880067218227534
0.5403433898483365, -0.49366423759719885, 0.1704884099002336, 1.070533716213797, 2.9368959419848695, -0.03456836105102353
0.5403800001735597, -0.4936236297444905, 0.17054917202353517, 1.070899515165737, 2.937047448520656, -0.03306003143350131
0.5404743663609163, -0.493595135423174, 0.17052978863344753, 1.0715346014986264, 2.936466792869764, -0.030294699896257795
0.5406283004595721, -0.4935845911368106, 0.1703517736841784, 1.0710316775150994, 2.9354232502475557, -0.028430094174742234
0.5406838831111693, -0.49359107686569653, 0.1699851793357279, 1.0709517490357088, 2.934076941859297, -0.027371020930713197
0.5407083242591736, -0.4936571750225522, 0.16967024621729077, 1.0703071493151612, 2.932689750041453, -0.02681122697836114
0.5407579131683625, -0.4937163459514753, 0.16959471588979091, 1.0705537779599164, 2.9317721997509656, -0.027466216400460715
0.5407259184112456, -0.49375107690942566, 0.16953014742311767, 1.0703928618376786, 2.9320695653999715, -0.028211745579051293
0.5407231037158254, -0.49373726658263567, 0.16962725671261888, 1.070357899079966, 2.932671153078119, -0.03043587628208071
0.5407590607001574, -0.49368255658763216, 0.16974400285776234, 1.0697082786987873, 2.9342267778711357, -0.03328779974522386
0.5408795220396978, -0.49363877025228253, 0.17008679044937114, 1.0702754362016822, 2.9356864484987946, -0.03534459588498057
0.541010684720812, -0.49363246848615, 0.1704196425414698, 1.070654998776105, 2.93706737411322, -0.03485127860061853
0.5410698244502644, -0.49363514974184286, 0.17056927446267417, 1.0703386975693145, 2.937821212808457, -0.03364590933431482
0.5411006737768759, -0.4935966325820044, 0.17061391827105454, 1.0705043529842881, 2.9375033268823056, -0.03210090612902786
0.5412127913267214, -0.49353971291020576, 0.17047743287717676, 1.0703165419284624, 2.936623910405986, -0.03017106640714469
0.5412699222114502, -0.4934926024923529, 0.17020627997693438, 1.0702196374684665, 2.9354956570172748, -0.029454216473662635
0.5413226742097488, -0.49353094704007355, 0.1699318944381455, 1.0694454096451866, 2.93436091401894, -0.0275336820528706
0.5412210915419168, -0.4935387936280386, 0.16967011698050374, 1.069111652793189, 2.9334515995612858, -0.027300159846069993
0.5412068444530153, -0.49356019604296175, 0.16965139896100573, 1.0687867460906793, 2.9330068487060585, -0.02779240044191922
0.5411627170250235, -0.4935636230504435, 0.16966206880340756, 1.0693441248852567, 2.933181614801805, -0.030431649836744398
0.5411820194821048, -0.49349999232992875, 0.1697744326072049, 1.0700608092880892, 2.933559313380311, -0.032605748922602096
0.5412017585508724, -0.4934862234027073, 0.16999770015552754, 1.0704798834924025, 2.9349669174137696, -0.035054801319353734
0.5412961945013466, -0.49345644835552466, 0.1702951082772779, 1.070665103121603, 2.936149262048968, -0.035274241851586015
0.5413911352351191, -0.49352532274698674, 0.1706158819624034, 1.0710155497063003, 2.9374448093595396, -0.034742876805866414
0.5414359301656573, -0.4935187178340967, 0.17072064532371417, 1.0710330361732394, 2.937906786049286, -0.03328910646949103
0.5414634114120622, -0.49353614037015997, 0.1706259704340447, 1.0705226294801573, 2.937323335804907, -0.03078475649137067
0.5415414816577212, -0.4935563130502586, 0.17034708594093373, 1.070192418476954, 2.9362661872013747, -0.02856076980449248
0.5415765573318547, -0.49359238162364416, 0.17001509094662484, 1.06925548886187, 2.9350819469653073, -0.02742969990591143
0.5415568637290125, -0.4936596866846265, 0.16964013078689072, 1.0686657475795047, 2.933798856855298, -0.027882752404228363
0.5415308870589536, -0.49365583106502336, 0.16946622590350466, 1.0684247461809238, 2.9330041557265796, -0.028682560277641097
0.5415146892007482, -0.4936854676070871, 0.16948397023916942, 1.0685202972543675, 2.9330501082599345, -0.030014226141409917
0.541535368142633, -0.4936358863893815, 0.16960024011418628, 1.0691203620362242, 2.9335728623727952, -0.0315789293488
0.5415953322838388, -0.49361767641122684, 0.16986974381845063, 1.069606079203902, 2.93554036194783, -0.034910733463141885
0.5416515145053856, -0.4935601454407369, 0.17031429706954893, 1.0706849192306516, 2.9369675768985655, -0.03520440459737826
0.5417193036635, -0.4936127621654958, 0.17059326486387386, 1.0711157335453707, 2.9379757341454176, -0.03463008308650615
0.5417291050971723, -0.493611777753931, 0.17063744573869868, 1.0709388378182625, 2.938441369990072, -0.033319163853491
0.5417922979455218, -0.4935881304338113, 0.17055932333560936, 1.070896263941335, 2.9379571230021844, -0.032055397205309366
0.5418964974134416, -0.4936005170730802, 0.1702992625981014, 1.0702587352205246, 2.9368064736381454, -0.03000007681384195
0.5420109885676029, -0.49357516542474433, 0.16994752897689377, 1.0691013919800232, 2.9356826846661765, -0.02841384500062247
0.5420389388978394, -0.49361587933782824, 0.1696661227269342, 1.0686664112822157, 2.934374510690212, -0.028004060981224942
0.5420236111147839, -0.49358093080058585, 0.16946343053451374, 1.0684628817123754, 2.9337689998907597, -0.0281743951834437
0.5419849823991167, -0.49361982227296614, 0.16947048429890027, 1.0686999509622819, 2.9335315436277187, -0.029626188175435327
0.541994411413895, -0.49356224859178577, 0.16960667694768292, 1.068921017548733, 2.9343753530778796, -0.031591726484453644
0.5420253482743799, -0.49352151874888883, 0.1698458634157751, 1.0693972426722835, 2.9357065029262004, -0.03310002598709943
0.5421134250488127, -0.49355618975215065, 0.17023151644806273, 1.0698981619162296, 2.937003806727366, -0.03471042125363873
0.5421032249697156, -0.49356820746081215, 0.17041713754606555, 1.0698202769277518, 2.938149064067144, -0.03539043094992892
0.5422015151268191, -0.4935403619428347, 0.17060063359752936, 1.0701307011770456, 2.938644072437889, -0.034436210032200494
0.5422148393620914, -0.4935131193656379, 0.17063148577891601, 1.0700238017376413, 2.9381071421155585, -0.0313370691146592
0.5422485992659883, -0.4934652798063496, 0.17043916194948597, 1.069824064418153, 2.937195676173109, -0.02925110231763237
0.5422281839352873, -0.49352073609431, 0.1701848155164001, 1.0698095989311818, 2.9359478102420473, -0.02745713513766749
0.542207314387661, -0.49359174557056373, 0.16986147439233762, 1.0691975755642467, 2.93483224756413, -0.027928250991135915
0.5421313698876477, -0.4935889172318386, 0.16964096471255802, 1.069069833457715, 2.9338127224188675, -0.02821804187298136
0.5420775308508363, -0.4936129641549369, 0.16953259102297005, 1.0694885128153564, 2.933409746618865, -0.029628987393989684
0.5420518197437415, -0.49359982226421795, 0.16957587899151658, 1.0695826373532507, 2.933639495107832, -0.03189059945413146
0.5420826121428379, -0.49355792706174917, 0.1697158977611296, 1.070123013448658, 2.9347893862905168, -0.033743543720143654
0.5420785369103195, -0.4935408470907401, 0.17002023439140768, 1.0704209187966403, 2.936342996978268, -0.03558469858152357
0.5421769675896412, -0.493518350821251, 0.17029976017301074, 1.0703779863671814, 2.9377166037777704, -0.03615363198629293
0.5422128243390409, -0.4935572572739172, 0.1705566785617837, 1.0703177336613032, 2.938614018760067, -0.03578375810576096
0.5422286778646254, -0.4935255257549604, 0.1706019623948723, 1.0704565412220501, 2.938685998415541, -0.034049047314576864
0.5423460409322584, -0.49348958046621527, 0.17041574317530467, 1.0705550738212006, 2.9379638436477147, -0.03152542700504097
0.542450764112067, -0.4934699593138659, 0.1701585136899112, 1.0698570121896642, 2.936841914249895, -0.028681033479756594
0.5424457701018564, -0.49359286936628016, 0.1698139945569069, 1.0696810820294178, 2.9357181887999118, -0.027866740868642978
0.5424430945559502, -0.49372164287605524, 0.16951060186226186, 1.0695963960859503, 2.934356256157494, -0.028254785562661013
0.5424287799798932, -0.49373116455497984, 0.16940279202778535, 1.069352961271921, 2.9340445612589177, -0.028363985566009015
0.5423720854495818, -0.4937666524407934, 0.16944655624626856, 1.069398138111798, 2.9342193925091427, -0.02998440328639474
0.5423483473174947, -0.4937451369816656, 0.16959711536740865, 1.0700116719446902, 2.934421009187017, -0.03204722357929414
0.5423872611109523, -0.49369306004266883, 0.1698231868380277, 1.0707200974047688, 2.93541589915819, -0.034311793762264634
0.5424642076439181, -0.4936729162203772, 0.17014118096543124, 1.071187734488841, 2.936846072356159, -0.03595999871822255
0.5425659443267616, -0.49364345287561173, 0.17036872541413417, 1.071869308042708, 2.937511704801224, -0.036064339624375455
0.5426354930334446, -0.49362227839144485, 0.17057553719394067, 1.0720565958939963, 2.9382500363144466, -0.034507352833513465
0.5426743535880575, -0.4936089734798323, 0.17057044250536185, 1.0717512945687946, 2.93812160143627, -0.03278940474651055
0.5427757707520174, -0.49361022113549385, 0.17033717815610344, 1.071115706736574, 2.9373021868163627, -0.03124757832556834
0.5428366804378234, -0.49365535317818066, 0.17002848293284095, 1.0700541425292187, 2.936751667305303, -0.02933134314788944
0.5428018190547441, -0.49379130489795, 0.16971711254977312, 1.0697691467457202, 2.9354578258419313, -0.027844729261645943
0.5426927910843252, -0.4938888910247718, 0.16954840035615726, 1.0692980845850244, 2.9347096899782206, -0.02805120223896706
0.542667979891023, -0.49389037544592906, 0.16946701591035335, 1.069459202942995, 2.9343342323388386, -0.028873339548899726
0.5426372660459801, -0.4939091772558196, 0.1694864299460876, 1.0696084932229486, 2.9343863681879814, -0.029717236971664954
0.5426334238871278, -0.4938436518390903, 0.1696241007489375, 1.0707654964095439, 2.934809527550047, -0.03263969900402188
0.5427072105947875, -0.4937868957474183, 0.16988927076195298, 1.0714189422023925, 2.9361274758626323, -0.035776327577236255
0.5427904372334029, -0.4937701073264175, 0.17018295681990597, 1.0722349342634692, 2.9373142402306627, -0.03575728186254328
0.5428188127029442, -0.4937945513831918, 0.17040310561821276, 1.072560006054121, 2.9379681073356765, -0.034826470481840316
0.542883631608708, -0.49380771573910326, 0.17052758475024551, 1.0723415351635606, 2.938458826221869, -0.03425790032756978
0.5428838978988276, -0.49383255485202227, 0.17054388699641243, 1.0719948754700315, 2.937649351880959, -0.032017649162165415
0.5428865043637033, -0.4937906306560533, 0.17028856889112798, 1.0715557518248078, 2.93705846029384, -0.030391641408734366
0.5427823048923126, -0.4938484229272412, 0.17003090228919962, 1.0709900028192936, 2.9356462534303764, -0.0286570220215147
0.5426667254693384, -0.4938513987702015, 0.16976659825038792, 1.0703332360302358, 2.9346085265393893, -0.028261840260113292
0.5426335785137337, -0.49389182626551786, 0.16966142902718923, 1.0700357414767427, 2.934196420028172, -0.028434581927781474
0.5426129763186102, -0.4938380654581279, 0.16952137347076857, 1.0706549905687224, 2.9340801608396747, -0.0313234454693156
0.5426281848280513, -0.4938149947965508, 0.16957109897991357, 1.0701000108882197, 2.934754370758417, -0.03298245257617295
0.5426347523890755, -0.49380985829114793, 0.1697975980441082, 1.0708459562429453, 2.936055755674012, -0.03477471758955389
0.5426684336414743, -0.4937655381817426, 0.17011339881900114, 1.071525871112872, 2.9371844662810713, -0.036250786811458845
0.5427546336758646, -0.49381701563589464, 0.17041579195518625, 1.0720354823972904, 2.938368083902736, -0.035720203157018945
0.5427961737934527, -0.49383310177290346, 0.1705366581507852, 1.072294233828965, 2.938815618708653, -0.0349108390602909
0.5428420888217683, -0.493806532838937, 0.1705469850976177, 1.0717374458516067, 2.938410686873389, -0.031825690428747756
0.5429214455465702, -0.49378212016155737, 0.17032535635395746, 1.0708851341464252, 2.937329767648031, -0.029619264353030618
0.5429764203069154, -0.49384663929102113, 0.17002601715556023, 1.0701431851904766, 2.9363929482167603, -0.027680405806526746
0.5429096240587418, -0.49395837758452504, 0.16969618214648824, 1.0696965649554802, 2.9350642186013305, -0.028167195151561037
0.5429045502618611, -0.49395789878530594, 0.1695374365225144, 1.069271557685378, 2.9343943495540046, -0.028332555592337424
0.5428514484170753, -0.49397144023432865, 0.16953165232067974, 1.069597375578898, 2.9340933632806765, -0.029257918638907754
0.5428498263102234, -0.4939615355685931, 0.16959712156325557, 1.0702558964502584, 2.9343107320253456, -0.03127169132521479
0.5428558004190139, -0.49394393987097424, 0.16982103341058455, 1.0707530861162013, 2.9354225967999286, -0.032512158505796696
0.5429215280286708, -0.49390591314355564, 0.17005430350477616, 1.0715132764559818, 2.936987923688894, -0.034534218119265644
0.5429342731431698, -0.4939206343972119, 0.1702453247987312, 1.0717023107939194, 2.937580993783008, -0.03517834669995372
0.5429792145488003, -0.4939243138752274, 0.170415095313208, 1.0716401161076823, 2.9380746373046165, -0.03449079198008125
0.543009364901743, -0.49391815949391843, 0.17043127270069627, 1.0719187638471233, 2.9379493313890688, -0.033343262097764885
0.5430444015370536, -0.4938894671151863, 0.17040654766018473, 1.0710359532642149, 2.9379106612009, -0.03209620223909829
0.5430321821162686, -0.49392844871221736, 0.17024746647307917, 1.0705305032844652, 2.9376790047426087, -0.031082295216782487
0.5429601807135803, -0.4939670285119949, 0.1700289631945033, 1.069996613368533, 2.9370811440701816, -0.03001369674299731
0.5429021068792825, -0.4940387626533201, 0.1698864851947738, 1.0694366808457534, 2.9361611459290557, -0.028025556041908508
0.5427993542658289, -0.4940518817993367, 0.16968447506658918, 1.0694917271713082, 2.9352817881021473, -0.027973017899480326
0.5427644566246573, -0.49404951187658336, 0.1696107283327427, 1.0693219116792698, 2.93486165662621, -0.028895821022397978
0.5427427296106963, -0.4940768461474943, 0.16959705414131002, 1.0696620032823854, 2.934756135503291, -0.030267090838154088
0.5427752258398891, -0.4940012045372022, 0.16973195556833817, 1.0696570428367902, 2.9351360455946938, -0.03192937349785934
0.542781041318469, -0.4940495952308816, 0.16995854427436516, 1.0698377822970784, 2.9361603187177736, -0.03269012603259897
0.5428550286000282, -0.49402460800702347, 0.17012767882567253, 1.0703154805415942, 2.9374865058056483, -0.033090987484683275
0.5428922585736828, -0.4940287504911975, 0.1704408829996316, 1.0706775716361625, 2.9380540409198836, -0.03271733198785519
0.5428984830336607, -0.49404056387851797, 0.17046157005454457, 1.070777996431131, 2.9381896153551734, -0.03230987723088934
0.5429225497424115, -0.494024725570838, 0.17046301155972615, 1.0712465852114688, 2.9374084057607206, -0.031117037544425175
0.542870091711496, -0.4940344028985692, 0.17033452336930416, 1.070721353342207, 2.9367632826382075, -0.030520544811731627
0.5428012016759738, -0.49410885559492085, 0.17005834819014565, 1.0702649435712255, 2.935755482708248, -0.029453644035073105
0.5427603352630981, -0.49408165437386065, 0.1698773104484907, 1.0700495920816688, 2.935268727780422, -0.030101686325413952
0.5427729793773918, -0.49409584290838404, 0.1697953482213841, 1.069902770108968, 2.9350617022683054, -0.03027370347226676
0.5427449775562615, -0.4940966698234723, 0.16977368178808527, 1.070047621234104, 2.935318552633697, -0.029992273912986114
0.5427619421441383, -0.49410824699950745, 0.1698325628372435, 1.0704199257453564, 2.9357907778602352, -0.03086561755728259
0.5427569702900171, -0.49413495342543856, 0.1699180879951697, 1.0708180998669212, 2.9364904119982196, -0.03225068729292186
0.5427722764327871, -0.4941501228131767, 0.17005631612247848, 1.0711002168111339, 2.9368839350587415, -0.033086404841343675
0.5427998314227014, -0.49416417295128423, 0.17024852024930578, 1.071063071696571, 2.937635844085986, -0.032016415496422174
0.542834657993274, -0.49416003733238956, 0.1702485018661034, 1.0710750162472051, 2.9376619442873895, -0.032215202719855375
0.5428493232491622, -0.4941793336535928, 0.17025537417253456, 1.0709842429305474, 2.9372842367952803, -0.03218749326745948
0.5428574782868459, -0.4941215539419246, 0.17016250356734683, 1.0706875887515945, 2.937077990022734, -0.03151499929417933
0.5428062793376041, -0.49413076795894845, 0.17005873235630925, 1.0705283791024363, 2.9364691467208517, -0.030681921108123383
0.5428350295465475, -0.4941113032775592, 0.16995983651659424, 1.070001190048091, 2.936236004455876, -0.029802527582815586
0.5427532332193081, -0.494167583364971, 0.1699508996013466, 1.0703556689541562, 2.9361620785550326, -0.028652347356587057
0.5427205802043885, -0.4942125394099053, 0.16998414076188142, 1.0703869198797058, 2.936263478067847, -0.02836444887117369
0.5427358285657401, -0.49422315108815534, 0.16995669223475138, 1.0706506354690386, 2.935689235512071, -0.02883733115180718
0.5427242888287355, -0.4942437451374888, 0.16993838579175796, 1.0705985563007667, 2.935220873221154, -0.029566510111860657
0.5427364472128207, -0.4942425045060877, 0.16994341547903988, 1.0706808449075538, 2.935211668799907, -0.03003719547090126
0.5427129304880328, -0.4942660182020366, 0.16992874434690272, 1.0708698402385408, 2.935371600946023, -0.030991987862550203
0.5426988645068427, -0.49422876226276086, 0.17002818693572858, 1.0708628021880797, 2.9355864347495877, -0.03235207763967113
0.5427016659836374, -0.494232435955804, 0.1700696054340744, 1.0711370295115292, 2.9361889374651913, -0.0329070842541074
0.5427465175211575, -0.49420338530356206, 0.1701689767863538, 1.0713128962397869, 2.936985164095425, -0.03313584667790392
0.54278362722856, -0.4942181975049802, 0.1702586367802114, 1.0713639169931806, 2.937205818227676, -0.03291378391601585
0.5427919470805451, -0.49424837893533796, 0.17026661035346705, 1.0713408762789238, 2.937090796472301, -0.03270828706483898
0.5428095025011552, -0.49423299339037796, 0.17029317159253587, 1.0709199488732957, 2.9369486381637824, -0.03164433896623853
0.542769264800769, -0.4942705832731589, 0.17026649750435552, 1.0707142662648665, 2.9365680961129357, -0.029066466832002254
0.5427499343705807, -0.49427086690787986, 0.17017825968374709, 1.0705908501097066, 2.9361180874212316, -0.028344169125563295
0.5426915618539758, -0.49430908823634684, 0.1699688721888305, 1.070471362138566, 2.935387297460206, -0.027744640770771833
0.5426442369027381, -0.4943260007523194, 0.16984677519133295, 1.070275201270094, 2.9350705273744158, -0.028426482287879324
0.5426400503687698, -0.49431652341281285, 0.16979151017865157, 1.0707211385227073, 2.934938304436947, -0.0295428637360021
0.542636215800992, -0.49431001722983564, 0.16977703660326215, 1.071025489542889, 2.934941643109974, -0.03128284494411016
0.5426691174655324, -0.49428067099036327, 0.16978962113415386, 1.0715529869630638, 2.9350843831951963, -0.03286240068411878
0.5426700536743978, -0.49430028527135533, 0.1698936469327579, 1.071527955447336, 2.9361712144545415, -0.032789928778667946
0.5427041528880823, -0.49432124063111177, 0.1700611663674685, 1.0716373970451198, 2.9369137751050878, -0.03250935418152397
0.5427409206069302, -0.49433344539008833, 0.17019882633565708, 1.0714420203953483, 2.9378707161259756, -0.03204243271878635
0.5427493615245671, -0.49432077077180137, 0.17023210484360288, 1.0714863757504247, 2.937884597492373, -0.03206831778915397
0.5427312569607375, -0.494363711730781, 0.17024526240506627, 1.0711409314000253, 2.937683614965216, -0.03222643180108882
0.5427484841188452, -0.4943337123638256, 0.1701246184620432, 1.0705595124958336, 2.93716302609064, -0.03155157091776953
0.5427186083479288, -0.49433259019616205, 0.17000779374024746, 1.0700344602285694, 2.936377093380442, -0.030159997176947884
0.5426485377965489, -0.49436164655263265, 0.1698962214974528, 1.0695756742564961, 2.9358366911381606, -0.029059356513683684
0.5426092436969121, -0.4943780325158704, 0.1698435208039244, 1.0695405440224937, 2.935458532667188, -0.028740817986550836
0.5426178165347835, -0.49438255106003853, 0.1698224148118956, 1.0696423064096672, 2.935451606671742, -0.029016906586881254
0.542599593358645, -0.4943712659151671, 0.1698309895649105, 1.0693924121030847, 2.9357266151517045, -0.02851381715455683
0.5426113227823556, -0.49435805194577487, 0.1698390005915062, 1.0696594624685931, 2.935825823883371, -0.029514178257320788
0.5426132614279917, -0.4943566383374387, 0.1698637841720924, 1.0698384875004507, 2.93610304168532, -0.031193857914124625
0.5426352880731341, -0.49435066050318927, 0.16994739824850302, 1.0695653907530958, 2.936529422062195, -0.03109774301931963
0.5426428796922902, -0.49436715395374736, 0.17004871383704595, 1.0701417164402833, 2.9370949816805663, -0.031621007686313665
0.5426129076592253, -0.49441315569903094, 0.17021606596153058, 1.0704799553839268, 2.9372371082713036, -0.03265402126619219
0.5426314843733049, -0.49441716646354694, 0.1702632393688459, 1.070369174230106, 2.9373667745976095, -0.03296727119343649
0.5426348843100236, -0.4944131661949288, 0.1702529040829178, 1.0704570812323722, 2.9371933454036125, -0.03215261811723035
0.5426474686225387, -0.4943937448229788, 0.17027249400360114, 1.0706370235854026, 2.936726179915683, -0.030947911409834758
0.5426179211407531, -0.4944172667308321, 0.17023617036997726, 1.0705624682024517, 2.9365484659424625, -0.02996820519090237
0.5426486504034309, -0.4944784719379406, 0.17007861846939382, 1.070194290194162, 2.9365913243659447, -0.029375907053832535
0.5426028766681075, -0.49450715773530224, 0.17001050461298436, 1.0699704072042755, 2.936712491152845, -0.02869733940587376
0.5425904059041531, -0.494501919447894, 0.16983692780026666, 1.0701238095587557, 2.9358141079860864, -0.029017456137271132
0.542561335358849, -0.49452794386147114, 0.16983392134240619, 1.069981010573962, 2.935435085726235, -0.029517710315265688
0.5425735379713954, -0.49450436055391844, 0.16982011221926857, 1.0700406456480198, 2.9355017866754762, -0.02933223914252669
0.5425679247927168, -0.49452537176831424, 0.16984222793144463, 1.0703415700948224, 2.935382628200044, -0.02969617572940258
0.5425369947098384, -0.494570350103711, 0.1698932912220785, 1.0707128378482844, 2.935913895061446, -0.0304363810804703
0.5425685068262516, -0.4945655476013402, 0.16997814910142633, 1.0708379189265553, 2.936323008611988, -0.030827763868404294
0.5425635189620798, -0.49458047028332913, 0.17012298558700958, 1.0710978439179115, 2.9368433444172672, -0.03258071162392186
0.5425856785552644, -0.4945779937300169, 0.17018196703542948, 1.0709380938403503, 2.9370447602800573, -0.03181964968225087
0.5425936008138666, -0.49455976326663964, 0.17020087144475143, 1.0709466928481999, 2.9368714129901745, -0.031072885181350002
0.54253586582561, -0.4946159109970344, 0.1702046877199125, 1.0706453738409563, 2.936680085269185, -0.029804037280470565
0.5424989138495098, -0.4946673579418055, 0.17021861792266607, 1.0704525419097393, 2.9364023222585987, -0.028588506718603003
0.542495488635163, -0.4946959986856576, 0.17018284891116153, 1.0701439484743094, 2.9360807281563304, -0.02857449245571291
0.5424329041801221, -0.4947422021349949, 0.1701154100479399, 1.0704521807731362, 2.9358904545413385, -0.029735431838950093
0.5424512897539729, -0.4947229051825977, 0.17004966865756577, 1.0702089722212556, 2.935480953203793, -0.030816116123925166
0.5424392563833837, -0.49473223368316815, 0.16986437175078434, 1.070194055550119, 2.935540654927233, -0.03089876961845271
0.5424601737162313, -0.49471420938868654, 0.16988016221418814, 1.070430372306861, 2.9357584102095675, -0.03109421564499415
0.5424447151021149, -0.49475628417047934, 0.16992215317845438, 1.07041688237619, 2.9365380368234097, -0.030840867346663966
0.5424946015244829, -0.49475814304803534, 0.1700296496150206, 1.0708490915368694, 2.936982243232197, -0.03109893678947224
0.5425216799277387, -0.4947481963116089, 0.17009304788360932, 1.0709722078894672, 2.9371840618742575, -0.030758150125583136
0.542559357110535, -0.49473432874483475, 0.1700737048687904, 1.070483748750006, 2.9371671209243404, -0.03025513649562736
0.5425823364910267, -0.49475671917077874, 0.17006863662833524, 1.07037916244221, 2.9376710069030674, -0.030206861112259727
0.5426000066609482, -0.4947729288688068, 0.17009551703074202, 1.0705180978469186, 2.937131169383927, -0.029359915175528502
0.5425936740967076, -0.4947913405906854, 0.17001637364236838, 1.0697292471657343, 2.937191417336559, -0.02947058695582251
0.5425656488249306, -0.4947687983736548, 0.1699147994139649, 1.0698402902263922, 2.9365037106585477, -0.028704190122274716
0.5425523649501809, -0.4947479291965918, 0.1697846594232285, 1.0696155099733495, 2.935467708916923, -0.02950839084170593
0.5425199106212012, -0.49475006221755524, 0.16974516302001266, 1.0694415870316698, 2.9353662034052888, -0.02945597130854185
0.5425044643948036, -0.49476322290380526, 0.16976475451467637, 1.069359377824236, 2.935555653423884, -0.03020601125066359
0.5424920383892664, -0.4947647724890472, 0.16996918526468272, 1.0695622891620906, 2.9362941488909606, -0.029623850509890852
0.5424642242285479, -0.4948058724335476, 0.1701187140322453, 1.0698179042473717, 2.937312498980094, -0.03150941965405754
0.5425457977840572, -0.4947856913619631, 0.17024912532244083, 1.070032804845544, 2.937682974571625, -0.030881519806210483
0.542512018369093, -0.4948558083415776, 0.17026599306832782, 1.070485988705735, 2.9375728705350825, -0.0320686481211623
0.5425439801000483, -0.4948307565786084, 0.17033341675842256, 1.0702884538870172, 2.938082772861904, -0.030934047571783804
0.5425511787079483, -0.49484989706972876, 0.1703099393501392, 1.0704881149962282, 2.9379293566538576, -0.02902176941321268
0.5425138357602615, -0.4949280226406673, 0.17027596675589843, 1.070733146847487, 2.937240837968079, -0.02796876872022409
0.5424716836412933, -0.49495775527867797, 0.17004644837824043, 1.0706416092265238, 2.9364141395248606, -0.027419015614342613
0.5424157277728494, -0.49494435975262013, 0.16977317353110816, 1.070523165529577, 2.935134484677609, -0.027591187455122398
0.5423342962882033, -0.4949848459606612, 0.16969801281720542, 1.0702132296538345, 2.9342658984745005, -0.02685518901005487
0.5422689499903541, -0.49497867039009574, 0.16955330073308433, 1.0704557644149626, 2.93403778979547, -0.028365772804748897
0.5422874683099912, -0.4949690082850815, 0.16956679911587264, 1.0707704980320962, 2.9343867939872355, -0.03080410644264807
0.5422043201757349, -0.4949523595762833, 0.16974086361656124, 1.0709299653142952, 2.935684887701321, -0.03291069906081393
0.5421111949055418, -0.4949322140212486, 0.16997622843231167, 1.071025334147618, 2.9369361101476965, -0.03341273131976316
0.5421100499661957, -0.49490736660672097, 0.17021544117466605, 1.0712825848463883, 2.937851959216125, -0.032413610658606824
0.5422023503609853, -0.4949146762369809, 0.170494895552402, 1.0712467939386716, 2.9383370880362527, -0.031007771974521935
0.5422236458484718, -0.49488191379744795, 0.17043432999340974, 1.0714642293484458, 2.938145494994894, -0.02989381118769554
0.5422210412094151, -0.49480250322465236, 0.17028558645396613, 1.0707553920261568, 2.937420967274013, -0.02938703314427759
0.5421609855281854, -0.494734743979437, 0.17002181327562366, 1.0708488023369989, 2.9363657148876476, -0.02915971431087753
0.542138856234833, -0.4946407363129916, 0.16981001877390486, 1.0702645955740715, 2.9349572953456042, -0.02761470910567032
0.54212162643891, -0.49457276555593366, 0.169622330412688, 1.0695914900875534, 2.934199751909944, -0.027731222173159386
0.5420687967580257, -0.49457722912152974, 0.16957012801182805, 1.0694046084770281, 2.933940716981898, -0.027814535644235902
0.5420402175401671, -0.4946195262859222, 0.16957075638437896, 1.0699842386731697, 2.933862975425577, -0.028664549856388055
0.5420244532316945, -0.494657756562129, 0.1696582462691151, 1.0709457962755602, 2.934877211502394, -0.029838290022077277
0.5420717921359302, -0.49460330422380894, 0.16998172926994273, 1.0711329425429263, 2.93586572020828, -0.031906229252390214
0.5421291195562947, -0.49460827703831384, 0.1701882705268657, 1.0716063866848164, 2.9368609914505095, -0.03301749661829596
0.5422002920723101, -0.4946040951953479, 0.1704029395521043, 1.071546411524266, 2.9374532100028277, -0.03146561909763886
0.5422072807323896, -0.4945975614094235, 0.17039070383685034, 1.0713318140171582, 2.937205271981445, -0.030642793443931542
0.5421755804296243, -0.4946617351676264, 0.17042689628469132, 1.0710675208931972, 2.9369055850847676, -0.02911714768448001
0.5421685095772433, -0.4946349248421885, 0.17033450308007977, 1.0706112759724895, 2.9363274482276114, -0.029042398112689435
0.5421254887585814, -0.49461217149117404, 0.17012382831532746, 1.0703094415293306, 2.9355416001846373, -0.02942614665220078
0.5420438609520766, -0.49460587163435155, 0.16992641631517919, 1.0698079754698673, 2.9346979953092522, -0.029707402461867302
0.5420323199409078, -0.49459093886416805, 0.1698518952220995, 1.0695935051378545, 2.93458402746622, -0.029818173072579737
0.5419851765045685, -0.4946193411416524, 0.1697957235267285, 1.0700164030102242, 2.9347151011193415, -0.031211559560913097
0.5419433138612293, -0.49459137536196635, 0.169824661831629, 1.070444965419935, 2.935564324748622, -0.03102467786493444
0.5418873621906121, -0.49458869419477736, 0.16993982122514495, 1.0709449667161364, 2.936615320262498, -0.031120123897017637
0.5419298676864536, -0.4946216313202241, 0.1700974910229061, 1.0713765972209144, 2.9373895673139168, -0.0317985103513395
0.5419787038030276, -0.4946360866519741, 0.1702592884059648, 1.0716110152398122, 2.937767328204105, -0.030916491176080352
0.5419768954719744, -0.4946227598252418, 0.1702887194309833, 1.0708947803208633, 2.9380005560951794, -0.029224079293557567
0.5419749820752968, -0.4945713215907578, 0.17014256428963848, 1.070615148453589, 2.9370169486763484, -0.028999714035892868
0.5419654008214209, -0.49445488473764354, 0.16993766591992351, 1.069904813296464, 2.9361974074639683, -0.02789560481453219
0.5419136150228735, -0.4944045560556305, 0.16974806761201305, 1.0695621505772028, 2.9350042010248827, -0.027029016726190035
0.5418394395612551, -0.49436468304866127, 0.16970913834734694, 1.0693173494163581, 2.934060393254029, -0.027208928930435746
0.5417924955132021, -0.49438482929931227, 0.16970001276463698, 1.0694662133230821, 2.9336907899818825, -0.028529278842755853
0.5417482806965905, -0.4943618981677569, 0.16979907288519155, 1.0699182582599371, 2.933731178468125, -0.03007903774441281
0.5417702681368719, -0.49428865129581534, 0.16999206464714717, 1.0702632652228565, 2.934607327127072, -0.03304792324655707
0.5417363126394782, -0.49418616703556373, 0.17019349209078533, 1.0701074464066243, 2.935814230870732, -0.034862259986016345
0.5417103843564476, -0.49415895202639487, 0.17035016809162637, 1.0700322224492493, 2.936936883754326, -0.0348199402487082
0.5417588208951784, -0.4942101455418611, 0.17059070058353804, 1.070905636880591, 2.9375443311067326, -0.03447844379444144
0.5418178003930333, -0.4941907038469875, 0.1706712199963446, 1.0708764052228967, 2.9379069924034713, -0.032124696495118885
0.541853846127589, -0.4942109579716728, 0.17059014232944514, 1.0709806428716555, 2.9376492370994374, -0.030148856895136834
0.5418823733311134, -0.4941952278735627, 0.17032051935533138, 1.0710039739690562, 2.936667718192026, -0.02873261489707858
0.5418900490716633, -0.4941416862395729, 0.1699863087297458, 1.070323836184352, 2.935699659120421, -0.02766093584068741
0.5418124659231432, -0.49414812338014336, 0.16962918255837478, 1.0698006550519488, 2.9343133179692815, -0.027047990004101765
0.5417569043507067, -0.49412732594800163, 0.16957955627784094, 1.0698008056883381, 2.9334426584956685, -0.027262717118935242
0.5417058496800996, -0.49413683441898054, 0.1695088054799597, 1.0701011710755226, 2.9332185649522216, -0.029929612280594042
0.5417011693431562, -0.4940715232993139, 0.16963510965859124, 1.0702881254364012, 2.9337938214626473, -0.03186071351400081
0.5417559052149344, -0.49406980710171816, 0.1698787299774012, 1.0710713388424598, 2.935088731711393, -0.03352995787061064
0.5417870112272628, -0.49407198942150493, 0.17016173294094222, 1.0714683913668426, 2.936730285821945, -0.034654299007773094
0.5418197409640039, -0.4940784276392023, 0.17027114673470173, 1.071684048429299, 2.937702016796077, -0.03500901121770482
0.5418773213904214, -0.49406770928713906, 0.17041057346917973, 1.071550106469544, 2.937869309605884, -0.03425304001368155
0.5419250067117383, -0.49398086130582136, 0.17034200912402872, 1.0709125048066026, 2.937259754634884, -0.031713869867007555
0.541913587529769, -0.4938626153111162, 0.17014764201866417, 1.0704319069034152, 2.936610458539741, -0.030055147249445
0.5419224788826242, -0.4938885568296799, 0.16988802068980993, 1.0700084154913443, 2.9356236003264695, -0.028129483592674028
0.5418638277976462, -0.49389128545791766, 0.16957448783269757, 1.069411360182886, 2.934867994628346, -0.027838528904151054
0.5418146451573767, -0.4938814561203773, 0.16942028126421244, 1.0692615784496604, 2.933891428991479, -0.02836340410374213
0.5417782930388043, -0.4939109733552199, 0.169392706532542, 1.0693265398197438, 2.9338436409282167, -0.029773534566473768
0.5417796120903231, -0.49383823216331196, 0.16948506211797715, 1.069930627909849, 2.934130534916323, -0.033107845764399374
0.5418491566778916, -0.49378316195276795, 0.16974698540269226, 1.0696104444492964, 2.935559655225872, -0.03470982643993541
0.5419228659386423, -0.4937967367616852, 0.17001979327120634, 1.069886721296032, 2.9369434367385345, -0.03507830981942743
0.5419757848028092, -0.49380801326308243, 0.17037282264898956, 1.0705737653450413, 2.9379368339426484, -0.034931172458441066
0.5419879429947767, -0.4938041192779673, 0.17042157672966068, 1.0710228145762997, 2.9378653445921423, -0.034873032841172956
0.5420459646665845, -0.49373204745995997, 0.17040845499192445, 1.0710266718370385, 2.9375088446901967, -0.03244272670102365
0.5420943646900873, -0.49368025379792185, 0.1703972112371761, 1.07066027127117, 2.9369230597226563, -0.030528783041878515
0.5421700179942007, -0.4937646747977684, 0.17009798951641916, 1.070176949786804, 2.9358835781616506, -0.02837960604635332
0.5422130292755418, -0.4938464622165535, 0.16982474692040658, 1.0694902414433076, 2.9352776151444795, -0.02791087443663331
0.5421686034699709, -0.49382311657011485, 0.16959833529585033, 1.069195706353327, 2.9343401473500696, -0.028347266128548407
0.5421254603640849, -0.49386944479744543, 0.16948793348532065, 1.0694997739432814, 2.93389541661736, -0.029713207610707535
0.5421035521885523, -0.49388751437833567, 0.1695310536281439, 1.0694738555898673, 2.933960179354073, -0.03047942730310162
0.5420479975043612, -0.4938841608386831, 0.1696568441239705, 1.07029198970038, 2.9346581008199446, -0.032168726135490766
0.5420998746527135, -0.49386694398214576, 0.16982090935003788, 1.0707440367738557, 2.935971652623783, -0.0336706857253812
0.5421446957600271, -0.49381506137273123, 0.17003899048353355, 1.0712823102354956, 2.9366815941369917, -0.035236637281031165
0.5421945426412674, -0.4937989797250044, 0.17015256393580216, 1.0713418979350344, 2.9370845034825774, -0.0354467742678212
0.5422409444360141, -0.4938094032368564, 0.17029070693744575, 1.0713735034068064, 2.9374442086289205, -0.034716986204931924
0.5422332526902189, -0.49383428528986645, 0.1703437972856738, 1.0709770438583526, 2.9372055895920868, -0.0320736958011836
0.5422230170597696, -0.4938574147722826, 0.17029275792418347, 1.0705457483690244, 2.936571254312903, -0.03093953018014632
0.5422087976119843, -0.4939027792921358, 0.1700434774870063, 1.0702309343788348, 2.9360151252807123, -0.028904995857456015
0.5421242326056696, -0.4939134048509198, 0.1699051485850911, 1.0701427939817691, 2.9350549751181023, -0.02776674097309049
0.5420488596084707, -0.49393561693438587, 0.1697197083593429, 1.0700099627826398, 2.934583227828805, -0.029609381932238634
0.5420540321831451, -0.4938901471757467, 0.16962562312383206, 1.0699244116341424, 2.934395074412273, -0.030799631044279217
0.5420346465781725, -0.4938811192622792, 0.16961184674361088, 1.0698871834230594, 2.934565914692467, -0.030956592085232052
0.5420402522180371, -0.4938897622086383, 0.1696853551153014, 1.0702127431238657, 2.9352741717931714, -0.031216240587702646
0.5420595829482493, -0.493931933362083, 0.16987584693774538, 1.070704441936368, 2.936126903651275, -0.03145714039951566
0.5420414847559296, -0.49392226931892413, 0.1700902345120231, 1.0712173266157368, 2.936676780599771, -0.032165152542304495
0.5420765890143721, -0.4939410658976959, 0.1701557675506152, 1.0710774246349675, 2.9370761105877263, -0.03229129556152858
0.5420954105164542, -0.4939273198021621, 0.17019142031851206, 1.0710208043004068, 2.937101841138146, -0.031904510570129815
0.542103742410089, -0.4939220426941068, 0.17013786625512883, 1.0709877328977302, 2.9364678428588102, -0.03088620023892404
0.5420562869197846, -0.4939287520370744, 0.17005733626820196, 1.0704875176977955, 2.9356758760060084, -0.030087513516378304
0.541997236444832, -0.4939464885088111, 0.16992231443665026, 1.0705207428093444, 2.9350538531669796, -0.02929218315567803
0.5419565618771957, -0.4939163655313195, 0.1698267288852377, 1.0702674786219484, 2.934829240224372, -0.02935257754122706
0.5419491179839723, -0.49393051743069566, 0.16976150856035271, 1.0700957035323286, 2.9344579554371, -0.029011256847751746
0.5419197809687368, -0.49394601337545163, 0.16978385858645223, 1.0702418666814741, 2.934473175193994, -0.029197325612764273
0.5419052233391124, -0.4939717112853386, 0.169779145332297, 1.0703101464882745, 2.9347261709856127, -0.03053764012339641
0.541893961688767, -0.4939991869314569, 0.16980106542583995, 1.070376198585263, 2.934713393355819, -0.031357750552507724
0.5418779110659948, -0.4939704098832055, 0.16990770194484564, 1.0707804098753426, 2.9354980821380505, -0.032460116692154664
0.5418762997990074, -0.4939876864301955, 0.17000028539334744, 1.0708618331167772, 2.9361924502510974, -0.03264420484179185
0.5419369203786071, -0.4939989722084743, 0.17016176639521546, 1.0711886710012053, 2.9365897888116437, -0.03235720957195541
0.5419420482620051, -0.49398962390040063, 0.170135295542166, 1.0711458338618136, 2.9365457604202163, -0.03172664439257596
0.5419618876720405, -0.4940012547192654, 0.17016105298979356, 1.0709722953128655, 2.9366564603108802, -0.030771179891214622
0.5419364183157248, -0.4940368752911603, 0.17016288076632669, 1.0707144786450944, 2.9362782809294115, -0.030174429165529013
0.5418473738890596, -0.4940642158906919, 0.17005941145747294, 1.0708153405480556, 2.9353431830473937, -0.029135241667764444
0.5417880155558745, -0.4940760187882928, 0.16989314181667223, 1.0707136238212975, 2.9344756008656585, -0.028963605997449647
0.5417768606992507, -0.4940841292179894, 0.16972388484491785, 1.0702572444456586, 2.9340603002990013, -0.029083354701879182
0.541759602181328, -0.4940982338560993, 0.1697498605550693, 1.0705469613685075, 2.934341019914874, -0.028714032662284818
0.5417528261459096, -0.4941171014229924, 0.16972102465170122, 1.0710257475034026, 2.934305188079764, -0.029772583186757424
0.5417331822172357, -0.4941302228150974, 0.169741327904565, 1.070928925527979, 2.934423325209544, -0.031202252223251768
0.5417723832467176, -0.4941128019636207, 0.16983095050452857, 1.071345962287812, 2.9352119790533986, -0.031782834643695954
0.5418281384564009, -0.49414052335402214, 0.17000594538464028, 1.0719565824491497, 2.9356983233200813, -0.03247910210742207
0.5418634941309757, -0.49417276901316287, 0.17017503190614355, 1.072191370809253, 2.9363433114104165, -0.03221514216106538
0.5418784080827043, -0.4941708280050534, 0.17016289916412114, 1.0722316046835523, 2.9366180619129105, -0.03255406785925903
0.5418813857892328, -0.4941627769998426, 0.17014715259835136, 1.0721882875892719, 2.936326782974098, -0.03235554511428279
0.5418719475803728, -0.49415972513579925, 0.17010630451392764, 1.0719084618518753, 2.93595618685207, -0.031337150874087914
0.5418557848733652, -0.4941771832294534, 0.1700619996225259, 1.0717431224010272, 2.9354690158340997, -0.030094992336908936
0.5417575637255296, -0.4942278121902529, 0.16996585926685026, 1.071344758275669, 2.9349563828116376, -0.029725072483716822
0.5417359561836383, -0.49421701133778784, 0.16989069174610702, 1.0709616116636973, 2.934740366777253, -0.030202690727579803
0.5417161089080478, -0.4942267935979691, 0.16984604628899155, 1.0708954708010112, 2.9343542730210497, -0.030676063330722213
0.5416990441131392, -0.4942173159429449, 0.16980980710899068, 1.0705613660811981, 2.9350566267692852, -0.030515367135668936
0.5416995320571039, -0.4942189868338172, 0.16984033793282524, 1.0708172249562402, 2.9348775685369572, -0.030560844277640983
0.5416745798606429, -0.49428169033000796, 0.16990928956319748, 1.071490309730371, 2.934833468373563, -0.030271916804130574
0.5416604630073342, -0.49432184846928134, 0.16996781497726146, 1.0715330233202967, 2.935450601380716, -0.030950219908428476
0.5417028147885554, -0.49432657780671657, 0.17000672698878344, 1.07137718079666, 2.9355121173466747, -0.031063106796583882
0.5416789877541139, -0.4943594726068624, 0.1700585207788321, 1.0716960451629638, 2.935109433377448, -0.03125640302146853
0.5416807309961579, -0.49435662375848916, 0.16999961916525325, 1.0716612797698843, 2.9352659010377127, -0.031916750520163586
0.5416754979640384, -0.49436053070215175, 0.1700399481736676, 1.071627013661893, 2.9354602795752056, -0.03181408806689704
0.5416992696484271, -0.494338279675886, 0.17004814144746552, 1.0714700249502271, 2.9355010460722535, -0.03095739419544283
0.5417160857372763, -0.4943195414007614, 0.17009296055951062, 1.0714446698224696, 2.9353307202221637, -0.030577441911097045
0.5417260018725566, -0.49432195679376284, 0.17003283161728153, 1.0713754023388773, 2.9348542254855494, -0.030219177533522913
0.541686867656687, -0.4943577476522141, 0.1699990730461235, 1.0715496371429247, 2.934551326354468, -0.030285543174844335
0.5416790554276799, -0.4943576684078158, 0.17003415278252831, 1.0716862886906344, 2.9345696684608296, -0.029722277680435644
0.5416736305872585, -0.49438767486758045, 0.17003939067699958, 1.071616507309761, 2.9346033672502014, -0.02960608138325324
0.5416284509937147, -0.49441969865956087, 0.16999117716585185, 1.0719514641228836, 2.934082135230647, -0.029574737445637555
0.5416386781337742, -0.4944178022180933, 0.1700103537866119, 1.0719801147367192, 2.933811102860339, -0.029837018221989982
0.5415933604731863, -0.494411183263052, 0.1699523294888635, 1.0719437212646563, 2.933976302547696, -0.03013231420248046
0.5415691399984176, -0.49446499672073907, 0.16999687320282386, 1.0723105165555, 2.9342223110744223, -0.03179787135818196
0.5415820645612592, -0.49451620305848515, 0.17011034029800565, 1.0724157423398852, 2.9351518666090453, -0.032105852302499176
0.5415818764045073, -0.49453733293052227, 0.17020365067937496, 1.0726853450576763, 2.9355817737892123, -0.032394637782524514
0.5415945956866549, -0.4945559629115356, 0.17022637991436057, 1.0728993838493237, 2.935807225679207, -0.03366601509844265
0.5416569976551376, -0.49450408506457333, 0.17026212922671646, 1.0728505123865364, 2.9360480051345226, -0.032835535232649316
0.5416718581574657, -0.4945028665522869, 0.17032353971519434, 1.0723380783036147, 2.9355875849754187, -0.030285704091018002
0.5417043164520211, -0.49443676538527165, 0.17027316240756657, 1.07222844687665, 2.93562600986422, -0.028540128576058504
0.5416488292895792, -0.4944838013510063, 0.17022884386719234, 1.0716087902954148, 2.93478941549392, -0.027526549064444492
0.5416145367155808, -0.4944970971689515, 0.17011545899714997, 1.0713578563073007, 2.933602724277612, -0.027563518726792084
0.5415778575553932, -0.49448025346421903, 0.1700056363482216, 1.0713826500909733, 2.932991739301104, -0.027416007083906284
0.5415270168160963, -0.4945031310952075, 0.1698858206305398, 1.0717229761026565, 2.9329658167122283, -0.0294342421302159
0.5415796666065487, -0.4944558018827244, 0.1699203347073323, 1.0717342225987914, 2.9331501845851524, -0.031221693862359214
0.5415925125072653, -0.49442993654757494, 0.16996266485373202, 1.0720934012303254, 2.934309523480824, -0.03242863433075962
0.5415209333808548, -0.4943706785695135, 0.1701825773573759, 1.0728917104497864, 2.935522660656367, -0.03435959616573863
0.5415534358513154, -0.49440427045371693, 0.17038753712379082, 1.0730906598646364, 2.9365887940892197, -0.03401019274252212
0.5415677233094691, -0.49442728925583224, 0.1704789365647828, 1.073226447285417, 2.9369292227283514, -0.03408066701795995
0.5416184589667239, -0.49436213812448565, 0.17051178328235372, 1.0728182509393633, 2.936666063537185, -0.03261408860558094
0.5416605756514655, -0.4942997283016922, 0.170457992769282, 1.0725411211604146, 2.9361876121518566, -0.030094978852963968
0.5416835044353535, -0.4941758528551266, 0.1703481769018969, 1.0721087748611717, 2.9352272186471886, -0.02842095094696199
0.5416663471790464, -0.49407671706968564, 0.17011688963683785, 1.0715089196074516, 2.934239957466684, -0.026766419268013222
0.541564027661888, -0.494050431946818, 0.16987739579867447, 1.0712606072627273, 2.932925356248041, -0.02723654731934322
0.5415482727668013, -0.4940329838918744, 0.16972945305144754, 1.0712644494035333, 2.9319296707935676, -0.02791653491408175
0.541498292691006, -0.49405054447742797, 0.1697159452825575, 1.0710143620973245, 2.9321783491520903, -0.02922782425670004
0.5414755915180626, -0.49399729252199226, 0.16991025469391371, 1.0710951913096043, 2.9322647251984586, -0.031382431751230934
0.541406625119867, -0.4939368719246261, 0.17016667328289187, 1.0718225343463963, 2.933830673699733, -0.033464692292988076
0.541419109485204, -0.4938859199032349, 0.17054914868203952, 1.0720497896906518, 2.9356119183920772, -0.034579905672914905
0.5414099282822741, -0.49384346437921417, 0.17079906466434425, 1.0722062892036874, 2.9368331950692723, -0.03454520070423003
0.5414313212533747, -0.4938676256336814, 0.17086254894551203, 1.0724412942315131, 2.936941665789905, -0.034626415661034714
0.5414710119898375, -0.49379405220237055, 0.17083559566550466, 1.0720897541451455, 2.9365582804472, -0.03302328167642073
0.5414705142779833, -0.49372624130719867, 0.17072586258784625, 1.0715633836135714, 2.935692211085676, -0.030697667630175448
0.5414614645462803, -0.493636571516369, 0.17036240345744758, 1.071065791549223, 2.934528958258072, -0.029151249434581
0.5414046600123622, -0.4935830406669395, 0.17011356657588653, 1.0702351526794767, 2.9335799954776514, -0.02842065871154601
0.5413684048000643, -0.4935584377926819, 0.16994864646459992, 1.0699822336793021, 2.9325992635850135, -0.02876797112593497
0.5413017203879978, -0.49359166798776044, 0.1699176916277468, 1.070082609755901, 2.93232564056222, -0.02983180672609357
0.5412684824221885, -0.4935720345288375, 0.17004957287498654, 1.0703637111601318, 2.932552542759719, -0.03143289419790239
0.5412829676465594, -0.49354480001203577, 0.17019824182689186, 1.0705112648365425, 2.933541049324202, -0.03314793193374999
0.5412490006831834, -0.49348276698774945, 0.17052746717080425, 1.07086111936988, 2.935009001367339, -0.03372583229348956
0.5412730939721415, -0.49347808423605105, 0.17078364548865027, 1.0708719531803579, 2.936412962869899, -0.034336312613266896
0.541313686954755, -0.4935267564853089, 0.17100982050704383, 1.0709860516343512, 2.937125920721965, -0.03379603819868971
0.5413536472599846, -0.49350787349365005, 0.17100955205111826, 1.0703080890809142, 2.9370319729675547, -0.032943405056112124
0.5413773231774706, -0.49341188434725536, 0.17082530154795672, 1.0696671224758014, 2.936204217488706, -0.03134995834030712
0.5412910503425676, -0.4933751211710949, 0.17055934504702774, 1.069477728118105, 2.935190052104851, -0.029709652668747866
0.5412816127061445, -0.49335396384566965, 0.17030407991010543, 1.0689613802076727, 2.9343494750952224, -0.028915861498135503
0.5412368766235743, -0.4933561159563437, 0.1701467296496293, 1.068711700209517, 2.9332941033831488, -0.028543097523430993
0.5411725040018752, -0.4934167878767516, 0.170092761137838, 1.0686416451483782, 2.932861973722819, -0.02853882050461651
0.5411562831696042, -0.4934256272736809, 0.1701184859000797, 1.0687711304111314, 2.9329766596885443, -0.029227691722971256
0.5411518286193311, -0.493443319802365, 0.1701629839407859, 1.068802800209537, 2.9329801587288977, -0.029987867442627606
0.5411475801686967, -0.4934002890385947, 0.17028462560452245, 1.0685259505631581, 2.9330331610797353, -0.030176290286246778
0.5411149678029671, -0.4933888127365338, 0.17032813840267724, 1.0684425079938902, 2.933138557460467, -0.030150806761870257
0.5411371620801969, -0.4934023053004745, 0.17035248982954626, 1.068410841102242, 2.9330477265396264, -0.030167057408909362
0.5411383310068943, -0.4934277041451943, 0.17035375566175937, 1.0684066793006926, 2.933033636459341, -0.03023072047221555
0.5411382266391608, -0.4934251165287534, 0.17033548768587617, 1.068327107216793, 2.933032688854179, -0.03020439874195126
0.5411421257552316, -0.49341996327027854, 0.17035426273368667, 1.068370345958008, 2.932984489852182, -0.03025271462213246
0.5411460820031397, -0.4934265244621134, 0.1703346673173989, 1.0683428917550906, 2.9330163369108053, -0.030303512570369128
0.5411509265172549, -0.49341805393459026, 0.17037375061130186, 1.0683261321477102, 2.9329692283819746, -0.030301680943056054
0.5411493452711453, -0.4934286763203011, 0.17035297021637966, 1.0683351112760289, 2.9329943799330733, -0.03031178410010436
0.5410526529349198, -0.49340848819436744, 0.17056798931593375, 1.06865806172249, 2.9335393477100014, -0.03028280976204198
0.5410660388628501, -0.49339541316089935, 0.17056717819333542, 1.0686283014636746, 2.9335098544993037, -0.030277188815014056
0.5410671224588055, -0.49339994673952364, 0.1705572325966556, 1.0685987855805827, 2.9335437316014854, -0.030174114355653033
0.5410468776259559, -0.49340468558144374, 0.17052259110094442, 1.0686600443261398, 2.9336007162641944, -0.03026225384424069
0.5410411750112911, -0.4934194158198932, 0.1705648989111936, 1.0687229470583983, 2.933497091980546, -0.03025112359062531
0.541060666921156, -0.49341125962742616, 0.17060066309237198, 1.0685902929563917, 2.9334595079833923, -0.03028104857773023
0.5410567274803785, -0.4933995233043595, 0.17059383979400736, 1.068645410465299, 2.9335036463581594, -0.030276763376650508
0.541061895347792, -0.49341068479021677, 0.17059614741998388, 1.068572661983125, 2.933524558613995, -0.030241441158636057
0.5410549876353057, -0.49340874064048446, 0.17059179222382656, 1.0685890800966051, 2.933512416586551, -0.03028204508321126
0.5410568207210019, -0.4933892318003702, 0.17056034093895106, 1.0686295015559328, 2.9335713650425492, -0.030255731519813134
0.5410477694737656, -0.4934052384146724, 0.17058843583741823, 1.068615225009878, 2.9335304200113597, -0.030291542838895392
0.5410591216117393, -0.4933998407869009, 0.17062781132742172, 1.0685332713600904, 2.9334669719754642, -0.03028543519443158
0.5410564107266574, -0.49339673477043844, 0.17059971592560808, 1.0685651490923722, 2.933501868670995, -0.03025016558804001
0.5410437549664315, -0.4934090571000616, 0.17058622337174006, 1.0686220472380858, 2.9334951564757645, -0.030245777926164886
0.5410523347499959, -0.49341607612621985, 0.17062687337069854, 1.0685960582531127, 2.9334198745493576, -0.03029398276954132
0.5410495383583822, -0.49339608855645406, 0.17055707756567914, 1.068574360814907, 2.9335826277441033, -0.030279398686741264
0.5410545210701537, -0.4933993803834413, 0.1705895913558802, 1.0685588786606035, 2.9335387062352796, -0.030296077432787588
0.5410458335259125, -0.4934130147708969, 0.1705949953250362, 1.068624015870659, 2.9334996870420835, -0.03028202479796431
0.5410635578281424, -0.49339374733340624, 0.17058326610004834, 1.0686067007719948, 2.933505434177227, -0.0302814095694899
0.5410578889230808, -0.4934016437385763, 0.17060628764709906, 1.0685611336492544, 2.933487775066586, -0.030313175112861232
0.5410480977297728, -0.49341324503755585, 0.1705562771931808, 1.0685857682492275, 2.9335601774741846, -0.030248014245906674
0.5410481890863778, -0.49340295247199883, 0.17059520449366017, 1.0685491326811085, 2.9335119864699215, -0.030268771461933304
0.5410541498363926, -0.493397781047048, 0.17060049529193014, 1.0685436979802712, 2.933553268531416, -0.03027351528024261
0.5410573181544142, -0.4934090037563448, 0.17061598660287516, 1.0685546971882036, 2.9334716781045973, -0.030281442351130686
0.5410471061924789, -0.49339051306127735, 0.17057076434504562, 1.068609688415383, 2.933573627445484, -0.03021957769681802
0.5410491207156509, -0.4934048169512163, 0.17057002239449837, 1.068555436476275, 2.9335869118638076, -0.030261261647748755
0.5410574071777977, -0.4933883320201468, 0.17060151502909315, 1.068535173588683, 2.933529043910671, -0.03026371872322988
0.5410512607203887, -0.49339845065341753, 0.17060799055499637, 1.0685633093347824, 2.933551764985958, -0.03030952897297151
0.5410522364319474, -0.49338878932591684, 0.17056335648911075, 1.0685617617490861, 2.9336028050904064, -0.030292621036413673
0.5410644165562103, -0.4933955883536469, 0.17056798931593375, 1.0685354319792555, 2.933584383552935, -0.030283355967423185
0.541064971973351, -0.49338942140195613, 0.17058400447411287, 1.0685081324931218, 2.9335675568862265, -0.030196607999166573
0.5410590231948479, -0.4933997627100004, 0.17061798780329376, 1.0685235984930401, 2.93349585836662, -0.030276896218720158
0.5410365439032762, -0.4934015758508751, 0.1705830259972798, 1.0685894474981978, 2.9335747812706643, -0.030184174744415013
0.5410545875830785, -0.49339943719045165, 0.17059975964657428, 1.0684984382413607, 2.9335353491406067, -0.03030551190705321
0.5410517818735384, -0.4934066217301143, 0.17060516366565415, 1.0685284308135614, 2.9335091340884696, -0.030291461552931453
0.5410556233116168, -0.49339747800144146, 0.17060163633381983, 1.0685388097043658, 2.9335398090535505, -0.03025978195648256
0.5410445118195792, -0.49340309009696104, 0.17057013265395987, 1.0685879366740938, 2.933565394972715, -0.03028363270681272
0.5410547535256623, -0.4933968862055405, 0.1706004808148041, 1.068507497591161, 2.9335638187266375, -0.030255794086888468
0.5410578920817236, -0.49340163433378187, 0.17059621172559944, 1.06848100655554, 2.933542319531266, -0.030305547596316807
0.5410645017312717, -0.49340208119491874, 0.17061903335452683, 1.068469722684559, 2.933512921615196, -0.030259063008462653
0.541055490542469, -0.49340649234789374, 0.1706202843708232, 1.0685148463779905, 2.9334716598175348, -0.03026769973956012
0.5410461576789698, -0.4934002400780562, 0.17058160132465386, 1.068549410813058, 2.9335714255524796, -0.03022891667951725
0.5410609633833182, -0.4933984189101953, 0.17062106634014473, 1.0685073767571822, 2.9335084420036233, -0.030236240621934956
0.5410539107326321, -0.49339635992683134, 0.1705655281730664, 1.0685370105130148, 2.9335911403426826, -0.030242963258477137
0.5410719699745713, -0.49338899039146356, 0.1705984619933647, 1.0684725207695531, 2.9335177887848225, -0.030295083445879716
0.5410620829036612, -0.49340049209620745, 0.1705917631377069, 1.0684991442067167, 2.9335397550637885, -0.030246241659164647
0.5410592255075878, -0.49340119483766104, 0.17060938056282554, 1.0685109789340344, 2.9335158423569685, -0.030290969496215583
0.5410350310048756, -0.49340583622824896, 0.1705820707936054, 1.0685653462269018, 2.9335586911491456, -0.030270085323891444
0.5410488717379907, -0.49340333604582215, 0.1706004808148041, 1.0685074009993187, 2.9335640972817987, -0.030256158153380733
0.5410433605501161, -0.4934074609131375, 0.170565499111721, 1.0685347145410862, 2.9335866741985197, -0.030207336825374503
0.5410538868688195, -0.4934170513269461, 0.17063330529639334, 1.0685331280127002, 2.9334674691270446, -0.030285906502860404
0.5410567195886716, -0.49339432068621253, 0.170598485125379, 1.0684966427526952, 2.933534376907568, -0.03021001804493254
0.5410626470878327, -0.49340475062579014, 0.17060895485966523, 1.068551056459608, 2.9335167461070633, -0.03030423496597129
0.5410597975859961, -0.4934002669338521, 0.17059924394397288, 1.0684825556899304, 2.933548802321883, -0.03026453398792687
0.541053422982644, -0.4933973261616528, 0.17059738771397917, 1.068522400083152, 2.9335488091579447, -0.030278186626635704
0.5410628459800417, -0.49338933844375843, 0.1706211617027189, 1.0685212077819064, 2.9334906972357224, -0.030240161850762004
0.5410711334105026, -0.49339486391223886, 0.17060699089458684, 1.0684863266685847, 2.9335036782019257, -0.030240730674529728
0.5410406554912879, -0.4934216236058569, 0.1706211245106835, 1.0685301399819964, 2.933512336350639, -0.03030985879679194
0.541037354654284, -0.4934073379769961, 0.17058944137846033, 1.0685164312703912, 2.933589190395594, -0.030266004615960632
0.5410537816759119, -0.4933988999668702, 0.17060838130613515, 1.0685647042710686, 2.9334983380032997, -0.030308977421480882
0.5410520590985171, -0.49340417455119295, 0.17059381070786225, 1.0685027684004065, 2.933551036022671, -0.030242233509325714
0.5410695125191217, -0.49339899840730755, 0.17059842727691832, 1.0685123713279716, 2.9335180281947384, -0.03030905381263887
0.5410633677415331, -0.49339356134126566, 0.17060706946214693, 1.0684835184567318, 2.933550566662107, -0.03028226568928082
0.5410446595848484, -0.49339925883672614, 0.17057755503774114, 1.0685318889245154, 2.9335774552169234, -0.030229402695374913
0.5410460298813345, -0.49340405477935584, 0.17058612483811664, 1.0685526008993533, 2.9335784413602837, -0.03028356660434318
0.5410487737254803, -0.49341237409674277, 0.17061917500007157, 1.068553595692255, 2.933469410636037, -0.030263519978642888
0.5410634773642972, -0.4934001067375293, 0.1706046335466594, 1.0684413773192225, 2.9335458736989817, -0.030232763798574046
0.5410479676378903, -0.4934118367264971, 0.1706277967190936, 1.0685146617217782, 2.933471449877925, -0.030268080912060808
0.541056743301108, -0.49340992933266525, 0.17062573222797345, 1.0684607801162527, 2.9334851216633666, -0.030308813213050657
0.5410676998248249, -0.493396514678339, 0.17058121849556757, 1.0684803332737147, 2.9335399579045016, -0.03028705644105369
0.5410568410942894, -0.49339962916192054, 0.17058215679001823, 1.0685576963505874, 2.933535759981916, -0.03027814212246226
0.5410606034022093, -0.4934008040975646, 0.17059062221556792, 1.0685214902966265, 2.933546763600315, -0.030259974209231866
0.541048719968521, -0.49339156550091434, 0.17060665542565479, 1.068541505117874, 2.9335487693708098, -0.030236954740682758
0.5410447294056501, -0.49341096944154533, 0.17060279186537614, 1.0685524820540635, 2.9335228322631024, -0.030264679709282497
0.5410654828968315, -0.493402776876986, 0.17060811470387696, 1.0684312459071343, 2.9335153603232142, -0.03026390592909973
0.5410355129501102, -0.49340874717896005, 0.17058657970151075, 1.0685499458235874, 2.933569691743971, -0.030306649904094304
0.5410394973604169, -0.49339975321818763, 0.17059070696819292, 1.0685276524467011, 2.933562942739912, -0.030292546900890772
0.541055936516788, -0.4933990136942838, 0.17058095505052784, 1.068509088075237, 2.9335666856240503, -0.030274161392540768
0.5410772416601819, -0.4933950409904534, 0.17061576040119195, 1.0684392668377227, 2.933535348126293, -0.030331422161679278
0.5410451369400432, -0.49340863357608866, 0.1706113844752062, 1.0685639567188445, 2.9335003569666225, -0.03023234111574036
0.5410473020000243, -0.49339195382875334, 0.17056215741655312, 1.068527117614483, 2.933619605281178, -0.030234555609212406
0.5410502082687917, -0.49340288712082436, 0.17060357381935698, 1.0685275546264024, 2.93356606554111, -0.03023322040320307
0.5410321072516997, -0.493414637436395, 0.17059059687186748, 1.068618482638513, 2.9335391743931165, -0.030269636868296163
0.5410503316627856, -0.49339263986880133, 0.17058941229198957, 1.0685316193897465, 2.933577264570921, -0.030228746835996936
0.5410507541578589, -0.49340465652487897, 0.17060083986907568, 1.0685625921164374, 2.933494084365286, -0.03027297402700758
0.5410718761635765, -0.49339531103137685, 0.1706321206428614, 1.0684469661998561, 2.9335053068688106, -0.030245024069953545
0.5410610427094913, -0.4933881004298539, 0.17060907339944734, 1.068483828151836, 2.933554145787063, -0.030223457172902996
0.5410377269929558, -0.493417057397962, 0.17062314280161328, 1.0685842696142527, 2.933498823976298, -0.030268587453472637
0.5410423269090661, -0.49340938548753743, 0.17060715041513666, 1.0685663130284575, 2.9335053074464796, -0.030268828358304887
0.5410434764891173, -0.49340753231020973, 0.17059734417653505, 1.0686241711809654, 2.9335028274796175, -0.03022338414270059
0.5410495926478834, -0.49340253601527156, 0.17058839211585558, 1.0685592897445362, 2.9335424657017737, -0.030237470447112606
0.5410492548856632, -0.4934061813346128, 0.17060477304648766, 1.0684921540835628, 2.9335755371968926, -0.03029255399329979
0.5410562997865626, -0.49340702029804523, 0.17060158665746009, 1.068491274719998, 2.9335176232405495, -0.030255328274740336
0.5410467986499197, -0.49341369413450215, 0.1706160503135427, 1.0685697932575002, 2.9334573307711627, -0.030304002858149087
0.5410550971427901, -0.49339449576936467, 0.1705992962481671, 1.0685089752310015, 2.9335698543419415, -0.030215090587625202
0.5410447739615883, -0.49340063989484484, 0.17060035949803787, 1.0685565308808334, 2.933533988945729, -0.030259910731619287
0.5410728880853508, -0.4933856741728245, 0.17058753183430697, 1.068480336695272, 2.933542890562179, -0.030227922983577193
0.5410469359973166, -0.4934007114044614, 0.17060677682503583, 1.0685625876850504, 2.9335530583345997, -0.030232836214549898
0.5410651054211069, -0.49340118635336777, 0.17061901890368125, 1.0685387223274254, 2.9334844233472412, -0.030240247697890164
0.5410495258585667, -0.4933921027131416, 0.17059803386459454, 1.0685277518132137, 2.9335662872436936, -0.03023294228567135
0.5410516530265105, -0.49339489088903266, 0.17062106936451532, 1.068502385470971, 2.9334918568572377, -0.03028135884590297
0.5410415211490364, -0.49340492442664835, 0.1705916942570624, 1.0685745004054994, 2.933531255252604, -0.030201279377308394
0.5410569235163518, -0.4934009642220847, 0.1705852327362225, 1.0684925335135835, 2.933575723729391, -0.03029247392930021
0.5410333555028661, -0.4934047072772225, 0.17058953682700603, 1.0685828547390817, 2.933552166159198, -0.030269745791740008
0.5410465347136666, -0.49339536520400423, 0.17060497834793267, 1.0685034078354694, 2.9335492668017986, -0.030319030448228975
0.5410641580425309, -0.49340447158327033, 0.17062021802132948, 1.0684858668030675, 2.933500344691815, -0.030299582034994367
0.5410546575009345, -0.49340719931014854, 0.1705808449696435, 1.068529190778569, 2.933568948077914, -0.03025178884043591
0.54104831355802, -0.4934107216022777, 0.17058828213065425, 1.0685267042439235, 2.933564284440177, -0.030215644786359186
0.5410450940216802, -0.4934125342565599, 0.17061378536065128, 1.0685070208246763, 2.9335049113660085, -0.03029620352979131
0.5410504770916521, -0.49339275424139, 0.17056777798201503, 1.068469297776922, 2.933625243912902, -0.030221219590536506
0.5410730703709254, -0.493383128456654, 0.1706198817760926, 1.068421292150962, 2.9335464919186833, -0.030195721192415478
0.541067730242432, -0.4933821876534711, 0.17060045175469585, 1.0684876179222176, 2.933564909573113, -0.030218899361014715
0.5410537267719204, -0.4934104899905481, 0.17061367284261608, 1.0685132571329838, 2.9335210196976513, -0.030327546930044615
0.5410573110826723, -0.4934102422162378, 0.1705991629076154, 1.0686101255793534, 2.9335169469426456, -0.030277239245156285
0.5410464160499971, -0.4933900471162231, 0.1706112306015104, 1.0685199413295963, 2.933543886430845, -0.03024163816065663
0.5410698530809914, -0.49338621647257386, 0.17060705498517084, 1.0685700620356617, 2.9335153132210756, -0.030262905699719376
0.5410481295922077, -0.49340285330445494, 0.17061887963630304, 1.0685485986459957, 2.9335115922055053, -0.03026835373528827
0.5410492789233754, -0.4934114011256102, 0.17060933702620398, 1.0685075482980773, 2.9335089114777237, -0.030237262040098335
0.5410444180384494, -0.4933990564109037, 0.1705792903763567, 1.0685218534564322, 2.9336064282411165, -0.03022057524109695
0.5410574691101543, -0.4934000056930834, 0.17057544090311766, 1.068481564603915, 2.9336016792676567, -0.03026584096592785
0.5410519558964416, -0.4933976763071415, 0.17058395604498433, 1.0685628650750303, 2.9335501324452333, -0.030291693563137347
0.5410551608071916, -0.49340495128054485, 0.17060933702620398, 1.0685076449361017, 2.933508633062433, -0.030236897010066044
0.5410608220622267, -0.4934022414628933, 0.17061364370528068, 1.0684934547733302, 2.933522324827863, -0.03029101458632385
0.5410768389508837, -0.4933818116749528, 0.17059925842106508, 1.0684661832469138, 2.933557037481841, -0.0302817106611677
0.5410542910623356, -0.49340435949682615, 0.17060818146951395, 1.0684412660881661, 2.9335456574758387, -0.030233274340820904
0.5410519161565694, -0.4934040376313663, 0.17059576277954375, 1.06851020068746, 2.9335730291616438, -0.03023339215682816
0.5410678811828947, -0.49338752717045875, 0.1705938544290528, 1.0684712384382233, 2.933570728945953, -0.030296123981094013
0.5410666154858201, -0.493394465450974, 0.17061056787810727, 1.0685234827038637, 2.9334951887741796, -0.03027686367274728
0.5410421671386035, -0.49340924300958466, 0.1705774740927735, 1.068571715729306, 2.9335781990237653, -0.030243200308786116
0.5410685288923555, -0.4933983006213618, 0.17060895485966523, 1.0684459521013825, 2.933555516385312, -0.030304964181502202
0.541048532255296, -0.49341215902044855, 0.1706113035191333, 1.0685688019861463, 2.9335138138932, -0.030245957761322533
0.541049545334561, -0.4934024868237985, 0.17061024338216121, 1.0685162546257057, 2.933533095100318, -0.030246257102362416
0.5410482680380535, -0.4934042308801331, 0.17060049529193014, 1.0685261550371552, 2.933560023140518, -0.030274060402965455
0.5410386321044064, -0.493405594023467, 0.17059918937059565, 1.0685590450425864, 2.933542769652549, -0.030237656732194265
0.5410373301192833, -0.49340605375016333, 0.17058653608549448, 1.0685639818382042, 2.933555791949684, -0.030252032256216206
0.541038288418352, -0.4934079844430174, 0.1706003739752244, 1.0685926344836765, 2.9335237167046904, -0.030277995909405206
0.5410533896472425, -0.4934037346107778, 0.17059690383425585, 1.0685229332747197, 2.9335530289276806, -0.030219476540786692
0.5410490582823095, -0.4934151412179072, 0.17061364370528068, 1.068563569552279, 2.9334967843634288, -0.03029101277100453
0.5410580104526556, -0.4933990339877635, 0.17061878429869876, 1.0684997190926822, 2.933541861351492, -0.03026406875244854
0.5410503956566921, -0.49339269451705925, 0.17059918937059565, 1.068523996585326, 2.933555293993826, -0.030237294432602656
0.5410378101850551, -0.49342357237208995, 0.17062105175783587, 1.0685419617241971, 2.9334936680988, -0.03021907376495345
0.5410576747985497, -0.49339623803456356, 0.1705926407379352, 1.0684878660636725, 2.9335658245821525, -0.03021961479713254
0.5410640382300024, -0.4934031125787535, 0.17060701995426944, 1.068435995633303, 2.9335284048858554, -0.030277993276179423
0.5410570632280646, -0.49339193026362677, 0.17059730061158168, 1.0685331873555133, 2.933527396364719, -0.030168950325417013
0.5410548173857583, -0.49339694076554813, 0.17061025799083487, 1.0685349421448045, 2.9335288316587977, -0.030263977135316505
0.5410453220978644, -0.49341005996074894, 0.17057114878842147, 1.0685494819823667, 2.9335711745498436, -0.030229624197843655
0.5410522716399332, -0.4934056208252787, 0.17061683223411828, 1.068492190414694, 2.933520146666417, -0.03027327427390896
0.5410571468017983, -0.4933907600534584, 0.1706244227854276, 1.0684906636067195, 2.933513635503891, -0.03031320823894637
0.5410800472572241, -0.49338393254146795, 0.17058627802625648, 1.0684738396627291, 2.9335789993093244, -0.030273184381178327
0.54105322367584, -0.4934062855956903, 0.1705961826134484, 1.0684611856223927, 2.9335441167370506, -0.030269742878618337
0.5410380938152654, -0.493419897517682, 0.17059580650060466, 1.068619506715246, 2.9335416690499767, -0.030287651236439603
0.5410550041966004, -0.4933983449114151, 0.17062315727834135, 1.0684619960209265, 2.933546359421307, -0.030286850244982632
0.5410472219855563, -0.4933905843585313, 0.17060260907334313, 1.0685414297922156, 2.93354832322727, -0.030237259809045847
0.5410585763066166, -0.4933864620100401, 0.17060365476038858, 1.0684525937654, 2.9335781477977823, -0.03021960561123864
0.5410534421819381, -0.4934077228735082, 0.17061920408529574, 1.0685383506262365, 2.93348062921807, -0.030299688698873457
0.5410441805070879, -0.49340027417765264, 0.17059751492125108, 1.0684824160113089, 2.933548142471325, -0.03026547090779277
0.5410528799501813, -0.49340865267229694, 0.17065050270674922, 1.0684363082000434, 2.933471773682952, -0.030335670748058246
0.5410624662782678, -0.49339293645469817, 0.17059579186560256, 1.0684599825377168, 2.9335969860063598, -0.030269562443926774
0.5410528813774186, -0.49340471704277866, 0.1706168176255962, 1.068508666164046, 2.933511115302057, -0.030254825151651236
0.5410501490345255, -0.49340159198908545, 0.1706102289310566, 1.0684975004517443, 2.9335371690052527, -0.030228355312714863
0.5410532250698753, -0.4934023266412796, 0.17061563303551908, 1.068492522333203, 2.933523691280323, -0.030214305580879407
0.541052319129385, -0.49340567013290365, 0.17059498084784755, 1.0684476443108348, 2.933562025217263, -0.03026539758870764
0.541061833123704, -0.4933990106760008, 0.1706222219093732, 1.0684511085086317, 2.9335169399343974, -0.030241139634202188
0.5410533439218912, -0.49339724381864786, 0.17060911693626815, 1.0685398305184368, 2.9335422910819196, -0.03027771042800296
0.5410530397725382, -0.49339449355415593, 0.1706027021858482, 1.0684951344269438, 2.933528350140368, -0.030250706235363845
0.5410654698432257, -0.49340275100767306, 0.17063001255574328, 1.0684758151968714, 2.9334729776262187, -0.030271952927185444
0.5410564107266574, -0.49339673477043844, 0.17059971592560808, 1.0684950154437287, 2.93352790143946, -0.030250895147582862
0.5410483912009284, -0.49338358267584587, 0.17058607038440615, 1.0685415468316384, 2.93360393277079, -0.03025614720831621
0.5410601300367707, -0.49340181027343266, 0.17061058235500193, 1.0684720070158211, 2.9335174254412943, -0.030295860529644968
0.5410516090713738, -0.4933908958840747, 0.1705991603364279, 1.0685217189273784, 2.933550336351552, -0.030200943258445644
0.5410484963544938, -0.49340569333011774, 0.170591543404671, 1.0685663887852839, 2.933560913778956, -0.030287599476704025
0.5410390942330241, -0.4934085216333131, 0.17059175237781563, 1.0685089213852283, 2.933567203760732, -0.030274709762053886
0.5410584805490567, -0.4933967751549101, 0.1705840190570925, 1.068509354638753, 2.933570261601854, -0.030215236223115907
0.5410473807566653, -0.49341403423437546, 0.170567974680472, 1.0685517936286435, 2.9335761231725805, -0.030265995890041687
0.5410629530744577, -0.49339065980308205, 0.17064579031067148, 1.0684656927568437, 2.933501706711124, -0.03026255929980063
0.5410367238053723, -0.4934151016540125, 0.17058723660985342, 1.0685286598414756, 2.9335667169157853, -0.03023421540386069
0.5410589060960149, -0.49339840405311697, 0.17061486563389353, 1.0685011558086615, 2.933488908281133, -0.030263302359050708
0.541049545334561, -0.4934024868237985, 0.17061024338216121, 1.0684811874925124, 2.933546111081971, -0.03024662165008459
0.5410587628139102, -0.4934086680643183, 0.17061708136514578, 1.0684798143783358, 2.9334846666917547, -0.03026808565343148
0.5410518475312317, -0.4933975502242568, 0.17057634773736693, 1.0685252519193533, 2.933613150228982, -0.030275019048429004
0.5410410178030693, -0.4934110963474128, 0.17058728033149698, 1.0685489238600032, 2.933567661995852, -0.030288280628453935
0.5410435996209866, -0.49340888204018235, 0.17060046620596467, 1.0684887133628729, 2.9335683600835245, -0.03023843743484493
0.5410458335259125, -0.4934130147708969, 0.1705949953250362, 1.068518815500517, 2.9335387383656943, -0.030283118118449574
0.5410551883910628, -0.4933946161070247, 0.17057527623762156, 1.0685621779457215, 2.9335511957761935, -0.03021479547786863
0.5410694381277756, -0.49338333807411505, 0.1705926407379352, 1.0685055059446487, 2.933558792491217, -0.03021870529043081
0.5410506139565033, -0.4934149111302128, 0.17059297951222474, 1.0684963649234538, 2.933531305485496, -0.030269761349330015
0.5410664617724207, -0.49339952463303904, 0.17061703790688662, 1.0685290103164309, 2.9334574735515, -0.03021273739353507
0.5410544493126541, -0.49339413589866726, 0.17059406611117048, 1.068497868593994, 2.93353686111265, -0.030228425788325065
0.5410380861328729, -0.49341469491400236, 0.17060045175469585, 1.0685234262911343, 2.9335528404326263, -0.03022035784787964
0.5410511893189316, -0.4934035827445148, 0.17059265518932015, 1.0685241444741118, 2.9335554888164252, -0.03023769811208385
0.5410503983496845, -0.4934030731173854, 0.17057977045790979, 1.0684930224835896, 2.933579475480135, -0.030234002817277617
0.5410562950144661, -0.49340307020614027, 0.1706210373328349, 1.0684701090804922, 2.9335167135690376, -0.030200618484142933
0.5410519796624434, -0.49341449317745095, 0.17060580355393296, 1.0685264915676254, 2.933505267272417, -0.03025501592248986
0.541053422982644, -0.4933973261616528, 0.17059738771397917, 1.0685049537156728, 2.9335552849730586, -0.030278367837670548
0.541051461544471, -0.4933947272743701, 0.17059173790049173, 1.0685252533759277, 2.933557769080605, -0.030255717224228495
0.5410580168934531, -0.4933874282229253, 0.17060150042021968, 1.068498961955482, 2.9335395694190374, -0.030245817262491728
0.5410599722577604, -0.4933900359906256, 0.17060715041513666, 1.0684961201412755, 2.933530634091502, -0.03026846726928153
0.5410412076672207, -0.49340090582152984, 0.17058328715540266, 1.06858012811448, 2.9335429940099607, -0.030292332675385458
0.5410543246632674, -0.493408340317505, 0.1705984619933647, 1.0685076468983858, 2.9335054795335114, -0.03029580999214281
0.5410489532361465, -0.49341380968672094, 0.1705789391645306, 1.0685391325515297, 2.933540253079618, -0.03026098517363849
0.5410604233030184, -0.49339936814641916, 0.17063085808894274, 1.0685185079029709, 2.933482397069337, -0.030262689129034803
0.541052643118413, -0.49339289542786013, 0.17058158687301755, 1.0684431711100268, 2.933607727795733, -0.030211558830641666
0.5410546805961629, -0.4933955988500965, 0.17059518988470207, 1.0685128432253093, 2.9335222982978078, -0.030250507407908883
0.5410447296761689, -0.49340056851555586, 0.1706025283139936, 1.0684936751445517, 2.933581575464496, -0.030251966483726248
0.541049545334561, -0.4934024868237985, 0.17061024338216121, 1.068586388419396, 2.933507061887291, -0.03024552799413993
0.5410706040560547, -0.4933814901371616, 0.17061446306619218, 1.0685303271245563, 2.9335184324152763, -0.030190411150528024
0.5410636520208232, -0.49338987574164395, 0.17061254003189608, 1.0684198747292544, 2.933540721337481, -0.030237061965141324
0.5410538305151179, -0.49339499032241185, 0.17060598026226906, 1.0685162547842264, 2.9335328746949987, -0.030246030808236523
0.5410593503473959, -0.4933973669589425, 0.1705851745631215, 1.0685055993846648, 2.933559268405594, -0.03021958854147995
0.54104829241887, -0.49339904973456156, 0.17060479569677572, 1.0685178099045212, 2.933539123878122, -0.030205690312226738
0.5410663738578978, -0.49338384935649354, 0.1706024329341926, 1.0684448127892847, 2.9336113513408675, -0.030246955041600635
0.5410665639446637, -0.4933840353459114, 0.1705786295736675, 1.0684627949448362, 2.9336052699030857, -0.030247192662687737
0.5410575102910279, -0.49339483012408436, 0.17061136989267545, 1.068510143300418, 2.9335169308357325, -0.030213895627494075
0.5410526627984023, -0.4934032797164305, 0.17059379625650406, 1.0685192559654704, 2.9335420290846277, -0.030223965378332076
0.5410469188412794, -0.4934111067649807, 0.17057541181636648, 1.0685668505007975, 2.9335647053189455, -0.03022930681754818
0.5410589464187449, -0.49342046020302843, 0.17061056169679664, 1.0685686858516399, 2.933454843582391, -0.030285843289947788
0.5410533912127776, -0.49339729299443547, 0.17058726569629998, 1.0685127306943627, 2.93357769491876, -0.030269652534235476
0.5410418489375958, -0.4934064296700922, 0.1706360938336443, 1.0685034215859357, 2.933497975304666, -0.030241124056280336
0.5410621785830221, -0.49339017882763975, 0.17061139892628413, 1.0684598303751476, 2.933541165763004, -0.03025042970355593
0.5410564734245226, -0.49338768560994484, 0.1705905823945168, 1.0685641724976358, 2.9335554672786324, -0.030250637441825833
0.5410510187908608, -0.4934021837804202, 0.1706113844752062, 1.068493745202039, 2.933526175821985, -0.030232707747234445
0.5410401870663939, -0.4934053507691508, 0.1705689189985311, 1.068552147972697, 2.933579703477352, -0.030207302533440943
0.5410473390128867, -0.49340234393434995, 0.17060599487104003, 1.0685174773169113, 2.9335355794301057, -0.03026465942497911
0.5410445139189903, -0.49339914430535997, 0.17059918937059565, 1.0685765880193399, 2.933536015234721, -0.03023711146973588
0.5410702604614794, -0.49338388055960936, 0.17061564761795245, 1.0684937826909566, 2.93352541211497, -0.030231478656411546
0.54105940919404, -0.4934129995584051, 0.17061246778903336, 1.0684519655853493, 2.933516113775706, -0.03031874125747654
0.5410538837282323, -0.49339629440201305, 0.17059932530832908, 1.0685286991692806, 2.933568336287186, -0.030251260876238337
0.541033308203307, -0.4934231899121808, 0.17059265518932015, 1.0685774180766552, 2.9335364516548985, -0.03023824879919278
0.5410571028125116, -0.4933971659997569, 0.17060277725659082, 1.068498842813977, 2.9335393411219357, -0.03024623246206616
0.5410414429899959, -0.49342088044128773, 0.17061920408529574, 1.0685915451236498, 2.9334613783534755, -0.03029987772154338
0.5410328139021392, -0.49342024079402574, 0.17060043717197226, 1.0685572522008961, 2.933537610853771, -0.03020209200851736
0.5410421839718873, -0.49340924856832197, 0.17060910245927946, 1.0685386786607471, 2.9335403173810035, -0.030260351985008812
0.5410547535256623, -0.4933968862055405, 0.1706004808148041, 1.0685425649105462, 2.9335508023625154, -0.030255430016087523
0.5410459506334078, -0.49341437345700906, 0.17059811752498488, 1.068541257864127, 2.933545688618853, -0.030296712258548526
0.5410365559651984, -0.4934240942640532, 0.17059615355327037, 1.0685648680395616, 2.933500566021157, -0.03023339591468407
0.5410355800295681, -0.49341820968761263, 0.1706122391944843, 1.0685628587518812, 2.9335497621989717, -0.03029240269861299
0.5410554103245888, -0.49339603144744054, 0.17057861496444762, 1.0684966997532872, 2.9335902550963695, -0.03022928834185348
0.5410342450254233, -0.49340528239206727, 0.1706026381594456, 1.0685260678122614, 2.9335603136218613, -0.03027452029352092
0.5410556048199076, -0.4933961975471313, 0.17060833758558394, 1.068508594094973, 2.9335104484277275, -0.03025490895090989
0.5410574071777977, -0.4933883320201468, 0.17060151502909315, 1.0685177273207802, 2.9335355197498614, -0.030263900065805222
0.5410522551173499, -0.49340561547174844, 0.1705852036236855, 1.0685779148918475, 2.933538471387519, -0.030255575668273225
0.5410422312613404, -0.493409297745103, 0.1705872512189345, 1.0685817137505247, 2.933549687648811, -0.030251565444279517
0.5410587466583158, -0.4933982618009923, 0.17058518901461703, 1.0685592462598161, 2.93354224279951, -0.03023712842878882
0.541054851891311, -0.4934073653441233, 0.17061056787810727, 1.0684709513656427, 2.933515173312023, -0.030278138998653253
0.5410482087688447, -0.4934029357253695, 0.17060715041513666, 1.0684610344362726, 2.9335441425219373, -0.03026955959613067
0.5410589278110609, -0.4933996751452599, 0.17059808841291796, 1.0685213779472613, 2.9335467795177537, -0.03025981747893781
0.5410464053205841, -0.49340169753184343, 0.1705950622112912, 1.0684937874980283, 2.9335815595496446, -0.030252123212069097
0.5410637706905788, -0.4933951937908905, 0.17060628764709906, 1.0685259892138146, 2.933500577859612, -0.030313176929026613
0.5410438411841105, -0.49340909717772924, 0.17060833758558394, 1.0685612625757788, 2.9334913836682532, -0.03025508872347432
0.5410528450703725, -0.4933943273180547, 0.17057297971596042, 1.068518307343205, 2.9335951407769905, -0.03022472109060469
0.541049805353369, -0.4934039823976036, 0.1706114135349307, 1.0684960234825376, 2.93353113329778, -0.030269058442917534
0.541063802700591, -0.4933808904440786, 0.17058160132465386, 1.0684793909153485, 2.933596687313198, -0.030228554816618552
0.5410505321396035, -0.49340443725069194, 0.170614521133388, 1.0684822541863526, 2.9335486089137284, -0.030264751034723345
0.5410666642191485, -0.49338015486357734, 0.1706079032977669, 1.0684863611297695, 2.933562434404643, -0.03020047658724135
0.5410609651881004, -0.4933919774731243, 0.1706114280118658, 1.0684971754628219, 2.933533106773558, -0.030286415897411496
0.541042558361858, -0.4934004601979875, 0.17061761713540458, 1.0685148622252871, 2.9335275169411243, -0.030286750981158433
0.5410537727971156, -0.4934065799018858, 0.17060119601328946, 1.0685251329466199, 2.9335579933097184, -0.03025569123339501
0.5410688983304692, -0.4933946884555238, 0.17060269600365552, 1.0684702423244845, 2.9335130528695457, -0.03025895961383873
0.5410684024280507, -0.49338529727686203, 0.170590763995985, 1.0684651337947475, 2.9335543322905675, -0.03026443512332667
0.5410672908964763, -0.4933948912150685, 0.1705820004756189, 1.068525454372712, 2.933557462446256, -0.03025541482706916
0.5410566750671155, -0.4934046629445765, 0.17061052423597428, 1.0685025943449655, 2.9334947091270833, -0.030223157742275433
0.5410509152018393, -0.49340728248311805, 0.1706188134100623, 1.0684493869014244, 2.9335665889301565, -0.030301329884304205
0.5410570831396314, -0.49338678181235773, 0.1705905677854505, 1.0685630282177048, 2.9335529764874666, -0.03023237121315633
0.541059304698673, -0.49339087626721084, 0.17059738771397917, 1.068522496616108, 2.9335485304468554, -0.030277822389278425
0.5410582673904627, -0.49339927701417774, 0.17060514918863623, 1.0684923271115456, 2.933519405665497, -0.030273376597061044
0.541048695460917, -0.4933902813125182, 0.17060375014107604, 1.068448785696378, 2.933567435429329, -0.030224438546591372
0.5410553632516675, -0.4933959824153005, 0.17060046620596467, 1.0685414204743362, 2.9335483114324847, -0.030237163931600385
0.541040258807695, -0.4934106327060712, 0.17059412428393575, 1.0685374729585433, 2.933534251754331, -0.03030149035252922
0.54106114112948, -0.49339857950713967, 0.17061916054917153, 1.0684122143722241, 2.933518515432062, -0.03024616797356883
0.541053268821832, -0.4933959204762675, 0.1706372784743074, 1.068484517763828, 2.933497922371768, -0.030281279626083638
0.5410482680380535, -0.4934042308801331, 0.17060049529193014, 1.0685261550371552, 2.933560023140518, -0.030274060402965455
0.541053422982644, -0.4933973261616528, 0.17059738771397917, 1.0685049537156728, 2.9335552849730586, -0.030278367837670548
0.5410478432871276, -0.4934001083566469, 0.1705712761929712, 1.068562030162194, 2.933550523421816, -0.03021563677647439
0.5410510187908608, -0.4934021837804202, 0.1706113844752062, 1.0685113659176992, 2.9335196354801814, -0.030232524432028715
0.541063028702195, -0.49338038650570076, 0.17060034488913742, 1.0684677464068233, 2.9335633000528185, -0.030241465288185526
0.5410439041821943, -0.4934000480883185, 0.1705992039795232, 1.0685602861478942, 2.9335449822171404, -0.030255558682764784
0.5410505155241158, -0.4934044318358715, 0.17058289262427587, 1.0685329115534965, 2.933579950590939, -0.030247416225033658
0.5410625893287304, -0.4933826891051023, 0.17058163041135804, 1.0684991145659553, 2.9335951690873756, -0.03026472554982535
0.5410579571046006, -0.4933977298191881, 0.17062543931903884, 1.0684696539976906, 2.933512940088436, -0.030259022439414564
0.5410647240257995, -0.4933814986859346, 0.1706048247306859, 1.0684324475735982, 2.9335758826316978, -0.030241861802649213
0.541056213322954, -0.49338619001122175, 0.17058941229198957, 1.0684966483476699, 2.933590002252005, -0.030228746836005918
0.5410529607404266, -0.49339439853400063, 0.1706048247306859, 1.0685200100184664, 2.933543867955517, -0.030241678727903558
0.5410512014724076, -0.4933932316803063, 0.1705905677854505, 1.0685629315700846, 2.933553254879073, -0.0302327351165458
0.5410452237775779, -0.4934139185456487, 0.17059500996005458, 1.0684848930692206, 2.9335542457262274, -0.030301748393350935
0.5410479487500526, -0.49340144015163856, 0.17060598026226906, 1.0685163326322749, 2.9335330884210826, -0.03024639354615071
0.5410651690396766, -0.49340124075395225, 0.17062879627370797, 1.0684609662913225, 2.93348848477498, -0.03024952590398677
0.5410461576789698, -0.4934002400780562, 0.17058160132465386, 1.0685670318036482, 2.933564884886449, -0.030228733939305922
0.5410545948526091, -0.4934071222460829, 0.1706242030308603, 1.0685659230910902, 2.9335051202975726, -0.030267919682204252
0.5410590073591935, -0.4933997345081875, 0.17063949441425094, 1.0684981649720473, 2.933480450767459, -0.030285333547622233
0.5410556078863042, -0.493397450070194, 0.17062314280161328, 1.068478308944011, 2.933537417630799, -0.03026858382444665
0.5410438083023446, -0.49339996019432314, 0.17057930498562132, 1.0685406187685509, 2.9336023791491614, -0.03023865899031906
0.5410501535483795, -0.49340554190930414, 0.17059077847326898, 1.0684661518862666, 2.933557569841165, -0.03028361178563784
0.541049327909061, -0.49339460767874294, 0.17057758412462928, 1.0685166416680103, 2.933588674934854, -0.030265573270077555
0.541065189357607, -0.4933948177236999, 0.17058757537205937, 1.0684838256516294, 2.933550527513166, -0.03028272186441886
0.5410547002783332, -0.49339558210319984, 0.1706071358063926, 1.0684774325577227, 2.9335348973941495, -0.030250747623240495
0.5410427386919124, -0.4934204168166481, 0.17062225096860228, 1.0685942390601808, 2.9334703520729897, -0.030277130376748947
0.5410516090713738, -0.4933908958840747, 0.1705991603364279, 1.0684515838571111, 2.9335763673892457, -0.030201671680918973
0.541048472933697, -0.49341086381987265, 0.17061795874387078, 1.0684862345196307, 2.9335044098070853, -0.030241639502722628
0.5410439234811104, -0.4934104321788066, 0.1706114135349307, 1.0685311682846221, 2.933518330865311, -0.03026905662842252
0.5410547215678205, -0.493407254007575, 0.17059062221556792, 1.068556635286072, 2.933533960863048, -0.0302599723969107
0.5410540905517376, -0.493396485893043, 0.17060715041513666, 1.0684961980455054, 2.9335308479756903, -0.03026883017278871
0.5410328532029274, -0.49342547650956553, 0.1706059139306181, 1.068628108630279, 2.9335105059946858, -0.03027828159490795
0.5410508014075872, -0.4933943046483844, 0.17057872514047984, 1.0685642676223475, 2.9335557228307634, -0.03025129528540231
0.5410500851743949, -0.49340153742791143, 0.17060045175469585, 1.0685401906503262, 2.933546123361528, -0.030219442904480913
0.5410495847567257, -0.49340772249112835, 0.17061572029168254, 1.0685344238057064, 2.933525546376301, -0.0303229932974979
0.541037694967945, -0.49340761871857947, 0.1705975293985013, 1.0685886536350988, 2.9335118375342204, -0.0302828270050633
0.5410303551514046, -0.4934238047866823, 0.17059037327616483, 1.0685872063323905, 2.933563395961758, -0.03026589469239925
0.5410694499002353, -0.4933729870022484, 0.17059055333395706, 1.0685268467421674, 2.933563034798726, -0.03021392372239431
0.5410536039694854, -0.49339873939620527, 0.17061028710258616, 1.0685372199624503, 2.9335337883159274, -0.030300328292128392
0.5410552841059628, -0.49339590001600103, 0.17061219547418893, 1.068488541813594, 2.933567890579739, -0.030237417848195523
0.5410540738905045, -0.49339649314431333, 0.17058512867126838, 1.068521615079642, 2.9335467592118305, -0.030260232275198678
0.5410453836985881, -0.4933997361120233, 0.17060034488913742, 1.0684852519104062, 2.933557530436593, -0.03024237338370117
0.5410607464119008, -0.4933905400449556, 0.17058840672490966, 1.0684903182843262, 2.933570497079319, -0.030255738320118353
0.541062885457868, -0.4933841731771842, 0.17062637482484178, 1.068445504041934, 2.933554906765886, -0.030304551614536667
0.5410398455619707, -0.4934037954194131, 0.1705991603364279, 1.0684866324685705, 2.9335638436608362, -0.030202034073827058
0.5410426749875932, -0.493420362355868, 0.17061247367181906, 1.0685667957693437, 2.933505339727732, -0.030268947727963652
0.5410476826822233, -0.49339995351804466, 0.170604810279458, 1.068466266333949, 2.9335611711526135, -0.030224503669392586
0.5410410342739478, -0.4934111016672079, 0.17061890874777821, 1.0684982672687258, 2.933536320439735, -0.03030561533412156
0.5410518111296851, -0.4933962516890313, 0.17061463097067162, 1.068479598341264, 2.9335398704728073, -0.030286941705978662
0.5410436441279187, -0.4933985524910735, 0.17059803386459454, 1.0684927620631501, 2.933579516912742, -0.03023366826167712
0.5410505019907141, -0.49340836358229145, 0.17059502446310043, 1.0685035691248506, 2.9335499571961705, -0.030319287829415835
0.5410631670106545, -0.49339608863828616, 0.1706063021499484, 1.0685271226425366, 2.9335030434001252, -0.030331261989158274
0.541038149991675, -0.4934147494767685, 0.1706102289310566, 1.0686033833040176, 2.933498361058651, -0.0302279961538307
0.5410626092225808, -0.49339307337048016, 0.17059383979400736, 1.0684525510158827, 2.933574992459483, -0.030278403326112303
0.5410523510142384, -0.4933953023241177, 0.17060483933948395, 1.0685037081832998, 2.9335528346395843, -0.03026012595879816
0.5410530088201041, -0.4933944249286004, 0.1706361082843368, 1.0685221945317256, 2.933493408819139, -0.030258296720179833
0.5410595097861183, -0.4933975092117495, 0.170614851182896, 1.0685000220874359, 2.9334864422073794, -0.030245217566833328
0.5410607628376819, -0.49339054533430243, 0.17062003519293814, 1.0684747285009513, 2.9335261389339635, -0.030272707500426665
0.5410480654639966, -0.49341319972802744, 0.17060936608590302, 1.068579960039543, 2.9334878355032328, -0.030272882697059366
0.541044516488246, -0.4934095229056419, 0.17057977045790979, 1.0685279934001806, 2.933566737842282, -0.03023400281726865
0.5410607462571496, -0.4934009409566867, 0.1705886702168551, 1.0685140580154784, 2.933524770273964, -0.03026881465802614
0.5410584986504204, -0.49340073994965705, 0.17060627301227907, 1.0684898557998994, 2.93351131806238, -0.03029563943560669
0.5410420959762107, -0.4933975324472801, 0.17062505405675482, 1.0684247166689622, 2.933555147221977, -0.030251156226624127
0.5410467809344908, -0.49340972953171913, 0.17059379625650406, 1.0685542264356527, 2.9335292911340525, -0.030223965378323104
0.5410547535256623, -0.4933968862055405, 0.1706004808148041, 1.0684898766398492, 2.9335703591304516, -0.03025597702631064
0.5410503956566921, -0.49339269451705925, 0.17059918937059565, 1.0684714826267827, 2.9335747854801806, -0.030237839691866632
0.5410543051849337, -0.49339795610252185, 0.17058625245822898, 1.0684840762988472, 2.933551688020655, -0.03028285975998177
0.5410573594535533, -0.49338700788433926, 0.17058887872290773, 1.068485157527465, 2.9335561364945764, -0.030242282433827785
0.5410459506334078, -0.49341437345700906, 0.17059811752498488, 1.068541257864127, 2.933545688618853, -0.030296712258548526
0.5410615521266815, -0.49339107712791835, 0.1705797850671026, 1.068476564572065, 2.9335880148287337, -0.03025172579624793
0.5410428410087924, -0.4934083939693362, 0.17058723660985342, 1.0685455020072427, 2.933560213202674, -0.03023366323646669
0.5410509944311231, -0.4934073649390758, 0.1706070840969506, 1.068537157833521, 2.933534057948872, -0.030300712976881576
0.541041125741677, -0.49341936483826043, 0.17058635914220144, 1.0685573955698668, 2.933534196110177, -0.030260842825353188
0.5410674942674145, -0.493396300725278, 0.17062652863326017, 1.0685070520093927, 2.9335045994174473, -0.030294526635890662
0.5410479929685382, -0.49340151148627037, 0.17060381152000545, 1.0685791867397165, 2.9334855015675103, -0.030254335899696696
0.5410541226543463, -0.49339258344885384, 0.17058272778293698, 1.0685434747331926, 2.9335551963275184, -0.03019655372075134
0.5410443663453547, -0.49340297569192754, 0.17059176701297069, 1.068474920440508, 2.9335824970769138, -0.03029297757072799
0.5410610700747888, -0.49338816619149056, 0.17057527623762156, 1.0684570718911246, 2.9335899651904267, -0.030215523354606005
0.5410625300100883, -0.49340339198350286, 0.17060583263952878, 1.0684937218153523, 2.9335227480100734, -0.030291003504596844
0.5410560308014033, -0.4933951421336272, 0.1706102289310566, 1.0684799762890806, 2.93354343089456, -0.0302281739198418
0.5410566390521069, -0.4933981972126336, 0.170590763995985, 1.068517628610759, 2.933535333104023, -0.03026461646784384
0.5410674505088237, -0.4933846326331648, 0.1706114135349307, 1.0684785179613019, 2.933536902511682, -0.030268149371262616
0.5410621147448912, -0.49339012428339296, 0.17060162172500748, 1.0684674527916727, 2.933563136479189, -0.030241882086856943
0.5410585179212201, -0.49340073562757375, 0.17062782580404148, 1.0684818929305504, 2.933488930012293, -0.030304067437165058
0.5410566390521069, -0.4933981972126336, 0.170590763995985, 1.0685001823058853, 2.9335418088420395, -0.030264797811293515
0.5410388921291749, -0.4934070896160518, 0.17060035949803787, 1.0685389880022544, 2.933540743484647, -0.030260456236987303
0.5410322350679885, -0.4934147466267362, 0.17061015110465588, 1.0685156569863912, 2.933527743340087, -0.030287642451428842
0.5410482377201935, -0.49339257825117006, 0.1706262242213993, 1.0684923372526427, 2.9335203351733785, -0.030272679868295772
0.5410485674671014, -0.4933901720121033, 0.17058419604931158, 1.0685517875303936, 2.933578804555404, -0.030206431668507422
0.5410469314523915, -0.4934046797682397, 0.17059740234900475, 1.06854106885189, 2.9335450379923755, -0.030296633871130747
0.5410449954433396, -0.4934124560696474, 0.17060396188651858, 1.0685324140828816, 2.933520781192272, -0.030287298327989744
0.5410522019523082, -0.49340431141230795, 0.1705918587091057, 1.0685654697677551, 2.9335030100860773, -0.030250345216364244
0.5410490438049906, -0.49339311559182447, 0.1706176026584929, 1.0685312715735444, 2.933518296280454, -0.030268119825865223
0.541045710327819, -0.4934116649973205, 0.1705918733180787, 1.0684789380441975, 2.933538288162705, -0.03026988666462491
0.5410475037587172, -0.4933933855911611, 0.17055355034507633, 1.0684970491965893, 2.933646065532518, -0.030248808292034825
0.5410424061701764, -0.4933990669011327, 0.17059515764915328, 1.0684373875530677, 2.9335901246502583, -0.030257138878397205
0.5410496623722277, -0.49340384545196714, 0.17061336560183327, 1.068468388248003, 2.9335661425122486, -0.03026058163333077
0.5410424306915741, -0.49340035110860286, 0.17059806295078925, 1.068495039515738, 2.933584474824564, -0.030270019488329664
0.5410392782017991, -0.4934099126761089, 0.1705849693572774, 1.0686089478843386, 2.9335701552544, -0.030279031917811863
0.5410361458157104, -0.49341603859084093, 0.17059737323678342, 1.0685921611165048, 2.9335207651800963, -0.03026046936034443
0.541059304698673, -0.49339087626721084, 0.17059738771397917, 1.0684347409984185, 2.93358110274818, -0.030278733880738318
0.5410749634894635, -0.49338965372323773, 0.17061598660287516, 1.0684496129213417, 2.9335099554769775, -0.030281444168905575
0.5410451600679077, -0.4934034629502613, 0.1705849693572774, 1.0685389092869773, 2.9335959107690175, -0.030279395227481316
0.5410449862997282, -0.493400811339548, 0.17058889333201124, 1.0685213505965747, 2.933546103717512, -0.030260910905465843
0.5410438974388936, -0.49341733641416924, 0.17057574180276178, 1.0685504076139125, 2.9335157312880957, -0.030210871912556534
0.5410552720689271, -0.49340505509112853, 0.17059726288745367, 1.068507989993758, 2.933509049560497, -0.030237022361208482
0.5410523855742908, -0.4934057268963517, 0.17060514918863623, 1.068474784365266, 2.9335261599578293, -0.030273923094857127
0.5410409753487314, -0.49340588282244896, 0.17060148596891714, 1.0685329546742037, 2.9335247926580776, -0.030228457746341593
0.5410712441658717, -0.4933845783794342, 0.1706051201287454, 1.0684900675454003, 2.933513956508348, -0.030236297654651897
0.5410594261894835, -0.4933986674894697, 0.17061014798755147, 1.0684848210720381, 2.9335568880716667, -0.03024179046119906
0.5410459111617575, -0.49340913771453687, 0.1705926407379352, 1.068540535492531, 2.933546760073801, -0.030219794158875463
0.5410406665778308, -0.4933978832659027, 0.17059284664874155, 1.0685501003711964, 2.9335730633363064, -0.030247342283951942
0.5410564613834694, -0.4933980366668565, 0.1705926697982768, 1.0685428319633687, 2.9335512255388254, -0.030255418936955214
0.5410554271121063, -0.49339603697553686, 0.17061024338216121, 1.0685512437520257, 2.933519864980487, -0.030245529807865632
0.5410505740287883, -0.49338372848946366, 0.1705586911258674, 1.0684507203420053, 2.933684878620263, -0.030222042827859504
0.5410478303884065, -0.4933949142222732, 0.17061763177014339, 1.0685159289319082, 2.933529793552863, -0.030304654071148743
0.5410508972305761, -0.4933943925025441, 0.170598624243826, 1.0684787333152932, 2.9335373750011575, -0.030269286327882467
0.5410435996209866, -0.49340888204018235, 0.17060046620596467, 1.0685414016659234, 2.933548803524009, -0.03023789036018126
0.5410492792667163, -0.4934010001901274, 0.17060907339944734, 1.0685188765567029, 2.93354162182629, -0.030223819747165828
0.5410354307960454, -0.49342721891283037, 0.17059925842106508, 1.0685544868384178, 2.9335259706033865, -0.03028335154511499
0.5410630270158487, -0.49340634326377253, 0.17059844177982725, 1.0685484748835623, 2.9335077559846794, -0.030327138911135386
0.541043579758546, -0.4934128225737944, 0.17061259820321034, 1.0685471375496998, 2.933505818457848, -0.030309578091997764
0.5410546833181963, -0.49338517556158545, 0.1705752440884392, 1.0684516607480348, 2.933631521565863, -0.030220882141112904
0.5410479225074237, -0.49341306279593977, 0.17061131812772382, 1.0685348798103274, 2.933529321568756, -0.030264588164489514
0.5410564975203946, -0.4933941013828384, 0.17061216644061275, 1.0685213315644315, 2.9335499169325057, -0.03020070255912018
0.5410410616336432, -0.4934193101114174, 0.17057658191903596, 1.0685123300367683, 2.933575723749779, -0.030252841211160092
0.5410424061701764, -0.4933990669011327, 0.17059515764915328, 1.068542589988981, 2.9335510767935244, -0.03025604669376376
0.5410489370180167, -0.4934073499734803, 0.17060088348410815, 1.06858362422667, 2.9334949653506674, -0.0303272267024368
0.5410706436255699, -0.49338672577932213, 0.170619939842793, 1.0684609156356395, 2.9335433913900624, -0.030268057938551265
0.5410568034987747, -0.4933892268685666, 0.17060152950625287, 1.0684487261833369, 2.9335640178597333, -0.03028271411531999
0.5410611657272671, -0.4933998510588546, 0.17061245906325564, 1.0684949316345302, 2.9335283612074745, -0.03025031173025698
0.5410402634279262, -0.4934066516647117, 0.17059389210836542, 1.0685664367459131, 2.9335643073009794, -0.03022914089869552
0.541052565622902, -0.49339677251763625, 0.17058394140971198, 1.0684915861025155, 2.933573674808314, -0.030274155385699886
0.5410562133472173, -0.493390113840252, 0.17061349006137788, 1.0685371076299108, 2.933533583446342, -0.030299945416411834
0.5410608842494135, -0.49339191719472614, 0.17057002239449837, 1.0684678727730743, 2.9336189276701776, -0.030261444231163358
0.5410504545005456, -0.49340831427420134, 0.17061687584823712, 1.0685306688892946, 2.933514552898325, -0.030327345163794626
0.541062357755628, -0.493391614154335, 0.1705711633977531, 1.0684453639278244, 2.9336120078406336, -0.030247893929711063
0.541052011632787, -0.49340412525915994, 0.1706156620689339, 1.068547488226178, 2.9335090921626215, -0.03025010815378313
0.5410638335855357, -0.4934068449264642, 0.17063334890938436, 1.0684840468891705, 2.9334938905411385, -0.030340159854027483
0.5410592714396426, -0.49339728471668953, 0.17059690383425585, 1.0685755435898603, 2.933533258423632, -0.03021856703308411
0.541049441309454, -0.4934179864538198, 0.17061793600763495, 1.0685481493457893, 2.933508288501635, -0.030327410487531237
0.5410566997670918, -0.4933878729379684, 0.17061996000630889, 1.0684359534243928, 2.933528163498608, -0.030277546183419525
0.5410312966834302, -0.4934007328978926, 0.17059271069925822, 1.0685629220577773, 2.933553758707668, -0.03023355697931839
0.5410494494043788, -0.4934128000718318, 0.17059060760662395, 1.068537947784985, 2.9335382242731742, -0.030242251981741634
0.5410582584398682, -0.4934069569574978, 0.1705979638520827, 1.0685052686766567, 2.9335595667357595, -0.030219543367489332
0.5410660118062441, -0.493395360299025, 0.17061058235500193, 1.0684721035054157, 2.9335171466114742, -0.030295495424205867
0.5410640186701425, -0.4933927156404799, 0.1705852036236855, 1.0685077991160603, 2.9335640121935755, -0.030255577479524464
0.5410731616160309, -0.4934052471047252, 0.1706134088757152, 1.06844646599213, 2.9335038670231293, -0.03022711946963051
0.5410488458472233, -0.4933916967075203, 0.17057307529334578, 1.0685496634793095, 2.9335711338288926, -0.030228825904311054
0.5410575057959209, -0.4933884102279473, 0.17061133840627485, 1.0684748876305996, 2.933526125307578, -0.030272985845819143
0.5410537110227358, -0.49341046184521187, 0.1706351795210671, 1.0685228906837698, 2.933492595214106, -0.030335619188757768
0.5410517473247872, -0.4933961971655035, 0.1706048538165691, 1.0685399085252933, 2.933542284399488, -0.030277846872655598
0.5410514810402713, -0.49340511144176846, 0.17060394740947288, 1.0684961358319292, 2.9335311173823913, -0.030269215171030997
0.5410485751759831, -0.49340577551706055, 0.17057981417988738, 1.0686190926444366, 2.933541397453529, -0.030287347941043485
0.5410667038547647, -0.493385390548468, 0.1706133800787255, 1.0684520156944353, 2.9335743779133443, -0.03027775882117225
0.541054378170257, -0.49339924349436365, 0.170591543404671, 1.0684961759619547, 2.933586733093252, -0.030287965027874748
0.5410544459202992, -0.4934161316284774, 0.17061122226437286, 1.068505037740773, 2.9335008212464593, -0.030259415286991272
0.5410412238701108, -0.4934155060953551, 0.17056249807214405, 1.0685692976406294, 2.9335706804814508, -0.030189265100077606
0.5410434447189854, -0.4934074991415303, 0.17058722215834524, 1.0685618153339722, 2.9335512706894016, -0.030215397005328475
0.5410660941205656, -0.49339669527662106, 0.17061365833993283, 1.0684945215325978, 2.9335246012891965, -0.030308917409193396
0.5410529607404266, -0.49339439853400063, 0.1706048247306859, 1.0685376308278598, 2.933537327422527, -0.03024149565207053
0.5410551241469159, -0.4933945612940172, 0.170565499111721, 1.0685172868279684, 2.933592658170368, -0.03020679247788682
0.5410544342044586, -0.4933940954805331, 0.1706059658110679, 1.068480054295847, 2.933543424216788, -0.0302283103634815
0.5410317633333664, -0.49340361600329474, 0.1706187256721531, 1.068522088090997, 2.9335493521371476, -0.03027855925434262
0.541051461544471, -0.4933947272743701, 0.17059173790049173, 1.0684901859725602, 2.9335707852398905, -0.030256081283459312
0.5410763721348348, -0.49338285235232326, 0.17059732105967934, 1.068389761936438, 2.933563565270439, -0.030309545866975908
0.5410486755669534, -0.493401895024976, 0.17060908785057874, 1.0685725232350056, 2.933524595935235, -0.030241359207676687
0.5410363801014069, -0.49341749207705077, 0.17058842120224832, 1.068562249673585, 2.9335476650445678, -0.030274555195700832
0.5410767517110744, -0.49337652665211285, 0.17061563303551908, 1.068457493113211, 2.9335357232534593, -0.030213214593967547
0.5410645565579817, -0.4933904911670531, 0.1706137418241561, 1.0684510364850472, 2.933516273160859, -0.030241223172997194
0.5410561298352121, -0.49339007604878266, 0.17059176701297069, 1.0685450737091076, 2.9335559713177863, -0.030291523553737407
0.5410522551173499, -0.49340561547174844, 0.1705852036236855, 1.0684903339072371, 2.933570980197877, -0.03025648490778753
0.5410697359411927, -0.493384857813043, 0.1706039328007146, 1.0684600393331878, 2.933540871338476, -0.030250221662606023
0.5410446480560993, -0.49341090888797573, 0.17056138624850792, 1.0685933167570452, 2.9335826195490258, -0.030238978878919597
0.541065794530019, -0.4933899640485439, 0.17060701134279205, 1.0684789626188342, 2.9335406522125207, -0.030209563736130884
0.5410642375113648, -0.49339415311145907, 0.17060822500621609, 1.06846214277579, 2.9335461135750474, -0.030286800849408043
0.5410548173857583, -0.49339694076554813, 0.17061025799083487, 1.0685349421448045, 2.9335288316587977, -0.030263977135316505
0.541060901350652, -0.4933919229293327, 0.17060165081091913, 1.0685224186109248, 2.9335485371286243, -0.030277685943532147
0.5410514111335795, -0.4933934008581428, 0.17057871053120377, 1.0684755417210094, 2.9335857398817984, -0.030233937940449155
0.5410474617526285, -0.49341409455462976, 0.17060938056282554, 1.068475893584401, 2.933529351440855, -0.030292062311416058
0.5410481102425635, -0.4933924692911867, 0.1706066700344706, 1.0685250286750005, 2.933557800916202, -0.030255403765055762
0.5410704020313719, -0.49340602752448764, 0.17064085025259285, 1.0684855945597311, 2.9334445287743334, -0.030280201697288185
0.5410665987430655, -0.49339445995284964, 0.1705789391645306, 1.0685040061818343, 2.933552563190612, -0.03026026023223468
0.5410664061663271, -0.4933942718203646, 0.1706023515318031, 1.0685037756788367, 2.9335530481185628, -0.030259499801113518
0.5410429409952062, -0.4934218489796566, 0.17061364370528068, 1.0685116613225663, 2.933516305455231, -0.03029193131490957
0.5410448208258247, -0.49341228604083187, 0.17059579186560256, 1.068530002546624, 2.933571724997997, -0.030269924423052458
0.5410504789762456, -0.493392732182896, 0.17062091239563634, 1.0684985837670686, 2.9335393821927886, -0.030245898723202057
0.5410433643545667, -0.49340099749176897, 0.17060899556108788, 1.0685361758715093, 2.933532018470356, -0.030282374260085274
0.5410632288581126, -0.4934025845580867, 0.1706257177513652, 1.0684421222947886, 2.9334889170828173, -0.030290546600844452
0.5410552720689271, -0.49340505509112853, 0.17059726288745367, 1.0684729231238626, 2.933522065374999, -0.03023738738176079
0.5410543385068903, -0.4933940077087131, 0.17058606666485734, 1.0684780077431595, 2.9335942797272843, -0.03021122731529155
0.5410448378112839, -0.49340069444901274, 0.17061013662763352, 1.0685663541094288, 2.9335055422660754, -0.030268276554071296
0.5410475094202806, -0.49340374281842664, 0.17058726569629998, 1.0685477015897276, 2.9335649570459723, -0.0302696525342267
0.5410662402609431, -0.4933968228117995, 0.17060163037811343, 1.0684772701940897, 2.9335310538107495, -0.030309398360637018
0.5410572040513009, -0.49340889757391443, 0.17062766973838187, 1.0685021447538248, 2.933491632929253, -0.0302815222511718
0.5410469994964022, -0.49341116686064995, 0.1706168176255962, 1.0685261901693122, 2.9335048533344095, -0.030255006734060945
0.5410592894000603, -0.49339084841995123, 0.17061889411312758, 1.0684970631125774, 2.933533122692508, -0.0302862591696063
0.5410600161550011, -0.4933913032278109, 0.170622001734274, 1.068448226498759, 2.933563614340477, -0.030282316685274143
0.5410628217973037, -0.4933945196383179, 0.17061686134556803, 1.0684770410041537, 2.9335310862821204, -0.030309078633675896
0.541039113995121, -0.4933865069602355, 0.170586151306217, 1.0685191594235108, 2.933597229891642, -0.03024307400862261
0.5410583800431478, -0.49339542189756436, 0.17061252544939237, 1.068488941678429, 2.933512413192348, -0.030218429405854615
0.541059829315693, -0.4933898990765124, 0.17060910245927946, 1.0684684849602342, 2.9335656434218396, -0.03025999132702699
0.5410487230793712, -0.4934123222085888, 0.17064063541295002, 1.068528312091254, 2.9334544431559624, -0.03027178385226745
0.5410402315878499, -0.49340661844971956, 0.17058377016709325, 1.0686092821669602, 2.9335736998827056, -0.03022006166675101
0.5410497674192406, -0.49339230514373533, 0.17059629855917735, 1.0685377868374157, 2.9335373140617436, -0.030241768543465178
0.5410570512749611, -0.4933867485831669, 0.17058044584423468, 1.0684479811817313, 2.933620974404646, -0.03022492961879247
0.541063838825454, -0.49339127987065395, 0.17062543931903884, 1.068469750582542, 2.933512661520862, -0.03025865723942626
0.541053735275514, -0.49340528061695677, 0.17063947980613087, 1.0684794773314212, 2.9334847144388236, -0.030267615477387377
0.5410418875864932, -0.49341168817163017, 0.17058843583741823, 1.0685976822820513, 2.9335371752404313, -0.03029208787684223
0.541052414552314, -0.4934057577250499, 0.17061488024245897, 1.0684673122238622, 2.933504628953351, -0.030282296936545036
0.5410323869534767, -0.4934161162936644, 0.17060371293252125, 1.0686505948728258, 2.933517237212328, -0.030291766577624765
0.5410496090741054, -0.4934025413054152, 0.17062002058443038, 1.0685086318203738, 2.9335111245392445, -0.030254804867472437
0.5410530396611728, -0.4933840799132521, 0.17059283203966752, 1.0684964606787513, 2.9335895720249665, -0.030228895182128353
0.5410611717975558, -0.49339216881827014, 0.17061925327234784, 1.0685171874458594, 2.933476125866473, -0.030303437000763774
0.5410616368085951, -0.4933871685751239, 0.17063056526036047, 1.0684221822017985, 2.933549261870017, -0.030213993946320416
0.5410626076004571, -0.49339951495624484, 0.17060347800301098, 1.0684627532743571, 2.933550326899142, -0.030228228052769774
0.5410558345161782, -0.4933937010507583, 0.17061883599438188, 1.0684749639252598, 2.933529962427179, -0.030214103770843305
0.5410662414334324, -0.493392863774733, 0.17062108079100297, 1.0684384730344687, 2.9335366611311327, -0.030254690525515434
0.5410646907797894, -0.49339830810466634, 0.17060460453884008, 1.06845671979901, 2.9335343757678993, -0.03019622991661096
0.5410440516803181, -0.49339621665058325, 0.17060662639170934, 1.0685216843080023, 2.933550565676446, -0.030201148931691846
0.5410477660696621, -0.4934064684577843, 0.17060271924079426, 1.0685644014889333, 2.933503885172347, -0.03017352905244514
0.5410634452394404, -0.4933896842823651, 0.17060471487468584, 1.068452550100968, 2.9335781452385663, -0.030219489451605203
0.5410630465397599, -0.493397212043509, 0.1706221929021172, 1.0685013427246781, 2.9334924915591176, -0.030204242204440276
0.5410640231847369, -0.4933991483570353, 0.17059484166884079, 1.0685005434984924, 2.933545797346374, -0.03020540203002343
0.5410600403264211, -0.4933861220251295, 0.17062630207200177, 1.0684398810938742, 2.9335427153468965, -0.030213947045491893
0.5410712993048611, -0.4933923129117552, 0.17060771213716813, 1.0684953866640268, 2.9335321468705025, -0.030191013330996552
0.5410605165138789, -0.4933955191778376, 0.1706069969175304, 1.0684426651369163, 2.933551478913134, -0.030192208158915632
0.5410518691325218, -0.4933923914713628, 0.17060033043780812, 1.0684840408168264, 2.9335548502159186, -0.030223925810946763
0.5410635925580134, -0.49339625379295676, 0.17061240104834224, 1.068472754194587, 2.9335249859971904, -0.030177793786234596
0.5410552444790151, -0.4934010653027957, 0.1706069823610742, 1.068459044445625, 2.9335427254961197, -0.030174123928281362
0.5410396433836656, -0.4934023633522951, 0.17060776748494252, 1.0685166987720256, 2.933537383936139, -0.03018778086588496
0.5410463779449056, -0.49340809700082344, 0.17059457825194452, 1.0685468238194504, 2.9335662614788585, -0.030192686567219483
0.541040076201112, -0.4934173372320914, 0.17062543931903884, 1.0685054808412127, 2.933500379885506, -0.03025975646037489
0.5410541586670624, -0.49339257192839514, 0.17062630207200177, 1.0684574052324203, 2.933536453646055, -0.03021412857169077
0.5410454156565657, -0.4934182779499826, 0.17064486961431033, 1.068526733496783, 2.933449456097012, -0.030235668780496754
0.5410671249930198, -0.49338952402623676, 0.17061010452880876, 1.0684815066172968, 2.9335491854870908, -0.030186990037807785
0.5410510229006624, -0.4934086162881801, 0.17062102277664182, 1.068486487971348, 2.9335079601524456, -0.03018253459723595
0.5410649091957475, -0.49338934425553926, 0.17062736234834197, 1.068457283805845, 2.93353623759045, -0.03021364936088447
0.5410422676210491, -0.4934053625470203, 0.17060674779121193, 1.0685952806941914, 2.93353536216174, -0.030196484917456128
0.5410618927566352, -0.4933783080903126, 0.17059801941321173, 1.0684565023809653, 2.9335893603223733, -0.03021485885532726
0.5410733201162016, -0.4933846098252905, 0.17058942305382743, 1.0684693283312088, 2.9335693077553864, -0.030200823721308112
0.5410511893189316, -0.4934035827445148, 0.17059265518932015, 1.0685241444741118, 2.9335554888164252, -0.03023769811208385
0.5410611481720229, -0.4934153911218365, 0.1706093797028579, 1.0685315216269218, 2.933466008595476, -0.030191064809184286
0.5410467334696157, -0.49340968023925136, 0.17061564761795245, 1.0685111912606378, 2.933519920543997, -0.030232752804002668
0.5410346814763229, -0.49341113254878954, 0.1706220389064002, 1.0685107563992486, 2.933517410759262, -0.03021481684587949
0.5410577703542473, -0.49338592477047427, 0.17061227635829612, 1.0684661728712663, 2.9335606951692768, -0.03022361998962287
0.5410506791689244, -0.4934110066793264, 0.17062220732709135, 1.0684673907890978, 2.9335084654062817, -0.0302234210727213
0.5410603476121402, -0.4933876434277348, 0.17065875590765603, 1.068421835493424, 2.933490294540001, -0.030253367331290894
0.5410666326641772, -0.4933905227406415, 0.17059804477010762, 1.0685004314133864, 2.9335455931458534, -0.0302050191265375
0.5410564657498332, -0.49340446930734305, 0.17060230788928404, 1.0685179552952178, 2.933539551169724, -0.0302054266090241
0.5410617969741739, -0.493400218231815, 0.17059566730382966, 1.068514008824805, 2.9335837414625683, -0.03022855981662365
0.5410512848353544, -0.4934036703985737, 0.17061255448294724, 1.0685087441699643, 2.933511108622645, -0.03025496159448284
0.5410459428643061, -0.4934091708386451, 0.1706027628053755, 1.0685151369289383, 2.9335308910970883, -0.03022869343206657
0.5410632049472955, -0.49338697590281344, 0.17059847069992448, 1.0684603643676007, 2.9335447123269454, -0.03019193490129793
0.5410533844688423, -0.49339337763222874, 0.17056318818844923, 1.068454660693168, 2.9336406756092357, -0.03019881374702456
0.5410547977972864, -0.4933865566627802, 0.17059804847354917, 1.0685464392418547, 2.933562023925179, -0.030250663542669094
0.5410339436371661, -0.4934223282240431, 0.1706027628053755, 1.0685334397867652, 2.9335245921177386, -0.03022924485604964
0.5410580330376474, -0.4933938749992969, 0.17056994984654814, 1.0684797103447623, 2.9336002824736975, -0.030170836836841994
0.5410621147448912, -0.49339012428339296, 0.17060162172500748, 1.0684674527916727, 2.933563136479189, -0.030241882086856943
0.5410474707658656, -0.4933984843541456, 0.1706349236822485, 1.0685061285893807, 2.933506198962774, -0.030218140863641066
0.5410613725535987, -0.49338964153725123, 0.17062002058443038, 1.0684735837004307, 2.933523648162183, -0.030254441699421316
0.5410670292868797, -0.49339983733128806, 0.1705904685766764, 1.0684855789800103, 2.93356085466028, -0.030183167915172424
0.5410401055874595, -0.49340529101290476, 0.17060033043780812, 1.0685541563740504, 2.933529309978847, -0.030223923998139727
0.5410439521737792, -0.49341861822939526, 0.1706222219093732, 1.068539447984136, 2.9334848879062494, -0.030241326799779974
0.5410425914429279, -0.4934069126611208, 0.17061769503265226, 1.0685499792211877, 2.9335179066726025, -0.03022801537924806
0.5410558709372203, -0.4934054006921665, 0.17058081590899732, 1.0685619807142617, 2.9335509739458328, -0.030215073629633004
0.5410408141156277, -0.49339405185430174, 0.1706002690386422, 1.0685291197921185, 2.9335721057336044, -0.030192749008189666
0.5410610427094913, -0.4933881004298539, 0.17060907339944734, 1.068483828151836, 2.933554145787063, -0.030223457172902996
0.5410565373957668, -0.49338774024198084, 0.17060035949803787, 1.0684864152122342, 2.933559529240834, -0.030259912543941146
0.5410704627858117, -0.4933853126680399, 0.17060704037648292, 1.0684110280372778, 2.9335714266092605, -0.030246281014045633
0.5410538837282323, -0.49339629440201305, 0.17059932530832908, 1.0684936316281652, 2.933581352457231, -0.03025162472913035
0.5410503358291641, -0.49340299613791794, 0.17062312819317588, 1.0685297552460427, 2.9335156487031173, -0.030250134719502896
0.5410370427959159, -0.4934294785345397, 0.17062975138508849, 1.0685383058869573, 2.9334860052176595, -0.03016471726375865
0.5410505321396035, -0.49340443725069194, 0.170614521133388, 1.0685523882610066, 2.9335225762502386, -0.030264022037055926
0.5410427298374638, -0.4934082902157803, 0.1705993106994627, 1.0685451569423885, 2.9335597967074873, -0.030233537892395936
0.5410508226163573, -0.49339034176146734, 0.17061972783058948, 1.0684824401459707, 2.9335519579782376, -0.030205378672001185
0.5410647878326865, -0.4933815532083703, 0.17061460188511832, 1.0684598926403723, 2.9335408964911265, -0.030250044649610314
0.5410559532817697, -0.49338861826578795, 0.17061231989507433, 1.0684521372841218, 2.9335745944245333, -0.030278237402807842
0.5410565447415352, -0.4934045516066346, 0.17059057857242355, 1.0685706590986817, 2.9335200365992202, -0.03020517404360312
0.5410707107012741, -0.49339323546147024, 0.17058621990571804, 1.0684341982477819, 2.9335825917836003, -0.03020157243292643
0.5410499864031905, -0.4933910581235954, 0.17059036503223407, 1.0685592924947258, 2.9336012439698003, -0.030197280254744614
0.5410555837156504, -0.49339224225856065, 0.17059615964913574, 1.0685030202327575, 2.9335538964895673, -0.030183228295061988
0.5410453836985881, -0.4933997361120233, 0.17060034488913742, 1.0684676309786112, 2.9335640706581514, -0.030242556449655796
0.5410342583176395, -0.4934134403650322, 0.17063495271513635, 1.068509089354361, 2.9335113982250274, -0.0302552268214959
0.541049545334561, -0.4934024868237985, 0.17061024338216121, 1.0684635666347648, 2.9335526512936094, -0.030246804829166574
0.5410592714396426, -0.49339728471668953, 0.17059690383425585, 1.068452720459788, 2.9335788467132398, -0.03021984251048769
0.5410550178480897, -0.49340481434957617, 0.17061128906811096, 1.068497456787291, 2.9335371664467544, -0.030228239154473573
0.5410512211566244, -0.4933932149343127, 0.17060251370514146, 1.06847500631177, 2.933585345966591, -0.030233519418947398
0.541047963857664, -0.4934014805699156, 0.17059408056258257, 1.0684638381161533, 2.933552621763154, -0.030247239903470193
0.5410420669081031, -0.49340788991070683, 0.17060598026226906, 1.0685338567580664, 2.9335268263791168, -0.03024657491351329
0.5410574841040546, -0.4934064527570553, 0.17061670777776397, 1.0684761772368823, 2.9335326554228742, -0.030232636646976337
0.5410633125793735, -0.4933986986440215, 0.17062336290888688, 1.068481274935944, 2.9334904402203317, -0.03022686092432677
0.5410543354887863, -0.49338362901940425, 0.17060548546838256, 1.0684739144462703, 2.9335831144430875, -0.030214883195256635
0.5410443145032204, -0.493408090966293, 0.17058837766437418, 1.068522992604442, 2.933553293870447, -0.03022011358812116
0.5410522716399332, -0.4934056208252787, 0.17061683223411828, 1.068492190414694, 2.933520146666417, -0.03027327427390896
0.5410431647437529, -0.49340602011864604, 0.17057410616142715, 1.068564770075798, 2.9335601892193477, -0.030192903007062486
0.5410430159070229, -0.4933981631182097, 0.1705951430401333, 1.0685063781672144, 2.9335616019595787, -0.030238144777604437
0.5410514489493526, -0.4933907531798865, 0.17056948431477956, 1.0685272962639594, 2.9336231619663513, -0.03017531203353694
0.5410710064281268, -0.49339471928378054, 0.17063096506059278, 1.0684507213360697, 2.933516300142946, -0.030240671949255307
0.541050776442425, -0.49341110730776006, 0.17057889552076408, 1.0685357098976904, 2.9335328040671085, -0.030206368366915776
0.5410579786445288, -0.49340940194419125, 0.17060892574809366, 1.068513789560297, 2.9335250201136245, -0.030268611487180415
0.5410612930202289, -0.49339995989687774, 0.17063201368322328, 1.0684971322027597, 2.933477944272807, -0.03026722466477283
0.5410656198587295, -0.49338979399396754, 0.17059884137112313, 1.0684941728226032, 2.9335850547686846, -0.030192007166343876
0.5410552642208958, -0.49339984047360314, 0.17062432746947512, 1.0684066981353781, 2.933557412623841, -0.03031001638564163
0.5410562173318771, -0.4934069472033919, 0.17062339194194634, 1.068483457198033, 2.9334956758714616, -0.030263576686542695
0.5410629671072059, -0.4933971294551888, 0.17063392226065757, 1.0684837062355337, 2.9334989895800856, -0.030204130807527263
0.5410679646478687, -0.493383641147408, 0.17059149968331877, 1.0684927731527587, 2.933578792399124, -0.03023262157637222
0.5410588771172907, -0.49339837322449115, 0.17060513457990606, 1.068508628438364, 2.933510439190542, -0.030254929235563426
0.5410484564564368, -0.49341085849601807, 0.1705863300816913, 1.068571959526969, 2.9335227345416364, -0.030223939014375794
0.5410532887446767, -0.4934023810801771, 0.17062541028595402, 1.0685199659452385, 2.933488705082442, -0.03022248845474011
0.5410464096505213, -0.4934081301271537, 0.17060470029205965, 1.0685390458206532, 2.9335438521916988, -0.030201402900762984
0.5410453181188256, -0.49339570928656773, 0.17059033602363405, 1.0685745401355953, 2.9335900230814103, -0.030161109143752755
0.5410496229230818, -0.49339860976428296, 0.17060788887246597, 1.0684852865694583, 2.933560672481774, -0.03018348062246274
0.5410413265374077, -0.49341683751158755, 0.17058712663716685, 1.0685837523373345, 2.9335557482810395, -0.030211116583291175
0.5410599765976025, -0.4933964685226685, 0.17061678859223522, 1.068488863672425, 2.933512419870752, -0.030218292963092214
0.5410573355182954, -0.49340506110675597, 0.170603463420419, 1.068566713114602, 2.9335090661130168, -0.030209232970928576
0.5410608264578721, -0.49339059973474225, 0.17062981242111167, 1.0684671061178204, 2.933504168080951, -0.03028125457720261
0.5410473432173553, -0.4934087764632481, 0.17061563303551908, 1.0684749793323893, 2.933530444946255, -0.030214851967664078
0.5410613259866317, -0.49340641243206124, 0.17063209163605683, 1.068497355584804, 2.9334812858185892, -0.030208853851830305
0.5410665850688366, -0.4933904733649355, 0.1706198962011204, 1.0684750169621309, 2.933529681618808, -0.03021362274245198
0.5410622878891879, -0.493407125154826, 0.17060922683905, 1.0684942888239763, 2.9334711260998403, -0.030213456050853647
0.5410592082856752, -0.4934051376370984, 0.17058901762126877, 1.068511930887776, 2.933464174917067, -0.03021401422677197
0.5410631916482013, -0.4934181414779553, 0.17061069246463614, 1.0684966742648014, 2.933420442914132, -0.030231241808018144
0.5410710203579083, -0.4933987289373558, 0.17058688036851047, 1.0683822117407442, 2.9334914698284176, -0.030164513630661874
0.5410534342649888, -0.4934117132855946, 0.17059662647782253, 1.0684971052470666, 2.933420864908349, -0.030231598665208182
0.5410671444674865, -0.49339744816609404, 0.17059009790334545, 1.0684534447421445, 2.933467916823421, -0.03018184552827886
0.5410494078873769, -0.4934050803094976, 0.1705968345398157, 1.0685047547819677, 2.933445965559747, -0.030164068670913154
0.5410774397445781, -0.49339005420117377, 0.1706154193373569, 1.0684131206209668, 2.9334109494030756, -0.03014888325250747
0.5410527412954736, -0.49341546384020174, 0.1706040951161359, 1.0684781541697148, 2.9334259673795544, -0.030136560354033143
0.5410793722903108, -0.4934042735333782, 0.17062601592388504, 1.068394055075831, 2.9334121168256013, -0.030189572433427514
0.5410612643867454, -0.49338954023438564, 0.17059960010135558, 1.0684682807152934, 2.933514609163296, -0.030105676503691566
0.541052822485428, -0.4933890972498285, 0.17059913135423324, 1.068414238180698, 2.933584423387162, -0.030165685147047077
0.5410606479240737, -0.4934020605205128, 0.17063618995229238, 1.0684552278369568, 2.9334763075337347, -0.03015876785032042
0.5410471565474584, -0.4933969712778714, 0.1706024702456995, 1.0685065665325395, 2.9335651834874756, -0.030179083177116418
0.5410443313805449, -0.49339377159969794, 0.17059566487353045, 1.068460649556931, 2.933604600943337, -0.03015262408902581
0.5410656591103283, -0.4933846404914683, 0.170581635586324, 1.0684760207339299, 2.933592641222255, -0.030115564504091943
0.5410473511641477, -0.49340358997837563, 0.1705883051685158, 1.0685349128167745, 2.933534344791191, -0.030128963026128497
0.5410491028004817, -0.4933956185582757, 0.17060554877186623, 1.06856064375146, 2.933551643821005, -0.030137515289617178
0.5410729575604573, -0.49338820233800756, 0.17062639808869884, 1.0684090378824949, 2.9335148491669387, -0.030131773621312974
0.54103460542153, -0.49341750529889733, 0.17059027162950854, 1.0685792289372973, 2.9335460285511856, -0.03013857527172069
0.5410586641924251, -0.4933994095411652, 0.1706112020574413, 1.0685082311687542, 2.9335157266869816, -0.03011882324616593
0.54105717573108, -0.4933776868707782, 0.17061401999414488, 1.0684982697714143, 2.933544222425363, -0.030109480675729244
0.5410581181874201, -0.49340036780214397, 0.17062099384742085, 1.0684841314612663, 2.9335027885341245, -0.030145820986189373
0.5410595702406766, -0.4934012998081388, 0.17057407377460784, 1.0685325149824347, 2.933584550927771, -0.03011143139990143
0.5410636717374626, -0.4933859352015082, 0.17060040818995295, 1.0684492058214643, 2.9335706888553066, -0.030165009014686776
0.5410483971577504, -0.493406835547048, 0.17058592759084182, 1.0685133463963499, 2.933585295539927, -0.030152503018334043
0.5410633325195822, -0.49339475821991563, 0.17061123096087633, 1.0684579184003906, 2.9335399626115137, -0.030155357044853275
0.5410500364136833, -0.4933962649090304, 0.17061648139381555, 1.0684440617964852, 2.933557726873307, -0.030151509723701904
0.5410644466415935, -0.4933864164487866, 0.1706347994906725, 1.0684548931074938, 2.9335312956626884, -0.030177142033725186
0.5410604525725581, -0.49338506359631046, 0.1705969562644358, 1.0684616161076732, 2.9336061597802403, -0.03017021713491898
0.5410541784857065, -0.4933990324459885, 0.170614433966626, 1.0684754081038859, 2.9335337098327665, -0.03015551825454732
0.5410548459559436, -0.4933877910886213, 0.1706239330855686, 1.068460359405641, 2.933548522892686, -0.03013272215384898
0.5410514904109816, -0.4933855777931368, 0.1706054129735764, 1.0685033600515936, 2.9335579039384756, -0.030123913232451335
0.5410348779014723, -0.49340864982524973, 0.1705893542749673, 1.0685803381964765, 2.933548310315091, -0.030156594453331145
0.5410641264991728, -0.4933836485074091, 0.17058714966235233, 1.0684860963225336, 2.9335641247976603, -0.030124066589651687
0.5410528420503338, -0.4933890804251248, 0.17061107727486158, 1.0685717855878567, 2.9335254051405064, -0.03016392027650615
0.5410528405871551, -0.49337997660978516, 0.17059216684508277, 1.0685082974812417, 2.9336270055837597, -0.030156569522276428
0.5410472008346475, -0.4933970426583574, 0.17060030142955138, 1.0685169078894583, 2.9335370899539552, -0.03018757311777805
0.5410533878992698, -0.49338812206249183, 0.17060128565148588, 1.0684905087711207, 2.933577455248695, -0.030138017488521913
0.541052799425452, -0.4934006976595658, 0.17058478667920338, 1.0685532365297492, 2.933585551430795, -0.030165691054803365
0.5410698011661699, -0.4933874078757301, 0.17057958791923902, 1.068489920680377, 2.933575099246959, -0.030119754595510168
0.5410533239027927, -0.4933880674123445, 0.17059150859754496, 1.0685157535280179, 2.9335928852264184, -0.03012928602913963
0.5410710173980754, -0.49337914522441717, 0.1706230556356811, 1.0684189681176965, 2.9335415184206406, -0.030159169520218104
0.5410509061822807, -0.4933968567085694, 0.17061763692553175, 1.0685278873007091, 2.9335142283953943, -0.030154951670250618
0.541059003493727, -0.4933905865124857, 0.17060037925990673, 1.0684995196603102, 2.9335464531232107, -0.03012847508581893
0.5410637888269814, -0.4933872938404538, 0.17060353036016276, 1.0684890953939699, 2.9335711650387672, -0.030178421838155587
0.5410432848603798, -0.49340212287544377, 0.17061532587464, 1.0685354764324193, 2.9335364272492184, -0.030146609183478803
0.541067319848337, -0.49338574186127054, 0.170595675833206, 1.0684859403067097, 2.9335641381495066, -0.030123793700078578
0.541053940013132, -0.4933872107182717, 0.17057920342776026, 1.0684800508316852, 2.933604288934644, -0.030111521010136335
0.5410448967016375, -0.49340319739568284, 0.17059808264573567, 1.0685081449362623, 2.933571396710625, -0.030138580965336472
0.5410545325124287, -0.4933798360869134, 0.17058184155801662, 1.0685207317385517, 2.933606143674897, -0.030143110970282938
0.5410651994246665, -0.4933856496476626, 0.17063283286252265, 1.0684813820661299, 2.933493796537547, -0.030167352192231062
0.541066221646672, -0.4933836875912823, 0.17060347235642068, 1.068431839614056, 2.933580777333201, -0.03010608620726851
0.5410525624115228, -0.4933876016534163, 0.1705979613045246, 1.0685046056411367, 2.9335603550882268, -0.03014215501593374
0.541075763213606, -0.49338101774042187, 0.17062099384742085, 1.0684315597994343, 2.933521574531235, -0.030145275777179237
0.5410581019195376, -0.4933899615369783, 0.1705891017616969, 1.0684934326908042, 2.9335863948732066, -0.03011558875431264
0.5410519526864931, -0.4933885054453665, 0.1705979758481246, 1.0684881291042347, 2.933569386775788, -0.0301606039096518
0.54106204328994, -0.49338485535584536, 0.17058602309931084, 1.0685095761655072, 2.933573601117096, -0.03015588416085792
0.5410640718898462, -0.49338483761085694, 0.1705921775581746, 1.0684984904322585, 2.93360002381295, -0.030128647078596176
0.5410762088149359, -0.49337353902025144, 0.17058166451698728, 1.068408180870059, 2.9336231386133274, -0.03015191756348716
0.5410686044902281, -0.493389212006214, 0.17061124550411239, 1.0684940528653963, 2.933529225798919, -0.030172895036896727
0.5410564186869454, -0.49338242216495654, 0.17060661196632118, 1.0684678816397026, 2.93356716319006, -0.0301828844555833
0.5410539718870657, -0.4933911678020244, 0.17061340288212837, 1.068442596448496, 2.933551497385787, -0.030192167590726373
0.5410511541848425, -0.49340477966860297, 0.17059681682197902, 1.0684809235301105, 2.9335514213103737, -0.030110971979447343
0.5410577109341989, -0.49339230274841406, 0.1706121374590096, 1.0684839862688424, 2.9335579743309284, -0.030164715844889868
0.5410687690006762, -0.49339061990597755, 0.17059251621871868, 1.0684367078520556, 2.9335911339656264, -0.03017897800330962
0.541063936176227, -0.4933834623585194, 0.17061095302271787, 1.0685556960412232, 2.9335377001561618, -0.03012291964152371
0.5410580544564338, -0.4934003133261459, 0.1706112165745614, 1.0684917552730844, 2.933524758382811, -0.030137272234157086
0.5410716210653478, -0.49337825036660293, 0.1706230412495177, 1.0685230360620528, 2.933500006907583, -0.030139989477328388
0.5410545966171014, -0.4933798908071515, 0.17059161854119317, 1.068495661563823, 2.9335906488546066, -0.030151839992748983
0.5410617040689741, -0.4934040794958517, 0.17059710921828936, 1.0685422003112883, 2.933497083982095, -0.030159306925302286
0.5410536219455395, -0.49340124031011645, 0.17060779350310584, 1.0685064448548443, 2.9335651876059545, -0.03017883057541398
0.5410588407708876, -0.4933943901254309, 0.17061446306619218, 1.068477620125634, 2.9335384796935395, -0.030191686731250826
0.5410766481701108, -0.4933712364191996, 0.17060037925990673, 1.0683942582452917, 2.933584793259343, -0.030128478711962493
0.54105201658444, -0.4933885600303778, 0.17060775292838545, 1.0685506403536096, 2.933521385377736, -0.030168423318656865
0.5410538441076421, -0.49339105864287897, 0.17059384864851, 1.0684754632861062, 2.9335888980423, -0.03017488721192144
0.5410683287435857, -0.4933876883303073, 0.1706315820357373, 1.0684537825591047, 2.9335287950212887, -0.03015889663993056
0.5410749570822565, -0.49338048039663457, 0.1706296155644484, 1.0684627588573283, 2.933497582797327, -0.030149105908359425
0.5410460554446713, -0.4934134710060415, 0.1706112165745614, 1.0685275040612507, 2.93351198321801, -0.030137642532496865
0.5410454759151816, -0.49338548556467954, 0.17057622090383726, 1.0685083187947397, 2.933626814450896, -0.030157536214902723
0.541056421730846, -0.49339280088659593, 0.17058719314972903, 1.0685595567531219, 2.933545821240227, -0.030178319579487037
0.5410672722372202, -0.49339609352913144, 0.17061779084165743, 1.068484262680597, 2.9335025015335905, -0.03014547598189441
0.5410419484182815, -0.49339864793748694, 0.17058815534568478, 1.068492311023106, 2.9335843958919328, -0.03009816394749102
0.5410561661973151, -0.4933977379858762, 0.1705956613157901, 1.0685372904838402, 2.9335426462741654, -0.030105709022057014
0.5410639799940685, -0.4933874572445028, 0.17063286196147978, 1.0684486053303452, 2.933511793999597, -0.030204248781191212
0.5410540991389016, -0.4933989499124136, 0.17062616328007588, 1.068510284958852, 2.9335207171627706, -0.030154860284693906
0.5410583842220658, -0.4934018544149388, 0.170622163802908, 1.0684815095858795, 2.933494262473171, -0.03016825829537356
0.5410600008167941, -0.4933808863783029, 0.17062082545132046, 1.068456604262029, 2.933537310344323, -0.030136848340222677
0.5410568885072405, -0.493391760173243, 0.17058913069213782, 1.0684957100939432, 2.9335913539590313, -0.030151939953267235
0.5410502201387811, -0.4933821348397054, 0.1705683376174144, 1.0685205095192092, 2.933608286600638, -0.030066373275509418
0.5410626694801689, -0.4933943578642833, 0.1706179006370169, 1.0684289968150034, 2.9335135326036825, -0.030168578370598418
0.5410573277929823, -0.49338945748792035, 0.170607845386146, 1.0685344747489005, 2.9335334536771493, -0.030127953928928815
0.541045005059568, -0.49339292243111865, 0.17060542736014114, 1.0685220174414596, 2.9335541086635457, -0.03014217945758936
0.5410504091102307, -0.4933887627456953, 0.17058705788236922, 1.0685182733353575, 2.9335983015359957, -0.03016578612059192
0.5410460904847478, -0.49339101449603595, 0.17058584442109226, 1.0684822980711557, 2.9336126438035137, -0.030089276449061907
0.5410696809236197, -0.4933795942246302, 0.1706199625697384, 1.0684164357007238, 2.9335330100367933, -0.030181924019153917
0.5410432210279292, -0.4934020683311038, 0.17060554877186623, 1.0685431002932122, 2.933558397085761, -0.03013806030025902
0.5410663030832621, -0.49338895850467684, 0.17064023283737628, 1.068434758315438, 2.9335292756224245, -0.030199805280221564
0.5410671826783942, -0.49337399884666105, 0.17058034437803243, 1.0684575490515258, 2.9335968534789227, -0.030097065007333796
0.5410420319690389, -0.4934160215041844, 0.17060701134279205, 1.0685497598482379, 2.9335153532990015, -0.03021029666861015
0.5410570217264383, -0.49340352501008, 0.17062414496454764, 1.0685088534856368, 2.933514697788666, -0.030195764488723867
0.5410623033929215, -0.49338635095637356, 0.17058719314972903, 1.0684368295241091, 2.9335911298525166, -0.030179230607782638
0.5410484611972892, -0.4934068902278391, 0.1705957047633454, 1.0684881019452426, 2.93356986561407, -0.030161235221376096
0.5410289589070689, -0.49340984099603646, 0.17056419582233454, 1.068630012935679, 2.9335805125241063, -0.03006257587520636
0.5410377573588235, -0.4933997772446321, 0.17058299701446378, 1.068534481295552, 2.9335893790912726, -0.030148369331687838
0.5410567241048703, -0.4933903523316713, 0.1706078597725967, 1.0685005406421686, 2.9335489360385627, -0.03014640334763492
0.5410512027544222, -0.49339965093058313, 0.1705805236054455, 1.0685358678102301, 2.933592020356425, -0.03016600829621993
0.5410633944480074, -0.49338443380987007, 0.17056760982092808, 1.0685199233969915, 2.9336040566202115, -0.030124874194926134
0.5410562660115883, -0.49338618382406557, 0.17063172927589992, 1.0684955366640965, 2.933480112133715, -0.03011321533215928
0.5410592378645835, -0.4933920400131437, 0.17059142712310355, 1.0685046757037056, 2.933560336244183, -0.03014219639573247
0.5410469799532023, -0.49340199062088236, 0.17059920923584732, 1.068467043527621, 2.933568459235157, -0.03010694753388786
0.5410501443312333, -0.49337557627922224, 0.17061395580749736, 1.068476709151535, 2.933595184509395, -0.030133112383833902
0.5410586597915715, -0.49338257596783386, 0.17060130019501046, 1.0684917500724038, 2.9335796691685876, -0.030155919569674002
0.5410428348237055, -0.4933992442983582, 0.1705481224786861, 1.0686168240026137, 2.933600242271803, -0.030076072893707808
0.5410464340911146, -0.49340294897723314, 0.17060900090534922, 1.0684780112759984, 2.933542506638587, -0.030133581650531423
0.541048260253193, -0.4933950924276422, 0.17057059623043894, 1.0684849546974529, 2.933618010992478, -0.03012577328925136
0.5410450243949387, -0.493403306502882, 0.17061763692553175, 1.0685103441308736, 2.9335209816421153, -0.03015549797065166
0.5410530701673935, -0.49338661888281465, 0.17057804797226242, 1.068536321597888, 2.933595791495978, -0.030106623934576263
0.541054453832654, -0.49339015485112864, 0.1705938340917508, 1.0684917655750008, 2.933579931101222, -0.030156440190947396
0.5410678226523562, -0.4933834935212718, 0.17062416792912105, 1.0684467705611205, 2.9335103633609187, -0.030109087011485215
0.5410592679607217, -0.4933881136709578, 0.17061092414500725, 1.0684831860027542, 2.9335590492770702, -0.030087661481972623
0.5410575300069048, -0.4933908895518464, 0.17059923813983144, 1.0685044086312152, 2.933559913076725, -0.03014220750153048
0.541055854215367, -0.4934001615184796, 0.17060696781774076, 1.0684755204569034, 2.9335336939206584, -0.03015567498071261
0.5410601076637108, -0.493392631817757, 0.17059258262923954, 1.06850092006686, 2.93354934329213, -0.03014654897072856
0.5410534322106607, -0.4933881934580149, 0.17059911681066026, 1.0685008500047741, 2.9335493621360027, -0.030146507590671497
0.541050664550138, -0.4933966415290143, 0.17060976569550193, 1.0684905805360823, 2.9335781212849534, -0.030137932615690415
0.5410684032396653, -0.4933670135279146, 0.170585873325689, 1.0684144770157131, 2.933642651792817, -0.030124904733977016
0.5410596466868478, -0.49338452640071656, 0.17060557787184347, 1.0685102630896226, 2.9335756920080747, -0.030173868166445853
0.5410518131968661, -0.4934091254848517, 0.17063390770470066, 1.06849998821594, 2.933490514407589, -0.030186412420306938
0.5410551913382983, -0.4933893602191172, 0.17061337378239586, 1.068475374157523, 2.9335334993097675, -0.030155271423603754
0.5410424942520209, -0.4934016134729308, 0.17060244114558146, 1.068504354982016, 2.9335604130592916, -0.030142913718089092
0.5410580432533243, -0.49337830045999753, 0.17056204133823918, 1.0685355427811825, 2.933592992853254, -0.030088424018599323
0.5410470607103842, -0.49339688341181986, 0.17058257125080933, 1.0685395889562577, 2.9336030226106864, -0.030161635327581215
0.5410490435707194, -0.49339432342865147, 0.1706122038642692, 1.0684604528597876, 2.933548777983051, -0.030133379957038593
0.541063236755846, -0.4933830732924721, 0.17057404824743977, 1.0684725744959582, 2.9335820743989958, -0.030120021452381955
0.5410593334318933, -0.493392127699076, 0.1706113263677478, 1.0685067200042107, 2.933509481849715, -0.030159279267802215
0.5410449437252167, -0.49340324639728306, 0.17057623145348622, 1.0685686282974474, 2.933574291906184, -0.030129612497402734
0.541057758329112, -0.49339235199296544, 0.1705902861731647, 1.0685446434701078, 2.9335608052049817, -0.0301557459047375
0.5410579709956465, -0.4933937983365264, 0.1706133075345299, 1.0684639290120916, 2.933555948036572, -0.030187515579941142
0.541038528482786, -0.49338990257793086, 0.17058367238074504, 1.0685071399885642, 2.933624551431871, -0.03013947442742668
0.5410483834155678, -0.4933899768990143, 0.17057511376841705, 1.0685816608223289, 2.93355762284531, -0.03005648160277773
0.5410547183654627, -0.4933980830752946, 0.17060464238038195, 1.0684818981813222, 2.9335532125968364, -0.030128884372340795
0.5410674564051852, -0.4933935608295512, 0.1705869297306828, 1.0685262138109868, 2.9335684086772873, -0.030078777936475346
0.5410588882130027, -0.4933944394010084, 0.17059261172956672, 1.0685032092887488, 2.933554326338967, -0.030183080751599433
0.5410601607396643, -0.4933939358078198, 0.17058592759084182, 1.0685308123569943, 2.933578329233477, -0.030151596569508055
0.5410698968752647, -0.4933770947366538, 0.17059922375324338, 1.0684506058938974, 2.933576510189317, -0.030123943060385745
0.541057180354961, -0.4933932889395266, 0.17060042274656068, 1.0685029422253547, 2.9335539031671236, -0.030183091850563507
0.5410460554446713, -0.4934134710060415, 0.1706112165745614, 1.0685451248138094, 2.9335054430127676, -0.03013745919905678
0.5410548613303153, -0.493398220010257, 0.1706026903108556, 1.0684919112895257, 2.9335247450317214, -0.03013754511879045
0.5410617997435352, -0.49338336513068004, 0.17061648139381555, 1.0685142159426795, 2.933531205880748, -0.030150053175328838
0.541045378744391, -0.493394511203939, 0.17058530796498225, 1.0685094458790727, 2.9335736555390115, -0.0301568941212577
0.5410681041930057, -0.4933850080887892, 0.17060383133785284, 1.0684870299236724, 2.9335107699769116, -0.03012290387679874
0.541046761378331, -0.49339934524294476, 0.17058158687301755, 1.068548277824258, 2.933568958933232, -0.03021083139727802
0.5410420078111613, -0.493392269943629, 0.170588294229609, 1.0685271859776106, 2.9335675640599717, -0.030156522339041435
0.5410584209765451, -0.4934031531952158, 0.17058387992373072, 1.068492100936811, 2.9335805555714285, -0.030156695276747372
0.5410594972046711, -0.4933792103666782, 0.17056825645195975, 1.0685078300148148, 2.9336280069751473, -0.030079808952745195
0.5410435448865576, -0.49340361847021796, 0.17061649593704994, 1.068532865481652, 2.933527925992109, -0.030169227694605685
0.5410660210288825, -0.4933862149674977, 0.17060270469736344, 1.068422929354207, 2.93355275081403, -0.030155631744697705
0.5410492606523482, -0.4933853821320748, 0.17058182701410435, 1.068502043810158, 2.9336104048180145, -0.030125388767621483
0.5410523355391027, -0.493392558526641, 0.17059686940797097, 1.06843713140188, 2.933598286177755, -0.03006189180548419
0.5410626695262413, -0.4933839569094819, 0.17061763692553175, 1.068440325628352, 2.9335462429958317, -0.030155134981394795
0.5410676020636429, -0.49338723357211656, 0.17062847438112635, 1.0684677258145696, 2.9335112554930305, -0.030163201994117362
0.5410651969379837, -0.49338171293473065, 0.17058907288322922, 1.0684736309106255, 2.9335876977677002, -0.030079056653101635
0.5410437715601435, -0.49339986942294034, 0.1706121893470532, 1.0684944529799416, 2.9335334840125387, -0.030115112503039932
0.5410598854654513, -0.49340281354834725, 0.17060652750631852, 1.0685319008287517, 2.9335256326813175, -0.030150492183073897
0.5410426161452616, -0.49339780777394243, 0.17059791803954708, 1.0685362425363294, 2.9335404038038293, -0.030088081584434632
0.5410595173590765, -0.49338959484119377, 0.17058046560007764, 1.0684787094907535, 2.933601354762403, -0.030093307494133237
0.5410334180289741, -0.49340894499875376, 0.17060015927015754, 1.0685323803635387, 2.933580869973258, -0.03017092770870278
0.5410624311040956, -0.4933941333490556, 0.17059995333928285, 1.0684518307968303, 2.9335799044711357, -0.030142470637088553
0.5410654046987987, -0.49339872450226596, 0.17062000316416412, 1.0684598986958607, 2.9335445195967824, -0.030191784223119314
0.5410628701476444, -0.49339183050356855, 0.1706186682293066, 1.0684729740416234, 2.933528544752206, -0.030118668336154873
0.541062215817714, -0.49340306385650856, 0.17062111522363566, 1.0685053109320723, 2.933506799430474, -0.03014133731142654
0.5410522322468122, -0.4933860603171955, 0.17058701439479465, 1.0684797837597726, 2.9336038657661963, -0.030111532130129758
0.5410563786843123, -0.49339918422556556, 0.17061868274631503, 1.0684565756009539, 2.9335377892068712, -0.030137480362055595
0.5410814659468935, -0.4933783660575026, 0.17060344899513782, 1.0684253490466429, 2.9335576790242692, -0.030191151588525596
0.5410612887391067, -0.4933804106844999, 0.17059263516227355, 1.0684745749311342, 2.9335897353226588, -0.030097289330097934
0.5410622601933424, -0.49340313529549606, 0.17061894641102082, 1.068533097339975, 2.9334722309522205, -0.0301496447928711
0.5410509123620122, -0.49340456435871705, 0.17058894555264867, 1.0685662671046643, 2.9335697922966606, -0.03009267778256479
0.5410756736143792, -0.4933693241330463, 0.17058381085747823, 1.0683936900429238, 2.933583150728889, -0.030110306036574115
0.5410660210288825, -0.4933862149674977, 0.17060270469736344, 1.0684579968067336, 2.9335397361764834, -0.030155266939308926
0.5410378351669957, -0.4934079902097041, 0.17062508861731054, 1.0685273230185466, 2.933512017606582, -0.03013744524021504
0.541051980808404, -0.4933936802702681, 0.17063599246483888, 1.068460469312589, 2.93349334637665, -0.030113808288068124
0.5410505605252538, -0.4934056885129881, 0.17062845999508616, 1.0685015429220972, 2.9334965422407855, -0.030145845996341968
0.5410543430273703, -0.4934004403925116, 0.1705957047633454, 1.0684355098020724, 2.9335891425161282, -0.03016141817137019
0.5410482968420675, -0.4933950812870865, 0.17061417036800516, 1.0684866404223283, 2.933566697878917, -0.03014243937924802
0.5410461435763574, -0.49340664347390334, 0.17060353036016276, 1.0685941818547773, 2.9335328862555894, -0.030178420026920016
0.5410663646381682, -0.4933838245384078, 0.17060152026176892, 1.068459474145575, 2.9335457705062518, -0.030114563762287664
0.5410728494705356, -0.49338807643822474, 0.17061878962966115, 1.0684590087544292, 2.933545357761953, -0.030114186643993696
0.5410473630695491, -0.49340483591930734, 0.1706035012602109, 1.0685217578881536, 2.9335539351652082, -0.030142616388591458
0.5410527507583355, -0.49340582636057145, 0.17060107994164136, 1.0684808455197998, 2.9335514279836294, -0.030110835537310664
0.5410679049318573, -0.49337842194571446, 0.17057407717844686, 1.0684398808474218, 2.9335997702538354, -0.03015637258012476
0.5410586281395119, -0.4933929438050651, 0.17059144166673273, 1.0685583342763603, 2.933543336600665, -0.030159917085493745
0.541049259351015, -0.4933918237752131, 0.17059146533229824, 1.068582382108832, 2.933559705102593, -0.03007448587200318
0.5410546195907321, -0.4933876037402991, 0.17059455563400164, 1.0684833801892695, 2.9336148722693083, -0.030106900798853684
0.5410657988292035, -0.49338599558145513, 0.1706163860816288, 1.0684828604919996, 2.9335552115913828, -0.030145949180860356
0.5410600235551073, -0.49338219269161765, 0.17057059623043894, 1.0684499056360937, 2.9336305352342906, -0.03012541182453803
0.5410399291841574, -0.4933999093785291, 0.17059680581092998, 1.0685257885925659, 2.93356536337902, -0.03013834740190395
0.5410558739930453, -0.4933781467977128, 0.1706013666202105, 1.068468139438183, 2.933570259907017, -0.03012422013698371
0.5410589473266995, -0.49339573444279683, 0.17058595657328435, 1.0684805749324628, 2.933602778766604, -0.03018849244221648
0.5410644897579633, -0.4933761095122208, 0.17057923235865255, 1.0684823473368124, 2.9336087574638148, -0.030147147213761816
0.5410547821848442, -0.49339813760967344, 0.17061441958032522, 1.068509341760624, 2.9335182276308616, -0.030137068614130947
0.5410673513231985, -0.4933753739605544, 0.170605534385362, 1.068436802268112, 2.9335939939209124, -0.030119614862308363
0.5410653349693622, -0.49338828870673385, 0.17062925383777072, 1.0684988005605043, 2.9335431883772327, -0.03018618471860843
0.5410522915026855, -0.49337968234659013, 0.17058715330555274, 1.0684970371760625, 2.933593573231043, -0.03017007392323429
0.5410657549238398, -0.4933847283379995, 0.17060153477911089, 1.0684606189166537, 2.933548262229689, -0.03013282950459273
0.5410616564936253, -0.49340403013142276, 0.17061896079715902, 1.0684640977434023, 2.933500728416744, -0.030168460396343435
0.5410550901233603, -0.4933789154390457, 0.17055975937035733, 1.0685102626373801, 2.933632953140233, -0.03011643360491718
0.5410639004119467, -0.49338737455917353, 0.17064459127184398, 1.0684484149655036, 2.9335118165945455, -0.030203955618653515
0.5410547655653049, -0.4933981321921811, 0.17058279106740565, 1.068472245714165, 2.9335821387281027, -0.03012064336185423
0.5410489595990643, -0.49340588258215307, 0.1706077644033488, 1.068574368288763, 2.93353438571502, -0.030141932803946527
0.541070080483571, -0.4933953636846462, 0.1705688895521776, 1.0684702459451436, 2.933576867253868, -0.03008412579235529
0.5410702268848027, -0.4933786359382914, 0.17061017082349028, 1.0684403603734745, 2.933546014000959, -0.030154928714607104
0.5410570037870592, -0.49338790728330684, 0.17059689826008947, 1.0685096424263993, 2.933576939829444, -0.030097151075983333
0.5410601393227655, -0.4933822639700401, 0.17060244114558146, 1.0685569852286878, 2.9335401535137082, -0.03014127770919229
0.5410517759686216, -0.4933870475386779, 0.17061852878670167, 1.0684827729376614, 2.9335555011606136, -0.030146409432509794
0.5410593481224477, -0.49337135347151845, 0.17058929307195872, 1.0683967452732237, 2.93364897383639, -0.030125597138050905
0.5410501945783531, -0.49338602867279446, 0.17059275947900257, 1.0685082859365016, 2.933570901908283, -0.030138107500853197
0.5410522962887004, -0.49338611499723134, 0.1705967914242279, 1.068507228133104, 2.9335688809111744, -0.03011971728909867
0.5410491709157209, -0.49339443230358104, 0.1706317581530087, 1.0684452058058225, 2.933504838219435, -0.03015047832470551
0.5410588683447457, -0.4933840550848062, 0.170580402383644, 1.0685323284786044, 2.933580978209002, -0.030169583051758528
0.5410591737809408, -0.4933919853057185, 0.17058164997319233, 1.0685473671765795, 2.9335692906630326, -0.030133284156096556
0.541066481738666, -0.49338518318533237, 0.17060464238038195, 1.068464296510123, 2.9335592618473023, -0.030128340455679775
0.5410558543062469, -0.4933897605272904, 0.170606704265961, 1.068521742847047, 2.9335534536617183, -0.03014186959911103
0.5410526437976272, -0.4933876613455207, 0.17056654996340972, 1.0684673548558847, 2.9336238270420667, -0.030125897668737255
0.5410444769764141, -0.49339388608506984, 0.1705740306144207, 1.0684859112251017, 2.933620072931615, -0.030144187766877818
0.5410592695927219, -0.49339207315291067, 0.1706015491656455, 1.0684618299171749, 2.933550942239317, -0.030151277205751052
0.5410508227788242, -0.49338641802135064, 0.17059565032987645, 1.0685121169028418, 2.9335823409773796, -0.0301334497685071
0.5410591110986582, -0.4933919082205852, 0.17062500774836123, 1.068478895693173, 2.93354451231265, -0.03015050948309158
0.5410418648212529, -0.49340253399625883, 0.17059050976853582, 1.068540910873663, 2.9335503061423047, -0.03016093996978078
0.5410518765955021, -0.4933988018690146, 0.1705902861731647, 1.068544546622475, 2.9335610830519134, -0.030156109790973957
0.5410488499902424, -0.4933941346260411, 0.1706356161300434, 1.0684952898094726, 2.9335362479521656, -0.03013225487928395
0.5410544385063343, -0.49340052802213635, 0.17061560405407739, 1.0685603776457395, 2.9334927015926686, -0.030177225133192525
0.5410572638845608, -0.49338940289590183, 0.17059806825912086, 1.0684894099625544, 2.933574978817779, -0.030119952681209396
0.5410545497373611, -0.49338630692536656, 0.1705791889099661, 1.0685490427385311, 2.9335757666138433, -0.03009252779787182
0.5410599614929397, -0.49338210332042315, 0.17060434707131122, 1.0684066756873956, 2.933621185804525, -0.03013390066529666
0.5410604372829673, -0.4933954367224099, 0.17061872623189073, 1.0684775421155808, 2.9335384863716523, -0.030191550289632378
0.5410501427434504, -0.4933860120002538, 0.17057069178246112, 1.068481339809213, 2.9336067429774015, -0.030129879103109443
0.5410458782936779, -0.49340387009217146, 0.17064029893914393, 1.0685163948984806, 2.9334815012868143, -0.030167922745915413
0.541066201937838, -0.4933876281388766, 0.17061560405407739, 1.0684377494319508, 2.933537732212862, -0.03017777350169749
0.5410605009339169, -0.4933850901758133, 0.17062823975959618, 1.0685337612587469, 2.933529735444552, -0.03018611046577423
0.5410578539421363, -0.49339243970916297, 0.17061018536680936, 1.0684414859770144, 2.93354899658401, -0.030173922176736923
0.5410506401125997, -0.49339537007256623, 0.1706164670075022, 1.0684603748492625, 2.933548784657269, -0.03013324351550345
0.5410647861513038, -0.4933879946191917, 0.17062424029171183, 1.0684174058741016, 2.9335357861189517, -0.03020041835877701
0.5410500364136833, -0.4933962649090304, 0.17061648139381555, 1.0684791293176084, 2.9335447120111167, -0.030151145139490906
0.5410656591103283, -0.4933846404914683, 0.170581635586324, 1.068493642002307, 2.9335861014018603, -0.030115381713569072
0.5410539598333928, -0.493397595070227, 0.17059141273639936, 1.0685210665833926, 2.9335516067841, -0.030124292534614586
0.5410369516312286, -0.4933992401118087, 0.17059161854119317, 1.0684955454453129, 2.9335914175661792, -0.030152929200847035
0.5410552703157349, -0.4933790416487474, 0.17060138100686675, 1.0685043403712051, 2.9335597118816374, -0.03014194102775046
0.5410547821848442, -0.49339813760967344, 0.17061441958032522, 1.0685267880891025, 2.933511752290709, -0.030136887092624094
0.5410587185613316, -0.49337227391009647, 0.17057736179007743, 1.0684859916968712, 2.9336193140053983, -0.030143078778065692
0.5410410147096701, -0.4934019254178084, 0.17060130019501046, 1.0685443228219713, 2.9335608822178534, -0.030156462692319003
0.5410603354631922, -0.4933837049443987, 0.1705938340917508, 1.068474241249997, 2.9335861932082845, -0.030156259150311497
0.5410459523877303, -0.4933896371487502, 0.17060422860182234, 1.0685047410201194, 2.933564214937578, -0.03008357365503563
0.5410448769383435, -0.4934071379982767, 0.17061021434849874, 1.0685489467873017, 2.933515399559725, -0.030209906291776726
0.5410647861513038, -0.4933879946191917, 0.17062424029171183, 1.0684700937473666, 2.9335162312548926, -0.030199869745913203
0.5410445152308361, -0.4934055636118132, 0.17058914524894386, 1.068461767181796, 2.9336073520572197, -0.03017129504340991
0.5410692614328212, -0.49337795642481147, 0.1705891161484546, 1.0684771383089078, 2.933594846648242, -0.030133129235433893
0.5410475698931226, -0.49340502741857617, 0.1706113263677478, 1.068506700790012, 2.9335099728269833, -0.030160007494989243
0.5410539907358811, -0.49340922500288437, 0.1706188185327523, 1.068531479988488, 2.9335249897990576, -0.03015089827738804
0.5410501734679343, -0.49339248699586546, 0.1705904519595137, 1.068518830885438, 2.9335466505072993, -0.03008805706855176
0.5410557903751948, -0.4933897059202871, 0.1705969271641811, 1.0685293666035633, 2.9335754236204505, -0.03013332129623133
0.5410444511032361, -0.4934055088728989, 0.17057936814952732, 1.0684870113578369, 2.9336227822380394, -0.030162562652328202
0.5410672027155128, -0.4933843831930356, 0.17059255372507579, 1.0684634969186828, 2.9335571865542276, -0.03011019998240818
0.5410424302798066, -0.4934015588365086, 0.17059266406655907, 1.0684943573332142, 2.933588922917007, -0.03013454710378669
0.5410540354366165, -0.4933988954551103, 0.1706163860816288, 1.0684477735396591, 2.9335687172632947, -0.0301470404871356
0.5410463170279469, -0.49340159031856795, 0.1706058787993185, 1.0684557421856724, 2.93353549009584, -0.030119987195022523
0.5410658582180851, -0.4933796176057192, 0.17061652491857085, 1.0684650469964965, 2.9335579324314747, -0.030204853201892177
0.5410639999455495, -0.4933835168576197, 0.17062073017349294, 1.0684603161988202, 2.9335483007318564, -0.03013237960956127
0.541056704364822, -0.4933799681579003, 0.17059565032987645, 1.0684595245007276, 2.9336016182119034, -0.030133632532684033
0.5410533724388803, -0.4933984951164437, 0.1706230556356811, 1.068524053516823, 2.93350324215031, -0.030159167704199435
0.5410519526864931, -0.4933885054453665, 0.1705979758481246, 1.0685057501737332, 2.9335628467229022, -0.03016042095450206
0.5410523705983413, -0.4933913616667428, 0.17059270759259693, 1.0685504872960654, 2.9335763266035557, -0.030187892562275512
0.5410455443885495, -0.49340629765317195, 0.1706199771260146, 1.0685578102032582, 2.933484422320926, -0.03020018603199878
0.54104854028341, -0.4933965714722643, 0.17058371214979676, 1.068481999832326, 2.9336090933006154, -0.030148267947689676
0.5410509698491527, -0.4933969111423455, 0.1706274141045382, 1.0684677502806785, 2.933511749083568, -0.0301640468103073
0.5410478675821445, -0.4934077991009129, 0.17062734792342488, 1.0685437892863157, 2.9335019691997855, -0.03019574420465066
0.541061438193519, -0.49339219185127137, 0.170595675833206, 1.0685034644587947, 2.933557875856932, -0.030123974895880916
0.5410681040421441, -0.49337460711394, 0.17060356774831595, 1.0684632924728255, 2.9335564951090336, -0.03010982632751173
0.5410640792096265, -0.49338359933343146, 0.17060900090534922, 1.0684605065642858, 2.9335482781419384, -0.03013267277714849
0.5410474743278789, -0.49340493973038446, 0.17059142712310355, 1.0684695886657742, 2.933573842101213, -0.03014328701868372
0.5410443508617278, -0.4934041557662951, 0.17060787431596994, 1.0685541799121514, 2.933532427417962, -0.030164850474751995
0.5410555881838619, -0.4933882738712654, 0.170605534385362, 1.0685069187623093, 2.933568454816576, -0.030119613051404343
0.5410709901403393, -0.49339079027032534, 0.17057525817386873, 1.068443298597284, 2.933610596582892, -0.030152319990163587
0.5410525663062073, -0.4933979577303557, 0.17063167729318734, 1.068520185386265, 2.9334922651378825, -0.030163363422545462
0.5410522003101816, -0.49338602703973494, 0.17057689252930613, 1.0685050089988384, 2.933619799605841, -0.030102634352661833
0.541061976170846, -0.4933744220310139, 0.17059566487353045, 1.0684431443576823, 2.933610371991718, -0.030151717645079314
0.5410637399121934, -0.4933924222854374, 0.17061982377361634, 1.0684692182785869, 2.9335175518977823, -0.030123021048197432
0.5410583842220658, -0.4934018544149388, 0.170622163802908, 1.0684640634001976, 2.933500737653156, -0.030168440111610968
0.5410601076637108, -0.493392631817757, 0.17059258262923954, 1.0684832990603628, 2.9335558832657123, -0.030146732060069348
0.5410562224198096, -0.4933809811072775, 0.17061521895980303, 1.0684454227734228, 2.9335601696252636, -0.030168995659924116
0.5410444591467999, -0.4933938807526559, 0.17061521895980303, 1.0684979175702658, 2.933541170454157, -0.03016917701768099
0.5410564853511548, -0.493400528628532, 0.1705901761438559, 1.0685296675739457, 2.9335760571591663, -0.03013355594271145
0.5410427346061013, -0.49340312582142287, 0.1705916652746454, 1.0685020877965379, 2.9335523288614107, -0.030165657003817944
0.5410519083463202, -0.4933988350244988, 0.17060040818995295, 1.0685193217580413, 2.9335451494529083, -0.030165007202146384
0.5410514933588048, -0.49339595651851903, 0.17058599416872983, 1.0684898325685084, 2.9335756081495985, -0.030120440182538073
0.5410492989377385, -0.4933970595578968, 0.17059694170774703, 1.0685656563029786, 2.9335651124627744, -0.0301515855769982
0.541053264506385, -0.4933763713698137, 0.17059790017546542, 1.0684619593072846, 2.9336097136577344, -0.030111342903764726
0.5410512668597013, -0.49339970565348584, 0.1705903007299438, 1.0684931767044192, 2.9335830658423374, -0.030174920665499486
0.5410776094395766, -0.4933731447551386, 0.17059453472621938, 1.0684381592012557, 2.933596662043663, -0.030137347027049382
0.5410658416511802, -0.49337961222351184, 0.17058489660089107, 1.06846301639922, 2.933608829929261, -0.030188065969330723
0.5410649931014273, -0.49337386154053414, 0.17060772399844, 1.068478247003402, 2.933541967446086, -0.030132074241650073
0.5410584468772814, -0.4933915303875588, 0.1705785424030562, 1.06847355382535, 2.9335843217281674, -0.03013850089657089
0.5410408779052016, -0.4933901824909984, 0.17058596873621823, 1.0685686208041791, 2.933574042328375, -0.030129187330772578
0.5410454169306602, -0.4933957876261348, 0.17060015927015754, 1.0684790094073213, 2.933600184985889, -0.030170741377863648
0.5410621604453922, -0.4933966150355929, 0.1705894086282856, 1.0684856226438444, 2.9335608572202645, -0.030183284074170473
0.5410548370587658, -0.49339300016679377, 0.1705981261714015, 1.0684939650251657, 2.9335848963420146, -0.03019265494076583
0.5410525624115228, -0.4933876016534163, 0.1705979613045246, 1.0684695379114717, 2.9335733701936664, -0.030142519165152988
0.5410501793975362, -0.49339640185645384, 0.1706145293266532, 1.0684540753761906, 2.9335292592918174, -0.030160170627085356
0.54106025646415, -0.4933940235975658, 0.17060582682938394, 1.068497964077475, 2.933540425354055, -0.030169041979753564
0.541059254168807, -0.4933920452225699, 0.1706230556356811, 1.0685415965643372, 2.933496488784523, -0.030158621070626015
0.5410360088460823, -0.49338695996853416, 0.1705849086666925, 1.0685159752901254, 2.9335936007853474, -0.03012984965195228
0.541056824378, -0.4933917054356257, 0.17057935359255547, 1.0684858864370743, 2.933619799279956, -0.030143571929074686
0.5410496229230818, -0.49339860976428296, 0.17060788887246597, 1.068520354039961, 2.93354765689788, -0.030183116353016508
0.5410602257783311, -0.49337963037513755, 0.17061489196723648, 1.0684957214448993, 2.9335946733278466, -0.03009199336991104
0.5410670403084613, -0.4933634256396077, 0.17062556093342282, 1.0684254576133827, 2.9336202373149356, -0.03009181817299608
0.5410602734893634, -0.4933796565259862, 0.17064617540439264, 1.0684275944679351, 2.9335703103950057, -0.030109344955724534
0.5410683269098491, -0.4933837160489441, 0.1706313504350922, 1.0684302444261622, 2.933578362033115, -0.030087273044804637
0.5410551817954304, -0.4933866153324975, 0.17065906027716107, 1.0684938611610075, 2.933533523763405, -0.030113038186581148
0.541052201406587, -0.4933755909687663, 0.1706201568057083, 1.068482931269272, 2.9336147165039668, -0.030106048810224505
0.5410666867349609, -0.493377466678966, 0.17061057699918505, 1.0684854081418462, 2.933619370258228, -0.030142097922464094
0.5410544673554045, -0.4933797568736316, 0.1706248076343391, 1.0684351187668348, 2.933588718354862, -0.03016017478596714
0.5410462162004461, -0.49340794140633365, 0.170628112744055, 1.068538815298592, 2.933544337111036, -0.030200642465239583
0.5410602410400339, -0.4933796581985075, 0.17059338567301405, 1.0685386040786624, 2.9336036054083645, -0.030083374599600275
0.5410472199409294, -0.4933826880630557, 0.1705783001163732, 1.0685650182642636, 2.9336218003070744, -0.03009352559995856
0.5410570068019023, -0.4933891597721296, 0.17061170352547259, 1.0684968030970345, 2.933597433576301, -0.030110643301788656
0.5410508606226311, -0.49338768150988743, 0.17060089524693967, 1.0685067472407712, 2.9336243654281575, -0.03013856198030748
0.5410441772464872, -0.4934000264877746, 0.1706191551560855, 1.0685131481569696, 2.9335889075866475, -0.03009276322889037
0.5410735173137882, -0.49337169088362265, 0.17060000314054646, 1.0684466972351758, 2.9336211564300854, -0.030146745326075523
0.5410590033538194, -0.4933801855079152, 0.17060011578330397, 1.0684405387781144, 2.93360525777462, -0.030115762379700352
0.5410748734763268, -0.4933816259550095, 0.17061530579182368, 1.0684902472752962, 2.93357698231904, -0.030136760461453974
0.5410461923769557, -0.49339233268091365, 0.17060086631679106, 1.0685396162738219, 2.9336066034464996, -0.030102208591117396
0.5410644014679404, -0.49338764246177563, 0.17061832114944678, 1.0684927326000786, 2.9335826271480707, -0.03017346576228381
0.5410401152317332, -0.49338572150516435, 0.1706453236758254, 1.0685105279356963, 2.933524777071203, -0.03009565944061692
0.5410573519368506, -0.49338032784600105, 0.1706008807034033, 1.0685057001267082, 2.933621595817692, -0.030119932672674835
0.5410590916523828, -0.4933815115032382, 0.17060319160280046, 1.0684631207767248, 2.933612624820246, -0.030129001406381542
0.5410482968420675, -0.4933950812870865, 0.17061417036800516, 1.0685040870334066, 2.933560222652741, -0.030142258207149858
0.5410454502940422, -0.4933918499815476, 0.17061926486500603, 1.0685105030358515, 2.933580196801697, -0.030115136560269328
0.5410588676265753, -0.49337364115654486, 0.17057053266259392, 1.0684635187283378, 2.9336682302240757, -0.03014849730225266
0.5410576505907313, -0.49340260411277354, 0.1706360765645561, 1.0685073648469414, 2.9335117895856873, -0.030177374283926976
0.5410403895447516, -0.49340280126740804, 0.170622821052019, 1.0685025860642146, 2.933554442232759, -0.030183348399619045
0.541058533811425, -0.493388897089177, 0.170590993198465, 1.0684998719742154, 2.933606334872995, -0.03008830636367018
0.5410547909941379, -0.4933993810004615, 0.17062922473876138, 1.0684089102861294, 2.9335712010574353, -0.03015129085450961
0.541058265786163, -0.4933705901315084, 0.17059960380010883, 1.0684707510926752, 2.9336348399525636, -0.03011988199160676
0.541043446328166, -0.4933931392647648, 0.17060640910517516, 1.0685167264067479, 2.933596126381404, -0.030147428049839112
0.5410499754681791, -0.4933974627801091, 0.17062150955208033, 1.0685266024324658, 2.9335676203121337, -0.030155541494408432
0.5410422569494522, -0.4933793557144131, 0.17061047505302132, 1.068469298833165, 2.933632448512162, -0.030102512670493953
0.5410642203274572, -0.4933758282984267, 0.1706051583899838, 1.068506688553303, 2.9336238814121844, -0.03013770129484717
0.5410453225158884, -0.4933917408199869, 0.17059971088587825, 1.0685257505626968, 2.9336241363298945, -0.030098038004785464
0.5410425764904436, -0.49339254741936583, 0.170605253649233, 1.0685381032361714, 2.933600579158387, -0.03014289267228752
0.5410623485403987, -0.4933836592036969, 0.17062149500895865, 1.0685078561773735, 2.9335711779743674, -0.030136732325675517
