0.2355821457331864, 0.32892848802688784, 0.5667124192410186, -0.3503069173940989, -3.0242092299207335, -0.09562142170346777
0.23558847804562771, 0.3289245138952789, 0.5667326990738097, -0.35033644959117344, -3.0241974596757957, -0.0957376361167589
0.2355785269672519, 0.3289101247681809, 0.5667182121927131, -0.3502932253666853, -3.024246629934015, -0.09560963417178754
0.23557334210607322, 0.3289256115150984, 0.566725023800054, -0.3502163152817308, -3.024255877014132, -0.095702214406533
0.23558638048898106, 0.32892624392027237, 0.5667260021638736, -0.35034109177863304, -3.024215076743712, -0.09569278678469403
0.23557716853892674, 0.3289154259663572, 0.5667299259080603, -0.35033955175304227, -3.024219334927615, -0.0957256309842698
0.23557999011322786, 0.3289357784615607, 0.5667115852000923, -0.3502690923653788, -3.024220975919489, -0.0956744321603417
0.23558133248528268, 0.32891916337295635, 0.56673385676251, -0.35031905879254427, -3.0241942146125727, -0.095701415030477
0.23557502187664808, 0.3289129351039518, 0.5667265349379087, -0.3503394386301774, -3.0242002678606283, -0.09567683172558017
0.23557999282139175, 0.32890652298778383, 0.5667468868144202, -0.35030221087973273, -3.0242467319884607, -0.09579632776585652
0.2355874997541132, 0.32892622216370077, 0.5667134700452403, -0.3503079914122978, -3.0242241276178157, -0.09563663361916391
0.23557795740838502, 0.32891749743154036, 0.5667341649131473, -0.35028525518798065, -3.0242243038595427, -0.09571135470758335
0.2355843257867799, 0.3289078366855495, 0.566727586940656, -0.3503407567799604, -3.0242157220345502, -0.09569385467108603
0.23559485154661405, 0.32890007423663187, 0.5667260628162013, -0.3503459689559061, -3.024249583694073, -0.09566707517562294
0.2355802241734217, 0.3289133135144538, 0.5667178503146723, -0.3503400023958494, -3.0242009632793585, -0.09567859449281585
0.23558430539468317, 0.32892393782043494, 0.5667085181441065, -0.35032307810115815, -3.02419843768168, -0.09564416528564909
0.23559067846563422, 0.32890834541880726, 0.5667271445952206, -0.3503610767379902, -3.0242231372328594, -0.09567283453261935
0.235587294995281, 0.3289255159912002, 0.5667380765912314, -0.3503225732695732, -3.0242367177144938, -0.09574244726822567
0.23559334036064217, 0.3289152650081591, 0.566718136203505, -0.3503619386821381, -3.0242206453286054, -0.09565516806669425
0.2355961203661575, 0.3289093726600395, 0.5667129481767333, -0.3503619540538102, -3.0242213895047128, -0.09565694619597488
0.23558745300154818, 0.32894219962063187, 0.566706408339678, -0.35036111837657896, -3.0242042859474583, -0.09563572674536969
0.2355821408650446, 0.32891220189522535, 0.5667298072839764, -0.3503415080545877, -3.024231681282582, -0.09572316037570514
0.23558680575882282, 0.32893450873282293, 0.5667151809637433, -0.35027262142933496, -3.024242319203462, -0.09564940845506721
0.23558662958831553, 0.3289239397674075, 0.5667235446204734, -0.3503254851264409, -3.0242242259084464, -0.0956541142511208
0.23558185692953149, 0.32891158376546314, 0.5667164447751168, -0.3503255525615111, -3.0242241739788174, -0.09565339011041542
0.2355733627710537, 0.3289085809774268, 0.5667323703578796, -0.35024719811703897, -3.0242175834849583, -0.09571661294083879
0.23558482895161298, 0.3289252052871437, 0.5667163688658998, -0.35030301528412006, -3.024208417088744, -0.09569806147217692
0.23558609851532772, 0.3288993495222813, 0.5667446663717405, -0.35037456188715976, -3.0242215850841085, -0.09576520941339194
0.2355892588027631, 0.32890464058588215, 0.5667274683165192, -0.35039684942195837, -3.0242207375675285, -0.09568871801173631
0.2355746229670306, 0.3289249194214067, 0.5667076724596894, -0.35028672930635746, -3.0242019539574416, -0.09564239166655858
0.23557503859219406, 0.32892197215912616, 0.5667190508729266, -0.35022571705357425, -3.0241801140238826, -0.0956948396846869
0.23558250896586322, 0.3289422996926726, 0.5667079485074363, -0.3503239654607424, -3.024213580571938, -0.09567175927524779
0.23558646126608015, 0.3289205261483112, 0.5667180187666992, -0.3503456507421951, -3.0242332270118584, -0.09564830503968795
0.23557759632785688, 0.328900406433846, 0.5667381562949027, -0.3503585664391957, -3.0242318515463844, -0.09574064909357509
0.23558211989308792, 0.32892535376909876, 0.5667137938611319, -0.35034386334528145, -3.024221008579972, -0.09565073101401907
0.2355906958590761, 0.3289182817926529, 0.56673160174708, -0.35036148066129186, -3.0242415545571184, -0.09572056805186337
0.23558406544325017, 0.32892033939102205, 0.566717085386982, -0.35039675591647906, -3.0242001925538244, -0.09563643660722594
0.23558660370907714, 0.32892378469064487, 0.5667216445993669, -0.35028737028147333, -3.024236622344142, -0.09570819046462758
0.23557878311479458, 0.32891981073823373, 0.5667052161527668, -0.3503258622134026, -3.0242042810666043, -0.09560284633266834
0.23558764412116712, 0.3289165446327464, 0.5667159159586035, -0.3502705585960221, -3.024215535299573, -0.09562675216854984
0.23558455401139222, 0.3289186841759593, 0.5667091161721017, -0.35029117378816416, -3.024219109696349, -0.09558453053887637
0.2355746654556464, 0.32891487284234083, 0.5667414060489452, -0.35031681700154527, -3.0242036167484265, -0.09577098986179386
0.23559744252699485, 0.32891273751790595, 0.5667248174436174, -0.3503606445593423, -3.0242263609731337, -0.09569228752586717
0.2355792215748888, 0.32891074789648433, 0.5667210231836204, -0.3503403726742489, -3.024198448355975, -0.09566093222727934
0.23562415480405283, 0.32888053659983474, 0.5667476307710879, -0.3505370771732174, -3.0242106979835466, -0.09580779953125368
0.23581131539502806, 0.32873844471295927, 0.5667103152259438, -0.35136936395356977, -3.0242466923599043, -0.0954345374083282
0.23610429971326938, 0.32846857252419714, 0.566697861652301, -0.35277984559635034, -3.024477845283805, -0.09504535028625263
0.23649017247971788, 0.32806206224826967, 0.5666482683329651, -0.3547873022145185, -3.024663518256244, -0.0943521020973161
0.2369955461833288, 0.32752817456457584, 0.5666718707575471, -0.35735650409136055, -3.025019361821605, -0.09390160166365683
0.23760883478181458, 0.32691678713593125, 0.5666583320262145, -0.36037192412610813, -3.0253436219630596, -0.09330182715713169
0.23835201123081168, 0.3261703320760263, 0.5666221243092644, -0.36414198688033295, -3.0257590178294373, -0.09222658623213499
0.2391805461557429, 0.3253495969895173, 0.5665714191571765, -0.36815953351684405, -3.026367488679106, -0.09114631028348275
0.2401409215292356, 0.32441654032859274, 0.5665255744978716, -0.3729130969585322, -3.0268806846275353, -0.08986447976172196
0.24123429846053632, 0.32329493688034594, 0.5665041387027872, -0.3784325079239811, -3.0274558584773557, -0.08856841144331791
0.24244610164037358, 0.3220653912797242, 0.566450923232202, -0.3846304201192565, -3.0282490638787176, -0.08686230897306613
0.24374635033061412, 0.32081361218701554, 0.5664182165461906, -0.39095248055742815, -3.0290654367314724, -0.08547597988546532
0.2451392766482982, 0.31940475692705605, 0.5663344739609135, -0.397896492069752, -3.029850932967273, -0.08334404226261798
0.2466819360204348, 0.31785578166665457, 0.5662797846683566, -0.4057230619079872, -3.030504530694602, -0.08145352581398677
0.24829599683319536, 0.31624241948005144, 0.5662629745405529, -0.4138854380082613, -3.031309438328354, -0.0796849343065779
0.2500880335983961, 0.3144847491837554, 0.5661471217201857, -0.4227885910881039, -3.032342025569893, -0.07711738786696518
0.25195532351192457, 0.3126043698106861, 0.5661085572956399, -0.4321264913944097, -3.0332280381404053, -0.07489429962474568
0.2539188928927488, 0.31061911643688506, 0.5660099874139402, -0.44207746659823904, -3.0341658722408873, -0.07211861491426878
0.25610061521818045, 0.3084414335077727, 0.565940995058735, -0.45306230418340704, -3.0352343809540057, -0.06936109222002804
0.2583327983523127, 0.30622650477651053, 0.5658463020260193, -0.4643188713446518, -3.0362607746791457, -0.06642583209008722
0.260620097089641, 0.30394759397233356, 0.56574817406155, -0.47581632353302067, -3.037165837346735, -0.0633548442021534
0.26308296154014593, 0.3014796788733122, 0.5656730441580711, -0.4882913136329296, -3.0379379965860958, -0.060330119594334215
0.2656060188943785, 0.29896195315818924, 0.5655788530448929, -0.5009581473828446, -3.0390354064073772, -0.056952548197171
0.2682702300927793, 0.29632436642761184, 0.5654560302268342, -0.5144005034474703, -3.039948527505771, -0.05347190918897613
0.2710555741469463, 0.29353838609646143, 0.5653615742878004, -0.528463385929864, -3.040977410560597, -0.04992535299338009
0.27390935121105936, 0.29066948101131934, 0.5652308681160239, -0.543035002077214, -3.0419499423889382, -0.046025751258057024
0.27672181291426523, 0.2878964886168151, 0.5651152980335106, -0.5573428999794758, -3.0427319702294437, -0.04244394365466071
0.2795139060544818, 0.28507633225173895, 0.5650254225294357, -0.571566633184607, -3.043253918285995, -0.03883225532090775
0.2822507694793192, 0.2822748559834809, 0.5649813133515342, -0.5855829297202091, -3.044183991235312, -0.035284812857543715
0.2849160600441148, 0.2796093970410277, 0.5648903829095043, -0.5990813932156981, -3.044750394039462, -0.031653710563011486
0.28739419780867764, 0.2771577245444001, 0.5647804798495595, -0.6117492894618324, -3.0451583182784354, -0.028291206939379882
0.2897831409668463, 0.27479615569140875, 0.564676975432564, -0.6238925288082183, -3.0454424843953865, -0.025222292079846203
0.29201594983228796, 0.272577993107751, 0.5645707950695411, -0.6352521679168376, -3.0457203791526415, -0.02211764198496556
0.2941814782512652, 0.2704113200771313, 0.5645094892602912, -0.6463637213256187, -3.046038563993992, -0.01924361470726152
0.2962067379953357, 0.26844049247960333, 0.564411080351425, -0.6565770182524077, -3.046457338512969, -0.016506598208614717
0.2981133038806927, 0.2664840172296871, 0.5643566280463399, -0.6664206702940336, -3.046281239387026, -0.014062298927516415
0.2999009700674912, 0.26471313114453154, 0.5642979551947305, -0.6754897339240853, -3.046706032530851, -0.011659392653485225
0.30161589441576, 0.26298287763537986, 0.5642093821879508, -0.6843517007245393, -3.0466713145524564, -0.009234705494848014
0.30313054083034835, 0.2614485125326717, 0.5641588083923033, -0.6922416059462572, -3.046630270380293, -0.00718909957887386
0.3046248024959492, 0.2599827108008515, 0.5641080976140397, -0.6997573433373776, -3.0467681515934526, -0.005297609801792436
0.3060386863111007, 0.2586030375874417, 0.564035223038151, -0.7069584823901266, -3.0469334295258776, -0.0031979247434303385
0.3072500680605871, 0.2573692323989445, 0.5640014541994942, -0.7132029044221413, -3.046923288605519, -0.001577412283281897
0.30838720454361385, 0.2562181916661445, 0.5639872781011217, -0.7191228282939117, -3.0469085617963487, -0.00016378357068384241
0.30936665355239107, 0.2552643591930061, 0.5639339504617453, -0.723996269317231, -3.0469208746812084, 0.0011419544602028315
0.3102710319344374, 0.254378099204789, 0.5638814880573783, -0.7286317082576138, -3.0468181347236807, 0.0025211268631532995
0.31103751967805543, 0.2535922678666414, 0.5638505782301638, -0.7326416103015112, -3.0468315308034737, 0.003590902806449504
0.3116907577853721, 0.25290974817342177, 0.5638403307089838, -0.7360426885045196, -3.04687054595472, 0.0044976325171798255
0.3122488256005523, 0.2523764259404022, 0.5638312424514162, -0.738838792221809, -3.0467873678279247, 0.005047676153789606
0.3126967351799861, 0.2519414172119321, 0.5638038313511587, -0.7411350345067427, -3.0467898441214754, 0.005783395614064895
0.3130044333909668, 0.25163294609245923, 0.5637716599552023, -0.74274663593261, -3.0467578641565036, 0.0063211969788993854
0.3132176182362667, 0.25144545066915674, 0.563800205422099, -0.7437758558944356, -3.0468627183637165, 0.00647324896669486
0.31331573064645707, 0.25132743268886176, 0.5637801858890172, -0.7443321005472536, -3.046847791702209, 0.006667044360308848
0.3133298618416611, 0.2513074115754381, 0.5637724353005397, -0.7443468248915887, -3.046830201126546, 0.006719475401800507
0.3133445596956211, 0.2513164395854523, 0.5637584455382528, -0.7443858228989113, -3.046829845114303, 0.00678622909412984
0.31337994437229527, 0.25132497293358935, 0.563608405961484, -0.744461938632342, -3.0468829392683885, 0.006769112412974487
0.3133658149221252, 0.25131331701716864, 0.563188292434454, -0.7445086336102219, -3.0467962414130745, 0.007069179549177378
0.3133604406397308, 0.2512876231388742, 0.5626967679232318, -0.74446784080269, -3.046874698801712, 0.0068696942044859525
0.3133626936986023, 0.251280438313783, 0.5620231033278053, -0.7445708201112617, -3.04681388658322, 0.0068723711729535295
0.3133494890357905, 0.2512796584632509, 0.5612139094998061, -0.7444845321744361, -3.04683179022835, 0.00685517589949678
0.31335932330106775, 0.25128544631883365, 0.5601895257299523, -0.7444585361306888, -3.0466922944548984, 0.007237062283579691
0.31335712205499894, 0.25129774838911567, 0.5590578693107685, -0.7444881269993399, -3.0466633827100575, 0.007148423495324472
0.3133631319376118, 0.25129242544570324, 0.557705320635101, -0.7445442805720912, -3.0467181374398273, 0.007075654679206444
0.31335624981091637, 0.25131012106236283, 0.5562851604282305, -0.744453910031617, -3.046789088745734, 0.006826731334492021
0.31335431969762967, 0.25128927581996685, 0.5546315631373256, -0.7444908306979772, -3.0468090494124134, 0.006812912644387557
0.3133359163990428, 0.25127204140418574, 0.5528588819486988, -0.7445689067561223, -3.046668833276231, 0.006870194073918483
0.3133488015753569, 0.2513240021889248, 0.5508204419971497, -0.744472124215219, -3.0466512438160596, 0.007036281755336934
0.3133220036675979, 0.2512933701355719, 0.548828246181735, -0.7444836500506353, -3.046751191288693, 0.006701697663127249
0.31333833427326296, 0.2512881116880203, 0.5466994945896125, -0.7443752876657813, -3.046830210531081, 0.00666318705808165
0.3133467676981255, 0.251297306234376, 0.5447469782549968, -0.7444536994941429, -3.0467513148249825, 0.0067979104864081975
0.3133655122486045, 0.25133590533089606, 0.5428512662706344, -0.744436665292418, -3.0466933213955505, 0.00719455105415577
0.3133647234953671, 0.251337479484168, 0.5413022571633392, -0.7443883981658141, -3.0468328668374394, 0.006651811253639153
0.31334514442393685, 0.2513131569594985, 0.5398256973754095, -0.744456707114808, -3.0467751184807548, 0.00675357212975187
0.31333988613849406, 0.2513232785933488, 0.5384999567273442, -0.7443398010011398, -3.0467675834416563, 0.006881485578507045
0.31332824224816064, 0.25131990189664827, 0.5373201816389742, -0.7443556269638479, -3.046760046682214, 0.006781152685670168
0.31334522645809504, 0.2513154894528781, 0.5362821944873096, -0.7443818532194942, -3.046668271847178, 0.007037709811867061
0.31334326474616814, 0.25132076945952775, 0.5354649273125466, -0.7443513132057158, -3.0467536271551467, 0.006969067248097242
0.3133430750876587, 0.25132591879375954, 0.5348067482015936, -0.7443413683297114, -3.0467121819672878, 0.007005303442221726
0.31333555569244503, 0.2513269994215873, 0.5343613335164654, -0.7444014456480437, -3.0468102228409633, 0.006691318678889337
0.3133376067354701, 0.2512898555331419, 0.5340062085567335, -0.7444740374939818, -3.046753605954998, 0.006850400957767351
0.31332167752858175, 0.2512992215026092, 0.5338275389499841, -0.7443744712376602, -3.046797126638962, 0.0067831956976836865
0.3133236613356361, 0.25131362910845734, 0.5337941918650461, -0.7444168207970362, -3.046800800527993, 0.006629948720463931
0.3133229199608045, 0.25130063747415254, 0.5338203035486403, -0.74445143411397, -3.0468605155445982, 0.006469914352360725
0.3132609635442285, 0.251226796521023, 0.5337170585143494, -0.7444164002614342, -3.0467946584227183, 0.006606031432870199
0.31311250845324307, 0.2510612849329231, 0.5335254219391737, -0.7443949979056179, -3.046783069197781, 0.006779833219261541
0.3128650103767919, 0.25082506145411765, 0.533250527534435, -0.7443233402580534, -3.0467918348502283, 0.006775337226060473
0.31250806057779684, 0.25045012321744203, 0.5329313991509204, -0.7444099317603182, -3.0468175241417628, 0.0067655240677816355
0.3120776950585841, 0.2500262364063859, 0.532446549938908, -0.7443639595018698, -3.046766937473001, 0.006974336463776936
0.3115323313422392, 0.24947430812519353, 0.5320170191472461, -0.7443365073467725, -3.0467939164074753, 0.006767714419747489
0.31090913741221526, 0.24883496791362394, 0.5314027623537038, -0.7442567114936725, -3.0469038187084316, 0.006501420562601399
0.3101996325903758, 0.2481599044596835, 0.5306597965030365, -0.7443720242911983, -3.046867362007376, 0.006623343118620718
0.3093721759112376, 0.24731870676657286, 0.5298709133633368, -0.7442814155029153, -3.04686288503779, 0.006713717052729772
0.30850032554558915, 0.24646685003937527, 0.5289503125175105, -0.7442917605160643, -3.0467754158270663, 0.006627963561820303
0.30754636450969014, 0.2454929256611312, 0.5279707751778624, -0.7442450224096655, -3.0467124270587167, 0.007014434428692115
0.3066916748082441, 0.2446636102380081, 0.5270717104765704, -0.7443537910257052, -3.046718344789769, 0.007039065833998943
0.30594916083505785, 0.24390508612412268, 0.5263845738463334, -0.7440924829987337, -3.0468795398805764, 0.006798749240829479
0.3053109911371846, 0.24327283841021832, 0.5257259494721506, -0.7444056188195493, -3.046784790633301, 0.006752128169469124
0.3047432765064007, 0.24268726779441605, 0.5252240283880877, -0.7444004698026794, -3.0468229343205424, 0.0066354090999116684
0.30430433762784004, 0.24224463673806548, 0.5247080941656607, -0.7444714264790234, -3.0467771844521128, 0.006822706508345387
0.30393597408960377, 0.2418923660981221, 0.524314425457859, -0.7445513346430406, -3.0466935492208567, 0.006990208366726529
0.30364544036123403, 0.24159281256601334, 0.5240548038223982, -0.7444536761733458, -3.046755608502311, 0.006854683681240929
0.3034622587604445, 0.24141200087409212, 0.5238762011969488, -0.7443217705454375, -3.046839804916589, 0.006763989395098232
0.30335722649663854, 0.24134499017653493, 0.5237754974868462, -0.7445130824616942, -3.046746680575367, 0.006798449952339295
0.3033428757040257, 0.24132829314112683, 0.523775174882717, -0.7445799333619323, -3.046780481829119, 0.006707153298686172
0.30334734792976026, 0.2413365352941971, 0.5237808973124481, -0.7444356774569162, -3.046822025922874, 0.006629496510938439
0.30333178948860046, 0.24132596537963075, 0.5237873855626788, -0.7444615048487292, -3.0468477114952366, 0.006608539726753716
0.3033272178302431, 0.24132706579097107, 0.5237739070946085, -0.744391463979715, -3.0468008470438197, 0.006651494097938786
0.30333366188659466, 0.24132274203409762, 0.5237929909970407, -0.7444600194184054, -3.0468410342996233, 0.006584198715546397
0.303319365135818, 0.24131197141772334, 0.523791648988097, -0.7444179843800576, -3.0468306502651634, 0.006612873516839472
0.3033324465570842, 0.24133075052418648, 0.5237761991038031, -0.7444349225210385, -3.0468176982268025, 0.006647830291511838
0.30332359618359184, 0.24131803073936164, 0.5237840488444696, -0.7444732286968672, -3.046817465149995, 0.006612356090949759
0.3033344226107988, 0.2413376010909552, 0.5237661645803882, -0.7444013353057718, -3.046839984397736, 0.006696381964816712
0.303328676573946, 0.2413194383734605, 0.5237794515910223, -0.7444697005346778, -3.0468022318776344, 0.006623596761786626
0.30333194286005183, 0.24132810120734072, 0.5237714865381086, -0.7444569961443341, -3.0468283795774496, 0.00663734870178523
0.3033168720255382, 0.2413143041384193, 0.523784919308324, -0.7444368523467385, -3.0468287535269876, 0.006654756475042508
0.30332370856827295, 0.24133376597309028, 0.5237806237995848, -0.7444357491528557, -3.0468220436426843, 0.006630583824590307
0.3033336587234125, 0.24133650879794857, 0.5237706415293328, -0.7444927408109703, -3.046817748709945, 0.006696603343193452
0.30332497309798007, 0.24131413142139127, 0.5237829289027234, -0.7444513850703496, -3.04680683524158, 0.006622836389651478
0.30333022671158955, 0.241333507366619, 0.5237580430795745, -0.7443964849490484, -3.0468206775676845, 0.0067251549008387835
0.30331064365095595, 0.24131502457287846, 0.5237906492753921, -0.7444363610561558, -3.046826477510339, 0.006612423376076871
0.3033144325931189, 0.24132826467377747, 0.523777099420677, -0.744342867637535, -3.0468402102226677, 0.006647874471090118
0.303312831915482, 0.2413181375569514, 0.5237826407041701, -0.7444015146401641, -3.046839475699574, 0.006594944269236487
0.30332115013482497, 0.24132628312459076, 0.5237749073390212, -0.7443873811321089, -3.046861441516621, 0.006626016925209887
0.3033187884005222, 0.24133076709937293, 0.5237657639313444, -0.744344842871364, -3.046849162496363, 0.006714548910191159
0.3033092859171291, 0.24132085172679596, 0.5237814714758527, -0.7443449898424834, -3.046848612668853, 0.006613016333164997
0.30331994103263477, 0.24132057223027242, 0.5237885257292934, -0.744472995990478, -3.0468175400357245, 0.006612431930536889
0.30332021498886197, 0.24132099686700398, 0.523777099420677, -0.7444527508051967, -3.0468134162605205, 0.00664797213990604
0.30331968624554523, 0.24132207543389086, 0.5237896542911993, -0.7444170861263598, -3.0468241684456623, 0.006588063418783591
0.30331635362954373, 0.2413173167687467, 0.5237871764221461, -0.7443973096664486, -3.0468243388534306, 0.006606142419714959
0.30330980730852525, 0.2413234919521598, 0.5237916532917515, -0.7443973613735677, -3.0468243963274872, 0.0066063159480129405
0.3033256501312382, 0.24132093537707316, 0.5237816413968466, -0.744420871643182, -3.0468391497879987, 0.00657738294419731
0.3033256007321438, 0.24132680644963536, 0.5237691857941794, -0.7444193766550029, -3.046833113632163, 0.006654779473674139
0.30332574060263773, 0.24131144950260894, 0.523766832593641, -0.7444921307547007, -3.046815356435057, 0.006654790659627893
0.30332618223460933, 0.24131984214457808, 0.5237693104382791, -0.7443832100159115, -3.0468464998328546, 0.00663646805037224
0.30333505168826597, 0.24131897785490375, 0.5237624721046549, -0.7444310667721157, -3.0468050309530597, 0.006700653026878288
0.30332044954361637, 0.24133298935402145, 0.5237602324211555, -0.7443876093745313, -3.046783912861055, 0.006722126346976748
0.3033409651688669, 0.24133120703737793, 0.5237626500162782, -0.7444470207879165, -3.0467873298578185, 0.006651496760969475
0.30331981819719567, 0.2413340743854527, 0.5237691857941794, -0.7443643560145854, -3.046846581730608, 0.00665482700117496
0.3033254568034317, 0.24132084855659525, 0.5237478450049021, -0.7444086872517043, -3.046792782332064, 0.0067705431465877345
0.3033271589589685, 0.24131351986521257, 0.5237658928120448, -0.7444534789206925, -3.0468158024404413, 0.006689537318112156
0.303313579550586, 0.24133286096082526, 0.5237852137397391, -0.7444040760990781, -3.0468506472407952, 0.0066012944175522685
0.30330915721296925, 0.2413050786654448, 0.5237903202013278, -0.7444205088658052, -3.046839050068326, 0.006578138980291294
0.3033140197734021, 0.24130636970135705, 0.5237903598201104, -0.7444816724514549, -3.046854201330519, 0.006616236283008309
0.30332274481757526, 0.24131689467369055, 0.5237647729523699, -0.7444496185138901, -3.046800793773585, 0.0067001902560415395
0.30332369436304746, 0.24131227746804962, 0.5237780435588729, -0.7444708100632096, -3.0468064492456706, 0.006606184643128003
0.3033116766941489, 0.24131461602357768, 0.5237848197829553, -0.7443459875215478, -3.0468553519150205, 0.006637191257141591
0.30330782794588923, 0.24131098839460105, 0.5237892484812862, -0.7443080298704695, -3.0468574805936597, 0.0066127879093935485
0.3033048569579203, 0.2413010302819543, 0.5237868818869623, -0.7443706242899405, -3.046876781349532, 0.006633480420967022
0.30331972500188714, 0.2413047557788959, 0.5237736218789256, -0.7444698325106595, -3.0468047165004695, 0.006665263546981787
0.3033323541250992, 0.241328781052958, 0.5237625200450818, -0.7443960464920356, -3.0468206979845935, 0.006725036887850173
0.30332128516964363, 0.24130900059365376, 0.5237826277854507, -0.7443720504552634, -3.0468810129733606, 0.006615189856677606
0.30331888856501066, 0.24133080134686283, 0.5237760315972355, -0.7444070051860199, -3.046861192321946, 0.006608736615436251
0.3033306109120477, 0.24133028672015852, 0.5237613872938417, -0.7444370451236927, -3.046829277197425, 0.0067563244593007955
0.30333011978538504, 0.24133153532186047, 0.523744588234797, -0.7443576224397381, -3.0468237341414808, 0.00680159527532894
0.3033262577179756, 0.24131593532347576, 0.523785222376937, -0.7444537774797002, -3.046815364307542, 0.0065872902253456996
0.30331670775346803, 0.2413256657973128, 0.5237659014487981, -0.7444298846900087, -3.0467987394165448, 0.006676111188101483
0.30331999495886913, 0.24132276165693453, 0.5237770865021963, -0.744424139798747, -3.046854902119815, 0.006668507534046022
0.3033157712187806, 0.24132235218506973, 0.5237836404150603, -0.7443829801233898, -3.0468437901917977, 0.0065955870621843184
0.3033181304975724, 0.24131414390886116, 0.5237837563640418, -0.7443705355688742, -3.0468743658677764, 0.006590992541867326
0.30332747936531435, 0.24132758732407242, 0.5237906932197878, -0.7444237190167735, -3.0468522641839058, 0.006626641343009293
0.3033305939607126, 0.24131841068688029, 0.5237736177589041, -0.7444556665325914, -3.046823982382948, 0.00665535949587918
0.3033248116269812, 0.24132567874235664, 0.5237736177589041, -0.7443821161675002, -3.0468419518322953, 0.006655358055547709
0.3033221292725883, 0.2413236850985526, 0.5237805171256509, -0.7444014534463796, -3.046839452576956, 0.006594855886157006
0.30331200983915363, 0.24131310014752036, 0.5237996071605245, -0.7443924132871688, -3.046882586593187, 0.006538109558421085
0.3033227567379199, 0.2413208452022306, 0.5237726138923879, -0.7444217635904637, -3.0468439278527386, 0.006661564184982439
0.3033262025161098, 0.24131809649978994, 0.5237635155852105, -0.7444157624053085, -3.0468228474389627, 0.006749301998318408
0.30331772733566836, 0.24130776456576292, 0.5237736175454871, -0.7443989700248104, -3.046833513893078, 0.006672033802189423
0.3033280941156843, 0.2413244738016508, 0.5237759155380175, -0.7443634490151192, -3.046844012009357, 0.0066127985018715
0.3033242459953352, 0.24133268097258045, 0.5237680689134488, -0.7443802433498397, -3.046833550328438, 0.006690319157369735
0.3033125492952952, 0.24131004682899915, 0.5237769745742976, -0.7444138490396695, -3.0468139200965947, 0.006682716272300831
0.30331461518113395, 0.24130132864912435, 0.5237858796914998, -0.7444441479029855, -3.046856419786401, 0.006591081853000722
0.30331676239882194, 0.24131803695855708, 0.5237848763406576, -0.7444298290027994, -3.046876013264041, 0.00658067683082848
0.3033174646157395, 0.24131695720954643, 0.5238050997881458, -0.7444408186422008, -3.046842950247979, 0.006543278468891366
0.303330489785271, 0.24132016351422841, 0.5237691901275935, -0.7444532583269767, -3.046813246767471, 0.006647814886834782
0.3033176049407267, 0.241311506688133, 0.5237870597002182, -0.7443717708254443, -3.046880920634843, 0.006615961977551457
0.3033252817276099, 0.24131481747468578, 0.5237703611602986, -0.7443846813758445, -3.0468554823777763, 0.006703086985592673
0.3033280385543304, 0.2413109754011283, 0.5237759622833402, -0.7444777027450064, -3.0468372686711858, 0.006685788130896972
0.30331896406591485, 0.24132689433378388, 0.5237919435145153, -0.7444038163752449, -3.0468479715221335, 0.0065593646098415686
0.30332246897541787, 0.24130100976966046, 0.5238074354288992, -0.7443762836898666, -3.0469001151115602, 0.006586942227716013
0.3033228669364779, 0.24131719985339994, 0.5237873843133194, -0.7443539508217539, -3.046887892583805, 0.006656854636428219
0.30331048397484683, 0.24132454086594898, 0.5237634236450044, -0.7443740600395422, -3.0468077171914643, 0.006694191066747718
0.3033166997528952, 0.24130818157971407, 0.5237792229991948, -0.7443973804552172, -3.046826800159999, 0.0066477206135187985
0.30332787402115136, 0.24132623865331027, 0.5237759026194979, -0.7444082309491223, -3.046867670436497, 0.006633528587556376
0.30331462093104605, 0.24132075636120354, 0.5237757458096728, -0.7443243424990219, -3.046844489569971, 0.006648432327031128
0.3033250428371981, 0.24129878403617497, 0.5237701291504657, -0.7443522593422502, -3.04680369675521, 0.006728364262660487
0.3033196811260052, 0.2413087923897045, 0.5237738775261601, -0.74426652998182, -3.0468502405054383, 0.006783008365653286
0.3033184992185371, 0.2413031604527841, 0.5237555053925471, -0.744349442994245, -3.046793456897914, 0.006823217996079213
0.3033144191806517, 0.24130309945946932, 0.5237735527341958, -0.7443025176334949, -3.0468388603941374, 0.006742164952357696
0.3033293571486883, 0.24131295298465985, 0.5237623871243914, -0.7443253525130009, -3.0468518166630356, 0.0067732554401529425
0.30330568187257173, 0.24130611450219705, 0.5237779770366511, -0.7442670114296955, -3.046852031290634, 0.006724823019691097
0.3033264255583018, 0.2413318904464982, 0.523760280361362, -0.7443154025102043, -3.0468084524059664, 0.006746118887561508
0.3033188350239642, 0.24132093954687764, 0.5237703783819682, -0.7442466916832049, -3.0468431454486566, 0.006675507047556906
0.3033171841711952, 0.24132441433309984, 0.5237829245991533, -0.7442706130264842, -3.0468623161158392, 0.006629440961434448
0.30332292720467274, 0.2413249511826123, 0.5237601714129726, -0.74428356437447, -3.046836555298563, 0.0067179853496284305
0.3033324226884914, 0.24133859267398114, 0.5237480215082925, -0.7441905876068978, -3.0468502686209455, 0.006752634682004244
0.3033483143243643, 0.24133997366461846, 0.5237392282165289, -0.744202938517145, -3.046822327780501, 0.006797883258309271
0.30335160915706794, 0.24134271979666547, 0.523749366613239, -0.7440833833914925, -3.046885255538038, 0.006716509957580078
0.30335410906857896, 0.24133665627457376, 0.5237470689928108, -0.7440836761472887, -3.04688754849522, 0.0067588276739059296
0.3033639490759113, 0.24133930578670124, 0.5237189816480756, -0.7441545589649226, -3.0468619260281082, 0.006895350109822347
0.30337110847101106, 0.24134369021012, 0.523714612779563, -0.7441499982544468, -3.046842523511524, 0.006923236348170286
0.3033610103922281, 0.24134076016596911, 0.523730196873416, -0.7441306380706639, -3.0468421242787205, 0.0068398690609063895
0.30336708774116405, 0.24134186768951035, 0.5237067605264805, -0.7441168833785333, -3.0467916698863577, 0.007049583728936615
0.3033678928293984, 0.24130819532858894, 0.5237076376214247, -0.7441168625340738, -3.046796302095808, 0.007133228712350847
0.30335178859591183, 0.2413140574238258, 0.5237189250078239, -0.7440034962825058, -3.046807632311402, 0.007042330136965278
0.3033617124048436, 0.24129343822547972, 0.5237244987261367, -0.7440411335376851, -3.046807744142092, 0.0071079364419328155
0.30335946058159474, 0.24129230524965448, 0.5237200512481953, -0.744026615352831, -3.0467546106619525, 0.00727663880972881
0.30335633658609484, 0.24129375250960958, 0.5237121986902096, -0.7439712726186815, -3.046766241638166, 0.00733574760024175
0.30336248065379845, 0.24128695352858454, 0.5237245239128804, -0.7439928088453271, -3.0467742523515833, 0.007283294234650495
0.3033727414751808, 0.2413016848818022, 0.5237078962827055, -0.7439911802419198, -3.046765806525348, 0.007318200736295239
0.30337260773930574, 0.24130147759153514, 0.5237134970650523, -0.7439373368008485, -3.0467833088192937, 0.007300609662950034
0.30337838514279647, 0.24130977337892165, 0.5237102479501236, -0.7440094163342593, -3.046761362231197, 0.007318238620100324
0.3033746175106358, 0.24130841781423076, 0.5237113452775352, -0.7439559779726661, -3.0467838773382923, 0.007384112249478572
0.30338579379335073, 0.24132450200409214, 0.5236979450525122, -0.7440067053258381, -3.0467535619020554, 0.0074546811482688055
0.30337730717020317, 0.24131408767776039, 0.5236933232374451, -0.7439731944639615, -3.0466951114735585, 0.007455842704301369
0.30338973873624336, 0.2412836413334431, 0.5237248546343954, -0.743905705023441, -3.0467459535266777, 0.007576311014263119
0.3034175472139078, 0.24126511939288636, 0.523693611202169, -0.7440041808312468, -3.0466719768591197, 0.00766674817336485
0.3034242697553431, 0.24125527089272783, 0.5237193233775361, -0.7440178968758694, -3.046727155292518, 0.007540804627899212
0.3034393362105785, 0.24124959171709862, 0.5237093582419671, -0.7440276847553148, -3.0466882218079854, 0.007579049884377685
0.3034347231965849, 0.2412293092647642, 0.5237215141394286, -0.7438802369088672, -3.0467212241389348, 0.0075366821427518575
0.30344951134585485, 0.24123701800161448, 0.5237207747887779, -0.7439614190102202, -3.04673612334273, 0.007556660764226393
0.303455137511735, 0.24124300737196747, 0.5237424455465232, -0.7439714160075586, -3.046699186091214, 0.007535241222521187
0.3034646174654412, 0.2412451746616593, 0.5237468812192848, -0.7439303152004522, -3.0466957530416092, 0.0076894074663407036
0.3034456530285124, 0.24122570568992482, 0.5237987466502849, -0.7439355329846948, -3.046721440200275, 0.00758340134648125
0.3034785172673775, 0.24122233157014972, 0.5237979368003801, -0.7441031025454358, -3.0466944034087704, 0.007631771566182667
0.30348773066932433, 0.24118503950376396, 0.5238674870316317, -0.7441217599230266, -3.046697410700597, 0.007495217964747825
0.30348776654957427, 0.24118327037706616, 0.5238484352796827, -0.7439910516254693, -3.0467183554645985, 0.007588898922527304
0.30350100569426747, 0.24120415413976715, 0.5237641817725005, -0.7439683977917981, -3.0466950003816335, 0.007651999663727211
0.30353814175090443, 0.24123982257265608, 0.5234619143963852, -0.744027008745535, -3.046662493204319, 0.007784191976165295
0.30353554167264496, 0.24123990719448485, 0.5231679456071471, -0.74400032251499, -3.0466024500359046, 0.007949392764183159
0.3035628280669812, 0.24124825037511058, 0.5228386701372449, -0.7440698515512992, -3.0465435693318454, 0.008327816548924746
0.30357530719724724, 0.24128546190356617, 0.5225043443900705, -0.7440253814729879, -3.0464837466394816, 0.008510751143988502
0.3035609848927652, 0.24127631625553822, 0.5222917869214724, -0.7439947977868947, -3.0464880525299742, 0.008427699321509765
0.3035646348531723, 0.24127369538797436, 0.5219875057627301, -0.7440512379101487, -3.046449110536626, 0.008535709257299158
0.3035647107230389, 0.24125821604803033, 0.5217384890208695, -0.7439595572445404, -3.0464457641907514, 0.008642238736900235
0.30358085903148935, 0.24126952531887427, 0.5214717014319121, -0.7440879765775653, -3.04645749916636, 0.008587761923639624
0.3035795310283801, 0.24125404549914217, 0.5211481296850552, -0.7441326873653843, -3.046373819812099, 0.008828838002728033
0.3035866945611354, 0.2412912462985959, 0.5208553726927212, -0.744062645852553, -3.046365617074647, 0.008834706206277933
0.30357556007277064, 0.24125572250587954, 0.5205854455074956, -0.7441530093235028, -3.046386372704498, 0.008780739815822213
0.30356904936040724, 0.24126992952156195, 0.5202436274496324, -0.7440820832964624, -3.0463065699395693, 0.0091689585692569
0.30355148239587737, 0.2412447497662348, 0.5199840440399076, -0.7440628231011005, -3.0462813838584175, 0.009293368188637186
0.30353538479887926, 0.24122149979495366, 0.5197229701915085, -0.7440544066529181, -3.0462940597302306, 0.009261120058741502
0.3035643832491451, 0.2412434229972808, 0.5193769146698871, -0.7441952631936638, -3.046198587774284, 0.00940719791088161
0.3035663606042474, 0.24126355774636563, 0.5190630303632794, -0.7441791161758686, -3.0461751119717713, 0.009473733076862757
0.3035702968029752, 0.24124592045291707, 0.5188132102822008, -0.7441407933685171, -3.046227165458447, 0.00952075182922355
0.3035902403057667, 0.24127610256633195, 0.5184714717180711, -0.7441514422927986, -3.0462248663645415, 0.009479964651608627
0.30358885831012805, 0.24126619579405081, 0.518212690167617, -0.7442309237967528, -3.046202673087861, 0.009500097465082496
0.3035806188218501, 0.24128134696139358, 0.517907556204103, -0.7440862443281149, -3.046208013194909, 0.009523925984240737
0.3035925966359569, 0.24129084844438092, 0.5175915433966767, -0.7440743221996209, -3.046131538182148, 0.009841402736193487
0.3035968114430399, 0.24129138739568984, 0.517263908913824, -0.7441021096952914, -3.046062015790598, 0.010249370473340829
0.3035958229212546, 0.24130309884834006, 0.5169925442814778, -0.7440939939916582, -3.0460677419509037, 0.010090872212886653
0.3035929968393552, 0.24129507808183834, 0.5166946668190912, -0.7441066347034335, -3.046084875447507, 0.010125501708638573
0.3035922722362445, 0.2412748950038785, 0.5163929254365502, -0.7441318238026998, -3.0460087629067267, 0.010508124775074937
0.30357788942878294, 0.24127932671752378, 0.5160951457414633, -0.744063563748667, -3.046011578567142, 0.010521631027696734
0.30359970517275436, 0.2412966193188922, 0.515845325768494, -0.7441715259128576, -3.046094062073411, 0.010263622593735817
0.30360922316133615, 0.241275310030119, 0.5155525930925404, -0.7442373737225643, -3.0462443358350964, 0.010142759468980531
0.3036117061342813, 0.2412729438696158, 0.5152091079157937, -0.7442916296013834, -3.0462678530884033, 0.010166452279454867
0.3036200456580466, 0.24125739756165185, 0.5149655003258575, -0.7442796000354805, -3.0463405728787114, 0.01000616171741939
0.30360804043308176, 0.24126368572748982, 0.5146558146386931, -0.7442332698578672, -3.046358956210831, 0.010195492671621351
0.3036312908213973, 0.24124660612026033, 0.5143604178952946, -0.7442847742060522, -3.046380890545067, 0.010378366284124226
0.3038265935890903, 0.24113485369899293, 0.5141067197208021, -0.7442353278350861, -3.0463833415024455, 0.010248997053549255
0.3040578668267233, 0.24103846247070035, 0.513819377284457, -0.7444121308828807, -3.046365658637523, 0.01034437242184212
0.3043139666991177, 0.24097086422022193, 0.5134874735253696, -0.7443938415118896, -3.04632959471269, 0.010437542420206213
0.3045721822903631, 0.24089999457049882, 0.513113899173311, -0.7443044794540622, -3.046238706114101, 0.010552155963087652
0.30482899279764153, 0.2408793099990515, 0.5126967065008707, -0.7445256748684922, -3.0461407524677098, 0.010665640668016969
0.3051736862801604, 0.2408104738782254, 0.5122956921966788, -0.744526611536381, -3.0460916401672162, 0.010632643721455831
0.3053786757603602, 0.24074659402607057, 0.5118860273026868, -0.7444551458806835, -3.0460687761740513, 0.010729443801902603
0.3056175236878282, 0.2406993542151776, 0.5114140927635994, -0.7444600001488106, -3.046032199817578, 0.010808966571105654
0.3059086735834267, 0.24083598735030984, 0.5109025070311168, -0.7443658693634183, -3.045973306951804, 0.011020434488567838
0.3061442650044818, 0.2409810001281147, 0.510364787876258, -0.7440427143198337, -3.045852925890426, 0.011427386224033411
0.306329403929333, 0.24095772805408025, 0.5098613048821022, -0.7442234845197182, -3.0457470784518734, 0.011613571994218766
0.3063732660247701, 0.24101721361689132, 0.5093083572583565, -0.7443717358724457, -3.0456488684113965, 0.011718690003150511
0.30639291342865216, 0.24104318213005133, 0.5087396484671166, -0.7440451676956525, -3.0456092439121485, 0.012236316484106243
0.3064334239760945, 0.24106306174400927, 0.5082345551071545, -0.7441507413201479, -3.0455801779087333, 0.012215661062077107
0.3064435253134393, 0.24107547108130192, 0.5077566033762183, -0.7441301719093234, -3.045604311096368, 0.012411217772062961
0.3064332895346588, 0.24106652930483422, 0.5072966521790481, -0.7442649970323556, -3.0454763978415555, 0.0126381466078633
0.3064468860118382, 0.24107172548878592, 0.5068410739385195, -0.7442397180026475, -3.045474345511929, 0.012633779821127695
0.3064592438790884, 0.24107552169916588, 0.506353093136493, -0.7440880603472448, -3.0455115233388326, 0.0127988706222352
0.30650027843245, 0.24106136611144202, 0.5058152855758759, -0.7442983396686536, -3.0453645128175935, 0.013026521261224316
0.3065690091869318, 0.24116966837406978, 0.5053638201177533, -0.744412524052199, -3.0453724858151596, 0.013010055845773805
0.3066188923776379, 0.24128802786462128, 0.5049315464828916, -0.7444845040689638, -3.0453658880055916, 0.012938241243474067
0.30667325927578454, 0.24140521002072848, 0.504443651629258, -0.7447589956913575, -3.045241298975561, 0.013128928780959703
0.3067021609332455, 0.24144615375225834, 0.5037811035931544, -0.7446862613515487, -3.04519414323093, 0.013598102879330434
0.30671970097426243, 0.24146303085223836, 0.5033198267626273, -0.7444874205686225, -3.0452774501554, 0.013681883739302203
0.30672489658513796, 0.24145294305388496, 0.5028475542438925, -0.7446074763964047, -3.045170791156392, 0.014041245876021246
0.3067048704290858, 0.24144752052984148, 0.5023580181187808, -0.7444742748572518, -3.0452021957092983, 0.014063098439436466
0.306770779549916, 0.24152841040525275, 0.5018383438742823, -0.7446081080215398, -3.0451277636604495, 0.014140166519334958
0.3068007949659867, 0.24168650868677896, 0.50132825114932, -0.7445979717800758, -3.045094003552052, 0.014102737115866463
0.3068409794255321, 0.2418168166718872, 0.5008964705458121, -0.7446171062499879, -3.045112158527586, 0.014138287912680465
0.30687842373525825, 0.24198329398800306, 0.5003981400335272, -0.7445732156194022, -3.045020036989773, 0.014200430274903897
0.30690132172258766, 0.24203687594373094, 0.49991612724714574, -0.7447218110543967, -3.0449393419370074, 0.014439922319860314
0.30691597538075704, 0.24205844314554062, 0.49959461270190386, -0.7446554601837962, -3.0450070490928516, 0.014005081102501133
0.3069135903537596, 0.2420737532036125, 0.49917923478980336, -0.74470541796155, -3.0449204952500954, 0.014001826927039858
0.306938570183228, 0.24211103731741596, 0.4987972362399034, -0.744740347193542, -3.044792586937639, 0.014416922351459749
0.30692579248342955, 0.24208312872635274, 0.4985407804358877, -0.7447464851440616, -3.0447904808142177, 0.014478598109624246
0.30694163403282465, 0.24222177991744856, 0.4982173258554, -0.7448978774236061, -3.0447302321316987, 0.014589021754178824
0.3069596743154912, 0.24233880571319394, 0.49790835169878533, -0.7447908853683952, -3.0448077981880575, 0.014662919141637476
0.3069651650391329, 0.24242961341612929, 0.4976886689915638, -0.7446857775392445, -3.0449628533605493, 0.014236726987846771
0.30696505006415986, 0.24241344414404703, 0.49754908168189393, -0.7445070449526824, -3.0450762202878416, 0.01397480418845038
0.3069693308097087, 0.24242948973886186, 0.49743791365253004, -0.7445440221603854, -3.045060918184901, 0.014155000895562734
0.3069661967682324, 0.24240957276174646, 0.49746546882081705, -0.7446121540082584, -3.0450304171580687, 0.014206220130027154
0.3069722659751307, 0.24240695537766055, 0.4975316803311118, -0.7445252475321323, -3.0450090916999586, 0.014463069455034883
0.30697247531914235, 0.2424231226838705, 0.49759677922508566, -0.744636572192135, -3.0449267659986834, 0.014671672690645355
0.3069685081550923, 0.24245698450170053, 0.4976158583769997, -0.7446695253969599, -3.0449143192215757, 0.014891950508389819
0.30696409555224263, 0.24244528358669604, 0.4976856881438736, -0.7447416777740006, -3.044907183920977, 0.015000873428935808
0.3069609245383092, 0.24245266474484198, 0.4976778126819121, -0.7447056552247785, -3.0449205778398074, 0.01508516556663276
0.30696453556888115, 0.24246537733078052, 0.4976535299138069, -0.7445887768465064, -3.0449860495858236, 0.014945451130007477
0.3069477634964786, 0.24244351226132346, 0.497634209150349, -0.7445406208608201, -3.045096846828557, 0.014721961842488371
0.3069492173507604, 0.24243358301535953, 0.497539712730987, -0.7447623138170668, -3.045039244536449, 0.014640309646484407
0.3069359542496295, 0.24243982352035648, 0.4975130708020344, -0.7447915188560168, -3.0450678606911263, 0.014458329842086944
0.3069307642096292, 0.24244027622319592, 0.4975014084696387, -0.7445525423919435, -3.045120997969756, 0.014475740246192553
0.30692993069295, 0.24244901778453998, 0.49751873327181767, -0.7447273284731669, -3.045122461955615, 0.014461943757743628
0.3069118157556987, 0.2424549905293388, 0.4975475123290199, -0.7445072239921232, -3.045184521551252, 0.014629772340835961
0.3069065069843722, 0.2424554255669993, 0.49756960938714995, -0.7447176871647772, -3.0451015058528124, 0.014752029307928334
0.306891931434903, 0.2424685071119029, 0.4976235328443586, -0.7447666883925878, -3.045156169825963, 0.014853504880142648
0.3068705116447811, 0.24248131376663098, 0.497619045206938, -0.7445795119873093, -3.0451878314828438, 0.015007828382009132
0.30685431871744306, 0.24250862584123273, 0.49763183170201764, -0.7445589771731383, -3.045179894817802, 0.014959108288979936
0.3068644556880151, 0.2424960046448407, 0.497634909691839, -0.7445862778465154, -3.0452141467551868, 0.014903286441988602
0.30687257353477637, 0.24249973613332584, 0.49756513585407613, -0.7446554348326012, -3.045174795533933, 0.014991261616777066
0.3068583101733037, 0.24252808465283018, 0.497540877873577, -0.744578385283715, -3.0452471052053443, 0.014943459731250589
0.3068816627142563, 0.2425261161348821, 0.49748836088525206, -0.7444479038503133, -3.045260196496133, 0.014911391220320517
0.30685963107552894, 0.24252962246250656, 0.4975061563041982, -0.7445978972471156, -3.0453120869350725, 0.014681196792057972
0.3068557790650619, 0.24251457576905344, 0.49749448476951563, -0.7446687422512986, -3.045287800268118, 0.014758438784229076
0.30684847978337865, 0.24253549437198554, 0.49748894102595903, -0.7445923029924818, -3.0452928081346355, 0.014811484549491136
0.306856731711653, 0.24253361625850536, 0.49751935515275275, -0.7445996102015662, -3.0452518313731956, 0.014907657454961072
0.30685146203065056, 0.24251296175607115, 0.4975881552767958, -0.7444466902042512, -3.045275964827527, 0.015102492713692833
0.30684909782761716, 0.24252130967816674, 0.49761500178936724, -0.7446004095880334, -3.045197557507337, 0.015158532078953329
0.3068529920112239, 0.24250737153250748, 0.4976214294139096, -0.744409029759411, -3.045284648142428, 0.015102065884309398
0.30685221752869496, 0.24252205833812726, 0.4976179404040506, -0.7446083591792315, -3.045305781927746, 0.015043466361857664
0.30687079649851223, 0.24256391661099047, 0.4975289176068183, -0.7443338160822327, -3.0453588639459075, 0.015096724066953402
0.30685382247819154, 0.24256315725029762, 0.4975296844008654, -0.7443580757217552, -3.0453764976971405, 0.015009669664054807
0.30683497949450755, 0.2425496372991195, 0.49752551930525374, -0.7440551711166993, -3.045475527218036, 0.014760862245551684
0.3068499677373634, 0.2425751599977945, 0.49748712888307084, -0.7440516017836117, -3.0455364969391154, 0.014837077953109968
0.3068460607512683, 0.24256557690063776, 0.49748561614197834, -0.743956127820702, -3.045540972083916, 0.014806059686188998
0.3068505518257378, 0.2425723730918648, 0.4975354428468549, -0.7438844595177844, -3.0455760922314243, 0.014937690257764499
0.3068437266692357, 0.24256307318990342, 0.4975503332886561, -0.7439769433374052, -3.04556750053534, 0.015088314277932776
0.30685713621007177, 0.24262328440298894, 0.4975610218835924, -0.7438422078849578, -3.0455014867991483, 0.015412744794507743
0.30685255323652083, 0.24261511898549445, 0.49760017419795743, -0.7439981862922678, -3.0454380063020965, 0.015559573772281956
0.3068525797938416, 0.24264672079169786, 0.497641777056959, -0.7438954436097789, -3.045499338078152, 0.015622882616347328
0.3068761881862485, 0.24265139441691486, 0.49758122603724664, -0.7438932001670946, -3.045566378905862, 0.01572378781386034
0.3068567123317489, 0.24268411847614593, 0.4975844511730355, -0.7438327410596848, -3.045630306658823, 0.015591948584104332
0.30685667294963986, 0.24269398666366407, 0.497531601354222, -0.7436578186454994, -3.0457025639926476, 0.01563078945612411
0.3068453794426846, 0.24271689668630683, 0.4975431361104901, -0.7435007062486086, -3.0457688339162523, 0.015525252626157681
0.30684055433816004, 0.2427158114059927, 0.4975083950407125, -0.743639806470491, -3.0457749686615014, 0.01542813350177231
0.3068439029481419, 0.24270724626769208, 0.49751217475092513, -0.7435298476333504, -3.0458079533943923, 0.015552655009895772
0.3068167254062748, 0.24271189684581063, 0.49754083755331857, -0.7437462016492157, -3.0457514504798415, 0.01567271237980003
0.30680125791087076, 0.2427019249691308, 0.4975808462770736, -0.7436353400156166, -3.045782345314941, 0.01575644219127202
0.3068070367734557, 0.2426849007925146, 0.49762661915733747, -0.7437265358552769, -3.045766330873722, 0.01578119379414512
0.30680883708082385, 0.24272469801182917, 0.49762155035983535, -0.7435188859595285, -3.0457915375677738, 0.01592772872873709
0.30681779657854114, 0.24269284720394863, 0.4976146624634398, -0.7435578482698834, -3.0457974255330407, 0.01601759004584351
0.3068272622865754, 0.24271607282393146, 0.4975653008484205, -0.743608711776282, -3.045838550142198, 0.015969716099108393
0.3068137457757098, 0.24270241981243063, 0.49755224058206543, -0.7437377588266638, -3.045805604859373, 0.015827053860779206
0.30681817813974277, 0.2426988666902734, 0.4975438504012582, -0.7437129093912401, -3.045855346449862, 0.01571165561756851
0.3068210436670522, 0.2427203534784273, 0.49746492783165086, -0.7436934516600694, -3.0458448768686863, 0.015722611538267154
0.3068171832662228, 0.24270132724840926, 0.4974806538627873, -0.7438171816886592, -3.0458768827859917, 0.01563884047971413
0.30679205836149304, 0.24269936525102118, 0.4975352924551527, -0.7435798343909249, -3.0458024369534704, 0.016085490915256042
0.3068115743336311, 0.24272952637996587, 0.49775552267929857, -0.7436461397151565, -3.04578708410023, 0.01622643190116273
0.3068438789575971, 0.2427526997358524, 0.4979093809897386, -0.7437028502048243, -3.045734480136211, 0.016567327115797385
0.30685886026681997, 0.24276482719682252, 0.49798576814260176, -0.7437717346920047, -3.0457190741007367, 0.01681102936145286
0.30687100796227584, 0.24280163801381935, 0.49799939441280977, -0.7436255628111407, -3.0456807876240286, 0.01698846779455066
0.30689878867558906, 0.24283330074120468, 0.49798622019734906, -0.7435107133262253, -3.0456852080570465, 0.017075534698155113
0.3069137133889378, 0.2429916979228253, 0.49792471026720597, -0.7435799315880036, -3.0457256328499223, 0.017375887272524315
0.3069566205177783, 0.24315228762751406, 0.4978735097918737, -0.7436061565018176, -3.0458160268295966, 0.017271679212900213
0.3069795812744899, 0.24318681870509337, 0.4978368100419933, -0.7435706595912032, -3.045896087467134, 0.01715386448116859
0.3069863697242824, 0.24318086993048657, 0.4978403283801437, -0.743622753403751, -3.0458740728192826, 0.017188507821181788
0.30698972838725297, 0.2431742469906447, 0.49787160294187477, -0.7433062970221331, -3.0459356305848995, 0.017340728655171066
0.30699038546857965, 0.24318142118890193, 0.4979214284621975, -0.7433121939750429, -3.045894121046079, 0.017539774093038512
0.3068910914953204, 0.2432723505703216, 0.49792045846373156, -0.7432557862278167, -3.0459982035042277, 0.017920081629431275
0.3066957721731278, 0.24326351175123573, 0.49765299456649503, -0.7432193024141813, -3.046267299123874, 0.017268983056451633
0.30664779150538235, 0.24322011694590784, 0.497343199394151, -0.74302799262852, -3.0464656108779473, 0.01685637359980099
0.306639787952031, 0.24321819403809924, 0.4970425748647216, -0.7430778737958333, -3.046324886380641, 0.017104050486985035
0.30661481459672857, 0.2431725503143372, 0.4968364741408497, -0.7430190556261391, -3.046301587788396, 0.017101223701613242
0.30660893573538556, 0.24318140447904568, 0.4966965449893559, -0.7429850011979274, -3.0462261424375896, 0.01717287736513759
0.30662067147652067, 0.24318480817156046, 0.4966455010541098, -0.7427785341948323, -3.046254986293655, 0.017402317694927682
0.3064850436742138, 0.24326773262837198, 0.49664796017707896, -0.7424543455337735, -3.0464315931028962, 0.017402026318665966
0.3063500707337071, 0.24332876843149565, 0.4966633233773222, -0.742529384311213, -3.0465162722023282, 0.017587371751506917
0.30629144661244023, 0.24332554744161825, 0.49668190757723507, -0.7424728128899584, -3.0466023605898496, 0.017469453670239225
0.30629293223999954, 0.24330642948699266, 0.496665724186937, -0.7424391642079081, -3.0466261928446343, 0.017559491477268374
0.30629941084600715, 0.24332717515218502, 0.4966083947683145, -0.7423641797137513, -3.046626357086495, 0.01752912756289586
0.30628926320521865, 0.24331647813620766, 0.4965096853407109, -0.7423206369960983, -3.046596468478775, 0.017585144434221118
0.3062760078242125, 0.24335621413084993, 0.4964387246474812, -0.7421621828958768, -3.046575992856857, 0.017713024714775625
0.30627672265987566, 0.24336500507415673, 0.49635143765405065, -0.7420526012179106, -3.0465939871369874, 0.017748010195394834
0.3062500137274508, 0.24336409180511848, 0.4963641342148314, -0.7418090349388495, -3.046632174825658, 0.017877038606140143
0.30617807410650305, 0.2432710963683038, 0.4963542261874987, -0.7416906702094567, -3.0467000572676826, 0.017677358863563798
0.30613464310378885, 0.24315471451598086, 0.49633637933912583, -0.7417795818941824, -3.0466777501331666, 0.017677640242815876
0.30614266208902563, 0.24315039654741175, 0.49629159181516275, -0.7417481086389826, -3.046699331132172, 0.017624742072612755
0.3061467277945259, 0.24315587852522905, 0.4961896484810074, -0.7415914253647773, -3.0466779866742573, 0.017649752966175714
0.30613416723549935, 0.24316128730898823, 0.4960983532605167, -0.7415429874193896, -3.0467043521066817, 0.017598994168116597
0.30613146384576406, 0.24312799282182063, 0.49604517936619363, -0.741762058599595, -3.0466450381307353, 0.017574454833693444
0.30606097479011884, 0.2430233980491628, 0.49597983010008256, -0.741617200399345, -3.046680060640821, 0.01747419041808743
0.3060134863858275, 0.2428637063808935, 0.4959261646152562, -0.7417487002232473, -3.046664040450665, 0.017360302620570558
0.30598603657564355, 0.2428302041842053, 0.4958736945513993, -0.741707776873303, -3.0466489553354115, 0.01730554717027701
0.3059626628671756, 0.24279079591493707, 0.4957750491988119, -0.7417138218173656, -3.0466599447679537, 0.01721150717033182
0.30594476007149074, 0.24278055826939454, 0.49565409572944286, -0.7416888303276296, -3.0466212964813946, 0.01718435109120453
0.30595418146104625, 0.24278596323413512, 0.49553437198748634, -0.7416425973115682, -3.046651419142628, 0.017115932509060346
0.30593327618138444, 0.24275795526602062, 0.49551031531168865, -0.7415551424983539, -3.046683955035978, 0.017022716085687645
0.30586285450489403, 0.24259496718644696, 0.495500669522852, -0.7414410275940805, -3.046770457344966, 0.016793594497029888
0.30581790840207596, 0.2424467425137881, 0.4954512711130111, -0.7414487668399687, -3.046724023915194, 0.016705675514177218
0.3057832613133855, 0.242356499103108, 0.4953844680310542, -0.7414496255372383, -3.046726041207731, 0.016747188795700203
0.3057835747974718, 0.2423762155657293, 0.49535344126524555, -0.741177225679367, -3.046792136297104, 0.016645306730515733
0.3057811696427193, 0.24237282956161968, 0.4953303995787625, -0.7414671178976528, -3.0467088960967086, 0.016699120804695194
0.30577395767891097, 0.24236431206547168, 0.4952990724584799, -0.7412161219559043, -3.046785552244802, 0.016586619841759364
0.3057776329492682, 0.24237337651024402, 0.4952430208415654, -0.7413523688758723, -3.046702832462622, 0.01667836202043135
0.305787849542555, 0.24239376030891144, 0.49523054256566784, -0.7412849018209636, -3.046739894361131, 0.0166505720093124
0.30578044043184993, 0.24237737587678695, 0.49520863546634186, -0.7413873238788412, -3.046685393671477, 0.016714087303508828
0.3057617004446363, 0.24237990057853534, 0.4952238515006553, -0.741151267594165, -3.046676118907644, 0.016813711032370775
0.3058217648294877, 0.2424245660715308, 0.4955932092169679, -0.7412830625189043, -3.0465063289267937, 0.01782339560292155
0.30587101398671535, 0.24247019447484497, 0.4959572338180746, -0.7411965540277116, -3.046521122909205, 0.01808153328901725
0.3058961919545601, 0.24250711725185148, 0.4962517858099332, -0.7413020243651547, -3.046525291117139, 0.018361927779056184
0.30595097657386244, 0.24263844083411848, 0.49643468677896235, -0.7414457611691344, -3.046501587943045, 0.01857074054878866
0.30601652083540576, 0.2428986349328099, 0.4965385108189053, -0.7412008326061432, -3.0465456831945565, 0.018987575662333965
0.3060711473737029, 0.24321355988165838, 0.49655321961856264, -0.7411808176354521, -3.046542926095158, 0.01938857348349081
0.3061691186575927, 0.24351435960265422, 0.49656077750889727, -0.741148229619312, -3.0465624891783394, 0.01965984302305422
0.3061843044416667, 0.24367748224552024, 0.4965612130933669, -0.7410202160182677, -3.0465954398339723, 0.019864499091952544
0.3061714040829634, 0.24370808321667575, 0.49660499028814314, -0.7410063702199963, -3.046624415941082, 0.019921309583392357
0.3061929881819747, 0.2437504618740019, 0.496628550112442, -0.7409322945566295, -3.0466331804762397, 0.01985438545236129
0.3062220384859463, 0.24376714446347586, 0.4967381488157908, -0.7410142866332424, -3.0466695763527354, 0.019887783221582876
0.30624833560235937, 0.24380278464415975, 0.49681440282770817, -0.7410370610849664, -3.0466889105492916, 0.01984160721870173
0.30626811788046365, 0.24383528398022244, 0.4969470672259265, -0.740845874253985, -3.0467931133888633, 0.01991689751001481
0.3062955444026673, 0.2438743311461109, 0.497114768930968, -0.7409674129688045, -3.0468226580813296, 0.01968913458406394
0.30631098983191846, 0.243877132055784, 0.4971996936628431, -0.7409754673094976, -3.0468656675659256, 0.019614792477299744
0.3062588108118673, 0.24383631839294284, 0.49662016065281495, -0.7410022000765681, -3.046887819528648, 0.019229123139917266
0.306225079197695, 0.24380896359421003, 0.4960510927737516, -0.7409472567736238, -3.046760836092807, 0.019430226318491586
0.30616923798895845, 0.2437437683949771, 0.49562750010576745, -0.7409323988362453, -3.0467222907456337, 0.019203891120820334
0.3060738279276853, 0.24358177181823687, 0.4954384412598778, -0.7409420176723926, -3.0467418743148684, 0.018974429792943108
0.30598546751897426, 0.24335131616450273, 0.4953658843483504, -0.7408824659997996, -3.046803516284505, 0.018637437443162663
0.30578891977660466, 0.24305104991379872, 0.49532175145481455, -0.7408750597152801, -3.0469341637610294, 0.01824956152871989
0.3056207971095629, 0.2428285451343711, 0.4952493108722285, -0.7409174245043028, -3.0469500917083656, 0.018104300870080133
0.30554984207061026, 0.24263513269119197, 0.49512121329499864, -0.7408671914790644, -3.046899721193277, 0.01808612098826029
0.3055353590159124, 0.2426318190788375, 0.4949955562806647, -0.740818446332299, -3.0469197753707644, 0.018009693297795698
0.3055071130739333, 0.24262443705296616, 0.4948555257490939, -0.7407318867323436, -3.0469444425769816, 0.01795228068362601
0.3054854841471646, 0.24259691790753726, 0.49469451911027057, -0.7407247729946542, -3.046892110531118, 0.017860586019368196
0.30545944093974575, 0.24257500785737182, 0.4945295795177602, -0.7407166723383906, -3.046840747333713, 0.017868555827927273
0.30542268871186, 0.24254343354270155, 0.49438903789500505, -0.7408762978380685, -3.046834481355719, 0.017603908972631817
0.3053482183269595, 0.24245024245885405, 0.49425127786537637, -0.7407626675814504, -3.0469019213786033, 0.017305550249209375
0.30521594062653695, 0.24225938973703864, 0.4941580082675234, -0.7406674200229529, -3.046982767573646, 0.017138943534101555
0.3049829758439569, 0.2420165692176174, 0.49399858366474664, -0.7406798738050988, -3.047033411525266, 0.017049326385068765
0.30475354771364366, 0.24182906398248147, 0.4939971962059452, -0.7409508739606673, -3.0471911075196125, 0.01661894056832774
0.30460983101068134, 0.24191639231364837, 0.493996293572411, -0.740898999744086, -3.047300217609078, 0.016779070459542272
0.3044941383115494, 0.24194478529551305, 0.4940740945216752, -0.7407096791355213, -3.047424209177694, 0.017149083699383668
0.3045052727650994, 0.24215063676048115, 0.49416834195691695, -0.7406349107333865, -3.0474513404263748, 0.017479731406130298
0.30456587135946556, 0.24251183187192948, 0.49427931023495936, -0.7406591811415619, -3.0473395856813155, 0.018306872757415674
0.30462296027847124, 0.24289332637687477, 0.4942625334707746, -0.7407071838427124, -3.047294854607423, 0.018814556083101733
0.3046649031617104, 0.2432419405806177, 0.49416490202317287, -0.7406478842792104, -3.0473540824521894, 0.019127337482078524
0.30467989304679105, 0.24334860059971974, 0.4940640878932615, -0.7405974685752095, -3.0474234688298196, 0.01871641167746748
0.3046553208699658, 0.24337748346848548, 0.4938803591866413, -0.7405423287703012, -3.047482694110069, 0.018501662891860768
0.3045518900459119, 0.24319303438476378, 0.4938328431338955, -0.740513871593565, -3.0475894982726577, 0.018016414326970848
0.3044544234212856, 0.24291223763885642, 0.4937993061036443, -0.7405020871561101, -3.0476315530312004, 0.017856085949749793
0.30436973439243525, 0.24259288178308458, 0.4938040099163597, -0.7403218117236129, -3.0476961687222333, 0.017604731721246554
0.3042975184421698, 0.24232527455430145, 0.49387609129945287, -0.7404088853824948, -3.0477497898360966, 0.017304715113003535
0.30429829151799614, 0.2423146654539529, 0.4939546227437448, -0.7403609257739816, -3.0477239685998287, 0.017341666096745763
0.30429452732443335, 0.24231347428851932, 0.49405809063445605, -0.7404703318991501, -3.0477106199159896, 0.017390789522716076
0.30432924777648784, 0.24247316349143705, 0.49416048446247424, -0.7403257818512097, -3.0477696043798077, 0.01770828316325643
0.30439104378882315, 0.24275822272975295, 0.4942090364526021, -0.7403326736463703, -3.047656661225952, 0.01835050414664269
0.30443215981829247, 0.2430504345425096, 0.4941929921777512, -0.7402947264333148, -3.0476542689874195, 0.01866773179255454
0.3044528446124614, 0.24325275867268598, 0.4941267331036251, -0.7401661054631633, -3.0477486356455783, 0.018847751317090128
0.30445128761195134, 0.24334430953244804, 0.49401248640470274, -0.74005927229067, -3.0479137361178292, 0.018528867378472553
0.3044153339787739, 0.2433388548694016, 0.4938366224017717, -0.7399611154099146, -3.047879786251372, 0.018352372645225826
0.3043899317248403, 0.24327279277660366, 0.49372891722837053, -0.740169092837248, -3.0479195661069847, 0.018164287369760546
0.30426355219942397, 0.24302967973213016, 0.4937278569551623, -0.7400898075052808, -3.0479897772454674, 0.017708351323417946
0.30417912385697216, 0.2427673353367087, 0.49369758087268706, -0.7401314865938191, -3.048009381299326, 0.01758509542300156
0.3041048432303565, 0.24254708681386913, 0.49369339937188556, -0.7399574716604517, -3.0480949941722626, 0.01730569830966618
0.3040810517674516, 0.24246985130520676, 0.49373564616774807, -0.7401351689281832, -3.0480375478055244, 0.017256790472755645
0.30406149317877323, 0.24246384377358424, 0.4938071265565492, -0.7401314080140184, -3.048040692298895, 0.017501429432563435
0.30408422764330856, 0.2424812818723937, 0.4938716659453938, -0.7401678731647874, -3.0480453793659037, 0.017649739447509156
0.3041303508165723, 0.24269269101065646, 0.49405519336429965, -0.7401481218925224, -3.0480650008261763, 0.01790209781436042
0.30420004890863556, 0.24296633905617393, 0.4941381761544995, -0.7401646260818926, -3.048073609523035, 0.01847532901144367
0.30422832138509603, 0.24323481921825038, 0.494129699802452, -0.7399327471114407, -3.0480782864579385, 0.018891444911771464
0.30427777179037546, 0.24344932620424112, 0.4940490759456512, -0.7398047318070176, -3.048169436631653, 0.019028325570463196
0.3043158690171439, 0.24357369236410345, 0.49426536468721294, -0.7400417704101954, -3.0479913854049028, 0.019543070548459267
0.3043711808841133, 0.24370241655270813, 0.4947141050390801, -0.7398298567499443, -3.047999251426107, 0.020302964626549697
0.3044901770414828, 0.24377263692132012, 0.49498447542882684, -0.7396374732120289, -3.0479723080061, 0.020764557052260293
0.30467967441547966, 0.24381233397989935, 0.4951831694600395, -0.7396736200001901, -3.0477626227441714, 0.021250269926807636
0.30490512109667806, 0.24376053506333736, 0.4952639855659033, -0.7396193379622835, -3.047540126526047, 0.021249861930040796
0.3050993557104274, 0.24370109028786927, 0.4952228345218279, -0.7398309345202596, -3.047354590089764, 0.020925195777957793
0.3052579635213129, 0.24360193751373543, 0.4951512951674543, -0.7399121709881912, -3.047338453422826, 0.020380499592286643
0.30526234083494397, 0.24361196833674553, 0.4950451993779997, -0.7399689311799872, -3.0473899762334304, 0.020238671939988444
0.3052365662072264, 0.24354144285449666, 0.4949657637158977, -0.740145289125181, -3.0473133966708814, 0.02021907123682291
0.3052140732649255, 0.2433342412320888, 0.49498569324554736, -0.7401058346862546, -3.0473860152178562, 0.019810368023966705
0.30515756123393056, 0.24315363343447777, 0.49499211549049144, -0.7401956808396181, -3.0473693188406568, 0.019732730357989243
0.3051365445576998, 0.2429921084013035, 0.49501870055549096, -0.7402212061134831, -3.047321459447621, 0.019626673827269882
0.3051348210194246, 0.24294279855100298, 0.4950151515192401, -0.7401764316200842, -3.047303796207424, 0.01973021930770159
0.3051516035936979, 0.2429395438906119, 0.4950189354693775, -0.7402556426595609, -3.0473120005167256, 0.019725873380133218
0.30506620668349, 0.24283529681944724, 0.49450876391524634, -0.7403311414436988, -3.0473029357735815, 0.019207564535817175
0.3049613048332363, 0.242708790113556, 0.49384464445421905, -0.7403578566823501, -3.047539071285597, 0.0182623288957972
0.3048530029563526, 0.2425775923475766, 0.49326868312559974, -0.7406401360532086, -3.0475016169492015, 0.01771717721399941
0.30455168333821897, 0.2422583400188913, 0.49310042043691876, -0.7406661564093221, -3.047805739108899, 0.016650382806742775
0.3041397629029966, 0.24189045730453004, 0.4930271347057419, -0.7407851429254753, -3.0480563506130056, 0.016111419220725582
0.3038116418456302, 0.24157996632867768, 0.49300756114717403, -0.740809350954947, -3.048319040073733, 0.015604197832160863
0.3035665242984787, 0.24155468780127784, 0.4930530124145518, -0.7407148895210741, -3.0486651548882615, 0.015657412998523048
0.3033401370503575, 0.24171618809864814, 0.4931492874409672, -0.7404853139929899, -3.048872191712176, 0.016274448674380902
0.30321636377435857, 0.2421428079877399, 0.49347902953417744, -0.7403717434715097, -3.049016233841579, 0.017030175903799665
0.3033185462648918, 0.24274265823969654, 0.49382580346019167, -0.7404661376922579, -3.049065539535555, 0.018103433113784248
0.30345260733789864, 0.24348702028329994, 0.4940580197549368, -0.7405278842457619, -3.049034559594849, 0.01922468573325697
0.3035682638347164, 0.2440804456028076, 0.4940660556116077, -0.7404378838002859, -3.0490661056987647, 0.020040049201192973
0.3037279915210767, 0.24445581107832645, 0.49395687221101253, -0.7404051238764691, -3.04906242625513, 0.02025492069412168
0.30390256507233837, 0.244534445034499, 0.493879187770738, -0.7405044188176635, -3.0489664439750084, 0.020112695365213894
0.30408503468804404, 0.244472627421073, 0.493852216747142, -0.7406285405031096, -3.0487490352205526, 0.020042664093821324
0.3042436030062252, 0.24425408820629738, 0.4939741296952625, -0.7405388306410817, -3.0485562069898395, 0.019955389664242592
0.3043118803223631, 0.2439489971653081, 0.4941098751607364, -0.7406143821852428, -3.0481875385461237, 0.02008894424129245
0.30423745331577723, 0.24360564443352414, 0.49418799805382163, -0.7404273833552154, -3.0483041954590195, 0.019585021263785737
0.3041443044160639, 0.24322948874049688, 0.49414638084515367, -0.740516737927985, -3.048422589182702, 0.018979845380428694
0.3040405386530529, 0.2429733753241915, 0.49387692304790337, -0.740436905461198, -3.048459394168621, 0.01860780816297151
0.3039801148641309, 0.24291323872703616, 0.49367289497551464, -0.7401798652026644, -3.0485638486323414, 0.018350389377392716
0.3039269117011447, 0.24284389200268872, 0.4933904561266968, -0.7403801524544285, -3.0484037815389744, 0.018384935865705183
0.30391638487820555, 0.24285526454385412, 0.49327758889770995, -0.7404861815637169, -3.0484067256957763, 0.017977759285142426
0.30389384228046434, 0.24285601867038697, 0.4932272686838168, -0.740359895799048, -3.048513432231393, 0.017841422205755273
0.3038776738790487, 0.24284843670869222, 0.4931600636612986, -0.7404102294777912, -3.0484792173525235, 0.01793049940664223
0.3038140483523827, 0.24275042412053188, 0.49312380776474546, -0.7402125383333745, -3.048533099045079, 0.017650552298390996
0.30373424849467257, 0.24261202026228312, 0.493096646806889, -0.7401116279073867, -3.0486711352551525, 0.017415931550194295
0.3036872533398066, 0.24243646503095018, 0.4931169875091073, -0.7402006845358577, -3.0487185472072698, 0.0170925714480808
0.3036695326719762, 0.24242087289671435, 0.49309692183873904, -0.7403565662090884, -3.0487206886438476, 0.017095654091790456
0.30366156314147985, 0.24242521651837337, 0.49313048256653724, -0.7402945680143695, -3.0487126434313487, 0.0171832462257598
0.3036433814842475, 0.24243833833538406, 0.4931901357405444, -0.7402531414919944, -3.0487869218085195, 0.01714046383782348
0.3036270455426686, 0.2424871305015132, 0.4932536964524676, -0.7400492108627029, -3.0488293073711135, 0.017116848907016483
0.3036362531888652, 0.24248719195946855, 0.49330025969556934, -0.7402436732337261, -3.0488446123263997, 0.01723409054304149
0.30363827268486054, 0.24251805358471515, 0.49334604574421215, -0.7401367559207195, -3.0488981276871017, 0.017432627690612948
0.30362533610863973, 0.24257597216163246, 0.4933778658571045, -0.7401875750698952, -3.0489490742372105, 0.017449616622544527
0.30360025548970093, 0.24257753874106133, 0.4933824911141702, -0.7401864357426243, -3.048957180321804, 0.017677350376162377
0.3036228647950186, 0.24276905760297102, 0.49333848645085443, -0.7400633984259362, -3.049079647617031, 0.017894640303488873
0.30358620117114055, 0.24291047404040075, 0.49333412842677554, -0.7401988615340703, -3.049080899271342, 0.01803641098608851
0.3035905405298564, 0.24291686282266306, 0.4933295133220994, -0.7401591256865309, -3.049154636908888, 0.01799349908048729
0.30356738067020056, 0.2429244488754268, 0.49325428975594326, -0.7402516259741907, -3.04912691607673, 0.017970136440908727
0.30355298453264834, 0.24296032488197616, 0.49314487996919887, -0.7402337358378877, -3.049116845455167, 0.017983183503381857
0.3035297060346097, 0.24295427196036246, 0.4930403472741178, -0.7401779546511583, -3.0490448833558856, 0.018215379712341207
0.30350883309812354, 0.24294158244213876, 0.4930755208174602, -0.7401734033746954, -3.0491759402270864, 0.017868057241316047
0.30350437502760885, 0.24298215264445835, 0.4930666265684759, -0.7401739638613324, -3.0491765431925897, 0.017869239246401488
0.30347425715080956, 0.24295073335420406, 0.49301666639980074, -0.7402759950264052, -3.0491256420113393, 0.01807656200241338
0.30346932007511856, 0.2429707829051853, 0.4930154031604664, -0.7402799591753468, -3.049134084582385, 0.017940456298484085
0.3034566771711698, 0.24301126565581216, 0.49299756942003387, -0.7402286306087899, -3.049157129039168, 0.01800629615111132
0.3034291024191196, 0.24300319486219069, 0.49301752719673664, -0.7401980823670675, -3.049274748543058, 0.01799167628634363
0.3033672671748337, 0.2428923620578158, 0.4929881552706244, -0.740159819555869, -3.049354779566594, 0.017871425680481022
0.30332962414116876, 0.2428340280883177, 0.49301981951667845, -0.7402453486689153, -3.0493151944862387, 0.01784161418218815
0.3033491416549833, 0.24283755432286377, 0.49325646851581934, -0.7403519343650274, -3.0494643874389364, 0.0178223240251193
0.30343713466068495, 0.24294799685460094, 0.49423894228463944, -0.7402658564153162, -3.0495847929351307, 0.018727191229301804
0.3035577873953383, 0.2431956562815154, 0.494973037120073, -0.7401508640064137, -3.049413098463027, 0.02008349888116082
0.30376663887306826, 0.24370998775474595, 0.495514455391717, -0.7403655015316875, -3.0491193964498295, 0.02147207982491015
0.3041250331306998, 0.2442598450663344, 0.4963134531669659, -0.7404671621960006, -3.04940482431639, 0.020866490514151622
0.30449748475123634, 0.24489149322665063, 0.4965300295630872, -0.7403864745108166, -3.049239454668947, 0.021423177149911554
0.3049352047574755, 0.24549498490071903, 0.4966076527793005, -0.7403764212896955, -3.0490281898272653, 0.02198404391560598
0.3052338988741323, 0.24580837507370132, 0.4966753257195225, -0.740197789288536, -3.0489301623990714, 0.022305902352466177
0.3054795319094414, 0.24598824422144025, 0.4970602779625254, -0.7401104924159881, -3.0489714982175564, 0.021790222287289447
0.3055431100828749, 0.2460291737100118, 0.49762187149120085, -0.7400777315215789, -3.049129292910248, 0.02149429960139235
0.30561926249331295, 0.24612628715426352, 0.4981651709420326, -0.7400765065637687, -3.0491135354687406, 0.021685203559959954
0.30563099935207394, 0.2461638078183177, 0.49859980843787716, -0.7400385967110248, -3.0490970713084944, 0.021870274010239197
0.30563794085424445, 0.24616020123551888, 0.4989600487524101, -0.7402841883974283, -3.049033304736643, 0.02182570189857086
0.3056356691254219, 0.24616125544135709, 0.4992925595123294, -0.7403222095724241, -3.0490677504573327, 0.021748668449120084
0.30562806816427457, 0.24612683594722656, 0.49952860681325595, -0.7403462956072939, -3.0490413753102072, 0.021816939814544075
0.3056281946852637, 0.2461510339369653, 0.4996723868351237, -0.7403349755057895, -3.04901614671922, 0.021920897730721624
0.3056219737888529, 0.24615013379984876, 0.4998602181084889, -0.7403122964119231, -3.0490248725452527, 0.021901840557971276
0.3056214275126206, 0.24616726708161663, 0.49999314137321754, -0.7402326221049532, -3.049031584629256, 0.021894249037703196
0.3056191351564113, 0.2461544911236154, 0.5001283602298862, -0.7401165644852669, -3.049129124822763, 0.021874691716847826
0.3056463495225956, 0.24617558638570763, 0.5002088575169961, -0.7401745896561573, -3.049125876837771, 0.021676605448566623
0.30564301090864776, 0.2462045797059803, 0.5003099709862919, -0.7400717923204589, -3.049115934335773, 0.02175713047934811
0.3056676607899134, 0.24623038260823643, 0.5004236048988113, -0.7401677703982462, -3.0491216813875175, 0.02169312292446413
0.3056889517592936, 0.24625533781457343, 0.5004665420032478, -0.7400970962702994, -3.0490808462438013, 0.0218614269552384
0.30567056861069575, 0.24623281507321418, 0.5005589064981196, -0.7402018263676712, -3.0491195838083818, 0.021716106095880976
0.3056914613501388, 0.24624534983610988, 0.5005684505391935, -0.7402504257155286, -3.049087017212575, 0.021845450639744097
0.3056808866718592, 0.24624215059363702, 0.5006060673678606, -0.7402200236728607, -3.0491262368156526, 0.021824223178963487
0.30569231023836435, 0.2462426847641143, 0.500672613145264, -0.7402085743142636, -3.0491602009023366, 0.021700395208748124
0.30569089244816083, 0.24626781839001874, 0.5007182374369021, -0.7402220293953004, -3.049129354799785, 0.02150173214780663
0.30568934139937803, 0.24624972089318248, 0.5007238610344145, -0.7402202672220126, -3.0491248538579696, 0.021518970758107794
0.3056800019913887, 0.2462576681422681, 0.5007658906403863, -0.740077828674071, -3.0491700584543864, 0.021323203567670368
0.30568372594579934, 0.24623549419029347, 0.5007497534703517, -0.7402610460359119, -3.0491306010568486, 0.02140751502261683
0.30570321605186856, 0.24625801922882112, 0.5007226698152693, -0.7402804733053473, -3.0491330481971457, 0.02153343559131761
0.3056834095000357, 0.24626081723934512, 0.5007511671851835, -0.7402915159219529, -3.049098730315007, 0.021453152352843646
0.3056898291971892, 0.2462522117650096, 0.5007544033337898, -0.7402073739290465, -3.049148049462364, 0.0213900394473841
0.3056980727600692, 0.24623662498384327, 0.5008049590669635, -0.7402998532943369, -3.049139081948888, 0.021437598152909375
0.30568165241521733, 0.2462125706634785, 0.500835538322146, -0.7402200514986924, -3.0491300690779473, 0.02134010781461162
0.3056676169710004, 0.2462203864097871, 0.5008848548444145, -0.74015908376107, -3.0491312465897082, 0.021493777148116167
0.30569126780675954, 0.24624090613059474, 0.500909533409805, -0.7402484874175398, -3.0490340231129, 0.02173202963765903
0.30569857602973605, 0.24626548905632928, 0.5009557626558684, -0.7401729573844044, -3.049049840028841, 0.021790930432810975
0.3056941193289782, 0.246253000288641, 0.5010105345524549, -0.7401567428341174, -3.0490644585182407, 0.02169586692452137
0.30569900132071287, 0.24625419521329242, 0.5010040333622021, -0.7401979590869501, -3.0490021172341613, 0.021846534726745567
0.3056854988959379, 0.24624663024426632, 0.5010196085168108, -0.7401549972574545, -3.049062665566655, 0.021755730612137245
0.30569358027677335, 0.24623853394975556, 0.5010297136740194, -0.7404048865240764, -3.0490530177604365, 0.021664550160477133
0.30570792485482606, 0.246242899195568, 0.5009873481588265, -0.7403148673097854, -3.0490652187873706, 0.021496203589849577
0.30570106156443394, 0.24626275965110733, 0.5009850944861788, -0.740318914395787, -3.0490808633712123, 0.021485922821371267
0.3056928444719449, 0.24623520584122313, 0.5009769176052992, -0.7402172119359689, -3.0490681539970503, 0.021626345304077317
0.3057001406455047, 0.2462378430560063, 0.5009828859179318, -0.7402705339382979, -3.049050698139787, 0.021643766124447298
0.305779613377408, 0.2462879202856305, 0.49934736784130435, -0.7404641087330134, -3.048977843326429, 0.02266694874809267
0.30575943442942644, 0.24626316878373278, 0.4981376153979797, -0.7405559261566824, -3.0489627742946763, 0.022534449441473963
0.30567584264063097, 0.2461143607604899, 0.4970810404918508, -0.7406887749113413, -3.0491042941590347, 0.021551311462023773
0.30556757995987055, 0.2460158333290939, 0.4958426867426348, -0.7405487535972204, -3.048883709437717, 0.022069829117427345
0.3054724839814702, 0.24588925536900708, 0.4951831867218709, -0.7406098205578419, -3.048819243163789, 0.02198210935730681
0.3054218399629539, 0.24582355612867493, 0.49514712127353105, -0.7405753395909517, -3.048827308632059, 0.02178055985161547
0.305381894032252, 0.2456581831227682, 0.4953167721254067, -0.7405915910833624, -3.048708117883822, 0.022155602269200478
0.30534210613173474, 0.24552664116979053, 0.4955880137802366, -0.7404229706712776, -3.048639605176785, 0.02265575516819394
0.3052922471531974, 0.24534426484786212, 0.49574540289752705, -0.7404425804595514, -3.0485213302940997, 0.022870707823199332
0.30519286256393857, 0.24509973609062716, 0.4957622040568573, -0.7404678481714555, -3.048620421633014, 0.022407248221566783
0.3050423509629614, 0.24474954962193857, 0.4954927974891599, -0.7406268836617736, -3.0487533944875853, 0.02170090946209627
0.30493253230265577, 0.24448393293719198, 0.49484262500352455, -0.7406696530547314, -3.0486264213708822, 0.021654617788881975
0.3047752153810569, 0.244227806263156, 0.4941465740021149, -0.7405552646429185, -3.0484749414049688, 0.021447210841263938
0.3046176396878177, 0.24381176049891667, 0.49355529436739376, -0.7405975904294267, -3.048554275117815, 0.02045009944112981
0.3044398088998804, 0.24343806203507232, 0.49301939251251875, -0.7405077615856583, -3.048588139082336, 0.019751860531639402
0.30425699243021914, 0.2428263644892104, 0.49295970929534133, -0.7408027966138313, -3.0488743652853425, 0.018004158381228836
0.30399238946907053, 0.24236497968162216, 0.4926604055965694, -0.7406918525037854, -3.0491005458226326, 0.017295176987156356
0.3036011890183468, 0.2418505398534058, 0.4927408466891229, -0.7406644883162982, -3.049680586851994, 0.015654986739663562
0.3033068750086043, 0.24170196919565082, 0.4927138127225919, -0.7404389105058219, -3.050010708538568, 0.014969434811010632
0.30309534455894327, 0.24183522942145178, 0.4926927018089321, -0.7405998707439984, -3.050121712156421, 0.015240397134113102
0.30288576039132453, 0.24225218093613743, 0.49274242980353156, -0.7404687274023231, -3.0503440043341197, 0.016444733768978634
0.30276190388518465, 0.24275841244766372, 0.49281189537908576, -0.7403451790602134, -3.0505041315402446, 0.017368933204415068
0.3028593312872082, 0.24333315363572322, 0.4928881752117517, -0.7404616348667435, -3.050605834739774, 0.01833496681452365
0.30291839906791673, 0.24376191704767342, 0.493007764508493, -0.7404962693498318, -3.050678110985791, 0.018764036920168717
0.3029179590031874, 0.24398779383500502, 0.4929298613253381, -0.7404916611825002, -3.050796421155638, 0.01879289929633064
0.3030242289627327, 0.2438975068482374, 0.4928665319909075, -0.7404081035076249, -3.050756566240238, 0.018597016422235102
0.303181951788042, 0.24376325456923031, 0.49274802319829547, -0.7404092884910839, -3.0505747302175044, 0.018249686977151593
0.3033092698172112, 0.24339934182958683, 0.49271141708224, -0.7403677914719403, -3.0502341728812903, 0.0178212664745768
0.3033398527745448, 0.24296305962921494, 0.4926395191485232, -0.7403699379746324, -3.0499906343463645, 0.017293954661255516
0.3032379833357448, 0.2425352071653203, 0.4926873902577655, -0.7404822827911259, -3.050128623862171, 0.016379942434041492
0.30311371735267145, 0.24218255917626272, 0.49264363883899354, -0.7404425523102641, -3.0503346433611283, 0.01540623938050968
0.3030877839651257, 0.24205288009591114, 0.4926945096509364, -0.7405018972303375, -3.0504115498047564, 0.014994942544532945
0.30307289711406815, 0.24206068445305823, 0.4927056476828997, -0.7405454674540647, -3.0504312189864917, 0.014931613201776758
0.30306522667600694, 0.24206761723693931, 0.4927240955815104, -0.7407646143122013, -3.050459126920452, 0.014979917956077378
0.30304064920949386, 0.24220868109336277, 0.4926920417418618, -0.740649001304568, -3.050472449413949, 0.01535541993104242
0.3030490979242653, 0.24237902561251978, 0.492632511974265, -0.7406891677097224, -3.050463880138623, 0.015518197564195233
0.3030462445339015, 0.24251605062356368, 0.4925799634235216, -0.7408282530046374, -3.0505429360994656, 0.01550528095580291
0.30300307469902543, 0.24251220808559326, 0.49259188416818006, -0.7408761229579235, -3.0506454812636563, 0.015168303060006454
0.30297252132009345, 0.24250116806490724, 0.4925663771445807, -0.7407733276563477, -3.050768889364857, 0.014942873334584985
0.3029585445836185, 0.24249664260384451, 0.4925026401601877, -0.7409064601951294, -3.0509016328278555, 0.014719200990098793
0.30286572957041286, 0.242383467072463, 0.4925845824289505, -0.7408728733975644, -3.0509970437924014, 0.01422391074978028
0.3027898335184048, 0.24221219448319536, 0.4925520340478143, -0.7409464610694387, -3.0512613285766275, 0.013281718981708796
0.3026761575761321, 0.24200169772378738, 0.49243875508420853, -0.7409881325332875, -3.0513199222387977, 0.012553589052186398
0.3025864401339565, 0.2417970285391127, 0.4924336019675084, -0.7408644239664467, -3.051505954391109, 0.0118390554758401
0.30253096336409113, 0.24175187899344408, 0.4924653318278326, -0.7409041273987484, -3.051586962155657, 0.01159034983056771
0.30252224724997234, 0.24175692620586473, 0.4925048411481867, -0.7410055903871963, -3.0515330735614654, 0.011653238235848556
0.30252434231155717, 0.24176008265567805, 0.49254848226948916, -0.7409839232023361, -3.051606445207972, 0.011592416326577377
0.3025338457304336, 0.2418960838863858, 0.49261847998442043, -0.7410070783729722, -3.0515726069865146, 0.012221134834580157
0.30253616517990406, 0.2421016080274157, 0.49260249552341895, -0.7409405131308597, -3.051628237276329, 0.012748231965420714
0.3025155805248734, 0.24211092396160394, 0.49261021634913627, -0.7409417396608434, -3.0516328558296597, 0.012730864467465929
0.30250039154118474, 0.24215749556451166, 0.49256501365881966, -0.7409811154478596, -3.051704404187363, 0.012678976163648364
0.30245996795328994, 0.24217109107940515, 0.49249581594836006, -0.7409569368538051, -3.0518228154256204, 0.01240124395951985
0.3024248258133018, 0.24216687346452015, 0.49243531115028166, -0.7410538204032521, -3.052031971022297, 0.011913289074886448
0.3023654399709497, 0.24214703847611502, 0.4924285774678146, -0.740834707015826, -3.0521578108433594, 0.01173431406803577
0.3022746526573066, 0.24203846059710601, 0.4924164221116645, -0.7409064299741662, -3.0522755912548867, 0.011208706480194943
0.3022066501189506, 0.24192410302601408, 0.49258175059846, -0.7407631752360461, -3.0524118693966757, 0.010803462226649926
0.3022098840256074, 0.24192271789304015, 0.4925206262072051, -0.7409730043968279, -3.0524588492309435, 0.010579867630999433
0.3021239566468448, 0.24186268579214049, 0.4925972487817176, -0.7407214695180774, -3.0525486096032597, 0.010413461945649391
0.3020959390155826, 0.2419061991682708, 0.49255662620503415, -0.7408559035995282, -3.0526108097820717, 0.010307453581703672
0.3020834555678095, 0.24190392305103184, 0.49247860132563787, -0.7409754393187812, -3.0526929958572526, 0.010291904567923853
0.30204936223908446, 0.2419190398272482, 0.4925251207203416, -0.7407913438758685, -3.0528124488197044, 0.010153512202249932
0.30202724279540727, 0.2419260534464184, 0.49248611289150396, -0.7408332647821231, -3.0528936706596728, 0.010006345204476744
0.3020560744949784, 0.24192079193063853, 0.49242404309326027, -0.7409652895470558, -3.0528662695368447, 0.009989915780974655
0.30211668190749197, 0.2419102907083881, 0.49239970734220473, -0.740962196446327, -3.052764870647756, 0.009868873753126927
0.3022199609963247, 0.2418820771923619, 0.4923937065572459, -0.7407777944174573, -3.05272769815926, 0.009922003417091717
0.30217806688117965, 0.24178012648149363, 0.4924345057420203, -0.7407975943870446, -3.052732552527602, 0.00972605932475139
0.3021231891850451, 0.24166530737278333, 0.4924755077345271, -0.7408757432923547, -3.0527391409024736, 0.009520143977100092
0.3020964627453076, 0.24158566924377695, 0.49248054244251593, -0.740840389783942, -3.052758634853915, 0.0095268579946902
0.3020770382344587, 0.24160258086931072, 0.49249199348692646, -0.7406389669834528, -3.0528100476307487, 0.009568560492065543
0.302040988961692, 0.24160966133356035, 0.49255267368632977, -0.7405206521550969, -3.0528271319158438, 0.009923370461302742
0.3020392773901378, 0.24166763130785388, 0.49261356450313537, -0.7405200696146869, -3.0528294952167623, 0.009966175094287393
0.3020473301483349, 0.24185035778883562, 0.49258929018528796, -0.7408002510082745, -3.052796997244494, 0.010511055756936283
0.3020523513140534, 0.2420107772802851, 0.4925879246806801, -0.7404850041095768, -3.052940024194843, 0.010772727501877973
0.3020023117930296, 0.2420104845896926, 0.4925967095889937, 0.7407307378455531, 3.05298429571052, -0.010609252930630142
0.30197136778950734, 0.2420419033799155, 0.4925119050828549, 0.7405141261007421, 3.0529562419800356, -0.010555907427168328
0.30192526677237713, 0.2420313529722198, 0.49247368990479684, 0.7405775156931353, 3.0527914981519317, -0.010118705860566554
0.3019937507334894, 0.24198914070160182, 0.49238035495320465, 0.7405735783001264, 3.0528330868313587, -0.009854125628573556
0.30210909203410397, 0.24195489246437915, 0.4923402924895496, 0.7407926470752655, 3.0529418797954833, -0.010022600501539011
0.302046752163751, 0.24187611388511998, 0.4924086798146675, 0.7406780108680063, 3.0529542174912434, -0.009850652788935994
0.3019887007311202, 0.24171723960282418, 0.4924985317936236, 0.7408382016228374, 3.0528982203046713, -0.009457113040518486
0.30196531943216715, 0.24166810525263877, 0.4925103983882381, 0.7407977911619451, 3.0529058887464675, -0.009659569211524164
0.3019601384176217, 0.24169412568494497, 0.4926434292939825, 0.7407142138474255, 3.0528968395915075, -0.009696591707154412
0.3019607080298496, 0.2416911562977679, 0.4926468291653619, 0.7408921429598008, 3.0528347899717923, -0.009728222988968603
0.30193710326631507, 0.24169987479351984, 0.4926289213023934, 0.7408641193637034, 3.0527916977348277, -0.009636147425512087
0.3018985558999008, 0.24168874625838205, 0.4925711610176995, 0.7407265096273852, 3.052683790440995, -0.009337187798096827
0.3018521604280997, 0.2417155949440122, 0.4925201540288943, 0.7405983616315196, 3.052629958090522, -0.009425531001889248
0.30184403553470257, 0.24170545177567632, 0.4925889911287371, 0.7406401557827981, 3.0525576785423887, -0.009120472073585368
0.3018021161263537, 0.24168159654340005, 0.49258051934044483, 0.7404535499528033, 3.0524968431415185, -0.008959681614276675
0.30177089350208697, 0.24167339613503072, 0.4925806187906397, 0.7406299802941094, 3.052424191195207, -0.008895687407611536
0.30173650754828696, 0.24169780902627847, 0.49257897988299, 0.7403483005673024, 3.05246059145409, -0.008874155315883227
0.30171236617782554, 0.24170599057294298, 0.4926188308123379, 0.7404729630513007, 3.0523343603083215, -0.008807862166123353
0.3017065152891507, 0.2416992442876394, 0.4926190380149721, 0.7404317200651587, 3.052317053505062, -0.008644431292373857
0.3017104485743407, 0.24170097044652217, 0.49265057068278456, 0.7404355974402864, 3.052334808912689, -0.008611932582909319
0.30171776448703863, 0.24171552512790553, 0.49260578826397905, 0.7403580631656048, 3.0523304114821634, -0.008626348608471128
0.30171656432323357, 0.24170785951594426, 0.4926506638905356, 0.7404117533725385, 3.052315996463808, -0.00856624645055148
0.30171758375511387, 0.24170576493454246, 0.4926311256478946, 0.7403454434913522, 3.052284722672313, -0.008694868025466042
0.30172122991549666, 0.2416952014043232, 0.4926377775570792, 0.7405004881280309, 3.0522801484437694, -0.008615438851306856
0.3017216603254778, 0.2417133784483489, 0.49258527452793344, 0.740396674794838, 3.05232956288257, -0.008661430732879316
0.30171099681889524, 0.24171550516042453, 0.49264175279133793, 0.740379352340253, 3.0523454576015934, -0.008653710974404094
0.3017040048332373, 0.24169750555324693, 0.49263865168473864, 0.7403410003415555, 3.052346346529013, -0.008619479088784474
0.3017229257991316, 0.2417190644855359, 0.4926462099885231, 0.7403808121008828, 3.052348505363017, -0.008613379731879565
0.3017217601616978, 0.24170557338977147, 0.4926100230647802, 0.7404260939962231, 3.0522876737689653, -0.00852071048196953
0.3017138304381131, 0.24170767237358287, 0.4926468810653613, 0.740379238767804, 3.0523382631883598, -0.008517847072145575
0.301709686817644, 0.2417116710626153, 0.4926113433656841, 0.7403774746778731, 3.052334525755421, -0.008661967922670407
0.3017078427821243, 0.24169110656761147, 0.49260484090003276, 0.740397595780971, 3.052329123565654, -0.008500589641711
0.3017176685779698, 0.24173077557162856, 0.4925967842487039, 0.7404037798063581, 3.052351975157231, -0.00854629162839182
0.30170729550551406, 0.241715810617141, 0.492578138376253, 0.7403890593592382, 3.05237734135499, -0.008634526092516671
0.3016983582112772, 0.24170846830966727, 0.49259478298398546, 0.7403917281249454, 3.052385083966284, -0.008508659526140926
0.3016862996665801, 0.24168325798647877, 0.49258850078817207, 0.7403955912625696, 3.052406087393743, -0.00859683262127958
0.30167947312335297, 0.24169276083233074, 0.49260100414350333, 0.7404355318006126, 3.0524063044018903, -0.008530807656933238
0.30167846128998044, 0.24169147631658297, 0.4926149371362788, 0.7404242632600645, 3.052362826922805, -0.008556940138814053
0.3016960870240102, 0.2416915699258434, 0.4925969086755659, 0.7404165639770911, 3.052412686488654, -0.008590032529706066
0.30168685761224395, 0.2417076018350858, 0.4925786920870435, 0.7403822876196287, 3.0524309744604623, -0.008684990000680544
0.30169583487344903, 0.24169907624241985, 0.49257524941799935, 0.7404202775496014, 3.0524290977635773, -0.008660782990808514
0.30169723089866335, 0.241702995579418, 0.4925867854703825, 0.7404219179087819, 3.052435918220615, -0.008636538546855917
0.30169901495670154, 0.24170176050062653, 0.49258678948052453, 0.7404536524533953, 3.052405104154695, -0.008649986520862579
0.30168546539657637, 0.24170548625075008, 0.49260282937106437, 0.7404135614141235, 3.0523970920299304, -0.008578527985886956
0.3017034226561408, 0.24169841821550747, 0.4925879167046854, 0.7404313734145931, 3.052394805295618, -0.008639209741390404
0.301698134953761, 0.2416946429846198, 0.49261077707026607, 0.7404393150939146, 3.052343487376873, -0.008546209472834927
0.3016831958798044, 0.24170418085283887, 0.4925891948506849, 0.7403640838404092, 3.0524380539935096, -0.008641803203113299
0.30170634109940475, 0.24169299037726177, 0.49256402948514044, 0.7404704265780576, 3.0523952845706144, -0.008733533759991306
0.3016982681723536, 0.24171053414585045, 0.49257991436478943, 0.7403705938464338, 3.052381978330771, -0.008635207426795301
0.3016899009242967, 0.24170436232746276, 0.4925889120667113, 0.7403516087391674, 3.052388271738108, -0.008695073278634056
0.3016967076072889, 0.2417121845256987, 0.49257099958475287, 0.740343770896185, 3.0524332662177374, -0.008709241136832023
0.30169622024871434, 0.24171545076964068, 0.4925721288440042, 0.7404113316061898, 3.0523892862045625, -0.00870516975935104
0.3017015116016747, 0.24171722322306433, 0.4925631509879267, 0.7404148503605961, 3.0524042360402603, -0.008716022526464013
0.30169712228061135, 0.24168929551056342, 0.49258440543922727, 0.740450972516807, 3.0523941624901783, -0.008656006993279019
0.30169892894596523, 0.24171541312573785, 0.49257684650408934, 0.7403800497578867, 3.0524244499294366, -0.008709198353199549
0.30169829330895936, 0.24171253027031214, 0.4925780454713219, 0.7403574861182576, 3.0524095147255452, -0.008680288032639635
0.3017035495107262, 0.24169857385981994, 0.4925995264077407, 0.7404665646838187, 3.0523774296322657, -0.008603462247093028
0.30169991526673884, 0.2416973709581135, 0.49259498462125706, 0.7404279644360081, 3.0523812780189186, -0.008687591682809104
0.30170073925698937, 0.24170045208578914, 0.49258133016714434, 0.7404120856050378, 3.052396335714275, -0.008680275789578643
0.3017014997454932, 0.2416996816080907, 0.4925697225382906, 0.7403749517698793, 3.052402713994739, -0.008722719795195266
0.30170466822083286, 0.24171406483823618, 0.49255988644703874, 0.7403811387365172, 3.052430091156376, -0.008786712224591051
0.3017068659448061, 0.24170933693658728, 0.4925790989066067, 0.7404123335943041, 3.0523964275880395, -0.00868098920886001
0.3017007733270376, 0.24172013927861125, 0.49254640617582024, 0.7404278152141884, 3.0524632997328993, -0.00886073758903184
0.3017005269584718, 0.24170203276611563, 0.4925879167046854, 0.7404501803459149, 3.052390140479615, -0.00863919051520911
0.30170096454643885, 0.24170269020654855, 0.49257196880464715, 0.7403968978072071, 3.0524117251360603, -0.008674268236638394
0.3017004894715654, 0.24171376268860167, 0.49258576133072646, 0.7403523145912005, 3.0523864967884906, -0.008635183518843376
0.3016936115943679, 0.24170383505554108, 0.49257525754250703, 0.7404100614285545, 3.052385343894894, -0.008687677411812719
0.30169725871266684, 0.24170126319159088, 0.49258799246361734, 0.7404074581318382, 3.052372934350197, -0.008634463308102686
0.30169965209345684, 0.2416988721681673, 0.4925961077777507, 0.7403559961364898, 3.052405998899004, -0.008663428641646926
0.30170513414671624, 0.2416931095835209, 0.4925915849428665, 0.7404692122303065, 3.052389833676695, -0.008655976682016312
0.3016982818957067, 0.2416871736754247, 0.4925832843300228, 0.7405013308800957, 3.0523631358199967, -0.00868694017011453
0.301695125339105, 0.24171765210438498, 0.49257916862083917, 0.7403963722641927, 3.052407187489871, -0.008656006630246382
0.3017064933883959, 0.2417049528520958, 0.4925791747828703, 0.7403879036544261, 3.0523748181100854, -0.008676268787434896
0.3016921898275584, 0.2416783266823564, 0.49259093343793386, 0.7404263830942187, 3.0523773493977244, -0.008670136401936944
0.30170029265802184, 0.2417095363472885, 0.4925780434235522, 0.740452309673443, 3.0523979914769965, -0.008673505488628488
0.30170207673085164, 0.24170830129011955, 0.4925780475117499, 0.7404102087332217, 3.0523852249833436, -0.008686977833839099
0.30170909977189375, 0.24171656559172003, 0.49257581819598595, 0.7404626817059368, 3.0523609646547385, -0.00869443475056758
0.30170677982033706, 0.24170341743825313, 0.4925586033811087, 0.7404203818045682, 3.0524322120309986, -0.008779966926761027
0.30168993119422705, 0.2416885989526174, 0.4925819969148034, 0.740509220821723, 3.0523956576576183, -0.008666777900154368
0.30170305004624154, 0.24169403413390939, 0.49258799246361734, 0.7404251294224942, 3.052368750603729, -0.008634483331970099
0.3017102238763061, 0.24171818599106853, 0.4925666864751065, 0.7404262113582057, 3.0523697988039977, -0.008694497109974766
0.3017445172422294, 0.24176024384197226, 0.49252006946022125, 0.7404536890005234, 3.0524022283065544, -0.008853543526229305
0.30174561385470827, 0.24177744551868757, 0.4925192853081671, 0.7403244607322598, 3.0524291473964262, -0.008835382528388312
0.3017360035699411, 0.24176351203918503, 0.49252448016606953, 0.740397944099982, 3.052411407454346, -0.008836025748184956
0.30172337690446593, 0.24169844322861997, 0.4925519373034612, 0.7404194542488519, 3.052347232472505, -0.008808980951842352
0.30169578302914346, 0.2417109870962237, 0.4925662859949998, 0.7403693241538383, 3.0523764454845166, -0.00871867219341368
0.30170418027097984, 0.2416978259189647, 0.492569728778805, 0.740458909689884, 3.0523475470207306, -0.0087429096642219
0.30169871366627815, 0.24171336535238908, 0.49255506201209737, 0.7403875238317237, 3.0523733610160106, -0.008777949260686138
0.3017040180144174, 0.24170940259057133, 0.4925561913758584, 0.7403261783890687, 3.0523610266829513, -0.008773949542309893
0.30170393087000474, 0.24171506372326387, 0.49254016539111817, 0.7404105906752494, 3.052388118991224, -0.008806946979898327
0.3016980509441169, 0.24171621745170224, 0.4925456984120038, 0.7403379070786492, 3.0524086380911317, -0.008765260122884085
0.30170665628440163, 0.24172069894443457, 0.4925617889978568, 0.7404032590964256, 3.052349019704441, -0.008588897614354652
0.30171029817429357, 0.2417261887723732, 0.4925292551324574, 0.7403402277001836, 3.052416518074534, -0.008799637939931075
0.30169962378025117, 0.2417340341604909, 0.4925210780713638, 0.7403351377624897, 3.0524768918460756, -0.008825905488368875
0.30168730371834024, 0.24171639583045468, 0.4925425713005268, 0.7403620836987338, 3.0524330109494753, -0.008887653131668031
0.30169892115118013, 0.24172547444733436, 0.49252454795494266, 0.7403834668090501, 3.0524409128011634, -0.008940920012453196
0.301688902729932, 0.24171075013695772, 0.4925414380809007, 0.7404287573574609, 3.052467308014728, -0.00887823712793925
0.30167387577624993, 0.2417200968824675, 0.4925650148016246, 0.7403493600148436, 3.05245620269946, -0.008755674442620404
0.30169689016745144, 0.24172051908913877, 0.4925379151926981, 0.7403203244314086, 3.0524187255668442, -0.008841939069994132
0.30168664336544176, 0.24171925089491378, 0.492533435370193, 0.7403862659168364, 3.0524500772926313, -0.008874238819014982
0.3016827616956109, 0.24171959004386326, 0.4925300623267488, 0.7403491587666636, 3.052460624102365, -0.008933413970801732
0.30169224803349026, 0.24171559910133047, 0.4925381532555415, 0.7403550927439282, 3.052485286092151, -0.008878278746238982
0.30168192318175, 0.2417300181148457, 0.49251628886246546, 0.7403004095374289, 3.052499929796488, -0.008938224841207066
0.3016811146361024, 0.24172497823859992, 0.4925323123701008, 0.7403292617548524, 3.052456739811043, -0.00889842130602243
0.30167507669934385, 0.24173157015787197, 0.4925423844674282, 0.7402795848045581, 3.0524887485825962, -0.008765834405743144
0.30168813254299726, 0.24171930132662253, 0.49253572440859705, 0.7403924365449244, 3.0524744307304155, -0.008818344143536437
0.3016929350555486, 0.24171656283288934, 0.49254496925249575, 0.740408641480663, 3.052463556871277, -0.008843250427949043
0.3016844431899132, 0.24173555852348438, 0.49251869286689764, 0.7403023169805546, 3.052506606941098, -0.008914030276032889
0.3016826477715571, 0.2417250608988539, 0.4925400197020782, 0.7403716405969877, 3.052468175130699, -0.008826465086384057
0.3016976472354901, 0.2417430649649186, 0.4925282818299115, 0.7403515265698761, 3.0524673220880656, -0.008909945624992633
0.30169934018481914, 0.24173953355656164, 0.4925374115557431, 0.7404413709219411, 3.0524350023843665, -0.008814280267369315
0.3016827095787349, 0.24173509385742548, 0.4925197129976476, 0.7402743106207095, 3.0524699894929443, -0.00889849623530246
0.30168059906844813, 0.24172997658094972, 0.4925322346761813, 0.7403199921460781, 3.0524980581479877, -0.008896463199169266
0.3016993973790869, 0.24173194738809803, 0.4925041838579156, 0.7403392220846392, 3.0524992411608163, -0.008973290206854273
0.30168706723827604, 0.24173345165672824, 0.492519815859292, 0.7403414189984667, 3.0525043661864193, -0.008889774366125916
0.3016772343034774, 0.2417231379464815, 0.49253784315451243, 0.7402957533365254, 3.0524793403317956, -0.008849970843927541
0.3016798394997235, 0.2417347503628027, 0.49253448675958295, 0.7402421376842149, 3.0524968672089363, -0.008868183347433544
0.3016809616898221, 0.24171882317298854, 0.4925319265966675, 0.7403494213953841, 3.0524591758873405, -0.008874945530631508
0.301679589866653, 0.24174602692128802, 0.49251641992734174, 0.7402305499782883, 3.052526702582423, -0.008871605838642792
0.30169118817066876, 0.2417277954890624, 0.4925246134846947, 0.7403723608264243, 3.05247368196123, -0.008902506591573588
0.3016781056302467, 0.2417282550084241, 0.49252751067945766, 0.7403401666304043, 3.0525003232669743, -0.008872232455860378
0.30167967368296655, 0.24173651190162176, 0.492515317900213, 0.7403235304915768, 3.0525143680669244, -0.008966494354398865
0.30168368609875573, 0.2417343728234671, 0.4925324415818922, 0.7402979319187607, 3.0524857064784587, -0.008825119717893275
0.30168670206547227, 0.24172324955033425, 0.492504904948563, 0.7403786364528364, 3.0525010164723616, -0.008966565845465528
0.3016928443783526, 0.24172640328531347, 0.4925130080092406, 0.7402768772027087, 3.052482733670408, -0.00895173000483676
0.3016893904136716, 0.24174079565024922, 0.49252249852499574, 0.7402980117305291, 3.052487173691827, -0.008884332303350118
0.3016776314393582, 0.2417217841064878, 0.49254810206131766, 0.7403109032363625, 3.052459792108523, -0.008839184630297802
0.3016846187365562, 0.2417279821943878, 0.49252310281295963, 0.7402832637178446, 3.0525070246984467, -0.008896535038575777
0.30168910438465457, 0.24173252759790043, 0.49254281145065415, 0.7403322750636101, 3.0524661746226704, -0.008832459673116548
0.3016844699877666, 0.24171209631597704, 0.4925421794029621, 0.7404634160748101, 3.0524502478217603, -0.008843934132470123
0.30168716366547754, 0.2417395204838901, 0.492514282863543, 0.7403222045851486, 3.0525060547152383, -0.008931536680566366
0.3016653073007128, 0.24173903400523555, 0.492533047586746, 0.7403173523962089, 3.052485386335361, -0.008843948575208798
0.3016853083382525, 0.2417289491882354, 0.49253014645789306, 0.7404098844515735, 3.052467262715675, -0.008860782952907672
0.3016826352986669, 0.2417172538053106, 0.4925273566074665, 0.7403732143678637, 3.0524764475498274, -0.008861518436136088
0.30167638128766394, 0.24174157507221766, 0.4925301525624123, 0.7402736611849698, 3.0524657517368987, -0.008880928489214646
0.3016773910456496, 0.24172928072004518, 0.4925377736454113, 0.7402945557451239, 3.052472498688181, -0.008874909097047282
0.3016904758684538, 0.2417208335098931, 0.4925290214167617, 0.7403741644465475, 3.0524804734148474, -0.008878310627708365
0.30167607456077755, 0.24172525978169196, 0.4925389641843216, 0.7403374178357983, 3.0524878753149527, -0.00881900812465266
0.3016844699877666, 0.24171209631597704, 0.4925421794029621, 0.7403903076877596, 3.052468120306623, -0.008843957196418117
0.30170114488733446, 0.24172071541799078, 0.4925245397755899, 0.740430789903195, 3.0524756014286845, -0.008914016463782672
0.3016990085508007, 0.24173329419744202, 0.49249392487520754, 0.7403611465607913, 3.0525096117196155, -0.008984131960955856
0.3016863323809846, 0.2417402212087495, 0.49252019944252384, 0.7403050158737088, 3.0525173724837558, -0.008906561454108895
0.30168423630812424, 0.2417371461307942, 0.49252573447538417, 0.7403403398246157, 3.052500089451032, -0.00887154446512567
0.3016886427721698, 0.2417162570785796, 0.49253343332186766, 0.7403334202108854, 3.052474651656021, -0.008867506070339001
0.3016827953135929, 0.24171759093317882, 0.4925127558058797, 0.7403601461933609, 3.0525056072118524, -0.008966528107968132
0.3016843804632589, 0.24173548141747359, 0.4925130019040869, 0.7403032516689937, 3.0525106771608446, -0.008931548355132385
0.30167817074555814, 0.24172833502294191, 0.49253342928455573, 0.7403391943410866, 3.052496090079507, -0.008854013660899477
0.3016850676402943, 0.24173644547550557, 0.4925198178816525, 0.7403386148560314, 3.05249339508848, -0.00889652533458517
0.30168219856746, 0.24171659753238495, 0.4925433044694353, 0.740334112179131, 3.0524774477150567, -0.008826469923083195
0.30167094534423605, 0.24172164561024923, 0.4925422449076701, 0.7403426131249269, 3.0525096938131644, -0.008805531805420114
0.30168358282073415, 0.24173243731976768, 0.4925267017670141, 0.7402638110454639, 3.0525089670995107, -0.008938181107209196
0.30169183117800813, 0.24172686332142318, 0.49250162404620756, 0.7403734390123089, 3.052479197888208, -0.008980041435911896
0.3016868290342858, 0.24173498847020533, 0.4925209838989914, 0.7403432548199881, 3.052510876411298, -0.008864885754313415
0.30168051422795644, 0.24172790701055494, 0.4925286397575025, 0.7402968968965141, 3.0524835018372354, -0.008868208041976314
0.30168230920804884, 0.24173840419616818, 0.492507312957881, 0.7403570586246737, 3.052490279955027, -0.008955733159868596
0.3016793140716532, 0.24173194449518143, 0.4925219737864687, 0.7403631638283732, 3.0525148221321645, -0.008900537730467215
0.3016893388406482, 0.24172895033016145, 0.49251869084451666, 0.7403787011432013, 3.0524996616353075, -0.008907267925455806
0.30168936214882125, 0.24171740111297335, 0.4925140388976461, 0.7404125436796035, 3.0524814058803975, -0.008973211670409525
0.3016851224047729, 0.24171898453770505, 0.49253230828075656, 0.7403341156343203, 3.0524787516118894, -0.008884987684144516
0.30168091377169337, 0.24171856570169692, 0.49253304357531263, 0.7403405464941906, 3.0525031921442225, -0.008830553929224385
0.30168870284441807, 0.24171633088216726, 0.49253889665065337, 0.7404063586991307, 3.0524526946187724, -0.008850665383368194
0.301681526450612, 0.24172344377426097, 0.4925493791330928, 0.7403527883654187, 3.052472692297664, -0.008825721154076455
0.3016882921210364, 0.2417314098931368, 0.4925246134846947, 0.7403358814411539, 3.05248252957047, -0.008902506563079506
0.3016955951085475, 0.24173799539694213, 0.49252829633584494, 0.740358818108889, 3.0524957327587146, -0.008871549365204958
0.30167792864299364, 0.2417182842658494, 0.4925296724649024, 0.7403192934534366, 3.0524982778407845, -0.008896486511646567
0.30168951421320683, 0.24172137400759147, 0.4925231007906341, 0.7403960203750392, 3.052491188247958, -0.008889761290882354
0.30168603621691154, 0.24171622611550436, 0.4925412593611136, 0.7403724734272124, 3.0524706606217884, -0.00878334479031351
0.3016921448203382, 0.24172724884356758, 0.4925300788595891, 0.7403873160889037, 3.0524543123173515, -0.008892445584655928
0.3016745624979308, 0.2417249872662614, 0.49253783712812044, 0.7403408905133985, 3.0525028379146173, -0.00882980626401555
0.3016781187955567, 0.24171851787916043, 0.49254697293122707, 0.7403535517166341, 3.0524768348221727, -0.00884322039420926
0.30169081315786167, 0.24171744576609372, 0.49253573049410915, 0.7404029222234999, 3.0524372224315957, -0.008838558623001796
0.30168757877447877, 0.24173602936766825, 0.4925334909482037, 0.7403587684700782, 3.0524941464486925, -0.008812350743019068
0.3016879010302382, 0.2417327540158972, 0.4925141269059119, 0.7403945791394446, 3.0524840827858584, -0.0089140377812765
0.30167976286994524, 0.24174040775313188, 0.49251868885509253, 0.7403450419495667, 3.0525191521599058, -0.008900550973537952
0.30167524694342374, 0.24172594791533175, 0.49254442553767125, 0.7403759267290972, 3.052485807172729, -0.00879548419465522
0.30168831182371303, 0.24173339938083008, 0.49252228978487034, 0.7403592216832555, 3.0525014957825634, -0.008948981210585048
0.3016686447294042, 0.24172232474442779, 0.4925454620780268, 0.7402825602938774, 3.0525057963157467, -0.008837164901147549
0.3016784562617008, 0.2417131023156376, 0.4925363302852223, 0.7403933550069322, 3.052478841703945, -0.00883721375565169
0.30169476879003265, 0.2417251418685874, 0.4925312018518111, 0.7404256902119595, 3.0524522482443364, -0.008868190157136876
0.30169251846971307, 0.24172782749679445, 0.49250843999537547, 0.7403902522631828, 3.0524664500869854, -0.008945024040598527
0.301674408257141, 0.24172101155884895, 0.49252854745014724, 0.7403574526702302, 3.0524932192223924, -0.008913957267386663
0.3016790672650366, 0.2417277144870826, 0.492533431306756, 0.7402993972280052, 3.052494231070315, -0.00886078742325584
0.30168109823439493, 0.24173070956765183, 0.4925219777982045, 0.7403577956913906, 3.0524930753978405, -0.008913994554344367
0.3016868902735522, 0.2417234808971788, 0.4925219777982045, 0.7403576458700238, 3.0524932519625403, -0.008914017043732365
0.30169564519870684, 0.24173026489211225, 0.4925213244578164, 0.740359093425067, 3.0525000237855617, -0.008889084554779653
0.3016857168166213, 0.2417433302774423, 0.49250971890620004, 0.740301373013841, 3.052499564149458, -0.008938250587696376
0.30168851640935085, 0.2417296448727385, 0.4925246074578069, 0.7403622130300809, 3.052510693386913, -0.008882359193141261
0.3016862657944756, 0.24172259394896234, 0.49252085279637936, 0.7403584482169682, 3.052497395051226, -0.008931510528166995
0.30167634666042226, 0.24172375233836904, 0.4925378411394556, 0.7403540734814736, 3.0524765569703614, -0.008843257881135916
0.3016747086417585, 0.24171358891448086, 0.4925443390465488, 0.7403543524378747, 3.052481140070729, -0.008861420400136481
0.30169674204416125, 0.2417143700380419, 0.492537984783092, 0.7403775078845107, 3.052411766321948, -0.008817049235876371
0.3016909358790509, 0.2417312924928739, 0.4925234127514219, 0.7403241236064777, 3.052517393456659, -0.008924747560062115
0.30167221081429424, 0.24171004115746736, 0.4925398389616679, 0.7403393754956684, 3.052502158215571, -0.008931399925689181
0.3016796916114387, 0.2417150836269451, 0.4925561557821086, 0.7403637671271794, 3.0524397144423787, -0.008862618064305158
0.3016701191285699, 0.241718702055989, 0.49253066559294917, 0.740293729912964, 3.0524681170138974, -0.00885675759943587
0.30167488982025714, 0.24169820392985003, 0.49254787143770756, 0.7403716629969255, 3.0524723831395697, -0.008842530370291837
0.30167533307982963, 0.2417144758259659, 0.4925454641000928, 0.740353550031839, 3.0524769967346987, -0.008843927021588708
0.3016785705386786, 0.24170562488541786, 0.49253979944894033, 0.7403456738776305, 3.0524442377521672, -0.008863421825770199
0.30167688589347313, 0.2417090049844953, 0.4925684839572068, 0.7403381605010836, 3.0524127502071874, -0.008781883212022227
0.30168202334085514, 0.24172417399858107, 0.49253889463560546, 0.7403357067680952, 3.052481298316644, -0.008843970047366841
0.3016728167741697, 0.24170112391339915, 0.49254195488309316, 0.740314571916543, 3.052479268316584, -0.008867450450438628
0.3016641063148265, 0.24170597105743974, 0.4925534060805789, 0.7403517436579874, 3.052468395046358, -0.008807496058548662
0.3016713596866957, 0.24170674497073652, 0.4925615055203989, 0.740365668478039, 3.0524449600724997, -0.00877918033947237
0.301676285688067, 0.24171394122753007, 0.49255138469803417, 0.7403499076592381, 3.052461944104587, -0.008832403766329829
0.3016826086686967, 0.24171343501606377, 0.49252967652844976, 0.740332218998349, 3.0524721294824824, -0.008909949957028738
0.3016725021612119, 0.24171816984478833, 0.49255138268312465, 0.7403528347064189, 3.0524726312183748, -0.008825696720486356
0.30166763859383683, 0.24171105008211466, 0.4925671944673667, 0.7403123742287165, 3.0524650897058376, -0.008754973230090437
0.30167560252076714, 0.24170516590799962, 0.49254346383298225, 0.7402778372952213, 3.052488085696848, -0.008866755551723936
0.3016638959845209, 0.24171136119876954, 0.49258201105071464, 0.740300322020318, 3.0524984605740504, -0.00871719132313073
0.3016728057517074, 0.24170293488641365, 0.4925660693481435, 0.7403497626249744, 3.052460428967905, -0.008772478223542712
0.30167736928211303, 0.24171747731123994, 0.49253446601606077, 0.7403562237349615, 3.0524891189179932, -0.008895749772466684
0.30168004223709627, 0.24171344853617532, 0.4925433759947788, 0.7404070693126779, 3.0524550918258293, -0.00880825834372182
0.301686591912346, 0.24170362552077557, 0.4925322200619766, 0.7404440753274533, 3.0524534709854465, -0.008944199522989887
0.3016817271449519, 0.24172186568268125, 0.4925425651370517, 0.7403704052069267, 3.052465552541514, -0.00886742173319768
0.301682713807954, 0.24171933258219133, 0.49253117921518125, 0.7403591994411762, 3.052500018057765, -0.008889017344035655
0.3016763518744817, 0.2417062062159537, 0.4925559707791697, 0.7403300879820786, 3.0524623757866807, -0.008814209452726781
0.30167406145941245, 0.24172047051177908, 0.49255045875733633, 0.7402987963199688, 3.0524943556961133, -0.008859995380941068
0.30168348573077153, 0.24171463224059656, 0.4925537930193595, 0.7403094547569664, 3.0524559854982356, -0.00882169130679804
0.3016768819612681, 0.24172074356322518, 0.49253559510767136, 0.7403135744720001, 3.0524720764583475, -0.008891713545956635
0.3016751519454713, 0.24170251021229355, 0.49256150756838657, 0.7403812647215336, 3.0524296302197533, -0.008785948784101683
0.30167583246201723, 0.2417152091091978, 0.4925352072538372, 0.7403913535363572, 3.0524720142461343, -0.008861457997843408
0.30167900643136525, 0.24171790347680308, 0.49254697494619165, 0.7403326952684511, 3.0524704610260978, -0.008849921528005091
0.30167281572303406, 0.2417069316170884, 0.49255671407529183, 0.7403445919615783, 3.052438656860324, -0.008786674135268327
0.3016891117517811, 0.24172670995080217, 0.49252782475362034, 0.7403575525177805, 3.052493325695105, -0.00891398657647791
0.3016751218502937, 0.24172579422896212, 0.49253304357531263, 0.7403596105011133, 3.0524983936196053, -0.008830525901233456
0.3016761472903092, 0.24171559579552757, 0.4925638896829189, 0.7402764328613709, 3.052478435678032, -0.008773203420213857
0.3016910392906092, 0.2417119094907473, 0.4925436901910923, 0.7403877458555502, 3.0524571826165796, -0.008849957788088997
0.3016779827638727, 0.24169881629356024, 0.49255558896955537, 0.7403819798907153, 3.0524339958428, -0.008804179408668997
0.3016788533677561, 0.2417117484700078, 0.49254658916656613, 0.7403528543968486, 3.0524728964813224, -0.00882644527278464
0.3016776816542061, 0.24171405406926622, 0.4925411299111259, 0.7403482778984587, 3.0524550144803673, -0.0088567083477247
0.3016889428815368, 0.24170883423782416, 0.49254922509306037, 0.7404041555873814, 3.052444521491609, -0.008814947034610566
0.30167734831119897, 0.24170766992523723, 0.4925352294580769, 0.7403693596508861, 3.0524614659552, -0.00884998272683979
0.30169039153925487, 0.2417225715848111, 0.4925472173773709, 0.7403361538260946, 3.052484113263851, -0.00880151295653286
0.30168727871853074, 0.24172213350950683, 0.49253223669132473, 0.740353908060164, 3.052478435240408, -0.008903169832273865
0.3016853668435839, 0.24173294763073636, 0.4925016159698044, 0.7403658834128174, 3.052527093040789, -0.008953122071679413
0.3016699302087505, 0.24173009382276256, 0.49253671608539457, 0.7402997394602462, 3.052494038305277, -0.008860745694619289
0.3016768940735486, 0.2417205598775763, 0.4925421753917143, 0.7403776388401848, 3.0524941369765526, -0.008830482349420321
0.3016815153178558, 0.24170590247449777, 0.49255595056449025, 0.7403681750167873, 3.0524576579194562, -0.008832396913711968
0.3016840227992442, 0.2417211802269723, 0.49253889261346967, 0.7403377829940117, 3.0524924467592767, -0.008837219166254044
0.30167814664588893, 0.24171260209432346, 0.4925638876610775, 0.7403894449157418, 3.0524624686876694, -0.008766417009190371
0.301682145827204, 0.2417244698287101, 0.4925186478303096, 0.740396650042421, 3.05249648999817, -0.008965775907113121
0.30167889425987277, 0.24171378581251657, 0.4925447658153395, 0.7403761147982537, 3.052491480950598, -0.008870750855140578
0.30167559627766394, 0.24171297451226365, 0.4925443410615479, 0.7403145821569067, 3.0524793895186177, -0.008868127470037011
0.30167043534711135, 0.24171328122599894, 0.49254458888754044, 0.7403510212627479, 3.052465718685258, -0.008849215193966954
0.30166855887742516, 0.24170465450895232, 0.4925522546693239, 0.7403349496661318, 3.052481257349445, -0.008842495262524746
0.30167853359428587, 0.2417209889258486, 0.4925549120272974, 0.7402616853958497, 3.052497895906722, -0.008783982633745455
0.30168084584688026, 0.24168921251007086, 0.4925670402431154, 0.740418513226086, 3.0524236676589926, -0.008744206132415907
0.3016826477715571, 0.2417250608988539, 0.4925400197020782, 0.7403530906226299, 3.052472709482507, -0.008826470979331895
0.301667998897988, 0.24171561799457028, 0.4925605386814177, 0.7402541938088862, 3.052469171841663, -0.008820935378077334
0.3016821665166399, 0.24171060825266472, 0.4925547559397349, 0.7403341664033614, 3.0524759681507465, -0.008766495445366614
0.30168352590021213, 0.24172045000855716, 0.49254937711107344, 0.7403555919611313, 3.0524836627897187, -0.008818970180239631
0.30168396047617085, 0.24170355925867124, 0.4925400007938077, 0.7403911405575029, 3.0524721434592514, -0.008860767116542155
0.30168187657699863, 0.2417082906347945, 0.4925581987223945, 0.7403503264230322, 3.0524648126004768, -0.008790721064197714
0.301677762820068, 0.24171216840857068, 0.4925605203242939, 0.7403770231062039, 3.0524102430912414, -0.008756964597731714
0.3016788533677561, 0.2417117484700078, 0.49254658916656613, 0.7403710406476526, 3.0524684510410673, -0.008826439496498431
0.3016811268288344, 0.24172479454521498, 0.49253889261346967, 0.7403565899911141, 3.052487780293963, -0.008837202017799176
0.3016837106294277, 0.24171687000081282, 0.4925444315638099, 0.740404475584088, 3.0524444364026286, -0.008815648439474494
0.3016816045087764, 0.24170979805471574, 0.49255932180628353, 0.7403711340419823, 3.052466972835307, -0.008766459077782994
0.3016799429969747, 0.24172310063145871, 0.4925425610999252, 0.7403390363204678, 3.052496279102999, -0.008853975769035034
0.3016837756191118, 0.24171694982757044, 0.4925503501858881, 0.7403667673759778, 3.052449182717929, -0.00879744199152792
0.30168532151837557, 0.24171725160315308, 0.49255152234423755, 0.7402897643995191, 3.0524519039927274, -0.008786036368985735
0.30168445731428084, 0.2417042893504208, 0.49252951629923847, 0.740410431537264, 3.0524718582658803, -0.008879004548843548
0.30167894425787606, 0.241706055795312, 0.4925377937031827, 0.7403400173828043, 3.0525046632023893, -0.00888829711403076
0.3016733898043718, 0.24171755545305168, 0.49255138469803417, 0.7403316146474258, 3.052466346219393, -0.008832397854256513
0.3016890570744784, 0.2417127652571078, 0.492552641378536, 0.7403888960737081, 3.0524581156684314, -0.008748315341015975
0.30168389177965044, 0.24170148485481818, 0.49254796412878954, 0.7403479501340335, 3.052453727055531, -0.008796783451108727
0.3016863682981692, 0.24171479241303329, 0.4925455996451304, 0.7404064178827592, 3.0524509891895817, -0.00879077188432955
0.30170410605458714, 0.24171522066798973, 0.49253237190774396, 0.7404797344001307, 3.05243473104933, -0.008850014720601365
0.3016712668571299, 0.24171258082989605, 0.49253867235401916, 0.7402572740692946, 3.0524815174618865, -0.008874225694225217
0.3016841101564367, 0.241715519110605, 0.4925549181121668, 0.7402904663295581, 3.0524562866106595, -0.008804204404469851
0.30169376909849466, 0.24171390511295, 0.49254119384815054, 0.7403646683771709, 3.0524425154981993, -0.008821766139881804
0.3016819513186966, 0.2417201007405105, 0.4925425591107722, 0.7403599998630369, 3.0525026961586175, -0.008847285848194164
0.3016803902423098, 0.2417140166934074, 0.4925458478771659, 0.7403544609798374, 3.0524810215924476, -0.008860725197023222
0.30169128803628437, 0.24172195101651925, 0.4925472193994046, 0.7403334572264819, 3.052473186012749, -0.008808275891494815
0.3016852353899694, 0.24171513862341013, 0.4925528179223654, 0.7403927415553776, 3.0524790313298125, -0.008836438958692424
0.3016858435875899, 0.24172594038449216, 0.4925279004521481, 0.7403330127090189, 3.052471674052505, -0.008909250058097782
0.3016779228332008, 0.24169874269634764, 0.49255012564868444, 0.7404014270228038, 3.052433369398662, -0.008820990159118674
0.30168160810894673, 0.2417019863711592, 0.49255821694207963, 0.7403522489320558, 3.0524714747957415, -0.008765782153903192
0.3016847440000169, 0.24172813612505062, 0.49253448474448014, 0.7403366806774122, 3.0524853698118006, -0.008861482029085542
0.30167589750629964, 0.2417152890180602, 0.49254112584786874, 0.7403536450700174, 3.0524767610919357, -0.008843250860248442
0.3016870060962036, 0.24171963844626917, 0.49254271514602593, 0.7403791348761904, 3.052502438295062, -0.008864778864640686
0.30168361031272733, 0.2417187120250875, 0.4925311812374226, 0.740374688451298, 3.052484644979059, -0.008895774065772764
0.3016834102355723, 0.24172429269965157, 0.4925286397575025, 0.7403151900425021, 3.052479100063415, -0.008868213873917717
0.3016762635307021, 0.24170013095740192, 0.4925615035056217, 0.7403310880541782, 3.052465021847172, -0.008772520732465743
0.3016833901249672, 0.2417201472772179, 0.4925640234006585, 0.7403686262094651, 3.0524543333161236, -0.008713262508105661
0.30168289251408964, 0.24170001766987442, 0.4925684777946984, 0.7403458154266792, 3.0524457300303864, -0.008761699480265197
0.3016917707721924, 0.24171705308482883, 0.49251516796335876, 0.7403878226899724, 3.0524600515563356, -0.00896918098748111
0.3016846218368411, 0.24173179306217205, 0.4925451212051507, 0.7403599711886, 3.052502654645939, -0.008847263018872713
0.30168549603374306, 0.2417291797923634, 0.4925472193994046, 0.7403521574218067, 3.0524684768571313, -0.008808246516448157
0.3016801902876602, 0.24171959742624632, 0.49254330648442823, 0.7403502489915792, 3.0524619622013547, -0.008833147677886536
0.30168799026848053, 0.2417093688355696, 0.4925433044694353, 0.7404445342063856, 3.0524505937097617, -0.008826458082659304
0.30168467212361394, 0.24171632927015954, 0.4925503522340033, 0.7403640707318759, 3.052438255381029, -0.0088042044572175
0.3016817491818399, 0.24170813417903772, 0.49254658916656613, 0.7403158611565436, 3.0524820080226256, -0.008826468632788024
0.3016784562617008, 0.2417131023156376, 0.4925363302852223, 0.740374804977787, 3.0524833762283916, -0.008837219500622084
0.301688769373378, 0.24172799518286311, 0.492549512580537, 0.7403533234844846, 3.0524709938314536, -0.008765809468273461
0.3016901042230497, 0.24171829673140335, 0.49255280143100727, 0.7404391867067901, 3.0524270459898823, -0.00877923116887033
0.30168745391811697, 0.24171455707845876, 0.49253664655653584, 0.740371227381238, 3.052469961839441, -0.008885663638965702
0.3016887168315024, 0.2417143705545797, 0.49254126544639837, 0.7404011460697518, 3.052429007127336, -0.008803553759884262
0.30167936764860315, 0.2417202916678748, 0.4925492230781365, 0.7403337605645515, 3.0524729931186037, -0.008808239599359155
0.3016789705367395, 0.24172164552402392, 0.4925389641843216, 0.7403557109638855, 3.0524834731158994, -0.008819013826004569
0.3016895172690768, 0.24171745110468962, 0.4925573223047182, 0.7403288785289377, 3.0524542236836587, -0.008779942697730364
0.3016959680756621, 0.24171710156305057, 0.4925472234625104, 0.7404384050262524, 3.0524245427693164, -0.008821710220287942
0.301689814610079, 0.24171395148646657, 0.49253889261346967, 0.7404114693462464, 3.052474573226513, -0.008837218997706741
0.30169190112205335, 0.2417052965341855, 0.49255491606409824, 0.740440063278762, 3.052431513188557, -0.008797429326460326
0.3016856847410519, 0.24172360209048166, 0.4925495331204771, 0.7403375198079702, 3.0524924304773946, -0.008836463430894075
0.3016755603881237, 0.24171671656721128, 0.4925363302852223, 0.7403194116377974, 3.052496846962439, -0.008837225329375639
0.30169211250221445, 0.24171529674036238, 0.49255279941613656, 0.7404052275155033, 3.0524468880010844, -0.008772559503653347
0.30168428528659935, 0.24171567630408947, 0.4925471250008744, 0.7403963470555907, 3.0524939210825752, -0.008847261321002869
0.301682826588317, 0.24170775281986442, 0.4925638916976752, 0.7404023712409404, 3.052436319624646, -0.008779881050184572
0.3016770470036537, 0.241726714900818, 0.4925425610999252, 0.7403207430839885, 3.0525006810716837, -0.008853970148195436
0.30168823010619206, 0.24170187213012928, 0.4925536328558925, 0.7404059583863278, 3.052451311573075, -0.008790751300654777
0.3016775422006729, 0.24172366163763515, 0.4925344415144777, 0.7403179202583992, 3.052491288123678, -0.008919933409994633
0.3016892672313002, 0.2417171439744058, 0.4925345583759083, 0.7403879038776869, 3.0524569936224655, -0.008849995187720373
0.30169666493840647, 0.2417102906432838, 0.49254119384815054, 0.7403829612365255, 3.0524381131459846, -0.008821772195177708
0.30168746587668854, 0.2417185564690825, 0.4925275188063509, 0.7403845673214027, 3.0524434912795866, -0.00889915249205121
0.3016893272962897, 0.24171721776735902, 0.49254002171710587, 0.7403688202930173, 3.0524575312916338, -0.008833184025354804
0.3016895005799983, 0.24173509932641887, 0.49251907646254856, 0.7402850415018658, 3.052515077458776, -0.008930833817374422
0.3016775609752835, 0.24172334050735705, 0.49257310610807176, 0.7403183657421997, 3.0524898612182523, -0.008700460273253182
0.30168609645540173, 0.24172429052932257, 0.49255280551982655, 0.7403423128412726, 3.0524275299583397, -0.008792695063055418
0.3016842948549815, 0.24171967276569883, 0.4925377695820616, 0.7403177022489962, 3.0524901083361518, -0.008861480733522865
0.30168917794990086, 0.24171324826248322, 0.4925311873419601, 0.7403478432441859, 3.052456746579973, -0.008915944649777218
0.30168192829409324, 0.2417121449909936, 0.4925559240745178, 0.7403541875253932, 3.0524780322181093, -0.008741600818873936
0.3016899166344227, 0.24171413951039084, 0.4925697225382906, 0.7403570668303882, 3.052406811641397, -0.008722674842528097
0.30168966587767504, 0.2417273746250702, 0.4925495146025289, 0.7403506270394817, 3.0524600665425483, -0.008772572193576415
0.30168131605792664, 0.2417152577396114, 0.49254567119790393, 0.7403872459439288, 3.052451084343444, -0.008772578011753736
0.3016834118185416, 0.24169893387764538, 0.49253410645235013, 0.7403669511821768, 3.052454946852365, -0.008874262186362314
0.3016966180184007, 0.24172398687719635, 0.49253712455943277, 0.7403826146191823, 3.0524352489665314, -0.008863441184031743
0.3016846972883557, 0.24171433696204275, 0.4925330455645519, 0.7403932696049276, 3.0524789019590326, -0.008837243804651413
0.30168653432356607, 0.24170918238474617, 0.49254809597618615, 0.7404103253311507, 3.0524704115084944, -0.008818981819522632
0.30168639854959084, 0.2417088796693661, 0.49256274220729906, 0.7404051727700758, 3.0524455267424853, -0.008713280299296293
0.3016790565428247, 0.24171017344597462, 0.4925400028088502, 0.7403700701940212, 3.052465683113086, -0.00886744530610047
0.3016819647928642, 0.24171436591657047, 0.49255266589137153, 0.7402947673902738, 3.0524755017248903, -0.008832427526067317
0.301676834032579, 0.24172048611551433, 0.4925367120740185, 0.7403417999479815, 3.0525070245478343, -0.008847310795682389
0.3016910392906092, 0.2417119094907473, 0.4925436901910923, 0.7404426679039878, 3.052443756166822, -0.008849940144367643
0.3016914886768701, 0.2417203728972746, 0.49254040536576715, 0.7403878105278462, 3.0524570673546614, -0.008849964719155765
0.3016838455283699, 0.24171120941950627, 0.4925410543494183, 0.7403540102137476, 3.052481332854207, -0.008861462116903536
0.30168697054206406, 0.2417294109415187, 0.49254270051610016, 0.7403314015608385, 3.052461864378718, -0.008814272669318574
0.30169108914284326, 0.2417041793606744, 0.49253671810047167, 0.7404800426562064, 3.052438976907581, -0.008867463922091855
0.3016889552613922, 0.2417166409068763, 0.4925618881711744, 0.7403840320073305, 3.0524407829860714, -0.008779899903943574
0.3016817041924863, 0.2417139098993319, 0.4925559301002195, 0.740383508735956, 3.0524362670632055, -0.008761731320873257
0.30168576661856644, 0.2417218609852649, 0.4925311096614263, 0.7403755673012412, 3.0524889518162768, -0.008913962353519237
0.3016948958809518, 0.24171933564803502, 0.49255408049253846, 0.7403870804246631, 3.0524513343546706, -0.008772559490620162
0.3016863061999879, 0.24172067835405658, 0.4925286397575025, 0.7403705830320318, 3.052465629287605, -0.008868207868679038
0.3016781602196682, 0.24170878708384447, 0.4925534274734201, 0.7403475666472674, 3.0524495551525823, -0.008779942399563753
0.30168144899924576, 0.24171555691200317, 0.4925307974925875, 0.7403367843309264, 3.05248973268869, -0.00887899880701758
0.30167808425643927, 0.24171252548463645, 0.49255819670048595, 0.7403165435646557, 3.0524845872313517, -0.008783958154260458
0.3016748798510611, 0.2417040176171038, 0.49256263063960154, 0.740364609017453, 3.052440947939729, -0.008761699446854614
0.30168665644479903, 0.24170552557304814, 0.4925374593889052, 0.7403681214952131, 3.052457750518272, -0.008833207872629922
0.30168142951908855, 0.24171737463865453, 0.4925549120272974, 0.7403905515267984, 3.052466467672208, -0.008783953450023987
0.3016822036860039, 0.24171464332608464, 0.4925456732128439, 0.740384576051439, 3.0524402652139675, -0.00877927352025907
0.3016821385329226, 0.24171652378175004, 0.4925378411394556, 0.7403906596205783, 3.052467752443146, -0.008843269417840867
0.30168670551986965, 0.24171133703567105, 0.49253304357531263, 0.7403960467589529, 3.0524897642592106, -0.008830559291101778
0.30167608876440993, 0.24170574711386458, 0.49255900728308794, 0.7404006801866664, 3.05242774882655, -0.008744219702058253
0.30168628440265194, 0.24170494871727252, 0.49255932584297396, 0.7404571685240509, 3.0524229526149207, -0.008779899635440892
0.30168432540058404, 0.24171376031681793, 0.4925549120272974, 0.740408844496166, 3.0524620650251655, -0.008783959229612384
0.3016829149069809, 0.2416982036787919, 0.49254459093573827, 0.7404029462554431, 3.052441716824265, -0.008856007164321188
0.30168757990221806, 0.24172444790539996, 0.4925290214167617, 0.7403740575581753, 3.0524804298542825, -0.008878299279577482
0.3016747977857869, 0.241717484564972, 0.49254771023487176, 0.7403573118481991, 3.0524904562949384, -0.008795482513722664
0.30168667149552325, 0.24171333547761964, 0.4925503501858881, 0.7403850602533693, 3.052444780262825, -0.008797447982090643
0.3016788533677561, 0.2417117484700078, 0.49254658916656613, 0.7403895905959024, 3.05246391658009, -0.008826433604661064
0.30167638819316456, 0.2417002840029361, 0.49257288543028394, 0.7404030539589389, 3.05243883183757, -0.008737461527711585
0.3016901537488142, 0.24173007128767196, 0.49253711643299203, 0.7404117926280197, 3.052474163973714, -0.008836508313529423
0.30168644400809996, 0.2417110945589048, 0.4925594839785761, 0.740363912624432, 3.0524384440320915, -0.008804167504961847
0.3016890898659277, 0.24170717318496693, 0.49253672014876204, 0.7403488447754871, 3.0524593943022778, -0.00887425603552099
0.30167918152838763, 0.24171032696726683, 0.49255138469803417, 0.7404049366475645, 3.0524485617501234, -0.00883239779584336
0.3016846472406536, 0.2417220671198818, 0.49254001767996297, 0.7403926305662648, 3.052474700091936, -0.008819708548178472
0.301691164264955, 0.241712062986753, 0.49255507210613414, 0.7403858761175159, 3.052449040816739, -0.008814922487982739
0.30167671308937344, 0.2417085943576173, 0.49255821896397706, 0.7403682527940072, 3.05245583901708, -0.008772515525063996
0.30168151408441096, 0.24171563687827244, 0.49253671608539457, 0.7403914620785446, 3.0524718957724573, -0.008860762794350325
0.3016770254740689, 0.24171094437660165, 0.492554593560357, 0.7404070205698081, 3.05245356716799, -0.008748273509573707
0.30168208962523657, 0.24171451921387058, 0.49256404778525564, 0.7403481839180377, 3.052453846482046, -0.008797374284656795
0.3016830861957702, 0.24171598311919507, 0.49254330648442823, 0.740368541978075, 3.0524575599773964, -0.008833153588590815
0.30168653432356607, 0.24170918238474617, 0.49254809597618615, 0.740465247700606, 3.0524569849965935, -0.008818964689408848
0.3016790554452663, 0.24171598131373548, 0.49255476202457776, 0.740381539970769, 3.0524296063910943, -0.008786674299768493
0.3016715566508401, 0.24171489836707338, 0.4925352294580769, 0.7403513235138417, 3.0524657358613094, -0.008849965020173432
0.3016859820605979, 0.24171236877751417, 0.49254330648442823, 0.7403868349376065, 3.0524531576442318, -0.00883315949827228
0.30168457944721594, 0.24171635596375204, 0.49251275986984533, 0.7403358637352639, 3.0524884843024567, -0.00897999115707854
0.30168459746122295, 0.24171225288585257, 0.4925537889563926, 0.7403702141658633, 3.0524642613954223, -0.008808226735775321
0.3016831511933179, 0.24171606295747358, 0.49254922509306037, 0.740367569777253, 3.052453326391105, -0.008814935133386827
0.3016913634894449, 0.24172021908613003, 0.4925290234319283, 0.7404264161100075, 3.05245622773486, -0.008884988719120905
0.30168237362612593, 0.24170902105334488, 0.4925477142459684, 0.7404252672060669, 3.0524509248229945, -0.00880894034801757
0.3016854226151704, 0.2417115617412797, 0.49254810001316146, 0.7403684789600216, 3.052457513190338, -0.008832440114238966
0.30168257679703464, 0.24170744604850972, 0.492541127862891, 0.7403875608611133, 3.0524571374484246, -0.008849957896267318
0.301690191917672, 0.24171834159304526, 0.49253927228932626, 0.7404361915418995, 3.052495766339517, -0.008840541888286093
0.30169419725456204, 0.24171260167244535, 0.49255732639344646, 0.7403789046970533, 3.0524190067011867, -0.008793395156113623
0.3016902167455247, 0.24171064341051585, 0.4925515202961439, 0.7404574403573281, 3.052422642125348, -0.008779243112265639
0.3016825892261296, 0.24171525279780565, 0.4925537909712705, 0.7403121513021178, 3.0524669128191833, -0.008814928576592869
0.30167880422643223, 0.24172725546600735, 0.49253646782891414, 0.7403150676690082, 3.052473030220086, -0.008790815169951787
0.30169145081870263, 0.24171037469153325, 0.49256075703979996, 0.7403923571221248, 3.052477755679009, -0.008777261736659027
0.3016935940600385, 0.24170190936693695, 0.492526231566852, 0.7404657390592495, 3.052458446289906, -0.00887902879592242
0.3016692733283863, 0.24169785591310078, 0.49255228100014187, 0.7403891321383345, 3.052463733802442, -0.008825001037145083
0.30168628440265194, 0.24170494871727252, 0.49255932584297396, 0.7404022466613653, 3.0524363785450537, -0.008779917755045755
0.3016942094412084, 0.24172433497332638, 0.4925359954161765, 0.7403887844094487, 3.052461138891391, -0.008867476607911696
0.3016834510095354, 0.24170863966037567, 0.4925650168163606, 0.7404197548099168, 3.052427730279816, -0.00876238196158799
0.30169153864027587, 0.24171264267029174, 0.49253343332186766, 0.7404255491029925, 3.052452199912481, -0.008867488342582724
0.30168580693215, 0.24171994525642151, 0.49253889665065337, 0.7404244379684378, 3.052448205416729, -0.008850647828615494
0.301680496486561, 0.24170436566836015, 0.49255822097878893, 0.7404206117061954, 3.0524316374578366, -0.008779205045996724
0.301684737122914, 0.24171444858961258, 0.49255818446605953, 0.7403027028106302, 3.052424279411093, -0.00874022914008315
0.30168660650487716, 0.24171325565165191, 0.4925444315638099, 0.7404409545135556, 3.052435587972298, -0.00881564846816462
0.3016914886768701, 0.2417203728972746, 0.49254040536576715, 0.7403878105278462, 3.0524570673546614, -0.008849964719155765
0.3016817109528629, 0.24172759721788106, 0.4925322306646719, 0.7403618395912954, 3.0525109573441824, -0.008883005872795828
0.301680293207127, 0.24170794766395412, 0.49255138066112847, 0.7403736744733611, 3.052479331483639, -0.008818963147980568
0.301690376355753, 0.24169721739324293, 0.49254112584786874, 0.7403898242392336, 3.0524682642973984, -0.008843297134465846
0.30169277549092294, 0.24171041695835552, 0.49254481122101734, 0.7403916899043247, 3.0524750061877275, -0.008819017732470501
0.3016950297608362, 0.2417274115769787, 0.49252211295184445, 0.7404285935822097, 3.0524627560078677, -0.008860844297363633
0.301692610105479, 0.24170444565214932, 0.49253784520278227, 0.7403663354745067, 3.0524508484685042, -0.008856768983930364
0.3016883657534321, 0.2417099755116767, 0.4925460489723073, 0.7403918566796186, 3.0524761958565145, -0.008877524272211322
0.3016840227992442, 0.2417211802269723, 0.49253889261346967, 0.7403377829940117, 3.0524924467592767, -0.008837219166254044
0.3016906619854289, 0.24170751938804869, 0.49254331057349304, 0.7403997605636775, 3.0524270088273306, -0.008846623537156274
0.30170134871118925, 0.24173653344443885, 0.4925374095406934, 0.7403892258218802, 3.0524592905983456, -0.008807614422707269
0.30167018518382893, 0.24170105736055392, 0.49254973564705407, 0.7403536573419981, 3.052475443592231, -0.008783988950229383
0.30168541178054764, 0.24171533925315658, 0.4925401342677278, 0.7403914623814458, 3.0524703589816045, -0.0088008322443698
0.30170032533789753, 0.2417254153865885, 0.4925213284954185, 0.7404276684012641, 3.052460270758536, -0.008902530907446625
0.30168321365187695, 0.24171613966793273, 0.49255491606409824, 0.7402931626858027, 3.052467213912748, -0.008797441514172987
0.3016871324264774, 0.24173353177532747, 0.49252573447538417, 0.740358633073682, 3.052495687429905, -0.008871550048172179
0.3016939311176258, 0.2417180259211508, 0.49252422784064415, 0.7404108136324291, 3.052471715344415, -0.008879035928262724
0.3016914883686651, 0.2417339578536398, 0.49253807117657816, 0.7403439467865127, 3.0524297710803223, -0.008751105963479666
0.3016915878069117, 0.2417164938139881, 0.4925309308430788, 0.7403737994130118, 3.0524791872207975, -0.00881908668883241
0.301702135835025, 0.24172203639220913, 0.4925302817432406, 0.7403887661639065, 3.0524594798517337, -0.008807674371214045
0.3016937109578072, 0.24173137859954802, 0.49252915867794395, 0.7403509332644229, 3.05246138829241, -0.008831839532782226
0.3016928616143258, 0.24172026335670854, 0.4925313125029126, 0.7404511105119473, 3.0524759383006246, -0.008829154874472733
0.3016971650807884, 0.24174211280597707, 0.4925269209217784, 0.7403039314689986, 3.052507559122009, -0.008812416132253562
0.3016875571425916, 0.24171649239816884, 0.49254238648948995, 0.7404238964586805, 3.0524421642016946, -0.00877259668761944
0.3016900660154393, 0.2417300265128333, 0.492550645825484, 0.7403045826481465, 3.0524323821006956, -0.008775233488164601
0.3016915280312486, 0.24171249372857379, 0.4925594615707455, 0.7403446926653998, 3.052437221841438, -0.008726776527226702
0.3016931113135579, 0.24171283654545783, 0.4925662798140008, 0.7403584452728572, 3.0524136335461733, -0.008698523628142612
0.3016868825957493, 0.2417233356507093, 0.492548233526127, 0.7403505879601469, 3.0524600656336123, -0.008772578104856509
0.301693748215862, 0.24172545710763726, 0.4925460738199887, 0.7403493361264515, 3.052456070227941, -0.008755115834373038
0.30169347613301034, 0.24172696450535147, 0.492547196930142, 0.7403330434058281, 3.0524672982425356, -0.008730865724536054
0.3016827641979704, 0.2417076762110025, 0.4925582007372174, 0.740403306145422, 3.052440390560454, -0.008797398700771319
0.3017010239569696, 0.24172441591320748, 0.4925302858066924, 0.7404022059833502, 3.0524330670835877, -0.008821115000010146
0.3016967161109035, 0.24173364943495956, 0.49253020597010283, 0.7403773399086269, 3.0524897152540165, -0.008812386152883038
0.3016959227201029, 0.24171488661435114, 0.49255048175553756, 0.7404065576481824, 3.052449496752581, -0.008730846900106348
0.3016959547146646, 0.24172087589916316, 0.49253903004019095, 0.7404432399026685, 3.0524419968999, -0.008790809206600554
0.301698813375941, 0.24172318265751228, 0.49252211496707315, 0.7404442159273008, 3.05244753431104, -0.008867545372021704
0.3016982662422856, 0.24171445855661974, 0.49254569224881367, 0.7403460756235672, 3.0524413541095363, -0.008745049928522717
0.30168660650487716, 0.24171325565165191, 0.4925444315638099, 0.7403125603321792, 3.052466973122354, -0.008815690262123504
0.3016974168891644, 0.24171133408023918, 0.4925539285982708, 0.7404359008928223, 3.0524120604617617, -0.00876852505849549
0.30169609265772035, 0.24171922075051028, 0.49252652495238636, 0.7404250559094366, 3.052447908816646, -0.00885003928797132
0.3016938583146476, 0.24171780065878046, 0.4925445651022551, 0.7404414630892259, 3.0524337812062003, -0.008755804311647191
0.30169879055657545, 0.24171718759035105, 0.4925335666623282, 0.7403704084442234, 3.052463997244212, -0.008807661540583968
0.30169849079563194, 0.2417206843888028, 0.49255176891684216, 0.7404169772964019, 3.0524122474122586, -0.00875104462690656
0.3016876171486969, 0.24171656610511244, 0.4925478498696126, 0.7403491629413057, 3.052456304084044, -0.00875580379829848
0.3016895565240523, 0.24171349858220176, 0.4925423844674282, 0.7404081499278307, 3.052457668660653, -0.008765851698065931
0.30169059010657956, 0.24172476466540993, 0.49253243757046056, 0.7403952782779367, 3.052485177896244, -0.008811667133623954
0.3017038229632577, 0.24171473227236642, 0.49253581887703046, 0.7404397118993779, 3.0524269729829863, -0.008779359719650583
0.3016860485654, 0.24172403294127615, 0.49255392251342245, 0.74035234930016, 3.052466921787697, -0.008748297708778044
0.30168799443108124, 0.2417209562564082, 0.4925482295150728, 0.7404109835622703, 3.0524684298171154, -0.008759113790153424
0.30169242166580884, 0.24171579627740605, 0.4925252418608101, 0.7404458734642821, 3.052454281047508, -0.008843343955829523
0.3017041711596319, 0.24171530065418215, 0.49253829054013387, 0.7404049266372849, 3.0524485479591585, -0.008831820184930813
0.3016970944480363, 0.24172449776408905, 0.4925280295730491, 0.7404304252538886, 3.0524694932506287, -0.008835874651414331
0.3016795441352459, 0.24172429936939369, 0.4925583304000809, 0.7403539379916347, 3.052473626292647, -0.008724078510049839
0.30169101026524814, 0.24172167270578432, 0.49254344816182855, 0.7404313184971153, 3.0523943464095047, -0.008800188156445371
0.30168996585829, 0.24171995129167126, 0.4925653065573471, 0.7403660757307632, 3.052443449345852, -0.008720031439745335
0.30171274490690536, 0.24172184400117344, 0.4925203364918748, 0.740465202763583, 3.052453892649913, -0.008860190753645698
0.3017060445642699, 0.24171796117289818, 0.49254166582016684, 0.740421432508855, 3.0524314923923432, -0.008779335248714272
0.301693410880334, 0.24171915072220237, 0.4925534817605663, 0.7403742151543479, 3.052393949474791, -0.008688482035241337
0.3016981880571906, 0.24172810429245675, 0.49253574919570725, 0.7403830157920622, 3.052433561488194, -0.008804292040940099
0.3016897478979882, 0.24173159616099194, 0.4925198219454083, 0.7403333540280421, 3.052471692132307, -0.008909993978393005
0.30169299866817506, 0.2417244165459624, 0.4925335666623282, 0.7403891085838705, 3.0524592878738024, -0.008807632154263643
0.3016932988900665, 0.24171699367419974, 0.4925493586453492, 0.7403674575003966, 3.0524517396343005, -0.008755103153300914
0.3016913897359603, 0.24171807508019924, 0.4925379725932764, 0.7403936079076314, 3.05247700517776, -0.008776673246326711
0.30169950301302395, 0.24172414962688402, 0.49252915867794395, 0.7403504194242967, 3.0524616525420245, -0.008831863363473256
0.3016879442194416, 0.241728686329374, 0.49255520160086347, 0.7403732443620332, 3.052473296629318, -0.008741590201383438
0.30170245909404597, 0.24172060895510478, 0.4925346220546116, 0.740459836517105, 3.0524308467303136, -0.008815022506338963
0.30170418306370905, 0.24171930005326048, 0.492529162767303, 0.7403451593888931, 3.0524399495399703, -0.008845334360868772
0.3016870577018212, 0.24171575906713094, 0.49255264340048405, 0.7404410150859556, 3.0524337204607424, -0.008755048495767873
0.3016929618253438, 0.2417184212382329, 0.49254456308022276, 0.7403703237079882, 3.052462756854101, -0.008749065312447735
0.30169851744482973, 0.24172450306901794, 0.4925494492552248, 0.7403288485754997, 3.052448124526191, -0.008702655380482338
0.3016887446698356, 0.24170845484610654, 0.4925581803774093, 0.7403999393310535, 3.0524237077250604, -0.008726763834781435
0.301685921077817, 0.241723876346975, 0.49254231285569977, 0.7403724431915301, 3.052470781509712, -0.00878402805508943
0.30168301285460253, 0.2417177175837675, 0.49256173014022514, 0.7403675673509561, 3.052451859840803, -0.008755711071538708
0.3016898132648265, 0.24172971598482182, 0.49252765410874344, 0.7402901721108546, 3.0524532739335934, -0.008846010385611513
0.3016967161299336, 0.2417259158880431, 0.4925424094594373, 0.7404171728796722, 3.0524122219885856, -0.00875178204215656
0.3016892283032234, 0.2417149199548055, 0.49253758892342286, 0.7404295397091742, 3.052464043238471, -0.008759875242521796
0.30168969359804537, 0.24171765164258513, 0.49254463875579724, 0.7404378074205406, 3.052418611902015, -0.008744299993875005
0.3016959187467043, 0.24172461764259084, 0.49253101927133847, 0.7404480689744668, 3.0524594537444343, -0.00875990684677383
0.30168326529207096, 0.24171999397949143, 0.492552641378536, 0.740407232720221, 3.0524534961982908, -0.008748286006467092
0.30169252445112255, 0.24171395733814657, 0.4925387200683992, 0.7404207004298383, 3.0524273340338146, -0.008762536489578905
0.30171486962408073, 0.24173258880682655, 0.49252938229657395, 0.7404404560827909, 3.052424977759144, -0.008719541252261646
0.3017147279242221, 0.24174605843299987, 0.4925336366083606, 0.740361809094462, 3.0524199261420613, -0.008675154796929837
0.3017048655891822, 0.24174939414584917, 0.492522545357643, 0.7403146172271623, 3.052468625472068, -0.008772733251071262
0.3017119627196197, 0.24175592541484142, 0.492502118927155, 0.7403312917106246, 3.052458882447404, -0.008856945162160694
0.30169697689413516, 0.2417418814920198, 0.49250984784099366, 0.7404533191037165, 3.052483939494594, -0.008864925709711728
0.3017151417810838, 0.24176439727234192, 0.4924976385857497, 0.740375645233199, 3.052480104471245, -0.00887987497441581
0.3017056879776981, 0.24174869954158634, 0.49251662863851325, 0.7403682058377111, 3.052448526956812, -0.0087976292931628
0.3016986312597566, 0.2417483040533741, 0.4924995742393541, 0.7404316053866599, 3.0524748991830286, -0.008914107858202076
0.3017071519976868, 0.24176843249348115, 0.4924918369390198, 0.7403940426654317, 3.0524752431830273, -0.008879177226027124
0.30173168497153835, 0.24176498340602773, 0.4925070755146562, 0.7403776643534391, 3.052402919168003, -0.00878295143162485
0.30172361331520525, 0.24177503874771766, 0.492482167121143, 0.7403484693888936, 3.0524506927185975, -0.00900100107728792
0.301725247762654, 0.2417618407410733, 0.49246725475057473, 0.7403703021367383, 3.052462759716662, -0.009071047661845508
0.3017198701704177, 0.24175399545330206, 0.4924817667653635, 0.7403856075899379, 3.0524461022794664, -0.009018499621974926
0.3017259220251765, 0.24176080668811076, 0.4924761672031801, 0.7403445110193717, 3.0524358144427213, -0.00899033058987058
0.3017192405166656, 0.2417492947677993, 0.4924586235657227, 0.7403278855801474, 3.052450170612141, -0.009085259446527048
0.30170507430871396, 0.24175595661911128, 0.49245943279564636, 0.7403311780575687, 3.052459175607304, -0.009019298394163757
0.3017105304642745, 0.24175218481971036, 0.4924719891090024, 0.74032321498328, 3.052425024971663, -0.008979538108569367
0.30171778505553143, 0.24175491954008144, 0.4924781742263605, 0.7402869648019784, 3.052438359126654, -0.008997019153898894
0.30171773181969586, 0.24174125060591437, 0.49247481864903064, 0.740405203534398, 3.05245165044609, -0.009113440134926803
0.3017148885140329, 0.2417274019894408, 0.49248708238801253, 0.7403642629051175, 3.0524460217546014, -0.009102603693311133
0.3017165965129067, 0.24172411719447595, 0.4925076476284391, 0.7403911290002182, 3.0523961170516563, -0.009087025480427726
0.301704438608154, 0.24172410264484318, 0.4924963056511015, 0.7403613069857259, 3.052436379754099, -0.009167814395074535
0.3017140158619283, 0.24172420306105644, 0.4924768480659578, 0.7404170360089817, 3.0524212671431186, -0.009108701702437626
0.3017114547925266, 0.2417263876473295, 0.4924814162497364, 0.7403777263298098, 3.0524192606130756, -0.0091154387393675
0.301704420071623, 0.2417316688533942, 0.49248597381908177, 0.7403882538912689, 3.052462890035432, -0.00908842271075192
0.3017096768041785, 0.24171588745962855, 0.4925143015711838, 0.7403705854151241, 3.052390755982925, -0.00899216423660894
0.3017044198437671, 0.24173747859688235, 0.49250073263099703, 0.7403629896622046, 3.0524357971197937, -0.009007662062381447
0.30171052412413785, 0.24172496412047043, 0.4924894225639258, 0.7403189943781755, 3.05241594989855, -0.009044066552471015
0.30171290472448664, 0.24175553792961452, 0.4924702249226966, 0.7403366116856793, 3.0524853168197383, -0.009022597294849053
0.30171600017877664, 0.2417386075558065, 0.49248474287286653, 0.740399349541014, 3.052422557532602, -0.008990274181482079
0.3017164156393225, 0.24174107942118725, 0.4924926818192759, 0.7403995094062262, 3.052421128500658, -0.008931008102566012
0.3017183357884464, 0.24175173034642497, 0.492482736099247, 0.7403839649942485, 3.0524378157870227, -0.00898351887356388
0.301714116795421, 0.24174953774520846, 0.492479032847559, 0.740320821768932, 3.0524168708509283, -0.008943839599711238
0.3017249529088833, 0.24175160559241912, 0.49251404813487376, 0.7403798188520421, 3.052423065653118, -0.008971940025677912
0.30172325460276883, 0.24174733054459036, 0.49250381441979163, 0.7404180553725143, 3.0524240715774957, -0.009066813032657302
0.3017163640317758, 0.24173921169796353, 0.4925171990174522, 0.7404368341380613, 3.0524223757872204, -0.009025063700787848
0.3017214704988349, 0.2417485655564723, 0.4925038102257121, 0.7404048758175935, 3.0524503538210066, -0.009053362666777386
0.30173042353060375, 0.24175361444652224, 0.49252214252206905, 0.7404358476991132, 3.0524123970763, -0.008930154944011056
0.3017136866300755, 0.24173906425395528, 0.4925308474503189, 0.7404011156553685, 3.052432371253823, -0.008923408986479907
0.30170891416155904, 0.24173428815485518, 0.4925260215754652, 0.7403590026423894, 3.052421244545238, -0.008996747104055255
0.30173294230429143, 0.24174756963701313, 0.49251984960666306, 0.7403792442541721, 3.0524235714642547, -0.008972634252220314
0.3017194372509929, 0.2417455680346465, 0.4925150365099521, 0.7403468813484106, 3.052451586757713, -0.00900085755599622
0.30172110851583755, 0.24175198684134552, 0.49251632124912426, 0.7403603577610045, 3.0524251725992495, -0.009014290314152199
0.30172239624921265, 0.24174203042856118, 0.49252072745826975, 0.7404380748992497, 3.0524250630477456, -0.008983321449482546
0.30170979545182314, 0.24173540722794704, 0.49253682986955444, 0.7404059171572014, 3.0524557107671, -0.008968376748067611
0.3017166780269256, 0.24174737372032, 0.4925285599482949, 0.7403397321020377, 3.052419878070116, -0.008919399280991553
0.3017190034771942, 0.24174491553103195, 0.49253121199477884, 0.7404001283250061, 3.0524298402139793, -0.00896507848878351
0.30172440592933863, 0.24176456987546738, 0.49252023477817886, 0.7403042049817278, 3.0524343397866796, -0.008996091081487103
0.30171967549276246, 0.24173806856789368, 0.4925251378038937, 0.7404185519566385, 3.052425527258422, -0.008965815757927589
0.30171063436856477, 0.24174651821415855, 0.4925228899410238, 0.740344392862194, 3.0524405372368464, -0.00900755194989671
0.3017164382041404, 0.24174328817638419, 0.4925137622268624, 0.7403757674859034, 3.0524097971242843, -0.009021057675909123
0.3017177232677305, 0.24173514579632344, 0.4925538410223939, 0.7404129627313423, 3.052400704474578, -0.008859339594351666
0.30172410369657726, 0.24174645218033766, 0.4925049330950461, 0.7403697532553527, 3.0524661456485793, -0.009029197785382978
0.30172281855155497, 0.24174667529510577, 0.4925197622596317, 0.7403604065610953, 3.052429610755178, -0.00903177154249651
0.3017205244672029, 0.24174518188509508, 0.4925323390971276, 0.7403413439009356, 3.0524282854398255, -0.008954366288395419
0.3017273023762429, 0.24176095503872055, 0.49252023477817886, 0.7403595970404724, 3.0524208687236003, -0.008996084630400396
0.301713156410631, 0.24172674470072972, 0.492519248593726, 0.7403628641292447, 3.0524403780913767, -0.009024387915731595
0.3017085694034175, 0.24173753095832073, 0.4925455678687094, 0.7403599275940075, 3.0524223309311083, -0.008895050089119616
0.30171496758749616, 0.241744908470311, 0.4925422127599795, 0.7403582801777822, 3.052415638734436, -0.0089200187803355
0.3017265147124931, 0.24173637074631266, 0.49252529761306313, 0.7404323166064393, 3.0524035226725186, -0.008996766494973942
0.3017137858076038, 0.2417431762117151, 0.49252745569782175, 0.7403032823101068, 3.052428605379118, -0.008918717300934008
0.3017010169316451, 0.241753911958714, 0.4925137724879838, 0.7403701800817322, 3.052464135854207, -0.00896916512638558
0.3017154080413478, 0.24173775219461333, 0.49252516065425783, 0.7403784957528311, 3.0524191411304016, -0.008954390240353537
0.3017207945819945, 0.24173786198290576, 0.4925162297353205, 0.7403647491451493, 3.052448759560541, -0.009060080818934918
0.30170443614413134, 0.24174909823073254, 0.49253541338762, 0.7403646541195504, 3.052441115327664, -0.00892336006417672
0.3017162175209048, 0.24174087344026476, 0.492529703753369, 0.7404001266156985, 3.0524300021147805, -0.008965785107670978
0.3017173540436438, 0.24174070622900168, 0.4925274641889545, 0.7403478318074157, 3.0523715974421486, -0.008945612661788888
0.30171591647591983, 0.2417482958035055, 0.49251391154753776, 0.7403112039320426, 3.05246457708386, -0.009018350721023185
0.30171655600558384, 0.24173163075986537, 0.49253316753872317, 0.7403973255030403, 3.052419028041348, -0.008971840397971154
0.3017106497392653, 0.24173860422635737, 0.4925419014697059, 0.7403747842986432, 3.0524029044105405, -0.008885038318957868
0.30171256005587943, 0.24173171442167374, 0.4925385284424718, 0.7403928115946328, 3.0524001131117604, -0.008944218812375743
0.30171386198685707, 0.24173947904208695, 0.4925413403655094, 0.7403527970251446, 3.0523935655120003, -0.008932080850431881
0.3017050487810011, 0.24174025865632762, 0.49254444282819804, 0.740287151221992, 3.052444390443569, -0.008912555700176803
0.30172746278126805, 0.24174556694356428, 0.4925117552644955, 0.7403417911876434, 3.05242981281514, -0.009014346145554372
0.3017135572416802, 0.24174672228227, 0.492520569775647, 0.7403847694886974, 3.0524450776151837, -0.008959133093047265
0.30171663986246067, 0.24174726296942647, 0.49250364843342953, 0.7403749764066136, 3.0524878466313807, -0.009015734681300602
0.30171972257043805, 0.2417460591251718, 0.4925118172832802, 0.7404054126758123, 3.052454641991612, -0.009070807006463788
0.30171719255153706, 0.2417266069481866, 0.4925396492762991, 0.7404525130485191, 3.052404376706923, -0.008913274536053352
0.3017197092178287, 0.24174406049029257, 0.4925139136483893, 0.7404002703048189, 3.052431285818824, -0.00902509457139636
0.30171982862619845, 0.24173625451523736, 0.4925502196647598, 0.7404645222310956, 3.0523721309146237, -0.008848615359576456
0.3017178396123353, 0.24174325106531014, 0.49253447030597775, 0.7403826171150191, 3.0524384993117746, -0.008982554155779391
0.3017211964862346, 0.24173833490411015, 0.4925262649057864, 0.7403779533528578, 3.0524195268556196, -0.00895509749099256
0.3017169828320623, 0.24173810171722246, 0.49253197873815374, 0.7403922749360393, 3.052395662264637, -0.008926068588391987
0.30171353451858146, 0.2417350913641476, 0.4925217856879431, 0.7404540077847843, 3.0524136956220373, -0.009006845139832778
0.3017102829601981, 0.24172240030957418, 0.4925613314832876, 0.740371179240977, 3.05239070162594, -0.008831098597444272
0.30171334222273843, 0.24174267195810958, 0.49250581717385494, 0.7403836738280297, 3.05244389897016, -0.009060105702725875
0.301723859056208, 0.2417324889662187, 0.4925356265232001, 0.7404303719388712, 3.0523952183208114, -0.008961036557901118
0.30171111003876455, 0.24174142918705419, 0.4925286079610407, 0.7403156001756314, 3.0524041099145998, -0.008992071695307441
0.3017122132136054, 0.24173905564431394, 0.49252860369432055, 0.740413122233825, 3.05240351228217, -0.008978528667806894
0.3017141340104251, 0.24173797155763746, 0.492540217477259, 0.7403690867796854, 3.0523823354195003, -0.008956329217683363
0.30172325254656085, 0.24173559235632874, 0.49252514626423916, 0.7403525032224156, 3.0523954422898503, -0.00899281683546725
0.30170862982986685, 0.24174170626057756, 0.4925217877808356, 0.7403045446282734, 3.0524386238172534, -0.009013564854555794
0.3017189723277408, 0.24174309441475667, 0.4925262733970482, 0.740422650135808, 3.052362339760905, -0.008981965952828509
0.3017214698971094, 0.2417543751783192, 0.49251856911974956, 0.7403796114411932, 3.0524232599473975, -0.008972602822233645
0.30171129888886383, 0.241735851238018, 0.4925309217937011, 0.7403937091986145, 3.05240538945729, -0.009020258444279717
0.3017094759508349, 0.24173509803444235, 0.4925214556260828, 0.7403773208604256, 3.0524167256182815, -0.008996765432880116
0.3017037490171616, 0.24174813427160133, 0.49252859743390415, 0.7403296544972607, 3.0524583089006776, -0.008958383387861653
0.3017241803380674, 0.24174079539489468, 0.49252073165193117, 0.7403959704848554, 3.05241229817258, -0.00899679102518586
0.3017203490482159, 0.24175079833900465, 0.4925298426449274, 0.7403741996800923, 3.0523999904024564, -0.00892607565687909
0.30171761307026, 0.24174098561904156, 0.49251944895517, 0.7403984954478083, 3.0524230720554484, -0.008990089443248897
0.30171008881968114, 0.24173198554173053, 0.4925317083079199, 0.7404184656164395, 3.0524255379616996, -0.008965766183954378
0.30171651712446984, 0.24172964254559803, 0.4925237056154815, 0.7403752043722581, 3.0524087058931046, -0.008961804729883848
0.3017254630085569, 0.2417485612039512, 0.49251175739148656, 0.7403760852112077, 3.0524097707300193, -0.009021083049026043
0.30171332525100575, 0.24173667596577683, 0.4925285995008435, 0.7404000486025359, 3.0524298383614226, -0.008965090541443333
0.30171426832980675, 0.24172436505318542, 0.49251924442587414, 0.740496733126842, 3.052430776557589, -0.009010900675666633
0.30171381867992136, 0.2417276732622354, 0.4925260194826254, 0.7403611603917835, 3.052432330413526, -0.008990076922294003
0.301713945804418, 0.24174537508461696, 0.4925308287545738, 0.7404177673301358, 3.052421279864083, -0.008948273475721576
0.30170865642687755, 0.24174552500120972, 0.49251946759108384, 0.7403637275532989, 3.0524384964539677, -0.008965127472776346
0.3017231398521375, 0.24174324615358098, 0.4925264268680679, 0.7403895338886859, 3.0523863287374566, -0.008992784712799094
0.3017148777372607, 0.24172543252003806, 0.49251356190254436, 0.7403402430600114, 3.0524271478687877, -0.009055369261958972
0.30171990176289065, 0.24172470783937988, 0.4925263924679964, 0.7404777200745991, 3.052431035929414, -0.008992693990962622
0.3017007789311793, 0.24173993896801446, 0.4925442379574957, 0.740338790130385, 3.0524157607717513, -0.008901799459660988
0.3017136715014899, 0.241739244958203, 0.492524039872251, 0.7403185371505069, 3.0524150089445565, -0.008985347135307072
0.30171504664754134, 0.24173536388492525, 0.4925229127566567, 0.7403956138778459, 3.052412161906775, -0.008996065315922796
0.30171270074337514, 0.24173578902213877, 0.49252747451205137, 0.7404557717025796, 3.052420553195471, -0.00898256557137226
0.3017038355740227, 0.2417463001002768, 0.4925305174125994, 0.7403056649351597, 3.052439845625493, -0.008913311512892768
0.30171323580983533, 0.24173278009014018, 0.4925252287668572, 0.7403417997085334, 3.0524340369604572, -0.00903104582791668
0.3017089796524325, 0.24174009513185754, 0.49253316337120523, 0.7403471947322439, 3.052454202071074, -0.008958377002955696
0.3017171791874121, 0.2417403329564274, 0.49253562443047283, 0.740378271541839, 3.0524192877200567, -0.008954334973977218
0.30171354966140784, 0.2417271774283765, 0.4925407970972096, 0.7403931058617319, 3.052398382061927, -0.008884362922357
0.3017249895353028, 0.24172829018092917, 0.4925115080950622, 0.7404377260541851, 3.0524266687655985, -0.009042617912787742
0.3017147020169424, 0.24173860682133264, 0.49254245908673505, 0.7403412537294728, 3.0524267632836835, -0.008894387217693393
0.30170906616647675, 0.2417382609604544, 0.4925350833503244, 0.7404159530185095, 3.052413064818691, -0.00891327428383711
0.30171180583781076, 0.24174222150709462, 0.49254245908673505, 0.7403600601657925, 3.052422096157822, -0.008894368273910148
0.30168018759223014, 0.24170418849435968, 0.49254609286991796, 0.7404320326041424, 3.052489971775152, -0.00902549572288593
0.30166510504162025, 0.2416742295003895, 0.4925999497307851, 0.7403437206187504, 3.0524420008367743, -0.008743339105810906
0.30166667032754496, 0.24167417046373788, 0.49262136118609073, 0.7404330304280096, 3.0523980484587017, -0.00849432241140862
0.3016821553737961, 0.2416850988858098, 0.49258625032891884, 0.7404341902579221, 3.0524052681573415, -0.008631792256442327
0.3016938842146432, 0.24172956694643183, 0.4925532181758637, 0.7403948588256605, 3.052485636752308, -0.008812256823032286
0.3016969104719994, 0.24170838617877416, 0.4925782075801926, 0.7403986314849949, 3.052502281780378, -0.008721293995855695
0.30170801196115354, 0.24174604433220304, 0.4925501993494505, 0.7403999577311539, 3.052503137323565, -0.008781342029067243
0.30170194393573285, 0.24175660526758522, 0.49253954097726216, 0.7403841087540166, 3.0525126113463728, -0.008698673544138908
0.301711153183569, 0.24174252802102564, 0.4925566397289005, 0.7404259391506944, 3.05244000651512, -0.008552575070017382
0.30169970140111974, 0.24174192169819983, 0.4925396597403509, 0.7403511415611693, 3.052459850799368, -0.00877262813751119
0.3016895014967988, 0.24173117374175979, 0.49255307037033275, 0.7403834332611239, 3.052437824226269, -0.008821661581378978
0.30168743573062323, 0.24172991939340388, 0.4925635447768471, 0.7404140520214627, 3.0524836812982166, -0.008769746805140075
0.30170175042984115, 0.24174282005593387, 0.4925558086684113, 0.7403945240973758, 3.052479751988584, -0.008734833754550978
0.30168473460049433, 0.24172413971502624, 0.49254384018719816, 0.7403600389423108, 3.052502697068353, -0.008847279936298729
0.3016836981252571, 0.2417226316146413, 0.4925587078787789, 0.7403769932593776, 3.0524941608099323, -0.008829007606713683
0.30168194102518114, 0.24171217645637888, 0.4925859080553863, 0.740371537662208, 3.052469705889559, -0.008723947559517168
0.3017003767279493, 0.2417253004612169, 0.49255793789236596, 0.7404348516565578, 3.0524919761206397, -0.008822968012994602
0.30169763488887114, 0.24173289030748207, 0.49256722781114587, 0.7403814428758039, 3.0525105282501293, -0.008738816005805242
0.30170616208499185, 0.2417377971836467, 0.49253090320499504, 0.7404907361842704, 3.0524855618277584, -0.008959659143333408
0.3016919855728525, 0.24173467191490958, 0.4925568598360023, 0.7403598592056397, 3.0525026796971244, -0.008846513359113297
0.30169600865071994, 0.24172672643849102, 0.49256459809793074, 0.7404689009240479, 3.052470593434229, -0.0087704472092596
0.30169197835637734, 0.2417131826932762, 0.4925734977581272, 0.7404004174792109, 3.0524280750922705, -0.008744170231015376
0.30169443665048307, 0.24172638041049868, 0.4925580077331261, 0.7404183493509299, 3.052502890404692, -0.008798078532331506
0.3016927097719713, 0.24173186963463553, 0.4925475312298804, 0.7403906835067964, 3.0524678289015945, -0.008843221220310893
0.3016932647426119, 0.2417032264716505, 0.4925779035627815, 0.7404232086325607, 3.052441388368413, -0.008713217522017662
0.30169494692778376, 0.2417213758279772, 0.4925576301636706, 0.7403724074453956, 3.052475412200017, -0.008801457961458252
0.301697166980894, 0.2417343392118839, 0.4925442422178811, 0.7403959655157251, 3.052489635590413, -0.008829793379215078
0.3016902903145117, 0.24173206836420544, 0.49257243049591065, 0.7404080168026317, 3.0524562486935913, -0.008706512620440952
0.30170292463758835, 0.24172111772182983, 0.4925554663528934, 0.7404137289798988, 3.0524841371740914, -0.008770535488462263
0.301691875772084, 0.24173256696944687, 0.4925532201648953, 0.7403924455412848, 3.052474685637008, -0.008818940989214567
0.3017040842423145, 0.24171899582468842, 0.4925543452448346, 0.7404462648972295, 3.0524574659187396, -0.008801476435224628
0.30169841719357166, 0.24172637826898613, 0.4925657271883514, 0.740389622394822, 3.052462574781011, -0.008766435340570752
0.3016887164527141, 0.2417376826734275, 0.4925543432558233, 0.740376019950005, 3.052485763749511, -0.00879474652150942
0.3016965082075446, 0.2417274599210072, 0.4925543412599845, 0.7404150459944608, 3.052488017662312, -0.008788006329863264
0.30168535874820246, 0.24172109932503003, 0.4925789590802723, 0.7403656039378952, 3.0524437911791154, -0.008720645431109137
0.30169130601123856, 0.2417120383155303, 0.49257348973737564, 0.740374156049691, 3.052480678089722, -0.008717275194943148
0.30169461163215927, 0.2417188037055081, 0.49256241772035936, 0.7404724044920039, 3.052485435187197, -0.00878056103233461
0.30170262515707047, 0.24170126158798505, 0.49256570850448667, 0.7404823378713696, 3.052448713788473, -0.008800725362711974
0.3016856113325056, 0.24172533645626854, 0.4925679567153338, 0.7403001714856728, 3.0524956198742417, -0.008759031736763475
0.3016923029325856, 0.24172529965897216, 0.49258062164692257, 0.7404059864058433, 3.0524497645696895, -0.008730663101198213
0.30169549555770925, 0.24172792076991587, 0.4925429573576251, 0.7404014006000761, 3.052511424119216, -0.008816351656187046
0.3016924648393907, 0.2417214976513166, 0.49257683848354056, 0.7404095879333534, 3.052463276937872, -0.008682261240890143
0.30168521194168046, 0.2417266875459251, 0.4925574702538352, 0.7403959963963231, 3.0524882158913997, -0.00877048352948303
0.3016993402509578, 0.24171007125029234, 0.4925721227410368, 0.7404559517859689, 3.052413044947685, -0.008685027233488607
0.3016896925064849, 0.2417176083234441, 0.49254952913549876, 0.7403983872477105, 3.0525007489323515, -0.008823010275384725
0.30168418732974844, 0.24173113943960636, 0.49256129659869874, 0.7403764812955741, 3.0524898891373535, -0.008811496037665338
0.3016932876460204, 0.2417227641138102, 0.4925690080991655, 0.7404315537771643, 3.0524754130179783, -0.008752946375075076
0.30170670277582184, 0.2417364630639258, 0.4925546895558853, 0.740442292885395, 3.052437839617856, -0.008772542359451312
0.3016964678646515, 0.24172164210430666, 0.49255875727844706, 0.7403878217918367, 3.0524557178125318, -0.008790721770810838
0.3016877058672228, 0.24171663789501074, 0.4925587039198542, 0.7404374972671802, 3.052502567445484, -0.008815554786600985
0.3016941841356341, 0.24172214353472, 0.4925690100948351, 0.7403921207473886, 3.0524734656978905, -0.008759720675097971
0.3016971412132956, 0.24171697851843557, 0.4925440062793622, 0.7404022469491031, 3.052439279191759, -0.008898384385378206
0.3016972796608326, 0.2417266857560878, 0.4925429613168758, 0.7404691421920273, 3.052471805470506, -0.008829788149566446
0.3016972332008979, 0.24172468425209734, 0.49256939557528, 0.7404084415371401, 3.052462183230309, -0.008783197413775435
0.3016870584947294, 0.2417255292293331, 0.49256316521094407, 0.7403529582967314, 3.0524713780487858, -0.008766435526112277
0.30169803163536957, 0.24172576880160088, 0.49255760973994694, 0.7403692968320884, 3.0524585972172775, -0.008730810724340506
0.3017003154812633, 0.24173103471398036, 0.49256723373939876, 0.7403922939286965, 3.0524732318431016, -0.008759032701352863
0.30168806014892663, 0.24173080625241547, 0.49256466988320213, 0.7403765125896801, 3.052488517259812, -0.008752264691231842
0.3016967296271084, 0.24172987525926715, 0.4925383994146038, 0.7404092413967336, 3.052463280825907, -0.008843276097898162
0.30169208884024695, 0.2417132604482356, 0.49255978594758715, 0.740415612654424, 3.0524923482522537, -0.008805473321223688
0.301700038539605, 0.24171891799547288, 0.4925407072622701, 0.7404577796818557, 3.0525064601850858, -0.008851343862748209
0.30168438673397124, 0.2417273786140744, 0.4925631592632798, 0.7403420802320885, 3.052508566339548, -0.008746286683920107
0.30168921986337, 0.24172868442245263, 0.4925635487614887, 0.7403537626219555, 3.0524753599753107, -0.008783222069686505
0.3016917910971148, 0.24171675946508075, 0.49257821549681113, 0.7404064930100878, 3.05245403913713, -0.00874817392780012
0.3016997910386422, 0.2417322321582169, 0.4925453652889706, 0.740416152864853, 3.052492016662944, -0.008805542853651819
0.3016845773468791, 0.24171406965441875, 0.4925779035627815, 0.7403494164870857, 3.0524592198312575, -0.008713205853109626
0.3016944766224559, 0.24172446424808886, 0.49256579500248565, 0.7403388225935056, 3.052493526305199, -0.00873480543164433
0.30170509500497883, 0.2417223062411544, 0.4925577635782933, 0.7404464942520088, 3.0524556869837633, -0.00874160140104753
0.30169014399934596, 0.24172214752365237, 0.49258046577408166, 0.7403313083483486, 3.052463666542212, -0.008713199938381926
0.3016912854924081, 0.24173767241323516, 0.4925408711057077, 0.7403382328192827, 3.0524935690761708, -0.008895725839345555
0.3016888805431575, 0.24171256442790987, 0.49256532488352733, 0.7403712617228464, 3.0524714120660663, -0.008783927582705988
0.30169193043871195, 0.24171292511887785, 0.4925746148825162, 0.740501748303844, 3.0524451489101234, -0.00869974202707999
0.3016940223191459, 0.24172791200595586, 0.49254071321078746, 0.7404134113013492, 3.0524825676632754, -0.008871475972988752
0.3016971325529249, 0.24170884172045404, 0.49256417939044533, 0.7404611892218191, 3.0524363322335915, -0.00873076726898843
0.301689279756715, 0.24172875796653442, 0.49256901208367887, 0.7403710512384926, 3.0524670065570287, -0.00876639927029528
0.30168321344487603, 0.24171994621948775, 0.49257670678237236, 0.7403146191340942, 3.0524765194078847, -0.008748886545584656
0.30168938016162483, 0.24171329800003133, 0.49255506806931565, 0.7405010876305912, 3.052443934162302, -0.00880142934882265
0.3016851717171958, 0.2417208696974779, 0.49256188615639496, 0.7403502227697097, 3.0524604498500847, -0.008773204158283783
0.3016867985367162, 0.24171729820335788, 0.4925837505167244, 0.7403864230963626, 3.052450225638514, -0.00871316333364495
0.3016893650281833, 0.2417152494321638, 0.49254732603752677, 0.7403783497414261, 3.0525025666618633, -0.008864065720134076
0.3016818507217298, 0.24173556091176235, 0.49255650309473414, 0.7403398078262334, 3.052498915708471, -0.008812221394476955
0.3016972332008979, 0.24172468425209734, 0.49256939557528, 0.7404269914863655, 3.0524576487048094, -0.008783191547631507
0.30169353971251367, 0.2417192668974609, 0.49257020895560033, 0.7404059550899313, 3.0524497493961102, -0.008730730008100724
0.30168907000068657, 0.24171279700650902, 0.4925826253716248, 0.7404055187125363, 3.0524499669473926, -0.008730662254368806
0.30169015435661095, 0.24171633397863568, 0.4925657065155934, 0.7404118362574676, 3.052477144265042, -0.008794006595465488
0.3016983572688797, 0.24172630468326292, 0.4925602638548769, 0.7403534201163928, 3.0524755515893203, -0.008783264006949974
0.3017056456459701, 0.2417250798481507, 0.4925510562708521, 0.7405067262920217, 3.0524657131633464, -0.008788019415903917
0.30169125133096925, 0.24173168007698365, 0.4925520950978852, 0.7404296206662357, 3.0524699375268716, -0.008836423107792727
0.30169430891680193, 0.24171849002824747, 0.49255860136629476, 0.7403869800994984, 3.0524515729367745, -0.00877323465240936
0.30168595135768833, 0.2417237306908166, 0.4925793327124457, 0.7404530524751733, 3.0524843652797222, -0.008703740648931813
0.30171214730712037, 0.24170726511183896, 0.4925532201648953, 0.7404837603733758, 3.052452847055317, -0.008818992338871566
0.3016922259700975, 0.24171741357181403, 0.49256204010514704, 0.7404270831660722, 3.05245773690734, -0.008783928632614756
0.30169329982085274, 0.24172676399157828, 0.49255988036233544, 0.7403714227906235, 3.0524669036497434, -0.008766459988939965
0.30170210083242127, 0.24172399175599502, 0.49255247858207096, 0.7404121954858176, 3.0524785837539583, -0.008853249339766603
0.30169690514034286, 0.24172610585941426, 0.49256460009365594, 0.7403930951066862, 3.052477537772758, -0.008777232458354984
0.3016831654947401, 0.24172767904610945, 0.4925839064480385, 0.7404056016465226, 3.0524497515481395, -0.008730620920265598
0.30168850730938096, 0.24172172208435572, 0.4925679567153338, 0.7404286739061604, 3.052464279393431, -0.008759002991198715
0.3016895786821349, 0.2417115642549851, 0.49257428227821953, 0.7403832618586625, 3.052435046992416, -0.008702501440459476
0.30170604260780043, 0.24172372586671295, 0.49256131512806556, 0.7405029612897591, 3.052450787929478, -0.008777239753950845
0.3016796048252535, 0.24171659812388366, 0.49258111460996695, 0.7403345007162753, 3.052478821327333, -0.008724673019271286
0.30169166641711687, 0.2417166063991854, 0.49256683359787223, 0.7404269133272484, 3.0524576468902, -0.008783203368874112
0.3016978194332345, 0.2417117655782243, 0.49256908183459686, 0.740464563454274, 3.0524513719572433, -0.008741532732531334
0.3016895090298697, 0.2417250386132836, 0.4925713751223658, 0.7403369064013399, 3.0524851012995233, -0.008699089735015396
0.3016945488932731, 0.241701257436543, 0.4925881643831994, 0.7403796755894526, 3.052424711787894, -0.008709147863182085
0.301690514901856, 0.2417031763538963, 0.492572202400544, 0.7404883921368788, 3.0524747363105735, -0.008805394574997473
0.3016898920526438, 0.24172183818632725, 0.4925574742385981, 0.7403721864011513, 3.0524710466598144, -0.008783959023505575
0.3016869559545988, 0.241727368586955, 0.4925496870952531, 0.740378131997724, 3.0524983252379108, -0.008847243982365043
0.3016904911079639, 0.24172446029036557, 0.4925576203088571, 0.7403308871256665, 3.0525431480298075, -0.008767859110505035
0.30169945115089, 0.24169856776387438, 0.4925539410003559, 0.740540996706554, 3.052450265120119, -0.008812261165157922
0.30169027665134973, 0.24171267742118682, 0.492555070091268, 0.7404616545403075, 3.0524419879560494, -0.008808203288149963
0.3016872458352091, 0.2417296861632119, 0.492546244263314, 0.7404168953260927, 3.0524960561009986, -0.008823001637895773
0.30168561136948846, 0.24172337598938604, 0.4925698703903392, 0.7403870828240768, 3.0524498730249543, -0.008713226013856611
0.3016943589923987, 0.24171456672461866, 0.49257342003871435, 0.7403905255569171, 3.0524696138929635, -0.008742220644836167
0.30169925375847695, 0.2417256841042338, 0.49256026587677104, 0.7404245595251971, 3.052446575826096, -0.008790003325656034
0.3016850646690031, 0.24171080349797866, 0.4925767744333712, 0.740484087079096, 3.05245376827947, -0.008717210907831943
0.30169951298345415, 0.24173391423799548, 0.49253968031558565, 0.7403725443153395, 3.0524722619970577, -0.008843281779934308
0.30169773180616527, 0.24173699924327524, 0.49256360836192875, 0.7403942185941181, 3.05247989669166, -0.008734790791680332
0.30169618120107866, 0.24173106406651365, 0.4925408690835596, 0.7404142529502605, 3.0524867117829952, -0.008888963547703145
0.3017023001688467, 0.2417202308812734, 0.4925543412599845, 0.7404516321727795, 3.052479211995592, -0.008788017386221253
0.30169507174912935, 0.24172152910004252, 0.49256901208367887, 0.7404076371253244, 3.052458201256659, -0.00876641090699154
0.3016963206058737, 0.24172330275529202, 0.4925712623340582, 0.7404791399332572, 3.052432041963762, -0.008731401206870631
0.3016907395769426, 0.24172313977518367, 0.49254968908433683, 0.740393754753307, 3.0524831037969187, -0.008853945041776648
0.3017089654540246, 0.24172996051099357, 0.49256699181831376, 0.7404362135582846, 3.052410631619159, -0.008709235455073577
0.3017233806687345, 0.24172739937234747, 0.49254531174746036, 0.7404361502088364, 3.052410659166024, -0.008709390515414295
0.30171924360027386, 0.24174105220453787, 0.4925350380149352, 0.7404335033899657, 3.0523968258772443, -0.00875854114703802
0.3017113047987068, 0.2417469060656288, 0.4925395488437128, 0.7404466990867575, 3.0524513333519403, -0.008725591161156641
0.3017083131825373, 0.2417446275308037, 0.4925498326665827, 0.7403816863024716, 3.052423844272975, -0.008710022147660201
0.30173183583281016, 0.24175739731227933, 0.49253559666053226, 0.7404492813610299, 3.0523813837711815, -0.008765298429811746
0.30171441025300416, 0.24174773801924915, 0.4925407311833147, 0.7403747376285815, 3.0523951672485117, -0.008747780252565146
0.3017190346675706, 0.24171941028459604, 0.4925499290433408, 0.7404436242211782, 3.0523641549194376, -0.008795487189476517
0.301715943461807, 0.24173841865270254, 0.492535064754112, 0.7404284411858251, 3.052380923108165, -0.008849395382480732
0.3017083094023327, 0.2417565414082935, 0.49252169268426416, 0.7403828268975045, 3.0524305674265193, -0.008846017541309589
0.3017237308669982, 0.2417397425459128, 0.4925515007456491, 0.7404320414821345, 3.052392872592919, -0.008740280164963608
0.3017101449348584, 0.24175138411514238, 0.4925365156466622, 0.7403631845809436, 3.052431220154552, -0.008828469216517084
0.3017183460191186, 0.2417438065889767, 0.4925376448806048, 0.7403565019427968, 3.052405594086959, -0.008824459773562112
0.3017213849839448, 0.24174634259100788, 0.4925262440810272, 0.7404667593207366, 3.052380173847431, -0.00888440583428682
0.30170731371669013, 0.24172971573257135, 0.492547674651002, 0.7403775317743606, 3.0524118427782962, -0.008817001035859605
0.3016994208920932, 0.24175905324749122, 0.4925429916397096, 0.7403533418378295, 3.052466787588348, -0.008749737920200602
0.30171218014373435, 0.24175220246201615, 0.4925341937917778, 0.7403880417267357, 3.0524510229521264, -0.008773360024899453
0.3017105093278058, 0.24174386481233853, 0.49255347625344964, 0.7404799668102802, 3.05243167861224, -0.008731500855046953
0.3017137017508954, 0.24174255832182523, 0.49254980585214586, 0.7404090016640518, 3.0524563569436185, -0.008708072287357378
0.30169949573978744, 0.24174710227187896, 0.4925453166521051, 0.7404940273118533, 3.052483878053958, -0.008637295442673991
0.3017134107178049, 0.24175616026187394, 0.492515980827568, 0.7403847484182581, 3.0524389883775167, -0.008881735261795084
0.30172914585709043, 0.2417422894142628, 0.4925273863374127, 0.7403899303263143, 3.052302382260258, -0.00892076063965547
0.3017178051486998, 0.24173707959471186, 0.4925475677660836, 0.7404676154868469, 3.052381535335099, -0.008783409964658404
0.3017024505829917, 0.24173996822136803, 0.49255216495363946, 0.7404607525651612, 3.0524317732988124, -0.008713313359133014
0.3017106276328563, 0.24175810660783995, 0.4925342103571307, 0.7403666190784534, 3.052363818722041, -0.008827151633503807
0.3017135586926756, 0.24173320226452216, 0.49254879390855133, 0.7404136258803259, 3.0523223702853604, -0.00886479695793832
0.3017088075571497, 0.24171842923806014, 0.49256332578412293, 0.7404099737770448, 3.052305891448671, -0.008794084681440353
0.30170133851914277, 0.24174234778796277, 0.49255216899043713, 0.7403639856847429, 3.0524323002092597, -0.008726789748818681
0.3017101700916798, 0.24174906336515284, 0.4925407150346514, 0.7404876028332196, 3.0524598784834156, -0.008693928276501187
0.3017022907781393, 0.2417516200538235, 0.4925453113794918, 0.7403859271472821, 3.0524445533063598, -0.00879815747919185
0.3017139307762899, 0.24172179513663972, 0.4925419857111268, 0.7403570965525121, 3.052409804596474, -0.008841246106607603
0.301710791493914, 0.2417291368527958, 0.492528292205859, 0.7403929984420705, 3.052399803706236, -0.008943573377001022
0.3017059819159895, 0.24174164442738794, 0.49251801045949534, 0.7403822770447003, 3.052434123445132, -0.008965827675170212
0.301699948907473, 0.2417442329056546, 0.4925487688855172, 0.7404275626247744, 3.0524573606427428, -0.008783980893218928
0.3017025819195495, 0.24174211963801287, 0.49254989200227256, 0.7404477229038011, 3.0524596332108938, -0.008759797892209644
0.30172043912922336, 0.24172915765500924, 0.4925339313920423, 0.7405497779209795, 3.0524019227363413, -0.008839973225791897
0.3017074244056091, 0.24171047760820327, 0.492541696714408, 0.7404292956427334, 3.0523894409997654, -0.008883655660915944
0.3017216463083097, 0.2417272935058671, 0.49253169377452927, 0.7404620637079239, 3.0523628019040276, -0.00891534442517891
0.3017080066417727, 0.2417212683624322, 0.49254088981076477, 0.7404238629946167, 3.0523690223185906, -0.008956315955772686
0.301711078476031, 0.24172744864787632, 0.49253397691039896, 0.7404733172023584, 3.052410469097214, -0.008905890865311164
0.3017021620143643, 0.2417318426307775, 0.49254084836341194, 0.7404108859112445, 3.052470031831868, -0.008818326202800248
0.30170713706824626, 0.24173711632374473, 0.49253851397496423, 0.7404807050145452, 3.0524371794573106, -0.008808291444256405
0.30170427304695424, 0.24173499431380616, 0.4925604073666068, 0.7404323341506632, 3.0523968528449075, -0.008756978465239519
0.3017057791827526, 0.24172745046241684, 0.4925486439754187, 0.7404308096451121, 3.052390128435494, -0.008782002178225275
0.3017123751146361, 0.24172948016402723, 0.49253511033772407, 0.7404434859004629, 3.0523672353512996, -0.008915305351439133
0.3017182833410884, 0.24172458260784652, 0.4925260301400413, 0.7404030091706447, 3.052364393318787, -0.009023734165243382
0.3017143820932034, 0.2417460306971576, 0.49251488088142115, 0.740345933415883, 3.0524473984046416, -0.008983358241536647
0.3017148620770693, 0.24172321951531306, 0.4925339789772543, 0.7405071246639968, 3.052390800736447, -0.008912585994855475
0.3017159703579004, 0.24172865195311133, 0.49253507920902656, 0.7404394642423686, 3.052430585378365, -0.008899847363800867
0.30168466052747794, 0.24174341886189962, 0.49255546438976894, 0.7403804771331348, 3.052503323915927, -0.00876378424641601
0.3017053642340953, 0.24175008388440863, 0.49251717841746623, 0.7403864738525843, 3.0525278208378834, -0.008868951299515055
0.3017099150592242, 0.24173738265479713, 0.4925362022081023, 0.7404047468347321, 3.0524460658002206, -0.008875646765756518
0.30171340050416423, 0.2417212012638029, 0.4925453900004107, 0.7403840292218192, 3.052361473685022, -0.008886371524760156
0.30171381043489187, 0.2417180386525532, 0.4925317622704289, 0.7403632189135704, 3.0523607793807694, -0.00896985589142441
0.30171284759523914, 0.24172639434150522, 0.492527173589646, 0.7403857339404152, 3.052371272788471, -0.008981285321214488
0.3017061699914774, 0.24174187557868143, 0.4925350833503244, 0.7403609247438615, 3.05242644767381, -0.00891328055680437
0.3016962780379611, 0.24172939969413368, 0.492547539408154, 0.7403799486238007, 3.052424335752707, -0.008870136002654232
0.30170511537551165, 0.24173051639139406, 0.4925624565889411, 0.7403337921879294, 3.0523953620936792, -0.008813592864097861
0.30170022103082084, 0.2417313168335231, 0.49254769942225274, 0.7403754219966945, 3.0524067332714253, -0.008901080246594162
0.30170110274817663, 0.2417225683096754, 0.49256810239531573, 0.7404131095705412, 3.052397340796632, -0.00873946727177345
0.30169710042476233, 0.2417420743188586, 0.4925396556865052, 0.7403972356118262, 3.0524937377670436, -0.008847994797484132
0.30170118378402555, 0.24173434793746884, 0.49252145579248735, 0.7404033912650878, 3.0525211956369183, -0.008911301813914748
0.3017071718186161, 0.24173916126525966, 0.49253050514440183, 0.7404137469119193, 3.0524828100575303, -0.00887294411686312
0.3017020955137342, 0.2417395777289973, 0.4925362618058873, 0.7403936059694836, 3.0524786688814873, -0.008836532925882391
0.3017032997860105, 0.24172229903792472, 0.49254320569486393, 0.7403888551520301, 3.0523862292968356, -0.008991277388681567
0.3017122859714717, 0.24173699303518092, 0.49253168538759123, 0.7403623800553841, 3.0524331501915922, -0.008888441898528627
0.3017079104183776, 0.24173257076839397, 0.49253509987648986, 0.7404019982642929, 3.052435082913722, -0.008881647660367921
0.30171389996979736, 0.24171975750321809, 0.49253741369294857, 0.7404239203535453, 3.0524501247209983, -0.00890994353782786
0.30169494883798653, 0.24175033208858518, 0.49255100538093516, 0.7404629400462789, 3.0525207940814867, -0.008701852218827867
0.30168963821501027, 0.24177318492018612, 0.4925261872582059, 0.7404885254667609, 3.052698606638285, -0.008593618951380949
0.30168184317669294, 0.24177571234509415, 0.4925568177355404, 0.7403980077817317, 3.0526458694111525, -0.008557875281234069
0.30170707658599644, 0.24173006255303386, 0.4925283776874337, 0.7402988350693197, 3.0523361836636345, -0.009074093847659254
0.3017226547386141, 0.24173160134064273, 0.4925173027276072, 0.7403210064258179, 3.0522722232891075, -0.0092092140308668
0.30171562307782906, 0.24171887937855935, 0.4925547646857586, 0.7403648477270511, 3.052285353637141, -0.008932674704415718
0.3016977575357906, 0.24174339964532854, 0.4925328560502792, 0.7403223654488638, 3.052428303073203, -0.008936828542292186
0.3016990358349689, 0.2417334704652283, 0.4925680410284662, 0.74032713304709, 3.052364970023453, -0.008791320063029774
0.30169317188996475, 0.2417633785750428, 0.49254297791002255, 0.7403903229844581, 3.05253850916131, -0.008702595852664663
0.3016821064753021, 0.24177421113352335, 0.49255569433375335, 0.7404325181918915, 3.0526303048773324, -0.008582057302487057
0.30169474177167505, 0.24174289949107305, 0.4925372702982051, 0.7402384625691821, 3.052399280708887, -0.00884395244561239
0.3017056579479846, 0.241718140392274, 0.4925417205747174, 0.740271308527906, 3.0523009027784553, -0.008957698200362522
0.30172173162295063, 0.24172759282120512, 0.4925362233049703, 0.7404329343695162, 3.0523239497587937, -0.008942926872466722
0.3017134999626303, 0.24172531327152283, 0.49254199846781715, 0.7404327738266466, 3.0523218746875913, -0.008881626658330683
0.3017087879549505, 0.2417239159463048, 0.4925351593927512, 0.7404824458283323, 3.0524453890501353, -0.008842606579355159
0.3017129997043325, 0.24174177553586412, 0.4925361815636913, 0.7403834518070778, 3.0524336982208897, -0.00880500535378904
0.30170595075087175, 0.24173541949278082, 0.4925419548207819, 0.7404813752036075, 3.0524413957183065, -0.008825760207434958
0.3016990309292419, 0.2417310427490896, 0.4925588867147287, 0.7403936155623544, 3.052475721269218, -0.008717339432762561
0.3017172341732771, 0.2417515635471835, 0.492529599001532, 0.7403992740991392, 3.0524990135999768, -0.008764677207361637
0.30169951508917003, 0.24175296010769834, 0.49254754003375656, 0.7404686237494812, 3.052542673403299, -0.008689122783490835
0.30169453165557114, 0.24174945962565172, 0.49255556419250807, 0.7404147244290764, 3.052556702276025, -0.008586096632795963
0.3017089913588115, 0.24174776986030425, 0.49253618567900964, 0.7402862142287399, 3.0524342696177196, -0.008818470283960296
0.30171744330231437, 0.24174460190447905, 0.4925308350790809, 0.7403689806180802, 3.052376468161107, -0.008879670443541248
0.30170144409605376, 0.24173704887735392, 0.49253517595827734, 0.7403876967057824, 3.052375969604805, -0.008896398299050532
0.3017197150479561, 0.24174010027501233, 0.49252971001225554, 0.7404066240750863, 3.052371674703074, -0.008897163156775217
0.3017100061141466, 0.2417318597678956, 0.4925385533388384, 0.7403828089146729, 3.052352699077349, -0.008850708400839052
0.3017141319611794, 0.24174574520227343, 0.4925228960967319, 0.7403872626870827, 3.0523733191624007, -0.008938915571979721
0.3016987516675604, 0.2417271710180948, 0.49255650106668675, 0.7403491492620211, 3.0523754925254427, -0.008802112273917292
0.3017172826135196, 0.2417382792300263, 0.49252592660146083, 0.7404914348504358, 3.052400156247277, -0.00882921855436149
0.3016921142466614, 0.24175619983131444, 0.4925544152826212, 0.7403128673786935, 3.0524589661761667, -0.008678327146016504
0.3017061461453729, 0.2417490630970097, 0.4925637298740384, 0.7404805293275302, 3.052428172561887, -0.008611653065120371
0.30170597855677433, 0.2417316804371572, 0.4925565894787809, 0.740330778207269, 3.05237847315239, -0.008742977863243767
0.3017112304308262, 0.24173745208218853, 0.4925510355694299, 0.7403678627191959, 3.0523711101535214, -0.008802850828848479
0.30172324133150946, 0.2417202277708285, 0.49252943900256274, 0.740420355366663, 3.052273435451914, -0.008993424041881967
0.3017021535744025, 0.24173227177039405, 0.49255209958042806, 0.740265786846682, 3.0523538780029607, -0.008846619685571525
0.3017053014645474, 0.24174590567741913, 0.4925407315605679, 0.7404960825672111, 3.0524984384804217, -0.008751118760693387
0.30170417423416573, 0.24174846605201103, 0.4925339273286338, 0.7404451323022503, 3.0524502195678536, -0.008826492275781127
0.30169913544473564, 0.24174892376390875, 0.4925453300993231, 0.7403695304227134, 3.0524555104870115, -0.008773280298776465
0.30170409789349495, 0.24173458001591802, 0.4925499146763699, 0.7403893563274386, 3.0524579745609906, -0.008748334901949303
0.301691401491046, 0.24177434281917703, 0.4925352974822929, 0.7403254053387645, 3.0525885933541352, -0.008681794046839738
0.3016775951999133, 0.24177702564325718, 0.49256915736097034, 0.740364434442321, 3.0526606127684968, -0.008371404352909825
0.3017032468648096, 0.24174384839074284, 0.49253512330785, 0.7403177347485966, 3.0523284504279355, -0.008955645763456546
0.30170888582331856, 0.2417212916231752, 0.4925261618115547, 0.7403384485697311, 3.0522618176159715, -0.00913103325058981
0.3016983529076801, 0.24173108406806457, 0.49255347996514914, 0.7403477010527778, 3.0522995119905567, -0.00902750797557952
0.3016935718887895, 0.24172525657160518, 0.49255875727844706, 0.740387715061117, 3.0524556749009903, -0.008790710030378367
0.30169554457309194, 0.241732029034466, 0.49255874096970187, 0.7404158682265094, 3.0524080920756496, -0.008733496333083585
0.301712649385402, 0.24173561013308814, 0.49254189936921655, 0.7404143236604567, 3.0524048947678426, -0.008878276012086659
0.30171624713399614, 0.24171177497801782, 0.4925498065350167, 0.7404482305727264, 3.05230700706076, -0.00888899931225268
0.30171743757681585, 0.24172345768780917, 0.4925385664107772, 0.7403889817779459, 3.052304176120876, -0.008979918624690357
0.3017019574901315, 0.24174123278634488, 0.4925487668964558, 0.7404852619246971, 3.052454796174592, -0.008777279818163794
0.30170087602705814, 0.2417396190176287, 0.49254534677373274, 0.7404651606254505, 3.052450807168149, -0.008741628865719739
0.30171597454572857, 0.2417322484235649, 0.49253392132115587, 0.7404715534977855, 3.0524787515031546, -0.008806322390591587
0.30170265733572427, 0.24174038765577835, 0.4925316958683543, 0.7403937383974234, 3.052478596056476, -0.008836557482311824
0.3017085976204205, 0.24174494307146474, 0.49254186253642546, 0.7404326829443384, 3.0524750668717764, -0.008753795840236736
0.3016969101264573, 0.24172415152814833, 0.49256696912477216, 0.7404246444089381, 3.0524449774045785, -0.008730042943095012
0.30169524574834894, 0.24172368726449336, 0.4925541873892333, 0.7404482434994032, 3.052463965480443, -0.008777270426749277
0.301688170356119, 0.24172314983258122, 0.4925631612263147, 0.7404133541090396, 3.0524797421864336, -0.008752971231864979
0.30169518673935747, 0.24171387879106204, 0.49256795870418657, 0.7405356977193158, 3.0524267813031467, -0.008765686952121082
0.30170105001977743, 0.24172426501476707, 0.4925668503182188, 0.7404097823384064, 3.0524648468947246, -0.008742251979846563
0.3017051449254477, 0.24171457607405356, 0.49255079160944976, 0.7404656834708718, 3.0524553543096, -0.00875913063341257
0.30168451254918965, 0.2417139901102858, 0.49257198494785687, 0.7404791473617178, 3.0524319806817055, -0.008731382499360316
0.30169919131358847, 0.24172364696581808, 0.49255648864451634, 0.740456755037012, 3.0524185010706666, -0.008761732296661858
0.3017002391074209, 0.24171341326542753, 0.4925678869778819, 0.7405181339784594, 3.052435666641004, -0.00878389247473557
0.30170315964840755, 0.24172553194291516, 0.49253742819822044, 0.7404683552883187, 3.0524692445299286, -0.008871500225998297
0.3017040842423145, 0.24171899582468842, 0.4925543452448346, 0.740483000953597, 3.0524484850791453, -0.008801464899865852
0.30170092515006347, 0.24172411167653524, 0.4925554683487117, 0.7405214978131247, 3.0524461363098006, -0.0087772531372774
0.3016947486799762, 0.24172295683597245, 0.4925646718789157, 0.7404835107888936, 3.0524509128938524, -0.008759015973481148
0.3017015120939562, 0.241724957245036, 0.4925509474625937, 0.7404848620541175, 3.0524548788567265, -0.008776589368046204
0.3016975295801483, 0.2417269927037673, 0.49256572519947306, 0.7404654010764917, 3.0524555225000602, -0.008759716464010464
0.3016922886143679, 0.24173880940273756, 0.4925531937292387, 0.7404519304830013, 3.052477101440368, -0.008728122115349266
0.3016891549390514, 0.24172860469147306, 0.4925576301636706, 0.740446030106029, 3.05245727696116, -0.008801411872017407
0.301703909251448, 0.24172657253115398, 0.4925499351758327, 0.7403918462220695, 3.052475009820893, -0.008818994087651378
0.3016932876460204, 0.2417227641138102, 0.4925690080991655, 0.7405228488876479, 3.052453094818811, -0.0087529183608269
0.3016929628751454, 0.2417106470831188, 0.49256188413453034, 0.7404627203778624, 3.0524447434703696, -0.008766441407757387
0.30168972912269654, 0.24171168633411455, 0.49256644404176436, 0.7404888113957182, 3.0524729355633404, -0.008746256844282742
0.3016892166023061, 0.24171891115552477, 0.49255279941613656, 0.7404418567987759, 3.052437865096158, -0.008772535764397826
0.30169528607116053, 0.24171000014854402, 0.4925584844070226, 0.7404489412130204, 3.052466684182956, -0.008734831384940012
0.30169921655841697, 0.241719688255038, 0.4925712623340582, 0.7404974326499933, 3.0524276385904323, -0.008731407105596986
0.3016994780150286, 0.2417219585870043, 0.4925621736293555, 0.7404272269048796, 3.0524560177584745, -0.00872408395954327
0.3016856369127461, 0.24172334458724462, 0.4925506502696042, 0.7404577680403432, 3.0525048824022836, -0.00879203162474961
0.30170181275609237, 0.24172349723107253, 0.4925554703377026, 0.7405002775339878, 3.0524398523718475, -0.00878395444764496
0.30169954291048273, 0.24172203826914265, 0.49256809228156323, 0.7404262540912282, 3.0524517834558504, -0.008705865706620623
0.30169993811526946, 0.24172664452293244, 0.4925668543288858, 0.7404228592120533, 3.052438523736617, -0.008755693304631135
0.301685910158563, 0.24172568746724615, 0.4925664277047417, 0.7404072681868462, 3.0524520300160956, -0.008689055849883479
0.30169897835720133, 0.2417212249760966, 0.49257243049591065, 0.7404810814190418, 3.052438593593988, -0.008706524319408005
0.3016951330957312, 0.24173134068330293, 0.4925554683487117, 0.7404299896041253, 3.052468369295562, -0.008777258840178616
0.3017057800041299, 0.24171168531579482, 0.4925598823842233, 0.7404786335889413, 3.052429384941701, -0.008773234606421022
0.3016913658263466, 0.2417121117394837, 0.4925789530743573, 0.7404285445106767, 3.052463255857659, -0.008700441090156207
0.3016912411716873, 0.24171195871469406, 0.49256757112353144, 0.7404853381312, 3.052457972719532, -0.008735459380311141
0.30169035601315664, 0.24171061573574626, 0.4925697104290628, 0.7404464850843926, 3.052454264899012, -0.008682297533335808
0.30169033176244153, 0.24172630499957276, 0.4925635447768471, 0.7403585082723805, 3.0524973269089357, -0.008769774876662277
0.3016939491798729, 0.2417296467348425, 0.4925591367725293, 0.7404306225746374, 3.052472422913486, -0.008794026914432576
0.30170170266170226, 0.2417311537767292, 0.4925569788780373, 0.7404638002259196, 3.052448539585438, -0.00878324779638696
0.3016981417054859, 0.24172007277711485, 0.4925541873892333, 0.7405396448671477, 3.0524416891400556, -0.008777253399770903
0.3016955885009315, 0.2417220848057289, 0.49256579106991727, 0.7405090645408595, 3.052475039081254, -0.008721307261866063
0.3016973447349876, 0.24172480524882856, 0.49255079359847714, 0.7404081347374786, 3.052457744208954, -0.008765809407135441
0.3016955480107017, 0.241716266876033, 0.49257020696678844, 0.7404818400362843, 3.0524427396574922, -0.008724022362478094
0.3017003262091224, 0.24172922337830063, 0.4925431191529328, 0.7404491271243103, 3.052469576737623, -0.008853976652163182
0.30170587257862297, 0.24172934834611365, 0.492559274108632, 0.7404255331539974, 3.052449109108263, -0.008747585111559843
0.30169464678600827, 0.24172879891309204, 0.4925418382519391, 0.7404857173052398, 3.052460551188392, -0.008853960045412359
0.30169539148445906, 0.24174157695039594, 0.49252145579248735, 0.7403668043631945, 3.0525299998111053, -0.008911291311025192
0.30169368447717904, 0.24171760318411656, 0.49255747626051816, 0.7404976268331197, 3.0524288643350936, -0.008790692310507449
0.3016856209399467, 0.2417370670444115, 0.4925463982054307, 0.7404021144561223, 3.052515421964782, -0.008833788675106681
0.30168640958598353, 0.24171283595534115, 0.4925585048711496, 0.7404154668162846, 3.052492304322942, -0.00880546828417132
0.3016911383235523, 0.2417060642279217, 0.49256629599497276, 0.740459049324399, 3.052429744280638, -0.008755692421078402
0.30168896973652515, 0.24171645994173252, 0.49256869625522653, 0.7404480558963762, 3.052462677704334, -0.008717966133168869
0.3016954337831822, 0.241710375458771, 0.49256870427617405, 0.7404738017439402, 3.0524103364328528, -0.008744883238189298
0.30170560518556394, 0.24171926206441802, 0.49255547235964586, 0.7404427652233065, 3.0524423948402024, -0.008790746331198761
0.3016894311243307, 0.24171322446955415, 0.49258678745897927, 0.7404200205342182, 3.0524247072534485, -0.008643198516691203
0.30170890941128226, 0.2417318817327663, 0.4925476458146847, 0.7404623608467547, 3.052441814177792, -0.008808259811512155
0.3016943753043566, 0.24173015404928264, 0.49256921744012794, 0.7403888654788361, 3.0524564451841476, -0.008688361008250252
0.3016920744467498, 0.24173083339260296, 0.4925724345064248, 0.7404208370092229, 3.052430056984177, -0.008719964833796787
0.3016867463725659, 0.2417289527807109, 0.4925565010989096, 0.7403976412098968, 3.0524965039922285, -0.008805464463677361
0.30169609326563546, 0.24172498881069457, 0.49254640216462975, 0.7403967035610021, 3.052493894317343, -0.00884727914567003
0.3016927894985386, 0.24173176858997722, 0.4925602579070901, 0.7404170002839107, 3.0524944711833997, -0.008763080808431172
0.3016936623123902, 0.2417233442231918, 0.49254736933036514, 0.7404708650699539, 3.0524786612073815, -0.008805513623827551
0.3016986661266241, 0.24172084154800683, 0.4925439755078548, 0.7404675720836852, 3.0524633948067623, -0.00879411874525365
0.30169904138623027, 0.24173119147084896, 0.492532858287547, 0.7404737492483509, 3.0524908745675896, -0.008858056079173528
0.3016979069246641, 0.2417294224112387, 0.49256801845976605, 0.7404115370667327, 3.0524714216346496, -0.008717284660855746
0.30169128815377455, 0.24172575797466112, 0.4925690100948351, 0.7404836728182449, 3.0524510169554753, -0.008759680621310578
0.3016992389542343, 0.24172560760473444, 0.49253517220596243, 0.7404412638598472, 3.052519077730044, -0.008886344342077397
0.30169320424744345, 0.24171473416326278, 0.4925769102186898, 0.7404270011580141, 3.0524545655609185, -0.008664079263526428
0.30169666856295946, 0.24172006409467367, 0.49255194324233387, 0.7404050752834431, 3.0524486679171763, -0.008832422411757494
0.30170269706920655, 0.24171887681016485, 0.49256460009365594, 0.7404664173756645, 3.0524597518291414, -0.008777232401545383
0.3016949106173831, 0.24172714543219534, 0.4925669711465689, 0.7404400274073883, 3.05242956216857, -0.008736787814855462
0.30170897983855793, 0.24172597230190382, 0.4925520092106742, 0.740496602505159, 3.0524188637572975, -0.008695850034275088
0.30170443104374783, 0.24174096449376467, 0.49255581467510673, 0.7403864614296594, 3.052447078484059, -0.008755055286286775
0.30170867573094057, 0.24174120735505064, 0.4925373213326916, 0.7404629401390119, 3.0524400488126977, -0.008749079693443677
0.3017053944106168, 0.24173661141677807, 0.4925510479342092, 0.7404144505038489, 3.0524013155881358, -0.008757734575357326
0.30170311333555433, 0.24173711612392704, 0.49256152842354267, 0.7403819761467113, 3.052427880302216, -0.008726046083070557
0.3017144354313951, 0.24174574483422204, 0.49252342409725974, 0.7404039346680925, 3.0524358146470516, -0.008780818262840547
0.3017073438786095, 0.24175315819906285, 0.4925384359022916, 0.7403583384493241, 3.05240789177153, -0.008783446251245879
0.3017191474710267, 0.24174267030155774, 0.49253988084849276, 0.7404659016264826, 3.0524509547533887, -0.008742395177294884
0.30170261460126363, 0.24174576352097052, 0.49255438081510955, 0.7404425555957374, 3.0525128915379303, -0.008649397550864163
0.3017198389437045, 0.24175381681441502, 0.4925079780179965, 0.7404153222283228, 3.052404104673019, -0.008877748415777641
0.3017160686578978, 0.24173857247090202, 0.49254644681506166, 0.7404447581513177, 3.052368335631026, -0.008814354041729191
0.30171704544300104, 0.2417418535146525, 0.49254982010769527, 0.7404268629855726, 3.0523712770997777, -0.0087551198886187
0.301711419916581, 0.24176838461367572, 0.4925363928647247, 0.7403793403759712, 3.05248905009095, -0.008652227434532887
0.3016993975800739, 0.24177194623419196, 0.49254208425149176, 0.7404619676151878, 3.0525869037939475, -0.008542444933114415
0.3017081855799839, 0.2417490403035262, 0.4925322601213151, 0.7403122552434498, 3.0523904552938186, -0.009040456759890233
0.30170810321538744, 0.24170824178914488, 0.49253610220188326, 0.7403593943267921, 3.052266600546341, -0.009065287496024187
0.3017150141068002, 0.24172398660430974, 0.4925306298960401, 0.740331121359267, 3.0523081682355424, -0.00904588441394309
0.3017132517050525, 0.24173264289956148, 0.4925271463807633, 0.7404092431283884, 3.052382600265248, -0.008890412852251783
0.30171212807330094, 0.2417310231057275, 0.49253627826683777, 0.7403904288866051, 3.052387280732954, -0.008890370328308368
0.30170940276892927, 0.24173679184963157, 0.49252122563278405, 0.7403760430695963, 3.0524065898310706, -0.008901935962819033
0.30169715159117083, 0.24172881395037116, 0.4925669898484778, 0.7403243603640349, 3.0523538788266595, -0.008797387471374856
0.3017153931919733, 0.24174160824039245, 0.4925305030241185, 0.7404230993526171, 3.052359060314416, -0.008862863942028
0.30170863414027904, 0.24173756956270537, 0.4925328332032453, 0.7403768342091971, 3.052409213133583, -0.00885943797266825
0.30171430531612725, 0.24171844845109253, 0.49255434126838216, 0.7404216884352353, 3.052353666478592, -0.008784665227325537
0.30172107753387023, 0.24173802819777798, 0.49255246986313694, 0.7404447326399267, 3.0523682895695754, -0.008813636193973401
0.30170146991957125, 0.24173309062779336, 0.4925499495430572, 0.7403370831255468, 3.052407426644107, -0.008866107132608858
0.3017024567603245, 0.2417305573586129, 0.4925385634402051, 0.7404357191632374, 3.052415040107052, -0.008887666279181937
0.30169793953740304, 0.2417160966429275, 0.49256430052890365, 0.7403563992572758, 3.052408632257535, -0.008782641267297511
0.3016849594530374, 0.24173044119156917, 0.49257455528385585, 0.7403768789295762, 3.0524106783217375, -0.008758279421600679
0.30169177496641375, 0.2417147573523499, 0.4925800842377622, 0.7404563087218623, 3.052417416268973, -0.008703146355393961
0.30168653096892095, 0.2417307116357481, 0.4925565071056806, 0.7404258426566748, 3.05245489562206, -0.008825661550602106
0.3016956535896943, 0.2417285127911857, 0.4925464143541754, 0.7403440149501089, 3.05243745929122, -0.008887641519754606
0.30169484413337067, 0.24171548131568907, 0.4925563552305908, 0.7404563261355241, 3.052420242485961, -0.00882165508050489
0.30169900119823584, 0.24172144716225208, 0.49257126841835996, 0.7403979690594179, 3.052417239715496, -0.008751646503818421
0.30168986528264397, 0.24171801925991535, 0.49255979396908256, 0.7404050282577979, 3.052448680517552, -0.008832367302258833
0.3017073923799273, 0.24170829499556212, 0.4925749388086619, 0.740450809640649, 3.052397266227309, -0.008775128736121636
0.30169333421304717, 0.24173275652694826, 0.49254865629687017, 0.7404444395343743, 3.052450348176759, -0.008825710555707298
0.3016901666671426, 0.24171837341848354, 0.4925584924284195, 0.7404564377724017, 3.052418529387171, -0.00876170744562249
0.3016935094359214, 0.24173317072699146, 0.4925591489611349, 0.7404143073133407, 3.0524070971257418, -0.008834375021678012
0.3017026830048835, 0.24170551595392867, 0.4925552363322731, 0.7404493039614652, 3.0523919071880137, -0.008859326073627875
0.30169450963020383, 0.24171691204065546, 0.4925517873043149, 0.7403860476273588, 3.05244896890468, -0.008814941134259726
0.3017012226988604, 0.24172860279947564, 0.4925431211750399, 0.7404464297510845, 3.052458649453258, -0.008860738997926177
0.3017095491824891, 0.24171537078710542, 0.4925408731207676, 0.7405002428383946, 3.0524429088653044, -0.008902438303992675
0.3016852843188525, 0.24171321640239, 0.4925606050215197, 0.7404233988494239, 3.0524426212473723, -0.008773198189325806
0.3016976300422464, 0.2417175628857725, 0.49255977759347225, 0.7403962953482189, 3.0524102524139347, -0.008775190463348145
0.301694470908017, 0.24172267861977148, 0.4925609006849227, 0.7403798700709173, 3.052421330106842, -0.008750995600851049
0.3016938694565032, 0.24172974776106718, 0.49254641023900203, 0.740386118294338, 3.0524502256649133, -0.008874171976167968
0.30169664050777983, 0.2417220529986674, 0.49256902228272503, 0.7404308359711088, 3.052394758233393, -0.008800065230761133
0.30170666544781827, 0.24171905863911627, 0.49256573945404886, 0.7404649223350903, 3.05237506146663, -0.008806791990451559
0.3016985643454623, 0.24172471746190544, 0.49255322218687986, 0.7404445206934858, 3.0524505073386394, -0.008825709170959671
0.3017093080550742, 0.2417423489410905, 0.49255010902310337, 0.740380240376096, 3.052422891721383, -0.008810914379723625
0.3016898040083987, 0.24172375336220459, 0.4925690899078192, 0.7403439234983552, 3.0524344703782327, -0.00876843837686131
0.3016996857866738, 0.2417343255979249, 0.49254994537599744, 0.7404337433497995, 3.0524068558730213, -0.008852618388543728
0.30170306934708546, 0.2417274446181682, 0.4925488161939804, 0.740440126960138, 3.052432832497116, -0.008856678805712682
0.3016915132110359, 0.24171045129892793, 0.49256644800045774, 0.7404103355779172, 3.05246906113596, -0.008759738211577519
0.3017095338693059, 0.24173276858034307, 0.49254877090753185, 0.7404248222414871, 3.0524466509543187, -0.008790778487147249
0.30169243755073516, 0.24174136805261667, 0.49255473682989515, 0.7403265773502912, 3.0524443693356567, -0.0088451435297356
0.30169756705492845, 0.2417369911955854, 0.4925453733110682, 0.7404237545108211, 3.052443902957747, -0.00883243011680587
0.3016983400717925, 0.2417264825388119, 0.4925532282906516, 0.7403814542501623, 3.0524313248157893, -0.008845868513540038
0.3016893783097368, 0.2417095145272436, 0.4925574328281524, 0.7404971603223387, 3.052430381478106, -0.008849149101775072
0.30168919182136517, 0.24172490594405271, 0.49256075093480767, 0.7403529578415469, 3.0523888906222294, -0.008753643008831942
0.3017087951012848, 0.24172795061339739, 0.4925442296750562, 0.7404045108284661, 3.0524460912117917, -0.00887491492766845
0.3016917143020623, 0.24171686396355596, 0.49256571662968723, 0.7404168748774335, 3.052418254767545, -0.008827600533939687
0.3017047283225909, 0.241726055885838, 0.4925374383991559, 0.7403998926064923, 3.0524282080310967, -0.00890518399154754
0.30171488795598594, 0.24174661139217896, 0.49254221081785987, 0.740411911351856, 3.052392020325074, -0.008824402893188343
0.30170434487695086, 0.24173906777459345, 0.4925567431215379, 0.7403898572717745, 3.0523799007918035, -0.008753668526577212
0.3017093837754193, 0.2417386102510227, 0.4925453403442396, 0.7403741634343408, 3.0523969276979117, -0.008806910202778911
0.30170153974983016, 0.24175638779153127, 0.4925475636510324, 0.7403451470097392, 3.0524341864283397, -0.008769933325817584
0.30170631441478374, 0.24172444177387908, 0.4925463979171596, 0.7403903117498595, 3.052385649903829, -0.008830458736939634
0.30170326038359085, 0.2417274641361199, 0.4925429407534658, 0.7405025101566329, 3.0524461434503203, -0.00875913953729071
0.30168233152742513, 0.24178787997323234, 0.4925772884574783, 0.7404130735988071, 3.052621499024704, -0.008368014216811782
0.30167118735887266, 0.241775204883723, 0.4925689884079715, 0.7404033598801912, 3.0527391527556724, -0.008300005377982674
0.3016837454258117, 0.24176521815839735, 0.49256718159012014, 0.7403655433508599, 3.052513497652623, -0.008577237309748645
0.3017330851582571, 0.24171422397125744, 0.49251286518456433, 0.7403143104675071, 3.0520902682339903, -0.009375564667689204
0.3017146576216604, 0.24170446588689284, 0.4925321497128095, 0.7403599653481889, 3.0522801913336464, -0.0092783934860256
0.30174090972509193, 0.2417044085710668, 0.4925297266032163, 0.7406161037995744, 3.0523617147402526, -0.008954396866857488
0.3016962059952905, 0.24175850084471595, 0.4925727187946148, 0.7406354971264191, 3.0527362091741574, -0.00824888676678421
0.3017098959745829, 0.241762778422941, 0.4925760607318044, 0.7406202116451114, 3.05266780699746, -0.008170877069968609
0.30174204150827033, 0.2416821516522586, 0.49253877573827864, 0.7404211516512608, 3.052050140122252, -0.009263105699165162
0.3017503631707842, 0.24168210756457761, 0.4925295782762434, 0.7404864579483966, 3.0521587212048953, -0.009232306421559436
0.30175090602543037, 0.2416702168619152, 0.49253632819518445, 0.7407111793572113, 3.052276645219189, -0.008969878788642058
0.3017332929515045, 0.24169865311984381, 0.49253625388736083, 0.7406788723093831, 3.052455870541114, -0.008809663471321914
0.30172458280509173, 0.24169568739593142, 0.49254637369447707, 0.7406240848401835, 3.0524675354611777, -0.008749754670583506
0.3016945345224434, 0.24177025110905498, 0.49253833745377307, 0.7405265648294734, 3.0526893842177474, -0.008433428443275397
0.30169862385436463, 0.24177649137803675, 0.4925454995662861, 0.7404126285490318, 3.052620291456761, -0.008469119968729358
0.30171962474845254, 0.2417420134101649, 0.4925410984818882, 0.7403598503273056, 3.052339796178226, -0.008882347999666734
0.30173338358856544, 0.24169521586414167, 0.4925239615968544, 0.7402901641453827, 3.052073533241067, -0.00938970221780309
0.301706505712824, 0.24172324921615354, 0.49255572555484806, 0.7403881599852034, 3.0523042150396664, -0.008979096829691393
0.301707758397829, 0.2417285980112561, 0.4925260379960426, 0.7404730774777897, 3.052411962035377, -0.008965077984711387
0.30169793251324956, 0.24172939076682634, 0.49254879830979337, 0.7404825887428034, 3.0525263419056166, -0.00879608919073619
0.30168120975375884, 0.24178016780947575, 0.49252899307462733, 0.7404282144588331, 3.0527654191256146, -0.008484672232490612
0.3016929321689212, 0.24174907501666726, 0.4925487010688304, 0.7404191666411944, 3.052575903059212, -0.008615111358524285
0.3017049756503285, 0.24173054386640935, 0.49254426706506754, 0.740400388678191, 3.0523501319575383, -0.008910511811689482
0.3017057571818183, 0.24170866671549696, 0.49254066357142684, 0.7403646307389906, 3.052288420437197, -0.009051807509777299
0.3016955574832179, 0.24171923776548887, 0.4925395363473556, 0.7403132253008081, 3.0523165863902917, -0.009062583888988767
0.30170410763265726, 0.2417447926207969, 0.4925293944861789, 0.7402855835800793, 3.0524375068324106, -0.008937572932911005
0.30169570580800387, 0.24173440364379079, 0.49256686457265153, 0.7402625579647757, 3.0524199112097903, -0.008789318790616896
0.3017057397406743, 0.2417334103005279, 0.49255015445070716, 0.7403218159791135, 3.0524271653163124, -0.008876850758833677
0.301692173280104, 0.2417293243903594, 0.4925530765519362, 0.7403386606404333, 3.052414238152604, -0.008841826478006153
0.3017077575336489, 0.24173440673762683, 0.4925407970972096, 0.7403747062876311, 3.0524027406412824, -0.008884343763821424
0.301697727571725, 0.24172959535082442, 0.49254297557332044, 0.7403774106753565, 3.052413443705318, -0.008876855660185317
0.30170371701691673, 0.2417167823187236, 0.49254528931312597, 0.7403807822250159, 3.0524330202573284, -0.008905159289223995
0.30170204594160327, 0.24172412809835594, 0.4925397971951166, 0.7404225794164929, 3.0524427939088645, -0.00893267780273837
0.30169030112981265, 0.241724483905532, 0.49255860542913327, 0.7403999499579746, 3.052425206533573, -0.008786662706526834
0.3016948741876214, 0.24170956824506376, 0.4925734977581272, 0.7404554459362894, 3.052414692158344, -0.008744164059945648
0.30170036043004483, 0.2417274821416849, 0.4925440985734849, 0.7403790221615337, 3.0524202518288948, -0.008852679997453141
0.3017026210656245, 0.24172675805903154, 0.4925350076226528, 0.7404029149829119, 3.052437284511145, -0.008838577581156271
0.3016954196310988, 0.24171829032899544, 0.49254969312132424, 0.7404434160626494, 3.0524479741779964, -0.008867397050417487
0.3016886920619364, 0.24171814217138315, 0.49256301127510016, 0.7404226353060824, 3.05243847836322, -0.008755699136281221
0.30169519653022997, 0.24171787559355754, 0.4925586033811087, 0.7403653966547257, 3.052445377064465, -0.008779936817412142
0.3016942612273462, 0.24172622313030867, 0.4925658010088636, 0.7403859400427399, 3.052447297104434, -0.008754998600028938
0.3016954612371198, 0.24172991917319847, 0.4925602638548769, 0.7403904134329036, 3.0524664402373642, -0.00878324074207707
0.301690613410811, 0.2417287942938443, 0.492553066307343, 0.7403889070120013, 3.0524596138720033, -0.008808215963817765
0.3016942218412974, 0.24173214211367142, 0.49254865831181416, 0.740368660902795, 3.0524574007856202, -0.008832429236536148
0.30169419962441274, 0.2417164112731859, 0.49257934466523784, 0.7404003241262265, 3.0524281488193337, -0.008744139764255006
0.3016892294000837, 0.24173268116588906, 0.4925541934150597, 0.7403671415940345, 3.0524490535760602, -0.008797412188847841
0.30169445950964513, 0.24172464214764533, 0.49255875929326975, 0.7403297591247019, 3.05245836954026, -0.008797423811202775
0.30169401412052754, 0.24172776600073928, 0.49256696912477216, 0.7403696153924827, 3.052458359731243, -0.008730048903480243
0.30168599822925923, 0.24173176296903137, 0.49256089460031, 0.7403142465423312, 3.052471876621112, -0.00873077437915421
0.3016948563897143, 0.24172328799040177, 0.4925690181681035, 0.7403812811491806, 3.0524299303362636, -0.008786626151618876
0.3016961430807256, 0.24171333168958128, 0.4925734240492424, 0.7403851593897922, 3.0524478678003755, -0.00875568013364681
0.3016841258974861, 0.24173491302455946, 0.492572506287038, 0.7403651863222795, 3.052439000261295, -0.008701770843380854
0.3016923005994938, 0.24172149004564006, 0.4925586033811087, 0.7404027533385431, 3.0524361767086163, -0.008779912430183208
0.3016995781019234, 0.2417320337629728, 0.4925475126930783, 0.740421382752981, 3.0524313487360444, -0.00877926855612864
0.30170941958200115, 0.24172883749450733, 0.49254535472855815, 0.7404404442719259, 3.0524329668417223, -0.008857409847630195
0.3017009834554472, 0.24174195729262096, 0.4925362658431377, 0.7403699455653892, 3.0524613247439523, -0.008849985066719995
0.30169302196939346, 0.2417284461931094, 0.49255419546313967, 0.7404372957847819, 3.0524203868404767, -0.008804162338604564
0.30169565589813074, 0.24172052492123255, 0.4925405593146021, 0.7403725156132898, 3.0524766977887987, -0.008860773953937489
0.3016951088540808, 0.24172752486933546, 0.4925580157029705, 0.7403711356099946, 3.0524682459148997, -0.008824995546069627
0.3016911658799918, 0.241723647352073, 0.4925597694681389, 0.7404254713096371, 3.0524491679586157, -0.008748255490513718
0.3016967202954662, 0.24172391840510596, 0.49254966849216314, 0.7404089374793575, 3.052461888121853, -0.008783302528074959
0.30169770944057356, 0.2417174614969674, 0.49257250426531723, 0.7404044238921386, 3.0524413373406274, -0.008695056305718303
0.30169647036358205, 0.2417196847209004, 0.49256089863694014, 0.7404557809504668, 3.052414429117027, -0.008744220611666187
0.3016898787839781, 0.241733603506717, 0.4925553635253147, 0.7403106573962006, 3.0524583462771764, -0.008779237654583076
0.30168962744361566, 0.24174291151625676, 0.4925691496111316, 0.7403295007402486, 3.0524522148274706, -0.008719989555455629
0.301704623111218, 0.24171984054310738, 0.4925692275537785, 0.7404305996702817, 3.05238879360536, -0.008721980918480471
0.30169613342743457, 0.24173106368691277, 0.4925602719802736, 0.7403613872859017, 3.0524273498420254, -0.008810151019905274
0.30170910590847094, 0.24172670695956636, 0.4925419899820932, 0.7404293362708767, 3.0523910409235966, -0.008943486866932998
0.30172160055253044, 0.24173684997997497, 0.492538442162135, 0.7404049227998135, 3.0523622504744257, -0.008803632467668613
0.3017208896929753, 0.24174147221152548, 0.49254754744882806, 0.7403543006391308, 3.052391659124209, -0.008712803225882164
0.3017240341174953, 0.24176762746706046, 0.49253559872730607, 0.7402629781228647, 3.052415243979521, -0.008772020489567586
0.3017054019996493, 0.24174842314318884, 0.4925430246688681, 0.740354656293476, 3.052392837813177, -0.00877192954206825
0.30171037808983775, 0.24174788830443308, 0.4925259307428719, 0.7403580824383059, 3.052409489895164, -0.008842682350902622
0.3017070708399285, 0.2417412193535942, 0.4925168873008889, 0.7404309521917567, 3.0523928836491745, -0.008901228014846458
0.3017072511641236, 0.24172963888963153, 0.4925419836443903, 0.7403966522280186, 3.0524114681708254, -0.00883451221483999
0.3017150134830359, 0.24175454191549295, 0.4925364992929354, 0.7403732597290739, 3.052388125741597, -0.008771273673409123
0.3017128520649758, 0.24175334717316316, 0.49253420197047126, 0.7403775657317795, 3.0524073982828837, -0.008800263751538397
0.30171396426054975, 0.24175096746830604, 0.4925341978551288, 0.7404743325486238, 3.0524068703117657, -0.008786787596636028
0.30171143147108226, 0.2417376194181167, 0.49251913117941915, 0.7403827055058503, 3.0524307844837786, -0.008846066135890559
0.3017211228255208, 0.2417653916631226, 0.49252079417135497, 0.7403987112743752, 3.052415330403118, -0.008853493028790802
0.3017046435427485, 0.24174137907139145, 0.4925533003113427, 0.7403180224224527, 3.052404550013196, -0.00872953118220494
0.3017136639478354, 0.24173110851231835, 0.4925442131718591, 0.740524062844821, 3.0523762315134, -0.008817682268509609
0.3017200899782343, 0.24175412539604105, 0.49253074232342703, 0.7403195642626842, 3.0524103156538382, -0.00880771070231665
0.30171649927017946, 0.2417449646234437, 0.4925319496975641, 0.7404184522388702, 3.0524178079376956, -0.008828499848354454
0.3017159334457613, 0.24175196696139764, 0.4925376198955643, 0.7403815554062498, 3.0524269816125096, -0.008829169937151935
0.30170760356083287, 0.24173203316603445, 0.4925442317695843, 0.7403242731580025, 3.052432066863887, -0.00879278892448771
0.30169814983350224, 0.24174564872864088, 0.4925419568357964, 0.7403507177968452, 3.0524616563104687, -0.008832461363221807
0.30169862496180283, 0.24172101070946947, 0.4925612779299416, 0.7403658231233736, 3.0524509342358663, -0.00885593546731519
0.3016931481544514, 0.24172279167961103, 0.4925508181753644, 0.7404061346041847, 3.052452679257365, -0.00884990373856892
0.30170605164774217, 0.24173590306277878, 0.49250871490695436, 0.7404429902500411, 3.0524483085065723, -0.009029826222840485
0.3017034755331548, 0.24173209407940388, 0.49253629279367434, 0.7403832816733498, 3.0524410603007257, -0.008940858841732706
0.3016917106057072, 0.24172659566479607, 0.4925462543335891, 0.7403667271796093, 3.0524506159945366, -0.008856690684424734
0.30171271574964575, 0.2417278748847398, 0.492546485976834, 0.7404130543775924, 3.052400792671154, -0.00886007667046157
0.30170924217963446, 0.2417521793576188, 0.4925297057927666, 0.7403934853506965, 3.0523977363558545, -0.008883673878471806
0.30171290444931476, 0.2417436160200713, 0.4925342614105894, 0.7403885559866887, 3.052456894804679, -0.008850015393496957
0.3017121507881148, 0.2417426539216984, 0.49253506265357144, 0.7403208251785933, 3.052418747383498, -0.008842658869373552
0.3017155763051166, 0.2417394104654819, 0.49253842171657797, 0.7404867845054461, 3.052457598040645, -0.008736332849658298
0.3016963806431494, 0.24174670284941194, 0.49254876096760697, 0.7403098993112466, 3.0525322369745282, -0.008757102975216985
0.3017140907127311, 0.24174531277204003, 0.4925308205283675, 0.7404609940401615, 3.0524348060464765, -0.008832523188962342
0.3016956680915088, 0.24173055514525954, 0.4925394280439219, 0.740370394297097, 3.0523831273646675, -0.00885464443258686
0.3017093361620124, 0.24173311836338904, 0.4925166933640915, 0.7403448835375075, 3.0523624894026495, -0.00901297100384139
0.3017136639478354, 0.24173110851231835, 0.4925442131718591, 0.7404142207661719, 3.0524030856313336, -0.008817720178240732
0.3017127514547207, 0.2417454520813643, 0.4925399585785289, 0.7403423508475409, 3.052429175819936, -0.0088527188675151
0.30170946012822997, 0.24172506049138925, 0.4925351675715312, 0.7404166816159827, 3.052415280222167, -0.008869528896345421
0.3017178528430841, 0.2417450710156655, 0.49253424677078733, 0.740381371610409, 3.0524285284502253, -0.008888423719805683
0.30169495466864205, 0.24170404448742247, 0.4925574389911459, 0.7403975448324132, 3.052420159386327, -0.008869411339506137
0.30169029777721124, 0.2417091159895371, 0.492556273101695, 0.7403564257830626, 3.0524115264687675, -0.008901049347777764
0.30170705497068867, 0.2417274487359589, 0.49255699114432794, 0.7403927774515576, 3.0523967266790306, -0.008823640235865252
0.3016937967984869, 0.2417354852492411, 0.4925554784632953, 0.7403432643141943, 3.052431842122228, -0.008810870078813251
0.301693235235187, 0.24171713025772673, 0.4925668437970654, 0.7403766403206591, 3.0524121639637314, -0.008816882402252327
0.3016958052687567, 0.24173248519248916, 0.4925554764225716, 0.7404009628700646, 3.0524292791454277, -0.008804168562802705
0.30169624362761294, 0.2417234071556838, 0.49255876338199245, 0.7403614923565079, 3.052427554829078, -0.008810870001880413
0.30170250952375793, 0.24171890361421575, 0.4925658133528672, 0.7403881338057943, 3.0523776554168234, -0.008795379983504725
0.3016938999984089, 0.24172383501518388, 0.49256355279812186, 0.740439797202817, 3.0524313399876517, -0.008796662428449434
0.3016940107016819, 0.24171239812771694, 0.4925646365522791, 0.740381016152668, 3.0524312561909355, -0.008844418453949687
0.30170753962206076, 0.2417066344019251, 0.4925624338675727, 0.7404136855015473, 3.052407695179103, -0.008834431776138333
0.30168650639843936, 0.24171117116769716, 0.49256517493896695, 0.740399713662576, 3.0524253932387286, -0.008786637655390424
0.30169762752078205, 0.24171952023585805, 0.4925576362484966, 0.7403832574660522, 3.0524381153776416, -0.008821673393584119
0.30170503100406587, 0.24171667553626158, 0.4925553717548518, 0.7404651160235747, 3.0523747491613196, -0.00880614730312296
0.3017026473875447, 0.24170925808051832, 0.4925472255033236, 0.7404905059051082, 3.0524004718877635, -0.00882841182088787
0.30171326557178574, 0.24173827049281868, 0.4925487136722061, 0.7403745334978139, 3.0523953574614366, -0.00874774918912111
0.3017292734618827, 0.24177332085892989, 0.49251180108252324, 0.74035460740462, 3.0523897498007484, -0.008813852464390147
0.30171711462413214, 0.241740296209683, 0.4925248162553557, 0.7404554002248105, 3.0523324029512513, -0.00889382422359376
0.30173567693659736, 0.24173987745403946, 0.49253192736109697, 0.740391910846222, 3.0523075639821626, -0.008836663152246897
0.30172848519871975, 0.24174514394707955, 0.49251825000487126, 0.7403770136632275, 3.052328518103708, -0.008907360084181781
0.3017191290419488, 0.24173344591915755, 0.4925194717847465, 0.7404499725903873, 3.052394562394995, -0.00897859039765742
0.3017141229463386, 0.24173971988959772, 0.4925148995515028, 0.7403296454298283, 3.0524584007239524, -0.008958493147097048
0.3017072494314705, 0.24171805423032589, 0.49253728670661984, 0.740393790628139, 3.0524023609655653, -0.008901167131819947
0.3017124347533801, 0.24173156044757685, 0.4925271465636994, 0.7404314148472414, 3.0523992721500957, -0.00897924135383182
0.3017063081707824, 0.24171103092355734, 0.4925419247939858, 0.740388666538156, 3.0523864060949593, -0.00899130942473103
0.3016990176434025, 0.2417367776484167, 0.49254877970194405, 0.7404035617654104, 3.052516429887762, -0.008732213401047618
0.3017105405204451, 0.24170930240911923, 0.4925499107302314, 0.7404411250510711, 3.052360499953214, -0.00893809996198208
0.30171693305529435, 0.2417202961916002, 0.49253966787648124, 0.7405089680535809, 3.0523975930784615, -0.008888385434041086
0.30171370250213436, 0.24172534145546085, 0.49253509987648986, 0.7405116912235735, 3.0524084038975703, -0.008881635577053102
0.3017198289717099, 0.2417166814444037, 0.49253966787648124, 0.7404541538476753, 3.052411064778261, -0.008888416163260936
0.30170952485529035, 0.24172674398022936, 0.49254077481091413, 0.7404959637763907, 3.0525002538855284, -0.008810307144988752
0.30170633567333843, 0.24173222131238334, 0.4925282818299115, 0.7404249555377683, 3.0524495809296304, -0.008909957254603496
0.3017166690935908, 0.24174134845777026, 0.49252056361135627, 0.7404843441127006, 3.052455519121132, -0.008938908078710783
0.30171363909054316, 0.24173880651805885, 0.4925319642989192, 0.7404478926524367, 3.052462783398946, -0.008879000144307583
0.30171702289215974, 0.24173795637288775, 0.4925388314372256, 0.7404380846415399, 3.052421838188081, -0.008863442933332315
0.30170966801885946, 0.24173892559809732, 0.4925373702151903, 0.7404615315363696, 3.05243925705156, -0.008850673733209228
0.30169744110659186, 0.2417095553453528, 0.4925597980578174, 0.7404908041240967, 3.0524047906379987, -0.008845818978621706
0.30169989896283345, 0.24171501886132912, 0.4925565111686186, 0.7404023526713436, 3.052437856731421, -0.008839172425113126
0.30170073929799973, 0.2417103664195387, 0.49256022255932647, 0.7404239431425412, 3.052448269430271, -0.008848483609555233
0.3016987246942025, 0.24171732162612872, 0.49255082433856906, 0.7404163626778678, 3.052415603026873, -0.008870129730318584
0.30170298375222815, 0.2417194118412306, 0.4925564906925546, 0.7404174293656792, 3.052416596800754, -0.008768519506615408
0.301714338524748, 0.241737960799951, 0.49251489338704457, 0.7404480263331482, 3.052464175491931, -0.008938249350244808
0.30171416303697157, 0.241718256137848, 0.49253629071921856, 0.7404220517599337, 3.052443449247037, -0.008934132450145307
0.30170873617633814, 0.24172006170467214, 0.4925374342837795, 0.7403865609150607, 3.052454665527133, -0.008891755908223137
0.30170233529215457, 0.24171268144629182, 0.4925405613296445, 0.7404435309397747, 3.0524480044056386, -0.008867469546437362
0.30170425186640004, 0.2417369535897457, 0.49254647979498956, 0.7404212422646828, 3.052433182612361, -0.008839898727850454
0.3017279786981986, 0.24172075906867654, 0.49251377456269035, 0.7405139331654864, 3.052418035122968, -0.008975986053893837
0.30170717565800015, 0.24173134921985867, 0.4925294007717452, 0.740450511978343, 3.0524737088290896, -0.008872249462438924
0.301719389763038, 0.24173161429960016, 0.4925396265245328, 0.7405433680243442, 3.052376062590193, -0.008835900753136039
0.3017144413280938, 0.2417301594130338, 0.4925396410828314, 0.740440709770844, 3.0524312835064107, -0.008797529472329799
0.30171042518428565, 0.2417243420911309, 0.49254766848777526, 0.7404032672965556, 3.05244033457308, -0.008796797960412103
0.30171430433833846, 0.24172600609792894, 0.492537386872897, 0.7404659753769067, 3.0524569145347633, -0.008819062427100822
0.30170954270050687, 0.24173877160112045, 0.4925259882335038, 0.740427029077988, 3.052456290208879, -0.008885721066557018
0.30170514275443944, 0.2417225639157322, 0.4925566465328053, 0.7404913783567308, 3.0524028694515533, -0.008785981918869524
0.3017007105343908, 0.241712328785316, 0.4925529185601978, 0.7404503956880298, 3.0523943227818497, -0.00881765671260919
0.30171553001747503, 0.2417161490422698, 0.49254085240054757, 0.7404415905800072, 3.0524397445519065, -0.00883182018593301
0.3017106921751573, 0.24173846186523146, 0.49254898188951496, 0.7404569272388954, 3.052420025706577, -0.008821699711271615
0.3017028241447236, 0.24171326581473518, 0.49255633275872995, 0.7404561266719002, 3.052414441421816, -0.008744269552627526
0.30169478327181504, 0.24172698905001935, 0.492555361510467, 0.7404419349576986, 3.0524378669112435, -0.0087725239443417
0.3017162314076018, 0.241730921648658, 0.49252599028192307, 0.7404423677793491, 3.0524410930332824, -0.008892501145698464
0.30171099038629573, 0.24173699883026098, 0.49255327718968894, 0.7404178220748983, 3.052418499773445, -0.008829783144794425
0.3017140262251741, 0.24172768816580972, 0.49253170195403834, 0.740440552586256, 3.0524327149412107, -0.008856795844166212
0.3017016118878464, 0.24173503214708889, 0.49253628647532777, 0.7403502583517914, 3.052461683965349, -0.00883181518603835
0.30172503803790723, 0.24173378264002562, 0.49254015520095795, 0.7405582980942318, 3.052438783538814, -0.008836520619820709
0.30171896536289544, 0.24172311798655072, 0.4925236911755402, 0.7404488596990669, 3.052471557316367, -0.00891475172317974
0.3017109312772365, 0.24175042874837432, 0.4925319435931555, 0.7403896468751574, 3.052459310539445, -0.008808346282922238
0.3017086550870675, 0.24173938603579273, 0.49252598621829924, 0.7404111498813609, 3.0524716442195023, -0.0088790314431409
0.3017164193330993, 0.24173115255554606, 0.4925430632560197, 0.7404581130647657, 3.0524243457303344, -0.008839942155324187
0.30170000306425704, 0.24172869055126509, 0.49254069254287475, 0.7404649664721654, 3.0524524608951653, -0.008800821642732696
0.30170663776007084, 0.24173638320421184, 0.49254877090753185, 0.7404614514558105, 3.0524376275438705, -0.008790754914310563
0.3017064745360815, 0.24174000955204944, 0.49254780373244994, 0.7404321246108418, 3.05247671949682, -0.008812988359595233
0.30170717890764287, 0.24171757443737202, 0.49253956547324945, 0.7405051324382592, 3.052458660407904, -0.00881164189450988
0.30170294905985046, 0.24171537959948297, 0.4925658010088636, 0.7404593682533188, 3.0524295539783277, -0.008755010441783525
0.301700739200574, 0.24173546580119099, 0.49254309258894013, 0.74041731733765, 3.0524943094972508, -0.0087631851119683
0.30170529034230525, 0.24173827439197434, 0.49253281894612355, 0.7403957127657464, 3.0524853146429227, -0.008812379690595035
0.3017072383052794, 0.2417314261989865, 0.49253509174991245, 0.7404859492589814, 3.052460745882232, -0.008854720362344628
0.30171234670244945, 0.24171542104641397, 0.4925271713076231, 0.7405243020433352, 3.0524600336190013, -0.008889059409003494
0.30170037438291153, 0.24172909306278156, 0.49249075883162163, 0.7405362132937751, 3.0524172036202604, -0.008731115026968163
0.3016957440106346, 0.2417226735666203, 0.4925690202086801, 0.7405979321530408, 3.0523654916221874, -0.008793246875052339
0.30167540616452365, 0.2417519152682731, 0.4925542016446818, 0.7407954029780623, 3.052297801984752, -0.008824095731365552
0.30164350198798706, 0.241783634923239, 0.49252503894673255, 0.740601236396659, 3.0522893415852814, -0.008816156299744261
0.3016055642636742, 0.2418265774960696, 0.49252946188216473, 0.7405476574991116, 3.05222798073081, -0.008838785417831752
0.3016290692590979, 0.24182173438543791, 0.49253843116785767, 0.74047908633695, 3.0522712395055365, -0.008943781390782335
0.30171925389970566, 0.2418173144015119, 0.4925351680634543, 0.7404477087707506, 3.0523723739134336, -0.00873020216197509
0.30177740885806936, 0.24181362807900011, 0.4925146533619417, 0.740442228311574, 3.0524263926223316, -0.008780207776555221
0.3017422602761811, 0.24180558072612146, 0.4925675349846247, 0.7405548144676117, 3.0523322004353575, -0.008617685807232071
0.30168587775243944, 0.24172158049201395, 0.49260332015675423, 0.740518794643728, 3.0522596209046347, -0.008342357835881864
0.3016038470901528, 0.24159454752722992, 0.492586849990707, 0.7404361176574268, 3.05223625013871, -0.0081676027162767
0.3015828134395721, 0.24158731392847438, 0.49259294141659693, 0.7405205929476967, 3.0521803060573083, -0.008026194337207011
0.30154645284138415, 0.24161059997183468, 0.4926198278058263, 0.7405006602612323, 3.0520920408751793, -0.007918949757281128
0.3015325423610347, 0.24160616439440552, 0.49260194649265143, 0.7404345232816218, 3.052057393805286, -0.007928437503447508
0.3014755699100104, 0.24160369709245288, 0.4926068810145217, 0.7404616688629645, 3.0519257498321237, -0.0077996189992880095
0.3015307023298071, 0.2415912466592657, 0.49256440966822035, 0.7403344189685294, 3.051936110374577, -0.0074504759113412835
0.30156758799940214, 0.2415918529971984, 0.4926232124696128, 0.7403715931821581, 3.051924534747245, -0.0071711636169491
0.3015556708544849, 0.24158776174936827, 0.4925451280570179, 0.7404373620615717, 3.0518565340414456, -0.007019509238699372
0.30151630925752837, 0.24157158181063995, 0.4924831557236311, 0.7403160601989811, 3.0517388904829392, -0.006803169615386871
0.30150126534941646, 0.2415575384826189, 0.49249848476406877, 0.740497351933927, 3.0516861866363323, -0.00676866553514203
0.3014746273992521, 0.24156983691271963, 0.49253662871649667, 0.7407102798268205, 3.0515215722003224, -0.0066327154147764735
0.30151687520153714, 0.24169857490575986, 0.49311240280384394, 0.7402710671462489, 3.052118387011552, -0.008738462749467296
0.3014522736778339, 0.24157459539158002, 0.49555378213476897, 0.7404065522260828, 3.051941462951592, -0.00875284224801562
0.3014087334965391, 0.24161276319241895, 0.49782593947695125, 0.7403911967069479, 3.051806457068029, -0.008159760554093724
0.3013515861009716, 0.2415203575054841, 0.4998352227781353, 0.7405439733150779, 3.0518180740592347, -0.00838300344920502
0.30135004975622404, 0.24160585147079466, 0.5016151563692638, 0.7405344439582363, 3.051833565887926, -0.00836869265960931
0.3013495163633181, 0.24164751569290288, 0.5034795181478903, 0.7407871405897237, 3.0517270350283376, -0.008063198647771882
0.3013249646990172, 0.24166436387676465, 0.5052227702178617, 0.7406445263721824, 3.0517517148988604, -0.00806280429579041
0.30129867039112995, 0.2416705734281578, 0.5068766984643764, 0.7406282602060777, 3.051718504050312, -0.007957215509403105
0.3012144064177179, 0.2416586626586464, 0.5087307030284771, 0.7407418469495449, 3.051594547662768, -0.007501826518290475
0.30119898139602025, 0.24168638937204187, 0.5102948481020483, 0.7407043597045614, 3.051544923663722, -0.007367127576232998
0.3011637616099403, 0.2416789694727751, 0.5119903360707716, 0.7407291782374624, 3.051436295524056, -0.0069976673636135646
0.30118942606517, 0.24164929386704176, 0.5136187877972767, 0.7408174020952744, 3.051267525939698, -0.006714948653390013
0.30114874897546756, 0.24162976491538649, 0.5154047673479195, 0.7407292044837617, 3.0511748186191996, -0.006189880462277454
0.30111730675516224, 0.2416571568825552, 0.5170451507528293, 0.7408022433905241, 3.051100990262343, -0.0058523581540534195
0.3011139183199943, 0.24166877917757987, 0.518714041896846, 0.74096866037421, 3.050934217569451, -0.005496621951315291
0.30111183793353924, 0.24170362806975398, 0.5203643975890414, 0.7409225986819523, 3.050844628973847, -0.0050854248628593255
0.3010803480179729, 0.24172937949120044, 0.521960711892012, 0.7405935811127183, 3.0509701336676796, -0.005212256431291186
0.30103789381231083, 0.2417685446265349, 0.5236403201226015, 0.7404949697529768, 3.051015447874075, -0.0052932702452784955
0.3010121505996643, 0.2417610666126143, 0.5251378015953033, 0.7405695971530487, 3.050938799726755, -0.005059158753560677
0.3009775202074537, 0.24176586843246112, 0.5268408605352913, 0.7405201041495975, 3.0508395102835753, -0.004552263001216431
0.3009626637249206, 0.24178347976622802, 0.5284319083754053, 0.7402559587501627, 3.0508004731348035, -0.00408195855069247
0.3009674497960533, 0.24178920597062428, 0.5300045517984743, 0.7403533228630799, 3.0506596390667706, -0.003821992589207304
0.3009751827690213, 0.24184649387740198, 0.531553448036393, 0.7404303810297211, 3.0506102628173157, -0.003912502532537932
0.3009362728747865, 0.24186451188099833, 0.5330781213847579, 0.7399794033416691, 3.050597028089259, -0.0034735599673026635
0.3008942356845562, 0.24178015670781994, 0.5347867097026207, 0.7399009579784698, 3.0503777457889516, -0.002882420318989339
0.30088025386585776, 0.24183640257173272, 0.5363076732792971, 0.7400254396771736, 3.050347047592232, -0.0026717977168229166
0.30085708131137234, 0.24184618567181107, 0.5378377404649403, 0.7400245240285562, 3.050285834682641, -0.0024809465786791705
0.30085010674471574, 0.2418582125258236, 0.5394139090435953, 0.7399637779929346, 3.050226315502692, -0.0023962134088491636
0.30079994828417117, 0.24180107796786707, 0.541278753326593, 0.7398074029063817, 3.0502907470072556, -0.0022308769936178366
0.3007887209885738, 0.2418062947162755, 0.542866887812078, 0.7398550068918015, 3.0500054418410625, -0.001557222740326878
0.300786813910812, 0.24182889822441114, 0.5445889168567211, 0.7398625485170064, 3.0498173548317613, -0.0009137274980548987
0.3007157134050695, 0.24180328471049486, 0.545267631876583, 0.739734570894608, 3.049845886652725, -0.0006704786867038767
0.3007277679355267, 0.24182295550976549, 0.5458729601044046, 0.7398691548684574, 3.0497472590541364, -0.0005450030016487828
0.30071734966863817, 0.24185655075683388, 0.5466230754996823, 0.739527110764239, 3.0497719975474014, -0.00023539413750376333
0.30068305885985647, 0.2418395578738127, 0.5473508099346835, 0.7396335146927039, 3.049645435620865, 3.345762462459316e-05
0.3006788377586989, 0.24189769375522435, 0.5480102572720866, 0.7396652286054654, 3.049694629703907, 9.036793477823801e-05
0.30066940012485244, 0.24190945338930372, 0.5486733898796989, 0.7394121460938469, 3.0496816271423546, 0.00025052549078021386
0.30065116469182723, 0.2419062330806609, 0.5494802819678565, 0.7396529610035327, 3.0495661875516826, 0.0005048575544796278
0.30063967355161136, 0.24192419012702931, 0.5501961398269448, 0.7394682738761971, 3.0495024168138367, 0.00106800928282237
0.3006395675328037, 0.2419376837026383, 0.5508424831273122, 0.7391836571197993, 3.0495153646529367, 0.0012586270155125593
0.30063592353319246, 0.24196957481317408, 0.5515334437453534, 0.7391353998067847, 3.0494716549079954, 0.0014494484517215411
0.3005724840172513, 0.2419471083396352, 0.5523426556952307, 0.7391655910328649, 3.0493589097782623, 0.0018974929355448388
0.30054388107713803, 0.24199152591167827, 0.5530412500343721, 0.7390868157308113, 3.0493514194617317, 0.002026129281273964
0.30052249838459966, 0.24199543188028916, 0.5538000747093572, 0.7390479065921732, 3.049272098569448, 0.0022993205495615908
0.30049623880876175, 0.24196864958268552, 0.5545269312174819, 0.7389714289493814, 3.049192313058037, 0.0026091223672422372
0.30049949300144624, 0.24197934653684056, 0.5551943225135084, 0.7392768678382635, 3.0490928206845602, 0.0026792073083719906
0.30048394273056217, 0.24193951889185217, 0.5556634482616085, 0.7393554309476559, 3.049007597198379, 0.0024825867449343206
0.3004748685496319, 0.24196729487529217, 0.555650157601945, 0.7392827405134781, 3.0490195123360304, 0.0025587248538393396
0.3004749023719384, 0.24198662557794207, 0.5556580461381866, 0.7391603079345267, 3.0490720827164566, 0.002572707647598205
0.30048237129950195, 0.2419860337692254, 0.5556355946194197, 0.7392428565127406, 3.0490971192929215, 0.002497183390848997
0.30046475206033796, 0.24197771540371885, 0.5556490209941041, 0.7391220995484341, 3.0490742407142326, 0.0025477693716273726
0.3004786315090225, 0.24199803522257154, 0.5556335132629109, 0.7391611656154428, 3.049073600215369, 0.002512129966795994
0.3004757255809857, 0.24198415882960897, 0.5556388607853675, 0.7392062343818808, 3.0491060152545306, 0.0024971948026173614
0.3004715777574046, 0.24199539506542908, 0.555643392858853, 0.7391148227139369, 3.04912232879006, 0.002573821955755531
0.30046959861411765, 0.24200832760516394, 0.5556390043053777, 0.7390687290457746, 3.0490916912649957, 0.0025296727341624628
0.3004691355669001, 0.24200181672023977, 0.5556344665909217, 0.7391109456141844, 3.0491104427040914, 0.002466441836091515
0.3004587768961104, 0.2419885006331785, 0.5556599984288851, 0.7390897788834587, 3.0491009558059865, 0.0025788112523438037
0.3004741009841556, 0.24197983722046096, 0.5556443971081544, 0.739220053140165, 3.049082526165181, 0.0025255674475600748
0.3004671040739656, 0.24199680844954408, 0.5556580490038897, 0.7390847242111465, 3.0490788499227848, 0.0025660683186097956
0.3004639889519509, 0.24200205962000135, 0.5556468445163775, 0.7391077012073602, 3.049093710589093, 0.0025371982291353535
0.30047862756930266, 0.24199429466723407, 0.5556180022044875, 0.7391791480482999, 3.049072273615572, 0.002393843161480931
0.300464482810674, 0.24199880493773385, 0.5556457051202549, 0.7391319682300642, 3.049115206605965, 0.0025330415520334547
0.30047421715665273, 0.24200136974383393, 0.5556323766784385, 0.7391644892993235, 3.0490887418206882, 0.0025014396761873616
0.30046708031194225, 0.24200087608707546, 0.5556290267632706, 0.7390849508260098, 3.049082105787133, 0.0024463718891726506
0.30046349027577995, 0.2419935123282655, 0.5556443999608704, 0.7391631035324043, 3.0490848061944704, 0.002519044506568151
0.3004607364436976, 0.24199332982128102, 0.555648971186249, 0.7391317850794197, 3.0491152682412173, 0.0025330527681687617
0.300470470805572, 0.2419958947923696, 0.5556356428644136, 0.739164306152283, 3.049088803460021, 0.002501450895765406
0.3004759342492191, 0.24198818797004076, 0.5556411338740457, 0.739218074277516, 3.049071432756126, 0.0025189151049657705
0.30045287487169586, 0.2419917394301655, 0.5556423962674325, 0.739105663774852, 3.0490869726006586, 0.0025130555709307807
0.30046957208048813, 0.2419848144103031, 0.5556432691081761, 0.7391065529141009, 3.0490912231746403, 0.0024945632090545666
0.3004673585045415, 0.24200312399472018, 0.5556434070658258, 0.7390469863338597, 3.0490811556315767, 0.0025404797286360924
0.30046555057480967, 0.24199252865545295, 0.5556400370255493, 0.7391685488591097, 3.049106475881569, 0.002532319378631104
0.30046748286242586, 0.24198939250797807, 0.5556523695940287, 0.7392049142515797, 3.0490960573577115, 0.00259223274206795
0.30047435424883895, 0.24198589673259863, 0.5556445770654114, 0.7392005066482119, 3.0490798880864034, 0.00250210537896827
0.3004606270080149, 0.24198927335263168, 0.5556556440714527, 0.7391970868723028, 3.049063401496399, 0.0025723136082186544
0.30046922367717666, 0.24198428686952556, 0.5556489797162503, 0.7391604746523256, 3.049073682416815, 0.00251288559939591
0.3004727045911161, 0.2419992310507547, 0.5556234846012119, 0.7391128980754189, 3.049118601279833, 0.0024313557917564213
0.3004713637371966, 0.24199341111614814, 0.5556278901911036, 0.7391248859687084, 3.0490883337528216, 0.0024355236108009595
0.3004692365921137, 0.24199600415628786, 0.5556411310213097, 0.7391111011792082, 3.049108920851801, 0.002525554861075999
0.3004689620025278, 0.2419974964604411, 0.5556422619411758, 0.739094729538977, 3.0491199872554913, 0.0025496551249053465
0.30046126364224013, 0.24201174153780872, 0.5556355917927459, 0.7390814664086018, 3.049147867075838, 0.002504095471572977
0.30046604106073677, 0.24198938504145662, 0.5556501105823327, 0.7391622194383127, 3.0490805019742084, 0.0025371698161043917
0.3004734451603913, 0.24201786499022193, 0.5556290648619309, 0.7391315967109443, 3.0491126547851337, 0.0024907429760536097
0.3004562127900168, 0.24199260765548514, 0.5556545074612965, 0.7391455183363813, 3.049091820605706, 0.0025615044658073953
0.30047353318934655, 0.24201021009094742, 0.5556302407920916, 0.7391153305067779, 3.0491294784963037, 0.0024388793417905266
0.3004699836476013, 0.2420207148876839, 0.5556158154444489, 0.7391531314542514, 3.049124817188793, 0.0024208764020287963
0.3004772794687119, 0.24201568507851515, 0.5556269744097804, 0.7390791607982329, 3.04913820963425, 0.002438790327350847
0.30047024996016036, 0.24201124605260174, 0.5556380446962466, 0.7391096462173069, 3.0491019092754583, 0.002502201205956097
0.30045950123808934, 0.24200147988493723, 0.5556422671841557, 0.7391263590838226, 3.0490952241385445, 0.0024599492125813183
0.3004780425093154, 0.24199730142241901, 0.555622265891963, 0.7391483655433116, 3.04910731556525, 0.002388968454547949
0.3004504014707504, 0.24198411448450002, 0.5556668379984185, 0.739145003175948, 3.049091843627481, 0.0025622493202204473
0.3004730369478631, 0.2420016114360894, 0.5556257490956995, 0.7392051853070526, 3.049099148522769, 0.002473244476803161
0.3004720188466303, 0.24200006980741923, 0.5556424417867204, 0.7391111033240775, 3.049108756679452, 0.0025262603126202867
0.3004720352355383, 0.24198834186402257, 0.5556478040592532, 0.7391764635629002, 3.049056904751833, 0.002564669505913399
0.30046323372565575, 0.2419951590543968, 0.5556354172101897, 0.7391517099137608, 3.0491210511927895, 0.0024375753781236053
