0.377107638313671, 0.15446066833868322, 0.6980690600207411, 1.0300456859398597, 2.9414127036891577, 0.03040351706180019
0.37709235837874144, 0.15446792886464691, 0.6980759250597343, 1.0299780872761695, 2.941447264895423, 0.030414109739244657
0.37710303537192935, 0.15446160951039958, 0.6980781373370067, 1.03003892346365, 2.9413909266984906, 0.030425223288944144
0.3771049003787043, 0.15447786185430326, 0.6980598011700477, 1.029947442865212, 2.9414718788006056, 0.03038175976253818
0.37711011654405885, 0.15446402102332737, 0.6980677537105427, 1.030015530095765, 2.9414405974226163, 0.030397551231066938
0.37709213409616266, 0.15447512492116441, 0.6980734103311899, 1.0299849865235544, 2.9414697393519553, 0.030392700402972053
0.377095370263496, 0.1544643385700563, 0.6980691346682716, 1.0299608764152872, 2.941453222196124, 0.03041279892886995
0.377088759623723, 0.1544443925038542, 0.6980795841675026, 1.0300599994513238, 2.941397210922879, 0.030393682194565497
0.3771002357957396, 0.1544787399642465, 0.6980690600207411, 1.0299932791548363, 2.941431664290179, 0.03040468797771162
0.377113466680334, 0.1544726881259375, 0.6980539722029883, 1.0300217045935798, 2.9414596920681304, 0.030350474593402923
0.37709696126536546, 0.15446698785142032, 0.6980668478190108, 1.030073403175793, 2.941438641238169, 0.030393573208134333
0.3770829420890115, 0.15446461005396844, 0.6980850929940136, 1.029965531905514, 2.9414695089222516, 0.03047537877336026
0.37708893655338116, 0.15446519880372767, 0.6980849915802596, 1.0299388769993658, 2.9414469269146117, 0.03044492255448406
0.37710247119584267, 0.15446215172408673, 0.6980655310301259, 1.0300635226916668, 2.9414696333180155, 0.03039694653749018
0.37711596313250073, 0.15447001084589407, 0.6980642383347573, 1.030071815379167, 2.94143182929153, 0.030408304266124963
0.37710312212835584, 0.15445250322590798, 0.6980737160248941, 1.0300466855184383, 2.9414158650493896, 0.03042882980051732
0.37710494740556283, 0.1544733218566867, 0.6980596769817361, 1.0299735851666951, 2.941493867542065, 0.03034462378700415
0.3771007666106615, 0.1544598367292118, 0.6980737374014856, 1.0299702882278081, 2.94142138508824, 0.03040864755944336
0.3771030954718598, 0.15446169371694954, 0.6980712797482892, 1.0300092320403267, 2.9414217980158996, 0.03037782263186018
0.3771039371629338, 0.15446970419579464, 0.6980690600207411, 1.0299753819568915, 2.9414373235235667, 0.030403519385079708
0.3771022551413685, 0.15446058033125745, 0.6980712370468574, 1.0300214320434389, 2.9414597511985208, 0.030417725892369768
0.37710594573464834, 0.15446810509503295, 0.6980654188799391, 1.0300047449111414, 2.9414688648139857, 0.030376533890193475
0.37712470741824033, 0.15449811589601198, 0.6980458587183774, 1.0300036107376465, 2.9414626197970692, 0.030326502261460938
0.3771008398124203, 0.15445481985144152, 0.6980814551807427, 1.0300185216567292, 2.9414503619532586, 0.030474226272836576
0.3771058477366209, 0.1544652703829714, 0.6980622024295826, 1.030033903788868, 2.941437668707575, 0.030356818971275696
0.37708744178987036, 0.15446540529331018, 0.6980838188134981, 1.0299789311594678, 2.941450610421711, 0.030439782779097188
0.3771040263452362, 0.15447111569173907, 0.6980770691263777, 1.0299707611197957, 2.9414219896229863, 0.030476238640017406
0.37709569545813526, 0.15446272315165183, 0.698078217434713, 1.0300186110025817, 2.94145082355021, 0.030475161966273635
0.3770950343490509, 0.15446405146685485, 0.6980770871982407, 1.0300819880359, 2.9414044637381225, 0.030430688722313512
0.3770858703351019, 0.15445815743683386, 0.6980928852047809, 1.0300279342606207, 2.941419747904128, 0.030471296034425565
0.3770980048476366, 0.15447971756891285, 0.6980747341713777, 1.0299775336597785, 2.941444473185995, 0.030455919894877073
0.37710062283011786, 0.1544771875160794, 0.6980779611867178, 1.0300511260050118, 2.941429609439551, 0.030466524772716632
0.3770790567992493, 0.15445597795424112, 0.6980954975159169, 1.0299824942355824, 2.941400612910214, 0.030482395986887522
0.3770954415069931, 0.15445840123608245, 0.6980738493532258, 1.0300114821491488, 2.9414284327103615, 0.03042929422188579
0.3771072599392282, 0.15445855970652572, 0.6980699414840486, 1.0300585066339691, 2.9414536735674397, 0.03040208093953342
0.37709505060909415, 0.15447142150719617, 0.6980737054091323, 1.0299969589942637, 2.941444449267483, 0.030440037619399125
0.37709055988455226, 0.1544664555050779, 0.6980983913923544, 1.0299734375202145, 2.9414347584529037, 0.03044598978355292
0.3770771528476819, 0.1544555480859419, 0.6982757083877434, 1.0298706390463557, 2.941441254008073, 0.030508959903172563
0.37710389466631733, 0.15437880761598416, 0.698636361990695, 1.029973960627508, 2.9412512312994665, 0.030808802062273575
0.3771475367685931, 0.15433109243426105, 0.6990663062219402, 1.030116449961834, 2.941266433133152, 0.030851508260946344
0.37717348513382687, 0.15425924824163628, 0.6997099035807978, 1.0301205325439315, 2.9412320493066155, 0.03131332731374015
0.37719943940228334, 0.15412093859698422, 0.7005228470402161, 1.0302377582775804, 2.9412103407994, 0.03178141024443045
0.3772542348380907, 0.1540012103290114, 0.7014998111661105, 1.0301680313397197, 2.9410461431580006, 0.03247606464594801
0.377325039423464, 0.15383708207358185, 0.7025797098227122, 1.0303388646291312, 2.941053356865579, 0.03278922830231167
0.377325151238783, 0.153616248204996, 0.7038553820859341, 1.0305661971069173, 2.941018568003537, 0.033286527439151135
0.37735513586762487, 0.15340378820529108, 0.7052995707893184, 1.0306526202653798, 2.940925043909068, 0.03394963650189945
0.37746863574920847, 0.1531876342154666, 0.7068162346866098, 1.0306608579853573, 2.941035852522696, 0.034398994448312875
0.37752277133564893, 0.1529081779600349, 0.7087091278533292, 1.0307559856166941, 2.9406554540630645, 0.035778060293830106
0.3776323611688932, 0.15264593243042568, 0.7105993019619669, 1.0310279445919015, 2.9405362980269727, 0.0366609137949952
0.3777074556194787, 0.15234345266264587, 0.7126389266698888, 1.0310461982036558, 2.9405105004594136, 0.03748400069513979
0.37776244220972466, 0.1519995033659692, 0.7147956637351597, 1.0313436943309078, 2.9403326180848963, 0.038526372402503305
0.3778421437697702, 0.15171279123639173, 0.7168279203425512, 1.0314919554699407, 2.940034957254066, 0.03971789483150256
0.37791279998116617, 0.15145342948513954, 0.7186141586216749, 1.0314702839679206, 2.9401091314586254, 0.040446512201014806
0.3780154204285113, 0.15120720128620713, 0.7202469449208717, 1.031698643374295, 2.939898293244941, 0.04118635020488642
0.3780762047848414, 0.15099617862535655, 0.7217675448297756, 1.0318843000826616, 2.9397185366999903, 0.04210049745413115
0.3780631884199748, 0.15077153219626888, 0.7231712586049115, 1.0319716140844535, 2.939656043506577, 0.04286872900744361
0.37811194154845384, 0.15058366474439094, 0.7244257490561967, 1.0319102893525813, 2.9393977309077752, 0.043911605180415356
0.3782098707766101, 0.150465769476037, 0.725371212880798, 1.0320929077463694, 2.9394457200137865, 0.044141126705089864
0.37822979735829015, 0.15032710540806127, 0.7262627445674285, 1.0321069978681015, 2.9393849139284565, 0.044545586130806364
0.37830261768166296, 0.1502472589189948, 0.7269404870231785, 1.0321714997324587, 2.9393245950369367, 0.04491906232265492
0.3782662954460868, 0.15010609756953774, 0.7275522587710239, 1.0322257100981564, 2.9393507115360933, 0.04508230468964863
0.3782904635439466, 0.150068082084081, 0.7279679286301289, 1.032081505668204, 2.9392657807502496, 0.045585625346677455
0.3783036453094836, 0.1500391201274054, 0.728167859006943, 1.0322669157099802, 2.939268740000486, 0.04549590409332767
0.3782910824471206, 0.15001702407608203, 0.7282469763296169, 1.032174301622844, 2.939361453912493, 0.04548769730417837
0.37832067795364216, 0.1500220870700543, 0.7282360626679851, 1.0321607791831524, 2.9393791592220837, 0.04545501106163127
0.3782824143331288, 0.14999888795894317, 0.7281985985270182, 1.0322344283235594, 2.9396170795152488, 0.044879169905268065
0.37817092976372235, 0.1498914437784029, 0.7281463766353008, 1.0324735339600477, 2.9400771558076144, 0.043718992485719345
0.377867326707696, 0.1496728280957559, 0.7281183721327352, 1.0327227936075407, 2.940898804600018, 0.04192459003785494
0.3774440971676784, 0.14937681185126345, 0.7280445883778073, 1.033137376262274, 2.9421927556181524, 0.0391619784613423
0.3769396141599357, 0.14900111789233889, 0.7279094311306126, 1.0338425429730347, 2.943856721759962, 0.03534922336058065
0.376328423267396, 0.1485390806917576, 0.7277717131580653, 1.034449642232797, 2.9458402555067646, 0.030915075696393617
0.37557202735841017, 0.14800863731981587, 0.7276279621890923, 1.0351457758145313, 2.948236573898919, 0.025809572990720283
0.37473954527484643, 0.1473882608965154, 0.7274030126306732, 1.0361496670939405, 2.9510536108068073, 0.019420855497713076
0.3738088217199385, 0.14670968724513272, 0.7271651746961, 1.0371248440848786, 2.9541527300183743, 0.012508916874881985
0.3727546370567743, 0.14593188496116402, 0.7269272196725152, 1.0383279151313667, 2.9574772370436193, 0.004883463530962515
0.37152245571953857, 0.1450262187385299, 0.7266980261884045, 1.0395320554498382, 2.961130023669094, -0.003633267505349903
0.3702475703522666, 0.14412142629376232, 0.7263965292128507, -1.0401256023135927, -2.9632378777746884, 0.0129025710016259
0.36880807328774107, 0.14306565808057234, 0.7261027206110734, -1.0384222814690602, -2.9588260849707164, 0.02288995491109482
0.3672550756611387, 0.1419024558722421, 0.7257178625063184, -1.0366724502873874, -2.9537734231548387, 0.03460779184265874
0.36561005771825655, 0.14069620840776104, 0.7253493132870551, -1.0346955547463241, -2.948514558398664, 0.04641298239230184
0.3638833891255481, 0.139422790498842, 0.7249827717104542, -1.0327316351286249, -2.9430079627121506, 0.058573148270507386
0.36201544611420877, 0.13807008440185134, 0.7245252807179265, -1.0303755777166335, -2.9366788525920264, 0.07208182682074263
0.36004646251162137, 0.13661881805002854, 0.7240944748301728, -1.028038589410364, -2.9303000528410657, 0.08598430926177138
0.3579576142814128, 0.135097273398504, 0.7236371210590142, -1.025408333033704, -2.9233922703455923, 0.10049270645726555
0.35575169436536846, 0.13346508111807992, 0.7231471342756692, -1.0226515818657367, -2.9160276191791725, 0.1160348097641744
0.3534611705328619, 0.13178832019204398, 0.7226189959507698, -1.0198365973024226, -2.908263488230629, 0.13223595695779003
0.35106270786019617, 0.1300514904303694, 0.7220923769975232, -1.0169505257253428, -2.8999163573429567, 0.1486296713407882
0.3486993270476261, 0.1282936870696688, 0.721551240729173, -1.0139574836289962, -2.891733658800249, 0.1651837511059844
0.3465062409665377, 0.1266810483791847, 0.7210898917705747, -1.0111176049272919, -2.8842276543203313, 0.18009806829311278
0.34445237116425953, 0.12517285701852504, 0.7205942588940197, -1.0085421009186606, -2.8767756709799857, 0.19436015601532708
0.342493757257932, 0.12373833415809896, 0.7201381579033221, -1.005854584631682, -2.8698179199711156, 0.20787473247643135
0.34060047935606985, 0.12235902148528387, 0.7197819472665393, -1.0035450193566948, -2.863285285816682, 0.2199750465971803
0.33896040881413153, 0.12116181718708693, 0.7193220223530848, -1.0011702155067272, -2.857032463752858, 0.2319364087275782
0.33732061020414195, 0.11994083669778696, 0.718948976747474, -0.9989075816372598, -2.851127597247499, 0.2430950894461434
0.33581768097094855, 0.11885706369275892, 0.7186257492545322, -0.9969861388288953, -2.845611734489284, 0.2528076614036734
0.3344279826882335, 0.11783885950162265, 0.7183184202880355, -0.9951479543589465, -2.8405890637326427, 0.26214515315529197
0.33315707274693956, 0.11690729985537011, 0.7179930779835103, -0.9934136676736083, -2.835698802720323, 0.27098579198049627
0.3319774097812843, 0.11602417876624663, 0.7177223952178409, -0.991777646652522, -2.83134763373289, 0.2790598795039948
0.3309237769555648, 0.11524978120892924, 0.7174926436255238, -0.9904064015590022, -2.8274653311812723, 0.2859764048560692
0.329947905695084, 0.11454542260695996, 0.7173041936087527, -0.9890957090515968, -2.8239741134954075, 0.29201801754258655
0.3291545366884848, 0.11396465958157163, 0.7171159076728272, -0.9880916840691913, -2.8208694726987478, 0.29732354245997344
0.3284296115334598, 0.11343552970452485, 0.7169463889148867, -0.9869576460433439, -2.8181851438265055, 0.30214186302735485
0.32786315139364125, 0.11300784127720383, 0.7167989519968099, -0.9862213405115321, -2.8159324255898617, 0.30609259611430734
0.32735341468289303, 0.1126616795723158, 0.7167056810853751, -0.9854768112330186, -2.814138669759256, 0.3090969786284544
0.32701409473863935, 0.11240229648992012, 0.7166164943939661, -0.9850726322207619, -2.8127418022067543, 0.31139125816680235
0.3267128744626626, 0.11217816572120662, 0.71659275760156, -0.9846395637290999, -2.811862364782416, 0.3130798788033182
0.3265357755596937, 0.1120570880927746, 0.7165357207459351, -0.9844073696844584, -2.8110444545600823, 0.31432052449049297
0.3265007135979525, 0.11203693618297954, 0.7165352345714286, -0.9843614581403921, -2.8109361550370524, 0.3143950747168958
0.32650634411491114, 0.1120449464679007, 0.7165163577828995, -0.9843216482007285, -2.810884258604283, 0.3145364273579333
0.3264269720631796, 0.11208434726389753, 0.7165391713967908, -0.9839048923329834, -2.811142253191874, 0.31456897594876426
0.32623460350686734, 0.1122571580775775, 0.7165427995849517, -0.9827900359270167, -2.8114774668484253, 0.31468188046299467
0.32589990312869077, 0.11256410441116234, 0.7165639595455635, -0.980814856618571, -2.8121832819924184, 0.31468896319972545
0.32545644123381107, 0.11296747031555156, 0.7165915310984758, -0.9782312725687811, -2.8130575254005326, 0.3147249078030666
0.32488721130950937, 0.11345569804812371, 0.716641585595175, -0.9750627870921763, -2.8141788806897883, 0.31469745739497923
0.32423535399749115, 0.11404532695979383, 0.7166743773236847, -0.971181519260625, -2.8154582926030938, 0.3148192159282641
0.32342986512989863, 0.11473359005947814, 0.7167230796967242, -0.9665908780881912, -2.8169939068659957, 0.31489776893136556
0.32251366342880583, 0.11552914297392829, 0.7167966219532979, -0.9613713367667934, -2.8188428865762014, 0.31493489371176914
0.32145869291314144, 0.11648054269361946, 0.7168505198488723, -0.9551076770824727, -2.8208843997454034, 0.31514280565306424
0.3202987315336844, 0.11747063023223425, 0.7169308982273613, -0.9485592515807508, -2.823017791449728, 0.3151590051276922
0.31898216433473364, 0.1185758120585055, 0.7170385975823671, -0.9410249561184011, -2.825630600688199, 0.31522685297871644
0.3175259853493375, 0.11987463092653823, 0.717139705218546, -0.9326278269340101, -2.828311660855254, 0.315234535055225
0.3159960974651082, 0.12117805020390832, 0.7172572976238407, -0.9237986985441284, -2.831236373451746, 0.31532098190014357
0.3143755549292401, 0.12264632127437097, 0.717345446260954, -0.9141236020117917, -2.834435490231986, 0.3154996044340896
0.31258896118437823, 0.12419773960844949, 0.7174672428774398, -0.9038387494193033, -2.837508320227121, 0.31554889801935215
0.3107221393617516, 0.12585633772766142, 0.7175754615404764, -0.8929445707337637, -2.8409754239168223, 0.31583011378306497
0.30870097716627026, 0.12761149485273557, 0.7177190595537902, -0.8811797091099179, -2.844632177163785, 0.31580606892892976
0.3065846779875436, 0.12942419262646004, 0.7178871019579062, -0.8689523636233877, -2.848491422657859, 0.3159416293519889
0.30434627821442506, 0.1314070722754614, 0.7180262391518408, -0.8557707283768348, -2.852440880311686, 0.31602153774660247
0.301975153115396, 0.13352826070870047, 0.7181778494351686, -0.8417847592034663, -2.8565598213740797, 0.31630994510986626
0.29935754837426154, 0.13578524789394597, 0.7183568751360188, -0.826558610659087, -2.861012793452508, 0.3163081212816864
0.2967676215384952, 0.13809095939171723, 0.7185009851468517, -0.811143049743062, -2.865185718292432, 0.31657615295079056
0.2940388199779621, 0.14047759093184958, 0.7186907713372607, -0.795100619221347, -2.8698101566472847, 0.31674287768327364
0.29117856840511913, 0.14293604405642654, 0.7189187417488435, -0.7784775697805828, -2.874487018665586, 0.3166322042250832
0.28818724673803353, 0.14550599539126394, 0.7191343537201422, -0.7609569589697172, -2.8791737767000587, 0.3166601216666925
0.2851861131228789, 0.14816484553495005, 0.7193312414262673, -0.7432087732676987, -2.8838129508842405, 0.3167462433297401
0.2821953939975646, 0.15080544922910255, 0.7195093005803702, -0.7254348737601418, -2.888277149918695, 0.3169684010850556
0.2791852931905337, 0.1534673157028802, 0.7196862471358225, -0.7074276704066291, -2.8926437799213502, 0.3171989354537368
0.27616115711574785, 0.15607784378310574, 0.7199389945049021, -0.6897473739476399, -2.8970860536982683, 0.31684496204314105
0.27317569704220523, 0.15872464478550857, 0.7201191956597869, -0.6719429921391187, -2.9012442789507973, 0.3170146281085687
0.2701386861744755, 0.16137500984409836, 0.7203303306768835, -0.6539036979745995, -2.9053846524991016, 0.31703004620665354
0.26713638220085334, 0.16393100287700202, 0.7205442117484683, -0.6362022542642789, -2.9094001644827734, 0.3170522564867756
0.26402896701534573, 0.1667465898598485, 0.7207237284333331, -0.6174452930005538, -2.9133828586153534, 0.3170893084092662
0.26103356619394075, 0.16933357764535426, 0.7209328353704807, -0.5995212803816141, -2.9173534991182817, 0.31723829856456415
0.25802229310603303, 0.17198394242458012, 0.7211400466801142, -0.5814687121578689, -2.921105709892091, 0.31706476760253216
0.2550046361193897, 0.17464394037602562, 0.7213385977017672, -0.5635984143790963, -2.924519617769866, 0.31699935669448054
0.2520183310506407, 0.17723883996322456, 0.7215529948181222, -0.5457074217729301, -2.9280515764686026, 0.3168138886605047
0.24899374211355166, 0.17985467366455604, 0.7217549085530768, -0.5278085495134854, -2.931362970767993, 0.3168289695710713
0.24598015555214095, 0.182437895014477, 0.7219733824817013, -0.50981283389524, -2.934686812780769, 0.31685985942622635
0.2430004183647267, 0.1851189792280664, 0.7221537837233245, -0.49142512858923443, -2.937930926947373, 0.31690412451323313
0.24000127317225137, 0.1877742805823889, 0.7223415066123507, -0.47357703791137684, -2.9408810656492506, 0.3168271436108658
0.23698010918218637, 0.19038991470040187, 0.7225634680124883, -0.4553572475578631, -2.9439216294758586, 0.31653868194647233
0.23395397341643837, 0.19302468095851255, 0.7227505193950503, -0.43717377309705513, -2.9467298490231313, 0.31669428839451413
0.23097521890144487, 0.19564666512805456, 0.7229680024920211, -0.41900534569554226, -2.94975520751446, 0.31647895746170795
0.22795614818204443, 0.19830346372467456, 0.7231526269957546, -0.40081156106464527, -2.9522787340341603, 0.31642116438104634
0.2249519217840617, 0.20090832151501437, 0.7233653571893575, -0.3829309952648336, -2.954871397213005, 0.3162542422972223
0.22180120107742243, 0.20367267400185765, 0.7235654314581546, -0.3639032818720872, -2.957305756537334, 0.3160429258009923
0.2188377857716757, 0.20633440247251839, 0.7237127916388617, -0.3456751437541658, -2.9598240602104977, 0.3163024998134513
0.2158111342245454, 0.2089533310091245, 0.7239404956148144, -0.3275410748417374, -2.961923492291815, 0.31591148346734454
0.2128045934460681, 0.21156832725102853, 0.724154324727739, -0.30933278005970527, -2.964101147616537, 0.31573647613395983
0.20979017944462772, 0.21419372201968687, 0.7243697924198067, -0.2909854842093061, -2.9661427359096106, 0.3154890499784397
0.20678104181878942, 0.21680386186009848, 0.7245555400491167, -0.27273004387046784, -2.9679987444988836, 0.31537275643272433
0.20377468592399037, 0.21939280866236363, 0.724776911731596, -0.25491868898444364, -2.969832911668676, 0.315063514139005
0.20074624666815913, 0.2220196262578361, 0.7249990953079763, -0.23654332969495584, -2.9715425811949534, 0.3146979194361837
0.1977457613418074, 0.2246261105421958, 0.7252174446937149, -0.2180540728124494, -2.9731649449851676, 0.3143354967876174
0.19477302745631447, 0.22726246496934707, 0.7254083463568699, -0.20001860953744763, -2.9745853943921343, 0.3141602097380926
0.19176519760713875, 0.22990422136920916, 0.7256096171064744, -0.18171444913589518, -2.9761268248205512, 0.3140059898298681
0.18874317874963373, 0.23252827173038015, 0.725831765920235, -0.16351563454562912, -2.977320960144948, 0.31356634973224007
0.1856262873519903, 0.23528955932651047, 0.726030784117075, -0.14419986824520334, -2.9787345811924757, 0.31334870742575893
0.1826120677642349, 0.23789327101302224, 0.7262317421615064, -0.1259982541375133, -2.9796186958244517, 0.3130462356625269
0.17958363685436482, 0.24050134867363715, 0.7264528863695796, -0.1076787278115581, -2.9805347074493467, 0.3125547315052407
0.1766108201261798, 0.2431623181579684, 0.7266280058202542, -0.08961330729646332, -2.9813107464543234, 0.31242184538724416
0.17361304024999627, 0.2457908844393032, 0.7268357878731617, -0.07128929512440016, -2.982202890925762, 0.3120501115251088
0.17059568193706443, 0.24843825437022896, 0.7270322131419095, -0.05290300731331403, -2.982855068290716, 0.3117913705203703
0.16757889084635225, 0.25107476135577883, 0.7272383571890817, -0.03444392280154516, -2.9833201827807514, 0.31140834758816804
0.16458512738417858, 0.2537076489373023, 0.7274321875554648, -0.016203658664645678, -2.9836910024956604, 0.31107004543050604
0.1614577100536983, 0.2564489170817878, 0.7276393877140211, 0.002818449474805121, -2.984134308684537, 0.3107833567116404
0.15855257815181578, 0.2590190351325499, 0.7278367955256636, 0.020732553329868866, -2.98429997948689, 0.3102981718171154
0.15573357635112187, 0.2614639494792295, 0.7280254688139124, 0.037887997339798335, -2.984356979193791, 0.3098782364309135
0.1530471558494332, 0.2637933765582223, 0.7282137019213027, 0.05417710494235865, -2.9844905523555174, 0.30955374723228885
0.1504855779009216, 0.2660059479539219, 0.7284106356175389, 0.06961607898968167, -2.9844295918691706, 0.3090944257441687
0.14806382756551845, 0.26813801594286313, 0.7285588433785082, 0.08474206881190176, -2.984250486676861, 0.3088139088228555
0.1457439797607377, 0.2701705293409549, 0.7287121953720828, 0.09869996221721244, -2.983980802533639, 0.30848115473718424
0.14353652266734673, 0.27212490785483934, 0.7288500146677073, 0.11233096448891694, -2.983744602477077, 0.3081757853995934
0.14150099964753288, 0.2739064169488092, 0.7289964638452866, 0.1247399830613537, -2.983572427485623, 0.30784024424843015
0.13950438956109143, 0.27560575305320834, 0.7291486971407054, 0.1368548653554137, -2.9832167450736433, 0.3074044476990754
0.13767030292450513, 0.27725648727876234, 0.7292499038119158, 0.1477949882139765, -2.982944264024012, 0.30721713935398987
0.13596373230318134, 0.27875415416387556, 0.7293488511409318, 0.15853085547635792, -2.9825392250444236, 0.3070501668120151
0.13430686954450585, 0.2801872607470844, 0.7294700257254106, 0.1685889382440164, -2.9822149671240514, 0.3068034806566695
0.13282283288138058, 0.2814919790470173, 0.7295638176076765, 0.17748691995402732, -2.981734620846533, 0.3065116854201138
0.1315156682496672, 0.28266426614239903, 0.729653312113084, 0.18555141346701517, -2.981484992780613, 0.30632537659984144
0.1302439571496203, 0.28373973693692717, 0.7297394069513412, 0.19315226442361108, -2.981174070874202, 0.3061819001401792
0.12916995882598734, 0.2846600553614313, 0.7298402664974334, 0.2000587695051329, -2.980892527189576, 0.30579343855904106
0.12816275870031507, 0.2855562297557779, 0.7298937546296417, 0.20604086249041698, -2.9805527201550115, 0.30571213055548024
0.12728007986539414, 0.2863553566186091, 0.7299241185396355, 0.2115556007896022, -2.9801836497117993, 0.3056592421708762
0.1265469940025877, 0.2869356920662332, 0.7300173466899977, 0.2158394057472441, -2.9800058444275495, 0.30534368229001535
0.12593429569888887, 0.28749498426355813, 0.7300466011348624, 0.2197051646730901, -2.9798087499613244, 0.30530891550046485
0.1254447338090317, 0.287952805672805, 0.730076681910549, 0.22271676191266407, -2.97965681077894, 0.3052268645794119
0.12503344484221623, 0.28832563158835006, 0.7300945887211059, 0.22521119779693108, -2.979461134211674, 0.30520643077426735
0.12477264448235896, 0.28854634273913055, 0.730112144327833, 0.22687368185364068, -2.979388580315885, 0.30517170474767635
0.12463567178948942, 0.2886801264248582, 0.7301123917556979, 0.22767654775570095, -2.9793596480238453, 0.3051995676226252
0.1245929874712091, 0.288696718177476, 0.7301239214776682, 0.2279470388251656, -2.979351851869992, 0.3051373535195566
0.1245852207267622, 0.28868808271682467, 0.7301423718558565, 0.2280076177967692, -2.9793699919565695, 0.30503333823213347
0.12461275810213746, 0.2887920826715626, 0.7301556178649397, 0.22802994957664027, -2.979580123446204, 0.3044458904565487
0.12467481278291923, 0.2889697922842366, 0.7301923324711564, 0.22830871811518763, -2.980501642948186, 0.3035370858387444
0.12477208402944079, 0.2893082921229794, 0.7302578407129916, 0.22841854899729702, -2.981665253126441, 0.30156176616405683
0.12492253392853649, 0.2897019348730254, 0.7303509421404086, 0.22879070729065296, -2.9835647966743633, 0.2991865371648999
0.12512715586896825, 0.2902170308794835, 0.7304719363994865, 0.22895914495349842, -2.98588159606493, 0.2959152928782592
0.12539280320246085, 0.290794065197812, 0.7306347012758637, 0.22924199959912783, -2.9887261019552054, 0.2920233480012943
0.1256941833342411, 0.29156840918276367, 0.7308184378967667, 0.22949967691123377, -2.991926805042821, 0.2870608309968656
0.1260345426958427, 0.29240503125247574, 0.731053683635092, 0.22996574052598998, -2.9958731333853037, 0.28141592967254897
0.12640392034681594, 0.29340658358368343, 0.7312644972437771, 0.2304508341927791, -2.9999710785977007, 0.27539194847892307
0.1268440604225476, 0.2944044742257409, 0.731522026187322, 0.2308450372027962, -3.0048490782084287, 0.2688263025389053
0.12731427761942363, 0.2956162936632154, 0.7317909074533354, 0.23147231002952778, -3.0101236193986907, 0.26137876930607085
0.12781229728922042, 0.296917879003293, 0.7320983351921232, 0.23203848890496842, -3.0155841067190035, 0.25313765606421285
0.1283887008952678, 0.29828189556584767, 0.7324212521206448, 0.23253696109164435, -3.0218200902349275, 0.24438928427719683
0.1289612752573415, 0.29979140261347176, 0.7327963619742164, 0.23344863961062295, -3.0282008895683568, 0.23454660373220018
0.12960328510696845, 0.3013700365223286, 0.7331738901300885, 0.23445261598919098, -3.035181519676197, 0.22435022839263216
0.1303160244925465, 0.30317749756024776, 0.7336012497072655, 0.23546854588517896, -3.0430835137655547, 0.21274837016015252
0.13106006251491054, 0.30500065736990617, 0.7340462631698036, 0.23620850424729264, -3.0510077379718656, 0.20074066246919367
0.13181200914012053, 0.3069497138572257, 0.7344997445202467, 0.2367685009317316, -3.059214431732206, 0.18820784649316064
0.13262604279761667, 0.3089929790290146, 0.734988305983602, 0.2380464105347275, -3.067766212046095, 0.17467859933214364
0.1334708290229753, 0.31114124561254286, 0.7355248809551694, 0.23899393493029558, -3.0769665304403895, 0.1603224180575175
0.13437177160239241, 0.31337712164367937, 0.7360455374713699, 0.23974416929286005, -3.0863515115686635, 0.14558838694938894
0.1352135071529703, 0.31549713052108225, 0.7366071405928606, 0.24084665059921853, -3.095213028845755, 0.13089152643561713
0.1360344069082602, 0.3175136663552086, 0.7371101276248252, 0.24178685959496732, -3.103736042737413, 0.11714296784711171
0.136824712595347, 0.3194603908536095, 0.7375642304064067, 0.24258505118384102, -3.111735072068571, 0.1040723036729117
0.1375473863740672, 0.3212831638570182, 0.7380047448821313, 0.24354685815217444, -3.119251541922673, 0.09155120306080498
0.1381986167196549, 0.3230269374533692, 0.7383823584191794, 0.24441572086061641, -3.125864445027743, 0.08002490281776631
0.13884559076297698, 0.3246316176036574, 0.7387819642768065, -0.24483344451539804, 3.1300656318992592, -0.06886638616239871
0.13945078759126428, 0.32612696916688283, 0.7391288584357641, -0.24459049867319158, 3.1244084745759424, -0.05848050779969492
0.14002899429196633, 0.3275982320708457, 0.7394626508015851, -0.24451112923953702, 3.1189162557700567, -0.048373989106888865
0.14053591869729878, 0.32884779588196705, 0.7398034377451779, -0.24448122382579454, 3.1140565987962137, -0.03918931169222883
0.14098556454705896, 0.3300670723170906, 0.7400509813496453, -0.24413836401574526, 3.1097677641301122, -0.031198748044845865
0.14141713119261862, 0.33111451804648706, 0.7403282483927516, -0.24381060236481447, 3.1056744257241355, -0.02361527874351146
0.14179309147485875, 0.3320714547959957, 0.7405408181315873, -0.2439149313170316, 3.1020416149509793, -0.0172363807942631
0.14212545192183793, 0.3329119183796767, 0.7407437226072433, -0.24369767030773729, 3.098893572604886, -0.011377101177180295
0.1424218826975509, 0.3336138977049938, 0.7409045686726755, -0.2436465306070785, 3.0959677832403174, -0.006674484333643186
0.1426852243891944, 0.33426283349191976, 0.7410345112417557, -0.2435793070743887, 3.093494186098472, -0.0024353840129364606
0.14288089827108633, 0.3347827137147425, 0.7411471387216483, -0.2432813658921055, 3.091568564078952, 0.0009594271797188323
0.1430543674959663, 0.335195902284855, 0.7412735705851053, -0.24334414393746684, 3.089877507604831, 0.004105742785920259
0.1431672716277271, 0.3354965465225173, 0.7413492620083878, -0.24349361604519712, 3.088806345302671, 0.006221725337216795
0.14323933931687674, 0.33571452873940527, 0.7413953767554048, -0.2434428896132212, 3.0879704253160085, 0.007628892636681367
0.14327071004073896, 0.33575203028230594, 0.7414203138884616, -0.24330653987190942, 3.0876666230275713, 0.008078461031938275
0.1432747498118814, 0.33578815727465067, 0.741408079834197, -0.24332194927520345, 3.087649918501466, 0.008111574311551179
0.14331856850418986, 0.33577631326962404, 0.7414048297345585, -0.24314953898009523, 3.0876200536566616, 0.008170370639512547
0.14352556111610007, 0.33579257176142496, 0.7413293428762388, -0.24223234675210423, 3.087775735858269, 0.008039931831252968
0.14384467540045, 0.3357210394967051, 0.7412281561044178, -0.24080737712939643, 3.088043197855937, 0.007780089948269627
0.14432300005784757, 0.33553549535538374, 0.7411651037614235, -0.23845227558839727, 3.0885184688712974, 0.00816138791060607
0.14499634071784356, 0.3353072472531185, 0.7409979842495874, -0.23531985201767275, 3.0890827786496957, 0.007869459294443609
0.14579188208724028, 0.3350325637030082, 0.7408236570485601, -0.23161606543435215, 3.0897846714044026, 0.007779833846818555
0.14671409062951626, 0.33480165939531376, 0.7406019431619535, -0.22742367212005787, 3.0905298662251752, 0.007793198026555924
0.1477686974156573, 0.3344863883069124, 0.7403163304326236, -0.22243902558065737, 3.091705375406488, 0.0074395356147017
0.14900967609486632, 0.33405834265318357, 0.7400793557900415, -0.21670311012542565, 3.092575566170709, 0.007587109610967785
0.15041041201936864, 0.3336528908395547, 0.739745783694244, -0.21002493888843837, 3.093953241939395, 0.007464715730059464
0.15191669340619965, 0.333202162287975, 0.7393815820233928, -0.20305335494464702, 3.0951872107721194, 0.007239274158939172
0.1536375903367195, 0.3326669918051891, 0.7389898647574002, -0.19492284392604714, 3.096681101106388, 0.007037512305657721
0.1554576124517457, 0.33213596152954583, 0.7385463937018942, -0.18637174316301697, 3.0981139025155744, 0.00676154350363004
0.15743441623000062, 0.33151912889682233, 0.7381131718167171, -0.17707934487118626, 3.09981080399335, 0.0068686232932578285
0.15954973954291998, 0.3309096680489345, 0.7375781830311684, -0.16710929062889568, 3.101602183808361, 0.006355638365868185
0.16187699706892025, 0.3302211225129053, 0.7370819887055656, -0.15624348804908547, 3.1032015230876557, 0.006517780534591055
0.16438507202103342, 0.3294485977033322, 0.7364787962926721, -0.14445620290946096, 3.1051821730226785, 0.006087068361394996
0.1669844275744402, 0.3286600638804911, 0.7358835884461817, -0.13215249547098482, 3.1072936395666506, 0.005998497206108532
0.1696956420258954, 0.32784424637774456, 0.735226793850684, -0.11937324697523963, 3.1093675637295344, 0.005597920597967086
0.17259287892982736, 0.32697443040679647, 0.7345486858441812, -0.10564370263359756, 3.1114049103735026, 0.005238130375133822
0.1756421801344069, 0.3260232516187988, 0.7338809052668462, -0.09132684133888652, 3.1132955107707927, 0.005198354393199955
0.1788308456785903, 0.3250872266483477, 0.7331219372275926, -0.07615567141037097, 3.1155644125619273, 0.004858152950092245
0.1821716163929121, 0.32409092450587584, 0.7323415152053548, -0.0603950105515287, 3.1175856627961163, 0.0045493620866080735
0.18562954116774244, 0.32300576977781975, 0.7315271414073152, -0.043863367313627714, 3.1199952802102433, 0.0040783143182623
0.18924393789417035, 0.3218832724228264, 0.7307487199843214, -0.0266721446889251, 3.1219787685040816, 0.004221054559992446
0.19295267801763255, 0.320717414419802, 0.7298867569079979, -0.008852113696551603, 3.124353239330498, 0.004035674364707038
0.19679636722230656, 0.3196170225148791, 0.7289592678233847, 0.009331787284552442, 3.126406955435203, 0.0034750823012121177
0.20035987137208036, 0.31858959440432255, 0.7281076596002357, 0.02628347935736183, 3.128278982426272, 0.002983660893532153
0.20377933125460393, 0.31752727266839303, 0.7273474790201618, 0.04252783500069059, 3.129848889774654, 0.0029039021883635855
0.20700063875198144, 0.3165430339990769, 0.7265838513370227, 0.05790289984710234, 3.1313867090291088, 0.002425955351367118
0.21006777700223303, 0.31560740451453106, 0.7258791563523058, 0.072678730929379, 3.132796740179062, 0.002239930060005243
0.2129888486775605, 0.31474229889477984, 0.7252204947700935, 0.0866622385071806, 3.134062880807103, 0.002352691691366077
0.21580796162068563, 0.31385764328890925, 0.7245444121075636, 0.10027513133778652, 3.135257725487632, 0.0017583760127497143
0.21841798256626527, 0.31306636648829217, 0.7239572550104088, 0.11275343517178227, 3.13624172331175, 0.001724323445622806
0.22091355470356197, 0.31233931711516344, 0.7233566270656682, 0.12485650676579071, 3.1370730243831533, 0.0012642952594862057
0.22329009141125558, 0.3116395135662348, 0.722800679824269, 0.13625824094771044, 3.137906028267964, 0.0011381187707674594
0.22551347753407178, 0.31098335249883163, 0.7222932515681412, -0.1468029731671602, -3.137522481487137, -0.0011739695960663952
0.2276097196256229, 0.3103548252682002, 0.7217949854522605, -0.15671117107682572, -3.136124166409514, -0.0008151682922204007
0.2294340616970427, 0.30980763816090295, 0.7213915051043721, -0.16547389639557006, -3.134519843689839, -0.0009470940398925384
0.23119226390129305, 0.3092680976360395, 0.7209732460518992, -0.17380222877844162, -3.133059471383608, -0.0006666544746831935
0.2327922142773798, 0.30880396760869805, 0.7206042748494378, -0.181331172858184, -3.131815171854493, -0.0006734586052745394
0.23418984368293858, 0.30837927304063006, 0.7202711128916903, -0.18797154104145505, -3.1306330687920187, -0.00043603938088873206
0.23550274589306663, 0.30796704010954684, 0.7199767966142456, -0.19425077455135858, -3.1294320818327, -0.00045078746182545024
0.23665626205093002, 0.30763062608880887, 0.7197114904941887, -0.19970869548002368, -3.1286987224799088, -0.00027993875824567705
0.23760841295384816, 0.3073131906282535, 0.7194911950299915, -0.20426529098988197, -3.127763423103173, -0.0001732153104661047
0.238454424332761, 0.3071298197088805, 0.7192764642790078, -0.2082144894740906, -3.1270304252206027, -0.00021803073043010388
0.23915254693133697, 0.3069142775986656, 0.7191095269820199, -0.2115034764152286, -3.126328092138249, -9.103689300179081e-05
0.2396985742702533, 0.3067608924194344, 0.7189834477108843, -0.2140024471074548, -3.1259458910947915, 1.2035229556119431e-05
0.24009838802853897, 0.3066496188365241, 0.7188812851816914, -0.21592084301072806, -3.125612735579365, 6.345084611353069e-05
0.24030928858662465, 0.3065679329199664, 0.7188428340275607, -0.21703498203660782, -3.1253746011639163, -1.968838715651979e-05
0.2403928248923041, 0.3065631559681697, 0.718816879948623, -0.21738579849627196, -3.125274731521878, 4.024129119899502e-05
0.24040508959463378, 0.306533378904105, 0.7188229665928366, -0.21751737547696173, -3.125272757404335, 4.37578707752551e-06
0.24041431802042254, 0.30657219242733047, 0.7188054969657058, -0.2174452140008051, -3.125308648525776, 3.838820101410473e-05
0.24042252323002788, 0.3065562904058227, 0.7188163982091341, -0.2175401763353523, -3.1253163880562997, -3.294187391919889e-05
0.24042178719764412, 0.30656957439974103, 0.7188153409750826, -0.21748386531949335, -3.1253159251985045, -7.43438162771017e-05
0.24042643015454854, 0.306581458115343, 0.7187958801879819, -0.21752000781477465, -3.125291725301974, 3.3396834874308457e-05
0.2404251366382486, 0.3065566528158189, 0.7188203588107661, -0.21755750412859584, -3.125295868908464, -6.21230114230535e-05
0.24042631707966913, 0.30658110075641176, 0.7188024991361369, -0.21750192939249083, -3.125303876043838, -2.0840977276059228e-05
0.24043873347576644, 0.30658486419218417, 0.7187900664870465, -0.21761148209571934, -3.125243875675388, 5.2029963703537686e-05
0.24043249633917085, 0.30656018210051367, 0.7188077621757117, -0.21759548192776998, -3.125293831875158, -3.0822701730598554e-06
0.24043522151756444, 0.30655194303935546, 0.7188144580128958, -0.21757775788098155, -3.125317327997181, -5.1097011022804254e-05
0.24041668342465694, 0.3065656784962511, 0.7188014274667685, -0.21751695246889544, -3.1252541058397183, 3.432898367577763e-05
0.2404332802408327, 0.306553004564345, 0.7188080265901843, -0.2175943011621855, -3.1252825207029598, -8.86296597206484e-06
0.2404240198223417, 0.30656901097621747, 0.7188035861718978, -0.2175182940433447, -3.125272701919458, 3.4318728692782663e-06
0.24042939533512356, 0.30656110584396873, 0.718814242724024, -0.2176689699607848, -3.1252651585914997, -7.310355601748323e-05
0.2404281926969422, 0.306567505524463, 0.7187980949852844, -0.21751772837242925, -3.125265424091107, 3.9604948416570196e-05
0.24043373595875714, 0.3065966016969354, 0.718784488201975, -0.2175355222787616, -3.1252419875646513, 8.765014092692198e-05
0.24044951709206241, 0.30656982243857694, 0.7187890061485676, -0.21764968853903333, -3.125260402721713, 8.152222044144454e-05
0.24044052268603341, 0.30656212589246573, 0.7187950269021013, -0.21766839728342716, -3.1252549136952803, 3.976209864645531e-05
0.2404450593888959, 0.30657649369122525, 0.7187924087639904, -0.21763058719974943, -3.1252495566124434, 1.686138988610059e-05
0.24043371434362149, 0.30656922662793384, 0.7187980081195531, -0.21761222120293225, -3.1252589874733165, 3.914074776727229e-05
0.24043372026027848, 0.30654785462044865, 0.718804618185041, -0.21770437488119845, -3.125241076994377, 3.434002589542764e-05
0.24043513305260136, 0.3065607411977394, 0.7187969673457495, -0.2176304441645366, -3.125254000957946, 5.7589842514119926e-05
0.24042767439263593, 0.30656614487677514, 0.7188035861718978, -0.21759392397386199, -3.1252674372007903, 3.6003480644051015e-06
0.24044721035417954, 0.30657603507754916, 0.7187942425533974, -0.21765066807695932, -3.125267649834573, 4.5349263732293886e-05
0.2404469798743524, 0.30656925690230286, 0.7187945170689133, -0.21766771286870124, -3.125243559094351, 3.397758158573504e-05
0.24044039520480143, 0.30655247855998097, 0.718814242724024, -0.2177064123665614, -3.125262551684403, -7.343140028250031e-05
0.24043300105946688, 0.30656117879848693, 0.7188036058963476, -0.21755419429038106, -3.125247296687341, -8.187689034020736e-06
0.24042683516493168, 0.30655172384808493, 0.7188164277471071, -0.21763193036899375, -3.1252755828298966, -4.982141316260168e-05
0.24043922880962082, 0.3065618142025142, 0.7187957175541339, -0.21764816948942375, -3.125237791636039, 6.970535350277664e-05
0.24044586413187088, 0.3065635383710972, 0.7187952749744568, -0.21766759880383596, -3.125247687494958, 7.595174694231104e-05
0.24046024801646979, 0.30658473858921503, 0.718776478404013, -0.21766916203130007, -3.1252589612194823, 8.139872622926186e-05
0.24046566529468685, 0.3065894461561022, 0.7187572813698041, -0.21770448768405876, -3.125223301699768, 0.00018329980335647829
0.240474238259981, 0.30662632000145423, 0.7187384644569564, -0.21760569176913297, -3.1251756570858404, 0.00039191402815588744
0.2404897082156086, 0.3066502299207344, 0.7187526129282494, -0.21770066373123081, -3.1251840984771824, 0.0003800047890837269
0.24048943676507578, 0.3066617592262586, 0.718734144592972, -0.21766269913297506, -3.1251759068145772, 0.0004334039755811754
0.24052723324580644, 0.3067239431304236, 0.718672500892783, -0.21777276954228308, -3.1251134168867187, 0.0006421276770212482
0.24052661575936002, 0.3067132207801869, 0.7187230271489294, -0.21773874372074273, -3.1251789922541326, 0.0005164800903075948
0.24052374492362416, 0.30670890974717807, 0.7187232935671021, -0.21771893814138932, -3.125168977695077, 0.0005107777165634825
0.24053091698585094, 0.30671796485813163, 0.7187104590564998, -0.21766097281788138, -3.1251506921734276, 0.00055810058519072
0.2405271041384747, 0.30672660342716673, 0.7187341294547499, -0.21766250984357297, -3.1251843674125745, 0.0005163428359801521
0.24052542492090553, 0.3067189227187579, 0.718739738896447, -0.21767953982053465, -3.125156062132271, 0.00046372339882637197
0.2405326651602928, 0.3067344455147545, 0.718720734559802, -0.21767803815144646, -3.125138853203307, 0.0006118344001258386
0.24054444194105054, 0.3067462878226308, 0.7187063080006038, -0.21767868464378465, -3.1251471733693785, 0.0006949072509540871
0.24055380240666896, 0.3067698163319492, 0.7186580035385393, -0.21761777419033285, -3.125069103903914, 0.0008520611584745697
0.2405598600260504, 0.30676706744301424, 0.7186570911946671, -0.21758335341195456, -3.1251089712026556, 0.0007903258238512529
0.2405869984682683, 0.30676574636754306, 0.7186384403151338, -0.21772942184952962, -3.125051223844098, 0.0009639116769746693
0.24056389824339997, 0.30674365362692363, 0.7186670782157899, -0.21769375220297157, -3.125082662998986, 0.0008210850149515271
0.24057448944307191, 0.3067431130440221, 0.7186681062729454, -0.21773236014693104, -3.1250950850220702, 0.0008080112883282991
0.2406082233167915, 0.30678013980043783, 0.7185830009356379, -0.21771250832236325, -3.125048957725197, 0.0010407556243362196
0.2406141486017048, 0.30676500540114404, 0.7185827850039561, -0.21778548548087096, -3.1250381534638185, 0.001194595833553631
0.2406255674150177, 0.3067816232420752, 0.7185728828385259, -0.21782346388636234, -3.1250352949051607, 0.001195274473551441
0.24063049884997706, 0.30676973640019795, 0.7185807086706312, -0.21784149534112243, -3.1250304977477894, 0.0012128636604130448
0.24063076921782983, 0.306779245145194, 0.7185792646677491, -0.2178389382395345, -3.124992934968226, 0.001213030793656007
0.24069456477130224, 0.3068862591453339, 0.717203683182013, -0.2180239365496669, -3.1249109187299884, 0.0015094123334702214
0.2406881616662421, 0.30689203089214384, 0.7157950489611368, -0.2180444637833155, -3.1248727508671967, 0.001583112491651489
0.24068589038228752, 0.3068662479446946, 0.7143070566798454, -0.21799330131120406, -3.124851291385198, 0.0017228814801626203
0.24068516174374516, 0.30686882695022294, 0.7127572467421277, -0.21811373970527007, -3.1248253384537104, 0.0018266904415490401
0.24069279369685423, 0.3068891951209397, 0.7111639904500002, -0.21809875751251215, -3.1247288605967545, 0.0018900668355200509
0.24067623210024364, 0.30685367105212846, 0.709734330663843, -0.21799741230836706, -3.1248053175226334, 0.001506244953666336
0.24070238372994457, 0.30686568594470764, 0.7083343485896078, -0.21807135228533492, -3.124786827571046, 0.001785977958789964
0.24070791110274004, 0.3068532234943163, 0.7067911903873485, -0.21827758400771827, -3.1247009518071365, 0.002040866204531612
0.24071910704994792, 0.3068299694316074, 0.7053589081746899, -0.2183496721401183, -3.124639908393888, 0.002222558649052919
0.24072674275736186, 0.30678828116061585, 0.7039298100542385, -0.21844573183590238, -3.1246273492261336, 0.00209443501559687
0.2407283956829008, 0.30682632552699457, 0.7024049680307205, -0.21837016608600757, -3.124566124834616, 0.002329406149143198
0.2407488987230819, 0.30684750695903223, 0.7009239392003315, -0.21847008386385716, -3.1245838171672764, 0.002177708804807711
0.24073226880192042, 0.3067963097269693, 0.6995220712594206, -0.21841568062255484, -3.124610308963831, 0.0021014701280563375
0.2407475453708094, 0.3068011167122564, 0.6980822184875094, -0.21839982672720767, -3.1246375260750234, 0.002007949316838345
0.24074398128035615, 0.30680131982668035, 0.696600564556771, -0.21844890328831224, -3.1245432846707275, 0.002371368884648405
0.24076368061084366, 0.3068448657509645, 0.6951009652666388, -0.21846669389140047, -3.124506624143253, 0.002522907147436135
0.24076908324216323, 0.30680369077297504, 0.6936348618234718, -0.21853546142853406, -3.1244377967793686, 0.0028173489718563223
0.24080449393476575, 0.30686267134319495, 0.6920475536293559, -0.2186844615973503, -3.1243631174491906, 0.003113140644375937
0.24081265605881666, 0.30683061559104324, 0.6906892862079104, -0.21868067155222368, -3.12436116497676, 0.0030429215397460695
0.2408209638191917, 0.30684172605873444, 0.6891456825091861, -0.21871984685021464, -3.1243327473797167, 0.0029648885557708275
0.24080797345505453, 0.3068261193233128, 0.6876420564360962, -0.21880269378331405, -3.1241831449752917, 0.0031609339986842597
0.2408131645727353, 0.3068410341968193, 0.6862170179030916, -0.21885254216108457, -3.124126645817956, 0.0032239464617252493
0.2408146282701345, 0.3068448786613464, 0.6845868006549751, -0.2187989232321825, -3.124118554360349, 0.003389339132725458
0.2408258194341954, 0.306869217294322, 0.6829837647488152, -0.21893424070664425, -3.1241077738122414, 0.003323197289925798
0.24081183288151925, 0.3068351400510327, 0.6815770646467028, -0.21886139289238601, -3.124154511337704, 0.002920051679506701
0.24079220808285853, 0.3067751639935207, 0.6801525675395924, -0.2189119611158831, -3.1241202502937386, 0.0028756073098030813
0.240786263835639, 0.30675933328281557, 0.678610560208169, -0.21888880995550308, -3.1240662808071122, 0.0030161259881393045
0.24080300499229956, 0.30681890427320907, 0.6771163645946363, -0.2188212043518942, -3.1239728854822264, 0.003491469851144781
0.24081231018459226, 0.3068231310197832, 0.6756889197315801, -0.2190322918928236, -3.123868110745469, 0.003929325467926095
0.2407930449368203, 0.306734001656496, 0.6744456948443698, -0.21907595770602442, -3.1238785030783625, 0.004044554506081376
0.2407949932090545, 0.30674636056359117, 0.673056952340635, -0.21895398100983093, -3.123851205749771, 0.004153053397945477
0.240765944406201, 0.3066829297687115, 0.671809124656858, -0.2189438869149524, -3.1238595163956333, 0.003988959389722242
0.2407819938686736, 0.3066972402384909, 0.6705053812469047, -0.21889779329371986, -3.123872463731686, 0.004061319663633155
0.24081488676963747, 0.3066610989358892, 0.6691690054613895, -0.2190741236270726, -3.1238803655155327, 0.004514403091329353
0.2407721159419161, 0.30660523819957386, 0.6679403471949317, -0.21895499984810896, -3.123734077377011, 0.004779771365620211
0.2407757413899998, 0.30665807877974405, 0.6666023043306859, -0.21893552983368997, -3.1236237004280354, 0.005266199586131365
0.24078117587535047, 0.3066245768651691, 0.6652029047729603, -0.21894392458340411, -3.1235998856724687, 0.005441249551863167
0.2407769673354387, 0.3066330528162097, 0.6639476965471602, -0.21884989860325818, -3.1235351436726635, 0.005729168852480042
0.24078308553141814, 0.306654923613812, 0.6626966549073738, -0.21887430235837355, -3.1235173137140824, 0.00574859680078255
0.24076380682059995, 0.3066011498400742, 0.6614727768852702, -0.21889896175448081, -3.1235415150862695, 0.005809361521997483
0.24076413230089033, 0.3066060911614892, 0.6600884344493516, -0.21896041162797028, -3.123481225231552, 0.006087430849181432
0.24076256232037432, 0.30661189743144485, 0.6588565014395723, -0.21890663229175925, -3.123463408819247, 0.006320352684117707
0.24076248464740643, 0.3066062476574425, 0.657646599295171, -0.21888377133849468, -3.1233795694228794, 0.006679643643302842
0.24075669537673322, 0.30657130912294805, 0.6564027871096542, -0.21891571797340917, -3.1232778605142357, 0.007170029312682286
0.2407563402457185, 0.30657755896512656, 0.6549769994731331, -0.21886176361919163, -3.123185081248234, 0.007584953148062692
0.24070845915130804, 0.3064651663537476, 0.6538327815530414, -0.21887712590408936, -3.1233184673103214, 0.006812165583513985
0.24052708841803594, 0.3059524776525073, 0.6534759273240027, -0.21903520477245722, -3.123843742044348, 0.004068540655770701
0.24035748659923006, 0.3055175911698516, 0.6531643000050256, -0.21906304849035152, -3.124393672020077, 0.0012358004811778285
0.24030938712885627, 0.3053535530975346, 0.6529761788690462, -0.21910795590343288, -3.1245854233611525, 0.00015185098612055824
0.2403067195458554, 0.3053377301053251, 0.6529993677081084, -0.21913258278273948, -3.124661635032217, -4.600240619753599e-05
0.24031291203730498, 0.30533175679652697, 0.6532918146646188, -0.21896491577764268, -3.124593174345497, 0.0002845265648445206
0.24035501037989565, 0.3054255923720943, 0.6535456196218673, -0.2189705597597088, -3.1245587643394668, 0.0006987153308960913
0.24037329522318882, 0.30546836059704735, 0.6536810035971629, -0.21900210756340985, -3.124546052466934, 0.0008119968197591241
0.2403715455009434, 0.30550019767123826, 0.6536599605298786, -0.21891153827131613, -3.1245704464276742, 0.0007230928971051481
0.240354787066085, 0.3054361703949763, 0.6535367858820001, -0.218998070209384, -3.12461944898416, 0.0001413731607323453
0.2403156639832386, 0.3053459278767098, 0.6535651009286271, -0.2189794344779595, -3.1248206102040115, -0.000782763414414145
0.24030034248588836, 0.30526748062140896, 0.653554256836769, -0.2190883331755055, -3.124965565767834, -0.001474992942005059
0.24028128210968747, 0.3052160793832579, 0.6535034700921111, -0.219066136914179, -3.1251015948807783, -0.002077561070419135
0.24023622310044765, 0.3051084336195231, 0.6534752753407063, -0.21911950085957443, -3.125258104555985, -0.0027459499616474176
0.24020434942752414, 0.3049879761277219, 0.6535673772056306, -0.21919096964955723, -3.125441072895883, -0.0036166478111708225
0.24015473844578952, 0.3048747380309069, 0.6535048028959918, -0.2191791826157614, -3.125486210453841, -0.0040859527074064055
0.24011305552910944, 0.3047445654573469, 0.6536019787224576, -0.2191957460056006, -3.125683069345324, -0.005070786493720427
0.24006383143226884, 0.3046297449195578, 0.6535744646168777, -0.21922225570844064, -3.1257647958225174, -0.005423133029964388
0.24000860264936896, 0.3044691193056787, 0.6535808085371531, -0.21925243969783517, -3.125884350414468, -0.006091595525661734
0.23999291160233102, 0.3043961430834885, 0.6535168709157977, -0.21927011439424293, -3.126043174326029, -0.006700410386909804
0.23994727161208962, 0.3042495585270553, 0.6536421634605373, -0.21940218201031172, -3.1262689649956297, -0.008000918357066466
0.23989935952158628, 0.3041558768331111, 0.6535582986579704, -0.21930928322452195, -3.126449267916543, -0.00868090134460902
0.23986002966712325, 0.30401756662638796, 0.653561863642281, -0.2193563055310002, -3.1265579161895016, -0.00917722139203986
0.23982104507529575, 0.30386457034732606, 0.6536742811232463, -0.2194782078905603, -3.126683784100649, -0.00997720652458618
0.23979115968846623, 0.303809469343367, 0.6536243775706772, -0.21937576963050606, -3.1269625129537646, -0.011023999773086102
0.23976458549750218, 0.30364314367956113, 0.6536040106877063, -0.2196014687458752, -3.1271499946982013, -0.011984199338603157
0.2397240089495278, 0.3035099190153032, 0.6534843544239441, -0.21947744692771207, -3.127371493550345, -0.01317766506035748
0.23957151433539378, 0.30304545498920915, 0.6535716020983229, -0.21960741086665983, -3.1276273486560733, -0.0140690186028016
0.239507574480382, 0.30292008096841194, 0.6534208106316893, -0.21960872945016607, -3.1277691782864654, -0.015040672550071809
0.23942774293759359, 0.30264352526392646, 0.6535380555709974, -0.21964063147454474, -3.127956040374789, -0.015930814559298696
0.23938648726331008, 0.3025425321715577, 0.6534522868991719, -0.21969058069767686, -3.1280473368894306, -0.01647487825748494
0.23936744068270804, 0.30247628698010454, 0.653431621702378, -0.21970490436846182, -3.128189525296998, -0.01707219198864651
0.23936550972771733, 0.3024290151615649, 0.6534483851531889, -0.21973539117222665, -3.1283095634603173, -0.01756349030568882
0.23934642918577795, 0.3023420954915467, 0.6533969773249123, -0.2198831426382032, -3.128462000511067, -0.018071707831668404
0.23932237041358415, 0.3022785667625539, 0.653335309564585, -0.2198549864982209, -3.12853934154901, -0.018389331477890413
0.2392827568531048, 0.3021481672148804, 0.6533897116203627, -0.21994220428708805, -3.1286723124274434, -0.019224947467554036
0.2392608486479444, 0.3021139731653009, 0.6533402527218319, -0.2199128918390437, -3.128741758316236, -0.019504673696749127
0.23924762630729088, 0.30205604933690866, 0.653384142708493, -0.21999929766597917, -3.128862282986869, -0.02015062945046453
0.23924410045684213, 0.3020228436673398, 0.6533569960205372, -0.21997026305948275, -3.1289351685941225, -0.02050991520098846
0.2392037219920258, 0.30194760757974515, 0.6533943875090878, -0.21994350830028647, -3.1290552632545356, -0.02117856181305343
0.23918797992044608, 0.30190485058283517, 0.6533386855382345, -0.21996479490401155, -3.1290543637827577, -0.02137391222976921
0.23915753122515657, 0.30180967788014257, 0.6533711161781102, -0.2199802271972616, -3.1292202665907594, -0.022098769982065704
0.23915607515648732, 0.30175487087355224, 0.6533327836062278, -0.22008585780485068, -3.129319211392459, -0.02257726677010339
0.2391436245712479, 0.3017170295395216, 0.6533660589901731, -0.22006102623423934, -3.1294561748500453, -0.023140897320401303
0.23910679281284453, 0.30162682873177865, 0.6534164268255637, -0.22008770338063274, -3.1295509256493186, -0.023702032779202055
0.23911700267539313, 0.30155145056955346, 0.6533266953040856, -0.22020945725549837, -3.1296150844485893, -0.02394103033988843
0.23908341161571936, 0.30149308419761417, 0.6533073888826207, -0.22012578016845957, -3.129707424452681, -0.024448638720408714
0.23909506647387627, 0.3014981748380217, 0.6532926178193973, -0.22021281596903647, -3.1298127862372866, -0.025022116516684043
0.23908287291998845, 0.3014615354110213, 0.6532222371696232, -0.22008581148180628, -3.1298380434037822, -0.02523072933670919
0.23905597213319427, 0.3013961758000944, 0.6532959214951884, -0.2201191237967139, -3.130005679410739, -0.025913775624801235
0.2390328820653748, 0.3013557377619249, 0.6532747320759048, -0.22000403737397148, -3.1299732244356258, -0.026090479586778743
0.2390157627774187, 0.30131594123608374, 0.6532690041854652, -0.21998885406490692, -3.130019306859162, -0.026127832764641198
0.2390140166977632, 0.3012994570602658, 0.6532623290049069, -0.21995372628747517, -3.130046586223574, -0.02625367761156509
0.2390145015057251, 0.30128568736061784, 0.6532193224508374, -0.22005570029150537, -3.1301028325275717, -0.026517237901863062
0.2390029997921525, 0.30127146971050456, 0.6531835740661543, -0.22004126056592394, -3.130130593023526, -0.026719900601210465
0.238979138501989, 0.30119965986601677, 0.653173628117682, -0.22001252528671209, -3.1302274543384967, -0.02694821316780426
0.23898378179645405, 0.3011962029117574, 0.6531881431129015, -0.22005560754166684, -3.13028453251593, -0.02719410260963546
0.2389833488245813, 0.3011773776846635, 0.65319746798482, -0.2200553016346726, -3.130290321383666, -0.027092936184493585
0.23898582814177732, 0.3011839198423619, 0.653164230238927, -0.21998437722606684, -3.1303381785251116, -0.027052624935697076
0.2390075510861014, 0.3011965000181739, 0.6531231600020678, -0.22004360450965965, -3.1303429854625584, -0.02722615838899456
0.238973194877531, 0.30116973371557454, 0.6531940827238614, -0.2199652389551747, -3.1303407620840265, -0.027189557060270042
0.23898111714231168, 0.30117165516707883, 0.6531571716201253, -0.21988019348424803, -3.1304227725790534, -0.027448585250761885
0.23897534199129694, 0.3011093012330829, 0.6531809580100421, -0.2199385459903517, -3.1304503349594945, -0.02760947699862803
0.23896235001470456, 0.3011089399629746, 0.6532161144495535, -0.21988354871600188, -3.1304716251587767, -0.027895664163799086
0.23896885885853103, 0.30112526780489174, 0.653184413256045, -0.21988596056636042, -3.13048184520771, -0.027949232245541036
0.23896356459492474, 0.30108204663102356, 0.6531799881804474, -0.21988051658595698, -3.130620904781862, -0.028274311832912485
0.23896236070146035, 0.30108179833493387, 0.653141862549243, -0.21981002602459185, -3.1306528826537345, -0.028476466889103914
0.2389583080384139, 0.3010538296820553, 0.6531332232740267, -0.21979522358188303, -3.130698264178797, -0.02857392416468404
0.23894515429700341, 0.3010328313328164, 0.6531210535519645, -0.21965126435079982, -3.1307791277042796, -0.028677341419094376
0.23894654308171936, 0.30102740085430907, 0.6531452268554955, -0.2197305116538681, -3.1308213208863083, -0.028731900329363316
0.23895129338735172, 0.30100333603659063, 0.6531415648400944, -0.2197906271262187, -3.1308520949631258, -0.02891132451992433
0.23894189227125204, 0.30098271082652267, 0.6531449744594077, -0.21977657108177148, -3.130908571957505, -0.029001454069254255
0.23893276171181949, 0.30098038066821864, 0.6531627422995184, -0.2197938944945293, -3.1308929524628977, -0.02912629569557529
0.23894792451407013, 0.30097079916071273, 0.6531474699881483, -0.21983254286602408, -3.130894235940329, -0.029143601387801726
0.23893779977490626, 0.3009483888076152, 0.6531386322768179, -0.2197625645746831, -3.130955125523582, -0.029234521528149683
0.23892938672738612, 0.30092676119620404, 0.6531456263247175, -0.2198585020197175, -3.1309606218871235, -0.02956215497766937
0.2389227203776841, 0.3008889704335003, 0.6531522175114476, -0.21982324017669852, -3.130986849559714, -0.029747302672905804
0.2389335504766908, 0.30088063547714244, 0.6531277243456716, -0.21990130102799105, -3.1310142007697404, -0.029653892313234512
0.23893001803215122, 0.30084493550424446, 0.6531345752419565, -0.2199978162621504, -3.131039582486433, -0.029756183669528022
0.23891874173308428, 0.30083413712582696, 0.6531321123494623, -0.21994400213572, -3.1310586742195357, -0.029965361820504677
0.2389042595180918, 0.3007918109075188, 0.6531094848326449, -0.2199503443059756, -3.1311190474811994, -0.03014992439735138
0.23890729799970192, 0.30076075387853696, 0.6530752752230568, -0.21999281848479554, -3.1311594186110803, -0.030306583195381577
0.23890099746487395, 0.30073015414251675, 0.6530553056022607, -0.21997564081589446, -3.1311721989590784, -0.030299620317939324
0.23889999691156402, 0.300760109228801, 0.6530542618467783, -0.21997437988811278, -3.131151411528956, -0.030389212698702404
0.23891045298967972, 0.30073282164551585, 0.6530667899915199, -0.21990116613011026, -3.1311878264928357, -0.03041404243491188
0.23891944426278372, 0.3007436967177651, 0.6530456635370777, -0.21991843697505867, -3.1311659479933422, -0.03030614452525274
0.23893149205056635, 0.30074716797881285, 0.6530366008110762, -0.22003311087857277, -3.131175987351378, -0.030336248873315607
0.23892134878972504, 0.3007633259537507, 0.6530363327477442, -0.21987951908029593, -3.131146791444908, -0.030258180845115095
0.23892939571404573, 0.30075969716994727, 0.6530406215789636, -0.2199919064716837, -3.1311385194252166, -0.030257420064159123
0.23894050924673133, 0.300772797100963, 0.6530189057788669, -0.21991885037264922, -3.131159355225561, -0.030269798171468684
0.23893497657686263, 0.30076777248001985, 0.6530179050782461, -0.21995894061019977, -3.1311812999052413, -0.03033558028176256
0.23894474479499284, 0.30078948823183294, 0.6529570502205524, -0.21990517469461443, -3.1311902926269766, -0.030294968040611655
0.23893972625242402, 0.30075918957576436, 0.6529465089287347, -0.2200271087903231, -3.13128104477141, -0.03042196720550269
0.23894319070965495, 0.30073535576166965, 0.6529086854954393, -0.2198759368678559, -3.131271344244294, -0.030373582615024347
0.23896221840918003, 0.30071482119671883, 0.6529129998781433, -0.2200894857365581, -3.1313399685493537, -0.030352107322368135
0.23895424262654522, 0.30067405221112636, 0.6529770008123789, -0.22011979985552507, -3.1312878681587715, -0.030417454628404814
0.23897139294190836, 0.30067845196249304, 0.6529518335510175, -0.22015839793065742, -3.131290308171183, -0.030376170478137253
0.2389720015904788, 0.30067408986955885, 0.6529698024740483, -0.2201158357306602, -3.1312498054746127, -0.030278865884578635
0.23898226685541876, 0.3006733305345369, 0.6529610809672799, -0.2201512580773946, -3.1312278439075274, -0.030111821389356648
0.23898206615099074, 0.3006756904099181, 0.6529633891383747, -0.22011368753104762, -3.131226162007492, -0.030153185434018945
0.2389942000179036, 0.30066137691196887, 0.6529712746248721, -0.22022630978679972, -3.1312208350542377, -0.030231053563095668
0.23901770218330493, 0.30067280727091306, 0.6529338596490694, -0.22028177846074967, -3.131193277297394, -0.03010538587114177
0.23903405556213678, 0.3007018843663653, 0.6528944822539592, -0.22028580860996552, -3.1312139215779453, -0.03021261560654974
0.23902476326477795, 0.3006697287988677, 0.6528406034804043, -0.2202566883438663, -3.131288906274015, -0.030392986076557868
0.2390351390093903, 0.3006183873245602, 0.6528244687786406, -0.2203545688466816, -3.1313153916693763, -0.030690958426736033
0.2390288199928802, 0.3006145070671824, 0.652779671892106, -0.22030137667889169, -3.1313366864139405, -0.030780987954080245
0.23901758426377268, 0.3005981345405684, 0.6527733956183408, -0.22024690157099644, -3.131354580816464, -0.030853175389409824
0.23901492399693883, 0.3005976205354564, 0.6527593633381705, -0.22017368450776678, -3.13137926283874, -0.030822695329927326
0.23902706028969203, 0.30057759789700816, 0.6527935904298154, -0.22022679624459687, -3.1313671028715757, -0.03071071333810693
0.23903633589242257, 0.30058588812619264, 0.6527745375795332, -0.22026220451472656, -3.131330315861019, -0.030727609098716815
0.23903985994207338, 0.300576781803873, 0.6527934227890743, -0.22022170167423175, -3.1313072708484597, -0.03072040326613017
0.23903231505988232, 0.30054922318036575, 0.652816888500139, -0.22031559889543764, -3.1313136921673963, -0.030595574629750773
0.239051300495229, 0.30057291965624033, 0.6528411742776824, -0.2203146289269154, -3.1313142963075857, -0.030596422488757772
0.2390524620705641, 0.30057890933683096, 0.6528119946020613, -0.22031281755825785, -3.131285792397645, -0.030512656663885186
0.23906227804229252, 0.3005767206452002, 0.6527868692137747, -0.22031721206820218, -3.131321683589352, -0.030632923999882832
0.23906535910474475, 0.3005933899650385, 0.6527328568505648, -0.22037801759682513, -3.131335186457741, -0.030662148377193464
0.239083757572679, 0.300577208814437, 0.65266694122535, -0.22041842306723966, -3.1313449374756988, -0.030656640947347692
0.23908358514493616, 0.3005411701059594, 0.6526626945915478, -0.22043788654186144, -3.1313545320137286, -0.030710333860459762
0.23906269530645663, 0.3005122634867117, 0.6526578947053051, -0.22044505058458505, -3.131419472357048, -0.031051818562501384
0.23906920623600628, 0.30049889866273055, 0.6526782960741656, -0.2204650824768137, -3.131444557321147, -0.031057115468923514
0.23921262054422035, 0.3008313996505585, 0.6536053234577612, -0.2203869541460388, -3.1311822564843306, -0.0290939237475726
0.23923179173948897, 0.3008526259585248, 0.6548227862831323, -0.22017795056024161, -3.131204957176114, -0.029138079053123263
0.23923506218098786, 0.30084289004429415, 0.6559255142391924, -0.22009174324095532, -3.131281922957417, -0.029444899519137438
0.2392451792857092, 0.3008269685656041, 0.6569346350806599, -0.2200440731061511, -3.1313392003817855, -0.02966240855464243
0.23925025116475002, 0.30082242860655645, 0.6578545245382965, -0.22008994679605626, -3.131357394605544, -0.029715215597208477
0.23926316623735105, 0.3008613290692408, 0.6586528494802288, -0.2200446285725198, -3.1313540640730726, -0.029882000259818898
0.23927409077064327, 0.3008296665055734, 0.6595230279431584, -0.2201013962667356, -3.131464757272715, -0.030283068165328754
0.2392763547611239, 0.30080036690102013, 0.6602799537558568, -0.2201165674854374, -3.131497931825557, -0.030527920641960207
0.2392845905993301, 0.30079521940185977, 0.6609774310976467, -0.2202086129511935, -3.131522678382073, -0.03069478571459668
0.23925626360132132, 0.300740030057773, 0.6617372457779656, -0.2201332493033943, -3.131602875947241, -0.030956918542787353
0.23927030354127812, 0.30077318548192095, 0.662431803590473, -0.22001761830863642, -3.131632725855982, -0.031070326251199973
0.23925485476771804, 0.3007292994893362, 0.663159452866619, -0.2200200192218017, -3.131713137049166, -0.03142664429376278
0.23926076952497516, 0.300715682424907, 0.6637839489980736, -0.21998128937712358, -3.1317386966496152, -0.03147928919412813
0.23924556508875292, 0.3006781942097706, 0.6645413102555197, -0.2200073502194859, -3.1318784738428014, -0.03202453432548116
0.23926091860749799, 0.3006289363590006, 0.6652804026583242, -0.22007869568206878, -3.132113768541541, -0.03242374790372174
0.23925973952383744, 0.30060279125729883, 0.6660130918086311, -0.22011816188731373, -3.1323857867118976, -0.03313867074453439
0.23928291838707413, 0.3006178140547652, 0.6665507317510473, -0.22010902221760997, -3.1324873023354436, -0.03327047273854231
0.23927427246665997, 0.30057669421750915, 0.667118320035163, -0.22004619557710015, -3.132633976097953, -0.033618169706984134
0.23928899375052498, 0.3005798154661228, 0.6675105900062978, -0.22008316308658366, -3.1327672717487727, -0.03386865586253094
0.2393045518325525, 0.3005765274697797, 0.6678553312704696, -0.22011393244047828, -3.132827756164447, -0.03380155918743706
0.23929634019240445, 0.3005402728242756, 0.6681979969977652, -0.2200825420277262, -3.132828352109471, -0.03372596832411976
0.23927948521673503, 0.30050849432582466, 0.6685761260271732, -0.22013561305969617, -3.132913783660834, -0.03419514031310374
0.2392995322266768, 0.3005136600139383, 0.6688174015944045, -0.22014595123434885, -3.1329243348788145, -0.034054764515709254
0.23932113492908644, 0.30054656743051467, 0.6689787949467252, -0.22019279548970716, -3.1328753434159897, -0.033881640348950706
0.23932008885335254, 0.3005496753247237, 0.6691217614969613, -0.22013206404500718, -3.132895971840782, -0.033835441270324104
0.23932062542191274, 0.30049742064436036, 0.6693542477072649, -0.22019153113763593, -3.133023967024557, -0.033870426386724405
0.23933389008247336, 0.3005150432511056, 0.6694790921373112, -0.22013027653433498, -3.133012420960593, -0.033977973523732934
0.23933532739563643, 0.3005334464157637, 0.6695839758043375, -0.22005369360026017, -3.1330452694551103, -0.03392706217913707
0.2393468331464377, 0.3005352062843864, 0.6696711927868088, -0.22009084985719463, -3.133068287164465, -0.033993701776881574
0.2393496762894084, 0.30050595370690136, 0.6697552247014857, -0.22014310044313976, -3.133043872209875, -0.034142587222425566
0.23934439110740016, 0.300483612491806, 0.6698404720762156, -0.22011020666660153, -3.133121938848567, -0.03434196740318684
0.23938992991969144, 0.30052341603393184, 0.6698446758436395, -0.2202398964708062, -3.1330972786656615, -0.03419194081798802
0.23939171271941032, 0.30050111682267366, 0.6699173344694584, -0.22029282857082827, -3.1330916928390447, -0.03411629364784089
0.23941603918002313, 0.3005325261737648, 0.6699202830142924, -0.22023465728440605, -3.133081517525843, -0.03390634258536197
0.23940165494519014, 0.3005084785442902, 0.6699710718977219, -0.22009897000026682, -3.133074430810738, -0.03381627005191049
0.23943277046162184, 0.3005182217723035, 0.6700342169451562, -0.22019581517479114, -3.1331313651784094, -0.03368763689635375
0.23943204806434673, 0.3004894237718276, 0.6700750059198421, -0.2201605922254778, -3.1331703661819437, -0.03380866604534762
0.23944372330518104, 0.300488989880806, 0.6700871619505739, -0.22025615582150693, -3.1331865078275194, -0.03379744600385705
0.23944158694070666, 0.3004806249945134, 0.6701261886878916, -0.2202112932988269, -3.1331318505091255, -0.03368985106067288
0.23945537303659237, 0.3005061088300161, 0.6701676249281471, -0.22023372118623677, -3.1331781291478458, -0.033743862741599635
0.23945698810783264, 0.30049811180901687, 0.670192975445402, -0.2202711230526241, -3.1331826376588583, -0.033781052534758854
0.23946828141406534, 0.30049072694669204, 0.6702029702500114, -0.22036514292568146, -3.1331830144121406, -0.03381681809931541
0.2394647730735589, 0.3005204112695993, 0.6701998390699321, -0.22023282889730345, -3.133177549709818, -0.03380454076190109
0.23947518464542544, 0.30049303594496, 0.6702442343307455, -0.22036415706046794, -3.1331878805009947, -0.033774733810104776
0.23948380884827852, 0.30050568251736987, 0.6702359064358353, -0.2203830934284216, -3.1331819673319665, -0.0338161418785539
0.23948851656382858, 0.3005087920007349, 0.6702201599501579, -0.22038510713424955, -3.133202516168332, -0.03372705159435914
0.23950868648146065, 0.3004969028893167, 0.6702289873475492, -0.22045996554176514, -3.133199276218393, -0.03366781670383068
0.2395118087733306, 0.3004900386417232, 0.6702524157269428, -0.22049312401523916, -3.133162776053632, -0.033685412797235345
0.2395236980286252, 0.3004605674379567, 0.670274413070298, -0.22049623688923745, -3.1332097335931333, -0.03366371900078239
0.23953394104910988, 0.30046821887123787, 0.6702802713038188, -0.2205884860011316, -3.13318339213947, -0.03369211127902872
0.23954242607469367, 0.3004360258874518, 0.6703118211675027, -0.22062733256103528, -3.133211311127093, -0.03371666945273371
0.239559019785111, 0.3004509218633854, 0.6702938704806245, -0.22051511175016836, -3.133218297711398, -0.03363958169591507
0.2395441740316096, 0.30044046580833683, 0.6703050872850512, -0.2204569317046184, -3.1332140262730297, -0.033662373937856524
0.2395754259936955, 0.3004875528906183, 0.6707470898700779, -0.22048316835306564, -3.1332498192011404, -0.033727095147188864
0.2395870691819313, 0.3005027925410142, 0.6715824471869396, -0.22047216780814136, -3.1332523058723023, -0.033475993780022854
0.239574758260362, 0.30045682051869477, 0.6726527103385813, -0.2203533434189627, -3.1333948644779865, -0.03390996861645212
0.2395864635908116, 0.30052476018659896, 0.6735282759878299, -0.22035964701410513, -3.1333749396051758, -0.033945642798009754
0.23960661817479914, 0.3005570274413813, 0.6744549497951909, -0.2203385602857614, -3.133485785069841, -0.034448623265444914
0.23960970941399992, 0.3005382503192662, 0.6753607856540379, -0.22036478111788818, -3.133499260654554, -0.034527361120197504
0.2396040959614095, 0.30050607016673814, 0.6762534368232604, -0.22036638401340847, -3.133632208575272, -0.035154787659478305
0.23960810236584076, 0.30055470049840377, 0.6772344629661049, -0.22021976436595161, -3.1336598362231665, -0.035114269822911874
0.23961428541958613, 0.30054899674732083, 0.6780878811174935, 0.22026324876882183, 3.133567176184536, 0.035722824584818846
0.23963791818133298, 0.3005875031466217, 0.6790128387182264, 0.22026668503696406, 3.1335504560186163, 0.035680435058543035
0.23966490753145422, 0.3006338958181399, 0.6799443873083689, 0.2202309870441822, 3.133477698367702, 0.03590921608003429
0.23965535667045695, 0.30061292565515124, 0.680861177468103, 0.2201753715324339, 3.1333881651437556, 0.03622412185499115
0.23966530189361154, 0.30061658148465187, 0.6817784014191051, 0.22015916777097488, 3.13333673261692, 0.03658095946511024
0.2396752130298566, 0.30062947338490903, 0.6826332771006951, 0.22010551465468306, 3.1332310584351046, 0.036909882876217714
0.23968055041295738, 0.30061836265267233, 0.6836244722079504, 0.22010476480633462, 3.133155454062484, 0.03731408266856466
0.23968538062639902, 0.3005947519294348, 0.684442538784542, 0.22016778823096855, 3.133098356440364, 0.0376129881055413
0.23969702186707592, 0.30060568809728755, 0.6853897214146533, 0.22016822031228034, 3.1330307532696557, 0.03786301432721295
0.23972929873747284, 0.3006591803679186, 0.6862359786861776, 0.2201162287938433, 3.1329543881157678, 0.038226398248968466
0.23971145892221846, 0.3005994936151197, 0.6872159408125784, 0.2201352521430378, 3.132923624041887, 0.038357620838575884
0.2397373077719267, 0.3006550162691737, 0.688133392632844, 0.220078689939491, 3.132826079386764, 0.038472155531822066
0.23975195540490327, 0.30064393652030047, 0.689065537156104, 0.22009711599260592, 3.132745447834734, 0.03865617064663084
0.23976238162371408, 0.30066366192146693, 0.689918079305032, 0.22004285961098602, 3.1326462816785754, 0.039067543435340545
0.2397770124965318, 0.30063761531116046, 0.6907656640417399, 0.22002404479765017, 3.1324864543012283, 0.03956790593609165
0.2397950468159317, 0.3006642547484962, 0.691718497993189, 0.22000573145727564, 3.132438706990174, 0.03972789400113378
0.2397894234324355, 0.30063710743053096, 0.6927371271514731, 0.22003844195461048, 3.1322976620126055, 0.040420469276384666
0.23981776566458465, 0.30066039008261464, 0.6935829095234366, 0.22002397066375798, 3.132261095877291, 0.04040780329121383
0.23980609685533189, 0.30062717537020456, 0.6945587943700842, 0.22011443999801947, 3.132113126146886, 0.04105742655621097
0.23982908468841202, 0.3006844006228294, 0.6954390418362946, 0.2200416062269867, 3.1320616081591126, 0.04113585835816076
0.23983266920376667, 0.3006574151814037, 0.6963008785711599, 0.2199325641902005, 3.132060573881535, 0.041217601467118045
0.23984219916473093, 0.3006987274774455, 0.6971962951818019, 0.21999284072497208, 3.1320507677624394, 0.04118261575281554
0.23986351888374113, 0.30074220850105987, 0.6981262252159749, 0.21993508843660203, 3.13193938295309, 0.04158755392960871
0.23987163697461708, 0.30073514998431017, 0.699100678043675, 0.21997242747856188, 3.131944518091633, 0.04154028769617099
0.23987995183264077, 0.300752361708851, 0.699975247814659, 0.21988072252809626, 3.131896525924572, 0.04177831703109169
0.23988638503739348, 0.30071948586939146, 0.7009727616683958, 0.21991057286321, 3.1316852637180665, 0.042552615094654196
0.2399146811064419, 0.3007740357690952, 0.7019501100511102, 0.21988863868482905, 3.13158165208026, 0.0430230411341304
0.2399179519423715, 0.3007760130173515, 0.7027967740612759, 0.21981390695323097, 3.1314913484991265, 0.043160426348267875
0.23991365828294212, 0.3007807138420879, 0.7026924752371876, 0.2198386211076662, 3.1315446775402074, 0.04296874760563275
0.2399215235153374, 0.3007914585160976, 0.7026856453784304, 0.21982130783150666, 3.131580336001349, 0.04286649655973205
0.23992098676713913, 0.3007752185696564, 0.702713918597521, 0.21981907700486109, 3.131552896720606, 0.0429330480283787
0.23992075150832523, 0.30076871088774115, 0.7027296959605928, 0.2198548370360109, 3.131520222452929, 0.042956859689873964
0.23991545336887343, 0.30080596068582993, 0.7027164439462052, 0.2198375008069813, 3.131545805404258, 0.042908897019549204
0.23991849602414955, 0.30078374256160123, 0.7027163829734882, 0.21985742801397912, 3.1315661365923115, 0.042921266107748074
0.2399233810191966, 0.30079034572684943, 0.7027025758470501, 0.2198018151912884, 3.1315935447171044, 0.04269463719997455
0.23993192210786457, 0.30077893467275946, 0.7027126888646852, 0.21974457937670194, 3.1315957703355313, 0.042753637333386815
0.23994449692853667, 0.3007688148430583, 0.7027104338125477, 0.21979980967857451, 3.1315648294199856, 0.042759584486116615
0.23994046767341445, 0.30078872712432925, 0.7026914500722808, 0.21978112591387056, 3.131563619850502, 0.04265903659366215
0.23994316881252556, 0.300789707231741, 0.7027004349091399, 0.2197586605142178, 3.131489457778385, 0.04265929459483708
0.23996181539973324, 0.30078873220544705, 0.7026779966642065, 0.21985568097954894, 3.131535221726712, 0.04264649005705161
0.23998236680136253, 0.30078718249290365, 0.7026657257482828, 0.21991145051294023, 3.131527140301576, 0.0425457198296626
0.23997756673443582, 0.3007958561454165, 0.7026489288620982, 0.21989544227945468, 3.131574084367816, 0.04251004896498414
0.23998703097941018, 0.3007928449557729, 0.7026454271777516, 0.21989521431384315, 3.1315623178902223, 0.042503401478003806
0.23999936641476122, 0.30077040977724384, 0.7026362093665748, 0.2198190571934226, 3.131550740587566, 0.04245581222870312
0.24000084156394638, 0.3008040254842964, 0.7026150593271702, 0.21983858197880407, 3.1315434799930806, 0.04237238911253746
0.2400217946826348, 0.30082077706876414, 0.7025714584082885, 0.2199373326378517, 3.1316164009235323, 0.04223590184377902
0.2400349888517611, 0.3008032115362519, 0.7025699832565613, 0.2199369977531493, 3.1316078875194626, 0.04221061255437275
0.24005207572793633, 0.3008162417251783, 0.7025489992038075, 0.21995794803585714, 3.131643699528308, 0.042151904229593175
0.24005938243271335, 0.300790369473743, 0.7025408080804699, 0.21995347457304182, 3.1315561934158094, 0.042146197458855665
0.24006645285189557, 0.3007900216201599, 0.7025477448969567, 0.2199541638116369, 3.131566461126011, 0.042211939736357666
0.24008896168501448, 0.30079607820662574, 0.7025296796244829, 0.21997163944805098, 3.131534992969384, 0.04205649648779956
0.24009969828862807, 0.30076086548602937, 0.7025472331757215, 0.22002483531733857, 3.131493002726128, 0.041937262692058004
0.24011760353252348, 0.3007400502519855, 0.702575606121475, 0.22009631628895523, 3.1314252737503367, 0.04210454136188673
0.24011252603105032, 0.3007126014344506, 0.7026009946598113, 0.22007564466127297, 3.1314072784700744, 0.04213341775486307
0.2401354940976998, 0.3007196470701897, 0.7025887799119908, 0.2202266412232705, 3.1314163626723306, 0.041984569541927044
0.24014369533558524, 0.3007581710855844, 0.7025464515874534, 0.22015282270507314, 3.1314182984237444, 0.04188395812593888
0.24017783764647102, 0.30077236329985985, 0.7025255422551705, 0.2202650209560411, 3.131379872411022, 0.04178922910672017
0.24014744007842265, 0.30071121310776416, 0.702591086593496, 0.22020530347975434, 3.1313756165100317, 0.04188462171928401
0.2401567875114558, 0.3007052619697727, 0.7025760788977851, 0.2202034744135325, 3.1313345491250493, 0.041723313407193145
0.24018393848587313, 0.3007408982321346, 0.7025622953628975, 0.22024320651316617, 3.1313928209780224, 0.041498037265351104
0.2401861605042081, 0.3007670252093609, 0.7025263854237318, 0.22024610565249392, 3.1314118966548734, 0.041586247933281396
0.24019861789532498, 0.30074203911597003, 0.7025270835934802, 0.2202263576744427, 3.131408758053473, 0.04142538462071736
0.24021263355437197, 0.30074123902249217, 0.7025184505408624, 0.22028239008225464, 3.1313770318359144, 0.04155121541508358
0.24021408162971808, 0.3007420499998855, 0.7025059745894703, 0.22024512511709698, 3.1313874191701707, 0.04145565486420931
0.24021131769875556, 0.3007738167579251, 0.7024881582340602, 0.22011559278678547, 3.1314234565534065, 0.04138975432534962
0.24021125276705854, 0.3007410824870355, 0.7025092761982853, 0.22013127406166333, 3.1313720634839837, 0.041443776573488106
0.2402293526102426, 0.30075698016435337, 0.702481220296848, 0.22014882124718096, 3.131329800295723, 0.04128328641595072
0.24023792058403293, 0.30072222770214296, 0.7025145646036242, 0.22017992669886094, 3.131224128205367, 0.0413485494685498
0.24023714053322368, 0.30075007504210466, 0.7024900201948455, 0.2201457075520709, 3.1312885346328776, 0.04118197528004125
0.24023527581839513, 0.3007123908010424, 0.7025361166056496, 0.22018071555646343, 3.131253805562261, 0.04138466196815077
0.2402495248283719, 0.30073055897112677, 0.7025159322312912, 0.2201976736915803, 3.131208016027014, 0.041241992010846426
0.2402434485743092, 0.3006946303058648, 0.7025200918325754, 0.2202351592258973, 3.131212311497843, 0.041266274078908566
0.24025334426743225, 0.30067753010907045, 0.7025403170342086, 0.22023471964133703, 3.1312105629356335, 0.0413845049042146
0.24026103408826638, 0.30068495748202756, 0.7025360697585243, 0.22032910553640656, 3.131219867998156, 0.04131347411588496
0.24027615978961575, 0.3006632918833032, 0.7025379083764541, 0.2204039172414475, 3.1312060740201892, 0.041348168471737536
0.24030366186281316, 0.30069069895467754, 0.7024786369579459, 0.22048160074232534, 3.13122040871755, 0.041140154198417704
0.24033244239332105, 0.30074199821173486, 0.7024038302326581, 0.22050575441223316, 3.131280264406768, 0.040914289537193956
0.24033123936087714, 0.3007037576383785, 0.702439381324572, 0.22048042470151133, 3.1311712743716904, 0.04095591800698031
0.24035242842745017, 0.300706252390854, 0.7024215002224827, 0.22049939378067743, 3.131161352306448, 0.04093207563533852
0.24035650457527782, 0.30071049229096397, 0.702389916288959, 0.22052104492677194, 3.1311980821260788, 0.04087205469168019
0.24037080981599734, 0.300734395212335, 0.7023699763626383, 0.22054103183066723, 3.1312081825230447, 0.04081873383633434
0.24037833916108883, 0.30070886018584136, 0.7023661274508901, 0.22061438201776992, 3.1311688315299877, 0.04080032323593582
0.240375403165344, 0.30072523584503713, 0.702347177010001, 0.22058044311986139, 3.1312360286610854, 0.04073503012390314
0.24037948875964993, 0.3007562074757984, 0.7023328149260636, 0.2205433026380292, 3.1312316184294438, 0.04071069784428683
0.24038082296275273, 0.30072430160525726, 0.7023414634439602, 0.22057811415762368, 3.13118757001193, 0.040669455911976064
0.24039002772852205, 0.30071774229403675, 0.70234700529651, 0.22061649766006264, 3.1312222100788527, 0.04060913598884832
0.2403987019812748, 0.3006921412756907, 0.7023637437201656, 0.22068848409755715, 3.131171511181842, 0.04058637660920119
0.24041777241311524, 0.3007041583157638, 0.7023494823076867, 0.22072680866582267, 3.1311721106681913, 0.040568529100122534
0.24042697479457434, 0.30069147928430306, 0.7023516422349618, 0.22076406674089888, 3.1311727119703936, 0.04055064792560156
0.2404168691964174, 0.3006748099673604, 0.7023761864229238, 0.22080161975986792, 3.1311770610793515, 0.04069263633577036
0.24044733258112855, 0.30070971293745785, 0.7023102029100311, 0.22082275623884928, 3.1311836808845057, 0.040538073977702774
0.24046186298767028, 0.3007106848097122, 0.7023035781833462, 0.22089822155321975, 3.1311896633612486, 0.04048470516438318
0.24045530888149103, 0.3006882416268414, 0.7023393127822533, 0.22078425796634443, 3.1312225800326385, 0.0404782895438349
0.2404418767655648, 0.30068393841195923, 0.7023449695256129, 0.22076658928303947, 3.131239100937919, 0.04052640334385121
0.2404630336420306, 0.30069555732587194, 0.7023303386070425, 0.22072838164065783, 3.1312220735274066, 0.04049525294998078
0.2404686525395221, 0.3007067873565912, 0.70231923187566, 0.22080385016934248, 3.1312217794674613, 0.04041850905117172
0.2404730572629563, 0.30066431947593847, 0.7023562823577385, 0.22076266043196643, 3.131165228303306, 0.04056783663952337
0.24047536578979453, 0.3006938927703238, 0.7023328221037924, 0.22080198233869167, 3.1311867956056867, 0.04046064865211421
0.24049068888109176, 0.30072639916373317, 0.7023026752616516, 0.22078421209098906, 3.1312003432079276, 0.04028746767520947
0.24051526616686084, 0.30072804717053225, 0.702309926967862, 0.2208987978038728, 3.1312366174395727, 0.0403116124187656
0.24051541291044226, 0.300767455475809, 0.7023067928316057, 0.2208023319631703, 3.1311996579346637, 0.040109806473414264
0.2405331357248613, 0.3007581057611234, 0.7022967689199378, 0.22091675888282844, 3.1312137272385896, 0.04012151297079421
0.2405303546596928, 0.30075685883983583, 0.7023183412144104, 0.22078514536947638, 3.1312289981464634, 0.04020492896387103
0.24054261528856313, 0.3007549940102145, 0.702311436776379, 0.22084024810194314, 3.1312025827801073, 0.04013315748202148
0.24055581532270323, 0.30075226587752013, 0.702282112919865, 0.22091919376881258, 3.131261383480756, 0.040067083079805055
0.24055055104405967, 0.30075976304738783, 0.7023117984668533, 0.22084214409429825, 3.131235825569132, 0.04015149212134209
0.24059046596293573, 0.3007557515917977, 0.7022823752145165, 0.22106764685018243, 3.1312166121232994, 0.03998937365998927
0.24058352571416888, 0.3007413927538345, 0.7023026287552938, 0.22097069284069717, 3.131165319136524, 0.040079638597099454
0.24059561666090273, 0.30074812414777286, 0.7022890822127287, 0.2209316432355474, 3.1311338097341515, 0.040001937360612576
0.24061423162992318, 0.300741268903182, 0.7022666095775576, 0.22096939293469117, 3.1311268784961785, 0.0399011432232021
0.24061372421662283, 0.30071904109272823, 0.702303636202399, 0.22094885176043325, 3.1311156963391653, 0.04001354969268206
0.2406220475431581, 0.3007104687098672, 0.7022887688380138, 0.2210058098493019, 3.131127609641155, 0.039823272310054454
0.24062599439652801, 0.30072868305123013, 0.7023277983645015, 0.2209676994367612, 3.1311364326718447, 0.03996741270594602
0.24065096941436578, 0.3007235333904015, 0.7022992967478273, 0.22111769183052754, 3.131130683908844, 0.03976984439019269
0.2406503882986709, 0.30070127996992, 0.7023238247393959, 0.22107899649184612, 3.1311514387856385, 0.03973997102028041
0.24064819905237309, 0.30070770581744255, 0.7023160894182339, 0.221042397550797, 3.131169488749151, 0.039668875635706174
0.2406636565868481, 0.30071060407736044, 0.7023185666287437, 0.22117417333791653, 3.131152625099886, 0.039704457239178856
0.2406729262293129, 0.3007189136971831, 0.7022924930532202, 0.2211176808208618, 3.1311409249433817, 0.039715570490396465
0.24070202473659003, 0.30070875500812366, 0.7022406762396374, 0.22129078825096038, 3.1311900124992897, 0.03943038177117396
0.24071403152694337, 0.30074433007897045, 0.702222117863325, 0.22116074976277988, 3.131205505465887, 0.0395131578340991
0.24071260798121635, 0.30073493385467115, 0.7022307984576589, 0.221196354180815, 3.1311729732373577, 0.03953623593388213
0.24071285606688494, 0.3007267637425759, 0.7022341116675206, 0.22117862094143895, 3.1312082250734954, 0.03943536606181669
0.24072689410412013, 0.300767611220425, 0.7021839332491471, 0.22112600346466588, 3.131245965663016, 0.039393844770288046
0.2407245186879679, 0.30070570636767585, 0.7022327612593818, 0.2212508543113486, 3.1311499312436464, 0.039388076001890406
0.2407288839508242, 0.3007403309962161, 0.7021993531417641, 0.22118065318216884, 3.1312466181243366, 0.03919764506739576
0.24073075862479895, 0.3007243089004322, 0.7022115209321452, 0.22121567794000724, 3.13120224279339, 0.03921545455297224
0.2407425568599324, 0.300756816091996, 0.7022107874351892, 0.22125224401363092, 3.1311818540809826, 0.0391260850105032
0.2407309096874318, 0.30075742582694903, 0.7022106491741019, 0.22110370828853598, 3.1312260403507817, 0.039084450172281945
0.24075488867375272, 0.3007516783463228, 0.7022213642813406, 0.22125404896760398, 3.1312256378180505, 0.039150895616631896
0.24075911873292946, 0.3007534927872923, 0.7022189346210851, 0.22125266573813884, 3.1311994799693723, 0.0390969121076745
0.2407549878634219, 0.30073115114566584, 0.7022392024107057, 0.22123229768144193, 3.131165355637204, 0.03925821636137559
0.24082027014938776, 0.3008214746718065, 0.7025920690744597, 0.2212500030931397, 3.1310412570877255, 0.03911796189886343
0.2408289639500656, 0.3008126031521542, 0.7035455492780015, 0.2212481365327741, 3.1309866019895503, 0.039296294460839994
0.24083651899647882, 0.30086369815576475, 0.7043595291635905, 0.2212018551971085, 3.131109431771763, 0.038968315761254445
0.24084272158348047, 0.3008337073517071, 0.7053223190609906, 0.22121693195673414, 3.1310222738310665, 0.039230932346993604
0.24085057249323322, 0.30086073832853943, 0.7062392808988934, 0.22117636587771705, 3.130866036243476, 0.03994986553674569
0.24086142008552514, 0.3008274255110082, 0.7072667820880508, 0.22116684826357, 3.1307154679948854, 0.04021825876442988
0.24085744421550445, 0.30085245453402304, 0.7080861674560754, 0.22105784584596067, 3.130683688753174, 0.04044467035994109
0.2408591758608079, 0.3008081416233409, 0.7090585562611215, 0.22107409416317772, 3.130649275488346, 0.040634347977947426
0.24085386142342521, 0.30079740961806106, 0.7099223473217164, 0.22107463999386728, 3.13060301934052, 0.040717112847523114
0.2408607004242451, 0.3008341964412499, 0.7107824032774752, 0.2209821238779217, 3.130550259569337, 0.04097364710363492
0.2408829891654903, 0.3008558115284535, 0.7116704032014389, 0.22100205549669932, 3.130519607547484, 0.04120407551348026
0.24089371694971767, 0.30089632052887194, 0.7125893737675583, 0.22092547966947904, 3.1304892509361153, 0.04123462767901402
0.24091323152109625, 0.30096504323624246, 0.7133907593163022, 0.2208737114610245, 3.1304924784850106, 0.04122175504073462
0.24093363740775015, 0.3009404390657465, 0.7142985769897704, 0.22094690900677533, 3.130422488830931, 0.041494778230144906
0.24092610878734474, 0.3009292365274954, 0.7152718210096228, 0.22084801576181026, 3.1303686932692005, 0.04175067585545851
0.2409405779777895, 0.3009669138641121, 0.7161614012480613, 0.22080859562543423, 3.130284751802809, 0.042012695674137804
0.24094785065921592, 0.30097431331886637, 0.7171717674419934, 0.22076232875441962, 3.13016129286086, 0.04245345579774181
0.24096837660153075, 0.3009910103785358, 0.7181201868806828, 0.2207580374338653, 3.1300877970860976, 0.042880791224021254
0.24097554856373488, 0.3009568018416164, 0.719125808192861, 0.2207478999811567, 3.129941566667444, 0.04329302660147903
0.2410132488893146, 0.3010490498249564, 0.7200120775617341, 0.22080413126836915, 3.129928103158204, 0.043375079625761384
0.24104038134022743, 0.3010364880165893, 0.7209115751467656, 0.22073375130361883, 3.12964474088663, 0.04339392121618289
0.24106452235221032, 0.30109463594609404, 0.7218427005055136, 0.22075685324063657, 3.1298144847450833, 0.04333310408732743
0.24106183607832427, 0.3011385463789612, 0.7228013049156624, 0.22070184668135656, 3.129884000284504, 0.04387394347358631
0.24106420811634977, 0.3011249326012877, 0.7237003385708899, 0.22068017672806262, 3.129818416903722, 0.04432531763131846
0.24106516533508407, 0.3010811773990914, 0.7246890579077719, 0.22064856735944832, 3.129634578259241, 0.04479548816975088
0.24107399702259877, 0.3010713036699384, 0.7256366382413063, 0.22075528405742825, 3.1295364038731806, 0.04535469051025189
0.2410955796976218, 0.30113818275793086, 0.7264980022250004, 0.22064190302287034, 3.1295283103363456, 0.04551362393778187
0.24112703862684146, 0.30118538191918065, 0.7273266834840613, 0.22067776063505098, 3.129460393633947, 0.04572670531796714
0.24112078923560132, 0.3011648554816264, 0.7283149773099609, 0.22068465842025764, 3.129300926172632, 0.04619079413401175
0.24112409511203928, 0.30116569494239365, 0.7291464693367766, 0.2206089303435915, 3.129277231340641, 0.046463407016334474
0.24113403298195732, 0.301173899383361, 0.7300820632915717, 0.22059975108277255, 3.1291769505253724, 0.04666025436710402
0.24115516875071752, 0.30119176174593076, 0.7309740009706471, 0.2205764346265629, 3.129113617656107, 0.0470337326141137
0.24116543991524805, 0.3012068693526337, 0.7318724478906974, 0.2205519773208624, 3.1290916192467, 0.04699222661110069
0.24118034819843082, 0.3012421085574164, 0.7327927599317776, 0.22041305531347674, 3.1290496016172638, 0.04701544351196968
0.241195195635288, 0.3012765614403425, 0.733728899323602, 0.22044131560150113, 3.1289287883950028, 0.04757969205130761
0.24123193817960759, 0.3013568329496144, 0.734638973291944, 0.2203988473385819, 3.128948237464831, 0.04757910056281782
0.24125449337405983, 0.3013992352492619, 0.7355111992950597, 0.2203769807336088, 3.1290023159895144, 0.04735739587226447
0.24123842404507917, 0.3013604952326891, 0.7364107919415123, 0.2203109867149207, 3.1288920924245223, 0.04772593119253278
0.2412558649420733, 0.30140158716736315, 0.7373624794892086, 0.2202433171329113, 3.128828506818132, 0.04782108355778359
0.2412522873329356, 0.3013907846039291, 0.7382307989894966, 0.22019957505699214, 3.1287971822015725, 0.047993354186047284
0.24125259030350052, 0.30139759278715417, 0.7392404728497309, 0.22018408468206296, 3.128688839439212, 0.048445369165614476
0.241272757884291, 0.3014335034690119, 0.7401642276758544, 0.22010059334108262, 3.128721508599912, 0.048329947311262375
0.24126068125974315, 0.30137804567232584, 0.7410437537082603, 0.22012756705275718, 3.1286276083699534, 0.048531445072185216
0.2412767495173804, 0.30143915721796677, 0.7408890556484569, 0.2201404161505771, 3.1287629314219862, 0.04832224173117972
0.2412686985580385, 0.30138082682699757, 0.7409376425350133, 0.22019163466915403, 3.1287174736855925, 0.04822128852468284
0.24127096167705872, 0.30140404108405433, 0.7409260384403928, 0.22009950063102163, 3.1287384077632594, 0.04826855890364718
0.24131142304446446, 0.3013961437478366, 0.740912363595059, 0.2202397484217877, 3.128498345682795, 0.04810805341689486
0.2412946178422266, 0.30138592781876034, 0.7409208161553045, 0.22028663021277226, 3.128725766126854, 0.04814938347296625
0.2413082686008749, 0.30142910173959, 0.7408936066667657, 0.2201734130343088, 3.128688648141652, 0.048066568300894105
0.2413037601843733, 0.30137618832081436, 0.7409235999497006, 0.22034092570131805, 3.128679965799436, 0.04816710993801438
0.24132668960758535, 0.3014127975757648, 0.7408837335272499, 0.220323632878385, 3.1286821483494864, 0.04798882849253644
0.2413238390544658, 0.30144417679595853, 0.7408482703361866, 0.22030983953324976, 3.128768216062206, 0.04789374773685293
0.24133173486002046, 0.3014783966370307, 0.7408393142801828, 0.2202733805867313, 3.128770303828315, 0.04795366405793814
0.2413527182434371, 0.3014689059324191, 0.7408232133111826, 0.22023148054429997, 3.1286583902582796, 0.04795268550199625
0.24135345595716742, 0.30147658751812895, 0.7408198951356141, 0.22027069484175896, 3.128694292103501, 0.04789359984581444
0.2413557719320535, 0.3014558745126271, 0.7408264052460967, 0.2203050952031224, 3.1286272466255025, 0.04789946097219655
0.24137106752386575, 0.3014879655038847, 0.7408007527534519, 0.22027030302677253, 3.1286754191755466, 0.047803965082378636
0.24135775417775301, 0.3014517009453007, 0.7408189688909121, 0.22028942804559867, 3.1287000242824976, 0.04785714217515757
0.2413712094506805, 0.301446719462206, 0.7408454712849376, 0.22034179726118253, 3.128646569543324, 0.04779322531797034
0.24138001687278124, 0.3014359188967166, 0.7408560835719267, 0.22032371320258257, 3.1286932131786824, 0.04763753031034541
0.24138150860231797, 0.3014723757723765, 0.7408336731261301, 0.22026818509589707, 3.1286866394228636, 0.0476311218002525
0.24137427656706442, 0.30145727616892926, 0.7408512822537527, 0.22028668047004513, 3.128692543050803, 0.047656212682775784
0.24137286874469213, 0.3014415121837186, 0.7409088585084002, 0.22026431216592196, 3.128669293640325, 0.047763744979646604
0.24138644822015162, 0.3014634442316545, 0.7409035267171434, 0.22034013429136634, 3.1286878754082053, 0.04765659446452685
0.24140265253370644, 0.30147682708412704, 0.7409316687179194, 0.22031941355525853, 3.1286806023036675, 0.0476324897437274
0.24141434764867142, 0.3014879081372212, 0.7409594884682356, 0.22035433382313535, 3.1286472011615905, 0.047656723892074954
0.24141733034205484, 0.3015097127277649, 0.7409659429151041, 0.22035638202910238, 3.12869222311509, 0.04773888179194583
0.2414240826191254, 0.30149977420209906, 0.7409773562451637, 0.22039264436156597, 3.1286737355139502, 0.04775124607655465
0.24144265881944516, 0.30153125460723607, 0.7409647826474894, 0.22044994211866092, 3.1286939015651156, 0.04758491373082013
0.24145680463237976, 0.301559980683007, 0.740995638528202, 0.22041192944571344, 3.1287180297072683, 0.047597098970776755
0.24147218100684106, 0.3015799777884554, 0.7410791779477692, 0.22044387496445056, 3.128688126979785, 0.04760327291040787
0.24147003352195123, 0.30154782272049174, 0.7411230367332402, 0.22051599186072343, 3.1286632538925097, 0.04763332783980272
0.24148358378492918, 0.3015573993317952, 0.7411711835899801, 0.22051322202886875, 3.128657984733851, 0.04765205206068885
0.24149062583167366, 0.30155685940025284, 0.7412286039236107, 0.22050969820821748, 3.128650136264626, 0.04756876907547058
0.24152373481238257, 0.30156786078008274, 0.7412323956483331, 0.22066140373810736, 3.1287071850168098, 0.0474848729346204
0.24152621935778487, 0.30159998582615544, 0.741271855903586, 0.22060431312906578, 3.1287184463322792, 0.0475084071746141
0.24155698031824394, 0.3015934380667694, 0.7413057270057938, 0.2207891645012922, 3.128692317747667, 0.04756272992157402
0.24155461432915637, 0.30157857900264895, 0.7413532430724583, 0.22069111663258248, 3.1286478481816133, 0.04761689966401258
0.24156824218768752, 0.3015614735373933, 0.741400678144779, 0.22072731068797627, 3.1286657297887435, 0.04768733722063112
0.24157934454142635, 0.3015951797353589, 0.7413917831011312, 0.22076517571470528, 3.1286804300901343, 0.04749671099043647
0.24160178179326652, 0.3016241508386939, 0.7413995243947994, 0.22063353592038504, 3.1287151516161904, 0.04731259217567707
0.24160297007494513, 0.3016267357614219, 0.7414616972283893, 0.22063029977857504, 3.128714701113178, 0.047312254515132234
0.241601482628684, 0.3016287652874709, 0.7414889413666945, 0.22057370929707867, 3.1287676370083557, 0.04720020892260194
0.2416265253622099, 0.30166975335145896, 0.7415224282579158, 0.22057253772958454, 3.128785467422248, 0.04717167560185059
0.2416218418183542, 0.3016490279194474, 0.7415815082576246, 0.22060469475516034, 3.128705855198016, 0.047349712270757696
0.24161578468735537, 0.3016633247415432, 0.741617668340778, 0.22058528407212594, 3.1287417322845723, 0.047308225451370624
0.24162414423997364, 0.30163054394264566, 0.7416522642112542, 0.2206953264555228, 3.128698883236472, 0.0473493801017068
0.24164826162934522, 0.3016903557934211, 0.7416287524867924, 0.22067780832236975, 3.128723656379448, 0.047242171743454
0.24164345094253983, 0.3017017755537233, 0.7416661615170701, 0.22060357170153233, 3.128796700927124, 0.047159723041417814
0.24166961336415285, 0.301698468184135, 0.7416769210253046, 0.22077033912132002, 3.1287350806227443, 0.04721290656627112
0.24165098864485188, 0.30172652518978343, 0.7416751069629868, 0.22060245468379783, 3.1287978453700522, 0.047040644552843056
0.2416544666673372, 0.30169353242678043, 0.7417274616842403, 0.22059884018394532, 3.128789349463378, 0.0469572036414947
0.24165453897757588, 0.3016934892074573, 0.7417645318893316, 0.22067183931245418, 3.128780617227047, 0.046974946391078465
0.2416880394947267, 0.30174374574857477, 0.7417567795884026, 0.2207676850673404, 3.128804574465859, 0.046892072993128156
0.24167442025710753, 0.30172449656970035, 0.741819073379571, 0.22076468861270504, 3.1288154533017676, 0.04689914717308008
0.24172680277209424, 0.3017535860123264, 0.741820027050535, 0.22082002501825745, 3.1288099805762366, 0.04677940098367508
0.24172194492054072, 0.30173502090587506, 0.7418891083349011, 0.22077937245858803, 3.1288104061402247, 0.04689866597541776
0.24174279176074467, 0.3017571695846169, 0.7418785832247817, 0.2208166031850743, 3.128792763400335, 0.046850540791602835
0.24173530037575217, 0.30174169167436604, 0.7418736842436253, 0.2208366827147741, 3.12883818029123, 0.046696030541999486
0.24174235925869136, 0.3017469907327764, 0.7419181011380036, 0.2208158704472159, 3.12883845912661, 0.046696353646452075
0.24174036823196537, 0.30176302532419563, 0.7419141743808522, 0.22072204523619635, 3.128856884795048, 0.04658381401941282
0.24175759689014673, 0.30174599199364904, 0.7419709970106246, 0.22077455454038922, 3.1288237471564746, 0.04670891301003795
0.24173789982590418, 0.3017384752406204, 0.7419892458017114, 0.2206814573024189, 3.12886856512365, 0.04664967871473052
0.24177305983384978, 0.30177512138906026, 0.7419992562873138, 0.2207180219080206, 3.1288651474238467, 0.04659015161599469
0.24179537904869233, 0.30184527835389774, 0.7419708071951894, 0.22075847397959553, 3.1289100378152064, 0.046434390553725495
0.2417999337149446, 0.30182999599809507, 0.7419740734574864, 0.22073901345962257, 3.1289069906155293, 0.0463927342369393
0.2418199184757881, 0.301843788814197, 0.7419799497446955, 0.22079513176774607, 3.128906147657221, 0.04637550529654937
0.2418258354649867, 0.30183483527565547, 0.7420186096899061, 0.22084834331057585, 3.1288862252101746, 0.04644628547357025
0.24182835212861506, 0.3018175245863121, 0.7420382629485679, 0.2208634471042358, 3.1288196686647174, 0.04651188203045016
0.24184581097956845, 0.30180998994205177, 0.7420705188361233, 0.2209200443359172, 3.1288637252559934, 0.04645814866200669
0.24182913914485998, 0.30182487077822584, 0.7421098031542798, 0.22082362838582426, 3.12885537318864, 0.04647138311077967
0.2418497410439256, 0.3018667047856717, 0.7421168705336431, 0.22078622576648868, 3.1288609512851635, 0.04651190211790306
0.24184871630631402, 0.3018639185085745, 0.7421577362355863, 0.22085892567036342, 3.1288481340385594, 0.0465480871362787
0.24185171715964682, 0.3018624465158635, 0.7421589506685272, 0.22082158273337946, 3.128857397388711, 0.046572321089555675
0.24187646992520168, 0.30186743714517283, 0.7421841549715004, 0.22096876976412796, 3.1288165082525543, 0.04653660432398269
0.24186542074954676, 0.30187824194873564, 0.7422286879007773, 0.22091114482439925, 3.128847462914552, 0.04647135235144136
0.2418815732947987, 0.3018740384791849, 0.7422609324865356, 0.22096529280623156, 3.1288749111967307, 0.046151375027931214
0.24186888058590802, 0.3018511308063265, 0.7423213382136381, 0.22092359045945748, 3.128834361246352, 0.04628858891211217
0.241888663104128, 0.301914920597142, 0.7423079351402562, 0.22086938894427663, 3.12887705243189, 0.046168808298243345
0.24189988990402242, 0.30189806766346816, 0.7423220047938057, 0.22096234588555985, 3.1288614851648373, 0.046263997730649195
0.2419051489851357, 0.301919920416136, 0.7423337462957866, 0.22094293109511293, 3.128867154088608, 0.046187034184165185
0.24192717394506869, 0.30193882604283334, 0.7423724307946291, 0.22097611810690385, 3.128806940563797, 0.04621628719895201
0.24193452267258345, 0.3019302697258274, 0.7423962286517807, 0.22104911145051803, 3.128790113703402, 0.04621019844347086
0.24193968841271207, 0.3019545331648125, 0.7424356357903227, 0.22100955630434657, 3.1287804545114093, 0.046264662672370775
0.24195081840858695, 0.30196392661434424, 0.742472780353095, 0.2209898436950623, 3.128807107509975, 0.046258305891374404
0.24196751386605972, 0.3019609634557166, 0.7424998142505795, 0.22109977574984016, 3.1287882397360254, 0.04613455803847723
0.24195771968815896, 0.30193384419183117, 0.7425196830054716, 0.22100496765442634, 3.128809848464913, 0.0460032483895574
0.2419661691955601, 0.30197806082619205, 0.7425229931136844, 0.2210450879469427, 3.1288726229452175, 0.04593758865210308
0.24198810496512796, 0.3019794383542504, 0.7425306032481552, 0.22113531121841598, 3.1288134557469913, 0.0458309047087407
0.24199262728174686, 0.30200810924218496, 0.7425428904219384, 0.22115505730487334, 3.1288467764135834, 0.04578953094265278
0.24201307614629372, 0.3020260746918574, 0.7425688012123992, 0.22113298725186223, 3.1287972918137252, 0.045843854415780295
0.24200798621980057, 0.30201345144210556, 0.7426247367247633, 0.22109010230257176, 3.1287386460567714, 0.045890819767707335
0.24201684256494277, 0.3020527561686777, 0.7426463861356424, 0.2210902665131844, 3.1287691662080204, 0.0458671030369654
0.24200547331500463, 0.3020275580013232, 0.7426927163043171, 0.2210852591719647, 3.128696181236045, 0.04602820988825934
0.24202555794591082, 0.3020269039174366, 0.7427127014562186, 0.2211221097573506, 3.1287236683702373, 0.045826506683470616
0.24202251531726818, 0.30201613919575193, 0.7427264794495179, 0.221122925131686, 3.128768713721336, 0.0457915761733243
0.2420398694949189, 0.3020178982416836, 0.7427325866551022, 0.2211566654523007, 3.1286824241623887, 0.04582621514323577
0.2420694524250199, 0.30202597035619055, 0.7427340458485471, 0.22134383718028758, 3.1286697907496364, 0.045707793513656246
0.24208552602427033, 0.3020329071223947, 0.7427615848353023, 0.2210794873757088, 3.1286922101092554, 0.04572962416782643
0.24209395593597538, 0.30202702198063947, 0.7427917715082285, 0.22118998006376556, 3.128680891569211, 0.04568813167223943
0.24210880883333197, 0.30204858213182145, 0.742838423774875, 0.22116801520907345, 3.1286620155964906, 0.045717976955291395
0.24210959242030822, 0.3020328233058548, 0.7428622148133189, 0.22122192226555423, 3.128631383149025, 0.0457245083620663
0.24211848757387822, 0.302054898805909, 0.7428873263895979, 0.22120034713810452, 3.1286107244864736, 0.04559414695813899
0.2421299379744356, 0.3020207867202367, 0.7429405013414854, 0.22125227664847058, 3.128566295925193, 0.04571327888329247
0.24214617687593934, 0.3020222607805158, 0.7429696447254103, 0.22134420054369996, 3.128547981450895, 0.04570715854419461
0.24216490819338735, 0.30199475003750786, 0.7429937262838792, 0.22143463274691852, 3.128501300501995, 0.04582573457306143
0.2421724619030077, 0.30198674271059034, 0.7430226354345772, 0.2214144006999352, 3.1285096962189067, 0.04573064296230783
0.2421990856957866, 0.3019727258028912, 0.7430303198414797, 0.22158070653384299, 3.128459319160664, 0.04573038818777517
0.24221936546325046, 0.30195715143660345, 0.7430971634630739, 0.22163434763069448, 3.1284638732710888, 0.04579610616675017
0.24221129635161742, 0.3019344362649921, 0.7431290041271534, 0.22166737900866482, 3.12840895247803, 0.045749464198629804
0.2422192311757919, 0.30194810653100407, 0.7431273697328906, 0.221744189786847, 3.128461727887804, 0.045600908356062085
0.24223910298496662, 0.30198834615128933, 0.7431397754387157, 0.221685783750174, 3.128435108131249, 0.045564383041467545
0.24223737042109472, 0.3019689467012739, 0.743203638408191, 0.22168187899186104, 3.1284186611917697, 0.045577907625300826
0.24224541377513278, 0.3019768938704264, 0.7432068150130535, 0.22170070370092088, 3.1284250404668756, 0.045541611326234244
0.24225693102617782, 0.3019635353130937, 0.7432864094747059, 0.22171336020347945, 3.128356538803783, 0.04572577292341018
0.24224528542349685, 0.3019583667208485, 0.7433028969554207, 0.2216749208404814, 3.1283555382868826, 0.04574353779270101
0.2422774278412604, 0.30200844418752015, 0.7432774112946523, 0.22173242690238087, 3.1283795779369163, 0.04550021460991599
0.24227609917509169, 0.3020020177516222, 0.7433244272949189, 0.22174815631350986, 3.128374313141342, 0.045459231903478586
0.2422965154075963, 0.302043311040516, 0.7433318565398735, 0.2218049835561201, 3.128385768293475, 0.04544670663220193
0.24229751125192073, 0.3020131636585537, 0.7433668819732272, 0.2218005909238379, 3.128315732721424, 0.04558900552762588
0.24228419640285664, 0.3019801829679687, 0.7434007580331169, 0.22170441111631575, 3.128328940918011, 0.045553771227431886
0.24230730871418593, 0.30197217222451683, 0.7434212638362219, 0.22177687957614559, 3.1282841000235897, 0.04561321249276252
0.2423274779125996, 0.3019806047880313, 0.7434331594231292, 0.2218134863067396, 3.1282931416871, 0.04544056560411615
0.2423433973628334, 0.3019699500993925, 0.7434456349710129, 0.22190536772600614, 3.128278451212608, 0.04541662564147722
0.24237325768535553, 0.3020052606180606, 0.743429471744968, 0.22194379310824688, 3.128283341380023, 0.04532181865891314
0.24237161902444834, 0.30199797117934174, 0.7434598334378618, 0.22175627323750835, 3.128343757455286, 0.04526778571182407
0.24239418207533486, 0.3019801459054134, 0.7435282759608963, 0.22183939246106205, 3.1281932352775965, 0.04517243107181694
0.24238679473994085, 0.3019617058686748, 0.7435678209019582, 0.22196842148338067, 3.1281767476559694, 0.045209496666540665
0.24241427687062012, 0.3019379420880549, 0.743605773414223, 0.2220226979145714, 3.128193130369858, 0.045162014827540224
0.24243308460040086, 0.30198687501322535, 0.7436536471708379, 0.2220397649302332, 3.128222361147557, 0.045078176422358736
0.24242303412627, 0.30199391317506513, 0.7437358411213709, 0.2219603540098606, 3.1282120202320938, 0.045090350666869214
0.24242495614571044, 0.30200154877117663, 0.7437314264400443, 0.2220175502176327, 3.1282237013678573, 0.0450786744838818
0.24242763029796116, 0.30199643279284955, 0.7437659486773509, 0.22197773035249835, 3.128233213195266, 0.04504275795590213
0.24243886982315271, 0.30196514466592544, 0.7437991926380457, 0.2219737428500036, 3.1281899451061816, 0.045002097890267
0.24244219622948995, 0.3019551716207459, 0.743843079791271, 0.22208452439058038, 3.128184983274078, 0.04510328505437915
0.24244820074717602, 0.3019727589466522, 0.7438561271823756, 0.2219899142235983, 3.128198164172394, 0.045126654169461905
0.2424329410995847, 0.3019555899313946, 0.7439042538997492, 0.22185526655961157, 3.1281756322104517, 0.045209739010005565
0.24244840024980274, 0.3019819335950959, 0.7439068641280769, 0.22181789482484385, 3.1282010348904485, 0.0451022698775479
0.24246601470817666, 0.3019718090880926, 0.7439337488512251, 0.221948679918638, 3.1282213840636928, 0.04507831258328756
0.24249383765790214, 0.30198120695765535, 0.7439861866953438, 0.22201868398420815, 3.128169534026991, 0.04505475119821703
0.24249975592635875, 0.3019689471397749, 0.7440390581925745, 0.22201520507180686, 3.1281451861777163, 0.04510300368604694
0.24251435175221886, 0.30197829632450013, 0.7440156658356981, 0.22209405187128825, 3.128232019317443, 0.0448537980471481
0.24252207869028417, 0.3020002076035457, 0.7440057230704222, 0.22207617395513343, 3.1282251544928243, 0.04494852565921287
0.24252024784910792, 0.3019810401940926, 0.744016268419742, 0.22213125543149448, 3.1282254720168936, 0.04487154452683007
0.24252343307967425, 0.3019770236064383, 0.7440141728561185, 0.22201883349376114, 3.128231953370419, 0.04487185937868158
0.2425247470048453, 0.3019178949712661, 0.744044692185677, 0.22222492911142008, 3.1282432954540837, 0.04492428293559027
0.2425352807293475, 0.30196195435771206, 0.7440142493638692, 0.222189053999207, 3.1282745630711117, 0.044681168476771255
0.242528957262526, 0.3019343632533089, 0.7440439646918502, 0.22214884552169764, 3.128229551341521, 0.044894552476076335
0.24252977965457717, 0.30196014078101846, 0.744030450907944, 0.22216899805458265, 3.128256357387311, 0.04477060289061393
0.24253348312943088, 0.3019337042728518, 0.7440439045004483, 0.22224316111469516, 3.1282507608780272, 0.04476972023690848
0.2425361045797867, 0.30193438248503407, 0.7440469928066736, 0.22224200428436544, 3.1282320055845125, 0.04474007743023882
0.2425464359135457, 0.3019361388970557, 0.7440499169184749, 0.22224179641048641, 3.128219619649095, 0.044793111940025956
0.24256120926535024, 0.3019368867113307, 0.744033763129389, 0.22235710972197398, 3.1282603788037258, 0.04479980014935571
0.24256100234141376, 0.3019395915795784, 0.7440192666514674, 0.22228160108291084, 3.128247209288309, 0.04471022539377854
0.24257610409530092, 0.30192351578496224, 0.7440252063291265, 0.22237594619557743, 3.128266164346278, 0.0447040566555974
0.2425753527241421, 0.30192776299783125, 0.7440128563373717, 0.2223762333541146, 3.1282596662438715, 0.044620636195376186
0.24258255584696617, 0.30193376322475407, 0.7440125153291794, 0.22237608141093632, 3.1282710019609627, 0.04456727106933262
0.24259259095860494, 0.30192332902508956, 0.7440075021674472, 0.2224508870426983, 3.1282535832945984, 0.04462117377564331
0.242600847466335, 0.30193502403190636, 0.7439846893314083, 0.22243440346635174, 3.128309175168231, 0.0444296986397682
0.2426078081927885, 0.30188375820158675, 0.7440119218667275, 0.22258236318766697, 3.128238452078938, 0.04475694968662262
0.24259530532957843, 0.30187997227070457, 0.7440052729441731, 0.22245000720878788, 3.1282451070047994, 0.044596430451000306
0.24261509649341784, 0.3018872656355489, 0.7440076070471539, 0.22260189774232225, 3.1282921243349024, 0.04444779035960483
0.24261651241437596, 0.3018967260693121, 0.7440004852293836, 0.22256329117255538, 3.1282565343726256, 0.04450767858645225
0.2426239144890564, 0.3019209214128671, 0.7439756257077959, 0.22252914048492142, 3.128320811156684, 0.044340633127167565
0.24261943682717813, 0.3018981882156694, 0.7439606040355209, 0.22262299693707469, 3.128283720949093, 0.04448291441835201
0.24261554290659382, 0.30186503206098814, 0.7439689245875328, 0.22271663144873824, 3.128296770653329, 0.04439345310623917
0.2426417343574895, 0.30191789506418504, 0.7439339385353207, 0.22264448299792888, 3.128359753417274, 0.04412631325331342
0.24266463927270035, 0.3019096352495975, 0.7439081099046123, 0.22277592558960038, 3.1283197270389933, 0.04414995299972269
0.24266017505130624, 0.30190437810030496, 0.7439157740007175, 0.22272022009481324, 3.1283457927263694, 0.04416163392713112
0.24266966598912165, 0.30191004079346256, 0.7439237537659215, 0.2227562159543141, 3.1283204292465325, 0.044149706663731254
0.24267086471673222, 0.30189823122266096, 0.7439455036055187, 0.22279213964862438, 3.1283060640607445, 0.044144325626363015
0.2426889919762825, 0.30191327959117803, 0.7439149170944245, 0.2228513428278845, 3.1283323100272455, 0.04412000276409537
0.2426851035355311, 0.3018827782720165, 0.7439486008205848, 0.2228306844745533, 3.1283204629326944, 0.04423276407445138
0.24269455996721295, 0.30188240175942255, 0.7439471319759782, 0.22288668183702778, 3.1283046408581727, 0.04428597945245227
0.24269726293759927, 0.3018772590652704, 0.7439476138217002, 0.22290595973720367, 3.1283304893061774, 0.04416094472872802
0.24271482187086818, 0.3018996985527966, 0.7439588766703565, 0.22296275853463499, 3.1283764504040574, 0.04398847112857787
0.2427333494529517, 0.3019306841098426, 0.7439349152827179, 0.22292547426259493, 3.1283440519488157, 0.04408901245818199
0.24273782938876126, 0.3019270785289655, 0.7439173080687753, 0.22302030021453098, 3.1283384396020057, 0.04402933014674211
0.2427448805012395, 0.3019032606323345, 0.7439271214830597, 0.2230933366505712, 3.1283062140037283, 0.04403505914077662
0.24276755052542265, 0.3019000331302602, 0.7439126812412855, 0.22311308284612097, 3.128315282943704, 0.04398072312039648
0.24274681352996172, 0.30190815671253723, 0.7439119008416636, 0.2230569029346591, 3.128332150678097, 0.04392781768970531
0.2427705732665351, 0.301864009397218, 0.7439468689584244, 0.2231443735016079, 3.1282370544561457, 0.04392203117206659
0.2427805693196669, 0.3018588827339351, 0.743973485627022, 0.22316268673052034, 3.1282728362856416, 0.04386248312861971
0.24278190539679423, 0.30187986265543787, 0.743995625495765, 0.22316074204474443, 3.1282544003237347, 0.04383362036244846
0.24280699062945507, 0.30189421929177507, 0.7439878034539831, 0.22325498243189226, 3.1282473899268473, 0.04383279077382813
0.24280929754535527, 0.3018911859148788, 0.7439740571620667, 0.22333186682266684, 3.128288858452378, 0.04367839497450671
0.24280902236039684, 0.3018785057564889, 0.743987771187311, 0.22314301264606837, 3.128268900248502, 0.04382045365999574
0.2428395002105561, 0.3019186793851368, 0.7439887512587298, 0.22313947111078483, 3.1282207813717053, 0.043577529792698445
0.24283769478266665, 0.30192913472270955, 0.7439634277528252, 0.22308589916808982, 3.1282829602712012, 0.04336985232841336
0.24283844092686038, 0.3018960307230817, 0.7439834445334171, 0.22304192353000915, 3.128170853402994, 0.043429205778669974
0.2428684857311051, 0.301917197469164, 0.7439711388995307, 0.22311454792801122, 3.1281090431081107, 0.0433402713702897
0.2428778241913323, 0.30196112663194646, 0.7439387524673654, 0.2230604748520917, 3.1281450465769356, 0.04313860383160835
0.24288604486102527, 0.301957697162898, 0.7439418716555676, 0.22315441755082358, 3.1281347418435654, 0.04315567817160105
0.24289502089981213, 0.3019651571207205, 0.7439347448274404, 0.22309723698049871, 3.128130550303051, 0.043131737288751484
0.2428876028820505, 0.30193492773543623, 0.7439538488051245, 0.22307717966048013, 3.128103916080751, 0.04325645796539302
0.24289843912150522, 0.3019645508203688, 0.743935985577562, 0.22306037134185075, 3.128132243216951, 0.043190747764737476
0.2428969273895225, 0.3019579034029707, 0.7439426479082417, 0.22307804087620434, 3.12811578310488, 0.04320254623919609
0.2428865793824756, 0.30193238733520594, 0.7439587921420437, 0.22309556169984535, 3.1281027122639506, 0.043256480840475155
0.24288547543642458, 0.301941575893321, 0.7439532094685684, 0.2231148777672391, 3.1281096686448824, 0.04322116238861006
0.24289785604074488, 0.3019692526004226, 0.7439332008682475, 0.2230217257582235, 3.128120112330718, 0.043143381919696314
0.24290848107656685, 0.3019510628157006, 0.7439304951018352, 0.22315371233686057, 3.12812575528541, 0.04313150834874168
0.24290072801445803, 0.3019672356306148, 0.7439415210818341, 0.22305946671112975, 3.128116945568096, 0.04320249613483577
0.24290103789714432, 0.30196205964909, 0.7439359901558733, 0.22313551461821718, 3.1281385012526646, 0.04319675857580198
0.24289591068471497, 0.30195254361298224, 0.7439433835900716, 0.22311476060476118, 3.1281020444104968, 0.043197448655250555
0.24290104474723181, 0.30196232344638785, 0.7439347653491238, 0.2231719326440551, 3.128095243963041, 0.04315476010805927
0.2429068680012503, 0.3019559443207495, 0.743933609869784, 0.22317199807780874, 3.1281098819574367, 0.043142775561245995
0.242900111338027, 0.3019482472663842, 0.7439411348765618, 0.22313296878389371, 3.1280892079732383, 0.043191443840506785
0.24290032694130057, 0.30196626829378387, 0.7439403609921076, 0.22309690665857873, 3.1281185070906257, 0.04318485420519988
0.24290115105192242, 0.3019300984913331, 0.7439458949503694, 0.22318977710461194, 3.1281003974091433, 0.0431788779005598
0.24289331659423835, 0.30193729033316064, 0.7439470595924449, 0.22309639406821022, 3.128114279057613, 0.04320247921038914
0.24290717526237277, 0.3019508658877278, 0.7439426342444038, 0.22317021272970294, 3.128075392857338, 0.04318481288501312
0.24289599706585488, 0.30196468906513074, 0.743933609869784, 0.22311572526318543, 3.1281143905745523, 0.04314293011710757
0.24288993422157273, 0.30194355986946936, 0.7439516749192618, 0.22311524040085198, 3.12811683675632, 0.043244784696008114
0.24289775718057346, 0.30195716207856044, 0.7439353036582635, 0.22313450546910185, 3.1281166031706475, 0.043125829001204936
0.24290913114403562, 0.3019349639190313, 0.743942627796722, 0.22318921790162605, 3.1280887316948798, 0.04317282058127397
0.24290989255885687, 0.30195448408719144, 0.7439359048797186, 0.22319104664692604, 3.1281194639979444, 0.04314932856339226
0.24289446643218673, 0.301931139175157, 0.7439499179019029, 0.22319059242578876, 3.128119269563349, 0.04320929600537694
0.24289957027099546, 0.30195868835810075, 0.7439376191903935, 0.22311467759731607, 3.1280986415143652, 0.04315529808608303
0.24290388509600114, 0.30193966882329787, 0.7439437970236812, 0.22317135644697675, 3.128108959543582, 0.04320249343634399
0.24290073281486455, 0.30194656907391804, 0.7439422326632188, 0.22315342484653, 3.1281255524519636, 0.04319147798058269
0.24291433304634696, 0.3019507542022354, 0.7439274302456108, 0.22319095608442444, 3.128119771973934, 0.043089401752280335
0.24290822922338184, 0.30195032113860387, 0.7439447838932418, 0.2231340137798725, 3.128111270047523, 0.04320237850771969
0.24289681631049193, 0.3019223043447698, 0.7439491619659733, 0.2231151211453154, 3.1281163246028867, 0.043184566267754694
0.24290445508010475, 0.30195578987408817, 0.7439324589813799, 0.22319186698717094, 3.1281352234703563, 0.043136958179262073
0.24289503295239598, 0.30194436317539364, 0.743949951543398, 0.22313404184038801, 3.128119236393564, 0.043226989814047594
0.2428972590818943, 0.3019292871067469, 0.7439560837748137, 0.22318842816273124, 3.128073590159592, 0.04324467027473298
0.2429037301524643, 0.3019481462996966, 0.74394534272404, 0.22315211288258022, 3.128099180387175, 0.043196622728752444
0.24289019999199316, 0.30193246567362875, 0.7439549373952812, 0.22317136418164835, 3.128112971228362, 0.043244822129798764
0.24290584331540546, 0.3019298026712164, 0.7439431659839488, 0.22317119372344074, 3.1281088779484647, 0.043143944004319236
0.24290966532751654, 0.30195111388804147, 0.7439312897787562, 0.22319088468103926, 3.128116177406624, 0.04310723566300508
0.2429039840608681, 0.301925239232082, 0.7439435748084076, 0.22324690949424253, 3.1281042961887633, 0.04314344207355196
0.24289080983229544, 0.30193108989819234, 0.7439537726691585, 0.2231146031682051, 3.1281090263670346, 0.04322095542718785
0.24289221181120815, 0.30193165277863776, 0.7439549282320013, 0.22315162349001946, 3.1280915237353706, 0.043232894444578514
0.24289703344923844, 0.30192567838209966, 0.7439537772800656, 0.22319028745986563, 3.1281150311454056, 0.04322692392735867
0.24289856420046013, 0.30193234682034975, 0.7439481991892356, 0.22320993381971604, 3.1281329196454206, 0.04319740983165795
0.2428931325780129, 0.3019396970683517, 0.7439505148040472, 0.2231340005940604, 3.1281192384069696, 0.04322698927243474
0.24290859721279576, 0.3019602732687359, 0.7439257068481299, 0.22315367065177588, 3.12812666471476, 0.04307176048958995
0.2428919080462139, 0.3019338213608298, 0.7439508892756294, 0.22307758442688597, 3.1281191472499703, 0.04318536517579559
0.24291618027814732, 0.3019728871334736, 0.7439243639386149, 0.22317336276791244, 3.128139855080642, 0.043119799130213445
0.2428905653202776, 0.3019451578098467, 0.7439466553804386, 0.2231156487710579, 3.1281246435627135, 0.04320931023334178
0.24289946151825587, 0.3019405183019852, 0.7439495857866953, 0.22315246953416087, 3.1281142912962774, 0.043184758872547024
0.24289968216242194, 0.3019382906179476, 0.7439391521873551, 0.2231340332668941, 3.128115947077904, 0.04312560758489132
0.2429131235420751, 0.3019535019219322, 0.7439297594750901, 0.22321081840295262, 3.1281334069324447, 0.0431368190665347
0.2429047623572265, 0.3019507114816771, 0.7439414832661292, 0.22317142399332818, 3.1281019019161813, 0.04317894499545957
0.24290072572166937, 0.3019526687218269, 0.743940323188908, 0.22309638797859532, 3.1281108287023494, 0.0431610977581668
0.2429005512641774, 0.3019314702634054, 0.7439470595924449, 0.22315250377279094, 3.1281101112477683, 0.04320242751016962
0.24291546807742234, 0.3019624998992862, 0.7439264532163173, 0.22311569204078568, 3.128113257908006, 0.04308404246321646
0.24289973191458408, 0.3019469735109508, 0.7439422372414595, 0.22307896418544562, 3.1281414939046965, 0.043197182021426916
0.24289638532949048, 0.3019391062659028, 0.7439443214643959, 0.2230955928128233, 3.128099295464801, 0.04315582382009588
0.242918796422308, 0.3019646531646075, 0.7439174288170661, 0.22322995538628548, 3.128140376791572, 0.04304220916057337
0.2429139439601457, 0.30195873754082636, 0.7439270461749494, 0.22320917867840614, 3.1280997867095555, 0.04311909206278367
0.24290471205194183, 0.3019416670939626, 0.7439472476115433, 0.22309610529809334, 3.1281095794088722, 0.04322072723060427
0.24290196942151784, 0.3019287916437249, 0.7439543787728998, 0.2231345610052007, 3.128125567527072, 0.043250320911979924
0.2428952232512491, 0.3019387190112739, 0.7439526600340391, 0.2231728209567224, 3.1281391349106173, 0.04323885292930769
0.24292086537212385, 0.3019550893664606, 0.7439230072963301, 0.22315394219208573, 3.128125691478871, 0.04307146792232949
0.242901214720183, 0.3019539135830941, 0.7439343501062132, 0.2231154378449581, 3.128113593095824, 0.043143432510898555
0.24290503489779702, 0.30193351762882525, 0.7439466553804386, 0.22319055512194852, 3.128118640794524, 0.043209104886864
0.24291100477224545, 0.30194860064387224, 0.7439364545991614, 0.22309535127828742, 3.1280914830902167, 0.04313128412173261
0.24290270025218302, 0.3019424800368108, 0.7439472568007747, 0.22319121912727286, 3.128126312716455, 0.04323286234884129
0.2429020093558191, 0.3019350664013574, 0.7439454906792584, 0.2231713171196998, 3.128112680450258, 0.043185444212957814
0.2428953744154679, 0.30193951473601915, 0.7439443260491878, 0.22307748116093898, 3.12811182572269, 0.043161740436863966
0.24289988458117698, 0.30194159711452745, 0.7439426369339548, 0.22313419316079083, 3.128115514476036, 0.04318474920716261
0.24289941089223888, 0.3019375575598746, 0.7439454861269094, 0.22318983035518244, 3.1281005649507607, 0.043179690153893516
0.24290460354714638, 0.30194440647383214, 0.7439358986763333, 0.22319163477712528, 3.128134726027548, 0.04313755076591785
0.24290600570125034, 0.30193011451174584, 0.7439494216617747, 0.22318918198603124, 3.1280882393458986, 0.04323271588974052
0.2429093544070765, 0.3019441062530156, 0.7439465119896052, 0.22317186697711816, 3.128116065309314, 0.043226089879289664
0.24290899297296245, 0.30194941358877436, 0.7439364637105188, 0.223152779033227, 3.128110572991198, 0.04314331599875124
0.2429209840323372, 0.30196119841446845, 0.7439162734511209, 0.2232306053004831, 3.1281553093504835, 0.04303033042896242
0.2428944137548433, 0.3019251957010293, 0.743957627462053, 0.2230762593421899, 3.128095878263714, 0.043232569479468255
0.24290066865857057, 0.30192275384635875, 0.7439537772800656, 0.22317142070880763, 3.1281158802258355, 0.04322676903388334
0.24291816541432218, 0.30196305566873266, 0.7439224484054807, 0.22315454697936676, 3.128137265725342, 0.04307747937955128
0.24290451620616793, 0.30194126662794957, 0.7439387774430929, 0.22319079451349141, 3.1281155756446286, 0.0431670712679715
0.2429113076799832, 0.3019547155431024, 0.743938238848122, 0.22324930314288904, 3.1281417627745403, 0.04320271423969971
0.24291441114745183, 0.30195987121786977, 0.7439291823436089, 0.22315272232881125, 3.128103293116449, 0.04311892363041358
0.24291006645594737, 0.30195208126235523, 0.7439324498180289, 0.22317172831023474, 3.1281134739627663, 0.043124927874124225
0.2429039607476158, 0.3019459144304935, 0.7439349087819942, 0.2231523276458568, 3.128099556666343, 0.043137463780064285
0.24291089999034068, 0.3019569854751367, 0.743930914915867, 0.22313498310960717, 3.1281231822982063, 0.043148492948767964
0.2429130877919636, 0.3019296705459402, 0.7439490220032525, 0.22320909262923627, 3.1281088599057667, 0.043245149032068525
0.24290536266722468, 0.3019641653095559, 0.7439268668624354, 0.22317241077467634, 3.1281219201236135, 0.04308965969924864
0.24290348398824124, 0.3019387015008136, 0.7439426369339548, 0.2232091695827336, 3.1281104963791155, 0.043184852529862726
0.24291186472943005, 0.30194739646804525, 0.7439447838932418, 0.22319014670324733, 3.128107427769208, 0.04320242918564188
0.2429128156271275, 0.30194686445185687, 0.7439438498623648, 0.22317093232550891, 3.1280933126709196, 0.043214936349283105
0.2428938463691839, 0.30194741312782, 0.7439511024952593, 0.2230955413441557, 3.128095386944457, 0.04323285733242316
0.24290496513498255, 0.30194260005870005, 0.7439398896869354, 0.22313230644183038, 3.1280779160715215, 0.04312621748871361
0.24291105321621795, 0.3019251266430188, 0.7439419968200234, 0.22322655413347678, 3.1280863063207147, 0.0431143754223064
0.24288944568297594, 0.30195714083732356, 0.7439441963758309, 0.22309759059756679, 3.1281414493453648, 0.043196817797041556
0.24290431694250897, 0.30194646803258796, 0.7439453564656044, 0.2231350568754717, 3.128133886297899, 0.0432142554190841
0.2429105953339207, 0.30194432826893003, 0.7439403277412712, 0.2231905137942643, 3.1281152366572624, 0.0431669544127056
0.24289695194330027, 0.3019343658421547, 0.7439470595924449, 0.22311521377853843, 3.128112771210667, 0.04320242751016986
0.24289743454631746, 0.3019266456785494, 0.7439549373952812, 0.22315247413777559, 3.128113493464921, 0.04324456483136891
0.24291492141805598, 0.30195209729385364, 0.74393597641407, 0.22315284991035267, 3.1281024608103762, 0.04317871612931703
0.24290463377869756, 0.3019325503115643, 0.7439454952901886, 0.22319068200519898, 3.128122535634564, 0.04319136063762591
0.2428999306075793, 0.3019446343816683, 0.7439399125201674, 0.22315367847808584, 3.1281333415687156, 0.04315598921035039
0.24290481104677916, 0.30192723750806777, 0.7439470253701296, 0.22317091229506217, 3.1281049659376556, 0.04316167399109551
0.24289667497411885, 0.3019455526130351, 0.7439449274186081, 0.22305890547645904, 3.128120369842518, 0.043185341933780326
0.2428894087562214, 0.3019484029376374, 0.7439487822774044, 0.22303966157742458, 3.1281070170263736, 0.04319731819599742
0.24291122644294416, 0.3019459260145512, 0.7439353082106143, 0.22313495202102018, 3.1281265450877793, 0.043131326868782904
0.24290332905633621, 0.3019471789724681, 0.7439441826343358, 0.22311492631819632, 3.1281054089698284, 0.04317877600733747
0.24292246780742835, 0.3019500040948574, 0.7439268714148093, 0.2231730208741566, 3.1281315228534097, 0.04309505558098618
0.24290882090477506, 0.3019665533740873, 0.7439253365008657, 0.2231546579816677, 3.1281415085277335, 0.0431191397340479
0.24290381015624252, 0.30192764196950667, 0.7439470299224219, 0.22324719808801827, 3.1281114769813616, 0.04316779053333569
0.24290459121012364, 0.3019503745237658, 0.7439341436184906, 0.22322880137128112, 3.12811394700464, 0.04310813715347013
0.24289915253822014, 0.3019517687266029, 0.7439318281286756, 0.22311637221867, 3.1281404015957928, 0.04307834968340968
0.24291791122311926, 0.3019448849078329, 0.7439312851939284, 0.22320876234344886, 3.1281030036981057, 0.043101112914547005
0.24291370198320267, 0.30194915656969995, 0.7439324498180289, 0.22311554838507497, 3.128116658445168, 0.04312467058586531
0.24291429900560838, 0.3019505244810688, 0.7439420799726574, 0.22322744803062633, 3.128093836188364, 0.04319663797756265
0.2428953744154679, 0.30193951473601915, 0.7439443260491878, 0.22307748116093898, 3.12811182572269, 0.043161740436863966
0.24290632874229853, 0.30194565508981536, 0.7439453472764156, 0.22311531590009492, 3.1281124388847994, 0.043202326775167936
0.24290640434723537, 0.3019519007856827, 0.7439364591256787, 0.22317128665369662, 3.1280983445682713, 0.043137503005024384
0.2429059216416092, 0.30193891951880536, 0.7439449182814409, 0.22311430399829602, 3.1280935651414277, 0.04317341390232208
0.24291370198320267, 0.30194915656969995, 0.7439324498180289, 0.22307823509154262, 3.1281189923473174, 0.0431245682736659
0.24289514439718127, 0.30193888417324566, 0.743950505640743, 0.22311425992278222, 3.1280977907864695, 0.04321506130593526
0.24290257940070076, 0.30195118744299115, 0.743934152781727, 0.22309817065504908, 3.1281448034392496, 0.04311965311144655
0.24290917724345934, 0.3019380011859804, 0.7439399033569101, 0.22320907610027763, 3.128106535073026, 0.04314406214121026
0.2429102277533959, 0.3019403664753328, 0.7439370679439323, 0.22313601626788224, 3.1281563275542554, 0.043166813876653255
0.24290415306410798, 0.30196691298573886, 0.7439291960919174, 0.22311689971941534, 3.128140271784221, 0.0431368705426054
0.24289712614808412, 0.3019555643026636, 0.743940323188908, 0.22309641122136764, 3.128111154597189, 0.04316120019651526
0.24289190459563567, 0.30193673147044325, 0.7439459041136467, 0.2231157222974947, 3.128128370503914, 0.04319075400443188
0.24290855217340282, 0.30194217163039083, 0.7439441917976221, 0.22313480729306312, 3.1281261892943224, 0.043190499392176736
0.24290340902720767, 0.30192667462650585, 0.743945869857159, 0.22317157886354733, 3.128120111543952, 0.04314983875569375
0.24290271185428589, 0.3019249105720696, 0.7439499132909849, 0.22317115738683174, 3.128108429217079, 0.04320307080865923
0.24290126460517683, 0.30194204850629197, 0.7439519014263044, 0.22311436357449044, 3.128097584582989, 0.04321423584427102
0.24289493353985417, 0.3019322726952194, 0.7439520539767432, 0.22311547895238773, 3.1281239413965984, 0.04320907700115579
0.24290264751762064, 0.30193653659756964, 0.7439549664507844, 0.2231895714352732, 3.1280958738525557, 0.043256445338209125
0.24290836187294595, 0.3019478158098161, 0.7439414832661292, 0.2232281166734639, 3.1280980271129093, 0.0431789982982505
0.24290383152536643, 0.30193061563841184, 0.7439431751471354, 0.22315362226808652, 3.1281326595776653, 0.04315577005503031
0.2429066967871468, 0.3019556071973981, 0.7439262702313052, 0.22309765931388653, 3.1281301686921386, 0.043071606828993046
0.24290263572609952, 0.3019186647082507, 0.7439588013311587, 0.22317152808994248, 3.1281189966267196, 0.04326805024084681
0.2429100912029416, 0.3019521449026925, 0.7439335802353153, 0.223134416795086, 3.1281195271422177, 0.04310777685547065
0.2428924151827147, 0.301920231101136, 0.7439663218065857, 0.22311339579889178, 3.1280895726820543, 0.04325037520119039
0.24290278183516278, 0.30195449397775315, 0.7439376375168852, 0.22311698678962147, 3.1281432037252888, 0.043178846134559384
0.24291317774848353, 0.3019360727995288, 0.7439410634221483, 0.2231712399011521, 3.1281046727383743, 0.04316160047160695
0.24289900979132767, 0.3019365902202588, 0.7439443260491878, 0.22317130040040478, 3.1281056266789027, 0.043161894613965926
0.24290008671205934, 0.30193634792934454, 0.7439452974595018, 0.22311442532216788, 3.1281016629913467, 0.04313801416135636
0.24290102817155915, 0.30195637120494795, 0.7439301343043054, 0.22313506841072214, 3.128135514102399, 0.043095450155301133
0.24290049571686595, 0.30195203819147537, 0.7439465028262263, 0.22317085288866667, 3.128094436526529, 0.04321452240804916
0.2429005760004277, 0.3019315338780162, 0.7439481900001674, 0.22317116231392747, 3.128112663094452, 0.04318543001613214
0.24290471351542917, 0.3019180178875003, 0.7439597679983493, 0.22318911397509414, 3.128099091581553, 0.04323846567350055
0.24290524355404056, 0.3019311744756332, 0.7439443306015139, 0.22320929335958511, 3.128113876180587, 0.04316770045395619
0.2429004724576831, 0.3019610189562175, 0.7439262656464898, 0.22309697381899735, 3.1281194703722512, 0.04306584415737977
0.2429042337086659, 0.3019464085947105, 0.7439308837283458, 0.22317355361981614, 3.1281549738390204, 0.043107932699861275
0.24290431373247068, 0.3019379600952757, 0.7439352927339329, 0.22313429140626714, 3.1281195332608407, 0.04310777520940441
0.24289694534936848, 0.3019314597762197, 0.743952044813553, 0.22313305131441583, 3.128100160247775, 0.04319725113885941
0.24289978148621688, 0.3019503811161873, 0.7439370495653091, 0.223058939996553, 3.1281170995424827, 0.0431432637371272
0.2429030399905726, 0.30195555830916404, 0.7439301251671621, 0.22309666944574957, 3.1281152337467897, 0.04308347204787175
0.24289847804258569, 0.3019470828376741, 0.7439472430591467, 0.2231902015285821, 3.128093068349797, 0.043215284423880534
0.24291052885513686, 0.3019679087428666, 0.743921288403636, 0.2231735636196248, 3.1281406342202525, 0.04305999097775468
0.24289900979132767, 0.3019365902202588, 0.7439443260491878, 0.22311495747754387, 3.1281091512814596, 0.04316173992465202
0.24290241609285385, 0.30194786098506926, 0.7439370541176815, 0.2231723290776488, 3.128120961276392, 0.04314937853576773
0.24291736855356602, 0.3019671659355089, 0.74392588971302, 0.2231907328092227, 3.1281085627854894, 0.04308424876392436
0.2429106791563659, 0.3019301073602604, 0.7439454679113239, 0.22318742165546843, 3.128054579981916, 0.04315567090455487
0.24289994484232483, 0.30192993595621354, 0.7439532094685684, 0.22317075401864048, 3.128104856146845, 0.04322090423183837
0.24289044876333604, 0.3019153988789356, 0.7439659091941333, 0.2231883405767617, 3.1280810086179542, 0.043268339061125226
0.24290814498695007, 0.30193543605265327, 0.7439437627885361, 0.22322745120292753, 3.12810145566628, 0.043161843423047984
0.24290044479597012, 0.3019370599094244, 0.7439600232427187, 0.2231317553701674, 3.128069146653864, 0.043280699208532725
0.2429133855065195, 0.3019540688204594, 0.7439392055258107, 0.2231538281445909, 3.12812893051032, 0.043172821502528
0.24289356494389272, 0.3019436340510129, 0.7439478200614222, 0.22315372464631894, 3.128129316527529, 0.04323296433770787
0.24290643580668578, 0.3019399515565093, 0.7439335831873376, 0.22315490505742394, 3.1281557834678413, 0.043107765707046344
0.24291623358378017, 0.3019554202280153, 0.7439268668624354, 0.22321002711452287, 3.1281185789050197, 0.04308945439080209
0.24289371111420482, 0.30193535158591983, 0.7439532049162405, 0.22318985067202018, 3.12809303565456, 0.04321525549355343
0.24289238926145842, 0.3019263399594055, 0.7439564582356885, 0.22313148148742076, 3.128073976876351, 0.04320320723350603
0.24290773074020408, 0.3019462179497117, 0.7439465028262263, 0.22318964919120424, 3.1280926018921944, 0.04321436792043715
0.24289825549100172, 0.30196126522088906, 0.7439335847876446, 0.22311618343464426, 3.128132936865575, 0.04311394123300765
0.24289598423520925, 0.3019381389086475, 0.7439431613991803, 0.22313303233346188, 3.1281008559496217, 0.04313818220455968
0.2428885083739308, 0.30192545645983476, 0.7439531757069772, 0.22311468859591282, 3.128112923159421, 0.04320321066380339
0.24290053691767938, 0.30194616846672884, 0.7439337624779547, 0.2231167713628036, 3.1281397634305854, 0.04313746152762909
0.24289934495403903, 0.3019550793853395, 0.743935312821546, 0.22315422428670223, 3.1281377250140334, 0.043137653706805335
0.24289334439068427, 0.30193133424327984, 0.7439435125516092, 0.2231354695396412, 3.128153671639175, 0.04312561935255241
0.24289106814245398, 0.3019345664627779, 0.7439582335523748, 0.22315246712518966, 3.128110223873667, 0.04326250159086206
0.242892375175007, 0.3019558640708601, 0.7439297099720918, 0.2231161771167813, 3.128129811946141, 0.04307266058807778
0.24290134536196883, 0.301942453372838, 0.7439302732327437, 0.22317240901962118, 3.1281253061311998, 0.04307250591971844
0.24291341385567722, 0.3019424714191961, 0.743934152781727, 0.2232102280235788, 3.12813680789424, 0.04311965260244018
0.24289894384906938, 0.3019541120017425, 0.743934152781727, 0.22315435107404336, 3.128141619183917, 0.04311990914079241
0.2428890681602064, 0.3019178098934375, 0.7439608989503296, 0.22311483324696654, 3.1281161207217716, 0.04324453589114914
0.24290585036023116, 0.30195039649271604, 0.7439289834790446, 0.22323082475409015, 3.128155449215916, 0.04308963465083975
0.24288950927903477, 0.30192505203444653, 0.7439531711546754, 0.22318989481611848, 3.128096934161245, 0.04319751010074499
0.24290772855099754, 0.30193726328905424, 0.7439457264321692, 0.22313423421309847, 3.1281187034904216, 0.04316677265928807
0.24289974241626303, 0.3019266295405431, 0.7439497246456245, 0.22313328122413842, 3.1281076236896954, 0.043161660306150644
0.24289657557800587, 0.3019334621173347, 0.7439470299224219, 0.22313399897653904, 3.1281192179273005, 0.04316768574575765
0.2429061789220834, 0.30194829179715577, 0.743934152781727, 0.2231727746040862, 3.1281398090618473, 0.04311975491698742
0.24289707807096758, 0.30192287076050683, 0.7439586078831553, 0.22313313119935066, 3.128107155263772, 0.04322077338075934
0.24290220802122742, 0.3019327272692611, 0.7439431659839488, 0.22313371741010685, 3.128111553062773, 0.043143944516175724
0.24290822729462008, 0.3019622752471905, 0.7439206918575088, 0.2231173055179519, 3.128148056041736, 0.0430420921926608
0.24289870804847044, 0.3019477133707559, 0.7439410634221483, 0.22305864745666973, 3.1281130310436787, 0.04316170292511772
0.24289564278743736, 0.30194298738706893, 0.7439487868297443, 0.22311496713967394, 3.128112934480638, 0.04320322648568875
0.24290020183386976, 0.30194536733046107, 0.743933578609178, 0.22321131474108238, 3.128141625622044, 0.04310221635422865
0.2428888430272602, 0.3019500046432635, 0.7439352972862575, 0.22304126793361406, 3.128137950975968, 0.04311383808741199
0.24291183714403894, 0.3019624261890266, 0.7439303082216475, 0.22317123671910002, 3.128094895188236, 0.0430961212804553
0.242905942968204, 0.30194189317182063, 0.7439410634221483, 0.22317110006952914, 3.128105339466657, 0.04316180588470136
0.2429071654535211, 0.3019388141534243, 0.7439399125201674, 0.22315381832110576, 3.128132674921059, 0.04315578479536737
0.24289031143171852, 0.30192698665919976, 0.7439554913725321, 0.2230952395204418, 3.128095049189892, 0.0432327387831164
0.24290451108061595, 0.3019588230096848, 0.7439297344903892, 0.22311769034961745, 3.1281587971371203, 0.04310788304523935
0.2428953826578085, 0.30195984984697805, 0.7439447930824338, 0.22309766805251816, 3.128137211569656, 0.043214460374751226
0.24290131132288528, 0.30194222364396833, 0.7439449228662576, 0.2231148721676208, 3.128105254579595, 0.0431794846429819
0.24289980070719072, 0.3019443999259295, 0.7439324185943247, 0.22321144157926812, 3.128145519520827, 0.04308447166590587
0.2428960457639538, 0.30192030541441556, 0.7439624671374725, 0.2231328496761459, 3.128103242824734, 0.04323850325264702
0.24290651571681734, 0.30193150302658206, 0.7439379921475814, 0.22322795603569362, 3.1281133145489743, 0.04310791486589144
0.24290496388294358, 0.30191364550764116, 0.7439631517388661, 0.22314376312701223, 3.1279363335045782, 0.043191022139828394
0.2428984625585946, 0.3019229277691487, 0.7439476255351989, 0.22313750052441877, 3.128197456117676, 0.04320898048071776
0.24287827375029217, 0.30191772308569725, 0.7439163997677776, 0.22318034714504503, 3.128323861607602, 0.04279916638502427
0.24288680906195578, 0.30194123333898343, 0.7439368878785609, 0.22315945798453568, 3.128258255860912, 0.043161428704870636
0.24290271938656136, 0.30193649910292775, 0.7439426257056652, 0.22317394547099498, 3.1281653556055913, 0.04317360788809613
0.24290333138572479, 0.3019440778990447, 0.7439422372414595, 0.22313528444744674, 3.1281376441894615, 0.043197233985507066
0.24290981440370635, 0.3019453671513055, 0.743934152781727, 0.22315428092963369, 3.1281406359110324, 0.043119601697395045
0.2429065513964544, 0.3019608565378965, 0.7439403656030782, 0.22315356150077992, 3.1281257028099696, 0.043190770420812055
0.24289734443473635, 0.30192024321469735, 0.7439628959737072, 0.2231153250354488, 3.128122369124663, 0.04332790819353752
0.24293887990034055, 0.30195388165093145, 0.7439200179142343, 0.22321679140185577, 3.1278579061705902, 0.042893841869040966
0.24291928619087783, 0.30193656480039316, 0.7439694998706105, 0.22318238107728025, 3.127935428858009, 0.04341129318581679
0.24291138831435322, 0.3019465142366483, 0.7439480568111005, 0.22311273807119167, 3.128051337136505, 0.043250979644018014
0.24294328827651349, 0.3019294427561084, 0.7439582010294619, 0.22313355869763743, 3.127697157178397, 0.043185886523587264
0.2428656082364522, 0.30195330854839547, 0.7439432696374317, 0.22308939809227837, 3.128365145705669, 0.04327484626791223
0.24289395473729292, 0.3019504765746889, 0.743934752455758, 0.22313690376879355, 3.1281766776036593, 0.04313764135494244
0.24291815779955217, 0.30191085679682633, 0.7439502295310172, 0.22320094854492614, 3.127955239435657, 0.043084432363044115
0.24288006997557532, 0.30193900211370195, 0.743945944871819, 0.22318049961962066, 3.1283017825759094, 0.04324511844434229
0.2428870575158805, 0.30194757712176645, 0.7439376484974355, 0.22319813392479398, 3.1282744595954526, 0.043191861017426794
0.2428928813102431, 0.30194780885577166, 0.743938766286576, 0.22317429767097735, 3.128170251762302, 0.04315618332418455
0.24291052362617957, 0.30195608178494515, 0.7439308853285841, 0.22311645491823154, 3.1281319626750226, 0.0431136488744546
0.242897097318796, 0.30194949361042106, 0.7439422326632188, 0.22309729160278058, 3.128129394111054, 0.04319142744523673
0.2429096510161031, 0.3019420406972785, 0.7439370541176815, 0.22317209578981406, 3.128120318077551, 0.04314917268615592
0.24290710987721018, 0.3019331982204384, 0.743946443894115, 0.22313130226541425, 3.1280622976661396, 0.043137862174504
0.24290116435736817, 0.3019509558311507, 0.7439318189916472, 0.22313394303271503, 3.1281166194600214, 0.043066524981771354
0.24290734933884922, 0.3019364073025277, 0.7439364573260533, 0.22317218127157218, 3.1281242146689263, 0.04313142785969125
0.242901966582282, 0.301952890636573, 0.7439341390336973, 0.22317137649661986, 3.1281064733583634, 0.043102117275273445
0.2429111950948306, 0.30194295646392083, 0.7439391631241693, 0.2231714439282735, 3.1281090476756144, 0.043143250104529955
0.24291020252120712, 0.3019466659093136, 0.743934134507226, 0.2231332900555845, 3.128096914586614, 0.043095899683520233
0.24289473362210603, 0.3019322284763145, 0.743943489699453, 0.2231516250459035, 3.128096340969946, 0.043096113589406
0.2428937655951894, 0.30193862369660684, 0.7439481717779458, 0.22307559412949793, 3.1280742616617307, 0.04316172877577898
0.24289305168209507, 0.30193090759518865, 0.7439475839859647, 0.22309539676258153, 3.1280992801161087, 0.04315580908373437
0.24290345602593416, 0.3019328217647349, 0.7439514769681296, 0.22311386793075247, 3.1280896355279957, 0.043191129515223324
0.24291270850114316, 0.301931956711059, 0.7439507367393424, 0.2232263738759532, 3.1280820965773324, 0.04319052420537111
0.2428923422846365, 0.3019201929226918, 0.7439508509867466, 0.22311456537591895, 3.128109120585771, 0.04316171044809891
0.24289544042497824, 0.30193968092804724, 0.7439453020442377, 0.22311480736908615, 3.1281133671915766, 0.04314408493537916
0.24290167085319678, 0.30193717531086794, 0.7439403214028666, 0.22315362525061647, 3.1281331742004457, 0.04315517751247202
0.24289158265419702, 0.3019390996702798, 0.7439408413061963, 0.22311465181984028, 3.1281101370205886, 0.043102744754245456
0.24289779268014655, 0.30195149643785835, 0.7439358804017456, 0.22309569113586358, 3.128096348006653, 0.04311384922996068
0.24289665563002102, 0.3019250134387602, 0.7439514388127698, 0.22311339562504243, 3.128082609477589, 0.043167578291926
0.242905318056835, 0.30193464565249867, 0.7439402735191412, 0.22318926895437435, 3.128093199821295, 0.0430967349391486
0.24289582870744467, 0.3019230151810802, 0.7439479882252484, 0.22309499028559623, 3.128087846867737, 0.043149087252912194
0.2429187781609361, 0.30193216000032597, 0.743948032935508, 0.223207122403064, 3.1280717128105087, 0.04318447340278221
0.24290694398767745, 0.30193579616962585, 0.7439352031507381, 0.22318913568515997, 3.1280897973632813, 0.043054583348101964
0.24290822601819248, 0.30194181321210417, 0.7439347203620192, 0.22317056018030343, 3.1280945819020696, 0.04309600177238244
0.24290252297259346, 0.30190690555838684, 0.7439597250872941, 0.2231317312540467, 3.1280839009664083, 0.043208687583962006
0.24290980138812054, 0.3019456985227179, 0.7439329744799825, 0.22317072944019084, 3.1280984739730795, 0.04307825806550962
0.24290478060560375, 0.30195401249307247, 0.7439364500404364, 0.2231136958612422, 3.128079595460926, 0.04312557506298805
0.24290433846736137, 0.3019380237039657, 0.7439364232360914, 0.2231342931463773, 3.128123251775909, 0.043090726447527136
0.24290128709437717, 0.30192468308171044, 0.7439475794595303, 0.2231323099823325, 3.12808502865347, 0.04314979698829564
0.2428985560629853, 0.3019296795290828, 0.7439508756121752, 0.22313209331714054, 3.128081440519602, 0.04316763030399104
0.24290647872921334, 0.30193160032417055, 0.7439514633374885, 0.22307455319090913, 3.1280580146685097, 0.04317317955253846
0.24290074499071665, 0.3019466875715326, 0.7439356921679708, 0.22317314296934634, 3.1281439880806574, 0.04310209896511011
0.2428953172819724, 0.3019482657325196, 0.7439387387193738, 0.2231337511763867, 3.128105067800462, 0.043120556156714604
0.24291132177508074, 0.3019285993330722, 0.7439464575247186, 0.22318904156965827, 3.128092107297466, 0.04315565514586159
0.24291362635208807, 0.30194641184094634, 0.743935280955026, 0.22309384738240343, 3.128061399736356, 0.04309569509080384
0.24289886425203752, 0.3019394269184616, 0.7439464484396368, 0.22311305111622673, 3.1280754946330114, 0.043143985240201604
0.24291239548005986, 0.3019461858739259, 0.7439414650503942, 0.22313153987464895, 3.128058592123514, 0.043154925842983444
0.24289776044930964, 0.3019306509018781, 0.7439435702236401, 0.22309585232492146, 3.12810300780472, 0.04313726678103892
0.24291420864178317, 0.3019565646063585, 0.7439256977368185, 0.22315256135512437, 3.128103724776341, 0.043059782223193996
0.24291020252120712, 0.3019466659093136, 0.743934134507226, 0.22315194656885473, 3.128095747253097, 0.04309595101001735
0.24290750254470564, 0.30195463211279283, 0.7439335756505203, 0.22311523797428415, 3.128109656257665, 0.0431018601964927
0.2429025522149491, 0.301942445614845, 0.7439387387193738, 0.223077175067529, 3.128107949439687, 0.04312019480309713
0.24290886200733372, 0.30194924781654475, 0.7439424409584263, 0.22313157567974332, 3.1280627931039975, 0.043137271572540006
0.24291661886687077, 0.30195945892254283, 0.7439376433558357, 0.22320732073943295, 3.1280652765596617, 0.04316111642808396
0.2428937016029548, 0.30191480827062794, 0.7439597160022854, 0.22311224739912974, 3.1280634237771316, 0.04319706932384701
0.24291415377580677, 0.3019120233843734, 0.7439659203025498, 0.22322280310103676, 3.128016870480198, 0.04325604909573971
0.24290483523493633, 0.3019423656038053, 0.7439323957613847, 0.223170663406055, 3.12809130821522, 0.04305464946462082
0.242895623388341, 0.301922448165672, 0.7439552981330464, 0.22315042733452314, 3.1280763635171445, 0.043185411129165976
0.2429121870288887, 0.30193711112934457, 0.743938711619915, 0.22313023888740985, 3.1280362557165033, 0.043084617596948545
0.242897555162915, 0.301930083967219, 0.7439508801386006, 0.22317031905217494, 3.12809033396578, 0.043173642825719075
0.24291642836111868, 0.30193249922454324, 0.7439466794941219, 0.2231311357203405, 3.1280656844925048, 0.043119187928112125
0.24290523072480427, 0.3019315058298718, 0.74394315231408, 0.22309440120635765, 3.1280799325327053, 0.043125995695856255
0.2429094757692896, 0.30192720533242257, 0.7439419877158855, 0.22318780021752288, 3.1280662634213763, 0.04310243893982987
0.24290924575863493, 0.30192657485467345, 0.7439481672324022, 0.22318726685232554, 3.1280545626258185, 0.043155656712260425
0.2429007831672195, 0.3019294294975208, 0.743943556593012, 0.22311287881453518, 3.1280678627712475, 0.043119473753351706
0.24290159458467278, 0.3019519073483409, 0.7439393651223822, 0.22311448502800602, 3.1280944232335957, 0.043172939068812255
0.2429053234155791, 0.30192272582469126, 0.7439487395372063, 0.22318831599818847, 3.1280772915746096, 0.04316759197194657
0.24288836765579103, 0.3019252943183555, 0.7439591528617504, 0.22307483613582108, 3.1280664223350017, 0.04319717367888751
0.24291143602230325, 0.30196145879772335, 0.743929148194405, 0.22319001959574142, 3.128097621592586, 0.04307842822298397
0.24290311151421554, 0.30194408125255334, 0.7439460602531084, 0.223149554825232, 3.1280427510977336, 0.043167715899733776
0.24290888329296162, 0.3019522214561998, 0.7439385860710089, 0.2231700877640123, 3.128075710540457, 0.043125613426852144
0.2428956446643359, 0.3019403160991177, 0.7439514633374885, 0.22305615341612628, 3.128060150782219, 0.04317343971692985
0.24290837079557343, 0.3019567330771406, 0.7439368716607168, 0.22311499799575588, 3.128105742525742, 0.04311959079101618
0.24289947059849526, 0.3019409611452115, 0.7439402985696398, 0.2230761440639633, 3.128081916083842, 0.04312545676317536
0.24289677701243442, 0.3019195303762381, 0.7439519928491676, 0.22316860656275908, 3.1280563598919375, 0.04315579803495648
0.2429017328528671, 0.30192284285363424, 0.743953570283694, 0.22322577144119637, 3.128063827223856, 0.04316180611477891
0.24289424003851984, 0.30192518628302895, 0.7439491095658528, 0.2231310512114055, 3.128066844962773, 0.04312030990741718
0.24291974526725366, 0.3019790447742258, 0.7439175979018144, 0.22313393060655887, 3.128097619882626, 0.04303686091668574
0.2429006204945488, 0.30193480994734745, 0.7439431568727337, 0.22315131209022984, 3.1280880970808043, 0.043132221851746276
0.24290295332607767, 0.30194341298008365, 0.7439398987721061, 0.22315204802954522, 3.1280993634728245, 0.043138145136788805
0.24290240311902667, 0.30194819237815834, 0.7439358758430454, 0.22318952424682564, 3.1280787524132014, 0.04310803927288111
0.24290064746128465, 0.30191736791660156, 0.7439456590042773, 0.22313144200206828, 3.128070249167768, 0.04310166341107196
0.24290157806781562, 0.3019074801971799, 0.7439607055679518, 0.22318863183558024, 3.1280956155768505, 0.0431970535984426
0.24289987169305688, 0.30194192850279367, 0.743941458634309, 0.22309467431332491, 3.1280768547622557, 0.04314325235078883
0.24290650008546497, 0.30193457405045715, 0.7439476085172895, 0.22316903385949494, 3.1280674322108197, 0.04316167722507317
0.24289928855737877, 0.30191971873587514, 0.7439562740269615, 0.22313176046180225, 3.128081079858297, 0.04316749896847575
0.2429047351366384, 0.3019419695666556, 0.7439460692863791, 0.223131772935915, 3.1280662150877987, 0.04317943541512494
0.2429082862416022, 0.30195085337501515, 0.7439289560677532, 0.22313318625729034, 3.128093838375615, 0.0430538512743647
0.24290072750725328, 0.3019499975531579, 0.7439429998539833, 0.2230748860400046, 3.128055711230661, 0.043131414713747956
0.24290421982071378, 0.3019319143248606, 0.7439431568727337, 0.2231326323819803, 3.128088938601731, 0.0431320676555066
0.2428904532776885, 0.30193339867039126, 0.7439475794595303, 0.22313256650059818, 3.1280859976604813, 0.043150107126896015
0.24289544042497824, 0.30193968092804724, 0.7439453020442377, 0.22307749410442337, 3.1281157009388005, 0.043143982561865475
0.24290187804970537, 0.30195867207497423, 0.7439324065381476, 0.2230391397660771, 3.128096292647086, 0.04307223917116422
0.24290333757193677, 0.30193842815330896, 0.7439364277883604, 0.22315349003389404, 3.1281333354772736, 0.04309668620042658
0.2429010142740367, 0.3019181048887389, 0.7439614685589017, 0.22313012464463108, 3.1280427753795563, 0.04322653763934586
0.24290651571681734, 0.30193150302658206, 0.7439379921475814, 0.223152956366136, 3.128118008189324, 0.04310770938549323
0.24290396844117806, 0.3019283100671159, 0.7439531912462968, 0.22309358676020768, 3.1280643183691694, 0.04319694280438609
0.2429203489029551, 0.3019451029187262, 0.7439335665653678, 0.22315158220663717, 3.1280837160305, 0.04308977760623772
0.24289573586433977, 0.30193179513523455, 0.7439424010863542, 0.22305704458595885, 3.128086985313036, 0.04310764543947991
0.24290783373568695, 0.30192601603237706, 0.7439470117002931, 0.22311293970062968, 3.1280745128543357, 0.04314367337697851
0.24289573586433977, 0.30193179513523455, 0.7439424010863542, 0.22301973166153302, 3.1280893186510395, 0.043107542496489556
0.24290364691948596, 0.301948086861238, 0.7439308699868978, 0.22313463722102428, 3.128123768319021, 0.043090147789675355
0.242906708759932, 0.30193223087295484, 0.743945283828968, 0.22315008472422332, 3.1280650249804323, 0.04312016983479212
0.24290970341566917, 0.3019187910065696, 0.7439549145619924, 0.22316855745087932, 3.1280550671470913, 0.04321468654853999
0.2428995882874358, 0.30193224475952196, 0.7439470162589358, 0.2230950615329708, 3.1280876863637244, 0.043149797529348284
0.24289125733261938, 0.30191168409390406, 0.7439624197001162, 0.22311263729034392, 3.1280747698372213, 0.04320302316032336
0.2429099726824201, 0.30194034297450567, 0.7439344583745342, 0.22315095799449666, 3.128080946747713, 0.043047803434930934
0.24289976635939306, 0.30191801061668744, 0.7439531574848101, 0.22313131633644986, 3.1280658603830784, 0.043179302178786676
0.24290838539973533, 0.3019629439417742, 0.7439268531923526, 0.22303943742188853, 3.1280961586172435, 0.043071455563540986
0.24290209852112288, 0.301935535008352, 0.7439452883744664, 0.22311334042090045, 3.1280790484546426, 0.0431261375974615
0.24290117578349177, 0.30193016209367546, 0.7439470253701296, 0.2231147794277086, 3.128108808023437, 0.04316162327681345
0.2428936993194622, 0.3019561456022299, 0.7439379984871302, 0.2230959559201518, 3.128107920169294, 0.043119846998462476
0.24290394571319973, 0.3019372910365738, 0.7439329544765348, 0.22320813538788054, 3.1280775642273553, 0.04304878669206007
0.24289960509131067, 0.3019115265664104, 0.743955635273362, 0.22316986646510964, 3.1280937082136266, 0.043154953041601954
0.24289604312600224, 0.30192671655736203, 0.7439514252210562, 0.22314928875395082, 3.1280466147908332, 0.04314994244772827
0.24289763734195036, 0.30193311262048156, 0.7439344840813401, 0.2231366936291009, 3.1281765837527082, 0.043077571224434154
0.24288321996520587, 0.30192978665144393, 0.7439500896302889, 0.22311838329304082, 3.1281964793281585, 0.04316714000520535
0.24289579198553327, 0.3019286851807545, 0.7439494940951693, 0.22309613581588422, 3.128118209038317, 0.04312544846910452
