0.21333031408948291, 0.3346129409337126, 0.5551545418803273, -0.7865483139247094, -3.0301092330628343, 0.017781540505153123
0.2133055904720882, 0.33462946299333174, 0.555177886305174, -0.7864016141306648, -3.0301402195298413, 0.017594779403182447
0.21332596218102426, 0.3346254969924584, 0.5551721126161014, -0.7864500372817184, -3.030100941627706, 0.01764860552518565
0.21333412242654057, 0.3346457264377525, 0.5551471011340182, -0.7865097864313679, -3.0301074485077604, 0.017762945078798047
0.21331013375182756, 0.3346325333497614, 0.5551733571997634, -0.7864895822474173, -3.030104685090961, 0.017613040472878295
0.21331468619626592, 0.3346358657663276, 0.5551708180874778, -0.786449409472633, -3.03010050691455, 0.017686522868909104
0.21331688412188282, 0.3346309746713829, 0.5551600414985183, -0.7865193853248803, -3.0300696199615147, 0.017704683367997326
0.21332295385074498, 0.33462781635932487, 0.5551600167934896, -0.7865432366480241, -3.030088092851221, 0.017705970774180162
0.21332186107284376, 0.33462407420931467, 0.5551742294975466, -0.7865429703062308, -3.0300885776924043, 0.017687318423189217
0.21332379394159937, 0.3346344881009389, 0.5551706413998332, -0.7865220282941713, -3.030081147859826, 0.01770517092417734
0.21332186842654172, 0.33461553387720633, 0.5551778594760473, -0.786537118854386, -3.030065224992361, 0.017684972699223176
0.21332333280164847, 0.3346329229305669, 0.555160750997806, -0.7865042256768497, -3.0300857474639553, 0.017705817183360534
0.21331510463943976, 0.3346256105840268, 0.5551877645087737, -0.7864950925502224, -3.030128284500994, 0.017594825409281405
0.21332186107284376, 0.33462407420931467, 0.5551742294975466, -0.7865068152297514, -3.030097824545438, 0.01768711178143184
0.21332135489261314, 0.33462996164160586, 0.5551817961055624, -0.786555882911171, -3.0300615272447504, 0.017648735759319904
0.2133203337146261, 0.3346352232950724, 0.5551505632966194, -0.7864334500811846, -3.0301132693985924, 0.01781893385756626
0.2133283939238311, 0.3346140282639015, 0.5551613864434841, -0.7865427563192892, -3.0300869371392287, 0.017742105119227823
0.21331791176421128, 0.33462209356190026, 0.5551757426421797, -0.7865165631875117, -3.0300593564341898, 0.017647091642878827
0.21332146575286612, 0.33460634896701186, 0.5551891533351889, -0.7865798663104319, -3.0300809671505253, 0.017611979824215085
0.2133079853720958, 0.3346291323413535, 0.5551757179109919, -0.7864499812303379, -3.0301015097603, 0.017648690254204482
0.2133216499310049, 0.33462331866923295, 0.5551658578646754, -0.7864346217563846, -3.030116872806268, 0.017667306465353257
0.2133271015012859, 0.33463821406894795, 0.555152873821817, -0.7864908135440558, -3.0301114101315805, 0.017799596573361578
0.21333040356182753, 0.33463699956240933, 0.5551540040122445, -0.7864882443878052, -3.0301000117652745, 0.017780041490490894
0.21330966972644516, 0.33462266243603295, 0.5551833422382798, -0.7865734199839277, -3.0300568286130445, 0.01766715599245925
0.21332855736722628, 0.33463052013396677, 0.5551675587295389, -0.7865801820025451, -3.030079467752627, 0.01766867407220387
0.21332387689153384, 0.33463105602432747, 0.5551532395335318, -0.7864882289746692, -3.030100676134344, 0.017761602820183648
0.21330895298892105, 0.3346240132634594, 0.5551844724368001, -0.7864980605708941, -3.0300643091653714, 0.017647400563097194
0.2133170828263189, 0.3346153557350579, 0.55519123738127, -0.7865195531122602, -3.0300723121207054, 0.01759183671523729
0.21332475236424622, 0.33461750148537933, 0.5551866712354647, -0.7864889820412281, -3.0301042218310843, 0.01761145935596032
0.21332015450813574, 0.33461039132101394, 0.5551913645483506, -0.7865494143802582, -3.030114606055285, 0.01757607317564089
0.21331495788661028, 0.3346243303526789, 0.5551757303316082, -0.7865014088491841, -3.0300756638790993, 0.017647887081670192
0.213326680941529, 0.33461633494523896, 0.5551921293761825, -0.7865129134948119, -3.0301232844611192, 0.017594304369576097
0.2133337584154654, 0.33462816156148917, 0.5551741470702912, -0.7865467974980634, -3.0301012591830054, 0.01763166079618101
0.21332706925812198, 0.33461317525719075, 0.5551844477054897, -0.7865037338908641, -3.030087016298517, 0.017647959094581778
0.21330900327963992, 0.3346164725243488, 0.5551933539673496, -0.7864856452110546, -3.03009264928644, 0.017630037102366478
0.2133261908712632, 0.33462227297438585, 0.5551857048862988, -0.7865808600682209, -3.0300822694867615, 0.017555292238695886
0.2133143713035517, 0.33461470041926744, 0.5551823761786946, -0.7865066684867749, -3.030098482959006, 0.017667922991344197
0.21332040508002947, 0.33461902524689474, 0.5551855533215836, -0.7864344009260447, -3.0301178189376143, 0.017630004842224038
0.21332296836875062, 0.3346277592968873, 0.5551721003314156, -0.7864889347783309, -3.030103426691894, 0.01764971240196323
0.21330586481374095, 0.3346256502658628, 0.5551879904536985, -0.7864655975381155, -3.030087052531262, 0.017573502174898926
0.21331039120173256, 0.3346089792160213, 0.5551734769743271, -0.7865549620753892, -3.030059917710445, 0.017724282002303436
0.2133233943155664, 0.3346051823772557, 0.5551946114560511, -0.7864765320336523, -3.0301325806954673, 0.017594098019195144
0.21331506624868257, 0.33462866251605267, 0.5551630816161411, -0.786498059937382, -3.030062232312752, 0.017723279800756924
0.213325316730222, 0.3346031967430688, 0.5552067196042995, -0.7865436538677468, -3.0300920092344006, 0.017536968830803613
0.21331819136372807, 0.3346118544457758, 0.5550380465642512, -0.7865092672407299, -3.0300944872397984, 0.017819932091951537
0.21332385582598049, 0.3346262622571523, 0.5546409095738521, -0.7864766367731079, -3.030068285795249, 0.017819069020880974
0.21331753685681212, 0.3346178639910433, 0.5540920660896196, -0.7865077392768873, -3.0301259489855963, 0.017825407748740987
0.21330788153145408, 0.3345771886428746, 0.5533280362521902, -0.7865389293640341, -3.0300889673383002, 0.01816432890750357
0.2133072911374107, 0.33460676526697275, 0.5523693857279719, -0.7864448203507762, -3.0301268590552963, 0.017906303643283654
0.21331858073324292, 0.33463976766328574, 0.551230727397269, -0.7864005876345805, -3.0301121973452503, 0.017778715678635537
0.21330475004719404, 0.3346360790780039, 0.5498918190688987, -0.7864703526224315, -3.03006915191892, 0.017689000302914922
0.21331172307902965, 0.33463085444290225, 0.5483276446289758, -0.786550798516154, -3.030044542431306, 0.017769252339984266
0.21331884799075654, 0.3346101537045087, 0.546552771881675, -0.7864538330509321, -3.030062699899796, 0.018000506927068956
0.21330152045689788, 0.33462172089209463, 0.544653592617408, -0.7864760058276367, -3.03006052550408, 0.017485085519498664
0.2133120996660502, 0.33460838614013183, 0.5424708256392112, -0.7865760397511702, -3.030042826504258, 0.017756295394411984
0.2133061226786692, 0.33459845617535655, 0.5401692895570244, -0.786470512227835, -3.030107578660009, 0.0174475515785142
0.21332389222417175, 0.3346200661430837, 0.5374408947296099, -0.786634761156751, -3.0300439623391253, 0.017607579721228436
0.2133189157113366, 0.33462868800088563, 0.5346889066998823, -0.786492323066708, -3.0300648804737227, 0.017580217435759125
0.21331749586487786, 0.33462033675084424, 0.5317575911490832, -0.7865518638354427, -3.030022811821797, 0.01757087297418291
0.2133069418284572, 0.33462636142060975, 0.5285915955264999, -0.7865224253438644, -3.0300639430767213, 0.01771679271974198
0.2133006873431223, 0.334592216839999, 0.5252449528637303, -0.7864759315725186, -3.0300865931093997, 0.01739284306850006
0.21330494303540976, 0.3345791681909402, 0.5218605703328862, -0.7866004585824465, -3.030101773984503, 0.017576909163173764
0.2133025695739573, 0.3346298720931582, 0.5187121016866387, -0.786383768445089, -3.030086279745212, 0.017508019675114186
0.2133126511671374, 0.3346239158583209, 0.5157237189374717, -0.7866029552260843, -3.030064006357591, 0.017634977343852092
0.213312131650875, 0.3346338897868076, 0.5129505893306013, -0.786523805060789, -3.030109835088347, 0.017571394926940685
0.2133225970463379, 0.3346527741198868, 0.5103190490202479, -0.7865472839667904, -3.030116376007539, 0.01748786888410339
0.2133071354382581, 0.33462808584726494, 0.5078820941677746, -0.7864612612043587, -3.030104461423236, 0.017700375008928175
0.21331977685598782, 0.33464245070432275, 0.5057367010050449, -0.7865759219471106, -3.0300705097239358, 0.017652148458617203
0.21330843618064857, 0.3346247989151667, 0.5037551153376953, -0.7865175247656502, -3.0300715970680674, 0.01790188027411399
0.21332035574407668, 0.3346244244288993, 0.5020584001011195, -0.7865815258642984, -3.0300403350139233, 0.017644226661435794
0.2133130386202428, 0.3346412278281973, 0.5004961861545191, -0.7864135055390093, -3.030111157783812, 0.01761301389133341
0.21330615995695684, 0.33461942934051275, 0.4991420816334939, -0.7864305507931169, -3.030101523524904, 0.017805304017599527
0.21333019463935896, 0.3346347379767975, 0.49795052786861155, -0.7864963577702194, -3.030143521302245, 0.017850022318727704
0.21332560347087795, 0.334604997165016, 0.4969633454005157, -0.7866130904083418, -3.0301091005613556, 0.01789188122393341
0.21331948217234342, 0.33462609135437077, 0.4962485280993392, -0.7865196200590311, -3.030108708224111, 0.017685521308757893
0.21332777286966934, 0.3346371073338759, 0.4956806459389864, -0.7866080237293126, -3.0300869796137433, 0.017838172728588224
0.21332144141093723, 0.33462600934825454, 0.49534985905994067, -0.7866295536118121, -3.030053228048526, 0.01763117874400086
0.21332959339515822, 0.3346134475652522, 0.49520162019950525, -0.7865482927450412, -3.030098744756512, 0.017670538919011717
0.21332214206243794, 0.3346124088689008, 0.49522420837167497, -0.7866467091162641, -3.030104137098451, 0.01746703656363019
0.21331815765670972, 0.3346025808495453, 0.4952193578525208, -0.786644453647693, -3.0300940162254717, 0.01741113256377964
0.2133083788088067, 0.33461422073760405, 0.49520361996281514, -0.7866296296561375, -3.0301091109705003, 0.017467568088838845
0.21332532035562182, 0.33461461318662844, 0.49519887333656826, -0.7866604119854522, -3.0300775945342426, 0.0174095739367853
0.21333543643777722, 0.3346042182151059, 0.49518879585478426, -0.7865849911636349, -3.0300841801351033, 0.017407074739950113
0.2133285457807452, 0.33461683969935485, 0.49520337030739026, -0.7866736080844836, -3.0300514227363426, 0.017333449018010802
0.21331887183215587, 0.3346050869213211, 0.4951827484170976, -0.7866266587072537, -3.0300968172864007, 0.01748563462817997
0.2133241402046209, 0.3345986498905156, 0.49516597808037427, -0.7866012553822276, -3.030074167217845, 0.017632855147630605
0.2133238300790272, 0.334589788037191, 0.4951761538482956, -0.7865892328217554, -3.0301035552968036, 0.017578249757767565
0.21332147586188915, 0.33460195231437123, 0.49516708360374706, -0.7865861458943283, -3.030091102103085, 0.017615033459905706
0.21330354340149035, 0.33457264995462177, 0.4951054350956988, -0.7877720708375301, -3.0298182553975495, 0.01876867898045031
0.21330201503144047, 0.33457225686661995, 0.4951088017071683, -0.7877256672109167, -3.0298667045401104, 0.018790104511183226
0.21329241947755417, 0.33458336847558695, 0.4951031043139025, -0.7877181324672888, -3.0298335778054395, 0.018731697013653074
0.21330844047013936, 0.3345940916037952, 0.4950881697523901, -0.7877807670503939, -3.029851741657757, 0.018827718155822393
0.2133072805192293, 0.33456534988459075, 0.49512132808886744, -0.7877931036494011, -3.0298264511793427, 0.018713337760067186
0.2133089020176103, 0.3345793099742087, 0.4950928445342007, -0.7877993286633594, -3.0298484011910047, 0.018770925523372964
0.2133230062712381, 0.33456277392491535, 0.4950860974164978, -0.7878525820094814, -3.0298310576647434, 0.018883042402851404
0.21329663476829208, 0.33457764573528725, 0.4951167871944723, -0.7877022715354189, -3.029849655329655, 0.018732088577931367
0.21331507581878378, 0.33456030862688263, 0.4951087978619146, -0.7878587987966551, -3.0298574454242195, 0.018772241831467522
0.21331822928490687, 0.3345787852393102, 0.4951006792278919, -0.7878166779965121, -3.0298419686148885, 0.018828045645264618
0.2133051886446774, 0.33456679418202, 0.4950928929582879, -0.7878167899512666, -3.029842877025697, 0.01880832250014245
0.21330615185465343, 0.33457383390235873, 0.49509059839430947, -0.7877596932158641, -3.029845746071891, 0.018788656327582146
0.21331215405331394, 0.3345742122124582, 0.49512381336728656, -0.787835133017845, -3.029840401187527, 0.018714222771682058
0.2133019318637509, 0.3345835460720968, 0.49508937229698236, -0.7877535816308112, -3.029821156375483, 0.018844124020195707
0.21331259988668397, 0.3345633242912108, 0.4951110686528491, -0.7878143478197884, -3.0298328519997653, 0.01873260351720294
0.2133026664837802, 0.3345743891838136, 0.49511108061473413, -0.7877441480920666, -3.0298630284641948, 0.018752165846361857
0.21330633009621827, 0.3345704104784423, 0.4951246551595349, -0.7877814601822274, -3.0298558366348414, 0.01865892465796301
0.21332034193996358, 0.3345697578934634, 0.4951019746325459, -0.7878533302025361, -3.0298340523371055, 0.018770612302878468
0.21332046026457527, 0.3345625037954196, 0.4951099391080438, -0.7877861268644148, -3.0298758901986487, 0.01877162518099055
0.21330683561188213, 0.334576288648544, 0.4950781411449414, -0.7877957551087797, -3.029834523529213, 0.018863457831929057
0.21329488286767237, 0.3345717662150807, 0.49510884669058414, -0.7877200707576564, -3.0298441204228532, 0.018769489373415434
0.21329568951578615, 0.33458309685412785, 0.4951054225587143, -0.7876715200406895, -3.02988090924049, 0.018789463751451293
0.2133032188529931, 0.33456770058898894, 0.49510996380895356, -0.7877930472160573, -3.029825664537364, 0.018750842884291328
0.2133139173472124, 0.33456396600564337, 0.4951064914802755, -0.787744717283719, -3.029863011724363, 0.018732903979144035
0.21330450475014404, 0.33457215011847646, 0.4950940586444245, -0.7877929432900425, -3.0298242592552653, 0.0188067915831227
0.21331056978798216, 0.33457262502894686, 0.4951087620237051, -0.7878145865352558, -3.0298334868381853, 0.018714163804554724
0.21329592800688213, 0.3345714558136183, 0.4951088344031257, -0.7877414257279083, -3.02985107169233, 0.018770311307520483
0.21330568527543112, 0.3345847115596723, 0.4950915698230573, -0.7877626676276835, -3.0298568692846697, 0.018808967102341964
0.21330877036541648, 0.3345714297124365, 0.495090638083723, -0.7877672681200003, -3.0298781525346827, 0.018884776489925387
0.21330669051080575, 0.33456423655080003, 0.49510195396144335, -0.7878222827736474, -3.0298660756812863, 0.018810491274664276
0.2133066213929047, 0.33457162861260226, 0.49509971633998034, -0.7877807162098905, -3.029852573569323, 0.018789466761899538
0.2133051229208, 0.33455819119486874, 0.495100861484696, -0.7878471204532113, -3.0298101602382954, 0.018807639148555388
0.21330521688175155, 0.33457443307452117, 0.4951076571667683, -0.7877934306498575, -3.0298261149141212, 0.01873219693950284
0.21330896774171024, 0.3345634947493509, 0.4951088222502569, -0.7877986181451339, -3.0298482867625776, 0.018770712703452225
0.21331467473536248, 0.33456661367060914, 0.4951053984767456, -0.7878531800224746, -3.029834204887521, 0.018770815793847172
0.2132945874412019, 0.3345707752467073, 0.4951133670140693, -0.7877018341509924, -3.029848724311823, 0.018770130222884422
0.21331618493884497, 0.3345643241976139, 0.49509408610033706, -0.7878396979069326, -3.029858758976749, 0.018903422966230418
0.2132969225341624, 0.33458249904202486, 0.49510657628299853, -0.7877539190397912, -3.029823184791877, 0.018768987896022635
0.21330759987063747, 0.33456639508537706, 0.4951224452463195, -0.7877567857530781, -3.029836263809869, 0.018694482697593433
0.21331793556107317, 0.3345863684296228, 0.4950915933661425, -0.787840561491888, -3.0298602932272574, 0.0188476878935704
0.21330606898073634, 0.3345783172613199, 0.49510083313908987, -0.787768332278777, -3.029880591319076, 0.01879099714643849
0.21330365465725443, 0.33456513012345174, 0.4951340004476484, -0.7877599953759442, -3.0298494969119627, 0.018638712680274585
0.21331462971978365, 0.33457406009379437, 0.49510879835405697, -0.7878116510997353, -3.0298211468853418, 0.01873188694909514
0.21330704655980265, 0.3345731891257587, 0.49509746160714313, -0.7877436327101838, -3.0298604825460185, 0.01884594770494414
0.21331289564057102, 0.3345728600452456, 0.4950984903904372, -0.7877478264339014, -3.029874855283433, 0.01873383160857176
0.21330031251589404, 0.3345587038231621, 0.4951178794463225, -0.7877681830299663, -3.0298820501831516, 0.0187350474273661
0.2133190981521654, 0.3345741307868543, 0.49507794705225294, -0.787785950626764, -3.0298731944137334, 0.018884474692990906
0.213308031063183, 0.33456491698193913, 0.4950974213784085, -0.7877526875082052, -3.029896368751803, 0.018810054064341577
0.21330647500724592, 0.3345798707716287, 0.49508703251725544, -0.7878222641770568, -3.0298642385949552, 0.018886040852373845
0.213300231384386, 0.33457018486475026, 0.49508953343691664, -0.7877587613892909, -3.0298434844071442, 0.018882846147181838
0.21330191337212764, 0.3345644252042635, 0.49508267356880103, -0.7877489309396493, -3.0298825407985275, 0.01890353133750197
0.213313885901491, 0.3345677738278662, 0.4950951634494298, -0.787814243479595, -3.0298314464974676, 0.01878855240861422
0.21331613979954756, 0.3345639596912844, 0.49510877731884895, -0.7878586270290006, -3.029856941436838, 0.01879163481565542
0.21330679864823604, 0.3345885008290109, 0.49509727594574743, -0.7877806275225168, -3.0298522191028967, 0.018809066634654086
0.21331675463711863, 0.33456599584160135, 0.4951053740884742, -0.7878043913999531, -3.0298714043463666, 0.018771934426790992
0.21331954236284073, 0.3345443368501591, 0.49509406175997395, -0.7878688922826861, -3.029900032359904, 0.01892482665260528
0.21331995305462803, 0.334577025807162, 0.49509385567890346, -0.787840314080346, -3.0298596381304637, 0.01886687429994934
0.21330724474895535, 0.3345615736043575, 0.49510087342364184, -0.7877952806958158, -3.0298353186881495, 0.018826693244389597
0.213317804768323, 0.33457354395580524, 0.4950881616830713, -0.7878010280954222, -3.0298574528260493, 0.018865959642498133
0.21334294696980458, 0.33472503122408526, 0.4948352490194107, -0.7876751335674115, -3.0298056680931023, 0.020174458990925664
0.21349188969908975, 0.33520532376578943, 0.49405591613544214, -0.7878173297393992, -3.0297136418366377, 0.02400305513736788
0.21360072034731994, 0.33558746532176714, 0.49352759585730527, -0.7876682611302886, -3.0297044341225114, 0.02653695736589289
0.21372022723309977, 0.3358766253793498, 0.49318287557106794, -0.7878689043648118, -3.029784996132505, 0.027954288138928234
0.2137826184169266, 0.3360092184160633, 0.4930475881876239, -0.7879399154853994, -3.0300614710948017, 0.028478264539759223
0.21379965964236416, 0.33601704028244483, 0.4930632612080864, -0.7879594443454221, -3.0302191611424623, 0.028413321898647134
0.21380969521412785, 0.336021381697888, 0.49304222560426114, -0.7879753862356211, -3.0303620160518814, 0.0284798870144245
0.21381216069478604, 0.3360228801251038, 0.49303190799764834, -0.7879379649839005, -3.0304453301417276, 0.028502948848886916
0.21381738730296795, 0.33602995701540084, 0.4930355808197349, -0.7879586117855552, -3.0305279881554466, 0.02846961122530849
0.21383905302826217, 0.33601014382282823, 0.49306141525208413, -0.787998827235151, -3.0307703528263197, 0.02827839669954406
0.2138632701468706, 0.3360265225416635, 0.4930985010973749, -0.7880681740641406, -3.0309711734529565, 0.02800994817539299
0.21386960135337152, 0.33601706011295673, 0.49309714760288104, -0.7880015318578849, -3.0310903901283948, 0.027903569141763278
0.21386740432762197, 0.3360262010404743, 0.493128748692641, -0.7880517260222435, -3.0311348874146256, 0.027663859468512797
0.21386878173474086, 0.3360319132205917, 0.4931127860444965, -0.7880993600699177, -3.0311708009075597, 0.027723183586568764
0.2138764906049276, 0.3360207690647521, 0.49312873824594405, -0.78812737217708, -3.0311275238565725, 0.027664604598166446
0.21389088097823433, 0.33602568682695566, 0.4931047676981133, -0.7881538938082507, -3.031155935603859, 0.027722554774244523
0.2138851582068428, 0.33603862679268937, 0.49310358530319404, -0.7881182779842931, -3.031166614907765, 0.0276846820129876
0.21388154951378405, 0.33603891551163523, 0.49310703375030585, -0.7880844218378986, -3.0311871056001753, 0.0277040793425914
0.21389118711068256, 0.3360358009834304, 0.49313413833101344, -0.7881363962879855, -3.0312404616807345, 0.027539919637025203
0.21389537692989208, 0.3360499677013143, 0.4931135761818801, -0.7881556874049824, -3.0312357755056487, 0.027539275627238333
0.21388735902566536, 0.33605576792072106, 0.49313726858070084, -0.7880961245576082, -3.0313071274254795, 0.027336482602796284
0.2138911732445568, 0.3360523877294721, 0.4931475192255367, -0.7881689135312125, -3.031288899591561, 0.02731800027812429
0.21389483510164892, 0.3360618713946141, 0.4931303098588152, -0.7880928689713528, -3.0313703996625874, 0.027321479706265396
0.21390220882380487, 0.3360296796834436, 0.49314980552963006, -0.7882136697828078, -3.0313145487487883, 0.027301232854096948
0.21389187257013847, 0.3360392722251122, 0.4931576986872457, -0.7881446348957469, -3.0313466818512276, 0.027246183584911265
0.21389885733587052, 0.33605076562099157, 0.4931383488063014, -0.7881777363692182, -3.0313236357678175, 0.02732007128200813
0.21390802921757182, 0.33603799349259655, 0.49314065544955665, -0.7881493929284652, -3.031366791497335, 0.027340430647074337
0.21389227572302577, 0.3360368598078881, 0.49315546590015374, -0.7881285926603162, -3.031362031090548, 0.027284155042897506
0.21390763652135122, 0.3360404029267833, 0.4931428880427542, -0.7882016528484589, -3.031342363014813, 0.02730264175452096
0.21391210406562067, 0.33604409714631, 0.4931382975961077, -0.788210155511388, -3.0313766483440507, 0.027323535985097007
0.21389162153918911, 0.33605089938827465, 0.49315424991885154, -0.7880380773685743, -3.031385835052869, 0.027265235566767607
0.21391035853500154, 0.33604188704537596, 0.49314508999548123, -0.7881893556850769, -3.031371321821989, 0.027266734108026176
0.21390511695394884, 0.3360479413788751, 0.4931553710747111, -0.7881653389216944, -3.0313528453037852, 0.027265322882854853
0.21389390860808155, 0.3360547150756251, 0.4931530482230591, -0.7881144953392116, -3.03138047464211, 0.02720962104306045
0.21390276464902808, 0.33606865872452285, 0.4931323592742865, -0.7881686417259296, -3.031363174678904, 0.027323144198439814
0.21389328014207526, 0.3360487339870498, 0.4931564864278955, -0.7881171765156635, -3.0313921707855154, 0.027210368970986762
0.21389598015216382, 0.33604524750684645, 0.4931757523917079, -0.7881518584500842, -3.0313740221690892, 0.02709767849467659
0.2139035455035244, 0.33604335926226414, 0.4931735089324146, -0.7881231852431978, -3.0314164900172447, 0.027155534450011266
0.21389472784651611, 0.336041124510392, 0.49317694360098047, -0.788114468168528, -3.031381756285334, 0.027154212000184853
0.2138979937036014, 0.3360158506620441, 0.4931885615790521, -0.7881900145630276, -3.031375612390302, 0.027116899850839832
0.2139144375776021, 0.3360391834035443, 0.4931655013313497, -0.7882271419609805, -3.031365387477421, 0.027135391124622092
0.21390274769061177, 0.33605231138045033, 0.4931575833699743, -0.7881688640508401, -3.031365587542836, 0.02722893275008791
0.21390439080602217, 0.33603758732483, 0.49316783842366296, -0.7881720077703316, -3.0313792256488123, 0.02715413200236873
0.2139024400650259, 0.336047381198166, 0.4931621328901465, -0.788207960554312, -3.0313685972569147, 0.02721120060765612
0.21388157502077682, 0.3360326391932822, 0.4931967231473384, -0.7880755641751984, -3.031381954685249, 0.02707752295240715
0.21390269355303457, 0.336020351251622, 0.4931737209248521, -0.7882347853710617, -3.031400198883912, 0.02715662786587485
0.213904069801936, 0.33603653641109543, 0.49316672711586673, -0.7882083314557525, -3.031369426051487, 0.027172965135976983
0.21390796848841986, 0.33604220880435004, 0.49316557086899554, -0.7882315115214177, -3.0313864831047166, 0.0272312574966793
0.2138975406877939, 0.33603061555984903, 0.4931714590786852, -0.7881356984898625, -3.0313892349700957, 0.027134729602824106
0.21390360447867637, 0.3360398570623212, 0.49317012044756364, -0.7881434286384269, -3.031421905244683, 0.027213078817860215
0.21389581918228198, 0.3360409415649138, 0.4931828415218991, -0.7881901525055436, -3.0313754772773103, 0.02713590987698192
0.2138960836761694, 0.33603034160809253, 0.49318052335021856, -0.7881986290393616, -3.0314103279909093, 0.027138144286269893
0.21389305944879028, 0.3360315166237623, 0.493192143129916, -0.788135590847222, -3.0313904363164297, 0.027097583133927638
0.21389257854263705, 0.3360337210038733, 0.49318283136677254, -0.7881876765691607, -3.031364875934863, 0.027097104238175053
0.21390411980836738, 0.33604424879499806, 0.49318168077157626, -0.7881667143056054, -3.031357502647917, 0.027095920413245916
0.2139009849171931, 0.33604639490785004, 0.4931496700073683, -0.788168528019986, -3.031364589635113, 0.02726624749056565
0.21390835220914517, 0.33603491460934665, 0.4931621574289451, -0.7882084313540628, -3.031369231554733, 0.027172792136041776
0.2139041575582318, 0.33604171344206885, 0.49316098108554546, -0.7881983772013291, -3.0314080266157166, 0.027213348028533004
0.2139111900427544, 0.3360283388506615, 0.4931690297639537, -0.7882439828292068, -3.0313587372843256, 0.027210844025442046
0.21389260353027192, 0.3360300932531249, 0.4931737616602541, -0.7881897809481487, -3.031374501065875, 0.02717322557375021
0.21390652073773705, 0.3360446818156603, 0.49318277163974067, -0.7881364598973478, -3.0313904560138902, 0.02707858098835591
0.2139013600148855, 0.3360361044436462, 0.4931530777405103, -0.7881952016583772, -3.0313954639385665, 0.02724992084956508
0.21390044464399235, 0.33605281857145647, 0.4931655010494931, -0.7881207069385541, -3.0314049967499663, 0.02715496415373176
0.21389568418997437, 0.33604529098073965, 0.4931632381467558, -0.7881446722990626, -3.0314238379038305, 0.027156722662656476
0.21389687636563215, 0.3360235427824516, 0.493186300072965, -0.7881818604645598, -3.0313412009455667, 0.027095258359755185
0.21390734344128495, 0.3360367551593859, 0.49323943140134663, -0.7881754312730886, -3.0314076968533765, 0.02738093716105217
0.21400178414658205, 0.33622549407365904, 0.49409297206966935, -0.7883407674826196, -3.0316528779928658, 0.028615834066840956
0.2140558156195526, 0.3363690898985553, 0.4948109414850826, -0.7882760390731971, -3.0316588757037315, 0.029888809418139314
0.2140116223207371, 0.33624896442268315, 0.4961566672794329, -0.7882316224558567, -3.03173855124069, 0.02733371149969258
0.2139908056510524, 0.33619056253262625, 0.49703927530001313, -0.7882376487525342, -3.031771121753503, 0.026375226838844554
0.21402213820565538, 0.3362426898014593, 0.49776290918635274, -0.788217196692431, -3.031782261082155, 0.02674895467241678
0.21403539085621448, 0.336272853441548, 0.49862091274811393, -0.7882304737608844, -3.031776118776733, 0.026576829203591917
0.21401261519526124, 0.33630142454115575, 0.4993748896990539, -0.788025905691751, -3.0317448268126084, 0.026681739888252662
0.2140282660747126, 0.3363219028382612, 0.5001609701415113, -0.7881417158709934, -3.031670982808328, 0.026263574316772904
0.21402475234491364, 0.33633864977194333, 0.5007953222797528, -0.7880067462881133, -3.0316662044051434, 0.02614498239969132
0.214018155058879, 0.3363544808845095, 0.501483778845831, -0.7879239104289264, -3.0317240069997116, 0.025976108287845908
0.2140281835613323, 0.33635328271144727, 0.502048055414539, -0.7879644828771799, -3.0317205852256612, 0.025973468893641823
0.21404033060507602, 0.33635845116477153, 0.5026911992154535, -0.7879715575346352, -3.031738220691854, 0.025540761176609972
0.2140312823516448, 0.3363617608438038, 0.5033210349662569, -0.7878580259188184, -3.031817812721647, 0.025334415093648994
0.2140401590418034, 0.3363726109143726, 0.5038793073900517, -0.7879184697696234, -3.0318141131077696, 0.025184264326759777
0.21405384831028895, 0.33634407397359695, 0.5044756857006824, -0.7879229203082557, -3.031899354458973, 0.024998293844852255
0.21404198846064826, 0.3363655916560619, 0.505069257466808, -0.7878013794448416, -3.0319439559260224, 0.024808569581952218
0.21405464265569635, 0.3363684344088838, 0.5055784838251457, -0.7878351645652877, -3.0319066375118786, 0.02476700915129708
0.2140405306117415, 0.3363460054296554, 0.5061468083751873, -0.7878436885171978, -3.0319292518856473, 0.02461635620108199
0.21404365048049287, 0.336361283788982, 0.5066711938731223, -0.7877890728962769, -3.0319272890246523, 0.024576359584048923
0.21406335731073003, 0.3363810450942414, 0.5072054111261016, -0.7878041383272839, -3.031970622435607, 0.024483980336731003
0.21406032502967542, 0.33638747532184776, 0.5078581596897921, -0.7877879387712574, -3.0319771695839073, 0.02421885114965873
0.21406739064214123, 0.3363934150521741, 0.5083175211157874, -0.7876951636436735, -3.0320530303066566, 0.024406959470978585
0.2140815470917529, 0.3363859626112617, 0.5089528549409982, -0.7877555848312765, -3.03205971746506, 0.024292242191477794
0.21406741331158902, 0.3363681523361858, 0.5095001887422437, -0.78768203763487, -3.0321393500892344, 0.024182340430811803
0.21407127731052333, 0.33637384881506344, 0.5099737327978516, -0.7876396272802357, -3.0321776767275783, 0.02395575443816622
0.21407809780968018, 0.3363933492815845, 0.5105343749268776, -0.787613765582568, -3.0321410623383187, 0.02398817042437857
0.21407535391784233, 0.33637314265065343, 0.5110485341337827, -0.7876627808522267, -3.0321641221871816, 0.02389481842090836
0.2140885720568802, 0.33638555568544537, 0.5116243803589965, -0.7876873323699367, -3.032164904542124, 0.023479366881332366
0.21406916583786284, 0.3363996425208179, 0.5122546635788703, -0.7875567395377914, -3.0321005633108222, 0.023265028408060877
0.21408000297346788, 0.3364228324644779, 0.5128354524995682, -0.7875702235481132, -3.0319855764178083, 0.02308699685438849
0.21406117675607375, 0.3364248901549608, 0.5134673235333881, -0.7874964578334648, -3.0319997509555496, 0.023085599893889683
0.21406853157783948, 0.3364249395299753, 0.5140707334761134, -0.7875159665696668, -3.0319160707270094, 0.023040352467895705
0.21405196342067068, 0.3364416998139932, 0.5147995588483503, -0.787402199717346, -3.0319255055186973, 0.022679056531625285
0.2140674111191476, 0.3364824613630432, 0.5156468880384925, -0.7873775968386868, -3.031919929563538, 0.022412792071281083
0.21406145631770895, 0.3364753233888117, 0.5163915188304004, -0.7873053250730692, -3.0319495853432814, 0.022241400453299743
0.21407230161907914, 0.33646769573895396, 0.5172543541232086, -0.7873357183791139, -3.0319334036427867, 0.021842950809649476
0.21407815209533484, 0.3364969138785781, 0.5179481509312904, -0.7872670521323152, -3.031971182242515, 0.02180291930797161
0.21408577210256086, 0.33652726940530514, 0.5188203285375516, -0.7873142054256734, -3.0319471707159726, 0.021537899997244696
0.21408270198098414, 0.3365549299077013, 0.5196767281546573, -0.7871720958725533, -3.0320189602368197, 0.021366413630561264
0.21410113476502746, 0.33657781889813976, 0.5205750047169716, -0.7871548446822576, -3.0320496453966475, 0.02104465705523929
0.21411488324654437, 0.3365721868497375, 0.5214898635425873, -0.7871714729162312, -3.0320611370802406, 0.02064753411349585
0.21410545619704482, 0.33657262415868394, 0.5223592196217071, -0.7872082045043467, -3.032000341489814, 0.020473083447562837
0.21411707104492, 0.33660135836511795, 0.5232520190597592, -0.7870461423405334, -3.0320748845774803, 0.020357700794600395
0.21412575674173057, 0.3365961146846299, 0.5241624693214381, -0.7871074578141727, -3.0321174004705465, 0.020225934497905697
0.2141257097533024, 0.3366246666836552, 0.5250518072789384, -0.7871444396822738, -3.0321273651168372, 0.019736449046135134
0.21411143724085774, 0.33658914839582565, 0.5258976334723996, -0.7870154013178243, -3.0321736267009576, 0.01947146914973886
0.21411495174761627, 0.33658490511076833, 0.5267674698526887, -0.7870122312928619, -3.032178598099442, 0.01907241005489811
0.21413158252245282, 0.336602894625815, 0.5275683602474901, -0.7870789424966437, -3.032230832568152, 0.01901676136843701
0.21413390918149847, 0.33662287923588113, 0.5283818454490737, -0.7870476315250935, -3.0321995191124413, 0.018862720427516924
0.21412807096604372, 0.3365884306846975, 0.5292098095389883, -0.7870526061409413, -3.0322433918996494, 0.018785396038765053
0.21413039136706008, 0.33660414120612553, 0.530015985394311, -0.7869900104868358, -3.032237355026394, 0.018461736239242015
0.2141354863787905, 0.33664190440224234, 0.5308276527393108, -0.7870013640538469, -3.032220215699596, 0.018307974829301354
0.21414069610322786, 0.33663599013952283, 0.5317678995445508, -0.7869825164190708, -3.0322512614887804, 0.017986349503431278
0.21415239788001833, 0.336675664468109, 0.5327275621428302, -0.7869957368600646, -3.0322529825457334, 0.017533010278333556
0.2141481713922591, 0.3366780505365318, 0.5335567309526363, -0.7868993086844878, -3.032274088090096, 0.01743468588012217
0.2141480154367694, 0.33666559271727475, 0.5343433716091673, -0.7869103091408067, -3.03225692884005, 0.01727986109379621
0.21415707706348427, 0.33668186827814367, 0.5352492936765155, -0.786893773135251, -3.0323021938338863, 0.017335259315218378
0.21414934078898065, 0.3366761615088164, 0.5361608123760029, -0.7868457039558844, -3.0323610442750537, 0.01675119510588642
0.21415235914313435, 0.33665883149758424, 0.5367132540182795, -0.786892739860416, -3.032383910770557, 0.01667700096832696
0.21415288068478566, 0.3366733255433925, 0.5366961851463707, -0.786822374695908, -3.032411404394445, 0.016789507216482598
0.21415795012511066, 0.33666195059948917, 0.5366873642604529, -0.7868552295497078, -3.0323889582288683, 0.016845376226347204
0.21416383684509835, 0.33666936549671894, 0.536681767018311, -0.7868347967899095, -3.0323827160258445, 0.01680635660706475
0.2141532362882738, 0.336669685868224, 0.5366863446683414, -0.7868137254490863, -3.0323765550066732, 0.016787242223735135
0.2141467759667906, 0.33666899527568145, 0.5366748970314684, -0.7868034141600764, -3.032413445661602, 0.01690305523491082
0.21415877155156618, 0.3366771152137815, 0.5366747596195512, -0.7868219348920807, -3.0324094798405334, 0.016864739421940778
0.2141573803136165, 0.3366600082651975, 0.5366775388823481, -0.7868370611398379, -3.0323937021648133, 0.01684455080974999
0.21415777624811397, 0.3366535771316854, 0.5366932034973179, -0.7868795813363018, -3.032408951074031, 0.016790132295594534
0.21415747774207308, 0.3366805307798507, 0.5366478837739815, -0.7868344633207094, -3.0323797001739465, 0.016938817930999658
0.21417313567319599, 0.33667331176353155, 0.5366612079129723, -0.7869162190886273, -3.032397458410329, 0.016866117113909774
0.2141550286534857, 0.33666456079201784, 0.5366637804533103, -0.7868757624732625, -3.032393733168912, 0.01694038054942047
0.2141573097748218, 0.3366721552976769, 0.5366737295337787, -0.786858441448546, -3.032400150317544, 0.016864905270143095
0.2141638373961822, 0.33667805644544824, 0.5366723345541415, -0.7868224956276115, -3.032410223070164, 0.016828002126356243
0.21415064503633213, 0.33667739725572815, 0.5366637609223098, -0.7867769494487311, -3.032383689695799, 0.016881301289034294
0.2141603443154828, 0.33667404798891776, 0.5366481945041374, -0.7868707983368591, -3.032370803875819, 0.016919411117249337
0.2141586446943862, 0.33666041102250177, 0.5366839836275265, -0.7868402376290724, -3.032406135802693, 0.016808672323239904
0.2141605107316134, 0.336679256761377, 0.5366534125294573, -0.7868432663836668, -3.032415045842509, 0.016922266756994812
0.21415807400662562, 0.3366863023590027, 0.536655560864937, -0.7868499801724921, -3.032364398229809, 0.01690087635556909
0.21416351184570576, 0.3366732085910756, 0.5366736312107447, -0.7868611482066605, -3.0324112310216935, 0.016884108382963347
0.21416139843680113, 0.3366776296386723, 0.5366534421352416, -0.7868887674736675, -3.0323661447471064, 0.016920237026012166
0.2141499560257431, 0.3366712775426214, 0.5366616420580977, -0.7867976784176854, -3.0323901886477858, 0.016900744109901358
0.2141622725820369, 0.3366775965289877, 0.5366522744092029, -0.7869031338389276, -3.032423938727876, 0.016942577955018967
0.21415933156968214, 0.3366829016315211, 0.5366644208301758, -0.7868735767128854, -3.032383006836183, 0.016902359460200266
0.2141499516385239, 0.336683612104451, 0.5366578720839305, -0.7868190887970915, -3.0323967523388053, 0.016921105812003696
0.21416105913450925, 0.3366686618685215, 0.5366649779015976, -0.786895085596098, -3.0323912207337567, 0.016846248689988404
0.2141625913234674, 0.33669013481282734, 0.5366567440004062, -0.7868406368041597, -3.0324038028706943, 0.016902151603127413
0.21415783312915854, 0.33667778412959704, 0.5366689887588383, -0.7868189735673996, -3.0323974552982165, 0.016883449788555098
0.2141504592519952, 0.33667670047837894, 0.5366748776145299, -0.786831712028879, -3.032370617970622, 0.016844223529288722
0.21415854800996093, 0.3366600484680405, 0.5366897642915681, -0.7869314810370183, -3.032383276980916, 0.016789674775477405
0.21417171106817665, 0.3366884972050398, 0.5366543188119974, -0.7868956176317108, -3.0323904899878182, 0.016865495260900976
0.21414861861731546, 0.3366712674019252, 0.5366639774264442, -0.7868801602549239, -3.0324078621135664, 0.01684736590425515
0.2141496389472917, 0.33666998744802107, 0.5366762423492512, -0.7868532857766046, -3.0323789166642765, 0.016789022516095813
0.21416356949932586, 0.33666463522244294, 0.5366752082237343, -0.7869284334741714, -3.032370715854934, 0.016826137526508092
0.21415647119466766, 0.3366741424122358, 0.5366683640082064, -0.7868307877339535, -3.032444036096859, 0.016884933623606165
0.21415893452827345, 0.3366816132677601, 0.5366434339620717, -0.7868375405302462, -3.0323913628597383, 0.016939526196249725
0.21416462109736117, 0.33668856011469966, 0.536650983008914, -0.7868889923764293, -3.0323661004047087, 0.016920237702265913
0.21417388778802163, 0.33665861064927816, 0.5366763465276584, -0.7869410107147774, -3.0323428929124763, 0.016805660759060207
0.21432597008741713, 0.3364447038880673, 0.5366639037596429, -0.7878959072291856, -3.0321416241682444, 0.016824937862326802
0.2145476636863069, 0.3360168107983246, 0.5367736193363657, -0.7898340251672886, -3.0316340816819443, 0.01637015669689322
0.2148528146187044, 0.33543030897177495, 0.536830783763217, -0.7923301608356278, -3.031041955247128, 0.016311997440470058
0.21528226575313247, 0.33465709006459166, 0.5369132818750613, -0.795834631165802, -3.0302348684110716, 0.016123890920106455
0.21577966631281134, 0.3336950592487173, 0.5370466053506064, -0.7999958004433085, -3.0292763715008437, 0.015824111214793577
0.21632964139845054, 0.33259086410324595, 0.5372060533304476, -0.8044710849169048, -3.0281073100925986, 0.015381389025626701
0.21702983117686298, 0.3313119175253736, 0.5373803591496888, -0.8104554958625207, -3.0267119006271606, 0.015008373510956872
0.21784643373297738, 0.3298477515728689, 0.5375597601367424, -0.8170469138615963, -3.025117064827374, 0.014518347600350154
0.21872343169362163, 0.32823751093905545, 0.5377634990830715, -0.8241502769380838, -3.0234043138638205, 0.014009659099864609
0.21962576520203805, 0.3263595626738703, 0.5380824273202315, -0.8318552423684561, -3.021406913056789, 0.013118137299005472
0.2207247760240554, 0.3243988566328564, 0.5383337861664254, -0.8405583253142397, -3.0192822451185948, 0.012311321385664977
0.22190932887564457, 0.32221934111239087, 0.5386136631063945, -0.850390222591934, -3.016741919766111, 0.011798483886070537
0.2231089532045271, 0.31994989380131433, 0.5389486969701558, -0.8603342885008183, -3.0141760331646714, 0.010801129598523043
0.22456590209522767, 0.31729467323148464, 0.5392589178774985, -0.8720774554119967, -3.0110806895455338, 0.01010326868799847
0.22595226413088573, 0.3145916606964385, 0.5396934895222159, -0.8837271939173306, -3.0079897529335216, 0.008713280581614668
0.22752952628940598, 0.3117181855647243, 0.5400509057873555, -0.8967603084115601, -3.004477719212952, 0.008021257496206365
0.22912302670147697, 0.3087378279017623, 0.5404491305419428, -0.9097151335869358, -3.0008912656190194, 0.007006356428544268
0.23089015992669845, 0.30551550453969833, 0.5408819113841804, -0.9241035779559518, -2.99691118495804, 0.00582984009146846
0.2326718911581755, 0.3020974080418585, 0.5413927428411348, -0.9386191501450444, -2.9927667354701377, 0.00438802665988084
0.23454977906233787, 0.2985800969100038, 0.5418782768043224, -0.9539456901817154, -2.9883097780641044, 0.003135560708241038
0.23646609686355366, 0.2951023389991418, 0.5423072070049357, -0.9694640058104658, -2.983695076156388, 0.002226283902739969
0.23826258957030894, 0.2915809577758253, 0.542878455597259, -0.9842963490346851, -2.979207454038025, 0.000524392077938599
0.24026042318516083, 0.2879282989777862, 0.5433183127424248, -1.000435855833921, -2.9743449966189104, -0.0006126909485789144
0.24215284477661697, 0.2844214760525967, 0.5437695255935876, -1.015734114132265, -2.969452035943482, -0.0015067516607541718
0.24401018155292153, 0.2809729516960384, 0.5442244984061941, -1.03091238481655, -2.9645878407947213, -0.002766327821825285
0.2458686254827762, 0.27743585427341105, 0.5447697383639629, -1.0460807633286098, -2.9597422519169743, -0.0043712012733766355
0.24777752280892576, 0.273939506840846, 0.5451745113124756, -1.0615049927313915, -2.954595977967274, -0.005232579200660158
0.24966598382395633, 0.2704456659013828, 0.5456622461100159, -1.0764971469352396, -2.949561991745184, -0.006557512516972487
0.2515038847918751, 0.2670230163138363, 0.5461385444965832, -1.091252189761371, -2.9445259512015673, -0.007897700828927573
0.2533777999859038, 0.2634250349528655, 0.5466220741448445, -1.1066453716334632, -2.939154521306528, -0.00891731467139261
0.2552720128981118, 0.259918990494893, 0.5470953255900999, -1.1215989525358183, -2.933871675804087, -0.010194820057058756
0.25714996287720976, 0.2564482593858888, 0.5476020405737204, -1.1367584470558423, -2.9284268421119077, -0.011810738550736215
0.25900602100731723, 0.2529584325150056, 0.5480511737684678, 1.1513695223749751, 2.922872429736221, 0.012687383517509929
0.2609107147767422, 0.24947528472365715, 0.548504459072922, 1.1662459037773862, 2.9164920833229684, 0.013922622276345114
0.26284813120781003, 0.2457751111540969, 0.5490500488707099, 1.1814008704231866, 2.9099192206955062, 0.015343112941721434
0.2647528755392421, 0.24228958353566016, 0.549478189992053, 1.1961872763594232, 2.9034390375990022, 0.01642477948710274
0.2666158738391277, 0.23880253118378705, 0.5499397732813562, 1.2108017569928209, 2.896949578008672, 0.017465275522468043
0.26847853091406476, 0.23535242047701568, 0.5504041741454377, 1.2250138715356227, 2.8905260096646512, 0.018705381390504174
0.2703453888369879, 0.23183317148794252, 0.5509175204613417, 1.2398756674341043, 2.8838614315234867, 0.02019689654032607
0.272255903573429, 0.22827028967852886, 0.5513668779361939, 1.254500866902342, 2.8770384817011614, 0.021153480537469783
0.2741458685874835, 0.22479241271604536, 0.5518235726953191, 1.2689470256153093, 2.8703271100104417, 0.022363384345224526
0.2760359249500702, 0.2211824373993559, 0.5523312009269581, 1.2836424512220883, 2.8633987473255855, 0.023716332134378623
0.2779404014317776, 0.217726962988519, 0.5527225256176836, 1.2980030002494352, 2.8564609413845647, 0.024668756571456257
0.27980381689069034, 0.21420561323227094, 0.5532495435442825, 1.3123676668701905, 2.8494493882058003, 0.026155672498076758
0.2817024790089329, 0.21071146973220475, 0.5537115438349581, 1.3270528132163675, 2.842297170652216, 0.027089991599977468
0.2836036802791354, 0.20716104908901056, 0.5542470423951578, 1.3413916043044571, 2.8350170594607147, 0.02869651968960138
0.2854659132951609, 0.20364128138023632, 0.5546931924496818, 1.3555277515980002, 2.827901618738984, 0.02972918291525708
0.2873311223922368, 0.20017981654571582, 0.5551663923353025, 1.3696818039848697, 2.8206081640874117, 0.030889406208673288
0.2892198773834163, 0.19669646135396002, 0.5556502401088395, 1.3838438154824098, 2.8133382754220575, 0.03225213672896723
0.29108527757715347, 0.19320563252477016, 0.5561134449257547, 1.3978354111355562, 2.8059853680449023, 0.03332055300152479
0.2929373705030658, 0.18969199814197885, 0.5565993380162566, 1.4119036524600486, 2.7984997913193195, 0.03451901183032263
0.294812404319552, 0.18618563181639924, 0.55709427187094, 1.425926285266162, 2.7909251785270093, 0.03584416196811358
0.296764570628985, 0.18250847188287317, 0.5576059621555916, 1.4403309143914675, 2.7829961625978226, 0.03716027747779088
0.29864860956239897, 0.17899231739599353, 0.5580747544417753, 1.4544552769035493, 2.7751836030475605, 0.038383372605785546
0.3005308537546916, 0.17547108488775118, 0.5585646802923139, 1.4683939409558142, 2.767390360142551, 0.039663790526488385
0.30241352170362695, 0.17203423307379048, 0.5589982754787827, 1.482218804259993, 2.7596332463785713, 0.040673858796672374
0.30427898136827575, 0.16848961243568122, 0.5595030007794127, 1.4959713874459513, 2.7517441437716195, 0.04200500830701972
0.3061206577294605, 0.1649800339685828, 0.5599827346534043, 1.5095760357175099, 2.7438674585435483, 0.04322495740493976
0.3079631162986558, 0.16146844907274882, 0.5605363921045882, 1.523377517994862, 2.73564820620591, 0.04474308315752994
0.30986909495268866, 0.15800697976699268, 0.5609645802923741, 1.5370434931329227, 2.7275846063616487, 0.04573508466485059
0.31174977167449835, 0.15451883236207695, 0.5613903193978699, 1.5507211717554426, 2.7194345013748054, 0.046809102132685694
0.31364840807320565, 0.15103602486072304, 0.561853958306876, 1.5642255168216797, 2.711211983615476, 0.04790999833231941
0.3155868756535102, 0.14736930246242613, 0.5624025108714156, 1.5784963191174313, 2.7024523617796428, 0.049344035827457645
0.3174284996682503, 0.14385361258577375, 0.5628942903417518, 1.592159367832773, 2.6940362893446417, 0.05055916245157591
0.3193136615498134, 0.14036414490172647, 0.5633395162245441, 1.6054762643319975, 2.685664546956505, 0.05154809468241744
0.32120703408384776, 0.13685318139927466, 0.563812614056435, 1.618951929840035, 2.6770881603499093, 0.05272698837090844
0.3230752273633675, 0.13334334105786008, 0.5643040120108606, 1.6323970584102598, 2.668431009896246, 0.05404256429927812
0.32496266685424147, 0.1298170052089885, 0.5647795247340577, 1.645771122121303, 2.6597402224828928, 0.055264992399364596
0.32686032585251773, 0.1263522385536543, 0.5652191684018619, 1.6588410180338475, 2.651129464493522, 0.05632328007286067
0.3287214827483896, 0.12281358323484079, 0.5657330128725654, 1.6722591996676985, 2.6421669591019463, 0.057641289606784066
0.33063979251069564, 0.11931417412652724, 0.5661811851736055, 1.6854584471547316, 2.63335924779189, 0.05869363903066048
0.3325085123208779, 0.11585405986515487, 0.5666472275085693, 1.6985935433402344, 2.6245276816303016, 0.05988385140442107
0.33442454853383397, 0.11220303570991401, 0.567160856072327, 1.7121855651857079, 2.61523611039712, 0.06118415315859477
0.33630253418804035, 0.10865680899139195, 0.567649739480691, 1.725285862052224, 2.6060116966713367, 0.062369012467258116
0.33816580916091515, 0.1052042656116618, 0.5681341909090663, 1.7381242478517063, 2.597017578352916, 0.06367146300061387
0.3400419933817369, 0.1016819691956257, 0.5686361580586806, 1.7510724880429158, 2.587787304142625, 0.06492217128153398
0.3419536159483807, 0.09820620781674734, 0.5690454547297414, 1.7641834837774795, 2.578508653607131, 0.06574959145528786
0.343822462931318, 0.09474029313966296, 0.569529377965018, 1.7768768825815942, 2.5693182193710244, 0.0669332816740158
0.34570556120827484, 0.09122031808086097, 0.5700186920796819, 1.7898574799661746, 2.559686962998169, 0.06826647768501212
0.34755256795310235, 0.08773958562088088, 0.5704647281285795, 1.802340887488901, 2.550540488560898, 0.06932025312712504
0.34946715451085797, 0.08407663443357961, 0.5710324942624844, 1.8157135038505905, 2.5405161458229144, 0.07081074179822593
0.3513855224473586, 0.08059091952243677, 0.571467297722609, 1.8282166188292834, 2.5310123977245436, 0.07174711163855892
0.3532345840231879, 0.07726252262632886, 0.5718628899829948, 1.8401661765558017, 2.52189887740133, 0.07252490994341929
0.35492051713467543, 0.07399421662192487, 0.5722987239310541, 1.85196258285105, 2.5128412549815753, 0.07359335911423616
0.3565100003528255, 0.07093875912751554, 0.5728021689624045, 1.8629805946723832, 2.5041494763978394, 0.07510951032047476
0.3580443635622356, 0.0681379382322149, 0.5731648899282018, 1.8727964365969658, 2.496547927100187, 0.07599567589411345
0.359479286795173, 0.06551127765320944, 0.5734966422138073, 1.8822864969400197, 2.489068747682553, 0.07669813208946953
0.36082663374120233, 0.06296185714802802, 0.5738502227951254, 1.8913183135863727, 2.4818223670355755, 0.07759548055646733
0.3620901816425369, 0.060677853198367014, 0.5741070967804843, 1.8992618809096857, 2.475464707325747, 0.07815869776027982
0.36319495491703563, 0.058504989643593096, 0.5744671876501587, 1.9069113892569578, 2.469123318977596, 0.07895414541449135
0.36424388649094336, 0.05648921107415025, 0.5747517051474677, 1.9139999829378664, 2.4633822503633436, 0.07968607577042035
0.3652334764845448, 0.054660092107557366, 0.5750112612945147, 1.9201558852245235, 2.4582970238741066, 0.08041570508171929
0.3661203595695091, 0.053027713146763425, 0.5752118734452765, 1.9261791237877608, 2.453442960116102, 0.08096290564234876
0.366886752052119, 0.05162959461599795, 0.5754305091103298, 1.9308422612757172, 2.4494821642275446, 0.0814747522533604
0.367556854353904, 0.05036985373273295, 0.5755652961967649, 1.9352498915737717, 2.4459949545694917, 0.08166000038296799
0.36817015939503445, 0.0492408357266187, 0.5757020690308335, 1.9392249622064144, 2.4426079923454456, 0.08199153848532088
0.3686372261036944, 0.04834107550807972, 0.5758238988770374, 1.9423990615029882, 2.4399663710108994, 0.0823961652892043
0.3690262882977527, 0.04760188763944241, 0.5759344196751506, 1.9448241432905111, 2.4378802784565576, 0.08264890683022842
0.36933718218060574, 0.04708051049127796, 0.5759924302685561, 1.9467988547347004, 2.436281232487898, 0.08272736899768948
0.3695432090765738, 0.04666874524965696, 0.5760677964750361, 1.948157801861467, 2.4351100411644797, 0.08293530893475454
0.36966041123007143, 0.04646779793300945, 0.5760902348499181, 1.9487979968022928, 2.434530204836429, 0.08297858382066907
0.36969485314132483, 0.046426160224468965, 0.5761080997582632, 1.9491279394423537, 2.434319115306889, 0.08312182418266297
0.3696983306639551, 0.04641240103332619, 0.5761147223508343, 1.9490305152177838, 2.434312174303178, 0.08310936803120804
0.3696883248444078, 0.04640901584540041, 0.576133183179652, 1.9490289361303321, 2.4343116562416167, 0.08315168360152002
0.36969870298187535, 0.046392574950665316, 0.5761379666600024, 1.9490784588600156, 2.4342216756693915, 0.08318289950430553
0.3697087248108683, 0.0464206584807715, 0.5761207564049506, 1.9490677131517664, 2.434300939219267, 0.08318532201218262
0.36970394706340276, 0.046413827579610406, 0.576127132559219, 1.9490593841545119, 2.434321073891751, 0.0831524875734743
0.3696641553862782, 0.04653876799461491, 0.5761236104983153, 1.9485659579764747, 2.4347526293810353, 0.08302503426934466
0.369477825376995, 0.046942087944461655, 0.5761088258512634, 1.9471144450464142, 2.435962330825442, 0.08307301669131217
0.3691925067701885, 0.04748511896901174, 0.5760419401531498, 1.9451536571716255, 2.437641530465904, 0.08279622243871113
0.3688375639326312, 0.048186414772784236, 0.5759702098887062, 1.9427044604973323, 2.439726779431037, 0.08248845708314853
0.36843136569188817, 0.049119803768838004, 0.5758847142357533, 1.9395086416681204, 2.4424029464024803, 0.08219991181641939
0.3679288598938759, 0.05024906575924362, 0.5757775674853636, 1.9355746729224659, 2.4458108235622853, 0.08169066334775077
0.36728516002836004, 0.0514210163003582, 0.5757657125756312, 1.9312341857886468, 2.449178666824885, 0.0816584294442306
0.36663549718615884, 0.05286395092880666, 0.5755937408425879, 1.9264521714848306, 2.453227131390895, 0.08103378670108885
0.36585442945380664, 0.05451526125960173, 0.5754766668576246, 1.920572255174933, 2.4581912689831027, 0.08062756280261203
0.36500426232914207, 0.056267706673508604, 0.575352724800647, 1.9141373008367166, 2.463407616554908, 0.08005786945129106
0.3640477016340878, 0.05839214804021012, 0.5751867030849999, 1.9068132922599925, 2.4694341829357525, 0.07940989149342287
0.36303057352692103, 0.06053140324732442, 0.5750118064986339, 1.8994099573597778, 2.4754852669139935, 0.0788468214329069
0.3619100336669403, 0.06292073650883832, 0.5748342435999007, 1.8907710125326072, 2.482512567579058, 0.07803115026155794
0.3607039693854465, 0.06540587203097721, 0.5746337644843053, 1.8815735086985619, 2.4897571482343035, 0.07728719951751807
0.35938336833247053, 0.06807010413452827, 0.5745079784350454, 1.8720413028260956, 2.4972528032244656, 0.07680874400197706
0.3580276171008832, 0.07100495120226152, 0.5742668636605397, 1.8615965468276077, 2.5054950145672183, 0.07565144876806161
0.35657279667857694, 0.07409505929720654, 0.5740152455683526, 1.850662435760188, 2.5140900586143173, 0.07478202985628248
0.3550348060947928, 0.07733075051424368, 0.5737488706776029, 1.8386624808594791, 2.523459338157198, 0.07366609995939191
0.3534368585327228, 0.08076581010869247, 0.573525509934982, 1.8263945943991668, 2.5326727252509196, 0.07287703558312125
0.3516597319220994, 0.08443239551678225, 0.5732264754744029, 1.8129865117489006, 2.5430216960460177, 0.07160053111884834
0.3499298900530267, 0.08802339352293624, 0.5729613586402685, 1.7997391756405259, 2.552914825367109, 0.07054535207548204
0.3481880119600806, 0.09166503225298575, 0.5727483220880919, 1.7861799886455554, 2.562823368064769, 0.06960431848094616
0.34652269919372775, 0.09526346392376449, 0.5724386969506186, 1.7731099892126705, 2.5725328311575453, 0.0685321761004128
0.3448197082622758, 0.09889568514470456, 0.5721196365802397, 1.7597347812749606, 2.582231337089274, 0.06713025823182331
0.3430980482902268, 0.10249947404646882, 0.5718805981532707, 1.7459600032216207, 2.5919816639840483, 0.06618048316906514
0.3413965310706139, 0.10612700080306187, 0.5715646481221901, 1.732735910645366, 2.601561798145443, 0.06480245336505701
0.3397412707279922, 0.10979992451433106, 0.5712805114213095, 1.7190548951477393, 2.6109881210114816, 0.06375069012578824
0.33799307796844635, 0.11338372571631222, 0.570986371690621, 1.7054591426968086, 2.620569533319991, 0.06255516247781148
0.3362752965803402, 0.11695527761070068, 0.5707335373348296, 1.6919625551512811, 2.629752661987793, 0.0614239317403044
0.3344699850224303, 0.1207371251040046, 0.5704852125647195, 1.6777194707508136, 2.639410994500206, 0.06042415284545058
0.3327642285838177, 0.12430156674740052, 0.5702370284518156, 1.6638851377886255, 2.648601937357113, 0.0594781504405714
0.3310725374217912, 0.12790601168897786, 0.5699574254005072, 1.6500243522584421, 2.657720729807471, 0.05823474558062343
0.3293382813010395, 0.1315294726501637, 0.5696860595692216, 1.6362239957702787, 2.666846423761593, 0.057123277864384495
0.32766020119517425, 0.13507187087305486, 0.5693689527870016, 1.6227273765448091, 2.6756108866752304, 0.05571485032430244
0.32592467421141497, 0.13869454855626065, 0.5691098513502681, 1.6085417544715643, 2.6846963627978275, 0.05468455951646512
0.32421782795314874, 0.14228580725185877, 0.5688538124792993, 1.5947592577333933, 2.6933240399169938, 0.05360340022599241
0.3225346297370918, 0.14588076838255254, 0.5685829349210535, 1.5806430938868372, 2.702135603395648, 0.05249876086264445
0.32081771553630994, 0.14953739441667913, 0.5683049652677946, 1.566587080568536, 2.7107942095618514, 0.05138642921839917
0.31908533237533493, 0.15313795600235267, 0.5680313760642622, 1.5523499342539664, 2.7195323226409602, 0.05010736071164903
0.3173027840828258, 0.15685825829244504, 0.5677658639258623, 1.5376555122928428, 2.728340850649947, 0.04904632768546309
0.31555139107921987, 0.1604813145163239, 0.5675266201226027, 1.5232798396349172, 2.7368426047607306, 0.04813055645770972
0.3138498991798176, 0.16408252196671338, 0.5672417386000794, 1.5089458788659764, 2.745276343060456, 0.04694220484080834
0.3121657157117353, 0.16766969801177453, 0.5669326446133586, 1.4950034018709961, 2.753375743350279, 0.04560474495841468
0.3104639213177782, 0.17129071549660582, 0.5666792688563549, 1.480558691639309, 2.761702735361177, 0.04454095918885089
0.308771356459703, 0.17485799852820857, 0.5663885040059952, 1.4662944041231867, 2.7698208243853197, 0.04333066241917443
0.3070589682526729, 0.17849729038168116, 0.566109591299312, 1.4517753117092438, 2.777942890036261, 0.0421638213023203
0.30535347794119805, 0.18209987030911087, 0.5658273411243222, 1.4372502006258212, 2.785942701089023, 0.0409076667659428
0.30364793616146474, 0.18570714213849432, 0.5655073674965903, 1.422712648307477, 2.7939707981558572, 0.03959448424230271
0.301836488673076, 0.18949031964366742, 0.5652123240676901, 1.4075463326864703, 2.802223449621315, 0.03829882012376592
0.30011656406348053, 0.1931082133092396, 0.564945525603818, 1.3928095855579516, 2.8100391876385014, 0.03715310202111995
0.2984210605990583, 0.1966615851811292, 0.5647284278566685, 1.3783326853101994, 2.8175804257603594, 0.03637483912877983
0.2966975249980602, 0.20026013633174283, 0.5644788342970612, 1.3637916906718501, 2.8251780951956142, 0.03524639830934408
0.2950132607135419, 0.20385262395147832, 0.5642068447104753, 1.3491046864562253, 2.832602324041114, 0.034104893329042874
0.2933206894856996, 0.20748020497809674, 0.5639356252263052, 1.3342998881019625, 2.8400980231310062, 0.03295755863523655
0.29158421090561537, 0.2111318774815628, 0.5636433243435773, 1.319341683991194, 2.8475402938159387, 0.031759115189261854
0.2898758154178974, 0.21473700196017828, 0.5633421639019153, 1.3044840964731437, 2.854855652580548, 0.030351369101521846
0.2881185250358636, 0.21848858209862068, 0.5630778006738082, 1.2888901025242308, 2.8624657762241883, 0.029301512611745108
0.2864021840282858, 0.22205434218480713, 0.5628047597452787, 1.2741616783284162, 2.8694911671652643, 0.02808877943688423
0.2846932139841457, 0.22563163271088832, 0.5625679257236104, 1.2592349170606991, 2.87654169370153, 0.027052341644913987
0.28298492382007157, 0.22924614105543867, 0.5622684123437655, 1.2441826026279388, 2.8835502430241315, 0.025857747192598583
0.2812466817747526, 0.23290291698998689, 0.5620104192415177, 1.229094345678606, 2.8905330563637435, 0.024694516044856542
0.2795379729771584, 0.2365185347558443, 0.5616995036075647, 1.2136787972675525, 2.8975772371571433, 0.023358586189437234
0.2778745054708942, 0.24010102994497862, 0.5613840835914422, -1.1986482067213757, -2.903394093727089, -0.02205720409270661
0.2761462303605993, 0.24369049135478643, 0.5611485749821583, -1.183335226347418, -2.9093031035019385, -0.02099771015139948
0.27440048444957893, 0.24731856246518924, 0.5609370540895641, -1.1672902217878298, -2.91539750756239, -0.020092094851437422
0.27262587223319573, 0.25108125168985956, 0.560613587811495, -1.151075947402476, -2.921312192891289, -0.018700656093982606
0.27099196820350613, 0.25467743203240667, 0.5603349507013894, -1.1360255867135607, -2.926822399350343, -0.0175408851237619
0.2692453105305375, 0.2582820786602016, 0.5600583461307251, -1.1201164359770652, -2.9324575287417436, -0.016308214721390425
0.2674826406682321, 0.2618765558200809, 0.559806153326436, -1.1043828627630952, -2.937958841548667, -0.015047200319986328
0.2658218107550779, 0.2654721455576932, 0.5594858023259636, -1.0889710251474836, -2.9432771530030797, -0.013739996531157888
0.264125281702785, 0.2690714296108605, 0.5592299394520491, -1.0733849626573055, -2.9485458271286467, -0.012700040604707226
0.2623808483276575, 0.272723135398155, 0.5589325948297368, -1.0574739021406787, -2.953897035784402, -0.011361986364902479
0.26066618705502176, 0.27629008591826737, 0.5587314410575214, -1.0417316501442944, -2.9589264411733187, -0.010564869368098731
0.2589988430134168, 0.27982638607611315, 0.5584650917507649, -1.0260484366340847, -2.9639952190978893, -0.009359695330468352
0.2571999992619017, 0.28366737607612547, 0.5581254155721372, -1.0095137864144257, -2.969281773410856, -0.007862678230108108
0.25545542928660225, 0.2873194090832026, 0.5578656572397263, -0.9935592801962652, -2.9741596755742274, -0.00680023553986537
0.2538073472776905, 0.29084213349351623, 0.5575925059679874, -0.9777177262956764, -2.979009044663006, -0.005664772026418392
0.25206270368823386, 0.29449143990329596, 0.5572970480500355, -0.9617171317180425, -2.9837159406112934, -0.004466523142197492
0.2503313834656643, 0.2981459683269132, 0.5570242013104473, -0.9456642105394549, -2.988304773646327, -0.0031589561702430554
0.2486873472287205, 0.30155685808298477, 0.5568215500463648, -0.9307174516689991, -2.9927058654365286, -0.002302927227607282
0.24709427681592475, 0.3049513479491511, 0.5565581489788525, -0.9154414926613144, -2.9970491130548407, -0.0011779651276704907
0.24564591285473283, 0.30807033949714335, 0.5563169469568688, -0.9018996324086895, -3.0007665178999794, -7.481022964993554e-05
0.24417805908066625, 0.3110733042878138, 0.5560666625788518, -0.8886367486367709, -3.0043564937676193, 0.0009576374998923311
0.24288374805977872, 0.3138596830169531, 0.5558597383127662, -0.8760441042885889, -3.00776395267183, 0.0018056724463040505
0.24160830592070373, 0.3165072620950054, 0.5556607823178376, -0.8641716318969904, -3.0108170928963642, 0.0027371392136695026
0.24046955724600175, 0.31900542083513583, 0.55546685768409, -0.8536537548344695, -3.0134737943407686, 0.003504698530413861
0.23934004580304766, 0.32128208781504025, 0.5553054256765345, -0.8430233729084027, -3.0161548476556455, 0.0041601872203786295
0.23838496643984503, 0.32331471793300454, 0.5551634894507987, -0.8342672158209916, -3.018429183899745, 0.004818570551736204
0.23750809211466253, 0.32519189094833906, 0.555007275706474, -0.8259925680309961, -3.020479211922772, 0.005539602655951626
0.2366515184381244, 0.3269448564263668, 0.554857965996855, -0.8179548429309911, -3.022464548959953, 0.006073024647853787
0.23594775413758265, 0.32848642783139387, 0.5547331552603882, -0.8111849566178567, -3.024035562142774, 0.006637147499204366
0.23532334668062102, 0.3298074560089285, 0.5546419680618869, -0.805252605866614, -3.025554769578404, 0.006979739171179036
0.2347600275209607, 0.330962753858464, 0.5545694324175221, -0.7999866296641395, -3.0267349423736114, 0.0073370010687245895
0.23428341249535636, 0.3319670978698431, 0.5545016777551237, -0.79554759834293, -3.027743060634596, 0.007607691034117462
0.23386965214647099, 0.33278572015104996, 0.5544180205120114, -0.7915944497534831, -3.028685603187793, 0.007979442443612567
0.2335782752526656, 0.33338660278104426, 0.5543993156454512, -0.7889217172371411, -3.0292669940286467, 0.008082011404219817
0.2333928892373683, 0.3338383801944108, 0.5543611505396119, -0.787047540798037, -3.0297953577474885, 0.008261010159904627
0.2332771149714026, 0.3340940803751016, 0.5543361794355849, -0.7858662022955755, -3.0300869912913173, 0.008317720220243144
0.23323643073293387, 0.33419069788540007, 0.5543208573348212, -0.7854356194140676, -3.0301420931740526, 0.008442028722199766
0.23323343357105264, 0.3341885417878593, 0.554334396788414, -0.7853215668595372, -3.030152034029341, 0.008345230026227684
0.23323030634178005, 0.3342014303001232, 0.5543386492991348, -0.785310282471743, -3.030182917845868, 0.008292210521176593
0.23322502632228606, 0.3342215700295123, 0.5543221721084381, -0.785266998184938, -3.03016423742575, 0.008383696379829428
0.2332197611516847, 0.33420932625053373, 0.55435696227908, -0.785304729766264, -3.0301570972697967, 0.008119035268827303
0.2332493644178281, 0.3342763227978564, 0.5541297625277771, -0.7852257399125293, -3.030195325085308, 0.008047187034073968
0.23322640809348374, 0.3342498125253012, 0.5536079531671935, -0.7852398449127359, -3.0301252980246294, 0.008624224883454655
0.23321702430465932, 0.3342307033687932, 0.5529480885746847, -0.7852815996785777, -3.0301373113582795, 0.008742851812307611
0.23322221109614977, 0.33423080988274684, 0.5521482872621367, -0.7853086246406492, -3.030142034070887, 0.008636271623861038
0.23321432020637167, 0.33422908407450935, 0.551098774086998, -0.785368591720279, -3.0300996083413287, 0.008805506086053995
0.23322435400585953, 0.3342080928106633, 0.549873068859005, -0.7853921954534009, -3.0301220235377526, 0.008890129916121148
0.23322281796015226, 0.334185817487627, 0.5483670900469841, -0.7853664955987993, -3.0301458902094622, 0.008992122105832225
0.2332257069849277, 0.3342171480081765, 0.5467165952304878, -0.7853760034767394, -3.030127773917893, 0.00882824042643641
0.23321866262654253, 0.3342128458940531, 0.544958623147577, -0.7852193247547387, -3.0301992828236233, 0.00829402054545049
0.23322385546538127, 0.33418363821584235, 0.5429225299638886, -0.7853328927536113, -3.030106177961465, 0.008800777061743021
0.23322518142496942, 0.3342527402860466, 0.5410232285714407, -0.7852617496399061, -3.0301187140877257, 0.008506390337877302
0.2332297692098106, 0.33423003861509404, 0.5393433729200553, -0.7853336103451526, -3.0301262661294177, 0.008705739624577644
0.2332394273688513, 0.33420282923073574, 0.5378632770829956, -0.785340014526306, -3.030126292962988, 0.008654709929274642
0.23324411771659156, 0.3341897352688658, 0.536668365639976, -0.7853602936921141, -3.03013256424356, 0.00839719396656742
0.2332286746432123, 0.3342084113689846, 0.5355298305581558, -0.7853154077912656, -3.0301240406567684, 0.008474376257378518
0.2332339073553421, 0.33420505456115557, 0.534663438985469, -0.7853634643962136, -3.0301315791185703, 0.008462616399096833
0.23324019262126477, 0.3341847809265129, 0.5339210086677196, -0.7853329173125694, -3.030159263704626, 0.008862295773538713
0.23325656403898412, 0.33418007262882676, 0.5335033367660811, -0.7853845066975303, -3.0301500716747127, 0.008413430903467875
0.23324124467836066, 0.33416454960794445, 0.5332472143346977, -0.7853734957972143, -3.0301539549286405, 0.008433344267479359
0.23324450715648123, 0.334202372824229, 0.5331280322499372, -0.7853044231138778, -3.0301705614927767, 0.008472132759643397
0.23321385840442566, 0.33413627579927235, 0.53315611282269, -0.7853480674445626, -3.03019368727711, 0.008306397635017754
0.23286391752983931, 0.33419492082115815, 0.5331377096766283, -0.7852542677612612, -3.0301992256263612, 0.00830053720344918
0.23233870067624762, 0.33421820558374793, 0.5331334132738879, -0.7848816739489721, -3.030179913052521, 0.008285821938441225
0.23165200914770967, 0.33422481524673386, 0.5331360047008374, -0.784971613871275, -3.030228739393621, 0.008305304156629653
0.23074709834727233, 0.33421060283228543, 0.5331715423480043, -0.7851477844589713, -3.0301621770463543, 0.008264500315109509
0.22958013737976252, 0.3342416773891417, 0.533141113587926, -0.7847060658643863, -3.0303269513622575, 0.008354348250019364
0.2282750259420192, 0.33432044153011886, 0.5331312813853772, -0.7847638679772153, -3.0303205851714776, 0.008354023516774606
0.22677848308908052, 0.33431015073381115, 0.533152762653988, -0.7849540002981227, -3.0303006555430256, 0.00823265816437301
0.22507616653200613, 0.3343449331307002, 0.5331325271736624, -0.785199924361643, -3.0301964559100694, 0.008356195229935488
0.2231589279216622, 0.33445262050590363, 0.5330948502341714, -0.7851838176619139, -3.03020127832309, 0.008475199821852485
0.2212837417141329, 0.33442671658331613, 0.5331733062937285, -0.7850628056143218, -3.0301863808555214, 0.008155700392368882
0.2196132578963874, 0.3344447989746273, 0.5331772154419736, -0.785272344492155, -3.030168046210696, 0.008211634645006875
0.21811000901393449, 0.334537627253037, 0.5331479020017335, -0.7850974957039645, -3.030232868516372, 0.008315403639273038
0.21682767804107192, 0.33456365845564956, 0.5331408643441173, -0.7850462988144398, -3.0301785620152284, 0.008327132436076594
0.21574740921091135, 0.3345791935673157, 0.5331474706047872, -0.7849728175806905, -3.030190303495414, 0.008279362837259802
0.21482334342284296, 0.3345983814137256, 0.5331514613962882, -0.7850173952810345, -3.0302154803183967, 0.00835998752434879
0.21415291128206668, 0.3346176109109872, 0.5331686782810141, -0.785085156029189, -3.0301731360055117, 0.008274894836532563
0.2136756999847194, 0.33463571888843086, 0.5331264127337695, -0.7851381894561819, -3.030149239872464, 0.008484021405637938
0.21341149845875926, 0.33463501243221205, 0.533144870798699, -0.7851900119892239, -3.030120422625715, 0.008268721809139616
0.21332806918182332, 0.3346229095754753, 0.5331423392505419, -0.7853018706665058, -3.03010520043873, 0.008273682090512031
0.21331652595467185, 0.3346197454369452, 0.5331592198400931, -0.7852261318309974, -3.0301145918192542, 0.008179760905600847
0.21331973418589145, 0.3346269829070284, 0.5331412148673598, -0.7852654016485862, -3.030114261078688, 0.008292541995260248
0.21331595792375999, 0.33460947304668875, 0.5331425143134252, -0.785292920716445, -3.030069943881998, 0.008291251498162802
0.2133185298706381, 0.33462685895329675, 0.5331286819003085, -0.785298685408709, -3.030091939216566, 0.008349509856673492
0.21332364924710875, 0.3346157360981217, 0.5331322937790056, -0.7852584842587074, -3.030089847130407, 0.008347442477367174
0.2133093894373251, 0.33460820166874405, 0.5331347390619132, -0.7852466552804327, -3.0301182622648457, 0.008330690938849635
0.2133196724898079, 0.3345984388089169, 0.5331380800967329, -0.7852978697160701, -3.030091972400542, 0.008348333253981072
0.21331091725191215, 0.3346173105500605, 0.5331301214321821, -0.7852619764550491, -3.030100999605064, 0.008367411140677607
0.21331507127273122, 0.3345912104069955, 0.5331561757571319, -0.7853398224832574, -3.0301063086608595, 0.008330717876257113
0.21332033737593864, 0.33460916431076126, 0.5331334236941554, -0.7853040132082469, -3.0301142829624985, 0.00838719820878296
0.21331490532534292, 0.3346069723796151, 0.5331323884891741, -0.7852673146704332, -3.030123803295879, 0.008387197826954438
0.21331021939347342, 0.3346025018513562, 0.5331425453429919, -0.7852769199500035, -3.030085160279468, 0.00834797865468079
0.21331875198209674, 0.3346077111893414, 0.5331256112522785, -0.7853006810805151, -3.0301015065635806, 0.008442464438312142
0.2133156316376845, 0.33461710951240875, 0.5331344846698436, -0.7852979763268285, -3.0300911691581027, 0.008386054159316463
0.2133023243642748, 0.33460817882255917, 0.5331390383895745, -0.785239932006514, -3.030092959464077, 0.008423523312365394
0.21330069865634774, 0.33459487952927863, 0.5331439584601124, -0.7852096347614885, -3.030126877346886, 0.008367234331488269
0.21329609934217422, 0.33457967361759283, 0.5330722267402277, -0.7852272239352405, -3.030117276798669, 0.008593360089384926
0.21329715126241308, 0.33455112342742294, 0.5315326707315329, -0.7853012337148424, -3.0300897526545487, 0.009406736683570815
0.21327550088468084, 0.33451020722014013, 0.5300239295594489, -0.785410109837776, -3.030052311037809, 0.010256225662797937
0.21327182023806576, 0.3344921827132511, 0.5284798569078176, -0.7854081624846356, -3.030020063272263, 0.010560166713580666
0.21326426979469468, 0.3344774234857487, 0.5268528306733657, -0.7853854198140214, -3.0300460196564467, 0.01077388564480771
0.21326231188932834, 0.3344968812219936, 0.5253084611002942, -0.7854043271903216, -3.030013926552805, 0.01089118335655454
0.21325433713304145, 0.33450337551544435, 0.523549391915029, -0.785441177870157, -3.029951657204357, 0.011102753635220845
0.21326922771068238, 0.3345397528527929, 0.5219939019438927, -0.7855038078005039, -3.029935263781337, 0.011126486212115946
0.2132853429454102, 0.3345246715245987, 0.5204711033516429, -0.7856937188306943, -3.0299003428317195, 0.011546234680981982
0.21326030152137604, 0.33455140655510945, 0.5189205559684589, -0.7855218164466496, -3.0298912682975074, 0.01220576480942006
0.213282662190051, 0.33455741572841957, 0.5172953590226779, -0.785660630953082, -3.0298702165846856, 0.012625984525794528
0.21327156788240278, 0.33456571648784156, 0.5157661945957123, -0.7856378620643272, -3.029833250347237, 0.012872328724380301
0.21330198232520428, 0.33455367772656164, 0.5143298549367901, -0.7857436227164267, -3.030080764880869, 0.01276189645581053
0.21334773196470808, 0.3345508706617265, 0.512839442104266, -0.7858876311638072, -3.0303984146409064, 0.012936785649908312
0.21338420993326324, 0.3345327252287821, 0.5112406144889755, -0.7860153453905128, -3.0307198209784683, 0.013170101201857586
0.21343018028845975, 0.3345958018611004, 0.5095218274017984, -0.7861172774429526, -3.0307759963328937, 0.013874246232639957
0.2134327407780134, 0.33461052264709784, 0.5076522838802059, -0.7861570156036872, -3.0307959633905517, 0.01429517720561451
0.2134379633988628, 0.3346011277262902, 0.5059997246005957, -0.7861804916662244, -3.0307743073016047, 0.014489522788773072
0.21341813964447798, 0.33459290118099544, 0.5044600649119754, -0.7860606747566399, -3.0308182677766613, 0.01498325963079457
0.21343473697566293, 0.3346102140421627, 0.5027413724795141, -0.7861499180959094, -3.0308178217452664, 0.015178594003620339
0.2134480317072148, 0.3346240856370238, 0.5010986683194812, -0.7861582613215873, -3.030812712634398, 0.015370582073066063
0.2134760665161272, 0.334582077004007, 0.4996580572822609, -0.7862731842665188, -3.0310865301919887, 0.014717230691226567
0.21350860999043964, 0.3346666715378096, 0.4980422442407622, -0.7863573768258154, -3.0310857966683344, 0.015399904233545043
0.21352181499745534, 0.3346644109842721, 0.49684820521112516, -0.7864085517424632, -3.031071412362473, 0.01538589691262786
0.2135054414768646, 0.334605851612508, 0.49573609358464416, -0.7864083426045138, -3.031091122034121, 0.015052041227842202
0.2135373388719574, 0.33467331917448057, 0.49428480898719496, -0.7863904401525514, -3.0311003498017985, 0.016259228328074568
0.21352953171177402, 0.33465146635612214, 0.49332563962528253, -0.7864045934062145, -3.0309734784158047, 0.016555880474882823
0.21342494423639358, 0.33450018816861743, 0.4925098889365556, -0.7862186814958306, -3.030593452290214, 0.015762951977486294
0.21334739192453328, 0.3343024829709461, 0.4919923047625786, -0.7861159269205128, -3.030556017081516, 0.013772398878800057
0.21329526638189333, 0.3341611524300679, 0.49168201160489233, -0.7859557538146869, -3.03062349580019, 0.011992193445245181
0.21327941667376427, 0.3341043309847313, 0.4916011365721254, -0.7858836036689285, -3.030618132253813, 0.011051892449401883
0.21327679927857118, 0.33409129215172356, 0.4915906213212963, -0.7859609946425007, -3.0306146159025023, 0.010902315646403775
0.21328157301028242, 0.33408135367257474, 0.4916835602069414, -0.7859787188988959, -3.030631377045691, 0.01146599129343536
0.2132915088225643, 0.3341481756498638, 0.4918529221184702, -0.7858649638321361, -3.030592701573967, 0.01209833126293269
0.21330574492760232, 0.334190071837795, 0.49198138227421867, -0.7858984625775397, -3.030595034725953, 0.012568333627217333
0.21332088191207377, 0.33423893136064875, 0.4920441389738657, -0.7858392553447481, -3.0306067316902854, 0.013131890066122271
0.2133264430069904, 0.33426679882229254, 0.49207573261246207, -0.7858972184355293, -3.0306113332733515, 0.01332028703422359
0.2133194228205354, 0.33426683586780065, 0.492072394126613, -0.7858727366534352, -3.0305915149257165, 0.013374912580696776
0.2133305134794857, 0.33426435784532726, 0.4920814263297625, -0.7858609008881404, -3.0306209929182466, 0.013301231829452755
0.21332840340645867, 0.3342646619891725, 0.49209616590256744, -0.7858193530416072, -3.0306098243702246, 0.013187707767367293
0.21332726001551394, 0.33425687918501973, 0.49209043477187986, -0.7858225774523115, -3.0306219960624086, 0.013169031148878366
0.21332901677241348, 0.33425438049637435, 0.4921120682822634, -0.785871253383485, -3.030585981749374, 0.013112500820126992
0.2133277364923615, 0.3342547018386877, 0.4920995234604071, -0.7859343610982528, -3.030605515329571, 0.013171084835871772
0.21332592667257763, 0.33426010778708753, 0.492089328187651, -0.7858709555126994, -3.0305838544350987, 0.013205955585741043
0.21331818965775257, 0.33426693274994723, 0.4921063611557271, -0.7858101958959991, -3.0306505285208574, 0.013153046456973924
0.21332120156758855, 0.3342601933485421, 0.49209615277401314, -0.7857804566365485, -3.030608636728687, 0.013148958493005063
0.21332073844342408, 0.33424714146641843, 0.49211317147463923, -0.7857887345341016, -3.0306438453354625, 0.013133176968565155
0.2133291299003888, 0.33426330991461184, 0.4920950327559776, -0.7858221017688797, -3.0306210439020727, 0.013207071689680742
0.21331406355036403, 0.3342646105253655, 0.4920973407126016, -0.7857642673918864, -3.030623238651694, 0.013225307426690381
0.21332275567729547, 0.33426170911470393, 0.4921052764451542, -0.785855567506304, -3.0306010578386564, 0.013169459127419462
0.21332435867335434, 0.3342387908341901, 0.492108723656945, -0.785833557798601, -3.0305931546407128, 0.013205542139216446
0.2133204686125074, 0.3342621918900891, 0.49211319795531083, -0.785734781012362, -3.0306588143337425, 0.013095031285716834
0.2133117534926557, 0.334243937490332, 0.49215363088342434, -0.7857805992892041, -3.0306132329111968, 0.0129611536961275
0.21331399911381824, 0.3342402851357947, 0.4921224279997403, -0.7857887740382281, -3.030644877392806, 0.013095329393474487
0.2133179452996863, 0.3342452349277895, 0.4921199753199608, -0.7858378626059206, -3.0306079790496345, 0.013076108977510098
0.21331838590697752, 0.33424684558948003, 0.49211776837665716, -0.785782729309852, -3.03062062617989, 0.013131752619425762
0.21332210584734881, 0.33424692631623865, 0.49213163784191716, -0.7858346695795494, -3.0305968120819, 0.013055797663522018
0.21330994028487488, 0.3342342707459963, 0.49211887223673595, -0.7858190144178742, -3.0306114110189295, 0.01313215580332659
0.2133233916388254, 0.3342435656092498, 0.4921268228987849, -0.7858592780990515, -3.0306157657619064, 0.013038675020248348
0.21332739738484194, 0.33425726094719294, 0.492107516173691, -0.7858046252702229, -3.0306279512540226, 0.013112976367524681
0.21331300526343125, 0.33424465401807146, 0.4921166121511935, -0.7858738244051655, -3.030597376594496, 0.013132459754357477
0.2133069171995942, 0.3342354505279252, 0.49213029603227537, -0.7857557393701866, -3.0305915267647388, 0.01309242117181447
0.21328739511358613, 0.334170295424266, 0.4922337435240685, -0.7858265907679489, -3.0304210063372943, 0.012725097227259376
0.21328184670125916, 0.33419158723897907, 0.4922236449705197, -0.7857474284894288, -3.0304143845924316, 0.012816919124013199
0.2132930346036087, 0.3341824078700921, 0.4922325329314923, -0.7857538656572297, -3.0305144259166488, 0.012710399322858558
0.2133019828964749, 0.33419738922454767, 0.4922266285077748, -0.7858021394753233, -3.0305515112473413, 0.012714188121163844
0.21331942338498538, 0.3342568783340245, 0.4921775466370569, -0.7858384640336771, -3.030536593527673, 0.012939685712578334
0.21332332975557955, 0.33425020489184415, 0.49217180568469976, -0.7857869105592928, -3.0305621902473576, 0.012939895987853665
0.2133246829508358, 0.3342509383674325, 0.49217291475841657, -0.7858261676532236, -3.0305649101832723, 0.01292215567666326
0.2133241097746875, 0.3342573510363349, 0.4921443782502495, -0.7858146959083415, -3.030592459508121, 0.012941593881169581
0.21332656169996664, 0.33427321463649345, 0.49213048331637355, -0.7858099020970362, -3.0305701156909493, 0.012902883550572558
0.21332822768655527, 0.3342628988896859, 0.4921316127823865, -0.7858273768870753, -3.030564493440133, 0.012940824913883918
0.21332243178447483, 0.3342468418052361, 0.4921579383947828, -0.7858249189605182, -3.030556137700139, 0.01280807550836287
0.21331234696373044, 0.3342659400957212, 0.49213957780628853, -0.7857968435244954, -3.03059736927846, 0.012942848913482035
0.21332041352880307, 0.33424463719245245, 0.4921706815952832, -0.7858149887135487, -3.03059517144538, 0.012828944103748196
0.21332293892907903, 0.3342533990880057, 0.4921327277772183, -0.7857966943886608, -3.030596664157462, 0.012960893800177642
0.21332375841666457, 0.3342559881496963, 0.49215774567568576, -0.7858518304212168, -3.0305853023267937, 0.0128492938284974
0.213318243899616, 0.3342574431183379, 0.4921395548880817, -0.7857938573958488, -3.0305861396568066, 0.01292308891511946
0.2133209119767815, 0.33424633491241124, 0.4921556146690408, -0.7858698380218987, -3.0305807222896215, 0.012848649725649601
0.2133276967370494, 0.3342571979516023, 0.49214663268692826, -0.7858482931495596, -3.0305724302476937, 0.012903589222925619
0.21331429936125873, 0.3342476059986992, 0.49217959189924576, -0.7857736025236607, -3.030583601553634, 0.012734279240920158
0.21332075151210508, 0.3342418534210645, 0.4921713463295117, -0.7858182798199368, -3.030607705522656, 0.012793852029560857
0.21332042839720167, 0.334264686518422, 0.4921603077620437, -0.7857944060482039, -3.0305883572387815, 0.012828344328476177
0.21332405254400827, 0.33427110824749434, 0.4922887883714623, -0.7857886434565078, -3.030594530831146, 0.013523418783735006
0.21333254435813606, 0.3343821171811803, 0.49462189495375164, -0.7855804644935147, -3.0305156209092377, 0.014389191695916815
0.2133541332772136, 0.3343808008029898, 0.4967118287951092, -0.7856334598921454, -3.030519693511826, 0.014814455686557537
0.21335990019989387, 0.3344049647002536, 0.49879884943801944, -0.7855872505053715, -3.03050816050668, 0.014955965099311026
0.21336204179308513, 0.3344166438465282, 0.5006561331310182, -0.7854710841332682, -3.0305725742174583, 0.014875643128116834
0.2133599056862327, 0.3344043429935695, 0.5026071323169335, -0.7853890890451637, -3.0305547085124784, 0.014734936449931868
0.21337464229841108, 0.3344457076870492, 0.5042188618686203, -0.7853502465293533, -3.0305883853424596, 0.014692279545662532
0.21336924499444357, 0.3344402520640851, 0.5058431849223257, -0.7853011429077222, -3.030570412314849, 0.013915093582097195
0.21337378123457504, 0.33445048757354295, 0.507381808011682, -0.7852436547485595, -3.030598808219637, 0.013816462839900191
0.21335811049554473, 0.3344446047236626, 0.509050692989891, -0.7851067991031923, -3.030635544010155, 0.013679230844112829
0.21337316227087777, 0.33442668920746177, 0.5107539743324297, -0.7851287279668913, -3.0306925024324682, 0.013545123980014359
0.21336896122764304, 0.334419250959487, 0.5122306466253836, -0.7850940829740771, -3.0307294765329194, 0.013408761856713455
0.21336431570766776, 0.3344132524659397, 0.5137860392084677, -0.7849703477061662, -3.0307277148986334, 0.013231656991873718
0.21336918329575277, 0.33440275347746523, 0.5154785793886163, -0.7849766680319873, -3.0307137014057406, 0.01268105437413111
0.2133656757083829, 0.33438879675198313, 0.5171036859856198, -0.7849334221960027, -3.0307310632614435, 0.012393085503432405
0.21335918157597045, 0.3343771997684843, 0.5187647999409802, -0.7848543407234422, -3.030766272304927, 0.012237833975291157
0.2133723793295394, 0.3343662376563809, 0.5203225277163841, -0.784915111097256, -3.0307246634472045, 0.011779006228741697
0.21336189746335674, 0.33436052328534327, 0.5219897564487749, -0.7848900985642128, -3.030740247763748, 0.011379646068278808
0.21335390209516425, 0.334370997019181, 0.5235509411989766, -0.7847334938067592, -3.0307614994834844, 0.011146811340572143
0.21337240570360252, 0.3343429838779714, 0.5251143380956431, -0.784805626700907, -3.0307718154461054, 0.010956100346635722
0.21336430414974228, 0.3343654194716016, 0.5266791193025736, -0.7846697825337166, -3.0307993173589436, 0.010760826930143958
0.21337563113292002, 0.33434496365448696, 0.5282116083695476, -0.7846709506750036, -3.0308305750074256, 0.010493307794936372
0.21337292935836413, 0.3343850883853342, 0.5296276106478426, -0.7846322492487173, -3.030838332688791, 0.010150170553169238
0.2133813763030657, 0.33435597441803344, 0.5313380055983742, -0.7846025760913375, -3.03092336631452, 0.009978598560534093
0.2133857029510244, 0.3343753730115162, 0.5329434778285771, -0.7845546323390349, -3.030918987111502, 0.00965347041617134
0.21339692531426044, 0.3343619298391606, 0.5344394561451419, -0.7845508338072751, -3.0309269531672207, 0.009402486236533954
0.2133822656088196, 0.3343207835560803, 0.5359823291807602, -0.7844272433424085, -3.0309279874048385, 0.009169554647098285
0.2133779356667916, 0.33429917488947936, 0.5375981872869293, -0.7844413576174389, -3.030944073883782, 0.008882630293403105
0.21339330266813591, 0.3342854259389446, 0.5391001173905129, -0.784585227908466, -3.0310702057851726, 0.008341017612805004
0.2133764249687453, 0.3342765209080922, 0.5390799132910363, -0.7844789316026635, -3.031039411290386, 0.00869327415345915
0.21339358706678682, 0.3342627775171807, 0.5390382401523386, -0.7845388594445695, -3.031044937945542, 0.00884560525769192
0.21338773317297882, 0.33427434618775353, 0.539024848535029, -0.7844912446379732, -3.0310074241071776, 0.00886150418857275
0.21339950283594405, 0.33427038315613383, 0.5390270600534155, -0.7845913665268225, -3.0310196315911724, 0.008826374518890649
0.2133978387250591, 0.33426082660606227, 0.5390372485026053, -0.784576059259827, -3.0310372094306994, 0.008771004997692365
0.21338389919652037, 0.33428201289008486, 0.5390228515482925, -0.7844643440184008, -3.031052593763385, 0.008825729733883082
0.21339139072212013, 0.33428298352518515, 0.5390001455737083, -0.7845305904793828, -3.031008480415109, 0.008919100885817275
0.21338927246856176, 0.33428405984647747, 0.5390216157510235, -0.7845377242897964, -3.031035097249916, 0.00876998152194065
0.21339578222382496, 0.33427793874726297, 0.5390158958673932, -0.7845153512775508, -3.0310254727711934, 0.008881435578774747
0.21337810613278135, 0.33429021535453485, 0.539011267261885, -0.7844916036459928, -3.031007147402364, 0.008881508331883328
0.21339232227330673, 0.33427843580050837, 0.5390004103981139, -0.7845185666309921, -3.031036781658914, 0.008900983611761868
0.2133933979587895, 0.3342735693193024, 0.5390270843408644, -0.7845672327971089, -3.0310011817088003, 0.008825097771502515
0.2133790088010357, 0.3342769628582245, 0.5390261207715186, -0.7845098830660212, -3.031003711647478, 0.008824707023349103
0.21338863887349302, 0.33428584367451447, 0.5390246454103073, -0.7844612366917787, -3.031041339514792, 0.008806931489861596
0.21338941589467825, 0.33427227159673284, 0.5390272204921386, -0.7845522659979809, -3.031017868077007, 0.008807233012146126
0.2133984404576738, 0.33428707479017966, 0.5389856095139515, -0.7845701329157593, -3.031009709557393, 0.008957093531244272
0.21339982632355547, 0.3342877434686766, 0.5390045545239749, -0.7845735967280316, -3.031023483906805, 0.008863783187243469
0.2133693042365961, 0.33421057199987175, 0.539055342292286, -0.7844808765465822, -3.030968427260203, 0.008540751175864253
0.21325095872413574, 0.33396664034418266, 0.5392526202541508, -0.7838077799836156, -3.0310746351340523, 0.007219512352203442
0.21300690930084065, 0.33359675142644246, 0.5396044626737295, -0.782759742269031, -3.0313115180607224, 0.004966721020781244
0.2126910482142182, 0.33311555726086467, 0.5400717908197126, -0.7814242798960869, -3.0315661739925313, 0.0018228708070322957
0.21229940263908406, 0.3324623098981884, 0.5406303917963821, -0.7795895233596282, -3.0319288588261184, -0.001713289385553256
0.2118442644803729, 0.331629675937314, 0.5413711933825102, -0.7774878689404523, -3.032244951367165, -0.006516104277753876
0.21129597774403003, 0.3307444572988311, 0.5421779269582028, -0.7748356595396267, -3.0327635841543303, -0.01178246994912631
0.2106805462876464, 0.32969775548916275, 0.543108880650778, -0.77219671303579, -3.0331950471410876, -0.017895408334643724
0.21001577326131032, 0.32854548558173796, 0.5441031103129155, -0.769043791622956, -3.0336785584066988, -0.024538501375965867
0.20917447875034895, 0.3270901279374127, 0.5453790600913029, -0.7651871619795768, -3.0342552019680866, -0.032723267417995486
0.20831748769908404, 0.32565152738690384, 0.5466796851733348, -0.7610482405216329, -3.034868771736194, -0.041111932212097455
0.20737387832134999, 0.32408650602503986, 0.5480635750634538, -0.7563723017092645, -3.03560771882224, -0.05011948528263972
0.206319787350346, 0.3223109057028854, 0.5496897434762924, -0.7516404560386507, -3.036170605193173, -0.06068522739649452
0.2052385900484512, 0.3204718586718572, 0.551346218360529, -0.7463919671180251, -3.0370578317307264, -0.07163390077093583
0.2040308891624232, 0.3184375445320457, 0.5531772154477435, -0.7410848883068966, -3.0374965876226554, -0.08348965203646334
0.20278316635808372, 0.31632433808403726, 0.5550633716758856, -0.7347669471242139, -3.0381030650096568, -0.09587260825601895
0.2014098795903128, 0.3139785198366666, 0.5571311787024553, -0.7282547840344363, -3.0387505590302495, -0.10923918725218626
0.2000362482691372, 0.31162090332046233, 0.559261459121378, -0.7218697138701946, -3.039247959332925, -0.12329228106685897
0.19846919347499126, 0.30889647531642767, 0.5616720722047435, -0.7141771307234097, -3.040116964876511, -0.13878227645663557
0.19686433222916222, 0.30621122867300055, 0.5640688815678074, -0.7066301716267483, -3.040252491291295, -0.15445332739854867
0.19523555955595953, 0.3035217162650353, 0.5665137077494662, -0.6986710781830859, -3.040770676037116, -0.1703178152545137
0.19362666650051208, 0.3007684577615003, 0.5689795608074265, -0.6912856803000406, -3.0410002436313075, -0.18631719819382478
0.1920420829475415, 0.29806954386510565, 0.571400374061885, -0.6832188960092915, -3.041360140697787, -0.20197687316008603
0.19042067622903727, 0.29528273759635976, 0.5738995078544741, -0.6754644850369157, -3.0412356043141213, -0.21820011020548172
0.18881680591073371, 0.2925769452268971, 0.5762799550097751, -0.6680117253249565, -3.0411157740230426, -0.23358190104537926
0.18720959312750277, 0.28986853315486444, 0.5787270897815141, -0.6600079761493971, -3.04120355556525, -0.2493880671187278
0.18555606869836247, 0.28709019448049045, 0.5811978381921072, -0.6520741103844876, -3.0407409748372456, -0.2653745802920188
0.1839643169796638, 0.284441488470691, 0.5835916460513706, -0.6443745759553209, -3.040409846352518, -0.28084684428261497
0.18230229782315913, 0.2815129698275578, 0.5861743191020302, -0.6360122401286511, -3.0400856855755856, -0.29744935752202756
0.1807149008461526, 0.2787812160319724, 0.5885962185277447, -0.6283253472608944, -3.0396686033015072, -0.31313779528224156
0.17908436097254396, 0.27608402486431854, 0.5910231600066238, -0.6203099370873808, -3.038910136505622, -0.32877599363464033
0.17744957090287608, 0.2733176533166004, 0.5935240481362626, -0.6121976854066346, -3.038165240684454, -0.3448520431652538
0.1758604980617849, 0.2706683659674354, 0.5959026819000569, -0.6045863870238997, -3.0373818840707445, -0.36027118450478035
0.17428084637806673, 0.2678741407838313, 0.5983709231059329, -0.5967332600234508, -3.0366032428445298, -0.37610033718716174
0.17264952837124925, 0.26522209290599796, 0.6007431455322422, -0.5887626665315886, -3.0353979824406885, -0.3914260060361898
0.17102105561807052, 0.26242599778946984, 0.6032077677849493, -0.5805648418712688, -3.0345007149877934, -0.40719402104331404
0.1694264786077638, 0.25973603211922197, 0.6055867638734537, -0.5726132004713025, -3.0332713191598017, -0.4225498051940909
0.1678424983856415, 0.256987804390526, 0.6080671137443057, -0.5646427933991985, -3.032107822407134, -0.4382741029617683
0.16620929510853202, 0.25425228648171067, 0.6105252706329307, -0.5564765295221286, -3.030702745788325, -0.45399276177734144
0.16458865334592304, 0.25153207450834075, 0.6129649112053684, -0.5483029107970723, -3.029209383166582, -0.4694457975757042
0.16293822933288798, 0.2486574603923449, 0.6155016172744708, -0.5403370249680887, -3.0276500870632277, -0.4854368302939238
0.16134265551095833, 0.24598922420021413, 0.6179209701398414, -0.5320972297437316, -3.0258958003864787, -0.5010013830031077
0.1596812133050436, 0.24321586608180906, 0.6204094792713635, -0.5236147068728566, -3.024112567749393, -0.5168565543669783
0.15809774306466373, 0.24053643252474155, 0.6228417795071172, -0.5159375641677458, -3.022223008578743, -0.5322804097618047
0.15649251064443373, 0.2377097399319768, 0.6253049159523396, -0.5076774668720763, -3.020340913387836, -0.547881946784801
0.1548764190753437, 0.23509587334795148, 0.6277066680993885, -0.4996529683711355, -3.018252913096283, -0.5630131171334622
0.1532555679336207, 0.23230054412512727, 0.6301684597618948, -0.4911581728930411, -3.01620634548116, -0.5786282685616702
0.15167813292972757, 0.22960268855241153, 0.6325673065635944, -0.48322927129038495, -3.0140369854197067, -0.5936739214176244
0.15004095579103285, 0.2268111321315555, 0.6350733554881991, -0.47488625138672624, -3.011624169032738, -0.6094263209761603
0.148364438876021, 0.2240374051668889, 0.6376386420780635, -0.46626663144780844, -3.0089612154432377, -0.6255808052738808
0.14675101497528512, 0.22122024264981857, 0.6400552143262418, -0.45813922962844106, -3.0064583623071406, -0.6407260836205695
0.14514806542847117, 0.2186242922931213, 0.6424302405948996, -0.44988580990785204, -3.0040466360651488, -0.655582177412021
0.14353404607963863, 0.21575199884955792, 0.6449208754703529, -0.4416626954014373, -3.0013176656837723, -0.6710572197213707
0.14193731725102318, 0.21313845947457308, 0.6473420996917453, -0.4332871291220688, -2.998517626405502, -0.6863464256897305
0.14031214594896566, 0.21033152671099273, 0.649804441435934, -0.4250025248264929, -2.99561203824762, -0.7016770609232001
0.13866912487263844, 0.2075806290471188, 0.6523029998016895, -0.416529468843304, -2.9924795585557207, -0.7172409173274295
0.13703825630251507, 0.20473702436798497, 0.6547932536617144, -0.40831569857636135, -2.9894800143050655, -0.7325848216433332
0.13543858211713355, 0.2020917920893667, 0.6572312736998895, -0.3998649212783855, -2.986213068649318, -0.7477999173821605
0.13381436470601585, 0.19933343830908756, 0.6596720239586201, -0.3914323619675237, -2.9829883900180327, -0.7628993509974811
0.1321977383854863, 0.19661013732210095, 0.6620946547555006, -0.38310887393273163, -2.979544370556843, -0.7777646388365579
0.13058436463879827, 0.19384736760681537, 0.6645676784058548, -0.374479572045712, -2.976044202325572, -0.7930116262075065
0.12896703772378088, 0.19116296974320512, 0.666978654518484, -0.36652789591958257, -2.972462839609135, -0.8078768738120485
0.12739446611744043, 0.188422949668802, 0.6693928598925452, -0.35862268979169176, -2.968951485980192, -0.8226649292919288
0.12569345106797633, 0.18554038611025386, 0.6719867359964344, -0.3496863225449553, -2.9648637089226093, -0.8386144702288167
0.12408216927107939, 0.18288768600136573, 0.6743917055342349, -0.3413879164886331, -2.9610897463934096, -0.8532061460263101
0.12248814988328421, 0.1800495172500846, 0.6768573231058777, -0.33301739368866834, -2.957265842750684, -0.8682775121050189
0.12093891691363869, 0.17753809358150935, 0.6791733167213454, -0.325015411468043, -2.953468854868702, -0.8824368799352625
0.11944414780975665, 0.1749437469990363, 0.681462255817279, -0.3172983721236452, -2.9496211377988866, -0.8963106093397575
0.11805832550519041, 0.17259982372396943, 0.6835962464991618, -0.3100601856141752, -2.9460442371504656, -0.9093867495998866
0.11675618050298701, 0.17038671711002365, 0.6855574721314585, -0.30330686282069463, -2.9426691974781494, -0.9213128208602674
0.1154539494042295, 0.16812673674975634, 0.6875372305741269, -0.29670192076838503, -2.939040696643004, -0.9331076044095886
0.114294530094962, 0.166225683512849, 0.68926783106177, -0.29070856065759737, -2.935880458008612, -0.943626122067552
0.11320941559996056, 0.16437828299094862, 0.6909068739498408, -0.2848615104023288, -2.9329553960091492, -0.9534525758363254
0.11223707151167317, 0.1626646780466105, 0.6924631396085037, -0.2798308003932531, -2.9301345419010825, -0.9628833250241285
0.11130118280420077, 0.16113796598409647, 0.6938315287433306, -0.27491126277920097, -2.9274043376034804, -0.9709872347659202
0.11047281627567108, 0.1597675356323363, 0.6950786844558171, -0.27048697875831484, -2.9251206997600545, -0.9784400179354794
0.10973769883062404, 0.1584472582909127, 0.6962301329582968, -0.2666319551859666, -2.9230094625009726, -0.9853547225393597
0.1090223234307657, 0.1572762644469574, 0.6972753172566166, -0.2627784688501339, -2.92097563575085, -0.9916997611363046
0.10845419272480887, 0.1562778313430888, 0.6981443994236559, -0.2600803194897699, -2.9192560123816755, -0.9969490522740079
0.10792144274578595, 0.15543164023954598, 0.6989441092949253, -0.2571657108521405, -2.917642593109123, -1.0015960720374137
0.10748956410892059, 0.1547820283031234, 0.6995554363025503, -0.2550906776780114, -2.9162957569150443, -1.005212817713215
0.10714546727899837, 0.15416237810761546, 0.7001097730266135, -0.2531089967029536, -2.9153166342215, -1.0085341309345714
0.10687919437093345, 0.15371577188884253, 0.7004808983794949, -0.2517887227472212, -2.9146062649706654, -1.0108291502596845
0.10668629740503341, 0.15339207913785854, 0.7007947040932638, -0.250772958895912, -2.9139445885245197, -1.0125482602936327
0.10660334730490012, 0.15317797720742357, 0.70095841672438, -0.25036536490352873, -2.9136981835756144, -1.0136608047887765
0.1065871289836109, 0.153125697674663, 0.7009986047412287, -0.25027694654460564, -2.913644805414153, -1.0138929575701632
0.10657486984842988, 0.15314165909011132, 0.7009937995229845, -0.25026264937747567, -2.913632161818905, -1.0138270169142076
0.10657778693458121, 0.15313040639708325, 0.7009925721720496, -0.25037930641736444, -2.9136127545950394, -1.013845305469988
0.10657430992218027, 0.15313055241069698, 0.7010051671865621, -0.25036062306251783, -2.91358832427603, -1.013873649763173
0.10657214260059786, 0.1531304827364633, 0.7010050886916868, -0.2503809423171136, -2.913559642620431, -1.0138586897023874
0.10656343277830971, 0.15313040479993184, 0.7010146421689821, -0.2503264379959808, -2.913523913355753, -1.0138803387393063
0.10657425259311441, 0.15312204539795715, 0.7010197274741338, -0.25040094832982146, -2.9135571284503494, -1.0139234542115472
0.10656180716454797, 0.1531408557004225, 0.7009969781517632, -0.2503346773384699, -2.91354419519172, -1.0137436464571246
0.10659629146118114, 0.1530126834358746, 0.7010658170681285, -0.2506022802573632, -2.913610017309316, -1.0142046386431982
0.10658330927034634, 0.1529906183226761, 0.701086080322442, -0.25049882792795225, -2.913408566334694, -1.01427142184762
0.10655589526054257, 0.15302595236486785, 0.7010327260788499, -0.2502702512503005, -2.9134112391617286, -1.0138144053235385
0.10657067541735135, 0.15306329576375782, 0.7010322083680688, -0.25038315999496014, -2.9135093421671816, -1.0139191629759086
0.1065637698098356, 0.15303504714042102, 0.7010609336514846, -0.2502953594870612, -2.91337196968854, -1.0140892423540397
0.10656948771883366, 0.15301078736090784, 0.7010930525830137, -0.250326504654362, -2.913285253308273, -1.0143374016944733
0.10655530884333263, 0.153032812201207, 0.7010796233287878, -0.25025698723556117, -2.913246322731397, -1.014141692702706
0.10655098566360817, 0.15305843607397204, 0.7011051343408325, -0.2503042073397908, -2.912972541074021, -1.0145574258266004
0.10653628564502411, 0.1531351136340697, 0.7009855125575005, -0.25020175427501484, -2.9133380665974093, -1.0136403977094437
0.10660208501725185, 0.15309659714558993, 0.7010326258278065, -0.25061836455630154, -2.9137196167750385, -1.0143112448619434
0.1065688603556325, 0.1530755057327279, 0.7010553307647581, -0.2503283577715012, -2.9133578726701406, -1.0143157840956643
0.10655786766405448, 0.15311669391900906, 0.700991562259628, -0.25028287163503316, -2.9135567661705237, -1.013751070545686
0.1065565544897872, 0.15305630968203762, 0.7010259179008902, -0.2502467279782615, -2.913425832412566, -1.0139068200128436
0.10657167540829202, 0.15303604070868787, 0.701055006075756, -0.2503396815470286, -2.9134844199554863, -1.014072535758973
0.10657360302379555, 0.15301287713628606, 0.7010741440973134, -0.2503713145198072, -2.91336383038668, -1.0142576218921324
0.10656311865298529, 0.15309482359523144, 0.7010596042005162, -0.25028345704632365, -2.9134098295332014, -1.014109976130605
0.10656387186799035, 0.15307503270140024, 0.7010726208940359, -0.2502723524446172, -2.913356131441217, -1.0142476077636113
0.10655977497773515, 0.1531042300287193, 0.7010199796262999, -0.25025693201364596, -2.913448816520861, -1.01393932979702
0.10656275118204543, 0.15315793415995302, 0.7009403160728136, -0.2503472125994843, -2.913736269973367, -1.013475436723571
0.10655880905107729, 0.15321922624758297, 0.7009055676061844, -0.25034665322441857, -2.9138172128246294, -1.0132448031584893
0.10655244448945704, 0.15321336808199237, 0.7009467558614434, -0.2502409807434496, -2.9136809864629165, -1.0135437482162968
0.10656136631600578, 0.15317836423618794, 0.7010090018034908, -0.25035165265543957, -2.913535402498202, -1.0138684398100615
0.10655387182702432, 0.15312940306662268, 0.701045837098111, -0.2502126050825853, -2.913378423520697, -1.0140010768142964
0.10655937611627524, 0.15314245765467907, 0.7010222152641844, -0.25028871837412836, -2.9135085752998524, -1.0138478139783205
0.10656216963756136, 0.15314872469196147, 0.701009670544809, -0.2503096695033302, -2.9135670463889243, -1.0137985829561897
0.10656585202425654, 0.15314377989166478, 0.7010333776706826, -0.25033008597453454, -2.9135415074372495, -1.013932755735743
0.10655620156275081, 0.15321132711740523, 0.7009860367398174, -0.25024191474601093, -2.9136417358696036, -1.01366713198429
0.10656141744767127, 0.1531450798055366, 0.7009985527255524, -0.250334243630588, -2.9136133827182995, -1.0135921475579284
0.10656309737822377, 0.15313352468686903, 0.7010085302910066, -0.25030902867911564, -2.9136051772695954, -1.0137151700838969
0.10657682530218761, 0.15312698683330336, 0.7010024973383641, -0.2504580244731149, -2.913663066321308, -1.0137986330568398
0.10657303422580704, 0.15312178108832367, 0.7010275177123553, -0.25032786170555277, -2.913533449065939, -1.0140535449992447
0.10656246338821607, 0.1532025375242536, 0.7010131039240797, -0.2503452373049942, -2.9135221839502075, -1.0140084676325511
0.10656560212135237, 0.1531933314375911, 0.7009695143478183, -0.25031800256849646, -2.9137172288999458, -1.013652706046673
0.10655700299313307, 0.15324046825916382, 0.700955607306237, -0.2502846256252882, -2.913716651352215, -1.0135228165848438
0.10656553855809034, 0.15314450102647612, 0.7009690044190423, -0.2502960978271884, -2.9136817116257587, -1.0136519299644184
0.10657177008866953, 0.15315171586116305, 0.7009530459652938, -0.25050765256456436, -2.9136988886993764, -1.0135902860009471
0.10657245037370308, 0.1531858347531139, 0.7009321886414389, -0.2504280583310072, -2.9138294372773355, -1.0135134885266412
0.10657549349010645, 0.15314255453079084, 0.7009835081544237, -0.2504266337107807, -2.913722366399625, -1.0137476723266625
0.10657410961040215, 0.15313131764182134, 0.7009869186535402, -0.2503785793324183, -2.913682737462175, -1.0138074301611344
0.10657479955498167, 0.15315704791595822, 0.7009687039230542, -0.2503907710235434, -2.9137062201520854, -1.0137553071654972
0.10657195472562046, 0.1531824529644864, 0.7009603395119564, -0.25041872900960194, -2.913740336135258, -1.0136286468748972
0.10656760107596779, 0.15321298072620004, 0.7009295857231206, -0.2504056373518278, -2.9138214321428073, -1.0133988094431008
0.10655961944181307, 0.15324553618786077, 0.7008941829712646, -0.25034011253151195, -2.913895512684703, -1.0131846511755769
0.10656358793203564, 0.15323184994721903, 0.7009543754024543, -0.2503639187542617, -2.913784174813651, -1.013460303418539
0.10657378303789825, 0.15317026983823537, 0.700951179487517, -0.2504423926440873, -2.9137751748584373, -1.0135661137579253
0.10657340405348378, 0.15316737705115693, 0.7009811943891091, -0.25039691560156335, -2.9137390188103782, -1.0136902898049576
0.10657210422281595, 0.15315181701719824, 0.7009895683325815, -0.25038515545635287, -2.9136852533106423, -1.0138092579428093
0.10657378077596734, 0.15313041733029337, 0.7009915036223454, -0.25038252633832675, -2.913643300611519, -1.0138475000407423
0.10656778260536968, 0.1531521174245939, 0.7009940746388413, -0.2503231623627959, -2.9136353277994282, -1.0138393853448406
0.10657080088967832, 0.1531658912869529, 0.7009921670660356, -0.2503725813915125, -2.9136587845784323, -1.0138336509656616
0.10656223340841976, 0.15317268708602205, 0.7009747635508696, -0.25027757624997404, -2.9136536804589332, -1.0138068331643568
0.10656778694511784, 0.15315226399497728, 0.7009956291869804, -0.2503576540654665, -2.91361752914651, -1.0138527098451808
0.10657079674425263, 0.1531553025927523, 0.700987860968523, -0.2503784026840149, -2.9136682793843516, -1.013820096705291
0.10656992314733539, 0.15314596688320428, 0.7009832150088465, -0.2503755354728663, -2.9136348829789442, -1.0138210447274552
0.10657283788319197, 0.15315458884630606, 0.7009829662395655, -0.25034263913912613, -2.913674479505804, -1.013797690649934
0.10657309960883371, 0.15315054141191534, 0.7009799249031896, -0.2503767285090516, -2.9136644208622746, -1.0137943750336695
0.1065757564948381, 0.1531506697813013, 0.7010036046649332, -0.2504722138819449, -2.9136360169194218, -1.0138909754899696
0.10657482423036989, 0.15313185625087541, 0.7010024010507617, -0.25037202373854645, -2.913635197602585, -1.0139044075064199
0.10656975107534633, 0.15313331500125635, 0.7010053920233534, -0.2503681291680838, -2.913579759951908, -1.013915266723881
0.1065688404134297, 0.15314295520193344, 0.7010006656432074, -0.25038758866723604, -2.913616394211122, -1.0138760411160537
0.10656584364176212, 0.1531345321774124, 0.7010475586513447, -0.25038965159774007, -2.9133624651519243, -1.0141940953555144
0.10656432122999267, 0.15312003189611864, 0.7010115959281451, -0.2503239112421597, -2.913520373830257, -1.0138345002620917
0.10655633309109867, 0.15314601667187602, 0.7010110313476093, -0.2502644784229057, -2.913474098075322, -1.013891082892606
0.10656035987085963, 0.15315946777636166, 0.7010044821580642, -0.250337185576537, -2.913555549208552, -1.0137720644430666
0.10655878866686078, 0.15313766741168772, 0.7010132046837064, -0.25028011812902645, -2.9135190471144212, -1.0138984595146014
0.10656490871127301, 0.15313229633214215, 0.7010209948846938, -0.2503295911688575, -2.9134884045227754, -1.014030211299567
0.10656901420189782, 0.15311279123840207, 0.7010280326458495, -0.25038777271593265, -2.9135043983216726, -1.0140023754182168
0.10657015900116941, 0.1531064327394819, 0.701048403946836, -0.2504674725706863, -2.913438794591245, -1.0140741519714225
0.10656822671309535, 0.15311819961464762, 0.7010215100042013, -0.2503748893792703, -2.913492885246625, -1.0139940722969156
0.10656443229375331, 0.15310245154421734, 0.7010345948480399, -0.2502653150802449, -2.9135187543306715, -1.0140033645614182
0.10656340529145636, 0.15311204694169026, 0.70103273068423, -0.25028713500813576, -2.913489143847919, -1.0140090596575677
0.10656085940484096, 0.1531335845586542, 0.7010209616473463, -0.250297891632259, -2.9134982361163586, -1.013950176471512
0.10656302780474, 0.1531433963945303, 0.7010209434982076, -0.2503567922855981, -2.913514492448047, -1.0139216572358212
0.1065664779294662, 0.1531341996130327, 0.7010164545014161, -0.2503644011589794, -2.913523257704326, -1.013947484471491
0.10663894149022417, 0.15314830988029, 0.7009940453249257, -0.2507332460144067, -2.9136008814398275, -1.0137586232867777
0.1068112474568612, 0.15349317835737397, 0.7009737881083945, -0.2514982649825604, -2.913808864411693, -1.0131689716913306
0.10703839037222541, 0.15403437938893677, 0.7009418179446513, -0.25224824798344425, -2.9139093701282928, -1.0124887668409057
0.10735581106448701, 0.15474590861052084, 0.7008561257922545, -0.253245231714865, -2.9143312973599507, -1.0111999774953453
0.10774387379014298, 0.15560505666461683, 0.7007955280215173, -0.2541548775046714, -2.914652366618902, -1.0098737743913033
0.10825448339907315, 0.15665250157748792, 0.7007342154249733, -0.2560366582683309, -2.915052830648471, -1.0082854663550265
0.10880301639891797, 0.15787596033797224, 0.7006201252116847, -0.25775408790646576, -2.915421903156892, -1.006230211564406
0.10949428989249624, 0.15920633896702066, 0.7005509348350696, -0.2602139774726694, -2.9159834209116435, -1.004172527380993
0.11018851239995227, 0.16080590543101117, 0.700426799211756, -0.2623112818157351, -2.9163526440419956, -1.001480821646441
0.11108663861089652, 0.16265741172573678, 0.7002430338504152, -0.2653582424606946, -2.917304935002825, -0.9983464513888157
0.11201341225025761, 0.16454280905292465, 0.7001003962431659, -0.26845927275461784, -2.9179581420610345, -0.9952589887993862
0.11300133170455834, 0.16676301611728275, 0.6999320903115187, -0.27198113326038476, -2.918640409160403, -0.9917281555678776
0.11410112537338556, 0.16898590467903202, 0.6997721338633299, -0.2756870816742332, -2.919524165712483, -0.9881293910375722
0.11528814133186363, 0.17150517301193363, 0.6995826838613249, -0.2797453939475526, -2.9203929117241163, -0.9840276275135428
0.11653001636618397, 0.17410602545903622, 0.6994081564344748, -0.2836634491502983, -2.921127747109141, -0.9799273095969354
0.11785518223581627, 0.17706976386242876, 0.699131169799236, -0.2881089504621959, -2.9222268114195047, -0.9749179562504087
0.11929665263291658, 0.18001755395050087, 0.6989143498587056, -0.29271567867578635, -2.9232593864172554, -0.9702349041535667
0.1208348074650397, 0.18320831785711217, 0.6986848854751572, -0.29802166595181634, -2.9243719272754642, -0.9650700877177866
0.12250891517738947, 0.1868078019296576, 0.6983542096596276, -0.30387443455282465, -2.925559589565308, -0.9589836050554554
0.12417139874708878, 0.19034201515947657, 0.6981252405155364, -0.3091395983838578, -2.926534486978382, -0.9534754491414896
0.12587077388303694, 0.19391538483999646, 0.6978249549216536, -0.31486628533367395, -2.9277254410587736, -0.9473866200441182
0.12759475245353621, 0.19758799425206836, 0.6975592864187501, -0.32074592986335393, -2.928816619802495, -0.9416058666649492
0.1292880823452671, 0.20119764857677722, 0.6972437263855251, -0.3261508129476859, -2.930024052160364, -0.9355920030628163
0.13098648432308602, 0.20477804471560704, 0.6969984333614587, -0.33203931581722673, -2.9309793208583494, -0.9298278236782407
0.13272231935082363, 0.20836571484285998, 0.6967371152483736, -0.33783171166225584, -2.932043317750269, -0.9240380464469649
0.13438448828854963, 0.2120380813131189, 0.6964632350453561, -0.3431224507187715, -2.932993378410959, -0.9180500925758085
0.13619660452693194, 0.21571948071851454, 0.6961612717554985, -0.3496490067872609, -2.934100827613679, -0.911899984178311
0.1378674860564168, 0.21928500760778752, 0.6959227185434371, -0.3551330515655137, -2.934928147003382, -0.9061958241612933
0.13961433382207789, 0.22295918076214494, 0.6956271429280825, -0.360981033027533, -2.9360241549871526, -0.9001066784760052
0.14129258245656187, 0.22659527667663598, 0.6953268916716727, -0.36629433373087694, -2.9369938902464847, -0.8941454755629218
0.1430019071442774, 0.23012777626595549, 0.6950718109618277, -0.37199449280588115, -2.937835875054674, -0.8883365154139155
0.14470720316451977, 0.23375385098944704, 0.6947930691812914, -0.3776442489600424, -2.9388234240032918, -0.8823602375304591
0.14642744525535148, 0.23743336847028637, 0.6944615846641741, -0.3833891297038971, -2.9397712630304578, -0.8761008625551869
0.14813752396443536, 0.24099575300971487, 0.6941960079495293, -0.3889709206912048, -2.940625192247982, -0.8702380025338287
0.14987448232467848, 0.24472649519590192, 0.6939366980286231, -0.39466491338691206, -2.9413676691662403, -0.8642617499056912
0.15161627323074697, 0.24841632760961674, 0.693647604542262, -0.40064034486526584, -2.9420792151840462, -0.8582367919952784
0.1532915043670774, 0.25196479148652934, 0.6934040676122961, -0.40583245989064126, -2.9429872124165612, -0.8524990854546631
0.1549926750622336, 0.25555257645980034, 0.6931180860086734, -0.4115839344184312, -2.9438005488551173, -0.8463590765261302
0.15673718790499536, 0.25916159967269925, 0.6928247253072706, -0.41714800251263984, -2.944632522536491, -0.8402326770574781
0.1584075547073974, 0.26281527024152995, 0.6925435722802785, -0.4225076933938813, -2.9453404196448103, -0.8343223040592758
0.16010230156266153, 0.2663783198570509, 0.6922818181789551, -0.42815284654140934, -2.9460731971471597, -0.8283656072364765
0.16183799314508474, 0.2699476251902858, 0.6920180326148575, -0.4339836519603978, -2.9468271878671435, -0.8223996774599467
0.16355822750687452, 0.2736446054754205, 0.6916858577208348, -0.43950517411442463, -2.9474959502946136, -0.8163023620809481
0.16522284889253763, 0.2772355489637006, 0.691404066414087, -0.44474065769559235, -2.9482286417266548, -0.8101056067152524
0.16698771956416628, 0.2809692073277093, 0.6911413050814278, -0.45079093000825243, -2.948756154630201, -0.8040114069965613
0.16873640749188648, 0.2845343666922482, 0.6908797894497999, -0.45667582533081363, -2.949431738704, -0.7981303519099446
0.17044129314036222, 0.28823408961806496, 0.6905523782059383, -0.4620026067593545, -2.9501219849833644, -0.7917210836560724
0.17210641305524804, 0.291776027607635, 0.690320441899529, -0.4675689467349204, -2.950556994124501, -0.7859281048359716
0.1738061360749225, 0.29532284482250554, 0.6900943829389096, -0.47307125450265003, -2.9511088720378975, -0.7803078218224853
0.17554048517049547, 0.29901101482547765, 0.6897436117248591, -0.4789770664596273, -2.9516675244728305, -0.7738011257510741
0.1772630161832526, 0.3026721432543941, 0.6894048757887982, -0.4844031013152262, -2.9521990162713716, -0.7675872668063176
0.1789286989935207, 0.30624846083157087, 0.6891771197561363, -0.4900570442831685, -2.952572119515368, -0.7616970963938715
0.18061480301560565, 0.30976507769436573, 0.6889323538400824, -0.4952045907524958, -2.9531952776667576, -0.7556919226606713
0.1823624712321093, 0.3134396137096635, 0.6886320138827452, -0.5010433770023174, -2.953667074438133, -0.7495591529714611
0.18414267812915625, 0.3171778332376362, 0.688379432884621, -0.5068461816212652, -2.9540313064550987, -0.7435988933921402
0.18584409562814524, 0.3207533660265203, 0.6880735302266339, -0.5124230662292851, -2.9544724682450663, -0.737391205906356
0.18754872894842892, 0.32439432387232786, 0.6877895678735617, -0.5180849259260285, -2.9548100972007663, -0.7313597028180703
0.18924773987760718, 0.3280701220278836, 0.6874534179941285, -0.5236243273742726, -2.9552012402603176, -0.7248842411339007
0.1909444219227752, 0.33168602130248176, 0.6871741394648443, -0.5289103741173989, -2.955590194686245, -0.7188368548028425
0.19265845657753752, 0.33519293746915624, 0.6869802218818888, -0.5345496818841506, -2.9558876474478812, -0.713134111500407
0.19437875157008924, 0.3387916911877147, 0.6866865205976733, -0.5400272090398726, -2.9562300849463257, -0.7070391078920838
0.19607726336861278, 0.3424665740811519, 0.6863780939664712, -0.5456855423275718, -2.9564410905428256, -0.7006823473176031
0.1977521819534985, 0.3460296248881395, 0.6861310142957739, -0.5512787634769425, -2.9565983597583854, -0.6946879651691262
0.19952333218050272, 0.34980853816985336, 0.6858049152664538, -0.5569474975409918, -2.956829219812905, -0.6882094395561964
0.20123049956356173, 0.35343057830464536, 0.6855416458525572, -0.5624624593983871, -2.957036571289601, -0.6822385973904138
0.20292751321800748, 0.35698782690967856, 0.6853350456181053, -0.567702413498434, -2.957267339386118, -0.6765316464899304
0.2046893965046097, 0.36067615588845575, 0.6850034900922062, -0.5736072677580377, -2.957453408646535, -0.6701255391809292
0.20636916952636117, 0.36423542339865705, 0.6847187797553485, -0.5786995883429459, -2.9577057205994213, -0.6639302055924452
0.208053763432113, 0.3677722161905287, 0.6844991605540076, -0.584353764676682, -2.957747998544472, -0.6580492686167393
0.20975475945199137, 0.3714270927399378, 0.6841825414493847, -0.5896918122269141, -2.9579392497890358, -0.6517395909915321
0.21146326010551325, 0.37509705135655835, 0.6838661582870759, -0.5954812109715663, -2.957986733172248, -0.6454936617622345
0.21317425660684472, 0.3786800928719372, 0.6836264141538559, -0.6006604601237565, -2.958215698348335, -0.6395052320714008
0.21487068031110063, 0.3822691485014642, 0.683344089283674, -0.6063551427644003, -2.9581705997004515, -0.633285471101967
0.21660412632868603, 0.3858158791909015, 0.6830664506844163, -0.6119003898131692, -2.9582997721295103, -0.6269849927054515
0.2183857354490294, 0.3896255789307064, 0.6827146866738503, -0.6177854032252134, -2.9581604465864535, -0.6204382877980253
0.2200875864833732, 0.3932385060864719, 0.6824426851345111, -0.6233099214746283, -2.9582094636594287, -0.6142390668591757
0.2217851981206318, 0.39690297315081946, 0.6821902703260021, -0.6288303333701725, -2.9579979558211855, -0.6083758684770633
0.2234827819494397, 0.4004848848874809, 0.6818583393554675, -0.6340998810340567, -2.9581206673439278, -0.6017796489261472
0.225178782319445, 0.40404717659412076, 0.6816278995678343, -0.6397069583863383, -2.9580440778721284, -0.5957073687588673
0.22686534645676062, 0.4076657683528463, 0.6813543062025782, -0.6448307218294635, -2.9579217027753324, -0.5896897709394506
0.22856149801137177, 0.4112480338741482, 0.6811315865775639, -0.650187534205051, -2.95780140483923, -0.5836685101771145
0.23035447982567114, 0.4150342535154936, 0.6808128521748552, -0.6560661000194392, -2.9576548639146143, -0.5772705464207039
0.2320831502643077, 0.4186817871913975, 0.6804519258087668, -0.6613018152806699, -2.9575206103891567, -0.5706976831686517
0.2337904486681154, 0.42228649568960697, 0.6801623270318696, -0.6670296689080154, -2.9573526927953036, -0.5644543607869236
0.23549144665352412, 0.42590462439041976, 0.679883106244649, -0.6724653797663445, -2.957164038659979, -0.5581573667734121
0.23719249523974534, 0.42950784450048485, 0.6796143913458639, -0.6776976759094073, -2.957000983948695, -0.5520119118046565
0.2388939125497778, 0.4330347868083031, 0.6794078984224465, -0.6833922487544589, -2.9566239648898955, -0.5462117699528823
0.24059298259578374, 0.4366548358458439, 0.6791036752164256, -0.6887128281386963, -2.9564447829170035, -0.5398193307578943
0.2422764781594664, 0.4402504211604871, 0.678894903280379, -0.6938690680774958, -2.956178572883485, -0.5337883102638983
0.24396595233585103, 0.44381999093319635, 0.6786463642149086, -0.6995252085754641, -2.955760105453242, -0.5278097881579364
0.24577793081073906, 0.44765965433926347, 0.6782044507090954, -0.7051155847384859, -2.955528585341058, -0.520712206077557
0.2474650178828478, 0.4512602054652948, 0.6779486438072035, -0.7103167240180479, -2.955308760153185, -0.5145859674635829
0.24920178684956523, 0.4548535866338538, 0.677720141929799, -0.7159504226200204, -2.954832482869884, -0.5086441560969212
0.2508843647253433, 0.45850120841524217, 0.6773882958825436, -0.7212403853257877, -2.954448069573784, -0.5021659874580855
0.25262679746014133, 0.46209505876051105, 0.6770875817913968, -0.7268182145341227, -2.9540031243711753, -0.49582194826797193
0.25429409223067695, 0.46568572527889746, 0.6768224468801367, -0.7318298514577073, -2.9535819201979003, -0.48984175611347663
0.255904393152441, 0.4690550129886567, 0.6765546449332903, -0.7369427420528907, -2.9532669218894747, -0.484071650149793
0.25744439722774864, 0.4723616285516954, 0.6762937790433465, -0.7420777184582847, -2.9527059991054943, -0.4782351766833792
0.2588436788135238, 0.4753664216890454, 0.6761008454409851, -0.7461951066174898, -2.952377740996381, -0.47310561682017954
0.26016912601870656, 0.4781035162228155, 0.6759455153027468, -0.7503104174107975, -2.952041092764574, -0.4683667305342493
0.261429472020702, 0.4807287654299855, 0.6757624278983557, -0.7544245203644335, -2.9516117937480923, -0.4640361260982912
0.2626137474097734, 0.48331400321312373, 0.6754687692826318, -0.758149691544608, -2.9511547432509038, -0.45951249593596727
0.26368523002880395, 0.48554563694518305, 0.6753411294120473, -0.7613633062604649, -2.9509055433804634, -0.45551205192159133
0.2646619436143626, 0.4875941096933651, 0.6752144321651498, -0.7646726767551607, -2.950551193959902, -0.45195493025694744
0.2656380125923314, 0.4896604880484152, 0.6749846349037525, -0.7674222224963156, -2.9503683952353503, -0.4483807512282379
0.26643452448227606, 0.4913924456706931, 0.6748718454371343, -0.7699036308540986, -2.9500163455487463, -0.44541384071414275
0.26717461462960995, 0.49295596325986524, 0.6747330532305209, -0.7724374811475533, -2.949714400997607, -0.4426486226141384
0.2678283347542146, 0.4943056405126468, 0.6746797768332328, -0.774145224636501, -2.9495601530784272, -0.44053405479638397
0.26839595817382084, 0.49554976114811056, 0.6745438864622637, -0.7761895580440656, -2.949282004628439, -0.43839124038468974
0.2688501432393714, 0.4964423055971777, 0.6745849439574874, -0.7776672052926915, -2.949029867888583, -0.43690772087865676
0.26927912936234766, 0.497335555516957, 0.6744371864104699, -0.7791319493438545, -2.9488876431976037, -0.4352597726203703
0.2695933495387067, 0.4980605944959493, 0.6743498903057638, -0.7798859358147079, -2.9488618858433666, -0.4340264401573291
0.26980158262954596, 0.49847495965135635, 0.6743669093411544, -0.7806605353255853, -2.948761920208287, -0.4333204239864084
0.26993352846807356, 0.4987421990713325, 0.6743080316542214, -0.7810749614292207, -2.948703027323914, -0.4325257867743601
0.2699847883731099, 0.4988517429755218, 0.6743172724832638, -0.7812936785472642, -2.9486564493541967, -0.4325217296058475
0.270050334293254, 0.4988019517479411, 0.6743064104233492, -0.7816333390003564, -2.9486566358441335, -0.4322354304831027
0.2702543230836856, 0.49863164728581527, 0.6742923855599924, -0.7823525826904876, -2.9486763071737476, -0.4315727538588331
0.2705697425822209, 0.4983471027986106, 0.674257132127337, -0.7836448536576605, -2.948564849941843, -0.43034532224059396
0.27108978504114545, 0.49796538936533646, 0.6741305322947566, -0.7855859137094453, -2.948560868116337, -0.4283276767326229
0.2717420330212581, 0.49742112078618733, 0.6740532340781337, -0.7882633924526433, -2.9484380783703434, -0.42608322403535936
0.27252170102322604, 0.496739878649775, 0.6739639265538571, -0.7912886263859903, -2.948304653478197, -0.42329185492439486
0.27343208108833034, 0.49593266400814384, 0.673829238987465, -0.7950100660499638, -2.9481523151389126, -0.41961290767186266
0.2745581005679102, 0.4949437510678946, 0.6736964107067974, -0.7994096994572769, -2.9481315826325525, -0.41536860777631956
0.275818300435017, 0.49384744362192584, 0.6735496647954661, -0.8044483191677172, -2.947777919806677, -0.4109003471505626
0.277258031410772, 0.4926043302059136, 0.6733733655807076, -0.8101558612231918, -2.9474329512311437, -0.4056471631535467
0.27874674872445815, 0.4911986546904591, 0.6732116870745148, -0.8161270348908268, -2.947122430538835, -0.3996513447666407
0.2804655381962395, 0.4897859094624484, 0.6729589758710811, -0.8229180142299917, -2.946820747156026, -0.3933581606378186
0.28232259105119767, 0.4881712514828551, 0.6727039537244968, -0.8303258837183355, -2.9464514253956375, -0.3863067843898457
0.2843408135161372, 0.486452790296075, 0.6724128262417219, -0.8381740180309177, -2.9459333058726656, -0.3786774267141397
0.2864196417617268, 0.48459702845706265, 0.6721762470240297, -0.8464610833858461, -2.9454599688905634, -0.37079041045552585
0.2887659524770236, 0.48259392264521783, 0.671849897116471, -0.8556469951378439, -2.944857388902925, -0.3620182106676861
0.2912864718040962, 0.480361737209733, 0.6714999341792065, -0.8658537595965761, -2.943852693573478, -0.3520428273423629
0.29390243437063984, 0.47812070035240306, 0.6712298043856927, -0.8761368406166786, -2.9431156172643833, -0.3428439502395605
0.296693367765974, 0.4756970714522091, 0.6708492355966684, -0.8869508818704215, -2.9420750220480008, -0.33219573426768145
0.299568383961187, 0.47320202648875825, 0.6704566334722062, -0.8983236654256509, -2.941122439739247, -0.32113695763897665
0.3025901543108641, 0.4706214731738849, 0.6700337817428531, -0.9102466864068651, -2.9398731947472436, -0.3096607915772189
0.3056150632886951, 0.4679650789018989, 0.6696278737255787, -0.9220237746821622, -2.9383145527034054, -0.29799427171832893
0.3086118889385913, 0.46536687993883946, 0.6692958656645214, -0.9337821608679353, -2.9371541238555023, -0.2869996908577562
0.3116361829321167, 0.4627649587330821, 0.6688423336403811, -0.9456452870742127, -2.93562526166976, -0.27517569595748104
0.31458470670393945, 0.4602309027359144, 0.6684336624566972, -0.9570861549501174, -2.9340751485113996, -0.26373491994703874
0.31761780064808764, 0.4575584246690287, 0.6680665519593884, -0.9689433771884813, -2.932347069576872, -0.2522741608817137
0.32057453038189554, 0.45495700994370203, 0.6676588856455383, -0.9804134443220434, -2.930734581616618, -0.24042668723915375
0.3237904778647054, 0.45216475348176427, 0.6673044983183144, -0.9929681301081368, -2.9287815008576223, -0.22885732344594215
0.3267072939581885, 0.44964022475464355, 0.6668915878946448, -1.0046413407641892, -2.9268482711966004, -0.21725716976208997
0.329800142974778, 0.44702027125661997, 0.6664514940330432, -1.016240306337236, -2.9247815742347374, -0.20550200473099872
0.3327334951327678, 0.4444387638006221, 0.6661044350348768, -1.02758506590217, -2.9227759323477773, -0.19423465458093497
0.33579890397294426, 0.4418167487838618, 0.6656971585633737, -1.0393468954971419, -2.9206744972712007, -0.18261823131181565
0.33880783633921246, 0.4391614606394378, 0.6653220697440176, -1.0510044809218428, -2.9183758221576688, -0.17102114854669093
0.34175443185742477, 0.4365932371486001, 0.6649167912246995, -1.0623548765430768, -2.9160995517347015, -0.1592806581488534
0.34479211387379644, 0.4339770897232797, 0.6645230212327847, -1.0741888457914013, -2.9135879299279486, -0.14767366389490533
0.3477825993437296, 0.43144176963467235, 0.6640836003929994, -1.0855522180935375, -2.911105640641012, -0.1359544696910124
0.3508517819285193, 0.42871955653789906, 0.6637044288708325, -1.0972674829394462, -2.9086008024825563, -0.12409332721660256
0.35349414962087394, 0.4263468239835942, 0.6634237593898736, -1.1074486270068689, -2.9062567061508418, -0.1138092812303349
0.35619273845668403, 0.4240819588947987, 0.6630326907265021, -1.1176692922125904, -2.903676179480805, -0.10365516553088792
0.3585474186924427, 0.42200803930902553, 0.662714322983953, -1.1267299013127239, -2.9015335643774725, -0.09395653622992393
0.36093865552789856, 0.4199841360278125, 0.6623752614676548, -1.1355319967650856, -2.8994250922757505, -0.08495492481976863
0.3630352215727851, 0.41811585820150954, 0.6621617713030944, -1.1436597309191705, -2.897247043942007, -0.07690469075345184
0.36500696250277687, 0.416386563976755, 0.661935198200666, -1.1512925418461317, -2.895395683293815, -0.0693615258219515
0.36689698475054144, 0.41474751826358736, 0.661640477655696, -1.1583283893047522, -2.893293309618462, -0.06181563564639316
0.36861310988175444, 0.41329522351989517, 0.6614150387173225, -1.1647347079030022, -2.8914999690215617, -0.05511397997157813
0.3701814011014204, 0.41196895938887484, 0.6612100293164641, -1.1706474004553014, -2.8901308752400143, -0.04920883349982602
0.37161466708886076, 0.41075714037206684, 0.6609756283288897, -1.1760018533119956, -2.888601614679661, -0.04351297652797963
0.3728057352299219, 0.4096396542375509, 0.6608829307413937, -1.1806642358852695, -2.8872366690871094, -0.038933583812970074
0.37387633400866077, 0.40866158814574044, 0.660779538011099, -1.1846961518094539, -2.8861572148298307, -0.03477130485503047
0.3748128506336568, 0.4078986222201747, 0.6606218116227466, -1.1881341004887547, -2.88520775148784, -0.03101472067331676
0.3755873426498215, 0.4072510965847425, 0.6605097141976658, -1.1911461300254582, -2.8842201175004916, -0.028064163130694333
0.37626837763642823, 0.4066251133890974, 0.6604204001551999, -1.1937089227994224, -2.8836560701446627, -0.025228193806489257
0.37674769894653654, 0.4062467713283664, 0.6603261556216437, -1.1955058515192074, -2.882915156663706, -0.023337512823514435
0.3770926244867303, 0.40595153873752066, 0.6602735586173699, -1.1966951222438222, -2.8826088144059403, -0.022007118427579256
0.3772380673266898, 0.40579306771265755, 0.6602985259680783, -1.1973140098238717, -2.8824475416157793, -0.021501162805000796
0.3773078012111434, 0.4057700303046198, 0.6602557708366417, -1.197599090363458, -2.8823017475459474, -0.021225440427687835
0.37731302159936414, 0.4057744169947758, 0.6602482299843082, -1.1976243934824151, -2.8823113318755054, -0.021163637726741878
0.3773338161003826, 0.40573567836030167, 0.6602674740784374, -1.197724836356047, -2.8822628776955916, -0.0212235318343193
0.37733000680515566, 0.4057605956749509, 0.660242470214241, -1.1976845110151544, -2.8823085723899813, -0.021121767668935754
0.3773451362454009, 0.4057832504313782, 0.6602165554098078, -1.1977215950394235, -2.8822983407865794, -0.02104500170793535
0.37734369977756343, 0.40575384985346963, 0.6602467914604833, -1.1977288348051096, -2.8823179605977067, -0.02113561727901857
0.37734083683047215, 0.40577009316155427, 0.6602242010029142, -1.1976717881085825, -2.882279025861802, -0.02103509689920432
0.37734025499458496, 0.4057504335808389, 0.6602347887302253, -1.1977548331809154, -2.882282797966471, -0.02102624050786562
0.3773437409510565, 0.4057707512166492, 0.660212731234471, -1.1976966264609519, -2.8822868585978556, -0.0209556687693643
0.37735691899127116, 0.4057423661523249, 0.6602340510242914, -1.1977684001303333, -2.882266674687311, -0.021048396564290327
0.3773596155015377, 0.4057800140616022, 0.6601964320218432, -1.197686763482989, -2.88231125506144, -0.020894670880942615
0.37735748517461365, 0.4057432710425918, 0.6602351924878966, -1.197803338475731, -2.8822538360284886, -0.02106641382779996
0.3773591493643741, 0.4057501998792264, 0.6602219181392464, -1.1977918261360752, -2.8822255228279103, -0.02099849144624507
0.37734656159388386, 0.40575248010107273, 0.6602279840173193, -1.1977287525583487, -2.8822681979268974, -0.021032469256052764
0.37736148848700873, 0.40577275422164427, 0.6601997612505787, -1.1977867087117398, -2.8822583975836586, -0.020915877049779995
0.37735563472599004, 0.40575266906824503, 0.6602275785519193, -1.1977507322118948, -2.88227207465876, -0.021029813773496105
0.37736863796205633, 0.40576771200000755, 0.6602066861188096, -1.197727606376087, -2.882312807590496, -0.020947417807024696
0.37735259846071073, 0.4057602392427898, 0.6602247159178352, -1.1977499187112421, -2.8822704693577794, -0.021011772346158974
0.37736152094079534, 0.40575400351398533, 0.660218342201002, -1.1977682918221577, -2.882312398435045, -0.020981717589146208
0.37736011893640314, 0.40572669738217393, 0.6602503667936314, -1.1978243504491008, -2.882304114244108, -0.021129799409845634
0.37737441619898726, 0.40577712668478305, 0.660197927389373, -1.197797215604924, -2.882283521661944, -0.0209466595683713
0.37733902166563454, 0.405764995890472, 0.6602392520033723, -1.1976964145830293, -2.8822890641627787, -0.021107131682482353
0.37736660416659074, 0.4057561166573921, 0.6602176541140853, -1.1977722425826312, -2.882274127009698, -0.021008798966367214
0.3773525972515661, 0.4057685037146715, 0.6602170523340744, -1.197723738003676, -2.882303313183699, -0.020969327919763716
0.37738341105144146, 0.40575448677171544, 0.6602077502599901, -1.1978158221501776, -2.882280068514406, -0.02098586844488852
0.37736513976086183, 0.40574119040388995, 0.6602323052132557, -1.1978593971380944, -2.8822414540148276, -0.021045748407886266
0.37736105464653114, 0.4057573132872774, 0.6602281363558867, -1.1977785240334964, -2.882289972734679, -0.021062231832825046
0.37736042746648996, 0.40575220284456553, 0.6602229108401246, -1.1977859391086507, -2.882306842586219, -0.02099992154816491
0.3773710544720806, 0.4057633791951194, 0.660212628478514, -1.1978234735626625, -2.88225073910816, -0.020989829901756903
0.37736328539447506, 0.40576098675135375, 0.6602188163057308, -1.1977946589051582, -2.882279381987534, -0.02102452160836165
0.3773832385659179, 0.4057787943791971, 0.660160494332261, -1.197852530992092, -2.8823082586847697, -0.02142656488494265
0.3773992021178836, 0.4058314513924754, 0.6593300220700425, -1.1978018466283065, -2.8822581959456803, -0.02077074900946297
0.3774264545609435, 0.4058459382744145, 0.6586001651894253, -1.1978181509620187, -2.8821876570494043, -0.020569612398436785
0.37743598500299963, 0.4058714563644053, 0.6578886102931635, -1.1979065071122985, -2.882100439074328, -0.019853039053579557
0.37737684372993957, 0.4057699970184421, 0.6572072484250875, -1.1979268926042492, -2.882136261154174, -0.019946897391902342
0.3773661637317759, 0.40575834971376507, 0.6565066560969403, -1.1978766449847704, -2.88206178480909, -0.019299271002323416
0.3773849162244423, 0.4057948730233356, 0.6556796267897191, -1.1979216366288898, -2.882003094401071, -0.01842904164606148
0.37740435604562705, 0.4058134948443618, 0.6549415500127322, -1.1979290492066168, -2.881965565743299, -0.017994370474659745
0.37743465240101115, 0.40586420587692595, 0.6541614934950937, -1.1979028812548334, -2.8819384111549904, -0.01765452988295992
0.3773956482252851, 0.40578494097236717, 0.6535879677199468, -1.1979598339087003, -2.8819387400763126, -0.017661588283827707
0.37737422490561134, 0.4057286708721713, 0.6529766045430341, -1.1979983251887578, -2.8818480865051033, -0.01708510581884665
0.3773324375352524, 0.40571179700794885, 0.6523057952062454, -1.1978388262470738, -2.881857955331867, -0.016560269202362397
0.3773236708984855, 0.40568627155595066, 0.6515855540718741, -1.1978879811630214, -2.881824391877185, -0.016461230929070855
0.3773338264748726, 0.40575820145751557, 0.6507581286115304, -1.197831197830705, -2.881770958722233, -0.015996175373260466
0.37737188481271655, 0.40578170363858423, 0.6500614073408781, -1.1978845635147557, -2.8817531842237316, -0.01593244131137287
0.3773671207789336, 0.4057626428160164, 0.649441387849398, -1.1979051310330462, -2.88171720810458, -0.015685536137582754
0.37728135803574403, 0.40568633962898315, 0.6487515306102412, -1.1977915835143014, -2.881736279452327, -0.015437216159932772
0.3772999691187248, 0.405626879529923, 0.6480345189588756, -1.1979046611508464, -2.881668681489946, -0.014999913324642884
0.3772715497878206, 0.405643918312366, 0.647310419591673, -1.1977727548907748, -2.881692152965719, -0.014716407862902698
0.3772759457471869, 0.40563575856226247, 0.6466098731177266, -1.197819718279238, -2.881663354967963, -0.014390016586188227
0.37729024656343313, 0.40569185479110237, 0.64585287813945, -1.1976845875922955, -2.881587033828564, -0.013505363848759817
0.3773029131917689, 0.4056780084863696, 0.6452135175326744, -1.197774691482323, -2.8816192030940657, -0.013558103942479707
0.37729453799632395, 0.40563880748789527, 0.6445209125229521, -1.1977783430869118, -2.8814902517201437, -0.012975967240624789
0.3772832118699613, 0.4056485143772669, 0.6437741477778102, -1.1977913667299234, -2.8815215041210376, -0.012712751699483188
0.3772848818642738, 0.40560477881467083, 0.6431120843678174, -1.1979057855610673, -2.8814189778772183, -0.012322988592889111
0.3772921597809535, 0.40564734716659795, 0.6423521058670779, -1.197877762545278, -2.8813085010584647, -0.01141518928548595
0.37729637777896735, 0.4056529556866634, 0.6416687217671718, -1.1978103050345832, -2.8813497480786237, -0.011424916672465228
0.377317770258026, 0.4056871357857667, 0.6408992495610407, -1.1976543547198282, -2.88136621394084, -0.010844963980557924
0.3773218391746989, 0.4056969774270623, 0.6401249036234707, -1.1976741944836113, -2.881316335591934, -0.010582019933025419
0.3772446191291831, 0.40561129410478053, 0.6395322400746923, -1.1977169319278935, -2.881291417839322, -0.010650017692748665
0.3772270993101732, 0.4055407029220922, 0.6388686827846237, -1.1977398289185908, -2.881168771930914, -0.009952035123713676
0.3772436726082226, 0.40554615602501826, 0.6380518671428406, -1.1977012491395371, -2.8812185295543284, -0.009654824949469306
0.3772231898356452, 0.405540740425485, 0.6374302754503425, -1.1975392156318319, -2.8812392047143205, -0.009339290681890352
0.3772585654849141, 0.405584863549213, 0.6366794051293644, -1.1976337392138139, -2.881180263592561, -0.009033350639611394
0.3772605487923736, 0.4055856141240034, 0.6358292163314109, -1.1975958934329947, -2.881134865266942, -0.008207909424950954
0.3772665593061536, 0.40561703901318513, 0.6351362373057419, -1.1973616931276223, -2.8811705039485234, -0.008123595329399403
0.3772534311166289, 0.4055780302454391, 0.6344792828762914, -1.1974241845826767, -2.8811429925957515, -0.007738680248620044
0.37722236472731485, 0.4055345626828274, 0.6338270084901209, -1.1974155066308985, -2.8810915637506187, -0.007593360803943492
0.3772224256857279, 0.4055442502680033, 0.6331529017547443, -1.1973100557653142, -2.8810997566054777, -0.0070101690700373875
0.3772197355410071, 0.40552023343374816, 0.632408922637991, -1.197338109123387, -2.881030352331887, -0.006713851224825624
0.3772099116325585, 0.4054969438764403, 0.6316864875765281, -1.1974463194649185, -2.881008607618672, -0.00643690823942621
0.3772220443642961, 0.4055112976839299, 0.6310054549814758, -1.1973677195613321, -2.880982683296881, -0.0062552738010650125
0.3772585983924831, 0.40553333208793657, 0.6302016664993694, -1.1974477852201637, -2.8808435534614576, -0.005138338537965343
0.37724781425662646, 0.4055457528013265, 0.6294084493313767, -1.1972400032692414, -2.880884295930789, -0.004954222113897168
0.377225861343019, 0.4055027789052991, 0.6287250456719055, -1.1972602139140274, -2.8808045662302932, -0.004530322712983176
0.3771947559757581, 0.40546158115855196, 0.6280214785245972, -1.1973006981262868, -2.8807713339651904, -0.004128513160067486
0.37721508141144605, 0.4054626674725467, 0.6272237899190501, -1.1973234796167314, -2.880686618923243, -0.0036672152409775744
0.37722478238822293, 0.40550646281269653, 0.6264589428033301, -1.1973343646438037, -2.8806255159552245, -0.003256256690800152
0.3772579621858306, 0.4055283838830685, 0.6257152642262639, -1.197342417886777, -2.8805609164735135, -0.002925245810004242
0.3772053845632939, 0.4054892387317603, 0.6250688048157749, -1.1973156300814376, -2.880421694289596, -0.0027433953388318584
0.3772030666092101, 0.40547773918617264, 0.6245013681383469, -1.1973021905661991, -2.8803228287218103, -0.0027432585894584206
0.37717648922981234, 0.40547064964321733, 0.6238193823630017, -1.197328096382675, -2.8802103975056634, -0.0024008657481003506
0.3772144266701295, 0.4055166669837422, 0.623302439519928, -1.1972800341006056, -2.8801353099096114, -0.0020030292414750933
0.3772007950513977, 0.40550964298338577, 0.6227787573366532, -1.1972960157777635, -2.8800172834443187, -0.0018157669359200165
0.37720416119881955, 0.4055300670966159, 0.6223618669765196, -1.197268146507777, -2.8800002776048665, -0.0016680291480952994
0.3771771864439662, 0.4054972407506327, 0.6219140773097064, -1.1972137575900748, -2.879917210473294, -0.0012890940492606637
0.377141209904532, 0.4054973637686203, 0.6215412411823122, -1.1970756711677963, -2.8798837000359625, -0.0009302363417213614
0.37716747279345697, 0.40554906807822666, 0.6210404584491667, -1.1969807197156024, -2.87984401568848, -0.0006799452338626115
0.37717627237254625, 0.4055184139605618, 0.6207809358703092, -1.1969268752138698, -2.8798818296813105, -0.0003360597394665026
0.3771875283710173, 0.40551460927509725, 0.6203515705239193, -1.1969451473228376, -2.8798295681161923, -4.131567216299744e-05
0.3771558211927055, 0.40550497880630393, 0.6200000519508502, -1.1968689263403043, -2.8798015878969747, 0.0002706637126729489
0.377164124006732, 0.4054755189521692, 0.6197092455480607, -1.196925744215174, -2.8797114839557834, 0.0005218288934152395
0.37716760383810694, 0.4054899406588316, 0.6194154227176817, -1.19688675920338, -2.8797334414040883, 0.000714104601701519
0.37719141959860086, 0.4055123231180186, 0.6191961943458403, -1.1969008525753932, -2.8797431630917054, 0.0008150742310286418
0.37723612480761726, 0.4055692658249447, 0.6188346503088457, -1.196796060418765, -2.879746156288806, 0.0014304537839243594
0.3772492254720183, 0.40558933124087637, 0.6184608950015439, -1.1968109975248056, -2.879694466915818, 0.0019705966729505774
0.377239675574283, 0.40559943386199615, 0.6179742611788491, -1.19674987777501, -2.879689806300709, 0.002252755650822667
0.37723350909358755, 0.40555238830966633, 0.6175912028889861, -1.1968690549084937, -2.8796407943404594, 0.0022550563504725057
0.37723599352624465, 0.40553662740831015, 0.6171144591497512, -1.1967538795444523, -2.879604546456599, 0.0027862310394319596
0.3772178312879579, 0.40554089376819563, 0.6167326321476667, -1.1966837569940487, -2.879540158266581, 0.003165500512416517
0.3772524744934632, 0.40555840483992295, 0.61631898928309, -1.196694789380071, -2.879522277428721, 0.003410324693168139
0.3772733623426723, 0.40558433522607906, 0.6159953303572295, -1.1966668708975292, -2.879516782917532, 0.0033324239804202
0.3772678175698167, 0.40555150023584563, 0.6156861641033886, -1.196695965396587, -2.879458165699712, 0.0037587619532303733
0.3772313878179139, 0.4055497883319482, 0.6155441056465196, -1.1966227311820725, -2.879457886860418, 0.0035657686964923716
0.3772387302592514, 0.40553492352994924, 0.61537028226357, -1.1966522193112628, -2.8794607226107174, 0.0035512383780840224
0.37721811518330867, 0.4055429663092502, 0.6152211963645894, -1.1965870640546037, -2.8795332468687924, 0.0036195259883972553
0.37725015543726376, 0.4055377405456104, 0.6151021996847131, -1.1966416249370058, -2.879458563805492, 0.0038525069590718804
0.3772348279134776, 0.4055499665193835, 0.6149607770829044, -1.1965749801336332, -2.8794762087512438, 0.003946982689768266
0.37723186229769834, 0.40554314919107637, 0.6148525059354126, -1.196601645976753, -2.8794800103438885, 0.0039332777496377345
0.37725477696761694, 0.4055394393742452, 0.6148012680137772, -1.1965843872338278, -2.879433904767569, 0.003938121952189575
0.3772289324226233, 0.4055488990362199, 0.6147287953999627, -1.19644987448391, -2.8795397717117566, 0.004082355761577648
0.3772532013356249, 0.40555333538826127, 0.6146576505934194, -1.196498223183878, -2.8795026941849664, 0.004116947247824988
0.37724241185829527, 0.40553577931502544, 0.6146020785404043, -1.196519919887725, -2.879499930348523, 0.004062108470510059
0.37726680528955225, 0.40553226280450466, 0.6145896356039589, -1.196465028204454, -2.879563126089202, 0.004050436040513608
0.3772829848118537, 0.4055298482793232, 0.6144916521405587, -1.1965856688094094, -2.879601333704544, 0.004204700222544495
0.37731361225838245, 0.4055031449352838, 0.6144125048225455, -1.1966262044363014, -2.8795931402298325, 0.004243705712052337
0.37731211127476194, 0.40549460582912, 0.6143370845651576, -1.1966089144368055, -2.879640404217896, 0.004234425951278203
0.37732659832124343, 0.4054456968142155, 0.6142429326487997, -1.1967965800278, -2.879545721491397, 0.004268755330787752
0.37734291736727293, 0.4054454763209414, 0.6141419148494467, -1.1968365115589323, -2.879533924885266, 0.0043447288198591805
0.3773530986694364, 0.4054392650546674, 0.614124689062653, -1.196798189206929, -2.879537043004941, 0.004340494501173246
0.377343637885291, 0.40544685850208945, 0.6140322360437411, -1.1967740814272139, -2.879469163418109, 0.0044562499172640475
0.3773585625466515, 0.4054505786423012, 0.6139203898514439, -1.1968527902214998, -2.8794027999201117, 0.004525503419733367
0.37734836573414626, 0.40541730711050267, 0.6139383282429364, -1.196795291119079, -2.8794603221805586, 0.004456664707812465
0.3773990683378987, 0.4054295706916515, 0.6138321568638249, -1.1969196892424117, -2.8794575276149685, 0.004486649361527463
0.3774002726302152, 0.4054250955210202, 0.613836627372475, -1.1969616387774544, -2.879412317033175, 0.0043863122632182405
0.3774301684759952, 0.4054304586313289, 0.6137692598162499, -1.1969753885774435, -2.8794384342912984, 0.004449602815334742
0.3774362625590223, 0.4054195214646993, 0.6137457734122392, -1.1970014012721504, -2.8794003668214234, 0.0044617115662809945
0.37745290190653746, 0.4054260101039131, 0.6136713322270854, -1.197008550243995, -2.879361699000276, 0.004546960821749522
0.37746003168341674, 0.4054148671732311, 0.6135939439483729, -1.1970941652873508, -2.879315366317004, 0.004528112766090923
0.3774732341846874, 0.4054383900199864, 0.6135495844878854, -1.1969547984132791, -2.879364476406317, 0.0044866977017173175
0.3775039215251534, 0.4054406536868193, 0.6135147610543464, -1.1970384994170664, -2.8793189254213627, 0.004465489254382322
0.3775098166092911, 0.40545264936550035, 0.6134168457138192, -1.197078359311339, -2.879258978526713, 0.0047400377844369354
0.3775267786867455, 0.40547618256288387, 0.613375099329918, -1.1971023015047246, -2.8792645437292443, 0.0048379687914040645
0.37754678265369007, 0.40542389823675035, 0.6133886252636638, -1.1971785203055036, -2.879205502899422, 0.004962289626315335
0.37755496580380693, 0.40543500397436955, 0.6133631068818443, -1.197172828651611, -2.879237097518882, 0.0048174348576156155
0.37757382382887567, 0.4054516719514252, 0.6133235756600025, -1.197243898833164, -2.8792122119531016, 0.004895758844497975
0.3775836487147154, 0.4054657592055247, 0.6132828658747593, -1.1972088099897698, -2.879221196973863, 0.005063495015406385
0.3775821684350718, 0.4054775031279415, 0.6132318941211364, -1.1971866667144042, -2.879209539437083, 0.00513494147959443
0.37759534361957664, 0.40548292523881335, 0.6132202725997425, -1.1971144292535836, -2.879181875821392, 0.005177358816791994
0.3775843677866454, 0.40549348012923647, 0.6132205727944995, -1.1970579089708284, -2.8791900136672393, 0.005079864701485952
0.3776032522648366, 0.4054771826027699, 0.6131747477135173, -1.197040312228628, -2.8792429499718155, 0.005258161631889872
0.37758170190859147, 0.4054629160456278, 0.6132016675336065, -1.1970384138210277, -2.8791925087653145, 0.005246964956847148
0.37758873898353557, 0.4054704350307584, 0.6131598079179967, -1.196868277279914, -2.8792660342524186, 0.005454096813187309
0.3775967762360443, 0.40544810330520104, 0.6131877166945675, -1.1970239542898362, -2.879205002454677, 0.005303449074017915
0.37762106833050796, 0.40544827879817974, 0.6131657702927492, -1.197042942181512, -2.8791995945243114, 0.005397852091361022
0.37761521165690787, 0.4054533361040564, 0.6131459044574814, -1.1969871917716222, -2.8792098470961642, 0.005395395923222476
0.37760824245586383, 0.405466889072909, 0.6131315692288484, -1.1969517577358006, -2.8792205576885777, 0.0054325510191461975
0.37762930391744287, 0.4054679563759711, 0.6131005062179865, -1.197024404713949, -2.8792458659375706, 0.005407514725807936
0.3776580005409145, 0.40551902749566804, 0.6129779514642913, -1.1968711156662053, -2.8792552194922325, 0.005658321681668222
0.3776592856235917, 0.4055065953301937, 0.6129353979057596, -1.1969300186711391, -2.879245576887503, 0.005643886997275684
0.37769743246988174, 0.4055233124114632, 0.6128638469433293, -1.196942811332446, -2.8792708277769448, 0.005839481620114483
0.3777043392157446, 0.40552414037410356, 0.6128477752378678, -1.1970049263783136, -2.8793211263189034, 0.005744546868890791
0.37771276522481456, 0.4055419145568703, 0.612800920837234, -1.1969907236009898, -2.8793804254382684, 0.005738064828850615
0.3777237005924651, 0.40553092776455657, 0.6126934751916682, -1.1970498222674177, -2.879365125534328, 0.005892141363743952
0.37772679675371273, 0.4055110935852383, 0.612693298453557, -1.1970683480326483, -2.8793614609255944, 0.0058547734194704226
0.3777272227493681, 0.40550165503789914, 0.6126467391500846, -1.197061126799101, -2.8793392547064927, 0.0059622475203091945
0.37774581214299713, 0.405492798690877, 0.6126597960977852, -1.1969093965784154, -2.8794169389487836, 0.005942863531356537
0.3777344053567707, 0.4055048804491162, 0.6126932230619544, -1.1969605593535817, -2.8794445371034363, 0.005861727661074535
0.3777301219183736, 0.4054918698814779, 0.6126874958279155, -1.1968873111251754, -2.8794137044921, 0.006054372253699743
0.3777428940336551, 0.40548400862669143, 0.612696544403459, -1.196877971226522, -2.879442969490612, 0.006059957073749784
0.3777722247014311, 0.40549248567943974, 0.6127056814357954, -1.196893661927336, -2.879434764779208, 0.006190336484773056
0.3777711258314103, 0.4055052253790872, 0.6127138482144237, -1.1967591156850454, -2.8795503851567035, 0.0062407984497864525
0.3777953217679286, 0.4054863372077292, 0.612728619449176, -1.1966993847551903, -2.879652987748592, 0.006009755942864981
0.37782327144351924, 0.405496528303936, 0.6126850694515006, -1.196781207523379, -2.8796022082271664, 0.006043306611834832
0.37783558819789287, 0.40550201079840675, 0.6126516479682564, -1.1967524105151393, -2.879626902014223, 0.006045407698337569
0.37781535054823745, 0.40547532714888807, 0.612675633631643, -1.1967564095117245, -2.879588832317869, 0.006019096699361559
0.37784291244189366, 0.4054932398905575, 0.6126371930302749, -1.196795245596329, -2.8795813609176184, 0.006058345260317427
0.3778551998297153, 0.4054924738136153, 0.6126396026980012, -1.1968385865149784, -2.8795397645738596, 0.006033825248915975
0.37785681075406374, 0.40546200181168407, 0.6126902970389564, -1.1968629475977055, -2.879505945491788, 0.006007905504192184
0.37785497917142624, 0.40548171120883675, 0.6126974288706988, -1.1967830565646724, -2.879558152290086, 0.00595560478960217
0.3778934747144274, 0.40547387876820384, 0.6126793908996147, -1.1968848591227501, -2.8795587445935387, 0.006039840514524913
0.37792382827662746, 0.40548782759914165, 0.6126928519960965, -1.1969397475046961, -2.879545684236254, 0.005833549329574704
0.37793158008989974, 0.40549017365481493, 0.6126612974318747, -1.1969641541863996, -2.8795042620749136, 0.0059965354721859074
0.37794903906833427, 0.4054564640214885, 0.6126877056652485, -1.1969247465835924, -2.879509979021218, 0.006085697902766587
0.37792952243837225, 0.40548909922462645, 0.612678922360104, -1.1968296248452663, -2.8795241802078237, 0.006196130364978446
0.3779330099444044, 0.4054842255535601, 0.6126913379709813, -1.196846629968917, -2.879516845976135, 0.006081347971921738
0.37792668076507635, 0.4054989566698397, 0.6126853292695825, -1.1968099158029515, -2.8795259879668937, 0.0061368518343290195
0.377976091351636, 0.405514871553433, 0.6126879454368356, -1.1969034429557568, -2.8795079634996155, 0.006065301291738809
0.3779728389320894, 0.40548471991919394, 0.6127209985415353, -1.1969038986358067, -2.879511798380063, 0.006026979423071857
0.3779849849502798, 0.40548812102943166, 0.6126732603620301, -1.1969895977094671, -2.8794708887642044, 0.0063103936819348715
0.37797277973654847, 0.40547052952020013, 0.6126889104360937, -1.1969384162341177, -2.87954576409806, 0.006417362608527128
0.37798410622195094, 0.405488931261623, 0.6126705599205113, -1.196910991862473, -2.8796256702469876, 0.006509167647255695
0.3779886412924061, 0.4054921994818325, 0.6126563271019735, -1.196936475811768, -2.879636620729355, 0.006552058027745697
0.3779928529975617, 0.4054948666789103, 0.6126480560517146, -1.1969297725537817, -2.8796692196751277, 0.006520351533323506
0.37801721679781614, 0.4055238773873163, 0.612622800663541, -1.1969533267259866, -2.8796737115643074, 0.00627708800427714
0.3780148800204883, 0.4054870217633335, 0.6126520505893248, -1.1970252055537025, -2.8796056666631746, 0.006381778793767789
0.3780182745900111, 0.4054925504914336, 0.6126453158098882, -1.1970074859953714, -2.8796108769469044, 0.006400656256585213
0.3780368498317082, 0.4055145037944054, 0.6126374283283794, -1.197014386989755, -2.879578263325539, 0.006431198995111832
0.3780432804157291, 0.4054692293360832, 0.6126523152425262, -1.197108053140783, -2.8795630271385666, 0.006568687419394017
0.3780298910640531, 0.405476387361909, 0.6126802833033589, -1.1970214121723466, -2.8796503566288676, 0.006579120011846088
0.3780590545799012, 0.4054927164295082, 0.6126960542682999, -1.1970581571141965, -2.8795945449290383, 0.006587900797730163
0.37807261227501054, 0.4055043018039811, 0.6127294212686749, -1.1970688729618095, -2.879575127347688, 0.006602297374291331
0.3781119090580448, 0.4055536456408942, 0.6126650626111427, -1.197075695095595, -2.879585262286599, 0.006604883401004322
0.3781075349383281, 0.4055361612562555, 0.612687999653587, -1.1970350413921107, -2.87958706375561, 0.00661937090538793
0.37809429270732975, 0.4055186568985717, 0.6127438099186777, -1.1971330187424265, -2.8795352040777145, 0.006486203053419703
0.3781031944163279, 0.40552299515078716, 0.6127015565511146, -1.1970315446176572, -2.8795313442111885, 0.006776887169012104
0.3781072744777989, 0.4055149138665336, 0.6127373332283027, -1.1970632486587505, -2.8795619473778706, 0.006502830439048373
0.37814280863775235, 0.40552093151287866, 0.6127086435140473, -1.1971685896796251, -2.879520626779006, 0.006597914596330727
0.3781638710860603, 0.40553042862464317, 0.6127184834533337, -1.1971586888597172, -2.879547472964071, 0.006393460393856556
0.37817868670396076, 0.405496669317748, 0.6127365520857905, -1.1972787901765498, -2.8794490233028283, 0.006589701144458967
0.37820141946498587, 0.40550252705598494, 0.6127243907051173, -1.1973270845695212, -2.8794672672009773, 0.006598200634753481
0.3782352583942956, 0.40548941290335777, 0.612727132978856, -1.1973528185571587, -2.8793847049893198, 0.006882463497595107
0.3782527792020559, 0.4055239582668349, 0.6127023594142115, -1.1973261542068994, -2.879365707129289, 0.006799140784649091
0.37822584638202794, 0.4055053131720014, 0.6127339423302238, -1.1972638137525786, -2.879366662836299, 0.007020326562710273
0.37824804106949816, 0.4055308972661199, 0.6127241148242444, -1.1972648969604511, -2.8793677167302807, 0.006889155126042659
0.3782372888919897, 0.40553850717522666, 0.6127356930045176, -1.1972890339758324, -2.8793308292006796, 0.007129787645881039
0.3782341459417221, 0.40551677761070015, 0.6127624292042362, -1.1972632313045197, -2.8793691378385247, 0.007115787324007147
0.37826311326425327, 0.40553062062134776, 0.6127736793882577, -1.1972979149244296, -2.879405941805259, 0.0071270982976267255
0.378307517335347, 0.4056006749957097, 0.6127370468437592, -1.1972291508762734, -2.8794327400325983, 0.007257689974757149
0.3783018854644876, 0.4055893841356966, 0.6127583401456137, -1.1972068919650993, -2.8793798743993366, 0.007223954161881042
0.3783135447855549, 0.40560615140690404, 0.6127536075396254, -1.1972310034657565, -2.8793890548525622, 0.007171375593880604
0.3783188969709872, 0.4055589299798425, 0.6127918949933616, -1.1972612962049543, -2.8794187794944146, 0.0071421034711616985
0.3783190969051208, 0.4055779808090599, 0.6127682552642999, -1.1972470428013458, -2.879382120427821, 0.007171015244013035
0.37832579627323953, 0.4056051297676413, 0.6127530940354161, -1.197260369182111, -2.8794591516387023, 0.006906838532454398
0.37832979442466524, 0.40559730147968287, 0.6127234477737498, -1.1972562678412173, -2.8794487216116473, 0.007131127176806268
0.3783535388714069, 0.4055863061072517, 0.6127063125683953, -1.1973547479504303, -2.8793910941157352, 0.007278272914545954
0.3783549050465786, 0.4055472742698152, 0.6127607418001284, -1.1973134393313754, -2.879495725598274, 0.007429625177581465
0.3783722010322691, 0.4055526645251487, 0.6127437275045698, -1.1973349011378533, -2.879546795670013, 0.007480130439936199
0.37839635485521345, 0.4055483107759097, 0.6127823881489527, -1.1974454498881488, -2.879624278617382, 0.007432836848213306
0.37843017473214996, 0.405524544293447, 0.6127496565594355, -1.1974953754685365, -2.879545687837698, 0.007475282079740533
0.37845049642609424, 0.4055182143756074, 0.6127333085844408, -1.1976349967075017, -2.8794902095675874, 0.007570495941026649
0.3784564792398083, 0.40550296430734173, 0.6127456044628458, -1.1976744548207918, -2.8794884038962243, 0.007440112162726695
0.3784679140678542, 0.40550937415674054, 0.6126995594024259, -1.1975292398902113, -2.879525512986584, 0.0076420829872065645
0.3784813325688137, 0.40551849398211137, 0.6127032620572371, -1.1975182344962367, -2.879546770859981, 0.007493135543509937
0.37848270673954737, 0.40549806583122583, 0.6127481547970884, -1.1974721074194066, -2.87954024254018, 0.00759967574397758
0.3784877628688155, 0.40548375302054934, 0.6127281544029529, -1.1975626105765491, -2.8794627907014982, 0.007837213682899078
0.3784850054983714, 0.4054814682029919, 0.6127365442409015, -1.1974788640046485, -2.8795573430429804, 0.00788726711613465
0.3785242744725555, 0.40548714530751767, 0.6127445042949605, -1.1974505079389215, -2.8795389917931717, 0.00791561781593984
0.37852852607208987, 0.40551462636205604, 0.6127938030166606, -1.197382251741546, -2.8796743414784993, 0.007902963786583634
0.3785533833285392, 0.40550112457657855, 0.6127682650026638, -1.1974921335017388, -2.879643845738817, 0.008000305712066507
0.3785473006777113, 0.40550162059674844, 0.6127835342824389, -1.1974981518874226, -2.879660353576323, 0.007948644564560332
0.3785693665087003, 0.40552870456236195, 0.6127877802032933, -1.1974850589293107, -2.8796755324296086, 0.0076292543882938504
0.37857228613607186, 0.4055668530631721, 0.6127677354453109, -1.1973447423028092, -2.879728262023965, 0.007910135632228095
0.37858063072245424, 0.40554507221651803, 0.6127761896994198, -1.1974123765658724, -2.8796955581846753, 0.007834044974700185
0.37857966738385834, 0.40553334535155783, 0.6127869670275305, -1.197437217026298, -2.8796599328936305, 0.007940421922374524
0.37857267661896293, 0.4055239822204799, 0.6128007226705756, -1.1974014318685926, -2.8796723833558286, 0.007845236854138163
0.378581481608237, 0.40552587572942694, 0.6127940956965325, -1.1973933436266062, -2.879750430002509, 0.00788114053641105
0.37860671751500585, 0.4055337652389129, 0.6127652777131884, -1.197426453543573, -2.87977943272879, 0.007966648254007346
0.3786339750892595, 0.40555510310958104, 0.6127229126473037, -1.1974962612626114, -2.879748134778081, 0.007871143097952104
0.3786442094620512, 0.40557106642492263, 0.6127417913426453, -1.1975210329060324, -2.8798066690700796, 0.007263219940771243
0.37865339095021894, 0.40553692120277485, 0.6127483671907709, -1.1975273408423828, -2.87977671162239, 0.00750108707774882
0.3786539041273977, 0.40555016544883543, 0.6127930680708751, -1.1974693889682468, -2.87978818638818, 0.007610986284030154
0.37866857301666834, 0.4055781721913786, 0.6128274599783392, -1.1975210744068376, -2.879722399545997, 0.007771022030106452
0.37870731528843155, 0.40562650561181923, 0.612848207923354, -1.19750466756541, -2.8797356931057823, 0.00782844531258891
0.37871553509899497, 0.40563562379556317, 0.6128805040180253, -1.1974275977083768, -2.879797269403362, 0.007796653704422109
0.3787192071074942, 0.40563741863847, 0.6128843698344436, -1.1974199924345479, -2.8798281596876114, 0.0077833457149448886
0.37874186151722644, 0.4056574360971323, 0.612843085862394, -1.1974341088464242, -2.8798582557912242, 0.007697885888868629
0.378773190004973, 0.4056565737310295, 0.6127913529177987, -1.1975018776152093, -2.879919838645839, 0.0077173218017741315
0.37876983294558125, 0.4056554044842661, 0.6127755549662708, -1.1974362552940305, -2.8799068022450185, 0.007839916295467268
0.3787800064908391, 0.40563658773340616, 0.6127681746052702, -1.1974877930177348, -2.8798829282210554, 0.007743761433331851
0.378789719164376, 0.40566062398710245, 0.6127475117165322, -1.1973432127799373, -2.879972555697695, 0.0077123055867305765
0.37877226797038177, 0.4056303758958371, 0.6127766219875482, -1.1972737323265856, -2.8800036922476506, 0.007806238741489961
0.3787730768082677, 0.405617267304901, 0.6127681978548125, -1.1973354340862086, -2.8799077704867355, 0.007846501252521548
0.37877332326063257, 0.4056341770794716, 0.6127741393420489, -1.197216680249583, -2.880012370224311, 0.007820943781435915
0.37878908724029714, 0.4056183005729157, 0.6127864659033375, -1.1972590100897276, -2.880018216477766, 0.007843714396331825
0.3787824518039064, 0.40563268230089067, 0.6127731592183107, -1.1971598478057581, -2.880023646125855, 0.008158470448808346
0.3787719277270445, 0.4056054717607323, 0.612797257473786, -1.1971662303525863, -2.8799934715015736, 0.008284478019996254
0.37880449050075077, 0.4055917374463478, 0.6127959924811087, -1.1972197296132072, -2.8800238690374136, 0.00804871383661848
0.3787984823782587, 0.4056276336744572, 0.6127355756547288, -1.197110075389835, -2.879997471423058, 0.008221209419311997
0.378820443392759, 0.4056403876514242, 0.6126829626861476, -1.1971288131576352, -2.8799873677013808, 0.008125072010292972
0.37878531135415894, 0.4056148473218876, 0.6127040629799191, -1.197013214529951, -2.879957063569126, 0.008466772410378229
0.3787893483794213, 0.40560275225169246, 0.6127296801890596, -1.197046645184748, -2.8799919386215262, 0.008383047813538415
0.3788123148557546, 0.4056335580961379, 0.612749845476393, -1.197030633204896, -2.880053648133759, 0.008244808877875263
0.37882630183262556, 0.40563149806674, 0.612792191889877, -1.1969881298186444, -2.880054292910032, 0.008390350052901487
0.37885131483932905, 0.40564727176571486, 0.6127891873532446, -1.1970260213127708, -2.880098591835584, 0.008554999499771843
0.3788768835967257, 0.40568025003741237, 0.6127880855017998, -1.1970766342221846, -2.8800728938481623, 0.008365662949571862
0.37887517859342446, 0.4057004506747343, 0.6127500645998846, -1.1970574606850988, -2.880072894033529, 0.008552839863104992
0.37887396747113555, 0.4057023987770774, 0.6127570291848906, -1.1970057103895777, -2.880093761770988, 0.00832594456301017
0.3788780273093376, 0.4057111721362429, 0.612721172357717, -1.1970143726450482, -2.8800628350330357, 0.008452389442025577
0.3788805436063157, 0.40566987300217094, 0.6127575055135109, -1.1970843645613838, -2.8799912277320683, 0.008592560453688133
0.37887039524483657, 0.40568241590171816, 0.6128136505270008, -1.1969490023067193, -2.880013196357808, 0.008660032422482611
0.37887355171120224, 0.4057104153889118, 0.6128188582215883, -1.1969471541016852, -2.8800100926103656, 0.008810697588750896
0.3789003099513412, 0.4057208074765885, 0.6128466951228397, -1.1970076624611532, -2.880015105419742, 0.009006030930478344
0.37892585542290935, 0.40571234423966257, 0.6128904175798321, -1.197088405810978, -2.8800688044318177, 0.008930951650347766
0.37890462476522757, 0.405721463507721, 0.6128958544407146, -1.1970230152768218, -2.880057618145698, 0.008922548762883462
0.3789096114682779, 0.4057129957782544, 0.6128924448444028, -1.1969951821580795, -2.8800883655620764, 0.008982776227745449
0.3789167185096438, 0.405714193182925, 0.6128854374410062, -1.1969917281085467, -2.8800790194778187, 0.008961744991551793
0.3788920951302502, 0.4056906857867894, 0.6129285622405062, -1.1970557694745516, -2.880041611710972, 0.00882701239219882
0.37891818217060397, 0.40571858973606123, 0.6128970472377673, -1.197074600948236, -2.88003613749213, 0.008922335015053903
0.37891118593686673, 0.4057072843104962, 0.6129026818593223, -1.1970221047569625, -2.880055741323246, 0.008940054266278339
0.37890590343952274, 0.40572959692025506, 0.6129103280888384, -1.196980110193358, -2.880051531190136, 0.008784611383020604
0.3788955614337705, 0.4057025029573, 0.6129330449167422, -1.1969849020706378, -2.8801156862490283, 0.008780351462742047
0.3789110584499317, 0.40570703795167895, 0.6129088967909668, -1.1970577750099447, -2.8800451600804955, 0.008903766909581824
0.37891978022010847, 0.4057315665059593, 0.612875596811356, -1.197058069848737, -2.8800433976313218, 0.009035696078500202
0.3789030089490844, 0.40571894505293604, 0.6128862780602021, -1.1970023317588956, -2.8800557337558907, 0.009014108251279384
0.3789012997416146, 0.40572849962562074, 0.6128925653104682, -1.1969685074442995, -2.8800718698731846, 0.008995752286722468
0.3788999565028814, 0.40571601512860345, 0.612901585576078, -1.1969995942727445, -2.880050252881417, 0.008956020257751218
0.3788937344349541, 0.40569345165513937, 0.6129190584429265, -1.1969652238879267, -2.880066527053844, 0.008936076980501105
0.37890794460369065, 0.40568127078488664, 0.6129251528700997, -1.1970923905395279, -2.8800819788005008, 0.008914844875651987
0.37890551856586435, 0.40568149038823986, 0.6129240804350412, -1.197048383290612, -2.880072507818772, 0.008926762412642411
0.37890367040028683, 0.4056847971693918, 0.6129131413646313, -1.1970486702809564, -2.8800234368714275, 0.009010439095485927
0.3789152054259818, 0.4056951953161594, 0.6129020567852064, -1.1970321996476891, -2.8800814749518517, 0.009022813543450537
0.3789163874682264, 0.40569924060961193, 0.6128933552067767, -1.1970947759759805, -2.8800364886978285, 0.009075700424037391
0.37889806793028497, 0.40567994454520745, 0.6129107312777162, -1.1970829215971155, -2.8800585475317018, 0.009041489869665372
0.37889564184316754, 0.40568016404111606, 0.6129096589595648, -1.1970217361598066, -2.880056178016747, 0.009053195452213364
0.37890885784784273, 0.4057016369566496, 0.612883460634304, -1.1969676617130591, -2.8800701401109228, 0.009126714191574821
0.3788986133605936, 0.40568490825786985, 0.6129223648113926, -1.1969888781332636, -2.8800760958346308, 0.00899697061511865
0.3788996185569578, 0.40570521104611384, 0.612905090094642, -1.1969839729596994, -2.8801123473336627, 0.009044060886538455
0.3788963047802853, 0.40567910364969945, 0.6129220644748038, -1.1970459762275707, -2.880067221762205, 0.0089829812959017
0.3788920047645232, 0.4056844634929014, 0.6129299459608732, -1.1970293159418977, -2.8800763411460997, 0.008964101319494083
0.3788940314545231, 0.4056877678065186, 0.6129206741498953, -1.1970460409402925, -2.880067271061398, 0.008983402931934023
0.37890785955941336, 0.405685418381713, 0.6129028804266262, -1.1970090214219011, -2.8800741022189635, 0.009055552184431591
0.37890901400817595, 0.4057120429170029, 0.6128978817422654, -1.1969941900281855, -2.880086670886889, 0.009001127528191235
0.3789454056504991, 0.4057055930458517, 0.6144903897098677, -1.1970378427773822, -2.8803222115052614, 0.00893227003049183
0.37901664871210855, 0.405784803150187, 0.6164252083919392, -1.1970506108964833, -2.8802325463507157, 0.009521355998127704
0.37907142868863697, 0.4058598562450301, 0.6183249801757231, -1.1970085040982854, -2.8803517445812563, 0.00998175944261826
0.37910481939720364, 0.40584436426917453, 0.6201615756930177, -1.1969472390626872, -2.8803678810337625, 0.010377675062277516
0.3791179389047355, 0.4056985006891951, 0.6220618470930683, -1.1972376009005796, -2.8806060800647066, 0.010199294711414382
0.379204229267947, 0.4057317130232614, 0.6235138414631656, -1.1972808614605692, -2.880889261948524, 0.010651946607787025
0.3793104497091807, 0.4057205075098074, 0.6252092384343002, -1.1975057426685354, -2.8810076165913974, 0.011309010895908394
0.3793045190819606, 0.40565145794941143, 0.6268344559592572, -1.197523991828913, -2.8810496347473773, 0.011323968302300423
0.3792967949213985, 0.4056374290962192, 0.6282957387371776, -1.1975503539637244, -2.881044126984135, 0.011275144519786373
0.3793413439245808, 0.4056856391863757, 0.6296914374614817, -1.1974214918640227, -2.881150292160954, 0.011385236761804416
0.37936344161358976, 0.4057075516329685, 0.6310777773559887, -1.197532772456984, -2.881099836666755, 0.0114289771531365
0.37937356999723365, 0.4056562049080094, 0.6326143520502437, -1.1975343107962992, -2.8811015968114373, 0.011639064508979394
0.3793870182563921, 0.4056720718698333, 0.634138172547561, -1.19749370154525, -2.8811446728700503, 0.011650196981819447
0.37944579556237773, 0.4057242046917215, 0.6354824677323033, -1.1975402032821454, -2.8811370062807184, 0.011790424438997898
0.37945389128384643, 0.40575831477449126, 0.6368553599483103, -1.197422274322677, -2.8812233344738276, 0.011595783616657966
0.37942532123159767, 0.4057086042850105, 0.6382176604292396, -1.1973033056278386, -2.881261430182527, 0.011825059891012984
0.37943391271902177, 0.40570794413558275, 0.6397264005574593, -1.1972955892017345, -2.8812904033012035, 0.011625650122789417
0.37948257411562286, 0.40570253968859754, 0.6409907696704652, -1.1972924060860146, -2.881310921382702, 0.011936401663660232
0.37951157743407815, 0.4056346690448255, 0.6416457216542938, -1.1974643383356505, -2.88127333515304, 0.011765160678319135
0.37951178526337237, 0.4056328012037802, 0.6416570921336846, -1.1975453394263431, -2.8812715364018473, 0.01160372456567513
0.3795328459201767, 0.40566695147235204, 0.6416051260131129, -1.1975094491216016, -2.881277902229528, 0.011676748303545752
0.37953957458649623, 0.40565104184444245, 0.6415975140984548, -1.1975794504686523, -2.8812510415222445, 0.011772314981299185
0.3795341184446606, 0.40566488186934785, 0.6416039622655938, -1.197552356595961, -2.8812837791016443, 0.011701572969720549
0.37954507980660523, 0.4056847357955056, 0.6415808555756481, -1.1975463401961328, -2.8812671007108013, 0.011753618516252506
0.37953280341569795, 0.4056669070631479, 0.6415983958838142, -1.197543676540233, -2.8812616543320564, 0.01169550616685676
0.37952959852199636, 0.40564716420514757, 0.6416138937283123, -1.1975481712898364, -2.881274656703054, 0.011679777161336695
0.379524352832143, 0.4056511111531914, 0.6416197919593485, -1.1975150067116227, -2.8812926573957327, 0.0116430601194784
0.37952708700116305, 0.4056782906100406, 0.6416025393482148, -1.1975019829743427, -2.88130897189034, 0.011665047366636287
0.37952401029432814, 0.4056754277105355, 0.6415983734198514, -1.197461741492889, -2.8813085199466233, 0.011698337152415883
0.37952280037978303, 0.40566936697261347, 0.6415987286279311, -1.1975041973470837, -2.881314367691799, 0.011723861256073638
0.37954190281056094, 0.4056754778737334, 0.6415842310529174, -1.1975376151491366, -2.8812962616760123, 0.01175944816095151
0.37952831830804445, 0.4056721608788711, 0.6415923064130915, -1.197473053754591, -2.881286609499435, 0.01173255987691642
0.37951607559267, 0.40567505986533997, 0.6416056946459814, -1.1975476091908286, -2.881273173445028, 0.011699736139870326
0.3795402616259522, 0.40563961572542767, 0.6416091143344196, -1.1976167768083281, -2.881244031629347, 0.0116981379076086
0.3795119236279468, 0.405647601094176, 0.6416291269475523, -1.1975056715267782, -2.881271124935505, 0.011636694231708928
0.37952127996235363, 0.4056668808856821, 0.6416093105407124, -1.1975392988893492, -2.8813020810308028, 0.011705172337150809
0.3795491798929149, 0.4056644826600542, 0.6415879139680147, -1.1975850671599015, -2.881263761939307, 0.011756251140104658
0.3795238435446727, 0.40568353747591707, 0.64159072053256, -1.197503901296306, -2.8813125720385617, 0.011741890122081138
0.3795182408846413, 0.40567030954896766, 0.641609265926246, -1.197496132698125, -2.8813455667372376, 0.011711004807682524
0.3795259233563569, 0.4056764444641621, 0.6416003016698222, -1.1975004824128617, -2.8813053828771005, 0.011701768030223932
0.3795277412894711, 0.405671220472855, 0.6415981089581488, -1.19750720663834, -2.8812726067415206, 0.011732226663509367
0.37953578476187433, 0.4056676721601179, 0.6415873864061372, -1.197531507271623, -2.881281851536381, 0.011793167291024422
0.3795380329867586, 0.4056608410568011, 0.6415972546001422, -1.1975299959439443, -2.881277949752239, 0.01171629615065306
0.3795183491519844, 0.4056703417791069, 0.6416108057743894, -1.1975066881167395, -2.881270710390348, 0.011637825878205886
0.3795269615675942, 0.40569063225761925, 0.6415853720621412, -1.197499664589427, -2.8813016015009243, 0.011738888055922447
0.37952352128218214, 0.4056643269084777, 0.6416096646610943, -1.1975099830422002, -2.881279872195636, 0.011658785928466486
0.3795197542045078, 0.40565421311675454, 0.6416054039101745, -1.1975134870675705, -2.8812893087855884, 0.011794106471701604
0.3795429090553561, 0.40567919797823343, 0.6415745030353778, -1.1975666851800215, -2.8812672378945505, 0.011794299217002677
0.37961001303775743, 0.4055890164977529, 0.6416000557077999, -1.1979895596151404, -2.881116471251099, 0.011570906167388888
0.379764135770864, 0.40510646486818996, 0.6418221123051921, -1.1990283236233488, -2.880708118213398, 0.010637492659033224
0.37996659345388706, 0.40454594188245246, 0.6420652611068932, -1.2004487606602852, -2.8801981314336946, 0.00965907066432742
0.3802470443633813, 0.4038134857100201, 0.6423666425770753, -1.2023814996081366, -2.8795090440456916, 0.008477294228900747
0.3805175101111743, 0.402840868983096, 0.6428459700445989, -1.2046640662692936, -2.878700824068005, 0.006577829798125162
0.38092882311398757, 0.40173511110825333, 0.6433534261279262, -1.207474752761437, -2.8777514954951227, 0.004294915253939906
0.38136587315548315, 0.4004197231666517, 0.6439396905073966, -1.2107901911550463, -2.8766555491552968, 0.0019884124802124255
0.38195556133161457, 0.39895926543547544, 0.6445189969134523, -1.2147875095465317, -2.8751524376280804, -0.00046416743218106993
0.3824894939080405, 0.3973313028575169, 0.6452931724629345, -1.218686503191303, -2.8738644819881154, -0.003675198906817472
0.3830989422797838, 0.3955838117149496, 0.6460770349970522, -1.223144405809341, -2.8723122564908836, -0.007042068594739292
0.3838125676481455, 0.39363835350844356, 0.6469486069300531, -1.2282053934663628, -2.8704619585112763, -0.010802128918565284
0.3846402379671539, 0.39143490987936735, 0.6478764998959424, -1.233849079650009, -2.868407117194176, -0.014558831775220554
0.38541693348740397, 0.38914135837944047, 0.6488874467279402, -1.2395910819528075, -2.86629862639429, -0.018767022953693074
0.38626522917639927, 0.38669935947910633, 0.6500209233753865, -1.2457655247034436, -2.8640225565489894, -0.023581103641778907
0.3873144733239116, 0.383953978982899, 0.6511663941855804, -1.2529955916464088, -2.861355503962436, -0.028381722065488578
0.38837438400643315, 0.38109071961938856, 0.6524379095169209, -1.2602970990142908, -2.8586221707663095, -0.03392999296288548
0.3893947539515949, 0.3780609293996295, 0.6538114233226218, -1.2677733558502091, -2.8558753368538285, -0.03957458472775162
0.3905343950968721, 0.37479932591482695, 0.6552814653091236, -1.2759446914334718, -2.8526754694008485, -0.04569252647229948
0.3917912902425125, 0.37135289559569257, 0.6567813108029488, -1.2847276927737803, -2.849197406353823, -0.05202001517475672
0.39312257665984446, 0.36791679912941144, 0.6582405908605871, -1.2936817962413498, -2.8457641205934436, -0.05829483625030123
0.3942872689194303, 0.36444833937409493, 0.659837065807488, -1.302278064699719, -2.8423306443266867, -0.06499886552454591
0.3955583135561257, 0.3608873537430405, 0.6614059758251467, -1.3111589535060648, -2.838793746323009, -0.07156310033467754
0.39679278427959985, 0.3574512142433865, 0.6629139800149512, -1.3198307995896095, -2.835290072393187, -0.07777288043473096
0.39806770561690585, 0.353975313513063, 0.6644176837900657, -1.3288799471815507, -2.8313297329053446, -0.08429569606556649
0.3993200929901959, 0.35059941586271715, 0.6658576374395591, -1.337213424230303, -2.8279397476027266, -0.09037484510229696
0.4005777163592832, 0.3470130125937371, 0.6674768532726512, -1.346220779286912, -2.824156080875502, -0.09724829468230893
0.4017671787316967, 0.343554308578178, 0.6690732898560047, -1.3548851073451722, -2.8203658310458617, -0.1040415204360809
0.4030828928329408, 0.33993519638007597, 0.6706317964544176, -1.3638326376595002, -2.816426487767701, -0.11044432397631096
0.40432170671509354, 0.3364717101951215, 0.6722063341892992, -1.372528382115363, -2.812694757399006, -0.11717285384598182
0.40558733377686945, 0.33307030062390197, 0.6736788244401956, -1.381114708616417, -2.808754878061761, -0.12351106286263418
0.4068227207884736, 0.3295082020205088, 0.6752453871816203, -1.3897694950524062, -2.8048361044972605, -0.12989156133878166
0.40804453204255503, 0.32599838475230714, 0.6768649346916243, -1.3984459847183612, -2.80096615112469, -0.13687319460845807
0.40932557451301543, 0.32255721682411426, 0.6783563913251137, -1.407081041780639, -2.7970106964867676, -0.1432534500298684
0.4106047593967093, 0.3189432908892466, 0.6799442274378822, -1.4159371703714432, -2.792674759896199, -0.14991822581854583
0.41186406674396336, 0.31549004343017945, 0.6814556427827456, -1.424584593628735, -2.788746554059545, -0.15624145586019048
0.41313838642793216, 0.3119830087765646, 0.6830269356617228, -1.4333437417581794, -2.784477952998937, -0.16304010039164948
0.41436261557898285, 0.3085706299653069, 0.6845465715546099, -1.4416022704923381, -2.780529830169229, -0.16941868552810493
0.41569320020882555, 0.30511462464507955, 0.6860081770206127, -1.4500874533632089, -2.776313482208112, -0.17574751877082828
0.41682844996077734, 0.30163484682012554, 0.6875995473529091, -1.458437573272587, -2.7721120125197465, -0.18226892020757277
0.41811904849559756, 0.2980935305955955, 0.6891355289564876, -1.4673123548747349, -2.7677938011644603, -0.18868894474996212
0.41929844690563045, 0.294767389233573, 0.6906585669587665, -1.4752448017827697, -2.763746308860348, -0.1952617223138077
0.4204910784039441, 0.29133970293338923, 0.6921925775211898, -1.4834006351049773, -2.759572125886515, -0.20174472604346902
0.4215399707768994, 0.2884070996509184, 0.6934948093338295, -1.4906015227827865, -2.755834490011791, -0.20722866481416832
0.4226185593437713, 0.28550662856909237, 0.6947388756051721, -1.4977651837265478, -2.7522372469833023, -0.21246767318222173
0.4235525647421703, 0.2829231196336434, 0.6958753221446504, -1.5039358245447971, -2.748752927396571, -0.21735861045838684
0.42446252908383414, 0.280343082243937, 0.6970374672178371, -1.51030998476156, -2.7455354903703055, -0.22220355187690172
0.425293166715962, 0.2780177847487897, 0.6980679535598358, 1.5158015740284798, 2.742263453136185, 0.22654843195475663
0.42606553085719745, 0.2759116804754602, 0.6989968995661509, 1.5203942041515994, 2.7389566020846954, 0.2304845936714097
0.4268029178807957, 0.2738955907819796, 0.699857543240649, 1.5248481965392757, 2.735618228753127, 0.23394252560871498
0.42743960887484383, 0.27202602613647686, 0.7007017799566079, 1.529207882236028, 2.7327417249254795, 0.23750637357558682
0.428017547136017, 0.2704232716592982, 0.701417066809681, 1.5325358513050114, 2.730240110258263, 0.24050597766443108
0.42851429396254964, 0.2689726659021156, 0.7020846288987513, 1.5358120521027607, 2.727824059432737, 0.24325139613337482
0.42896026007594146, 0.2676363559192961, 0.7026988888342655, 1.5386452613097528, 2.725731844285371, 0.2458319627609186
0.4293548597409142, 0.2665104486149657, 0.7031790210259184, 1.5412832598441826, 2.723906961901227, 0.24779618819013832
0.42969968161403893, 0.26562188844971796, 0.703575581582029, 1.5432180410633576, 2.722389956532591, 0.2494826112314128
0.4299708665913955, 0.2648981578706183, 0.7038980648660953, 1.544537508903002, 2.721379715813363, 0.25083381976546065
0.4301861644024906, 0.2643265884687714, 0.7041146413270387, 1.5461447298296596, 2.720348197390255, 0.25167560542365475
0.4303423038969266, 0.2639629611912804, 0.7042767099769891, 1.5469277470927096, 2.7197830311221156, 0.252386225531464
0.43041791225996784, 0.26370031788545506, 0.7043995120730879, 1.5475410477713523, 2.7193081438584867, 0.25291526190274954
0.4304622629591584, 0.263637105065184, 0.7044242752429064, 1.5476036339929382, 2.7192882396473657, 0.25305715340228985
0.43045129759767053, 0.2635962712213116, 0.7044106559863765, 1.5476416537375883, 2.719299296003107, 0.25274849106673897
0.4302757440588414, 0.26332662905868615, 0.7044688039976332, 1.5479795030848948, 2.7192898529221483, 0.2522693038260832
0.42992204928439093, 0.26289083299121857, 0.7045341380080244, 1.5481313394330491, 2.719575667568773, 0.2509911310278625
0.42948152471200446, 0.26230265448265455, 0.7046491304883246, 1.548481745390263, 2.719712060867686, 0.24967773236674498
0.4289498191545526, 0.2615608284774304, 0.7047493158689435, 1.5491178199937932, 2.7199659867841572, 0.24762409522972928
0.42835109405367644, 0.26074219001987065, 0.7048332841290463, 1.5496248062579119, 2.7203175916053293, 0.24526301182637006
0.4274843423214441, 0.2595831828315381, 0.7050633120655836, 1.5502160089015322, 2.720733945598874, 0.2423304935839824
0.4265373419902619, 0.25831183013509396, 0.70533357736557, 1.5509751231527953, 2.721127761124096, 0.23947604010203158
0.42555159769419054, 0.2570010534882782, 0.7054927558324543, -1.551774798062708, -2.7211206889616846, -0.235445209465353
0.42446560656046667, 0.2554610035296296, 0.7057180973402647, -1.552292615297243, -2.720411783138905, -0.23127786630997219
0.423171885680947, 0.25378095047139715, 0.7059878592585618, -1.552313881211741, -2.720022435595126, -0.22659038392787442
0.4217719347292118, 0.2518989375716768, 0.7062803802148208, -1.5526439991553034, -2.719242926563815, -0.2213269652235166
0.42025966930659053, 0.2498127831655181, 0.7066361675652859, -1.553127340821749, -2.718521427864148, -0.21598279760374706
0.4186068926352205, 0.24758353577113454, 0.7069904492908293, -1.5535322312421718, -2.7176614025209522, -0.20982335919323256
0.41692242538270896, 0.2452778119876764, 0.7073319369893183, -1.553827671017024, -2.7168367716023374, -0.2035082064705947
0.41511373078213676, 0.24283940158379674, 0.7076563200091482, -1.554405509028175, -2.715757015610197, -0.19622375592878857
0.4130884358479033, 0.24010994418759715, 0.7081586132040391, -1.555188995389465, -2.7145808008828847, -0.18939124064401985
0.4110705289660418, 0.23732814108704092, 0.7085181846622737, -1.555355414834889, -2.713613186430808, -0.18134811235270565
0.4087666424717294, 0.23425427929017337, 0.709080438845514, -1.5561230273504807, -2.7122502396104995, -0.17336548970594892
0.4065707435268007, 0.23121843738066342, 0.709474506956243, -1.5566134367061386, -2.7108794708673964, -0.16470357321941761
0.4040313496808933, 0.22780387457782628, 0.7101016498928451, -1.5575370443589835, -2.709369293328969, -0.1560529690400156
0.40178624361141924, 0.22468892005616814, 0.7104860995798035, -1.5578435965868755, -2.7080787917403413, -0.14684470665139548
0.3993141698197209, 0.2214008928934567, 0.7111056311858241, -1.5583608522660757, -2.70671589236747, -0.13858557176119604
0.3970615627031916, 0.2183175398679572, 0.7115059937959681, -1.5588346261887398, -2.7052819963281047, -0.129627889426474
0.3945773681230245, 0.2150172755192814, 0.7121221440441018, -1.559532360436311, -2.7037219090772813, -0.12135462083144807
0.3923082769298044, 0.21192632178674672, 0.712555879957963, -1.559842389619685, -2.7024273828143794, -0.11249002289215893
0.38989693195409164, 0.2086492071621101, 0.7130911541979643, -1.5602372865088994, -2.700970915343624, -0.10378376552462888
0.3876065569763646, 0.2054811798137305, 0.7135357857783171, -1.5610177947407502, -2.6992083551552053, -0.09501988960889918
0.38520009581972287, 0.20224050864510804, 0.7141009211531695, -1.5612075491734412, -2.697833727240461, -0.08666980845490478
0.3828315504113897, 0.19902092675953648, 0.7145792962208168, -1.5618633568996305, -2.6961280146900832, -0.07772897761804487
0.3806612879180596, 0.19609940672999937, 0.7150376157455486, -1.561986293469324, -2.694936550555702, -0.06978601510085514
0.3785919449829399, 0.19332547137523756, 0.715455401633065, -1.5625715442920691, -2.6933252855644305, -0.06211812465195106
0.37672079793396696, 0.1907544529634229, 0.7158119117685257, -1.5626598109372327, -2.692125666647783, -0.05483049661532167
0.3748239472910531, 0.1882017737384664, 0.7162526732770099, -1.5628590643767548, -2.690953400271566, -0.04825496798262654
0.37312345129721314, 0.18585342570930063, 0.7166408238184758, -1.56351447102995, -2.689533744959749, -0.04216178416381723
0.3715794715051107, 0.18375120897194588, 0.7169437787108128, -1.5635835824170279, -2.688475135577652, -0.03633158808452535
0.3700919558235989, 0.1817387925317673, 0.7172619845216783, -1.5638294508515367, -2.6875071635552135, -0.030877138957620804
0.3686614861100721, 0.17988929148468377, 0.717610262266438, -1.5637505559936171, -2.6867374318060278, -0.02629052642728222
0.3674506262268219, 0.17823751053573086, 0.7178304601828635, -1.5642843915954938, -2.685563015188703, -0.021513037961875512
0.36636029773796425, 0.17671465396557604, 0.7180620030652344, -1.5642838902168033, -2.68484980378294, -0.017422781651627296
0.3653695297059374, 0.17537968072263238, 0.7182358852923514, -1.5641749882859273, -2.684207518861103, -0.013534371303804627
0.364425478450798, 0.17413376751274348, 0.7184872860732809, -1.5646199994858478, -2.6834993918567154, -0.010553097347906446
0.3636777811207889, 0.1730962324410159, 0.7186162866876292, -1.5646991191632482, -2.6828885839079435, -0.007547387715716735
0.36306156905144693, 0.17225938882274838, 0.71876179622807, -1.5647114930808244, -2.682542005602948, -0.005413759867607944
0.3625499203301213, 0.1715417365752418, 0.7188871540332026, -1.564635969554504, -2.682269972956525, -0.0037415783840944643
0.3621399381476665, 0.1709950131284786, 0.7189239721999209, -1.5647745318979105, -2.6818338667522497, -0.0017364183000323215
0.36184842073789625, 0.17056258818034242, 0.71902577205866, -1.5651722993519712, -2.6814881113718565, -0.0009347809789312297
0.3616465242057145, 0.1703148529103966, 0.7190774440982847, -1.565015330259012, -2.68147851927336, -0.0003036381968264915
0.3615972206572733, 0.1702205795659242, 0.7190769406708131, -1.565009260633416, -2.6814292479502115, 1.9747806221045476e-05
0.36155209965049595, 0.17020590906113447, 0.719077226262312, -1.5650836552094387, -2.681372291540155, 7.824871287696425e-05
0.36138842651984926, 0.17041454107754042, 0.7190679917792466, -1.5651286208589106, -2.681297494564929, 0.00019519397811681026
0.36107733298393363, 0.17087679333917283, 0.7190526545162017, -1.5646244523826183, -2.6816094258643113, 0.00019566359844833188
0.3606255791584584, 0.17142814306785797, 0.7190765724649902, -1.564117527004177, -2.68191849298756, 6.138187812748713e-05
0.3600828204883073, 0.17213048354965996, 0.7190747786618976, -1.564704056320461, -2.681584681863618, 5.321653775687176e-05
0.35941102347663395, 0.1729930114688898, 0.7190544065793057, -1.5645704407761212, -2.681601008359091, 0.00016610760658040415
0.35861520753442844, 0.17399839154541175, 0.7190528103491073, -1.564710171683207, -2.681531579140525, 0.00019065550113747898
0.3577197267454475, 0.17512767163041887, 0.719036207303834, -1.5649894462943499, -2.6813282147293656, 0.00027699991368870694
0.35665790643926243, 0.17649745985368426, 0.7190366474137101, -1.5647411976831367, -2.681403106390468, 0.00015000950750211246
0.3554918133852656, 0.17795204225111338, 0.7190576373221494, -1.5648808468592732, -2.681482437352845, 5.190255567680169e-05
0.35418580281660306, 0.17949630189864443, 0.7190576985303408, -1.5650262614315253, -2.6814169968479926, 0.00021029110859307213
0.35267441046563525, 0.1814530859646082, 0.7190601524278096, -1.564890631448439, -2.6814549635503773, 0.00011257424953623664
0.35116308330792906, 0.18337981342987764, 0.7190405908617963, -1.5648977967958628, -2.6814025243668396, 0.00017070554288828682
0.3494609468242084, 0.18550254015097148, 0.7190496603399268, -1.5647869164690509, -2.68151925259975, 0.0002681301239991326
0.34760034494677505, 0.18782985306446387, 0.7190579292249746, -1.5649348983903333, -2.6814133805573017, 0.00018905730402309036
0.345657365922356, 0.19020878062256028, 0.7190900593518846, -1.564960286018829, -2.6815049149297865, -2.3685397178492966e-05
0.343637365599918, 0.1928954503654313, 0.7190248466319573, -1.564868966859392, -2.681491771188666, 0.0003017541274525462
0.34145724705910996, 0.19561046698195395, 0.7190440580480785, -1.5648415136344773, -2.6814858172097726, 0.00018140888602464643
0.33915007431114175, 0.19842014204087227, 0.7190632378276517, -1.5650309521065842, -2.681407941953795, 7.451102403034968e-05
0.33669575528097834, 0.20150471295918776, 0.7190803664094383, -1.5648930344417025, -2.681466067188916, 4.604108331018916e-05
0.33421097734508964, 0.20465227528789542, 0.719070023573958, -1.5648653931635323, -2.681486847381864, 9.66384298738852e-05
0.3317117487702363, 0.20780410321438308, 0.7190737473400421, -1.5647286560799747, -2.6815458479214005, 7.5850394032666935e-06
0.32915271117276873, 0.21107402270197376, 0.7190450728727799, -1.564800063030888, -2.68150932365944, 0.00021620587006463177
0.3268021663178701, 0.21397666453390835, 0.7190804526852703, -1.5649786206736462, -2.6814141301971883, 7.063484710296624e-06
0.32462608702421014, 0.21679131365408885, 0.7190333269699064, -1.5651211357004673, -2.681392613403435, 0.00017948542619629454
0.32247636623359766, 0.21949815859243924, 0.7190280602916198, -1.5648137175604493, -2.6814567974511876, 0.00026734934009463616
0.3204850737106191, 0.22202637708961437, 0.7190261812114205, -1.5649308779412832, -2.6814755167857625, 0.000260180873259459
0.31866156134423884, 0.22430905080933436, 0.719047282041256, -1.565031207594269, -2.6813619394586956, 6.659403421727376e-05
0.31687468026119586, 0.22648871276568058, 0.71906027432241, -1.5647061692846085, -2.681551563339622, 8.696817267948779e-05
0.31527633884920575, 0.22850936351696766, 0.7190443852933892, -1.5648987521317166, -2.6815187113638794, 0.00024596176352426595
0.31375595893610103, 0.23040682304115426, 0.7190445498753273, -1.5647535409240578, -2.6815416335843247, 0.00023563212606782325
0.31240107935139905, 0.23206975814349265, 0.7190745458535093, -1.5649914337112698, -2.68145037975457, 4.329790896416537e-05
0.3111597133724363, 0.23365421055702654, 0.7190659220108356, -1.5647532056370739, -2.6814617862138164, 3.6876372948514475e-05
0.3100362247998949, 0.2350653326828498, 0.719059657316114, -1.565024488153521, -2.6813909396047086, 9.791087662623687e-05
0.309017910628472, 0.23635367845379887, 0.7190528878275089, -1.5648089238918683, -2.6815180032879606, 0.00014934559286902335
0.3081621335998007, 0.23745781810701505, 0.7190418614805655, -1.5649135631418163, -2.6814575285945113, 0.00017053790037170892
0.3074406555095782, 0.23834431148012308, 0.7190469943961745, -1.5649067530304446, -2.6814728288903713, 0.0001924086719236919
0.3068345819925026, 0.23910859470100831, 0.7190700713910548, -1.5647764789552936, -2.681574439160165, -1.807759104191164e-05
0.30635356319729934, 0.23975544859740894, 0.7190323169583654, -1.564753926682766, -2.681596072502544, 0.00017538578517149964
0.3059774994601997, 0.24019225985632536, 0.7190642649871788, -1.5647572169969686, -2.681600941247024, -3.6218554353703625e-05
0.30575372599820977, 0.24048484155241692, 0.7190477222279422, -1.5648122304324037, -2.6815776074544413, 9.440727369408728e-05
0.3056512224855324, 0.2406219910129104, 0.7190475423248132, -1.565042609128845, -2.6814155702690816, 0.000120810225951785
0.3056151525895612, 0.24062143213306805, 0.7190667354344897, -1.5649679700378945, -2.681437899672319, 2.726436317046705e-05
0.3056150042050261, 0.24063881909140739, 0.719043238626523, -1.564903174770694, -2.6815081950410713, 0.000162460484942873
0.30562394276807936, 0.2406455038422622, 0.7190287689626949, -1.5649292578816372, -2.681476638639953, 0.00019761122126063215
0.3056155943905195, 0.24063379254938055, 0.7190474698339177, -1.564929868418243, -2.6814801427718615, 0.00014233813275419196
0.30560160561959715, 0.2406161098810527, 0.7190608652096216, -1.5649083037151097, -2.681482665975747, 8.499389026563528e-05
0.3056124240146393, 0.24063332596494275, 0.7190504526420897, -1.5649416405496297, -2.681500924232931, 0.00014644305612412708
0.30560849939593987, 0.2406355004228567, 0.7190540939703469, -1.5649587363964401, -2.681494686682223, 9.216994649828015e-05
0.30560949269170856, 0.24061942929633948, 0.719057540623345, -1.5649727913989986, -2.681445002657841, 8.567529691970196e-05
0.30560218978533393, 0.24062463109037868, 0.7190536105472491, -1.5649403476897286, -2.681462672085555, 0.00010478997897006616
0.3055990751351185, 0.2406300599441549, 0.719053488583005, -1.5648942481041526, -2.681531083062058, 0.0001099250686698038
0.30560243701913914, 0.24063842977834746, 0.7190583659216723, -1.5648830342156927, -2.6815125092432477, 6.964677083544572e-05
0.3055929043114466, 0.2406347393395569, 0.7190524837114839, -1.564875768641714, -2.681499116449519, 0.00012391023503482903
0.3056065402678702, 0.2406153162340225, 0.7190578013237878, -1.5649244894112961, -2.6814731948531056, 8.46459834591206e-05
0.30559999931317233, 0.240635063363672, 0.719051632623547, -1.5648987880742211, -2.6815020284645037, 8.841296244604663e-05
0.3055883791197937, 0.24061297198530127, 0.7190720215987216, -1.5648938001842467, -2.6814961658422707, 1.2309201386110384e-05
0.30560747370888397, 0.24064740221703818, 0.7190433198144321, -1.5648753784324103, -2.6814967932204365, 0.0001600779565864853
0.3056088559882741, 0.24064740296713588, 0.7190508503411426, -1.5648666028472267, -2.6815208002836575, 8.772049367230352e-05
0.3055922874986047, 0.2406242261965076, 0.7190714595764649, -1.5649157882644182, -2.6814972087767113, 1.504776980523452e-05
0.30561210730666655, 0.2406406016242615, 0.7190403946173434, -1.5649414881646078, -2.6814996984276913, 0.00016554564594616742
0.305599377831202, 0.24065150523165962, 0.7190447074455415, -1.5648272448798115, -2.681526131717072, 0.00014198599158359154
0.3055981580050946, 0.24064021155405496, 0.7190479914158759, -1.5648975172860562, -2.681499033338327, 0.00014439404412669207
0.30561434442433455, 0.2406357995561108, 0.7190405569929833, -1.5649496639323506, -2.6814396737927666, 0.00015802821954260968
0.3055850374336595, 0.24062178160567957, 0.7190759108894725, -1.5648357244067557, -2.681545204460429, -4.407208822237948e-06
0.3056007747803403, 0.2406226388238079, 0.7190578013237878, -1.5648923641404227, -2.681491943841379, 8.533181992432033e-05
0.30559929331639024, 0.24063988339386405, 0.7190538910491934, -1.564873532550625, -2.681533050119967, 5.2510702094404665e-05
0.3056020649274013, 0.24063980986760292, 0.7190514127255702, -1.5648928044270705, -2.681491635520773, 8.66957830196774e-05
0.305586485417763, 0.24062576602780034, 0.719059999001038, -1.5648599138294244, -2.6815096661659066, 0.0001051474421922699
0.30560020739152044, 0.2406295378342193, 0.7190564137746754, -1.564924195719165, -2.6814721203639835, 0.00010513674764305207
0.30560518995840213, 0.24064630226294265, 0.719046261862228, -1.564860880177782, -2.6815467855600588, 0.00016521013635078738
0.30559005556863345, 0.24062915924477973, 0.7190567320412242, -1.5649058271287835, -2.6815519813921327, 0.00011471452967096926
0.3056035329310899, 0.24063415630976132, 0.7190556035570478, -1.5648931691312935, -2.6814926914464987, 6.7583950927965e-05
0.3056081116938554, 0.2406637161526102, 0.7190358039858962, -1.5648430447025918, -2.681514365753277, 0.00017918711283869624
0.3056025432786613, 0.24065035823998263, 0.7190375912820759, -1.564861342673273, -2.6815464496457926, 0.00016588955073986323
0.3055944807440998, 0.24062733563465524, 0.7190619512687779, -1.5648828438746816, -2.681512651830648, 6.965405138672976e-05
0.305584801878102, 0.2406236868824344, 0.7190612241056548, -1.5648840783338516, -2.6815520642722293, 9.42310613128915e-05
0.3055931125401068, 0.24063124517818718, 0.7190630377577012, -1.5649051133999208, -2.681514645019361, 5.394492051851269e-05
0.30559859818122953, 0.24063494987690465, 0.7190586674849183, -1.5649089494258004, -2.6814835077856864, 6.861425160357358e-05
0.30560413853398566, 0.24065653735106735, 0.7190356179164973, -1.5648578016735022, -2.6815774120895655, 0.00015047213409285966
0.30559511985601223, 0.2406129038351303, 0.7190571548925458, -1.5649461747067568, -2.6814731845521003, 0.0001065134716468755
0.3055990542003511, 0.24064362577312626, 0.7190420025288033, -1.5648675517709658, -2.6815578433471052, 0.00014916198405025968
0.30561428920035977, 0.24067419161741288, 0.719029455137346, -1.564869334073286, -2.6814852286300184, 0.0001781594651938851
0.3056063333505982, 0.24066309750593856, 0.7190330411407629, -1.5647889072072534, -2.681532190426822, 0.00017645306467333605
0.3056086338715154, 0.24064928947928138, 0.719036163364613, -1.5649310180056024, -2.6815182853730333, 0.00018669882754418854
0.305600068532337, 0.2406428378365248, 0.7190513719231013, -1.5648667756782633, -2.681520706955367, 8.841352099053726e-05
0.3055943584585958, 0.24062720706920757, 0.7190538303849193, -1.5649142062321946, -2.6814918143556556, 0.00010719297371318106
0.30559971198061187, 0.24063093535366895, 0.719054615431607, -1.564894656625382, -2.6815320894997257, 9.149217487064213e-05
0.3055891740408033, 0.24062950920777101, 0.7190580619638746, -1.5648764282812804, -2.681501249044415, 8.705097032993977e-05
0.3056015567107707, 0.24065273519433583, 0.7190323547247476, -1.5648806418868941, -2.681505048237167, 0.00020001687705812658
0.3056207158479911, 0.24066799133511885, 0.7190292927614789, -1.5649094243948034, -2.6815170827638677, 0.00018464538398903682
0.3055986873913261, 0.24065827539002058, 0.7190351989044144, -1.5648584732813602, -2.6815041261467756, 0.0001986475732026237
0.3055945137196473, 0.24063135874862115, 0.7190560029332088, -1.5648626654054467, -2.681552006839695, 7.30553020820003e-05
0.30559416561915326, 0.2406500497188386, 0.7190432508732013, -1.5648339660488852, -2.68153731895348, 0.00012595757566361362
0.30559818274838935, 0.24065940767832078, 0.71903468951978, -1.564853422137941, -2.6814957984383043, 0.00016007950466391668
0.30559801813980236, 0.2406554086423995, 0.7190457934659504, -1.5648176070623665, -2.681546882738129, 0.0001256123225324457
0.30559520582760125, 0.2406360983149434, 0.7190482521163216, -1.5648655170490036, -2.6815177102561356, 0.00014371292640532268
0.305615112598233, 0.2406657717116837, 0.719029675667786, -1.5648431303780765, -2.681514264706523, 0.0001784843746954583
0.3055691902008379, 0.2406720204636384, 0.7190392181230727, -1.5646864296558456, -2.6814311018396078, 8.497507532880012e-05
0.3055976490423207, 0.24071953702303886, 0.7190027371093959, -1.564732177033461, -2.6813929880316434, 0.0002525354039936869
0.3055671876476504, 0.24061852966520175, 0.719094673456434, -1.5649063157762806, -2.6816321638566065, -4.129570419164102e-05
0.30558517404911045, 0.24064504321347865, 0.719075296414446, -1.5648518198571122, -2.6815358522722708, -2.7467548114795026e-06
0.3055790201039268, 0.24063832515369976, 0.719076985604739, -1.564830159536929, -2.681535861333965, -2.3233560347776744e-05
0.3055691189484274, 0.24063777360265876, 0.7190815589819871, -1.5648123367198163, -2.681506026212708, -4.610383171733186e-05
0.3055777548520724, 0.24065003765852586, 0.7190778561191693, -1.56483647472111, -2.6815473467125144, -3.9322211381469254e-05
0.30559488830768405, 0.24065277484942663, 0.7190701208415445, -1.5648625691063744, -2.6815169383384414, -2.3985991228002e-05
0.30558337089574616, 0.24062901052412494, 0.7190811762602607, -1.5648945362953703, -2.681499561039448, -4.16648094451282e-05
0.3055834087673894, 0.24065977308305977, 0.7190785022926329, -1.5648149485316911, -2.6815472634672277, -5.9813166638344716e-05
0.305573554797672, 0.24065165393169397, 0.719076846985958, -1.5647960567814807, -2.6815142514854498, -2.7335292138478466e-05
0.3055928335027608, 0.24065174435812253, 0.719075982852247, -1.5648403990514832, -2.681516128489116, -2.5279286720278592e-05
0.30556434530720855, 0.2406291695018774, 0.7190982804710393, -1.5648035081286853, -2.6815301311758266, -0.00011844131228626967
0.3055610489491744, 0.24061473522963236, 0.71911437268393, -1.5648343730156626, -2.6814745414458634, -0.00018066526155397148
0.30556967653851225, 0.2406423850653567, 0.7191019832905364, -1.5648258364797236, -2.68153233994254, -0.00013560683889706794
0.30555999409643464, 0.24062283328539633, 0.7191040662943723, -1.5647640061113388, -2.6815004966967613, -0.0001638958314345238
0.3055743918855444, 0.24064504600051895, 0.7190945207435444, -1.5648137131383526, -2.6815103088114745, -0.00012056028534797974
0.3055823786494873, 0.24063315269838795, 0.7190933486724386, -1.5648774616541512, -2.6814718152584187, -0.00010207829303703128
0.3055621453389235, 0.24062395685984467, 0.7191062798920915, -1.5648190457744677, -2.6814846049675247, -0.0001980314430648772
0.3055784100538797, 0.24062758703517323, 0.719097296226883, -1.5648143816977946, -2.681512414793114, -0.0001594838099580879
0.30558145117770225, 0.2406395887504277, 0.7190822096723253, -1.564844953493327, -2.681488278923837, -6.596241506905908e-05
0.30558517849418604, 0.24064665664887477, 0.7190794295701881, -1.5648222488073256, -2.681485241387372, -3.0401882010335627e-05
0.30558119395589894, 0.24063929022182937, 0.7190762691997901, -1.564778681955508, -2.6815206806061274, 2.5563894113684654e-05
0.30558044528643363, 0.24064185232095256, 0.7190915384718419, -1.564802020264357, -2.6814894840388823, -0.00012534737809240492
0.30556411761693636, 0.2406325502831965, 0.7191022916327138, -1.5647918489992716, -2.6815105734418068, -0.00014028243108582896
0.3055721362249244, 0.24064931704122952, 0.7190969374539553, -1.5647586076829445, -2.681489701000994, -0.00016493297268047592
0.3055750384060801, 0.24063271720613336, 0.7190912334080372, -1.5648947676483482, -2.6815007392623844, -5.87090736134987e-05
0.30557210402513063, 0.24060338131943548, 0.7191069628829881, -1.5648784200948849, -2.681475075023169, -0.0001587275343160928
0.3055891660213669, 0.24065218562102367, 0.7190797917906621, -1.564823609857567, -2.681488202373833, -8.644182345824244e-05
0.30557609423855314, 0.2406511670027817, 0.7190873478482716, -1.5648175584279735, -2.6814791464243974, -0.00010520815315174904
0.3055796532759628, 0.24063885633483298, 0.7190940123869455, -1.5648407840741867, -2.6814832322562023, -0.00015981341717511178
0.30557091140762777, 0.2406248120538098, 0.7191042621767998, -1.5648614256414373, -2.681482595138705, -0.00012162592467728806
0.30557811304925653, 0.24065001157987734, 0.7190902320289987, -1.5647895900669477, -2.6814678647712973, -0.00010964361460513487
0.3055771014364692, 0.24065235415406172, 0.7190849507959275, -1.5647769071685782, -2.681445079723365, -7.545942414669949e-05
0.30556812494956803, 0.2406381936175848, 0.7190880890817188, -1.5647915101068213, -2.6815082396779766, -0.00010417331694022982
0.30557662102751865, 0.2406248849012474, 0.7190887152880729, -1.5648851943115731, -2.6814095460919773, -7.203813229784594e-05
0.3055775530209832, 0.24064524812735588, 0.719092828268702, -1.5648104380610548, -2.6814305619752, -0.0001499212624122979
0.30558411366370936, 0.24065446406920576, 0.7190788684847329, -1.5648574813299907, -2.6813980577079986, -7.51752254425735e-05
0.3055742141350945, 0.24063875095323842, 0.719090794112863, -1.5647836446807242, -2.681457597890269, -0.00011202479929316159
0.3055707216288926, 0.240633855175078, 0.7190980031621457, -1.5648157538091352, -2.6814401018590193, -0.000129025872251972
0.30556362939800125, 0.2406470725513973, 0.7190873681369705, -1.5647821676610778, -2.6814546786943536, -5.393346147945167e-05
0.3055953022801485, 0.24065864456758201, 0.7190793922053405, -1.5648537103388163, -2.681429121846837, -9.123192853134239e-05
0.3055452081185969, 0.24062128585928033, 0.719110668050233, -1.56478386675255, -2.681461331198068, -0.00016523508129243943
0.3055849973023866, 0.2406423193828178, 0.7190960870440783, -1.564797449722088, -2.681483380009449, -0.0002014672152678654
0.30556653794173194, 0.2406393646322893, 0.7191058689132657, -1.5647732614122363, -2.681442368646338, -0.00020763481067608437
0.3055893749492752, 0.2406618937708996, 0.7190626096031195, -1.5648231428981962, -2.6814105093955676, 3.544801292013283e-05
0.3055711809644415, 0.24062870698186148, 0.7190941142435905, -1.564793516427634, -2.6814379344884047, -0.00011334015910795309
0.3055758143607512, 0.2406487248397377, 0.7190798531309719, -1.5647822008596655, -2.681453363974145, -3.6883804376494895e-05
0.30558111123552995, 0.24065975546544094, 0.7190881564574866, -1.5647562358069749, -2.6814471744812227, -0.00013353448177351408
0.30557893852922463, 0.2406435615037178, 0.7190786857022904, -1.5648038146153103, -2.6814532515937453, -1.709703079441196e-05
0.3055814771897435, 0.24065842873240456, 0.7190889548163759, -1.5648092455034999, -2.6814275699497454, -9.4678925320526e-05
0.30556252402055933, 0.24062423721992987, 0.7191112114595313, -1.5647945923131736, -2.681442477230174, -0.00018783750895272504
0.305573396518153, 0.24064715847309642, 0.7190905742721232, -1.5647775799170394, -2.681447251160505, -0.0001130550362245887
0.3055736209679769, 0.24064561488168232, 0.7190893612942876, -1.564799157559545, -2.6814472476746496, -9.182867287880404e-05
0.30556398961826386, 0.24063032016685082, 0.7190926625228944, -1.5648380957346975, -2.6814408165222687, -0.00012703782704934544
0.3055822998822227, 0.24065193112212493, 0.7190835629618313, -1.5647925967580814, -2.6814346774744884, -5.737219418839394e-05
0.3055856978132405, 0.24064901730097307, 0.7190765695140351, -1.5648404298831635, -2.6814054733588764, -3.860841898073296e-05
0.30558848670932415, 0.24066267257440815, 0.7190759253748309, -1.5648263659616235, -2.681455181173491, -3.279546914323582e-05
0.30555964917232686, 0.24064335032874568, 0.7190941142435905, -1.5647292650126579, -2.6814754263824763, -0.00011196493941020853
0.30556628505254435, 0.24061997493752746, 0.7191027150124626, -1.56481605051922, -2.6814412042910023, -0.00014813655496332428
0.3055681986234616, 0.24063411223650533, 0.7190888372377193, -1.564818752252749, -2.6814069506453793, -7.680838843623238e-05
0.3055743826102307, 0.24064478081303323, 0.7190958104363572, -1.5648864605722457, -2.6814138430668253, -0.00014444429213326756
0.30557325524437434, 0.24063344725959723, 0.7190938940709577, -1.5648195561005693, -2.6814089899133307, -0.00011435500734077192
0.3055712501607501, 0.24063648118086442, 0.7190938535431765, -1.5648417363230407, -2.68140978864045, -0.0001116222832605581
0.30556519947664446, 0.24063756603364503, 0.7190953268426363, -1.5647718375250956, -2.681438132484649, -0.00013317770346879
0.30557589756768005, 0.24063155998095903, 0.7190937721212379, -1.5648374916260683, -2.6814398931660897, -0.00010924432552136696
0.30556572481931793, 0.2406420292840433, 0.7190939755706998, -1.5648237202276463, -2.6813789313259826, -0.0001160453456504828
0.3055770852181855, 0.2406369335295708, 0.719093592782407, -1.564777281599197, -2.681447402243046, -0.00011369139329693067
0.30558842092211813, 0.24065306076377108, 0.7190733880414786, -1.5648484590033236, -2.6814560642193954, -3.218097786547949e-05
0.30558517240054817, 0.24064455411016875, 0.7190779209307298, -1.5648368132301145, -2.6814365066235157, -5.470567320744143e-05
0.30557607145738863, 0.24064902319742199, 0.7190857937991366, -1.5647682346158993, -2.6814677834890133, -0.0001301234017578348
0.305594513507482, 0.24065396125359378, 0.7190601930739159, -1.5648463582491, -2.681449723938756, 7.845462907193132e-05
0.3055697132195499, 0.24063436057371543, 0.7190899236754809, -1.5647931525614591, -2.6814368779902633, -9.422702483491779e-05
0.3055942839903662, 0.24065510181480498, 0.7190772602361063, -1.5648674058346965, -2.6813772723686093, -5.9474771306090056e-05
0.3055667809289738, 0.24061668087334026, 0.7191016694559837, -1.5648517737715102, -2.6813914872873155, -0.00013277831365659233
0.3055760476663611, 0.2406452649869055, 0.719090451956204, -1.5647955744944, -2.6814782574123948, -0.00010792767316676674
0.3055706847982942, 0.2406569220682581, 0.7190809800706617, -1.5647344993725705, -2.6814824431273543, -5.4970640073711356e-05
0.3055838031754808, 0.24066181159439554, 0.7190645465698334, -1.5647905679016096, -2.681428300105057, 5.388686668001826e-05
0.3055682677057163, 0.24064188643512788, 0.7190885765373085, -1.5647547760855685, -2.681444282197239, -7.749227222375326e-05
0.30562259809293446, 0.24070266880548047, 0.718946883241794, -1.564823731549984, -2.681401685722822, -5.92807910725279e-05
0.30559716804896364, 0.2406858249526403, 0.7173369682321669, -1.5648165354518586, -2.6813952339881566, 0.00012299240565800937
0.30561369623888845, 0.24070384029424768, 0.7158808877044271, -1.5648838790938986, -2.6813461251031554, 0.00031922453108812194
0.30557958914958977, 0.24066090608377003, 0.7144211943471981, -1.5648633504973328, -2.681411122913533, 0.00020772570713940855
0.3055433108957208, 0.24060542535140939, 0.7127648999637674, -1.5648087759656963, -2.6814022447427766, 2.5977303222040096e-05
0.30555897372006036, 0.2406532626864678, 0.7111466126893538, -1.5648302731413017, -2.6813739547718627, 0.00031903802081806017
0.30555058390784223, 0.24062286642056674, 0.709607490348703, -1.5648534628616066, -2.681364239576097, 0.0001249542092944831
0.30555458836429117, 0.24063495105322832, 0.7080331198459472, -1.564874748871276, -2.681303361944325, 0.0005044676807512922
0.30558446662361977, 0.2406926723495096, 0.7065060958660826, -1.5648794765130598, -2.6812918022246097, 0.0009260410248848757
0.3056014652317272, 0.24068377017149611, 0.7050032462346993, -1.5649291899315394, -2.6812582394881783, 0.0006730168303189905
0.30557351204708705, 0.24064505522847138, 0.7035405162298947, -1.5649089459918144, -2.681292596577708, 0.0006474060502523365
0.30557870524296493, 0.24064694439155862, 0.7019948009839492, -1.5648823037953454, -2.681306561833302, 0.0007697490595442054
0.3055970697793682, 0.24066693836979905, 0.7003695803526885, -1.564888098676591, -2.681262810564066, 0.0006459355873357405
0.30555875259556414, 0.24060184708787405, 0.6989244187549212, -1.5649069828701891, -2.68125931245979, 0.0004493716856354808
0.30554716437538104, 0.24057648697504067, 0.6973348304279998, -1.5649282177563761, -2.6812852774350384, 0.0004100690433261001
0.3055906602671662, 0.24064713513866423, 0.6955996149208232, -1.5648954305368201, -2.6812373101730893, 0.0006917380817525502
0.3055817578731978, 0.24060787650094015, 0.6941192578469718, -1.5649183561480808, -2.6811957319636774, 0.001031682346492747
0.305570653635251, 0.2405903360050867, 0.6925440767510641, -1.5650146807172065, -2.681132763232097, 0.0008565104405473345
0.3055639880372992, 0.24058296002209564, 0.6909467258008642, -1.5649768409845648, -2.6811698330665132, 0.0007745684757673501
0.3055783600157753, 0.24058005947936728, 0.689297899228761, -1.5651382592374794, -2.681100735714818, 0.0007524499345762793
0.30552809775377077, 0.2405209935616566, 0.6878411135693155, -1.5650942505181484, -2.681142682380373, 0.0004640054058896104
0.30553266891298464, 0.24048546758263376, 0.6860973630543673, -1.5651406079858825, -2.681088266100398, 0.0008051447793712227
0.3055630879403596, 0.24054655756392007, 0.6846126985088713, -1.5651370968919807, -2.6810803060890787, 0.0009084251370623921
0.3055649058547461, 0.24054677251154008, 0.6830172965965208, -1.5651826362142072, -2.6810413517833704, 0.0008430494544571577
0.30554562722187817, 0.24051535697872528, 0.681498435526662, -1.5651249361800172, -2.6810960887602873, 0.0004984220918048153
0.30554808762156177, 0.24050696333856392, 0.6799458648691308, -1.5651655737352594, -2.6810479502772018, 0.0008219622259477435
0.30557534598647523, 0.24051042880701964, 0.6783373473136453, -1.5652300842818605, -2.6811156718651046, 0.0008808033865623549
0.3055925094471479, 0.24053945661961115, 0.6768691489491724, -1.5651981354269635, -2.681176125003595, 0.0008557964965023706
0.30557166012687015, 0.2404948527289311, 0.6752092577149945, -1.5652254963893526, -2.6811767367717967, 0.0009978944860827294
0.3055583702104781, 0.2404760364302652, 0.6736236926358671, -1.5652300158506778, -2.6812566367547843, 0.000999141585992358
0.3055850976511178, 0.2404994071214235, 0.6719685207040722, -1.5653004422697592, -2.681299495998647, 0.0007767119194270772
0.30560797848974103, 0.24051004021786979, 0.6705319632549881, -1.5653687206529192, -2.681502276343166, 0.0006851091005781201
0.30557875328739303, 0.2404171106249005, 0.6689318185998893, -1.5655413854734408, -2.6814646410774037, 0.0007758921615220479
0.3055186790446808, 0.24037049648401143, 0.6672270092270991, -1.5653947875626897, -2.681508830533282, 0.00016297395417468196
0.30553791455401347, 0.2403659748461618, 0.6655821413117525, -1.565469233997206, -2.6814823978923656, 0.00032194627802169327
0.3055674852205098, 0.24039846517859267, 0.6639302152635105, -1.5654289019632324, -2.681481844247135, 0.00027130615294469865
0.3055060994929554, 0.2403117373583553, 0.6623791244174345, -1.5654830604427652, -2.681434419820853, 0.0001092269158401499
0.3055235444916885, 0.24033700953684, 0.6607458401313258, -1.5655389884350392, -2.6814171186821407, 0.00010231672793185351
0.3055246421633962, 0.24030871952645202, 0.6592388384480734, -1.5656096524667553, -2.6814005419209863, -3.735220208945258e-05
0.3055126887296388, 0.2402758637645456, 0.6576653095505866, -1.5655015145623175, -2.6814754904083626, 0.00021232537606138694
0.30524307393746203, 0.23991457769758018, 0.6566053622453973, -1.5655313106417679, -2.68131443971297, -0.002545097030028474
0.3046477541074831, 0.2391027109943187, 0.6562663795103164, -1.5655494816938071, -2.681434336051981, -0.006523172517312303
0.3045753326634653, 0.2390106031240251, 0.6558112465187974, -1.5654019157150696, -2.681508807166731, -0.008225049599757148
0.30454222239345746, 0.23894747951653622, 0.6557968304329538, -1.5654530476080222, -2.681562866853307, -0.008438009878258556
0.30461980609723555, 0.23903436235732567, 0.656135931837544, -1.5655010528792404, -2.681470359664115, -0.007683496115959938
0.3046960995275499, 0.2391257879844623, 0.6565576450082058, -1.5654443085603198, -2.681608557193266, -0.006758733600643019
0.30481190624858656, 0.23925277841832604, 0.6568828016078984, -1.565518836939422, -2.68159571279158, -0.0059733562064337485
0.30483718692344347, 0.23927504382135897, 0.6568956747937389, -1.5655580127051425, -2.6815831304198308, -0.0055051539659708775
0.30483308254948804, 0.23928020479098377, 0.6567382123345396, -1.5655120929755602, -2.681578130340465, -0.00627567466916684
0.3047553206377711, 0.23918473062871873, 0.6565384743376751, -1.5653834612750834, -2.6816186473959243, -0.007214009127424613
0.30462832785478333, 0.2390072844478056, 0.6564537823912261, -1.5654002760732906, -2.6816239240281483, -0.008275582292820287
0.3045848986601269, 0.23895053801146493, 0.6563914890416775, -1.5653303350274859, -2.6816521072694477, -0.008502306255687951
0.30456615979788015, 0.2389188288935307, 0.6563501999932906, -1.5653695896766067, -2.6816830440523365, -0.008682636601302895
0.30455500273181213, 0.23892640470167903, 0.6563845995547851, -1.565248814402827, -2.6817327462559204, -0.008368104604999876
0.3045925947134986, 0.23895989444571636, 0.6564374571178344, -1.5652662329295495, -2.681721923256273, -0.007938761336445494
0.3045999487206578, 0.23896630328978186, 0.6565097072948614, -1.5652758124706583, -2.6817427371022937, -0.007918355209059666
0.30461451806713086, 0.23895620061590322, 0.6565449713921796, -1.5653144432339066, -2.6817743039836968, -0.00789400880263939
0.30461109718186186, 0.23896481722117377, 0.6565373427994853, -1.5651941065725978, -2.6818633671711343, -0.007968129847304209
0.3045869696930441, 0.23892732822220678, 0.6565064030229207, -1.5651685202185475, -2.6818569322698997, -0.008064010578234453
0.3045714730897206, 0.23892644764140425, 0.6564699900961998, -1.56515836041184, -2.681841078600218, -0.008364959483090554
0.3045630690042282, 0.2389298835110991, 0.656397535283555, -1.5651702178612568, -2.68178372023769, -0.008444215069507963
0.3045537952250496, 0.2388884632041733, 0.6563994763124664, -1.565109571314371, -2.681867086680239, -0.00853571229591034
0.30456372413434646, 0.23888726831663126, 0.656429998204709, -1.5651918184734555, -2.6819369893440856, -0.008632634363351047
0.30456941295982454, 0.23888978758724277, 0.6564250299495739, -1.5652193860624932, -2.682021158457101, -0.008675611079607393
0.30460390367473644, 0.23891890556767692, 0.6564020892177465, -1.565260624183096, -2.6820910808861034, -0.008833415195582154
0.30459284532814196, 0.23891133441332446, 0.6563561496351963, -1.5651941508903526, -2.682120190693832, -0.00868513289362123
0.30456595597611225, 0.2388737330378679, 0.656366942358393, -1.5652476201439725, -2.6821061046867394, -0.008944421074822953
0.30456453075874784, 0.23886410699821647, 0.6563601499417656, -1.5652646709875804, -2.682098594503814, -0.008980891526055126
0.3045661410186804, 0.23887763123556524, 0.6563971494194774, -1.5651549961058713, -2.682135013104331, -0.008984927455635646
0.3045478098869796, 0.2388386252833804, 0.6564581701958015, -1.565211265400187, -2.682088504536137, -0.008988075992849863
0.30454652358893164, 0.23885042096766992, 0.6564142024162376, -1.565215022314583, -2.6820901718596413, -0.00883681468946939
0.30455950657384473, 0.23884600285904073, 0.6563874308249295, -1.5652328134167497, -2.6821918966128657, -0.008843603684883225
0.3045408211936168, 0.23882565581636428, 0.6563768730462319, -1.5651630196872572, -2.6822610894216234, -0.009063412448239489
0.30452614247020376, 0.23876707862672716, 0.6563848148908844, -1.565257628298668, -2.6822809479739544, -0.009355081306313186
0.30452406303040985, 0.23877561155728827, 0.6563899621291043, -1.5651621618411924, -2.682300533783977, -0.009228980855645276
0.3045298092317384, 0.23876824723353418, 0.6563722348049338, -1.5652310669903151, -2.6822725908500504, -0.009414832758666284
0.3045333958275541, 0.23878285292628645, 0.6563488804985498, -1.5651102339332763, -2.682319753010809, -0.009269251136087151
0.3045245480332942, 0.2387700440923393, 0.656376563414102, -1.5651416351073415, -2.682270489028093, -0.009645973954969621
0.30450878910672396, 0.23874821881264677, 0.6563681129163613, -1.565139137953113, -2.6822647642052586, -0.009536083854602537
0.30451763192682807, 0.23873987129569393, 0.6563525971911621, -1.5651209828820656, -2.682303544403604, -0.009328687703105212
0.30454920827444065, 0.23874013986959694, 0.6563620206408224, -1.5652236754202278, -2.6822987053965783, -0.009528749059508993
0.30452650919436114, 0.23872214035695918, 0.6563441605126459, -1.5651600484478936, -2.6824110261296554, -0.00961309542211191
0.3045170528657007, 0.2386915308377307, 0.6563381877574415, -1.5652271977457726, -2.682345157753811, -0.009840545799803447
0.30449961464840647, 0.23868635444982977, 0.6563035376177689, -1.5651163843874136, -2.682450981260761, -0.010041337207894454
0.30449808726644806, 0.238670768051552, 0.6563047968371123, -1.5651285957885872, -2.68243738281672, -0.01015468826242929
0.3044795448403256, 0.23863168732003792, 0.6563221627408632, -1.5651481004836107, -2.6824737410919095, -0.010243114212063639
0.3044655628823746, 0.23861222448554037, 0.656311080112459, -1.5651335160644333, -2.6824859721949217, -0.01029875434216851
0.3044642021865004, 0.2386085113420373, 0.6562805535041942, -1.5651427578123442, -2.682501215902767, -0.010407734482579537
0.30446420990259443, 0.238610163336984, 0.6562521705834429, -1.5651441523559337, -2.6825053701585415, -0.010688177419309278
0.30445542103996365, 0.23858485973721863, 0.6562646296395861, -1.5650946429807298, -2.682569431114787, -0.010592173765843376
0.3044824922625276, 0.23860956027397867, 0.6562232004824808, -1.5651707708443827, -2.682621656569842, -0.010578791825608358
0.3044148879667746, 0.23850784621651183, 0.6562299260604988, -1.5651383566818853, -2.6827216720912004, -0.010962659694416838
0.3044385681060705, 0.23852925993493984, 0.6562343565404992, -1.565172195749951, -2.6827453236763605, -0.011200765604151957
0.30442209804836384, 0.23851574915132542, 0.656202208870114, -1.565042638831833, -2.6828195662088055, -0.01138885410765925
0.30439713070690594, 0.2384505108376937, 0.6562029619774471, -1.5651221220382856, -2.6828504908580206, -0.011717112232611395
0.30435815927982357, 0.23841684293784204, 0.6562019561894809, -1.5650809854537926, -2.6828606422022143, -0.012147162910765391
0.30431274926725627, 0.2383612442112827, 0.6561439118892963, -1.5650551269923965, -2.682891476112316, -0.012386877809803592
0.30427978526319804, 0.2383074058997491, 0.6561138230939848, -1.5649912669312884, -2.682896789067226, -0.012747845917795788
0.30428857267208675, 0.23832151769946278, 0.6561358880812256, -1.5650763665700476, -2.6828979792992107, -0.012890469967720855
0.3042940925229852, 0.23831788036973403, 0.6561095461176311, -1.5650582720537507, -2.6829387156805944, -0.01292378912267112
0.304278933159191, 0.2382702399860322, 0.6561229060423749, -1.5651793475291453, -2.6829666243723502, -0.013155158064016759
0.3042601592246668, 0.23821764415782304, 0.6560870107050396, -1.5651590589623035, -2.6830030877466093, -0.013099052744774341
0.30425383861723254, 0.23818214924016415, 0.6560955470571275, -1.565159356921793, -2.6830441444742914, -0.01330152735150376
0.30425578503645867, 0.23821133599293565, 0.6560734483410567, -1.5651031293738003, -2.683058671795447, -0.01345149346246502
0.3042533313269389, 0.23821200358698622, 0.6560428995386123, -1.5650799164594789, -2.683087971495388, -0.013263673160530936
0.3042296764471985, 0.23816761289013982, 0.6560240306037373, -1.5650846570993948, -2.6830601271387633, -0.013303473517049389
0.30424793760124025, 0.23818389512478674, 0.6559876042623557, -1.565015339227065, -2.6831581389923858, -0.013112520210983003
0.30422883132405654, 0.23818375521405669, 0.6560338157686771, -1.5650044746254832, -2.68314481292151, -0.013243030136196664
0.3042410195138884, 0.23819355189714772, 0.6560152931721459, -1.5649572281009085, -2.683205080276977, -0.012885664919231944
0.3042505253054251, 0.23818020943907153, 0.6560453017114687, -1.564998312772616, -2.68320175715127, -0.012772907746717906
0.3042394749944017, 0.23816857656410567, 0.6560772211911826, -1.5649810230742434, -2.683250265251112, -0.012936187886135328
0.3042610715617583, 0.238191131914847, 0.6560446797258374, -1.5650114080356938, -2.683224123562928, -0.012806378431615386
0.3042660416554106, 0.23816943437637444, 0.6560026524018512, -1.565089807442285, -2.683173168070405, -0.012938918036009927
0.304263382506006, 0.23817884060182887, 0.6559972343637661, -1.5650100677465764, -2.683185586382045, -0.013055346140026914
0.30426920654900563, 0.23817377771545467, 0.6559889410642622, -1.56502856641177, -2.683216250947909, -0.013050149275358454
0.30426695161380335, 0.23817416841276937, 0.6560238121977765, -1.5650518853036133, -2.683186946744187, -0.013239526482927392
0.3042712170659775, 0.23818596042310675, 0.6559841092040399, -1.5650414574473897, -2.683202023282895, -0.013162252069655498
0.30427717496131784, 0.23816175999267175, 0.6559442768463898, -1.5650906948255379, -2.6831382657582634, -0.013263050650792618
0.3042497742480006, 0.2381200945353157, 0.6559200073450605, -1.565148355667288, -2.683123735620272, -0.013128068593922269
0.3042659626079611, 0.23813127295374104, 0.6559106115253004, -1.5651455040950732, -2.6831543822933277, -0.013144084613674308
0.304267346794202, 0.23811023666978745, 0.6559259716797324, -1.5651483626250624, -2.6831626611497024, -0.013294320567237498
0.30427824042453694, 0.23812003638248122, 0.6558921705245854, -1.5651295367719928, -2.6831984212041777, -0.013029459119370168
0.30427339701216255, 0.2380943950036897, 0.6558542340154861, -1.5651749055534703, -2.6831998783382165, -0.013028173250936604
0.30424745149875887, 0.23807915973521224, 0.6558705763329216, -1.5650271268032563, -2.683243608180581, -0.013016165317877767
0.3042711756867466, 0.23809487469187457, 0.655871621265884, -1.5649894406850402, -2.683291844779806, -0.013201914112363532
0.30428782842779617, 0.23811813622331746, 0.655829800694994, -1.5649892594840136, -2.6832871340707, -0.013127428602156247
0.30430526390265555, 0.23810421852557384, 0.6558333754344561, -1.565024400109843, -2.683275461596431, -0.01325914796048999
0.30430861931351555, 0.23811285791181913, 0.6558405254278374, -1.5649228132353659, -2.683282039346992, -0.012874737385789347
0.3043267827912969, 0.2381077435035962, 0.6558446080220726, -1.564981958132719, -2.683311454215693, -0.012999031522474728
0.3043251989976127, 0.23811110456607626, 0.655843341556784, -1.564994203882349, -2.6833349993183067, -0.013257046462630014
0.30434436741978843, 0.23811530432929526, 0.6557938752615395, -1.5650157651625447, -2.6833658829973905, -0.01306563117478496
0.304320292826533, 0.23808521925119533, 0.6557576451232799, -1.565001474158132, -2.6833839456118516, -0.013642555172732848
0.3043164679463802, 0.23808931414354884, 0.6557732275113601, -1.5648676873426708, -2.6834521002234224, -0.013703039447254454
0.3043239569567105, 0.2380714700245295, 0.655750747742681, -1.5649792272114256, -2.6834177500282497, -0.013530441073551914
0.3043321529223061, 0.2380904718574698, 0.6557303318473543, -1.5649165217118601, -2.6834568314500653, -0.013567992193325815
0.30430099749083117, 0.23806782350837108, 0.6558121216484625, -1.5648622131897885, -2.683521335145856, -0.01386289182903502
0.3043267627763375, 0.23805853923150538, 0.6558022220630607, -1.5649855292281254, -2.6835432461818636, -0.0135897737159924
0.3043202930538459, 0.23805703071837145, 0.655800024842203, -1.5650538367294191, -2.6835151121630667, -0.013773721528182084
0.30432375538612466, 0.23801658025878064, 0.6556975558443938, -1.5651022566144395, -2.6835584613022596, -0.014008817942566257
0.304304297736406, 0.23799314628157303, 0.6556961032009766, -1.5651578922538902, -2.683508962219011, -0.014177655459862028
0.30428868326574715, 0.2379827643862148, 0.6557006754872675, -1.5651114465585034, -2.683580474578702, -0.014433909147449296
0.30429126442246035, 0.2379709576041496, 0.6557558338208157, -1.5651608572798785, -2.683560027589271, -0.014564066121602859
0.3042937027211389, 0.23795929556155906, 0.655760094293937, -1.5651049902952572, -2.6836495110581917, -0.014577947014450659
0.3042915601210759, 0.2379217353406168, 0.6557313306718575, -1.565199226939372, -2.683592402364834, -0.014972933915227134
0.30427952390266966, 0.23793350414747877, 0.6556856057071377, -1.5650678734838501, -2.6837006434027257, -0.015247495368064306
0.3042674367823396, 0.2378727780989868, 0.6556865976286426, -1.5651941146038202, -2.6836243656997225, -0.015417948504900953
0.3042799978408039, 0.23785965349167376, 0.6556690387515746, -1.565039805723494, -2.6837322804954393, -0.015683498075943637
0.3042792692905, 0.23783787559199157, 0.6556463126762213, -1.5651398980631055, -2.683718875616539, -0.0157341321214153
0.3042882476040283, 0.23781425004242693, 0.6556264502252557, -1.56527849268708, -2.6836208449264536, -0.015680811473820357
0.3042952826872981, 0.23779931102967486, 0.6556056710650761, -1.5653351616111881, -2.683606470243956, -0.015753128098955876
0.30429172139006644, 0.23778673070145132, 0.6556109231392452, -1.5653358936200354, -2.6836086038611477, -0.015791396474053733
0.304298376098396, 0.23776919877737493, 0.6555945079585417, -1.5654238797245426, -2.683539286343138, -0.015943022750843687
0.30428850990322837, 0.23776500124762345, 0.6555862192144084, -1.5653198414098308, -2.6835829314440103, -0.015889958313557367
0.30428355160079823, 0.23773345756406672, 0.6556589181595222, -1.5654150718243562, -2.6836035751465688, -0.015994269125783032
0.3043066999109238, 0.23776559669866842, 0.6556170360493604, -1.5653721750250844, -2.6835627893826968, -0.015834633568239945
0.30431091080494915, 0.2377581507740019, 0.6555693887335331, -1.56535227054743, -2.6835622012711076, -0.015855667276000542
0.30427471139755446, 0.2376962210991318, 0.6555016943428409, -1.5653993069820769, -2.6835347111027668, -0.01628509671842249
0.30426537215967436, 0.23767558865759916, 0.65547248133234, -1.5654038680506122, -2.6835428995676325, -0.016451742064578057
0.30427566203858236, 0.2376861857517587, 0.6554647547187467, -1.56533551781298, -2.6836096187795033, -0.016432249946788834
0.3042671168700571, 0.23765907948775813, 0.6554807543736879, -1.5653518963640827, -2.683602653485621, -0.01647009768742463
0.3042559264756546, 0.23765101948035255, 0.6554977543881839, -1.5653085267995994, -2.6835656530024807, -0.016366583573614896
0.30427906423790474, 0.23766056173092326, 0.6554722165664157, -1.5653967389127799, -2.683565828323524, -0.016302954612264043
0.30428008231943093, 0.23764120872681013, 0.6554709459707996, -1.5653697093330692, -2.6835539618186917, -0.016084870337425585
0.3043069624394548, 0.2376350373637242, 0.6554520242264934, -1.5654834834731606, -2.6835246052968778, -0.016006519721354355
0.3043031474478886, 0.23764500035132732, 0.6554443710304546, -1.565433916205299, -2.6835487598204715, -0.01593315772063035
0.30431853894231997, 0.2376376227810813, 0.655445548318844, -1.5654670268233108, -2.683534983027797, -0.016232666955270626
0.30431811544422294, 0.23763708275086995, 0.6554615796384425, -1.5654780557742236, -2.6835932501739976, -0.016373786460647105
0.30430452715156314, 0.23760115588957806, 0.6554434964707916, -1.5655478646017547, -2.6836420087455486, -0.016680994699934518
0.3042952933221281, 0.23756923017239756, 0.6554380750911967, -1.5656311561635858, -2.683641269100403, -0.016992617213447865
0.3042958503798222, 0.23754327752469603, 0.6553840734376599, -1.565544641165771, -2.683674602748833, -0.0171477838651217
0.3042651339673739, 0.23751958889737446, 0.6553755375783221, -1.565578697320486, -2.683699686374202, -0.0174202555001679
0.30425238643466784, 0.23749990452377326, 0.6553614856433884, -1.5655767796637254, -2.68365945571181, -0.017426443727561462
0.30425147743457437, 0.23748322414137274, 0.6554029629326309, -1.5655636562770436, -2.6836792173774238, -0.017612502730519293
0.30426319464577684, 0.23749566251426873, 0.6553853760631879, -1.5655830053725848, -2.6836367172642, -0.017559855731122665
0.3042752551539195, 0.23750113684276344, 0.6553653538490047, -1.5655314411238572, -2.683693725718192, -0.01753993477199976
0.30427942194138574, 0.23745948800481553, 0.655408975346246, -1.565669537474351, -2.6836427171199846, -0.017780752292671544
0.30430753942671634, 0.23746446058661197, 0.6553861641876817, -1.565634581626524, -2.6836904165418747, -0.017762439098308956
0.3043198953936019, 0.2374947144998497, 0.6553557095055333, -1.5655554378141765, -2.6837034629053687, -0.01789737116502416
0.30430594792351523, 0.2374451175279121, 0.6552937898077807, -1.565604969500114, -2.6836739290593044, -0.017880532594046344
0.30429532681786187, 0.23741315136984625, 0.6552640081395583, -1.5656218447927241, -2.6836290233080833, -0.017979903648950548
0.30429891312225893, 0.23739527637647892, 0.6552735194501218, -1.5657026574238015, -2.6835843531344556, -0.018017854693759775
0.3043115476220595, 0.2374244349643353, 0.6552413598343667, -1.5656493063173211, -2.683635967728015, -0.01790229709723068
0.30430791042714117, 0.23740969676622642, 0.6552547322944942, -1.5656796316295658, -2.683579227702049, -0.017945384886990073
0.30431059126137316, 0.23740803004607713, 0.6552378874126338, -1.5656774363672272, -2.68360785736736, -0.017717010942945397
0.30430997440038215, 0.23739577879153495, 0.6552572592776913, -1.5656772314241498, -2.683571071612018, -0.017573101662938406
0.30431985101825326, 0.23740397631605142, 0.6552471742860091, -1.5657428159443878, -2.6835704214627913, -0.017511674845757812
0.3043317609418762, 0.2373940199589325, 0.6552433337646216, -1.5658200408454883, -2.6835531511313655, -0.017508885042231033
0.30433554835069343, 0.23740469443667087, 0.6552568587483097, -1.565756334093552, -2.683558618852654, -0.01766328963526939
0.3043428518875949, 0.23741477160807395, 0.6552287261528761, -1.565776152006878, -2.6835552569660988, -0.01779209546474759
0.3043683214251142, 0.23741229410931255, 0.655201122701546, -1.5658865291053023, -2.6834804810295747, -0.017627057909902485
0.30437873807740207, 0.23739997011847216, 0.6552056243142768, -1.5658772061866426, -2.6834683791984837, -0.017781374481469343
0.3043746573361915, 0.23737327340778952, 0.6552360699826341, -1.5659041006957373, -2.6834438080753786, -0.017858153613527085
0.3043806119676194, 0.23737576732961835, 0.6552197677437581, -1.56581956244833, -2.683483533169388, -0.0179181985256509
0.3043978152141573, 0.23738261619738207, 0.6552193719471596, -1.5658571619079458, -2.683473067857629, -0.01787951722178573
0.3043990052679636, 0.23738418920043336, 0.6552175588706938, -1.565683507673958, -2.6835823269651686, -0.01799373130407011
0.30438823191436615, 0.2373787110321704, 0.6552043881699483, -1.56567761163303, -2.6835719446134187, -0.01799553014729644
0.30440282687051734, 0.2373688821660744, 0.6551529880199374, -1.5657825099714668, -2.6835625758711914, -0.017932935786798818
0.3043954973322873, 0.23736417731643877, 0.6551676780518739, -1.5656379902162105, -2.683614296751017, -0.01807052208355994
0.3043945430471081, 0.23737055970325854, 0.6551524420587356, -1.5656031510020856, -2.6836262824966575, -0.017939941675763165
0.30438269747150837, 0.2373313427846111, 0.6551776910448568, -1.56560255550201, -2.683627201180754, -0.017943331073173144
0.30438770200724646, 0.23735912509978746, 0.6551686347359472, -1.5656430065375444, -2.6836227523367984, -0.01803126158681047
0.30439331789969526, 0.23735177272208852, 0.6551514682174652, -1.5655469919402656, -2.6836783934145583, -0.018016044281511653
0.3043674137929446, 0.23731365947385005, 0.6551940944592194, -1.5656114716860958, -2.6836108682719626, -0.018205394925328834
0.30439274347186984, 0.23730350640534387, 0.6551779278181266, -1.5657308416089477, -2.683590919095738, -0.018107606718879607
0.30441576051835517, 0.23729948699627257, 0.6551617344279665, -1.565765609837665, -2.6836114355666654, -0.01808479406186478
0.3043992021817855, 0.23725546306578407, 0.6551320252948684, -1.5657197776534872, -2.6836464957137776, -0.018423630509629217
0.3044019175390168, 0.2372499242731123, 0.655133618909727, -1.5657347022299495, -2.6837093905848506, -0.018452253671273677
0.3044139371123598, 0.23726310940747566, 0.6551073795550069, -1.5657415478746053, -2.683715243107019, -0.01817067226808612
0.3044004989836517, 0.23725969302887198, 0.6551222316779779, -1.5656911184008075, -2.683739806409194, -0.01809582251173421
0.3044132872957721, 0.2372228299029631, 0.6551405390105041, -1.5658563208367164, -2.683763352538378, -0.0180075156425549
0.3044034297634441, 0.23722266281600016, 0.6551606760297098, -1.5658684240166598, -2.683821542454407, -0.01794270904516944
0.304427299609435, 0.23724631745732508, 0.6551335938649888, -1.5658606024954358, -2.683842400042708, -0.017978126680420706
0.30444681215315095, 0.23724485430210396, 0.6551058634626776, -1.5659212360626975, -2.683797202796765, -0.018037203166954695
0.3044411407964402, 0.23724450392678792, 0.6550891648365512, -1.565860716928528, -2.6838421621166964, -0.01818541645795903
0.3044324191759148, 0.23723228930768553, 0.6550831276425771, -1.5659002997117228, -2.6837623917101867, -0.018173954320161133
0.30445226861137226, 0.23723518969491061, 0.6550612994289009, -1.5659559617324281, -2.683745180816574, -0.018190905905601976
0.3044382980271681, 0.23721984636791424, 0.6550649861601862, -1.5659475134260066, -2.683765818420255, -0.018001940221729327
0.3044283544588575, 0.23718905679766042, 0.6551267350934438, -1.5659640766502398, -2.6837606562968084, -0.0178521099209436
0.30443290851893295, 0.23719127889841488, 0.6551431945638437, -1.566006088827434, -2.683726151960241, -0.018134147938248062
0.3044433969941813, 0.23722679451213413, 0.6550448392737585, -1.5659205642716212, -2.683794776142169, -0.01820623639438348
0.30443937478031946, 0.23719089181992983, 0.6550543161449329, -1.5659817646350924, -2.683828907485265, -0.018422723148592727
0.304435653186371, 0.2372028035673843, 0.6550181716414867, -1.5658002976367298, -2.6839215940621184, -0.01842593723901709
0.3044331926849181, 0.2371615041590254, 0.6549983680146322, -1.565926041284046, -2.68391682157629, -0.01862408803923304
0.30441702253802205, 0.23713535917378642, 0.6550205425989956, -1.565985893407813, -2.683910482537485, -0.018638126012309218
0.30440541399190874, 0.23710603166719083, 0.6550372178183156, -1.5660516770571906, -2.6839913251749605, -0.018977742279917286
0.30440598174717237, 0.23710876618071453, 0.6549987636487603, -1.5659976787634784, -2.684006843247024, -0.01894279704224797
0.30438237492361975, 0.23708339209905188, 0.6549805598975526, -1.56594540796334, -2.68399295062016, -0.01911705698119353
0.3043928582125809, 0.2370395751271837, 0.6549611164869897, -1.5660759394401274, -2.6839576356328396, -0.019095678179626104
0.3043929558543642, 0.23703798535340295, 0.654958789816773, -1.5660779255268624, -2.6839585378960815, -0.018908736983863115
0.30439660935684787, 0.2370486020615437, 0.6549712280389071, -1.5660589576010697, -2.6839269152954492, -0.018896192984913383
0.3044028235408233, 0.2370533971174124, 0.6549791764661664, -1.5660416572417117, -2.683973089290516, -0.01902326658697942
0.3043959078606123, 0.23703420315263482, 0.6549926926201328, -1.5660227353355898, -2.6839418494199605, -0.01901048875865774
0.3044231487705841, 0.2370417254376848, 0.6549729205102403, -1.5660339707155069, -2.683998265789254, -0.01911728564505507
0.304431528692613, 0.23701734216054224, 0.6549648790421759, -1.5661531960521464, -2.683981017726848, -0.01927877357143962
0.3044495588378707, 0.23701576950593026, 0.654965149055935, -1.5660718377573046, -2.6840654128168984, -0.019409028814444285
0.30442904132196064, 0.236989001608858, 0.6549340213502037, -1.5659973024957403, -2.6840497218049264, -0.01956753741749193
0.3044146234478398, 0.23696317518770388, 0.6549070924804864, -1.5660933702642934, -2.6839936341084663, -0.019789361582025083
0.3044174760922221, 0.23694261426415117, 0.6548897098562808, -1.5660983917985554, -2.6840004452770367, -0.01971574771297815
0.30441021295258175, 0.23692880375687614, 0.6548741879966633, -1.566097135846194, -2.6840360516949167, -0.01982405432940372
0.3043861481179938, 0.23688413024336916, 0.6548499162953758, -1.5660683134077034, -2.6840221399809776, -0.019772242799548836
0.3043909280637982, 0.23687385038298944, 0.6548527441268047, -1.566134740296833, -2.6839867215486013, -0.01960522355604824
0.30439178654254, 0.23686958628501123, 0.6548531218734617, -1.566085839127485, -2.684048690618732, -0.019471464099205103
0.30440663928883654, 0.23685582565315733, 0.6548711917129277, -1.5661255823359264, -2.6840090789824074, -0.019643889295106395
0.30441519992538674, 0.23682975250270166, 0.6548893947873059, -1.5661247437893504, -2.684009229882298, -0.019628612271237977
0.3044075806590781, 0.23682696316560192, 0.6548761393441226, -1.5660879564689258, -2.6840165187356266, -0.01940650156263486
0.30439926280920043, 0.23681137713575087, 0.6549074394054571, -1.5660150778747706, -2.6840461003255127, -0.01963395945662035
0.3044382985879672, 0.23685049087310803, 0.6548549792818474, -1.566092146765546, -2.6839856559757735, -0.019393115593830505
0.3044398505114409, 0.23685076977526104, 0.6548265312564493, -1.5661333480051156, -2.6839800493402546, -0.01946379610055078
0.3044307976681426, 0.2368323653472848, 0.6548149034577743, -1.5661008842791106, -2.684002103981637, -0.019726541170142647
0.3044246027345308, 0.23684277300713125, 0.6548139852547317, -1.5660660095320331, -2.68405336937583, -0.019777487383643322
0.3044374640262502, 0.23681533719038225, 0.654803185443009, -1.566150047046508, -2.68393783760915, -0.019601379392574947
0.30444381504239504, 0.23681479367821565, 0.6548084202631844, -1.5660408343163739, -2.6840077473722803, -0.019472653320644642
0.3044268871821046, 0.2367875002916664, 0.6548643904564908, -1.5660403175014073, -2.6839734064554728, -0.019366457475307675
0.3044415377190348, 0.23679289229369457, 0.6548359191164747, -1.5660823197825855, -2.683928736760738, -0.01905097806169415
0.30441054777945176, 0.23676143379065398, 0.6548667602688409, -1.566044542121845, -2.683977164255053, -0.019028736063334595
0.3044286758194663, 0.2367790626356903, 0.6548205819890095, -1.5660442980003673, -2.683972718470153, -0.0189548685736212
0.3044342373764668, 0.23679800079426058, 0.6547951167550882, -1.5660030863087309, -2.6839751173521633, -0.019051304116408443
0.3044403795622318, 0.23681411368259758, 0.6547496756035529, -1.5660052416720474, -2.6839760178337984, -0.019086101010321228
0.30443405237768306, 0.23679207785899442, 0.6547214888196324, -1.5659527963002082, -2.6839958875565793, -0.019126935950675578
0.3044086978046399, 0.2367740094993444, 0.6547549794480612, -1.5657509130223248, -2.684095741022686, -0.019058155350621865
0.3044152642588922, 0.23677561567992703, 0.6547453652328287, -1.5657648520641565, -2.6840805794899785, -0.018947799201169117
0.30443138658017477, 0.2367525531258782, 0.6547661584128153, -1.5658579194706215, -2.6840183408171545, -0.01881910478806855
0.3044578027055251, 0.2367816294370124, 0.6547692048060033, -1.565870514545696, -2.6840003146223173, -0.01865342108843116
0.30444354157088527, 0.2367866029009912, 0.6547772645173306, -1.5658244385757667, -2.6840695810034214, -0.018665388358593892
0.30445739119513476, 0.23678666776566404, 0.6547764989418662, -1.5658795530980383, -2.684017071660784, -0.018780162973084744
0.30445488063217674, 0.23680010163896517, 0.6547441007229952, -1.5658469062739195, -2.684035266966454, -0.018985658317829758
0.3044487544589536, 0.23679356656488124, 0.6546973461434678, -1.5658068088322414, -2.6841134806893097, -0.019184015907325228
0.30446588205701297, 0.23678692316137634, 0.6546789905765986, -1.5658444270683023, -2.6840283789795105, -0.01906225319120993
0.30446328525931904, 0.23680793398787042, 0.6547005309401622, -1.565769119034045, -2.6841230667008493, -0.019205479783322987
0.3044493061382236, 0.23680746009267467, 0.6546984758424516, -1.5656757294590997, -2.6841488269543303, -0.01919081465937611
0.3044550125738978, 0.23677566189475466, 0.6547170783218529, -1.5657437382861128, -2.684118742014055, -0.01911645684187248
0.30446485381343696, 0.23679128542581995, 0.6547013977151398, -1.5657799848029055, -2.6841422910556494, -0.019165666282375555
0.30448395657386823, 0.23680256266642052, 0.6546998576130131, -1.5657483323154864, -2.6841613207620765, -0.01916905590936961
0.30447407701789064, 0.23678696727817397, 0.6546959778547811, -1.5657087159591123, -2.6842057175697227, -0.019278945184963897
0.30447433810042857, 0.23678750732461107, 0.65465534321956, -1.5656716521541523, -2.6842876280873456, -0.019347191242394306
0.30450020016694773, 0.23680067416251066, 0.6546395953617868, -1.5657155112395225, -2.6843246191011216, -0.01945117513552088
0.30449258002799506, 0.23677891285636318, 0.6546596951796264, -1.5657404830663495, -2.6843306522193893, -0.019337335206176278
0.3044946110620386, 0.23675913900267148, 0.6546442470475164, -1.565798342120499, -2.6843547528251905, -0.019367937932185338
0.3045136649838471, 0.23677419219376342, 0.6546333839978036, -1.5657642763437045, -2.684406220809367, -0.019421407201232897
0.30450478356893057, 0.23675961760352318, 0.6546326222401316, -1.5658506711667963, -2.684338017770437, -0.01979723236515446
0.3044872603112701, 0.2367317099106157, 0.6546353104849228, -1.5658456675336356, -2.6843663296567333, -0.01975717927453233
0.30449229253717225, 0.23669707226263675, 0.6545826075506996, -1.5659117962440054, -2.6843678909182658, -0.019939675645151467
0.3044895554319025, 0.2367083657914432, 0.6545691859232493, -1.5659148104799236, -2.684372989972691, -0.020050580891502006
0.30448197596937787, 0.2366845580863894, 0.6545419261298835, -1.5658963031795248, -2.6843787304521247, -0.020183769663382492
0.3044682354097778, 0.23668444005203895, 0.6545591971612625, -1.565846141707936, -2.6844427116391523, -0.02029108375457888
0.3044832381374703, 0.2366468811189333, 0.6545362241099307, -1.5659170310903163, -2.6843777100760593, -0.02012803080704924
0.3044895654949782, 0.23663475180989788, 0.6545494055910052, -1.5659592853327393, -2.684340649836098, -0.02014989861982568
0.3044988620268712, 0.23664578481492832, 0.6545223359396614, -1.5659503877213046, -2.6843598364783054, -0.020148482331245186
0.30448969687509125, 0.2366143628900304, 0.6544887277193685, -1.565994699608806, -2.6843594735399225, -0.02010801205382077
0.3044841265834423, 0.23660251273900518, 0.6544718439611428, -1.5659782947511982, -2.6842959542075016, -0.020267666578634397
0.30445440623440473, 0.2365481753912924, 0.6544954877573764, -1.5660311691841753, -2.6843172252671, -0.020429230795898597
0.30443881284848595, 0.2365149978392018, 0.6545381982488516, -1.566098713958271, -2.684330365597157, -0.02081431660178139
0.3044518990080464, 0.23651804540627588, 0.6544714747144105, -1.5660856212287764, -2.684339769212163, -0.02083508746403018
0.3044567463193345, 0.2364929159661264, 0.6544592214054905, -1.5661780640980159, -2.6843478566784937, -0.020714169134500367
0.3044312397766845, 0.23647614198151895, 0.6544703088792951, -1.5660787866646046, -2.6844080558833796, -0.021183169269773577
0.30444968723323135, 0.23645068169582525, 0.6544243254221783, -1.566230685055375, -2.6843696392419534, -0.021308372548416332
0.3044097921474017, 0.2363877957373516, 0.6544172821035449, -1.5662853012700304, -2.6843566472076, -0.021603960285316623
0.30441242085467524, 0.23639146025605057, 0.6543790163706555, -1.5662713649433628, -2.684367276302447, -0.02164117921900402
0.3044123108433141, 0.2363743385139704, 0.654360686492084, -1.5662806457409832, -2.6843838886548155, -0.021770653149794025
0.3043995329499745, 0.23635876301283432, 0.6543715346420733, -1.5662627983738158, -2.6844275752168443, -0.021635578229757344
0.30441499545784056, 0.2363483840889969, 0.6543633415387479, -1.566304938904647, -2.6844582825220185, -0.02140563494599931
0.3044349666870252, 0.2363491457954327, 0.6543717871679037, -1.5662684096693724, -2.684474170948914, -0.02174654093900605
0.3044079117030852, 0.2363346924814317, 0.654376308529545, -1.566210159104006, -2.684558435775983, -0.02166413435282917
0.304414015670503, 0.23632421553596422, 0.6543871983894346, -1.566255597344182, -2.6845632647930278, -0.02171665016961164
0.30445139149540473, 0.23635147166111553, 0.6543186956870392, -1.5663109047909978, -2.6845405069204453, -0.02164207455695399
0.30443740092832355, 0.23631118097943754, 0.6543111359409781, -1.5663098821813046, -2.6845420019849664, -0.021867816361058084
0.3044434079568846, 0.2363044705026487, 0.6543170373692438, -1.5663993315088462, -2.6845473750279716, -0.021897156324488697
0.3044428991820536, 0.23627738207302557, 0.6543272605472349, -1.5664594314045694, -2.6845402393046314, -0.021894623879340176
0.3044438018644418, 0.23626012989310927, 0.6542972174714312, -1.5664480326512409, -2.684551438051534, -0.021522233030773143
0.30444280069175833, 0.2362434428519382, 0.6543095548825656, -1.5664693335979298, -2.6845546393165516, -0.021763755388370033
0.3044480546810631, 0.23624118312064518, 0.6543192402583522, -1.5664612397535316, -2.6845793557644564, -0.021856699915827976
0.30443970202722925, 0.23620531039362305, 0.6542597452291229, -1.566546488969533, -2.6845353502933937, -0.021723897801640697
0.3044385045914195, 0.23619791476292026, 0.6542805890976648, -1.5665373509471536, -2.6845976276140746, -0.021960669845732975
0.3044434331989834, 0.23618774735430167, 0.6542843219446487, -1.5665755939017056, -2.6845893882186203, -0.02195954948007785
0.3044419176394833, 0.2361685270698387, 0.6542628842164805, -1.5666371387972438, -2.6845862222255965, -0.022254096785376425
0.30441771240948856, 0.23615391256336865, 0.6542528492638578, -1.5666253782375459, -2.684566287008705, -0.022274756105597465
0.304423889957999, 0.23615882386724393, 0.654219046878851, -1.566592245303106, -2.6845418232344733, -0.022020105240365503
0.3044243849377552, 0.23615356295522913, 0.6542565646318513, -1.5666066100364364, -2.684535002117192, -0.02226199443127504
0.3044299164488514, 0.23615180163841112, 0.6542427531908445, -1.5665981887143114, -2.684556370110557, -0.022298844997069654
0.3044249097824191, 0.23615442167852982, 0.6542293776996412, -1.5665084329511632, -2.6845847370866407, -0.022135441073181578
0.30441292897653166, 0.23614149894505504, 0.6542367514023207, -1.5664497467139227, -2.6845975202802013, -0.022232084865005775
0.3044235408693282, 0.2361448577932611, 0.6542298757022424, -1.566434176324324, -2.6845699458388226, -0.022089201109892216
0.3044298386288754, 0.2361555942600223, 0.6542144774831788, -1.5664368795940562, -2.6846096233988805, -0.022082970394933364
0.30442915085369143, 0.23616224638983394, 0.6541748573678278, -1.5664708980748294, -2.684590575223974, -0.022099439664237077
0.30442382267207807, 0.2361529852538342, 0.6541700291547307, -1.566430277766261, -2.6846332748684527, -0.022173916124268188
0.3044421345237508, 0.23616097415197634, 0.6541704798600921, -1.5664663969424901, -2.684587475710818, -0.02243984664610484
0.30440474309636173, 0.23613049153417698, 0.6541747078606961, -1.566474426566145, -2.6846347051152963, -0.022167715928782625
0.30441604912955694, 0.23610457230155943, 0.6541933433395275, -1.566567902750565, -2.684611834652332, -0.022221890576772856
0.30442333128379195, 0.23612218608775415, 0.6541797559777306, -1.566536804467115, -2.6846311545974153, -0.022240348222091196
0.30441056206832495, 0.23611387617087412, 0.6542211652462515, -1.5665622199684266, -2.6846043993012487, -0.02227847425525406
0.30442005665996275, 0.23612703070404523, 0.6542085834790781, -1.5664971075247882, -2.6846404330193954, -0.02224283291957756
0.3044047261665456, 0.23611902203243715, 0.6542240446863429, -1.5664405496186709, -2.684693194650729, -0.022333337411437195
0.3044281800655372, 0.23612695663571381, 0.6542082079875151, -1.5665108263897622, -2.6846638241330174, -0.022296082429434594
0.3044249045048612, 0.23612807299009306, 0.6542191407119469, -1.5664857914905264, -2.684695829129239, -0.022349692364913687
0.30442478323582883, 0.2361259584644212, 0.6542120106194687, -1.566546977330111, -2.684614748429601, -0.02229786744119101
0.30441848388912623, 0.23612677701319512, 0.6542174890176554, -1.5665011600658088, -2.68468540780158, -0.02233031242349758
0.30443825927407614, 0.2361258233898908, 0.6541975241787781, -1.5665262072599653, -2.6846515262460997, -0.022240185417245397
0.30442131279206625, 0.23612312990036566, 0.6542174890176554, -1.5665338825105992, -2.684666310762796, -0.022330301629600487
0.30443359588774505, 0.2361211522162444, 0.6542093883938815, -1.5665699522215029, -2.6846167411533743, -0.022316247583777288
0.3044296578912485, 0.23612899177300448, 0.6542122672226665, -1.5664784551305408, -2.6846828034164933, -0.022295229742418973
0.30441795058872684, 0.23611827867356813, 0.6542243316830321, -1.5664618029458846, -2.6846571008447904, -0.022394141116407196
0.3044325620081781, 0.23613297638368172, 0.6542108258068269, -1.5664634417192183, -2.6846940526943053, -0.022333180808182848
0.30442882715735414, 0.23611643031490356, 0.6542157825208342, -1.56651460997145, -2.6846342166144552, -0.022299733805134385
0.3044211687293416, 0.23612663357654445, 0.6542137934839583, -1.5664892497535838, -2.684664914947059, -0.022334394987445015
0.30443326052305214, 0.2361093993406963, 0.6542186314490759, -1.5665821768997077, -2.684639790150438, -0.022350313685047935
0.3044240044107345, 0.23611732310227712, 0.6542082116268301, -1.5665150619395976, -2.6846349513568764, -0.02231756601799651
0.30443767452944515, 0.23614011065795287, 0.6541956255592298, -1.5665590276223467, -2.684633053257623, -0.022258249302592212
0.30442327233172867, 0.23612774426063557, 0.6542618406471431, -1.5665386364963803, -2.684638899186961, -0.02216566550959566
0.3049581917707478, 0.23685323382194923, 0.6556542524879959, -1.5663613606742854, -2.684494283994537, -0.016657238876319033
0.3062436335289293, 0.23863357255625567, 0.6561475332330682, -1.5661606250690965, -2.6840753415191765, -0.007926651704818216
0.30532758963436885, 0.23724168262356113, 0.6590287217183556, -1.5665965306479657, -2.684676549095245, -0.014189013699077472
0.30500600602217043, 0.2366418249026961, 0.6600825305255013, -1.5668907743853002, -2.684825455945378, -0.014384049187723486
0.3052695693713609, 0.2370200626749712, 0.6608957565335623, -1.566830421547326, -2.684639814749092, -0.012771428681244978
0.30534194323225483, 0.2371277441866869, 0.6619252021364612, -1.566790118266229, -2.684636276707058, -0.012593791292334493
0.3052130551024455, 0.23693164829539107, 0.663381861912008, -1.5668119215106688, -2.684753151094668, -0.013706816569610538
0.30528628526004453, 0.23706458617982898, 0.6646780371778374, -1.5666921101718811, -2.684779980812949, -0.01349626543980132
0.3053431674018077, 0.23713723424303265, 0.6659855529428957, -1.5666595716313045, -2.684810208859146, -0.013259184363146452
0.30536684510218576, 0.23715568133653805, 0.667544701077237, -1.5666292039258847, -2.6848683129456052, -0.013452092393218516
0.30535561143657663, 0.23713560067456438, 0.6690313495294136, -1.5665754575423245, -2.6848411902303075, -0.013207029932969912
0.30533630731669703, 0.23708851288235527, 0.6707260231026883, -1.566589040449693, -2.6848774261157033, -0.01366031096516789
0.30535972366380415, 0.23713120925292244, 0.6722390329553314, -1.566551030782479, -2.6849190247017103, -0.013742374204942114
0.3053914989783041, 0.23717631733797415, 0.6735625951185382, -1.5664629541307755, -2.684932658778113, -0.013588819067381347
0.3054421911585593, 0.23724161944600325, 0.6750170427506813, -1.5664402533960575, -2.6849582077880942, -0.013558884237753959
0.3054746231774177, 0.23726837998287464, 0.6764254103726307, -1.566430040224195, -2.685043165962808, -0.013894283375191822
0.30543847007120967, 0.23723790186704338, 0.6780167596692714, -1.5663854149817997, -2.6850843589380333, -0.01410795563073101
0.30539959189035165, 0.23714688133219286, 0.6795180955578168, -1.566410528982866, -2.6850542142205374, -0.01426947562724406
0.30542454266574615, 0.23720070870822105, 0.6810139412822531, -1.5662780662192182, -2.6851594281228928, -0.01466876827423765
0.30547672700200745, 0.23726594258690611, 0.6825024884367515, -1.5662440240527928, -2.685130649892606, -0.014331320934247443
0.3054402752642948, 0.23721273313641564, 0.683046783053025, -1.566228056035066, -2.685218689779025, -0.014455062135481098
0.30543323278486423, 0.23721807982251975, 0.6830303142432255, -1.5661696328661132, -2.685191336121909, -0.014369110097808217
0.3054381980113168, 0.2372287975450748, 0.6830292275308085, -1.566263163830078, -2.6851663982995158, -0.014400347281895962
0.30544391172202706, 0.23722914967556155, 0.6830225304001799, -1.5662621910518155, -2.685163410671174, -0.014345611757015757
0.3054447952052419, 0.23722851181658963, 0.6830224928587593, -1.566220029748841, -2.685202072375778, -0.014344769263458488
0.30543905231967156, 0.23721477629707252, 0.6830410753796262, -1.5662152162498308, -2.685196100420571, -0.014421677184574454
0.30545561461558324, 0.23721703744405595, 0.6830166357840388, -1.566279773700848, -2.685192584189529, -0.014305276392227817
0.3054490903634235, 0.23722872815735743, 0.6830216156645539, -1.566261613414414, -2.6851626449974195, -0.014327781519561409
0.30544357202117806, 0.23723055466268103, 0.6830167851800973, -1.5662231687841495, -2.685170099882966, -0.014311079022486408
0.30544657121592056, 0.23722140925730062, 0.6830119549961235, -1.5663132076891295, -2.685102347968161, -0.014293780531313222
0.305442458706408, 0.2372252739001676, 0.6830234075467718, -1.5662364000579043, -2.68519368996458, -0.01436291313388507
0.3054446646590728, 0.2372283518387524, 0.6830239040775936, -1.566251019050697, -2.6851813819120274, -0.0143065165131222
0.3054568017494993, 0.23723573194813508, 0.6830052330390006, -1.5663056957657988, -2.6851619542047023, -0.014286759008043944
0.30543109634072896, 0.237209571252179, 0.6830334878529385, -1.5662841901847189, -2.685165664384928, -0.014361978668093673
0.305454361452016, 0.23721901022324596, 0.6830192587110933, -1.56626710754746, -2.6851710765569803, -0.014289601536492346
0.30544386849187155, 0.23722541582078485, 0.6830175879617629, -1.566273991702896, -2.685182929593658, -0.014323648237063126
0.3054402520877127, 0.2372297965170998, 0.683024544558442, -1.5662207120070006, -2.685203999924851, -0.0143810569363459
0.3054433645318775, 0.23721135397388887, 0.6830266935819683, -1.5663007344761861, -2.6851561776116397, -0.014362905825529803
0.30545102629445614, 0.23723898880141236, 0.6830183294114738, -1.566181434853599, -2.685209583920333, -0.014328707770563422
0.3054543741343351, 0.2372284319467085, 0.6830192442074765, -1.5662303491295118, -2.685182343419017, -0.01434745994779533
0.30544295950503875, 0.23721834091364644, 0.6830326983590327, -1.566317325127173, -2.685148758965326, -0.014398887940636386
0.30546190255169664, 0.23723699922200145, 0.6830136916117804, -1.5663000100587097, -2.68515282788421, -0.014306830657998804
0.30543007389803484, 0.23721179347736995, 0.683041618996602, -1.5662093980358327, -2.685186809030126, -0.014440522468730054
0.3054464364967787, 0.23721361322683715, 0.6830201088798924, -1.5662975222317317, -2.6851129232220434, -0.014313145265718197
0.30543076571423666, 0.23721468189258835, 0.6830326400974736, -1.5662013341935122, -2.6851714577529378, -0.01434930035055709
0.30543021285708416, 0.23721020911055693, 0.683033525394335, -1.5661978889659642, -2.685202432891268, -0.014365279185182017
0.30546201178207, 0.2372220216528806, 0.6830076418015173, -1.5662991887569173, -2.685151163858194, -0.014271898679401906
0.30543398618586254, 0.23720968153353755, 0.6830300542440584, -1.5662723331710158, -2.685145069811465, -0.014366108275052063
0.30545222833617125, 0.23722733696186735, 0.6830170074306116, -1.566255424579865, -2.6851514035835757, -0.014311695355833803
0.3054474187633958, 0.23723402431130855, 0.6830169702479868, -1.5662132542521479, -2.685189683155685, -0.014309637740581237
0.30544648497925253, 0.23721931424226456, 0.6830304017507638, -1.566289914012671, -2.68513852168603, -0.01442177399276571
0.30545236279224325, 0.2372351330289947, 0.6830088534733134, -1.5662391544919247, -2.6851595920509905, -0.014292942757456786
0.3054411876851343, 0.23722354734150253, 0.6830211335617637, -1.5662035953052895, -2.685210503993507, -0.01432662256782787
0.3054399212072829, 0.23722185624566805, 0.6830104833856261, -1.5662025559081525, -2.6852074314725125, -0.01427127400998943
0.3054486206801607, 0.2372223725494453, 0.6830156482194999, -1.5662709460865227, -2.685141071493453, -0.014292937207698177
0.305451884501678, 0.23722129923773125, 0.6830250493728234, -1.5663219914482933, -2.6851549981691747, -0.014323954090975704
0.30545076649373004, 0.23722346755624837, 0.6830178849708344, -1.5662458707043048, -2.6851720114714097, -0.0143287018548677
0.3054481427894532, 0.2372179551047838, 0.6830234075467718, -1.5663168772009286, -2.685146684391136, -0.014362604402225043
0.3054464452519348, 0.2372138002559577, 0.6830271530400334, -1.5662731316649339, -2.68518242921003, -0.014305683660220973
0.30545193705708157, 0.23722510422222404, 0.6830132395175017, -1.566293832427883, -2.685142617035388, -0.014309330263836115
0.3054487052153779, 0.2372093018312046, 0.6830331211435967, -1.5662899714493825, -2.6851751714717595, -0.014343627893340004
0.3054490720502207, 0.23724204585662562, 0.683009915709854, -1.5661712239159917, -2.68522812556097, -0.014308187542510365
0.3054212493628485, 0.23719546612820536, 0.683179195940468, -1.5662404305889706, -2.6851399154329956, -0.014425956927018587
0.3053969372632451, 0.23717414826040917, 0.6836122912984759, -1.5662218430242119, -2.685256043355025, -0.014956260993367066
0.30537978787795195, 0.23712238243378975, 0.6841710838604009, -1.5663155947682283, -2.6852043635450533, -0.015410717605189085
0.3053427305037449, 0.23709373672840714, 0.6849389978446908, -1.566334104664937, -2.6852258332477117, -0.016100412266188933
0.305275466350682, 0.23697942669428268, 0.6859285471093858, -1.5664133825685942, -2.6852601462816894, -0.01688063039080244
0.3052205303426195, 0.23693452941865922, 0.6870766667289058, -1.5664346524490986, -2.6852809443053403, -0.017797572182936226
0.3051024245806257, 0.23681311759427742, 0.6884700178372379, -1.566291380523328, -2.6853733531942643, -0.018759092006874152
0.30500909139849774, 0.23670660297074564, 0.6900041209590808, -1.566325935822502, -2.6854457352325745, -0.019726424252083274
0.3048523120333071, 0.23649070965690383, 0.6918129201499666, -1.5664593276542482, -2.685422643144124, -0.021185008688975212
0.30473435235595325, 0.23637350593197207, 0.693743439271433, -1.5664436584371235, -2.6854834836289605, -0.02260794201765902
0.30464408318843894, 0.23626905630350303, 0.6959045424424932, -1.5664543698875797, -2.685576575969495, -0.0245717818926692
0.3044296617170977, 0.23601137021062477, 0.6983262836444103, -1.5664486180317065, -2.685702174223581, -0.026456635181373474
0.3042167731975407, 0.23574748951383726, 0.7009443433348438, -1.5665046938539684, -2.685804728476861, -0.028564559891805973
0.3040861937617795, 0.2356211366861373, 0.7037014988448381, -1.5665729663937316, -2.685751057403112, -0.03029926293798613
0.30385021820534147, 0.23529730284556735, 0.7066963626977307, -1.5666395719319626, -2.6859117157810344, -0.03302208896094952
0.3037135750713009, 0.2351527530614452, 0.7094751995628029, -1.5666757871953498, -2.685959024497591, -0.03499031203930281
0.3035086391607287, 0.23491031171238397, 0.712081608576903, -1.5667450508710479, -2.686017244445879, -0.037028197695173945
0.3033846411005789, 0.2347558537688285, 0.7144627205188471, -1.5669354267348359, -2.686002885308852, -0.038823594553863354
0.3032139670055464, 0.23456143780579736, 0.7167115903663851, -1.5669487588279776, -2.6860864465454433, -0.040787036902688124
0.30303458874492334, 0.23434420204576228, 0.7187675037471214, -1.566726876023331, -2.6862704809452125, -0.04257164265213118
0.3029659423775748, 0.23427933261551734, 0.7204925734744427, -1.5668140485343138, -2.686244097421712, -0.04364373687434771
0.30287685231101985, 0.2341752901446823, 0.7220723079404304, -1.5669197186065145, -2.686240495450956, -0.04483898019600267
0.30274318676142636, 0.23399072278250113, 0.7235640263868813, -1.5668696376821427, -2.6863714404917776, -0.04629638826469009
0.30267082024078307, 0.2338955762058346, 0.7248433257175962, -1.5669364196457776, -2.686389202100555, -0.047494857839751645
0.3026066907073055, 0.23384307908478738, 0.7258064873089952, -1.5668720216172503, -2.686442219876853, -0.04794583352214694
0.3025430423326672, 0.2337745410637481, 0.7266325565192203, -1.566784091914556, -2.686485071854786, -0.04873785220697716
0.3025125050740465, 0.23373593835721546, 0.727221783412167, -1.5669064875666052, -2.6864560682619283, -0.049239517815915006
0.30246815394802423, 0.2336787958162623, 0.7276388959248712, -1.5670157511060576, -2.6864230051759996, -0.04953401404531368
0.302472614413784, 0.2336901114891832, 0.7277960603469541, -1.5670525235898654, -2.6863519835102965, -0.0493725729508203
0.30246115374635946, 0.23368339735683566, 0.7278306026377623, -1.566956650275297, -2.686341728361137, -0.04941931831399928
0.302486760414349, 0.23371817292555017, 0.7279157964210756, -1.5669806425659323, -2.686433791291665, -0.050397005423489016
0.3025634386925677, 0.23380787253562538, 0.7280768609549433, -1.5670825741660175, -2.686601024271293, -0.052669270651470694
0.30266843652471404, 0.23389875126546095, 0.728307689824872, -1.567296285233898, -2.6868575198408373, -0.055838681115640915
0.3028481338113594, 0.23411654640326224, 0.728600171279855, -1.5674212470007165, -2.687269777658491, -0.0603800747129468
0.30305219893172924, 0.23436338104661464, 0.7290175266795083, -1.5678087988881702, -2.6876691692940997, -0.06643297961778603
0.3033275531218647, 0.23466470917752738, 0.7295444279657409, -1.5682746713819469, -2.688176429511402, -0.07409708989112133
0.3036112231182132, 0.2350050124561471, 0.7301284811985701, -1.5685142838657182, -2.6887849660312044, -0.08253495094745204
0.30393948265932547, 0.23537384217092688, 0.7308144992412311, -1.5690236157924558, -2.6892739215702717, -0.09246073649512258
0.3042943029790364, 0.23579802987222784, 0.7315727321155533, -1.5694896765682884, -2.6899745970244906, -0.103358789070556
0.3047367444281335, 0.23628809199561732, 0.7323950665617662, -1.5700435764194387, -2.6907381393532677, -0.1153893572634741
0.3052001563135273, 0.23683791549458988, 0.7333194610884981, -1.5706169131538925, -2.6913945680044913, -0.12890392191389966
0.30567717086684276, 0.23741119333709337, 0.7343298370183468, -1.5710381123622554, -2.6920505862989903, -0.14349668248273856
0.30624235146007556, 0.238026726216204, 0.7354001090852599, -1.5717405782373628, -2.6928369910744583, -0.15924427768118948
0.3068244270724587, 0.23871144429164656, 0.7365890310440952, -1.5723150882991792, -2.693481562781385, -0.17652636185812334
0.30746030331396584, 0.23942669220322768, 0.7378427828326203, -1.5729502674173494, -2.694243001122171, -0.19484903593395478
0.3081270864780395, 0.2401845015419312, 0.7391913807918974, -1.573478148085079, -2.694751188871833, -0.2144743504139762
0.30886477314947824, 0.24100975160233604, 0.7407216052977119, -1.5739506050839742, -2.695264738955389, -0.23653733188939702
0.30962445463796484, 0.24188931991471446, 0.7421998902097188, -1.574544497767979, -2.6956774148557225, -0.2583851921644499
0.31045753714563296, 0.24283902408680094, 0.7438099996832703, -1.5748607464126683, -2.695959912702448, -0.28216748173380063
0.31128150281620004, 0.24377403754505353, 0.7455039876218781, -1.575295232014919, -2.696092179255843, -0.3067291836661349
0.31212830728444263, 0.24473587467106783, 0.7472282298976993, -1.5754741700322934, -2.696164106684382, -0.3318378064526711
0.31293779343906586, 0.24568784992621945, 0.7489544537097705, 1.574365573088858, 2.693680761508782, 0.3564963352448816
0.31378175864198693, 0.24665203717429318, 0.7506252381438032, 1.5718485187339628, 2.688923354010869, 0.38047273595925385
0.3145715470751087, 0.24752064419978387, 0.7521737463811622, 1.5693028721451896, 2.684140614331162, 0.4025886170225039
0.3153325741349446, 0.24842167342346597, 0.753645138847884, 1.5669118968196984, 2.6796606422931246, 0.4237973654611659
0.3160492087614585, 0.2492105176605546, 0.7550267973449658, 1.56451575618255, 2.6751915921185017, 0.44348596552169517
0.31669467474159585, 0.2499862176821123, 0.7563578630183948, 1.562427866443717, 2.6710617175525573, 0.4624426155727341
0.3173472844219768, 0.25071230930795574, 0.7576131643325408, 1.5601213063913608, 2.66684092594518, 0.4802276269521071
0.3179052665857376, 0.2513560814787298, 0.7587884797061297, 1.558024637965759, 2.662983366845965, 0.4966139826047629
0.3184350510068834, 0.2519462072902333, 0.7598562219534969, 1.5560667408181004, 2.6593134131488103, 0.511547996897581
0.31893166982521404, 0.252538128278167, 0.7607943573333933, 1.554230784568307, 2.656057936756301, 0.5249905772742123
0.3193682523363597, 0.2530332290747582, 0.7616922061178891, 1.5525247740698929, 2.652980030682637, 0.5374651661221835
0.3197763771689361, 0.25350424431146024, 0.7624895272019638, 1.5509718792050702, 2.650078815230319, 0.5487595940767994
0.32012697088990744, 0.2538892265304622, 0.7632475296500143, 1.549522355435528, 2.647452098432975, 0.559072673042473
0.32046641415875066, 0.2542862032082223, 0.7638770103934778, 1.5482423382566275, 2.6450854457925588, 0.5680963117808715
0.3207269363920875, 0.25457004451422166, 0.7644362349826195, 1.547154560067456, 2.643091880830854, 0.5757714781310185
0.3209722856370193, 0.2548355712547595, 0.7648744496243247, 1.5462442433136565, 2.641319673294716, 0.5819121841775674
0.321175573146381, 0.25506804490597557, 0.7652433997393295, 1.545477219620598, 2.6398891873473223, 0.5871793583177329
0.3212868781394381, 0.25518898971485077, 0.7655455027660041, 1.5449476449408124, 2.6388580283882646, 0.5911747070940168
0.32142560510534723, 0.25535460935953086, 0.765727007728949, 1.5445817526886894, 2.638099162720396, 0.5940613315435604
0.3214856433800888, 0.2554428445265025, 0.7658610645199534, 1.5442168965350074, 2.637640537777527, 0.5958814983568077
0.321501105639284, 0.2554569436152054, 0.7658973963260559, 1.5440872942625745, 2.6374653032569677, 0.5963354688131043
0.32150152934671095, 0.25547377753045986, 0.7658781324205627, 1.5440992958432425, 2.6374845944935887, 0.5962844467129769
0.32122787822352256, 0.2556787020146694, 0.7659004433761584, 1.5429538764442454, 2.638287435876084, 0.5965159169728725
0.3207731787202528, 0.2559755509250379, 0.765898840037586, 1.5412473761180872, 2.639566164929162, 0.5965317753132702
0.32015797365602666, 0.25631271592444604, 0.7659223347196626, 1.5391189712884406, 2.6411957029092106, 0.5966547468412853
0.31940625794849786, 0.25676423408498356, 0.7659501567090002, 1.5363960282484759, 2.6432833842550987, 0.5968479465568031
0.3184986490265995, 0.25731539975693024, 0.765987098923298, 1.5330719415491492, 2.6457384896885565, 0.5972021951586933
0.3173717616719021, 0.25796883746915167, 0.7660235105401934, 1.528987190885657, 2.648779091684383, 0.5974572069669167
0.316081244830732, 0.25881796530897977, 0.7660420326938736, 1.5241792536715852, 2.6524237218466538, 0.5976860975672302
0.3146691934980053, 0.25963514522001135, 0.7660836648775174, 1.5190301219012448, 2.6562502462643405, 0.5980086706564011
0.31303329206915886, 0.26061796177784013, 0.766158040573908, 1.513026457576353, 2.6606539748204705, 0.5985703775063969
0.3112182011365222, 0.2617207489152041, 0.7662144259920186, 1.5063200159908596, 2.6655692682759287, 0.5990637806392667
0.3092923433263201, 0.26286156103581404, 0.766259661730764, 1.4992570673929284, 2.670835069174607, 0.599404859932028
0.3071484089444881, 0.26420468080106413, 0.7663045920397124, 1.4912984047800428, 2.6766257236226694, 0.599826373967302
0.30477310904044014, 0.26561456228978814, 0.7663903175848586, 1.482481880426137, 2.6829520876398716, 0.6004989456590665
0.3022913446004162, 0.26720259098842053, 0.7664311231828465, 1.4731265241027913, 2.6897435622940415, 0.6009430311390118
0.29964592105683774, 0.2688800289605364, 0.7664746546439211, 1.4631045471218298, 2.6969314392933916, 0.601396800073777
0.29683457933430885, 0.2704575227969041, 0.7666048389377014, 1.4528787862193722, 2.7041524492969464, 0.6022026563795573
0.2938511648021824, 0.2723225907067083, 0.7666698087855771, 1.4415321769443779, 2.712052508116743, 0.6027733519046397
0.29062612592423454, 0.2742789746906302, 0.7667818847924114, 1.4293533208362994, 2.720530712331009, 0.6036123568627398
0.2873187907807158, 0.27628035551669333, 0.7668943545634779, 1.4168342517663095, 2.7290716042886696, 0.6043866499598437
0.2839736485702761, 0.27834002411385045, 0.7669667714649537, 1.4039047884674682, 2.737808304599803, 0.6048707702746297
0.28056506256977254, 0.2804644706627365, 0.7670377811604636, 1.3909609618976304, 2.7465814414176544, 0.6055372240841883
0.2771241909781465, 0.2824984189568213, 0.7671668035828076, 1.377907312921887, 2.7552190387762865, 0.606281842525108
0.2735653797738895, 0.2847015513895585, 0.7672424191690418, -1.3637405645625331, -2.7641864373662415, -0.606836823732875
0.2701323948312921, 0.28685263961199536, 0.7673199756526482, -1.3486789116409135, -2.7693134733762577, -0.6066164420806609
0.2667467521481315, 0.28891777795302315, 0.7674118648678857, -1.3340586805191028, -2.7741832209301625, -0.6064423140297985
0.2633671245942674, 0.2910102177229634, 0.7674919253893695, -1.3191240522222025, -2.7791327731309403, -0.6062381868445134
0.25995050535489295, 0.29310777867895454, 0.7675748315095974, -1.3043276488913829, -2.7838876199032954, -0.605948980562973
0.2565244209198017, 0.2951088863038729, 0.7677150334136383, -1.2893091059322068, -2.788624757498531, -0.6059272736921101
0.25310690781587697, 0.29720655860662465, 0.7677853099992558, -1.2741047996198769, -2.793479330256991, -0.6056043308711537
0.2496614968127997, 0.2993263749120419, 0.7678873125508228, -1.2590330014255433, -2.798087114001578, -0.6053975559482737
0.2462801925429555, 0.30143111586459026, 0.7679605394572527, -1.2441224438000718, -2.802624496506712, -0.6051383923268955
0.24285295138008636, 0.3035016855802685, 0.7680765648462838, -1.2289941828898026, -2.807083657398378, -0.6049008506554137
0.23943124498549626, 0.3055644389435649, 0.7681891618602489, -1.2140560989395157, -2.8113855208118745, -0.6047266902525434
0.23591149086562355, 0.30772517833580365, 0.7682712425789661, -1.1985548684386127, -2.815920520273628, -0.6043970673561959
0.23251529707959664, 0.30981935829253, 0.7683606989719718, -1.183451037081376, -2.8201986171566356, -0.6040734577936618
0.22905785600658804, 0.31189895314272204, 0.7684622536384239, -1.1681599477200775, -2.8243335991637224, -0.6037397494948461
0.2256789050709491, 0.3140513769468935, 0.7685103230159789, -1.1530937639708478, -2.828538205269321, -0.6032605970070265
0.22224932550276827, 0.31608365145067946, 0.7686445376846787, -1.137984451871912, -2.8325059207622987, -0.6030696544505373
0.2188105299843734, 0.31818163092578927, 0.7687285873232012, -1.122771618950177, -2.8364660239312074, -0.6026406790973441
0.21544031350249063, 0.32024579078235144, 0.7688095646193457, -1.107816038092182, -2.8402858976456464, -0.6022086506733828
0.21204899283319173, 0.322326359029801, 0.7688867309491336, -1.0929055980978044, -2.844008767090586, -0.6017038815617628
0.2086365023597466, 0.3244222187635985, 0.7689666041091319, -1.0776190460410948, -2.8477198438231306, -0.6013170503702412
0.20506488939184658, 0.32656202615623803, 0.7690947043798881, -1.061836173063287, -2.8514670841382874, -0.600929783833368
0.201600376296066, 0.3285824662993518, 0.7692334188323485, -1.0464760126685604, -2.855042150617945, -0.60061217572605
0.19814388074413536, 0.3306586093793447, 0.7693573228916402, -1.0311260206513708, -2.858464361380372, -0.6003342156676981
0.19480931051461395, 0.3327661297084404, 0.7694184955080605, -1.0163700449476842, -2.861836582054903, -0.5997537838773604
0.19143024786274204, 0.3348607279692334, 0.7695001091266236, -1.001305805310865, -2.865130277405545, -0.5992379405194247
0.18798891092170403, 0.3369769063779454, 0.7695835232864485, -0.9858771270126037, -2.8684473329011055, -0.5986801551481817
0.18457482075978712, 0.33903397347073094, 0.7696863318592718, -0.9706392398056287, -2.8716328623978367, -0.5982125960173915
0.18115783386732986, 0.3411267337695216, 0.7697845997641182, -0.9555967008425278, -2.8746333188249844, -0.5976543708051292
0.17772581372890175, 0.34321705790397966, 0.7698870239569329, -0.9403680464974608, -2.8776851593640727, -0.597207067260459
0.17419314372515213, 0.34537223352654883, 0.7699834602906407, -0.9246787260404042, -2.880699563297157, -0.5966234262869353
0.17079518033961483, 0.3474674969976302, 0.7700621457080515, -0.9095570764894748, -2.8835443656144584, -0.5959878054301191
0.16737921396853556, 0.3495477962561142, 0.7701535904319952, -0.8943649211113919, -2.8862849616061066, -0.5953361786119022
0.16394655224292676, 0.3516476998346177, 0.7702399447799493, -0.8789852844905109, -2.889023975434488, -0.5946980959136628
0.16054018315246976, 0.3537441595612719, 0.7703371805147818, -0.8637666267332799, -2.8916284125572287, -0.5940828409725819
0.15712364329506548, 0.3558303095674599, 0.7704396377152739, -0.8486619187497481, -2.8941280335864157, -0.5935367212416772
0.15374872758105507, 0.35790798863897183, 0.7705304335952736, -0.8336612127072667, -2.896568974991229, -0.5928982458453832
0.1503236721290456, 0.35995226169802785, 0.7706437823792472, -0.8181716985267214, -2.8990224332434056, -0.5923046447506012
0.14689966185535458, 0.3620985712604375, 0.7706932366979948, -0.8029136959713521, -2.9014398883559793, -0.591466870217473
0.14340778495734446, 0.36421850513334647, 0.770792731960741, -0.7874723269918924, -2.9036491311902757, -0.5907503847141672
0.1402870819448936, 0.3661313017510387, 0.7709028418065988, -0.773123806848341, -2.9057478895233624, -0.5902333142673957
0.13727824633950128, 0.3679547333047284, 0.7709820753442697, -0.7600821704109727, -2.9074732096288045, -0.5895993184177887
0.1344093248747021, 0.36967074009733936, 0.7710677458504512, -0.7471620452663018, -2.9092022110589664, -0.5889849373177316
0.13182288882195792, 0.3712615734610966, 0.771156530380597, -0.7356023102055163, -2.9107302206632504, -0.5884849837976647
0.12931289632478457, 0.37276786973425746, 0.7712268702220365, -0.7245562557504954, -2.912114711111074, -0.5879913265593338
0.12701929168714352, 0.3741859046351172, 0.7712667742071123, -0.7142900774386763, -2.9134377176791952, -0.587380211170932
0.12475777298150927, 0.3755763517450466, 0.7713362999235729, -0.7040766539332964, -2.914630337894298, -0.5869450228803129
0.12286741957415821, 0.3767618658882329, 0.7713711620796877, -0.6957891853541445, -2.9155594986748445, -0.5863853363033045
0.12102028443317135, 0.3778876444304719, 0.7714087886504384, -0.6873742863655461, -2.916584009822564, -0.5859102504137399
0.11940814471422007, 0.3788297869012046, 0.7714817889056389, -0.6801196927000578, -2.9173515969408936, -0.585637858683486
0.11800611324329958, 0.3797331036669771, 0.7715038525609399, -0.673924424648106, -2.91804632955566, -0.5853018768478365
0.11668704660193076, 0.38054561800777115, 0.7715195824763634, -0.6681564072572018, -2.9187149629773645, -0.5849083157013977
0.11556290704092147, 0.38121240455230804, 0.7715548667654741, -0.6630393893974985, -2.9192460061353964, -0.5846520129481788
0.11460648761542155, 0.3817829908798497, 0.7715883142284234, -0.6586666812964963, -2.919704531808519, -0.5844136308855611
0.11386300974609613, 0.3822448295496084, 0.771609800901504, -0.6555788756025372, -2.919896351541915, -0.5842502521844343
0.11329341991323605, 0.3825988970544646, 0.771628231359695, -0.6528927447649918, -2.9202497464912436, -0.5841268779150524
0.11286937096775823, 0.3828495253711723, 0.7716413283927115, -0.6511398232504082, -2.920422349283785, -0.5840000929262219
0.112628388314722, 0.38301004369740593, 0.7716484122193077, -0.6500296977467691, -2.920498227146379, -0.5839233675397104
0.1125257489861307, 0.38306267589722715, 0.7716465109264107, -0.6494641676628651, -2.9205271975707423, -0.5838907372965371
0.11252439982052508, 0.38309653218626705, 0.7715895283581261, -0.6492425659703688, -2.920802856792298, -0.5833254916237463
0.11253389555350472, 0.383207097014691, 0.7714323373580917, -0.6491548239266607, -2.921428531081523, -0.581905175011473
0.11271273708619514, 0.3832365600869924, 0.7711954950526896, -0.6494734936982415, -2.922408591380803, -0.5793517483296298
0.11294026468894082, 0.38339829782535195, 0.7708267103025201, -0.6498677292316761, -2.9236678614385716, -0.5758813907990926
0.11318712810809607, 0.3835820547322907, 0.7702714483467225, -0.6502837587860284, -2.925498635363113, -0.5704505369126388
0.11353367769946987, 0.3837570470584706, 0.7696484537190178, -0.6509121478292722, -2.9279025626419157, -0.5641576790436231
0.11388795357133444, 0.38400002434246217, 0.7689130851316949, -0.6514273941408235, -2.9305562306939783, -0.556867144777242
0.11433574154466465, 0.3842625628187425, 0.7680597665931761, -0.6520522987389027, -2.93361163610806, -0.5483918328502305
0.1148197794734606, 0.38462604963511543, 0.7671077332053753, -0.6529326911718355, -2.9368516082254943, -0.5390106665649969
0.11538105176917819, 0.38497479638085297, 0.7660197064308497, -0.6538084103112565, -2.9406385644378377, -0.528198706236731
0.11598811730180222, 0.3853410896660428, 0.7648322504503438, -0.6545650688645703, -2.9448614621919726, -0.5162288969692256
0.1166620718862462, 0.3857008193626322, 0.7635509127700417, -0.6556980759577159, -2.9492594135508132, -0.5031226269387484
0.11736652657632196, 0.3861822499031101, 0.762147580681372, -0.6564870778361291, -2.954108463497326, -0.48919879675135325
0.11816447207153136, 0.386731410045169, 0.7605463929078996, -0.657304180672992, -2.959437151771696, -0.47317298126976565
0.11898477401996914, 0.38730299445047245, 0.75887570450644, -0.6584329459645643, -2.9648811479384274, -0.45633227686479494
0.11988098513749283, 0.3878108157287271, 0.7571770488463385, -0.6594614840486975, -2.970578582217945, -0.43894027571027905
0.12085558238788595, 0.38845447429364877, 0.7552920056756822, -0.6605803964245935, -2.9766056413820894, -0.4199349421395396
0.12187253436405099, 0.3891713433767922, 0.7532616622254894, -0.6622401750232466, -2.9827047919242085, -0.3995440972751319
0.12292774949977103, 0.3898451349965386, 0.7511774672737557, -0.6632093728745518, -2.9890947110553707, -0.37817891878827403
0.12402960825542146, 0.390506904434681, 0.7489834070953267, -0.6644719360364962, -2.9958429923119914, -0.35544352711747934
0.1252082687707842, 0.39135185584621734, 0.7466163558348988, -0.6657676566704989, -3.0025607461657096, -0.33131116796817495
0.1263913147567123, 0.39205247988523667, 0.7443512873550293, -0.6670155544449278, -3.009152654571252, -0.307771598513816
0.12754425720438944, 0.3927826020963133, 0.7421158412834579, -0.6684896841568597, -3.0152341208609528, -0.2846366680586096
0.12868145818260146, 0.3935520959901551, 0.7398176669451308, -0.6694704124338933, -3.0214156895036792, -0.26087689252612467
0.12984331031149887, 0.3942973222865595, 0.7375725645778944, -0.670558299996194, -3.027332600650332, -0.23747344072870305
0.13097284635682344, 0.39497533544481334, 0.7353953563678172, -0.6716693269970457, -3.0328500147652617, -0.21451189835255158
0.13206702556250485, 0.3957092607309474, 0.7332638988098273, -0.6730681710183082, -3.037953617733974, -0.19247206170063563
0.1330508214421692, 0.39639985880444834, 0.7312660911001065, -0.6737253012761935, -3.0428372619081454, -0.17175290823086709
0.13395710736515162, 0.39691672796786553, 0.7294555500537413, -0.674463856841294, -3.0469217401518214, -0.15204539019564245
0.13485197093945536, 0.3975696243474018, 0.7276736050648178, -0.6752452725898069, -3.051053888439058, -0.1336633392351503
0.13565682748296568, 0.3981273146851766, 0.7260451240394479, -0.6758144445211359, -3.0545523731522315, -0.11644914762069192
0.1364427379860998, 0.3985506284627387, 0.724563448128738, -0.6764392004250498, -3.057791806969423, -0.10040227312039014
0.13717690698728172, 0.398985431528596, 0.7231760998666523, -0.6769881638758637, -3.0608517424816832, -0.08558932556729872
0.1378592102577552, 0.3994907586253227, 0.7217849383637014, -0.6773682128128676, -3.063566182524595, -0.07116097552434258
0.13845715938845155, 0.3998645972511154, 0.7206183769795543, -0.6780695634115684, -3.0658698733779537, -0.05862770051378031
0.13896868093542977, 0.4002660675809569, 0.7195244445080653, 0.6777378424768735, 3.0663742773755347, 0.047063781334843485
0.1394666162071821, 0.4005181401295581, 0.7186667283290163, 0.6774573046272343, 3.0648702171465168, 0.037631302684337606
0.13986465690136574, 0.4007410129459717, 0.717848254953863, 0.6771192293981536, 3.0634624182691192, 0.028581937050689458
0.1402313483047554, 0.4010658904708122, 0.7170429871913214, 0.6766613790543404, 3.062257830202723, 0.020422784842485078
0.14056362529780797, 0.401236382000766, 0.7164839320149476, 0.6764626280408025, 3.0613554338743953, 0.014366218062843265
0.14079449620634965, 0.40137099816305744, 0.7160155861913284, 0.6762118613582199, 3.060440388445475, 0.009154232633371296
0.14100677872623377, 0.4015289819202178, 0.7155999179569779, 0.6760004519117196, 3.0597317199270573, 0.0049368950524398825
0.1411441019703775, 0.40162178492002815, 0.715354877657428, 0.676032783139362, 3.0592573938750607, 0.0023075099573785043
0.1412189051940737, 0.4016448181496909, 0.7151915605160681, 0.675927865018713, 3.0589856967324613, 0.0004364157146633517
0.14124941901659682, 0.40165302626345994, 0.7151481929442383, 0.6758419264026988, 3.0588929555095974, -6.927707188003065e-05
0.14124857639068994, 0.40164979551852015, 0.7151501266584295, 0.6757941836077633, 3.0588530491190262, -7.741140832275481e-05
0.1412625016311467, 0.40167244883700953, 0.7151268298470775, 0.6758691749331555, 3.058851696167193, -0.00017618689268677037
0.1412584904801907, 0.4016509187940869, 0.7151416507751516, 0.6758648880413918, 3.0588301032102385, -0.00015200508701717757
0.14126116358666804, 0.4016380480622025, 0.7151499715588976, 0.6758668601727835, 3.0588436627683326, -0.0001349669138953639
0.14126870296800143, 0.40164440653158323, 0.7151448049096866, 0.6759366889680151, 3.0588057501506727, -0.00011155459758383125
0.14128912529321203, 0.40165459454395797, 0.7151307441032033, 0.6759331451622136, 3.0587974181106996, -0.00020529488852830003
0.14127396906082326, 0.4016487605006771, 0.7151465896425571, 0.6758427687483635, 3.0588228292530117, -0.0001490615813276238
0.14127910035132962, 0.40166792921724753, 0.7151216400638478, 0.6758613128739298, 3.0588218926106125, -0.00024501077879080044
0.14127361910515354, 0.40166001756163616, 0.7151242757424445, 0.6759341243023591, 3.0588039565859937, -0.0002629584697741344
0.14127666728177782, 0.4016719422526774, 0.7151253357328665, 0.675893554301398, 3.058792364026504, -0.00021993707997213912
0.14127860421897437, 0.40166053550880576, 0.7151344131794292, 0.6758996285857811, 3.0588188886713135, -0.00018869754891397185
0.14127860421897437, 0.40166053550880576, 0.7151344131794292, 0.6758996285857811, 3.0588188886713135, -0.00018869754891397185
0.14126596587029044, 0.4016754023641896, 0.7151253269188461, 0.6758044028548372, 3.0588241381573207, -0.00022277299363364123
0.141283942449491, 0.4016588025524957, 0.7151397881556291, 0.6758328549999993, 3.058776521886458, -0.00013818728185333165
0.14128496686976083, 0.40166512278641503, 0.7151283996870501, 0.6759325985222515, 3.05879579181494, -0.00022285053484728787
0.141272837752873, 0.40170256353550554, 0.7150726079171753, 0.6758754517872814, 3.0588435683592192, 0.00012791155178932146
0.14127162038611235, 0.4017063786442591, 0.7136175071805861, 0.6758299267980274, 3.0588404418056334, 4.627277279729271e-07
0.14127251972458604, 0.40172510324068744, 0.7121285521555569, 0.6758143957449109, 3.058805287763364, -0.0002539227011346586
0.14128709530337202, 0.4017216389430986, 0.7105902147691778, 0.6758797579137513, 3.0586931223198466, -0.0004759019769029762
0.14129972127169727, 0.4017273022126658, 0.7090372508923534, 0.6758760519126659, 3.058691706617275, -0.0006069626574578177
0.1412986188478205, 0.40170630230414406, 0.7076039354900646, 0.6758214230141175, 3.0587430029702958, -0.0005562876167561141
0.14131031542923292, 0.4016585525811368, 0.7060560606669517, 0.675918648231132, 3.0587608539279296, -0.000506265880077085
0.14134626066414832, 0.4016343549682009, 0.7046374094798606, 0.6760785972152534, 3.0586678371941485, -0.0005466887148509926
0.1413672193208562, 0.4016465215726228, 0.7031810794867661, 0.6760951349298946, 3.058552661434124, -0.0008775479051808145
0.1413660733288532, 0.40164922058018754, 0.7016030420301181, 0.6760689125759894, 3.058547265064275, -0.0009479839764813502
0.14138018612050476, 0.4016381104666004, 0.700193055120048, 0.6760800579584535, 3.058553289842334, -0.000681155754666715
0.14139015734420374, 0.4016493454840581, 0.6985962358514072, 0.6761533460184943, 3.0585682925974007, -0.0008179121735951093
0.14139945621194133, 0.40163555552096225, 0.6970140040121066, 0.6761657837833563, 3.05858041623109, -0.000988948179120666
0.141409100483281, 0.4016192530069976, 0.6955093753546366, 0.6762023152781705, 3.05853861445282, -0.0010149439622144482
0.14141491906795547, 0.40168217538042683, 0.6940855569875343, 0.6761823423704617, 3.058512625047084, -0.0010015556012029183
0.14142512687968026, 0.40165507250396304, 0.6926012823561153, 0.6762862092874113, 3.0585338547189678, -0.0012362804258587614
0.14142314308379622, 0.4016225203900986, 0.6912339687573413, 0.6762539696341054, 3.0585418664548394, -0.0010216716361556423
0.14143720372343205, 0.4016021686936531, 0.6897419963463268, 0.676336798324277, 3.0585474171420564, -0.0010789821309579839
0.14144095323706163, 0.4015885990562789, 0.6883228559256881, 0.6763859006514765, 3.0585811663870732, -0.001046407387064391
0.1414271927599616, 0.4015637294354036, 0.6867515250331541, 0.6763540839484022, 3.058581887095628, -0.0011530122339794462
0.14142020651339002, 0.40156111764471175, 0.6853222940786403, 0.6763564150739929, 3.0585834753858854, -0.0011670829167072607
0.14143811270561665, 0.40158400564672647, 0.6838430681224025, 0.6764465821149563, 3.058534603730033, -0.001116275612766945
0.14143623350085202, 0.40151677428694155, 0.6823264475831122, 0.6764127462954445, 3.0585400987913904, -0.0011684610058642882
0.1414347408380813, 0.40155336446314294, 0.6807014239233125, 0.676464870703135, 3.0585580108310015, -0.0011518004156452258
0.14144567732545107, 0.40151070424240426, 0.6792856606638427, 0.6763722656791087, 3.0585239538629665, -0.0016069946134796868
0.14145415103750691, 0.4014989316148322, 0.6778882777033844, 0.6763745772522441, 3.058432038541379, -0.0012949993439439688
0.14148225091761105, 0.40135728655079117, 0.676449034462059, 0.6764594308027658, 3.0584680576845136, -0.0012626817679975864
0.14147034469021677, 0.4012963951615771, 0.6750494258610059, 0.6764216950724361, 3.058533982381156, -0.0008161871118434263
0.14147681333592077, 0.401268587306223, 0.6737586401067045, 0.6765159868742062, 3.058536905864256, -0.0005852773654714152
0.14148522145191467, 0.401287968462899, 0.6723616841830159, 0.67642257569066, 3.0585154364853926, -0.0011570543605445335
0.14150076430576938, 0.40124821425196094, 0.6711832399507538, 0.6763527491333393, 3.058521668577349, -0.0012608604606862807
0.14150217877012453, 0.401219022157565, 0.6699744483242689, 0.6764474797366681, 3.0584876983970455, -0.001400282320372574
0.14151338433399582, 0.40115578295756776, 0.6688738348822859, 0.6764287489527762, 3.0584690424664873, -0.0013850667883534898
0.1415053192531037, 0.40113574206728075, 0.6677968932461693, 0.676350133804319, 3.0585392627687704, -0.0014825761188678752
0.14151025807840611, 0.40113871768033604, 0.6666567237969733, 0.6762907782556411, 3.058521532221841, -0.0016752360748015602
0.14151735598460155, 0.401184463578145, 0.6655631238711963, 0.676177912650713, 3.0585295882690153, -0.0018508965024641407
0.14151850931666335, 0.40121157262578, 0.6645026405768965, 0.6761264730449754, 3.0585161935031566, -0.0026124579483499557
0.1415260902765873, 0.40114663038627446, 0.6634221840026175, 0.6761701566821701, 3.0584758948792286, -0.003050296112571779
0.14152809801471639, 0.4010984589927617, 0.6623621568898023, 0.6761600563282558, 3.058511895942186, -0.003084611560220984
0.14152479279900884, 0.4010547247332105, 0.661382971474228, 0.6764474712726748, 3.058380324801652, -0.0036451640805268038
0.1415238133473756, 0.4011088992404142, 0.6603944780707807, 0.676470316227595, 3.05833463177408, -0.0039276373633958875
0.14152520822129386, 0.4010767975414121, 0.6593089950113502, 0.6765122603113607, 3.0582838592011314, -0.004343827719090421
0.14153414866160122, 0.40111073557515664, 0.6582661091179891, 0.6765527744207602, 3.058243018555375, -0.004914088875960594
0.14153305724282636, 0.40111098801843714, 0.6572500168249173, 0.6764461390661932, 3.0582287255145317, -0.005293076825168256
0.1415384085801257, 0.401078510381183, 0.6563318590908048, 0.6765198313210314, 3.058179332701032, -0.005747340425923973
0.14152640870429525, 0.4010918990876124, 0.6553049953182764, 0.6764514137405652, 3.058217079670119, -0.005761349806451431
0.14152578625127543, 0.4010118578190131, 0.6544070378569616, 0.676337032826933, 3.058239964972511, -0.0056532903058662595
0.1414959634684143, 0.4007284391687535, 0.6538237715425606, 0.6762587852239291, 3.0584616302161547, -0.004074086815650523
0.14148376294149773, 0.4004025091364003, 0.6536565885925711, 0.676590066224462, 3.0585714100035344, -0.002069524736789036
0.1414823257383483, 0.40014672143328145, 0.6535038430288224, 0.6765574813668078, 3.058667613135993, -0.0008970139063876019
0.1414786699046761, 0.3999839475039609, 0.6536128334476331, 0.6766697652306989, 3.058769610433268, 0.0001562138523765802
0.1414892733601862, 0.3999643858327353, 0.653554952591195, 0.6766730804632698, 3.0587623653654736, 0.0003460069786942852
0.1414922274416728, 0.39988377681479315, 0.6536053678535689, 0.6764031393128936, 3.058848450870581, 0.0004902417634250511
0.14151018879714264, 0.3998689095281243, 0.6536264810446335, 0.6766087210535598, 3.0587454589310865, 0.00040852820851779544
0.14151694089438366, 0.3998718908503572, 0.6536400872217751, 0.6765023381938865, 3.058796562809471, 0.0003071812152479821
0.1415205703442437, 0.39988382403072603, 0.6536561970725885, 0.6764319158747161, 3.058831164320596, 0.0002465780582133258
0.1415143910001364, 0.3999189143331615, 0.6536680764856296, 0.6765556465913845, 3.058786155417767, 0.00019333233399316987
0.14151959568658967, 0.3998943494956409, 0.6536874599311439, 0.6764874815914442, 3.058759102213682, 1.3663008014347813e-05
0.14153141480893225, 0.39990623384814017, 0.653686361877042, 0.6765781474264158, 3.0586337874398466, 0.0002082992033087179
0.14154951963781187, 0.3999213438222784, 0.6536723659249158, 0.6765426039720503, 3.058631630046912, 0.0003607975859863848
0.14153874214426557, 0.39988648669323257, 0.6536452528076162, 0.6766240489431758, 3.0586499213157015, 0.00035317487701728816
0.14154602377428474, 0.3998812310101588, 0.6536230992851121, 0.6766875440010146, 3.0586673318843633, 0.00042226953965644157
0.14153891168855784, 0.399863830505643, 0.6536653212728271, 0.6764780607639552, 3.0587508980487557, 0.0006780219820509025
0.14153409610661039, 0.39984324358296947, 0.653623094495351, 0.6767073249029175, 3.0587366334399224, 0.0006708678842085188
0.14154996886306276, 0.3998269697807468, 0.6536433314560154, 0.6767316054992817, 3.058739115352303, 0.0010105859135977197
0.14155120187659248, 0.39980702617627517, 0.6536156333009177, 0.6764418633649462, 3.0588203064105555, 0.0009290147955617894
0.1415613707775622, 0.3997973939528932, 0.6535994861026426, 0.6766936136194703, 3.0587452435992035, 0.0008579536559843398
0.14156479738812466, 0.3997844420289262, 0.6536197751442153, 0.6766099425569765, 3.058717035715821, 0.0008876863151761708
0.14158744297055026, 0.3997888568573444, 0.6536294721593683, 0.6769657241569346, 3.0586716187966108, 0.0009761009248619514
0.14160601082436566, 0.399797975572137, 0.6535909138497207, 0.6769363041912032, 3.0586289890115856, 0.0008528930539323537
0.14160671272767844, 0.39978502405996175, 0.6535990514546072, 0.6769235905947905, 3.058663011473415, 0.0007898225912299527
0.14160715583397612, 0.39977567066338876, 0.6535968176537912, 0.6768693183568315, 3.058671695051211, 0.0008846489283497985
0.14162539564689727, 0.399748796435349, 0.6535700836123641, 0.6769584092597728, 3.058713116420465, 0.0010033061007034265
0.14163330494762502, 0.39970868957778216, 0.6535553937038968, 0.6767869765328478, 3.058728016817877, 0.0008933924826683167
0.1416534426679176, 0.3997348442209652, 0.6536224083643801, 0.6767683499958678, 3.058722514618932, 0.0011794852785483394
0.14165933960901755, 0.3997260673482498, 0.6536134438543032, 0.6767940607668615, 3.0587515094299276, 0.0011526267888565098
0.14165633476151698, 0.39967732193967576, 0.653548588305048, 0.6769378039285726, 3.0586783777528246, 0.0013701993551189842
0.14166477263849855, 0.39963619659808325, 0.6534827736651025, 0.6768800179404472, 3.0587452232635908, 0.0015459366453815088
0.14167470064109772, 0.39960510991679576, 0.6535408172063355, 0.6769424143130652, 3.0587445794492703, 0.0019413994590802555
0.14168524392340132, 0.399561242607702, 0.6535528722342263, 0.6772451942374514, 3.0587093086586856, 0.002144213001873167
0.14169042676594432, 0.39955181314733873, 0.6534934902685834, 0.6772226823973494, 3.058693187141651, 0.0020535528561332894
0.14171221936807643, 0.3995139694934502, 0.653431772317766, 0.677119311042683, 3.058728153496402, 0.0021807902673199116
0.14170510601080993, 0.39949799042887535, 0.6534285571032078, 0.6770918511486093, 3.058765808998018, 0.0023820347710165296
0.14172708494838768, 0.3994692828236887, 0.653521154255782, 0.6773306522542727, 3.0587018000856774, 0.0027834131167959863
0.1417529901244365, 0.39945731490059416, 0.6535220524735609, 0.6773466094072069, 3.058681075043538, 0.002863439147118052
0.1417668725314799, 0.3994748568004926, 0.6534985683322951, 0.677464835368412, 3.058684392923281, 0.0029127091662016808
0.1417773211535743, 0.399446687056419, 0.6535027126562871, 0.6774124400003364, 3.0586180324157715, 0.0030051575921595775
0.1417730370611146, 0.3994411605105384, 0.6534448171050816, 0.6774460201387218, 3.0585913781259575, 0.0029350469600595845
0.141772359230152, 0.39939473187047975, 0.6534055103492437, 0.6774770724999198, 3.0586263179448796, 0.0031142938316367657
0.14178618143034014, 0.3993675122793149, 0.6533844929923441, 0.6776598344719489, 3.058577274151741, 0.0031542585207204616
0.14176708582410816, 0.3993883452347053, 0.653375264050343, 0.677487513629223, 3.058648787352106, 0.003374550172163549
0.14177700923302455, 0.3993544713125378, 0.6533858902613675, 0.6776293291179776, 3.0586168713548387, 0.0031092338660926346
0.14178089589437765, 0.3993554275003695, 0.6533930258529368, 0.6776105658176564, 3.058626158225884, 0.0030323820630629122
0.14177252787562822, 0.3993465817684272, 0.6534047207194452, 0.6776534599793175, 3.058574742999179, 0.0028529056675236416
0.1417833645679749, 0.39934473463292147, 0.6534736766453811, 0.6776114365180441, 3.0585717958216727, 0.002854389779179099
0.1417962050581402, 0.3993947767631166, 0.6534139449272255, 0.6775814709705268, 3.0585192120492026, 0.002754088644359005
0.14181341261596825, 0.39938364102840657, 0.6533942332482544, 0.67770478426764, 3.058460669677946, 0.002817699351230355
0.1418068922388683, 0.39939772662060025, 0.6533432350653032, 0.6777307795841394, 3.058458977535046, 0.0031205332787187855
0.14181315120861102, 0.3993654302856095, 0.6532990140179146, 0.677548049747537, 3.0585026101634707, 0.0030242884994545866
0.141817313184653, 0.399355523665191, 0.6533103361580619, 0.6775471874478209, 3.058502713626775, 0.0030233845928391806
0.14181413175263108, 0.3993586901507503, 0.653239093521448, 0.6774022993469193, 3.058549717311572, 0.0027914799059386946
0.14180191529122277, 0.39936139569899654, 0.6533150179706317, 0.677490650657461, 3.058516718506297, 0.002909381163605933
0.14181904627851621, 0.39931447066791054, 0.6533169654809152, 0.6774221253589495, 3.0584930706237343, 0.0026325960113169045
0.14184323305719115, 0.3993162325339929, 0.653318508967092, 0.6773990948228437, 3.058463751046986, 0.002791876803330807
0.1418412854669291, 0.3993053389448502, 0.6533244460599845, 0.6773929818530972, 3.0583590611934217, 0.002721553220571588
0.14183956618038726, 0.39931172902252493, 0.6532996644544761, 0.6772723759942453, 3.0584135373976746, 0.0027517338932360347
0.14185048917150156, 0.3993324302695943, 0.6532603376005958, 0.677237832918398, 3.058400659893539, 0.0030584703750365424
0.14185481750079018, 0.3992963088590369, 0.6531777828403945, 0.6771269106597917, 3.0584042207403397, 0.0031001165480340053
0.14187057411306625, 0.3992274040997845, 0.6532433143629145, 0.6771840428077046, 3.0583989319544123, 0.0033070573745646913
0.14185636355172374, 0.3992549936148948, 0.6532438630589115, 0.677167759995138, 3.058390821280465, 0.0035750840987401502
0.1418701322896001, 0.3992410055260684, 0.6532505344548285, 0.6774274766964747, 3.058344026418813, 0.0036873370357258474
0.14186523208453747, 0.3992586695418312, 0.6532140470792864, 0.6771810620165415, 3.0583770992710337, 0.0033312471172845842
0.14187626831675493, 0.39924602320689895, 0.6531634017817806, 0.6771422836690463, 3.058366516208126, 0.0033915231320798887
0.1418922264412734, 0.39925445472800625, 0.6531791030158087, 0.6771704306330109, 3.0583118638295366, 0.003534860029696124
0.14190082929909084, 0.3992247308875846, 0.6531465857298389, 0.6771194023341821, 3.0583265894828915, 0.003703206740667731
0.14189897059993645, 0.39916916760579746, 0.6531297317240643, 0.676884716111494, 3.0583768440825323, 0.0039483417702196565
0.14190593449956257, 0.3991302296393777, 0.6530724043814272, 0.6771321048334958, 3.058341386579469, 0.004152310201340312
0.14191457833635707, 0.3991303015899061, 0.6530582905955045, 0.6770008972305853, 3.0583665489978578, 0.003980933572770753
0.14192641197491104, 0.39909862196473156, 0.6530434236440431, 0.6771951534361423, 3.05828209842626, 0.004066918314148985
0.1419433677442353, 0.3991123459813489, 0.6530694555164414, 0.6770699627940435, 3.058313414559321, 0.004236954744162708
0.1419442534392541, 0.3991089798865993, 0.6531035185910646, 0.6770496273961004, 3.0583111015436018, 0.004294960178261879
0.14194719106966133, 0.3990961344783805, 0.6531155511486213, 0.6772193599657507, 3.0582927970881, 0.00436752496618008
0.14196710997907433, 0.39912309590880185, 0.6530666053690912, 0.6772166402091069, 3.058264241553973, 0.004448842204246306
0.1419815468170894, 0.3991045317290123, 0.6530192121006942, 0.6773248594108362, 3.058129237383849, 0.004586211121505223
0.14198409769714035, 0.3990590394437337, 0.6530168987991863, 0.6773368394729375, 3.0581055067657203, 0.004495737046735809
0.14197941887453072, 0.3990460733496149, 0.6530297639580217, 0.6772111708928082, 3.0581351662876477, 0.004647248653543137
0.14197930956008267, 0.3990571966169923, 0.6530358007429237, 0.6772264572393715, 3.0581773189574806, 0.004996988347330594
0.141990890361244, 0.3990298358055847, 0.6529855419684182, 0.677180023583471, 3.058211756843528, 0.005122809145298536
0.14201182128204817, 0.398995440925635, 0.6529560895133173, 0.6772966272942935, 3.058206595862913, 0.005212156360972277
0.14201342509950304, 0.39897881584894807, 0.652945770707687, 0.6773874377002628, 3.0582424235524783, 0.005542437454628647
0.1420549099506003, 0.3989348794821625, 0.6529195267394481, 0.6773581520227928, 3.058092357929084, 0.005725927210262241
0.14205872973238637, 0.39895044538913477, 0.6528830776070821, 0.6772163721272189, 3.058144393280207, 0.0056834793897809115
0.14205554372496915, 0.39894338942979723, 0.652854289795213, 0.6774199103495007, 3.0580908378160365, 0.005855485004636831
0.14207165003955582, 0.39894929506491994, 0.65285401222955, 0.6773089873458589, 3.0581082162923323, 0.0059132760069459675
0.1420742372061894, 0.3989188438048385, 0.6528722236545527, 0.6772640251001131, 3.0580988998063097, 0.005708996597869211
0.14207874789339514, 0.3989146182844484, 0.6528995751075086, 0.6772563106838266, 3.058083213617679, 0.0055241024555961905
0.1420850336147103, 0.39891914689264274, 0.6528982694169952, 0.6772478856247308, 3.0580588989108017, 0.005377328504091046
0.1420866765742825, 0.39894931202933287, 0.6528606490800551, 0.6772419116055032, 3.0581156003372008, 0.005308267674878541
0.14210352164543738, 0.39893966491008903, 0.6528543603272783, 0.6773305890600951, 3.058146384387607, 0.0055811321724319645
0.1420989633822651, 0.3989433725235628, 0.6528809061221647, 0.6772949006964554, 3.0581596071518615, 0.005637291046743991
0.14209075865610893, 0.3989729843134423, 0.6528372084061822, 0.6771229945980605, 3.0581523857992177, 0.00568392094201126
0.14209832246742463, 0.39899310908215796, 0.6528090252258767, 0.6771825845176433, 3.0581428066686076, 0.0058536526007259455
0.14210899544739045, 0.3989680444429427, 0.6527829649837972, 0.6770793260306318, 3.058094166766906, 0.0060188034947880106
0.14212001536003202, 0.3989328953249975, 0.6527749670068513, 0.6772102563028106, 3.0580774396515973, 0.006016951559424335
0.14211659966530768, 0.3989376874862143, 0.6527658402365116, 0.6772139571328629, 3.058080126593119, 0.006186804776344273
0.14212153951555234, 0.3989682796774975, 0.6527329261183593, 0.6771412290219013, 3.0581046267566507, 0.0060131861379688145
0.14211637112784198, 0.39898011934182553, 0.6527090348649717, 0.6771439096779373, 3.0581146709486613, 0.005993676968704522
0.14212442606705258, 0.39897816775730477, 0.6527090646816271, 0.677117853216511, 3.0580838633552485, 0.006001439018812435
0.1421287952237745, 0.3989865391443818, 0.6527032932661748, 0.677117238704333, 3.058087282729668, 0.005903994624460543
0.1421340119766443, 0.3989610662156817, 0.6527239091407296, 0.6771465053174901, 3.058052919908187, 0.005872427362805408
0.14212327055831658, 0.3989572613864369, 0.6527056359825314, 0.6771146670604369, 3.0580010439787713, 0.005772729405418686
0.14215441638784482, 0.39895768839868634, 0.6526896171779334, 0.6772714745875648, 3.058007817412007, 0.005818835911437056
0.14217214081702972, 0.3989529884614698, 0.652676689187257, 0.677105561543184, 3.0580234367823116, 0.005993253206536137
0.14217700924440108, 0.3989160412390767, 0.6526618444971516, 0.6771481457797265, 3.0580398728299514, 0.006005476502720481
0.14216403795241475, 0.39893984850876185, 0.6526337655363003, 0.6770766900479077, 3.0580593246794296, 0.006044066627638338
0.14217024445246615, 0.3989268342149391, 0.6526255761519122, 0.6771159221967377, 3.058043711367577, 0.00623487588490062
0.14216602738038342, 0.3989287965539621, 0.6526206065096366, 0.6771438226171937, 3.058084417441673, 0.0062058151857807544
0.1421643519746159, 0.39889186030498114, 0.6526174320918239, 0.6770681071167935, 3.0580906905360132, 0.006226596353791516
0.1421749196162793, 0.3988883531799924, 0.6526594517203935, 0.6771466762288032, 3.058036773563787, 0.005969276509800205
0.14218600411781349, 0.39891965186646533, 0.6526385565074798, 0.6771530739624468, 3.0580562084127205, 0.00605932788416424
0.14217998055495137, 0.39895659434038505, 0.6525511407320197, 0.6770627887359618, 3.058065473693947, 0.0060788957317771735
0.14217339258638495, 0.39894042515952316, 0.6525375880602492, 0.6768960568045304, 3.0580744747151267, 0.006311538448460521
0.1421803066464722, 0.3989145453234319, 0.6525398042799841, 0.6768907055622393, 3.058115531534099, 0.006605469054908674
0.14217495280504042, 0.39887933246276897, 0.6525164064352038, 0.6769092956041041, 3.0580992954701554, 0.006741126134059379
0.14217309496378328, 0.39883919265212614, 0.6525120678875954, 0.6769477285230094, 3.0580906793360407, 0.006873304479956695
0.14216673033615393, 0.39886475891418666, 0.6524759160574158, 0.6769122902024396, 3.058114274988258, 0.006643603931007115
0.14218477413228, 0.3988436394856766, 0.6524860636624936, 0.6769479034225672, 3.058104440855739, 0.0066238650059903615
0.14216827566695348, 0.39885709434488664, 0.6525030439257075, 0.6768812029002383, 3.058079435594535, 0.0064626425003223254
0.14219068946779417, 0.39884380900738764, 0.6525045646883526, 0.6769737638388095, 3.0580674495669498, 0.006422600053411611
0.14218787053999007, 0.3988434187459698, 0.6524906085125497, 0.6768897989849804, 3.05804603205434, 0.006260755226990733
0.1421803457200858, 0.39884445689131903, 0.6525016236552029, 0.6769047746503394, 3.0580237438400064, 0.006321956170378144
0.14219387818904342, 0.3988587113193131, 0.6524505503583107, 0.676892648576867, 3.0580487047257083, 0.006296774916923954
0.14218605533768103, 0.39880308074150284, 0.6523812264816818, 0.6769639867172104, 3.0580641542550437, 0.00676318447243721
0.14220053053942894, 0.3988158570878429, 0.6523494918876649, 0.6770172399044975, 3.058050529503338, 0.006612471319459877
0.14220633389731493, 0.3987913401656223, 0.6523739032715885, 0.6770383020637034, 3.0580665781318186, 0.006569197979364858
0.14221175866158675, 0.3987836176925352, 0.6524003909619613, 0.6770687806036526, 3.0580409278218847, 0.0064986990345454534
0.14220471541054347, 0.39879836331567964, 0.652419230280208, 0.6770412068431292, 3.0580886427809495, 0.00654613790048687
0.14222796898755846, 0.39883267990156346, 0.6524004107209742, 0.6769618054702031, 3.058081675435838, 0.006417656255195895
0.14223764811258505, 0.39884096194850105, 0.6523763068170852, 0.6770428850357101, 3.0580134516495314, 0.006410104289342278
0.1422446278587965, 0.3988536653767842, 0.6523346675995799, 0.677122224045119, 3.0580026861418275, 0.006616156095279986
0.14227898887621154, 0.3988458021833674, 0.6523199002535677, 0.677076229079287, 3.0579585852272966, 0.0067021190235268075
0.14227372031354532, 0.39879735924023674, 0.6523002775268031, 0.6770180313546095, 3.057947127015631, 0.00684005948389335
0.14228929913053534, 0.398824066478903, 0.6522658136419689, 0.6771463424503155, 3.057918670498079, 0.006707441086987096
0.14228987464207518, 0.3988259062774691, 0.6522540044938874, 0.6770558903884076, 3.0578657923277874, 0.006590505378014063
0.14229439359847174, 0.39881886058415195, 0.6522789138590918, 0.6770625215066255, 3.057885073142993, 0.006812737600135933
0.14230012087167412, 0.3988097335367049, 0.6522544535856237, 0.6771163841259351, 3.057883522397483, 0.006526845569672919
0.1423063201270899, 0.3988341531051476, 0.652242489647803, 0.6770898964623822, 3.0578458760542793, 0.006592069947964845
0.14230152724590095, 0.3988370155886191, 0.6521985867043603, 0.6770514626675453, 3.057845766337167, 0.006500440833527348
0.1423065276316755, 0.39882367554703146, 0.6522142235069046, 0.6771569010182789, 3.057805192707293, 0.006447304816192649
0.14231783389865246, 0.3988003347336126, 0.6522355570079397, 0.6770893693031804, 3.0577748382774357, 0.0063623090206231985
0.14233846698015748, 0.39881422355732776, 0.6522038725154851, 0.6771814534912145, 3.0577526207943317, 0.006343552737676078
0.1423217571321807, 0.398823227539897, 0.6521839097788058, 0.6770372710695072, 3.0577774169656657, 0.006532855473341711
0.14232534345518252, 0.39882637413878747, 0.6521560993183877, 0.6770394616268147, 3.05776294814295, 0.0067824629614275656
0.14234596496048152, 0.39883421561258675, 0.6520716682288364, 0.676954272037941, 3.0577154421310286, 0.006737918762090379
0.14235516896499537, 0.3987884171563764, 0.6521088987037518, 0.6769985885735396, 3.057740317340837, 0.006844559435731009
0.14234519246632038, 0.39879976710043863, 0.6520999165026383, 0.6769891895504973, 3.0577701339526717, 0.007009177839246143
0.1423439630231335, 0.39880739372996193, 0.6520595367466097, 0.6768832536810466, 3.0577363260751786, 0.006794449129474013
0.14237304984820276, 0.3987645746099806, 0.6520563537410992, 0.677081601550346, 3.0577424042186943, 0.0070658600483801395
0.14236797889446656, 0.3987468334067651, 0.6520797642124831, 0.6770625488985028, 3.0577413380686194, 0.007142519840783269
0.14237898947985045, 0.39874819182427135, 0.6520782408177839, 0.6770980910316446, 3.057724765230332, 0.007181923306401022
0.14238876438351586, 0.39873358187136676, 0.6520433791782481, 0.6770417643929499, 3.057724772677442, 0.007183947602441899
0.1423817202826892, 0.39874934129038586, 0.6520257472300158, 0.6769935056210169, 3.057768421953083, 0.007138185440419528
0.14238063855344682, 0.39869883952556795, 0.6519863099494573, 0.6769628700389544, 3.0577992960815767, 0.007132514931165355
0.1423992686927829, 0.39870793732248994, 0.6519777483659323, 0.676900094218082, 3.057774713118644, 0.007121190687144011
0.14239468993588084, 0.3986742710796971, 0.65204911487782, 0.6769449322921267, 3.0578047508884083, 0.007283080034804461
0.1424100284965253, 0.3986821557581964, 0.6520362207249978, 0.6770018889451843, 3.0577955546236977, 0.007320486001960788
0.14242944029875368, 0.3986652799845317, 0.6519857547403151, 0.677021296537287, 3.057784177455178, 0.007379379324177332
0.14244289977603827, 0.398648743385668, 0.6519675882860859, 0.6770389926316026, 3.05777650947039, 0.0073404978918750734
0.1424480468010953, 0.39863212631517403, 0.6519532000473314, 0.6771019960309506, 3.0578007465392174, 0.007352419817642687
0.14245735366124798, 0.39863286003726134, 0.651938390146926, 0.6770396589284644, 3.0577726469747812, 0.007436459038041855
0.1424439373071267, 0.39861356085315686, 0.6519585178821784, 0.6771183624427531, 3.057781478691789, 0.007450372767278296
0.14245032606784538, 0.3985970252906336, 0.6519346496674419, 0.6770337251999148, 3.0578294305952536, 0.007500406781140029
0.1424516920062824, 0.39857883927764326, 0.6519409057286742, 0.6771112181880242, 3.0578349635837236, 0.007476052885153839
0.1424602917572722, 0.39858543763749354, 0.6519419941385173, 0.6770076846766871, 3.0578108166823457, 0.0073717948983348614
0.1424659622576877, 0.3985735238085684, 0.6519596391810594, 0.6771262551286111, 3.05782465250545, 0.007401705630478026
0.14251147727269703, 0.39857696122840164, 0.6519218243086263, 0.6772191076184448, 3.0577983255245704, 0.007477071587064582
0.1425138662118179, 0.3985803781059828, 0.6518781527436417, 0.6771233706822772, 3.057793237713947, 0.007462694186485066
0.14253277542451154, 0.3985427654661215, 0.6518626345262893, 0.6771533211775158, 3.0577568683278606, 0.007411287271276467
0.14254521236000095, 0.3985380067313281, 0.6519233697450973, 0.6772450552560868, 3.057800479400482, 0.007832947443208423
0.14253784761207705, 0.3985042489646058, 0.6519309424380779, 0.6771622666527066, 3.057842851771853, 0.008093551715272268
0.14253569863109913, 0.39846095977684204, 0.6518688930181262, 0.6771870988041173, 3.0578437749806535, 0.00829879082003837
0.14253901308329914, 0.39843147572899085, 0.6518399274544684, 0.6771720848063201, 3.0579229548150324, 0.008584002206841305
0.1425363570711998, 0.3983945643106527, 0.6518429148321246, 0.6771831006175042, 3.057949611999036, 0.00889958389211741
0.14253452934602193, 0.3983391744737688, 0.651836991730328, 0.6771199313090375, 3.0579783421697635, 0.009331721212842847
0.14256139210749919, 0.39834021455480556, 0.651811803380679, 0.6771965544848954, 3.0579572239682653, 0.00955817268622409
0.14255193790487275, 0.39830095255484377, 0.6517847090066063, 0.6770319759367462, 3.0579757536734293, 0.009769613736273962
0.14254708241300865, 0.39830072065974803, 0.6517923012562862, 0.6769102840893758, 3.0580196868146254, 0.009956156388286898
0.1425511989541213, 0.3982907820907406, 0.6517644007390633, 0.6769815893027497, 3.0579970760397748, 0.009881684883724736
0.142552203263642, 0.3983265785037831, 0.6517133204856261, 0.6768103877026972, 3.0579963733630366, 0.009869743943170767
0.14257005856876795, 0.39830224393261826, 0.6517283132954343, 0.6769082949564024, 3.0579916872825326, 0.010055731086130138
0.1425526578820603, 0.39829463165762136, 0.6517563029610797, 0.6768763088308191, 3.0580249561664705, 0.010069305340233927
0.14256639037273958, 0.39828114292347916, 0.6517793943566274, 0.6769714216839897, 3.058015753330522, 0.01019856201975695
0.1425751160624222, 0.39826696269629586, 0.6517965817063002, 0.6768594287461086, 3.058036842174357, 0.010161455806982708
0.14257060680163672, 0.3982871463094392, 0.6517811434095465, 0.6768214947373862, 3.058045518000593, 0.01002872161633936
0.1425856245859948, 0.39830012869155873, 0.6517635997250354, 0.6768326066883501, 3.0580027180504836, 0.010130624000765127
0.1426034616346944, 0.3983272267716362, 0.6516958236523549, 0.6769301219237379, 3.057982426833411, 0.010281725046637612
0.14262442933855693, 0.3982653460150927, 0.6516597166630568, 0.6770453884019662, 3.0579616115710775, 0.010470247910700515
0.14262596121184445, 0.39826433585295273, 0.6516384965425094, 0.6769578234412317, 3.058008558829683, 0.010368607571350143
0.14263691531050998, 0.39828030094852224, 0.6516241155879581, 0.6770650583555432, 3.057974540371707, 0.010255699429986928
0.14262077359292888, 0.39824682662289024, 0.6516501510309568, 0.6769711295339278, 3.0579884286281973, 0.010314589188994387
0.14261279670938926, 0.3982640992985708, 0.6516463395790955, 0.6769216992744203, 3.0580360407664604, 0.010173887821296378
0.14263002882555248, 0.3982468726145468, 0.6517250204775034, 0.676972432750578, 3.05802678880852, 0.01006144587869708
0.1426277862542357, 0.39822458180241693, 0.6517346109677635, 0.6769447647739105, 3.0579877141940055, 0.01010902114232087
0.14263510792548925, 0.39825538358252766, 0.6517247314154963, 0.6769326877272333, 3.058003892579727, 0.010257304508326284
0.14264513202294796, 0.39828063637044236, 0.651641574060561, 0.6767481233088695, 3.058016150530213, 0.010355734737724538
0.14261417654878727, 0.3982458894980864, 0.6515712109619385, 0.6767340379827774, 3.058019255740432, 0.010489452672413836
0.14262864473898076, 0.39819623687332256, 0.6516228256092904, 0.6767417245807361, 3.0580250473817383, 0.010979445363747144
0.14262212051526837, 0.3981887883761699, 0.6515942389869207, 0.6766594545631307, 3.0580704140995016, 0.011143608067669375
0.14263488966249427, 0.39817063774427286, 0.6515691884510644, 0.6766516693074649, 3.0580267308336095, 0.011191445922320955
0.1426404838703568, 0.3981584594826018, 0.6515401036815563, 0.6766388318916131, 3.057959888362708, 0.011243408953832508
0.14264293094588176, 0.3981686165184216, 0.6515190217405014, 0.6766097652992026, 3.057901965987209, 0.011353106391038124
0.14265101023375418, 0.3981459365480199, 0.6514840615625349, 0.6766314473336592, 3.057903567131587, 0.011425265083441438
0.14265867145310743, 0.3981255409603968, 0.651480431819758, 0.6766744042181697, 3.057840289470342, 0.011380448745306701
0.14266360589687824, 0.39813352588559064, 0.6514706721944761, 0.6766816772938323, 3.057786726169021, 0.011354076667939268
0.14266838013881622, 0.398131468784082, 0.6514783769407314, 0.6766447358244788, 3.0577947351502544, 0.01135370814114889
0.14267886930538357, 0.3980830366468557, 0.6514246293895823, 0.676715010615741, 3.057743976410417, 0.011512761700150967
0.14266919618109444, 0.3980781308599696, 0.6514090886761155, 0.676574622502054, 3.0577142481485073, 0.01152576924035037
0.14268217415955534, 0.39807114581254505, 0.6513892924980861, 0.6766598367746819, 3.057683704578565, 0.011262912570500988
0.14270156746559517, 0.39803415278339604, 0.6514301171982032, 0.6766488153243093, 3.05757540125313, 0.011002214736632102
0.14271024349025654, 0.3980412096125576, 0.6514946198413366, 0.6764839174681347, 3.057554931231535, 0.010787421564744838
0.14272772865059846, 0.39808535364659636, 0.6514805208528522, 0.6764034095269974, 3.0576278807365904, 0.010717650653920496
0.1427184415626554, 0.39809210494999725, 0.65145933204711, 0.6764057055929229, 3.057630815800089, 0.010754237776772504
0.1427443925831269, 0.39809046837975737, 0.6514287600108228, 0.6765544343577671, 3.057519787409574, 0.010713156669911834
0.14275461249607127, 0.3980956079832707, 0.6514152649314142, 0.6764119128591235, 3.057559300823286, 0.010805133431200669
0.14275081189661615, 0.39807273783289043, 0.6513912114548417, 0.676502328040267, 3.0575924821858043, 0.011115843173967134
0.14277825827102864, 0.3980206587879548, 0.651389384955695, 0.6765870341146845, 3.0575474030635905, 0.011101957712517669
0.14279065353984843, 0.3980415736269328, 0.6513416588498913, 0.6764737930407281, 3.0575514741715066, 0.011011229008155998
0.1427859305913425, 0.3980297312096941, 0.6513434617299187, 0.676453676606843, 3.05764451166414, 0.010896782923323418
0.14278789822043508, 0.3979994689068974, 0.651368399841877, 0.6765438342883853, 3.0575559307822666, 0.010685378607686882
0.14279767305870913, 0.39798558445280924, 0.6514167355317386, 0.6764586522227735, 3.0575419425658623, 0.010464076068615427
0.14280291722469624, 0.3980119810401032, 0.6514364983026271, 0.676449793735808, 3.057604887496748, 0.010318542553865783
0.14279800229983766, 0.39804951013745743, 0.6514037687235582, 0.6764542461753308, 3.0575527158067457, 0.010027892792494249
0.14280875135177964, 0.39806826025524583, 0.651415588372226, 0.676523999097192, 3.0575057874859493, 0.010224800144303148
0.1428083805951307, 0.39805631389240476, 0.6514079563473283, 0.6763482076417876, 3.057587673272629, 0.010157009836862352
0.14283944209988894, 0.3980565468945686, 0.6513620272440969, 0.6763557813838917, 3.0575193264965934, 0.010245028733662473
0.14281914138444088, 0.3980830774960141, 0.6513264468767551, 0.6761221577795179, 3.05766589696994, 0.01033677695426303
0.14283792496266232, 0.39805792388740274, 0.6512928566733411, 0.6763441822499839, 3.057613093380709, 0.010432170309221181
0.1428375519713136, 0.39803953372514994, 0.6513001084150232, 0.6762264231771692, 3.0576149414437044, 0.010304138330816942
0.14282919252714313, 0.3980227908135332, 0.6513414623079332, 0.676224536305541, 3.0576263828132375, 0.010152028580147103
0.1428276902279533, 0.39808221094634544, 0.651348582606975, 0.6762241359509177, 3.057630280093782, 0.010057218716668977
0.14283729523283772, 0.3980803061329739, 0.6513285185607732, 0.6761850901620009, 3.057631841197404, 0.009982002836084436
0.14282413560579466, 0.39808530473125237, 0.6513418265313465, 0.6761492436677176, 3.0576362788336997, 0.010077370469214952
0.14283108565133543, 0.3980698202405125, 0.6513366533935928, 0.6761592954737109, 3.057595786143592, 0.010066671650076903
0.1428472400069781, 0.3981323112077626, 0.6512522994145892, 0.6761474382557235, 3.057525197611139, 0.010080684951137725
0.14285841026053, 0.3981504451462707, 0.6512125743337777, 0.676150547584202, 3.057527818693547, 0.01011872281551509
0.14285462906413363, 0.39815041580815874, 0.6512308308362134, 0.6759492419541486, 3.057570008380106, 0.010231321455527829
0.14284392248354444, 0.3981313813783413, 0.651230926551176, 0.6760121779150284, 3.057599841964215, 0.010165909123705477
0.14287124135235615, 0.3981426445649934, 0.6511901375953664, 0.6760796695001365, 3.0575568945813085, 0.010132871552393704
0.1428584566799852, 0.398147134096009, 0.6512060528786466, 0.6760068394266137, 3.0575925134881583, 0.009939537872348293
0.14285111209812829, 0.39811306137121144, 0.6512598247270074, 0.676055621118976, 3.057570233138866, 0.009811434422311388
0.14289215336169458, 0.3981558096609567, 0.6512372376206219, 0.6760585479871823, 3.057436358632717, 0.009441208001135177
0.14291241287185327, 0.39817213879449354, 0.6512217713623357, 0.6760146278606057, 3.057402646381836, 0.009506984089841845
0.1429235980481026, 0.39816545044001844, 0.6511658034426379, 0.6760992146255437, 3.057470406053696, 0.010053928082719916
0.14293096895228463, 0.39812002023506965, 0.6510946813958153, 0.6761188466746263, 3.057458756419212, 0.010111669008196966
0.14294288958571885, 0.3981330712658781, 0.6510772637810273, 0.6761570371575234, 3.0574464168261946, 0.010206476079926068
0.1429442002172997, 0.39813093653397563, 0.6510928496284155, 0.6761452776688753, 3.0574855172170454, 0.010199079289341002
0.14295203759777533, 0.3981052088262277, 0.6511011453547595, 0.6761775393017022, 3.057468135367591, 0.01008729773467508
0.14297336284599707, 0.39809946823075293, 0.6511134250790541, 0.6762250747083366, 3.057428088248453, 0.010036617403669335
0.14295677568063303, 0.39808878751735427, 0.6511529404390187, 0.6760984109424196, 3.0574698161746365, 0.010051666955350818
0.14296687396855529, 0.398123204090715, 0.6511179947376908, 0.6761296810216115, 3.057359752996179, 0.009866176177595267
0.14296316765819359, 0.39810229096165795, 0.6511371972725913, 0.6761203654900427, 3.057397944268698, 0.00999092622529885
0.14297601768463006, 0.3981493188144291, 0.6510400600430222, 0.6760078367764097, 3.057383949840307, 0.010112166446702864
0.1429846703424826, 0.39812776475802614, 0.6509715294278673, 0.6760562003262103, 3.0573206757383935, 0.010216974386007868
0.14297414243441867, 0.39813194814804137, 0.650959940116011, 0.67587994285916, 3.057383431899791, 0.010343825980065082
0.14297204211859882, 0.39806844630398164, 0.6509821324328124, 0.6758838289414529, 3.057406781202208, 0.010338428632671492
0.14296244756741278, 0.39810120459284354, 0.6509737036546178, 0.6758791468275401, 3.0574070247625054, 0.010055713340028131
0.14296910072411917, 0.39811070678612465, 0.6510066239356511, 0.6757962205313461, 3.0573978318563215, 0.009891477623823173
0.14298634624818327, 0.39812937810688664, 0.6510213277543145, 0.6757562043374936, 3.0573925693464936, 0.009874077028119842
0.1429649024031096, 0.3981335442732724, 0.6510232901078044, 0.6756892319750932, 3.0574351313978694, 0.009905457227528254
0.1429792702574381, 0.39817223721166745, 0.6509714656540337, 0.675716103091619, 3.0573646268970447, 0.010013484222257597
0.14299927814282148, 0.39815347273688, 0.6509518220629065, 0.6757359949017024, 3.0573275095313157, 0.010475038484380923
0.143000724157528, 0.39817413243378225, 0.6508931787090987, 0.6756942901018161, 3.0573179800699353, 0.010270125782995281
0.14300411219553322, 0.3981899936502454, 0.6508685407923009, 0.6757648919329887, 3.0572815592154035, 0.010312681333937418
0.14302975114444788, 0.3981895451670038, 0.6508293974906463, 0.6757752226245951, 3.0572953751642435, 0.0106298407456318
0.14302610105018587, 0.39816090454051134, 0.6508515932525286, 0.6756865756523829, 3.0573067985030966, 0.01095146885849737
0.14303951755455183, 0.39816041862155654, 0.6508177872178227, 0.6756444770975395, 3.0573060978368023, 0.010707135536460617
0.14305653423664424, 0.3981621031541722, 0.6508052328986932, 0.6755838028487985, 3.0572931304110185, 0.010692974712947324
0.1430509593245807, 0.3981455723432211, 0.650828917615209, 0.6755545906172322, 3.057245652127211, 0.010780954779798655
0.1430655351211222, 0.3981652109539932, 0.6508160022730148, 0.675549216491108, 3.05721361312347, 0.010825299853406177
0.1430841157794436, 0.3981295348373759, 0.6508116123593267, 0.6755937458783943, 3.0571422642706962, 0.01096997684507763
0.14309793951365124, 0.3981108926955512, 0.6507755073695264, 0.6756044182415266, 3.057089084487898, 0.01109425978026101
0.14310749854015603, 0.39810776840595524, 0.6507226841649482, 0.6755364754898374, 3.0571120262527205, 0.01118582273201324
0.143121392637531, 0.3980472691222954, 0.6507146089012573, 0.6754681418534365, 3.0571453825991584, 0.011256681022164403
0.14312444694245005, 0.39807401370719353, 0.6506798470957359, 0.6753332400101316, 3.057150936058326, 0.011127744194116829
0.14311129097441014, 0.39805813595732975, 0.6507127681889626, 0.6752283938389028, 3.057201692959406, 0.011159304821709683
0.14312212251729683, 0.3980581179544597, 0.6507156561612302, 0.6750371598725041, 3.057217760363887, 0.011012705859202969
0.1431270431410695, 0.39803063828879437, 0.6507340365039357, 0.6750650132693171, 3.057180559718919, 0.010943270406560911
0.14311956607351914, 0.3980255458653135, 0.6507332822352841, 0.6751409726814601, 3.057181667125949, 0.010864781699867817
0.14313691867403208, 0.39805348969056314, 0.650712171759127, 0.6751096285950797, 3.0571242461840984, 0.010839556189171082
0.14315745995666637, 0.3980865728879657, 0.6506697181085146, 0.6749999452965132, 3.057128149740499, 0.01103161187077979
0.14313983892709325, 0.3980841157539576, 0.650627357063008, 0.6749998149467513, 3.0571108090544348, 0.011111518080869862
0.14314554486157688, 0.3980731924586277, 0.6506310437805405, 0.6750069078718964, 3.0571454777156912, 0.011103336705960015
0.143139721765614, 0.39808912598629737, 0.6506190146275613, 0.6748675764405697, 3.057205407494557, 0.011152928826218435
0.14315079788408921, 0.3980768549925075, 0.6506367714223857, 0.6750467763489294, 3.057145091848878, 0.011196448888348722
0.14314307853625177, 0.39806983202585317, 0.6506353345700805, 0.6750279776653176, 3.0571603019977984, 0.011042795162837432
0.14314287553426824, 0.39808401837146024, 0.6506337763741269, 0.6750316515828073, 3.0571280281070603, 0.010557748525243079
0.14314743441148772, 0.3980934840994997, 0.6506895509203636, 0.6750466924700184, 3.0571269496770315, 0.010444191461815489
0.14314739843906402, 0.39810025658213566, 0.6507251308162352, 0.6750514840377142, 3.0570723114495197, 0.010399498799291404
0.1431442467708115, 0.39813800734495564, 0.6506800398652295, 0.6750153358619113, 3.057082303469743, 0.010284549025929268
0.1431410782467078, 0.3981742345307227, 0.6506292684312338, 0.6749370509090749, 3.057133507590071, 0.01052326043286398
0.1431527548612941, 0.3981996920181399, 0.6505629919072133, 0.6749176956898245, 3.0571307467014734, 0.01044809556806937
0.1431524919297581, 0.39815896215271646, 0.6505634384621007, 0.6747678462189253, 3.0572127684380646, 0.010719655773878735
0.14314500165848312, 0.39816870099608526, 0.6505463670576321, 0.6748275432322635, 3.0572278409850604, 0.010620005628153828
0.14314719645997256, 0.3981417988787131, 0.650559650320467, 0.6749924468418345, 3.0571230344306715, 0.010408247081090996
0.14314711101435684, 0.398140347435898, 0.6505908930612262, 0.6750096105554533, 3.0571193988858285, 0.010409091219909152
0.1431536460662077, 0.3981551238567231, 0.6505739950037097, 0.6748880992273292, 3.0571860360520424, 0.010305197783042824
0.14317299988908289, 0.3981219153012067, 0.6506006802066587, 0.6749786396429402, 3.057153331168075, 0.010439423340947064
0.1431658354116155, 0.3981855840295794, 0.6505233244494432, 0.6747686814456175, 3.0572286117319094, 0.01048882017697388
0.1431773172687361, 0.3981638174165575, 0.650549724245265, 0.6747256208251852, 3.057206494995194, 0.01055141943202592
0.14317338613386565, 0.3981778409324745, 0.6505255565114647, 0.6749594691133134, 3.0571420999187295, 0.01040513770743086
0.14318960738665562, 0.3981825643189598, 0.6505052396677264, 0.6749981871582378, 3.057131172166611, 0.01051818320444572
0.14317151903664943, 0.3981810158749848, 0.6505159580898343, 0.6749340540936024, 3.057186896481566, 0.010565272332718267
0.14317320717333157, 0.3981520076289813, 0.6505323537969185, 0.6750146373653694, 3.0571947741569945, 0.01071217849698521
0.14318542617292862, 0.3981343892195396, 0.6505376093026202, 0.6750152871362803, 3.0572032568466043, 0.010672017354953654
0.14317364893846615, 0.39813742168472077, 0.6505303159869333, 0.6749086077603436, 3.057245953100689, 0.010610457920859205
0.1431765600242696, 0.398167551728463, 0.6505265660226378, 0.6749535533997706, 3.057180490026365, 0.0106801126786592
0.1431732498667338, 0.39817456528501144, 0.6505189455386503, 0.6748965102945399, 3.0571809396102365, 0.010682594003442838
0.14317430740306875, 0.39815270318856955, 0.6505279134337945, 0.6749913785296027, 3.0571810887926083, 0.010640760350140764
0.14317903013876276, 0.39816381092621317, 0.6505264337100606, 0.6749632480400632, 3.0572142580282198, 0.010804047020471207
0.1431898054360985, 0.3981621891853489, 0.6504930988867459, 0.6750751846176183, 3.05718582113215, 0.01089920397136489
0.1431835153191569, 0.3981589151609451, 0.650438357668081, 0.6750404472872604, 3.0571989587028234, 0.010824192808591808
0.1431690572305299, 0.3981553570748201, 0.6504452640616009, 0.675010850042609, 3.0572474661997804, 0.01073937171958929
0.1431790754469583, 0.3981578182161806, 0.6504448558174054, 0.6750677736780146, 3.057239866280191, 0.01079469603497332
0.14318142352722948, 0.3981461515163148, 0.6504606176610617, 0.6750207459513492, 3.0572086989266563, 0.010746107997522705
0.14317537575803915, 0.3981739752204199, 0.6504531264175076, 0.6749920871699403, 3.0572513806016386, 0.010737587559613841
0.14317820502546286, 0.3981681265278028, 0.6504591578965228, 0.6749856636283779, 3.057219731626128, 0.010782315464297386
0.1431799635723577, 0.39814022479385447, 0.6504878405665429, 0.6750820413311434, 3.0572191693018764, 0.010873899493409106
0.14317927709900521, 0.39815406340533993, 0.6504635077890959, 0.6750152117197377, 3.057184033859299, 0.010733027307972634
0.1431774126428425, 0.39814553306717587, 0.6504410028018368, 0.6749545510336811, 3.057187518598269, 0.010488484981750592
0.14318317358956476, 0.3981208720733415, 0.6504621483574922, 0.6750148394737007, 3.05720183272023, 0.01052014835891393
0.14317843982064604, 0.3981646209190727, 0.6504435242912122, 0.6750467344795884, 3.0572432062512185, 0.01064270231814808
0.1431830187172409, 0.39818070556890345, 0.6504489704111246, 0.6750077300178564, 3.0572286455262234, 0.010798841201179412
0.14318161352757205, 0.39819043121748426, 0.6504552216749746, 0.6750321884403833, 3.057250954856813, 0.010830699433271163
0.14317115640229508, 0.39816937365488714, 0.6504479132288515, 0.6749843274888806, 3.0572276461156718, 0.010591829325597952
0.14317719379262098, 0.39817026893126695, 0.6504441083270524, 0.6749819437429195, 3.057215870275345, 0.010594237302051385
0.14318016951272775, 0.3981586612737248, 0.6504590601629257, 0.6750411292906048, 3.057220150215516, 0.01064789846573925
0.14317189587054047, 0.39816533072982613, 0.650435654587646, 0.6750163307657788, 3.057201743091775, 0.010520740356794994
0.14316556262680966, 0.39816044276095963, 0.6504538164243105, 0.6750038072206106, 3.057226808582543, 0.010629086871410521
0.14317464083654105, 0.3981653805275751, 0.6504439920024817, 0.6749686905553666, 3.0572430630838823, 0.010588945454414952
0.14318051407361979, 0.39816380489061914, 0.6504456411147513, 0.6750382475515149, 3.057212355382531, 0.010554779764189212
0.14317167617222384, 0.3981763598662073, 0.6504353268856455, 0.6750027463834616, 3.057221938081075, 0.010573452965150063
0.14317449026798576, 0.3981488186882932, 0.6504561425697831, 0.67504166464384, 3.057221835924242, 0.010667316752756137
0.14317847882540105, 0.3981504571974772, 0.6504688610754483, 0.6750259639285379, 3.0572388986789183, 0.01068216719941772
0.14316981369458914, 0.398151234929874, 0.6504649595316137, 0.674986970753267, 3.0572354867361247, 0.010684951878943832
0.14319101715096902, 0.3981606585442928, 0.6504379266505409, 0.6750720584611251, 3.05719258034324, 0.010557189874655764
0.14319274774907967, 0.398247293798313, 0.6505583575327147, 0.6750099120883344, 3.0571512684157107, 0.00994602659830599
0.1432081155090364, 0.39844897634014564, 0.653091700577085, 0.6748755940088137, 3.0570016370326982, 0.008339112354427374
0.1432188933111853, 0.398452381596439, 0.6555300062422857, 0.6748203939395709, 3.0570289577056022, 0.008882280960348512
0.14324252390297046, 0.39851759910525103, 0.6576673981262942, 0.6748048302100118, 3.056989670873327, 0.00866168020617804
0.14324422605865308, 0.39853976693977894, 0.6596611020442875, 0.6747097838221675, 3.0569348391895432, 0.00822030649136069
0.14326529433735202, 0.3985704958108021, 0.6615623498125169, 0.6746896501521598, 3.056910558728565, 0.008164498335224084
0.14333121362302476, 0.3985956974780515, 0.6635753068296341, 0.674529909148264, 3.056356147727115, 0.00821264867822126
0.1434037914182428, 0.3985807311225543, 0.6654273653098651, 0.67457076858688, 3.056083060590275, 0.008168732715110366
0.1434597144660188, 0.39862648202487044, 0.6672019538570837, 0.6746063964009802, 3.0558724646571847, 0.007980417329224504
0.1434844840549268, 0.3986587225340837, 0.6688408589260705, 0.6745481272509882, 3.0558381766520912, 0.007604180928941074
0.14350427703419946, 0.3986832861122931, 0.6704311626447742, 0.6744980549838601, 3.055744791617759, 0.007280741097000293
0.1435174756256121, 0.3986691109483398, 0.6720913679680823, 0.674618007377369, 3.0557720250034603, 0.007604044631239845
0.14351739803695457, 0.3986391506585198, 0.6739274141074649, 0.6745336966702281, 3.0558434344735184, 0.008194365999856814
0.14355694425332446, 0.39867024271324814, 0.6755156915141683, 0.6746070421344873, 3.0557877126597606, 0.007912257444866056
0.143573762271149, 0.3986738789684146, 0.6770914795420254, 0.6746199981848808, 3.055781024208303, 0.007888059004782505
0.14356391144367553, 0.3986527970197021, 0.6785532624114995, 0.6744627177410899, 3.055793033548208, 0.007659371906113852
0.14359181214591826, 0.39870589656823635, 0.6802194549374482, 0.6744672842453888, 3.055766625761573, 0.0076780222428821515
0.1435887166870919, 0.3987186334035342, 0.6817836947371751, 0.674415160967547, 3.055802712276574, 0.007837995928480663
0.14359091869701177, 0.39872810747938386, 0.6833588628640533, 0.6743718783902908, 3.055885136337825, 0.007987129285664479
0.14361525532622885, 0.39875982670599525, 0.6847625446715263, 0.6743571121584377, 3.055820876464629, 0.00795758517670836
0.14360365517133253, 0.39879127871146475, 0.6863137355343256, 0.6742601361191829, 3.055803208154269, 0.007431242739684379
0.1436217165379989, 0.3988096660047017, 0.6877784929946237, 0.6742248025638827, 3.05582062473207, 0.007574720665632131
0.1436359873418102, 0.39873551761977993, 0.6893446134399235, 0.6741499734143733, 3.055787437729781, 0.0074846285290530315
0.1436400881439203, 0.39872633499820487, 0.6908698168739121, 0.6742308667266543, 3.055813115839285, 0.007734298322019876
0.14365323016814402, 0.3988555921850615, 0.6923417930494651, 0.6743378831079408, 3.0557849554512284, 0.007865221648473936
0.14366619987094406, 0.39879316003150084, 0.6937495412661393, 0.6743187164740445, 3.0557854397063773, 0.00801093269105532
0.1436683370774499, 0.39878029942219767, 0.6953296767443364, 0.6742167249983904, 3.055754200823991, 0.007620381505781173
0.14368161187602188, 0.39884252833352785, 0.6969305523490621, 0.6741640562948884, 3.055790098488407, 0.008085759039290062
0.143674570741915, 0.39886685941336397, 0.6983799305133171, 0.6740216254174092, 3.0558036872201697, 0.007819343633423197
0.14367673622051202, 0.39884698309846384, 0.6998291880913027, 0.6739999854137024, 3.055831533639316, 0.007733912269497465
0.14369920725552132, 0.39887518502634706, 0.7013111831352173, 0.6739730424230349, 3.055814415091921, 0.007960669936889505
0.14369776165507128, 0.3989109674291651, 0.7026688707890154, 0.6740512712155523, 3.055732637490454, 0.007195025218935377
0.14370026977233058, 0.39891644997071457, 0.7040662974385432, 0.6740019491081505, 3.0557225966993014, 0.0070453714650804055
0.14371107580387926, 0.39886821067001427, 0.7055916237523042, 0.6739336940902112, 3.055762949507868, 0.007678114481642076
0.1437171329039973, 0.39893319716907855, 0.7070376769926263, 0.6738117659121561, 3.0557404774806316, 0.007098233209902912
0.14372116663361006, 0.39895564307188613, 0.7085280161088567, 0.673786064922925, 3.055707905814615, 0.006781693994394695
0.1437222281135637, 0.39900362700056985, 0.7098875547788627, 0.6737609882066254, 3.0557081028536657, 0.00681734074789228
0.14372165728994388, 0.39904478091605605, 0.7113290677290443, 0.6736050514374519, 3.0557035354002413, 0.0063692929650064215
0.14373648077526793, 0.39901041173627455, 0.7128525151788673, 0.6735735047834079, 3.055754475039812, 0.006961167925086941
0.14374819151549462, 0.39907938424224376, 0.7143664065521066, 0.6735524424779917, 3.0557479459875037, 0.006829148458127535
0.14376850245982184, 0.3990902420708683, 0.7158449806472967, 0.6735957555732538, 3.055685237774062, 0.00664969333131604
0.14376435587961015, 0.3990646296182433, 0.7174653442147454, 0.6734291833304236, 3.0556791951349838, 0.006335947824130344
0.1437815157231364, 0.39909579783191984, 0.7190265440523409, 0.6734256681792611, 3.0556609773103967, 0.006548241662255897
0.1437784352736253, 0.3990818893083819, 0.7205188943585783, 0.673330936064339, 3.0556680863435166, 0.006550881110273291
0.14378287617098298, 0.39916693969962386, 0.721977731791249, 0.6733134265381282, 3.0556679320606035, 0.006664124169923978
0.14378564323529366, 0.3991458815597729, 0.723437373434952, 0.6732329253213701, 3.0556827037099663, 0.006398233698504927
0.14380578635751973, 0.3991779022003543, 0.7249954227318527, 0.6732080369941302, 3.055685067822829, 0.006551828267101205
0.1438265870903503, 0.39919674421396956, 0.7257336020020289, 0.673242295199846, 3.055567808743768, 0.005866678178272798
0.14384366434974874, 0.3991769041270136, 0.7257467168945287, 0.6733930967550095, 3.055551786529055, 0.005920204902709578
0.14382991729391661, 0.39917480381731857, 0.7257709593495751, 0.6732890312362474, 3.055586568165286, 0.006181997546792384
0.14384347044384146, 0.3992094013370385, 0.7257464080577495, 0.6733396986160093, 3.055554691159956, 0.0060914483111252065
0.14384505672412307, 0.3991792003565222, 0.7257756118765145, 0.6733459460440908, 3.0555791191090083, 0.006237762977183696
0.14383529898952474, 0.39918063681228066, 0.7257660855590471, 0.6733259048497225, 3.055576761573323, 0.0061635340740073645
0.14384859950024007, 0.39919744235498883, 0.7257553256218569, 0.6733007636871357, 3.0555543285633444, 0.006130537788451063
0.14383221814477512, 0.39921906709071486, 0.7257466695226499, 0.6732531189316885, 3.055599752488307, 0.0061045302274152875
0.14385431493608009, 0.3991863729766396, 0.7257603541502058, 0.6733272330531415, 3.0555866844504402, 0.006141496960201366
0.1438373318390644, 0.39920671638408817, 0.7257619276965009, 0.6732903841531024, 3.0555879822150542, 0.006200201845812999
0.14384637951585394, 0.3991966529952091, 0.7257609140277463, 0.673345293749218, 3.0555759520479127, 0.006200813808297465
0.1438564769917702, 0.3991864910546178, 0.7257530043257411, 0.6733579025051019, 3.055552242982319, 0.006109315356048642
0.14384493885731092, 0.3991924005574822, 0.7257563243204105, 0.6733640966380364, 3.0555770229659047, 0.006123748821496156
0.1438374834156582, 0.39918780322676706, 0.725762304170472, 0.6732597097364045, 3.055627619025191, 0.006154944644168072
0.14384722469856445, 0.3991934351577044, 0.7257645044651461, 0.6732867554850986, 3.055574672982121, 0.006183173101747026
0.14383964699610186, 0.39918764044903254, 0.7257623310379022, 0.6733468284468703, 3.0555842425731745, 0.006160794734935048
0.14384601029902336, 0.39919192693805927, 0.725762678352068, 0.6732894607657106, 3.055586449303204, 0.0061820043492754285
0.14383976092456732, 0.3991750109020864, 0.7257680623403716, 0.6733257850753466, 3.0555784474510523, 0.006181751813474367
0.1438426622765933, 0.3992131364742057, 0.7257434972952291, 0.6732684365840657, 3.055582535057594, 0.006088319997291092
0.14383509611669462, 0.399177841096064, 0.7257692404232396, 0.6733272093444496, 3.055579958538941, 0.0062011910740551
0.14384216831367178, 0.39918391251057467, 0.7257728873647298, 0.673318317653381, 3.0556250155704676, 0.0062665649381300655
0.14383909012219054, 0.39916598066695036, 0.725778143943784, 0.6733092179376325, 3.0555872132603348, 0.006237764936357236
0.14383322554231856, 0.3991818721925115, 0.7257671914246407, 0.6733126809803291, 3.0556056589318135, 0.006176618039030529
0.14384501973245717, 0.3992078023627614, 0.7257453314821789, 0.6733475332436841, 3.0555911626981955, 0.006101765291591686
0.14383274369337593, 0.3991754229287345, 0.7257732433242454, 0.6732588103889029, 3.055620914492859, 0.006213925940591563
0.14383666016950808, 0.3991838157778448, 0.7257695427190244, 0.6733064181796898, 3.0555740120664026, 0.0062221657373667865
0.14383680761416556, 0.3991718358671235, 0.7257698536702548, 0.6732834555248867, 3.0555616198382536, 0.006168578161120113
0.14384007267910245, 0.3992142951871172, 0.7257498650731701, 0.6733209509156127, 3.055551828816378, 0.006150321747735576
0.143846323739321, 0.399181877453635, 0.7257643801088351, 0.6733418533708192, 3.0555627661368425, 0.006185001475742663
0.14382533399543052, 0.39917827066378864, 0.7257795656152553, 0.6732929355512282, 3.0555943379262454, 0.006275281225474687
0.14385217016831414, 0.3992080529085433, 0.7257476238279906, 0.6733439592652789, 3.055571018594487, 0.006143697543513127
0.14384090730459706, 0.3991897476095627, 0.7257646552659169, 0.6733820891414679, 3.0555679144333223, 0.006201301427659646
0.14384746884751945, 0.399211404559732, 0.7257434972952291, 0.6733790071967553, 3.055558265027471, 0.006088800148963478
0.14383911944059444, 0.39920156899864784, 0.7257627990390494, 0.6732666737504626, 3.0555687612882125, 0.006205358724647424
0.1438525978104068, 0.39919944559477, 0.7257524149335257, 0.6733218543874632, 3.055561893842178, 0.006127771597903115
0.14383731419811877, 0.3992064586133451, 0.7257610076459169, 0.6732725772956951, 3.055593615277358, 0.0062185329458812185
0.14384418922842485, 0.39916811717068307, 0.7257761218713952, 0.6733641265831815, 3.0555733622252492, 0.006218689025090107
0.1438319526173391, 0.39918705583600117, 0.7257643801088351, 0.6732500667175337, 3.0555830152302987, 0.006185120064283299
0.14384906248521806, 0.3992032839615209, 0.7257547392680896, 0.6733762282153724, 3.055541305506314, 0.006168668715863994
0.14384642642286752, 0.3991834459610289, 0.7257590110023477, 0.6733038452905432, 3.0555675684513806, 0.0061463589446951435
0.14384866614374178, 0.39920519039405195, 0.7257452215765952, 0.6733302027097906, 3.055603556335971, 0.006061882945787244
0.1438299692751763, 0.3991893637796148, 0.7257666187468241, 0.6732750298412091, 3.0556052549699624, 0.006216907660636326
0.1438328184564714, 0.399190633408496, 0.7257634822400633, 0.6733154230456098, 3.055617238603043, 0.00617473560691037
0.14385169720409827, 0.3991872745413168, 0.725765801584096, 0.6733616016200218, 3.055561805033704, 0.006221799843722845
0.14383901401023474, 0.39916512285918904, 0.7257778860086732, 0.6732709573660741, 3.055592085858068, 0.006199876054520587
0.14382678629097576, 0.3991977043524959, 0.7257615002825445, 0.6731973623564573, 3.0556050374754387, 0.006163164559494762
0.14384217760935647, 0.3992213202101018, 0.725732153097029, 0.6733054520030498, 3.05557966647271, 0.006011355659243873
0.14385248306424278, 0.3991983510959027, 0.7257441003678184, 0.673338729333421, 3.055553127480273, 0.006072500371451315
0.14385084722379016, 0.39917644911398664, 0.725767231851126, 0.6732868253842988, 3.0555746773480545, 0.006183674193010809
0.1438370437951309, 0.39920324077001335, 0.7257576093307271, 0.6732891821129203, 3.0555848577219007, 0.006163276075064616
0.14383243437869947, 0.39919350497308165, 0.7257583281146807, 0.6732675005223616, 3.055575739932488, 0.00614757658133451
0.14382460867440608, 0.3991976521951042, 0.7257605985039145, 0.6733136270808431, 3.055605667451746, 0.006177819914338527
0.14384700217968463, 0.3991910105611735, 0.7257541370456125, 0.6733401821067565, 3.0555579271667876, 0.006128131593649134
0.14382774874402546, 0.39920990499429393, 0.7257610076459169, 0.673272779765277, 3.055593667467687, 0.0062190102862733085
0.14384476500060717, 0.3991756819742384, 0.7257712480988847, 0.6733636640878222, 3.0555717824181423, 0.0062002219284103864
0.14384453693397625, 0.39918686954847254, 0.7257624276692836, 0.6733109124296683, 3.055595502732198, 0.00619722394616555
0.1438370816207474, 0.39917509661257927, 0.7257732972969693, 0.6732668778442954, 3.0555704396010324, 0.0062245727474477385
0.14383519876745757, 0.399179409669251, 0.7257638713354735, 0.673344218588523, 3.0555727087085676, 0.006162906564090702
0.14383317188350755, 0.3991521294182328, 0.7257941865071539, 0.6732937555589986, 3.055599102554646, 0.006330203289318345
0.14383994482297152, 0.39917719901912585, 0.7257703732083148, 0.6733642938025524, 3.0555734941795776, 0.006219650291055332
0.14383191774060322, 0.39920075876458166, 0.725759781255503, 0.673345029294261, 3.0555744473529867, 0.006183072533628039
0.14382669464224135, 0.39919691264156626, 0.7257529907925611, 0.6732320729734893, 3.055592298206236, 0.006107270490313792
0.14384075297683765, 0.3991734637070412, 0.7257732837506815, 0.6733244291280378, 3.055569993267169, 0.006222055030221568
0.14383732276177286, 0.39920689418628424, 0.7257547121887359, 0.6733075562256069, 3.0555808588922715, 0.00616338697744986
0.1438359007099098, 0.39917406288960644, 0.7257721056544919, 0.6733426999550773, 3.055564263946124, 0.006203217948928303
0.14383527504383742, 0.399194338965782, 0.7257614868962974, 0.6733468786627863, 3.0555842789305983, 0.006161031244457649
0.14384227951477618, 0.39919370342923366, 0.7257542335318271, 0.6732682162594086, 3.055577180445353, 0.006164803810973576
0.1438382227035129, 0.3991900715676189, 0.7257624681347803, 0.6733035075148827, 3.055560720114407, 0.006205591660660631
0.14384484111905838, 0.39917653972219325, 0.7257715060062203, 0.6733461784507586, 3.0555791204491434, 0.006237748312745985
0.14383516585842213, 0.3992147997634431, 0.7257476509072743, 0.673320874906589, 3.0555518523014964, 0.006149814396543211
0.14384893919799518, 0.39920175416022524, 0.7257527200528446, 0.6734313594106753, 3.055529253484098, 0.006169019908764559
0.14384336972829753, 0.39919305956004364, 0.7257690008395273, 0.6733417676612792, 3.055555720062242, 0.006243267947804345
0.1438450154663215, 0.3991926448227228, 0.7257700931847474, 0.6733494769467722, 3.055592190181221, 0.006253594420440309
0.14383185393078507, 0.3991855475621864, 0.7257695427190244, 0.6732330108943189, 3.0555901383875783, 0.006221927436670801
0.14382392603090255, 0.39918814335046987, 0.7257769305705998, 0.6731884515836022, 3.055643245172276, 0.006287764738614143
0.14383093145212267, 0.3992019123384743, 0.7257609006415714, 0.673292825534747, 3.055599675763399, 0.006198558603888396
0.14382197743020056, 0.39919158056036974, 0.7257674985842653, 0.6732636535145782, 3.0556425621566325, 0.006190682780782628
0.14384122841894537, 0.3991798013429597, 0.7257661957093203, 0.6733430089726191, 3.055564201184988, 0.006202965313949129
0.1438450526398634, 0.3991797710910398, 0.7257620557600932, 0.6733802169818734, 3.0555630868546606, 0.006144947630475856
0.1438362874567774, 0.39917904675252225, 0.7257712616320688, 0.6733427401683192, 3.055564254913587, 0.006203217690353606
0.14383335943659686, 0.39916906368587535, 0.7257801382043602, 0.6733305508151, 3.055594580773749, 0.006234781100483264
0.1438306680639739, 0.39918412096905587, 0.7257746918037392, 0.6733106807653769, 3.055588721916134, 0.0062566957162393305
0.1438403365983932, 0.3991825756167682, 0.7257631885061633, 0.6733071048812194, 3.0555808580023625, 0.006163166261107275
0.14383205180555178, 0.3991879504832864, 0.7257727284441289, 0.6732885714970578, 3.0555796502527746, 0.006240751980790842
0.14385668794733564, 0.39917425960069713, 0.7257735860724086, 0.6733775710086985, 3.055547706322633, 0.006242794325745388
0.14383219939546385, 0.39917597059068305, 0.7257730393722698, 0.6732838266349944, 3.0555632676654048, 0.00618728315138228
0.14382990357426076, 0.39922459586257075, 0.7257364676508062, 0.6733029272839481, 3.055561258998925, 0.006073442115682332
0.14384629431821985, 0.39919597297197984, 0.7257534405664309, 0.673324569570518, 3.055573621572022, 0.0061261124617724245
0.14383663155764084, 0.39921223981703746, 0.7257464777090912, 0.673309049963055, 3.055589188036866, 0.006123101668149503
0.14383536725652116, 0.39919573548717957, 0.7257552881685433, 0.6732725344448557, 3.055598909805414, 0.0061420761049627405
0.14383518624973607, 0.3991789136965226, 0.7257703732083148, 0.6732907042540288, 3.05558966135343, 0.006219408660011886
0.14383227548698596, 0.399176828401994, 0.7257732972969693, 0.6732852878866432, 3.0555664559106046, 0.006224932312761417
0.14383219666337793, 0.39920441218558406, 0.7257568841152582, 0.6732715861639841, 3.0555905604251663, 0.006182586296496868
0.1438382312645347, 0.3991905071016597, 0.7257561727161659, 0.6733016858259507, 3.055556023887936, 0.006150206907016287
0.14381890724540283, 0.39917360475636093, 0.7257727101698634, 0.673235919260024, 3.0556086502120596, 0.006161052425707321
0.1438377129018745, 0.39921255120248356, 0.725740150391813, 0.673249665712822, 3.055584945198291, 0.006069233409631725
0.14383909012219054, 0.39916598066695036, 0.725778143943784, 0.6732359822621883, 3.055603253221108, 0.00623728883812071
0.14382931617186284, 0.3991812223941108, 0.7257638579492269, 0.673328348124399, 3.0555883196352602, 0.0061604129142137365
0.14383480856136255, 0.3991737517806621, 0.7257784327916885, 0.6733653093667639, 3.0555766817736405, 0.006256820797041156
0.14383027490735392, 0.3991930970587104, 0.7257718573831689, 0.6733490565099036, 3.055590695307, 0.006235859664487681
0.14384014275617427, 0.39917960194572316, 0.7257735589930032, 0.6733466190080615, 3.0555790464822596, 0.006237998429367449
0.1438477040086017, 0.39918566396007626, 0.7257623715036184, 0.6733386634402504, 3.0555494822314273, 0.006168442554172456
0.14383346076706713, 0.39922091654156017, 0.7257480735105463, 0.6732895195058816, 3.0555849093656, 0.006163491215281097
0.14383086544354573, 0.3991871376040529, 0.7257643665756869, 0.6732526107781744, 3.055594665193649, 0.006182481147911813
0.1438386935770235, 0.3991749138884949, 0.7257752644627058, 0.6733482961319832, 3.055588964578012, 0.006216195609028614
0.14383517087293757, 0.3991930514804807, 0.7257594792514768, 0.6733098570660305, 3.0555924830473504, 0.006161520779155768
0.1438326606561017, 0.39918209343441324, 0.7257650764838858, 0.6732842619237265, 3.0555632512859985, 0.006187260325649149
0.14382734765614863, 0.3992050541410783, 0.7257557513558462, 0.6732898834622764, 3.055584893166744, 0.006164487318284573
0.14384736363767717, 0.39920978487962694, 0.7257476238279906, 0.673306987542428, 3.0555791654332913, 0.0061436963583927084
0.14382331117713917, 0.3992173149689308, 0.7257393090455763, 0.6732694420787466, 3.055582557131002, 0.006089262964654636
0.14383516230618673, 0.3991926158708918, 0.72576577466481, 0.6732748776831425, 3.055605239578914, 0.006216667178649257
0.14384136864372674, 0.3991671044566023, 0.725780178670153, 0.6733222050885797, 3.0555598597478353, 0.00624242973744432
0.1438309994994193, 0.3991743291995296, 0.7257773135141193, 0.6732701169027475, 3.0555836667447878, 0.006240641547797357
0.14385244881728107, 0.39917609445385455, 0.7257683695075541, 0.6733865614607892, 3.0555910581771055, 0.006195340431975037
0.1438283241403211, 0.39921746964575366, 0.7257561334561949, 0.673272317272736, 3.055592087440664, 0.006200543235307225
0.1438365961590144, 0.39916860434383045, 0.7257793038339388, 0.6733047994354723, 3.0555655213608484, 0.006261738553917321
0.14382866772797345, 0.3991936725251221, 0.7257635495730964, 0.6732293552552542, 3.0555753918413386, 0.006187877400811354
0.14383509611669462, 0.399177841096064, 0.7257692404232396, 0.6732900451679008, 3.0555880989327644, 0.00620094941127465
0.14383065748049229, 0.39919865154623463, 0.7257574570536707, 0.6732726042330477, 3.0555989152699303, 0.006142324091660659
0.14382191643667883, 0.39918422477357157, 0.7257712616320688, 0.6732877532674972, 3.0555764440052613, 0.006203575780728871
0.1438413842555717, 0.39919580404718363, 0.7257649439093866, 0.6732906068594341, 3.055589659879168, 0.00621916103210654
0.14382550360079402, 0.39920943062400266, 0.7257535525494436, 0.6732203450500892, 3.0556226428332147, 0.006139556065237399
0.14383518337608642, 0.399193547256365, 0.7257529774063055, 0.6732529722204224, 3.055599712007572, 0.006104300813694888
0.14382776932568925, 0.3991963351096727, 0.7257595061708368, 0.6732131787116066, 3.0555894607835783, 0.006166653073896292
0.14383663402732874, 0.3991979543520857, 0.7257586484960902, 0.6732891604001141, 3.055584929957516, 0.006164015015254741
0.14383244574436996, 0.39918586438795506, 0.7257652012232709, 0.6733335280177625, 3.0556114713623574, 0.006155668307657899
0.1438466103517865, 0.3991856341313024, 0.7257613218168477, 0.673341989673925, 3.055562694939628, 0.006184255213969135
0.14384175544986252, 0.39917208831488904, 0.72577933464773, 0.6733411916170454, 3.0555557007258374, 0.006242552878793953
0.14382142847802423, 0.3991698768341543, 0.725783266246313, 0.6733003195471702, 3.0556290748777135, 0.0062674241549383935
0.14383470984084107, 0.3991722432974622, 0.7257835953734978, 0.6732560709521325, 3.055603994549327, 0.006293029483096404
0.14383048630867434, 0.3991822569704619, 0.7257650494044632, 0.6733082967553584, 3.0555824010948465, 0.006182105276470545
0.14384217476754135, 0.39919181099982387, 0.7257669343819785, 0.673270464039154, 3.0555835710904855, 0.006240140531529272
0.14384797531453386, 0.3992033657687343, 0.7257547257218495, 0.6732501565956781, 3.0555811286298966, 0.006165192285183094
0.14383275725843067, 0.399183277673386, 0.7257672453974302, 0.6732841394650262, 3.0555632509489183, 0.006187267963886202
0.14384476500060717, 0.3991756819742384, 0.7257712480988847, 0.6733079179369329, 3.055583993516051, 0.006199859429925806
0.14384712326481258, 0.3991777064458794, 0.7257735860724086, 0.6733781379090519, 3.0555476790522467, 0.00624327487119748
0.14383710937488525, 0.3992042917408114, 0.7257515602274802, 0.673325957992986, 3.0555751468494448, 0.006145043729283424
0.14384012755469708, 0.39919373981927214, 0.7257626649658434, 0.6733103898822878, 3.0555939995812182, 0.006179750639094092
0.1438372896466169, 0.3992064370100942, 0.7257538257324456, 0.6732350946007293, 3.055598463387905, 0.006181362568493108
0.1438312420421136, 0.39919196690767167, 0.7257624410554581, 0.6732902060966304, 3.0555880963847795, 0.006200433407464803
0.14382783885993547, 0.399175646270779, 0.7257784058984444, 0.6732783819864079, 3.0556200639187083, 0.006251210560248566
0.1438448260839719, 0.3991906775472051, 0.7257606120109114, 0.6733471136341596, 3.055585933185255, 0.0061797421236362265
0.14382211826016347, 0.3991648119952925, 0.725784123509918, 0.6732605961060874, 3.055625688691824, 0.006269796276094424
0.1438258177834739, 0.3991850441517276, 0.7257661821761942, 0.6732907482423462, 3.055587999849801, 0.006200682919547632
0.14383106179858993, 0.39918982166312206, 0.7257601755248283, 0.6732156524137843, 3.0556010115195393, 0.0061630386876503586
0.1438501079612115, 0.3991952829922129, 0.7257535237289907, 0.6732919018304785, 3.055596256900941, 0.0061599335013890035
0.14383087794664154, 0.3991876334581445, 0.7257578647364581, 0.6732143078481264, 3.0555978236608743, 0.00612538189824656
0.14383637968062943, 0.3991804434214844, 0.7257650629376111, 0.67332414214901, 3.0555666747959624, 0.006184624760336101
0.1438313336810059, 0.39919275835090956, 0.725770950712518, 0.6732551307972754, 3.0556009140190277, 0.006256325515953343
0.14382945759243893, 0.3991970102593691, 0.7257617312762014, 0.673258529222024, 3.0556193949869526, 0.006195680905553742
0.14383681336678958, 0.3992141042230329, 0.725756120070048, 0.6732746337084254, 3.0556035701710558, 0.006197453204990414
0.1438391642354882, 0.39921680303177276, 0.7257447400862662, 0.6732865840902904, 3.055571548830123, 0.0061466869094791736
0.14382919292980534, 0.39922950678560964, 0.7257345282463872, 0.6732508862597313, 3.055586532395743, 0.006088154587980337
0.14383275229300507, 0.3991828848570321, 0.7257735860724086, 0.6732859874031139, 3.0555680092522484, 0.006243391150784134
0.14383028994989416, 0.39917957286157324, 0.7257692404232396, 0.6733088196137119, 3.05558403503206, 0.006201310720479622
0.14383442678943464, 0.3991691607978091, 0.7257729360841404, 0.6732898221738115, 3.055588053824774, 0.006200218891278152
0.1438350023774145, 0.39917672557729084, 0.7257680623403716, 0.6732893596939099, 3.0555864739027885, 0.006181751813481207
0.14383132234648385, 0.399164101467565, 0.7257862304575838, 0.6732135208376528, 3.0555872156172375, 0.00627985583645452
0.14383294606409652, 0.3991858585346294, 0.7257632155856323, 0.6732654189209797, 3.0555656701993517, 0.006168682618005096
0.14383760485728803, 0.3991961065690963, 0.7257629044875008, 0.6732699714422609, 3.05558204649434, 0.006221910810380854
0.14383737978118777, 0.3992075096245199, 0.7257549585041738, 0.6732357536381827, 3.055600025722342, 0.006199821844912339
0.14384486374229266, 0.3991771902504263, 0.7257660855590471, 0.6733067561826909, 3.0555808604080554, 0.00616293330837347
0.14384487593295858, 0.3991622225079624, 0.7257896154588931, 0.6733652105216072, 3.0555711725197163, 0.006332837098330406
0.14383628594029144, 0.39917932788844646, 0.7257638848686442, 0.6733598916251601, 3.0555570681223574, 0.006165664498507018
0.1438357743473419, 0.3991869743409762, 0.7257589974691834, 0.6732697922922548, 3.0555873301577297, 0.006143958423520297
0.14383056087425852, 0.39919746725594707, 0.7257552881685433, 0.6733281086185723, 3.055586784316738, 0.006142676387736777
0.14384321818591247, 0.3991776049227598, 0.7257649933177036, 0.6733168984909772, 3.0555404789264125, 0.006152724152248023
0.14384004402230444, 0.39917809352506894, 0.7257787215928319, 0.6733477807356022, 3.055582179275617, 0.006274924583029901
0.14383241933632204, 0.39919295774100005, 0.7257635873730942, 0.6733072676329503, 3.055573859096055, 0.006221654925989418
0.1438431442773107, 0.3992050759370753, 0.7257475437979964, 0.6733411180998723, 3.055557889795125, 0.006129097717103716
0.14383417383493133, 0.3991942058893981, 0.7257605985039145, 0.6732762602951444, 3.055613756279557, 0.006177102096572337
0.1438459018977903, 0.3992046011991753, 0.7257558315614662, 0.6734027137630597, 3.055573711324721, 0.006179355171025953
0.1438356798475564, 0.3991992326494955, 0.7257667884126552, 0.6732933654167317, 3.0556010966936378, 0.006216056269348528
0.1438426862618557, 0.39918416444545657, 0.7257718218738369, 0.673342346529638, 3.0555573003178287, 0.00626172759700866
0.14384142377024936, 0.3991824938229676, 0.7257632020393345, 0.6733227781035502, 3.055565217567132, 0.006165923745395282
0.14383661468885903, 0.39917637018271607, 0.7257692001696116, 0.6733340528876645, 3.0556147915923133, 0.006193085000963199
0.14383469946164956, 0.3991867742644598, 0.7257663608496807, 0.6732919591355829, 3.0555979904221764, 0.006179138483998831
0.14384129753879715, 0.3991954049742269, 0.7257500936068931, 0.67326881709064, 3.055584133735654, 0.006106787550602609
0.14382493014568543, 0.3991877059382102, 0.7257621389199553, 0.673292764496877, 3.055597963226517, 0.006179602906627871
0.14382590789099195, 0.39918611675487353, 0.7257673149607553, 0.6733278429057485, 3.0555815818933394, 0.006219378996980716
0.14383172036648356, 0.39919774219843673, 0.7257701065709133, 0.6732737532347335, 3.0555968352662024, 0.006256446041764963
0.14383547428552274, 0.3991823891989922, 0.7257746918037392, 0.6733101239723669, 3.0555887950659373, 0.006256452964466593
0.14382557183589162, 0.39916736338835324, 0.7257810090866617, 0.6732331041074842, 3.055591727223095, 0.006239908660083954
0.14382725754572978, 0.39920398149806713, 0.7257546186092647, 0.6732892242455392, 3.05558333015498, 0.006146028190704441
0.14382496996802688, 0.39917393742971424, 0.7257749890868312, 0.673234526289509, 3.0556002350167764, 0.006200343502986095
0.14384175831226279, 0.3991502725092019, 0.7257890105751522, 0.6733688744001023, 3.05559125187301, 0.006290668137212669
0.14383176876755308, 0.3991848676601848, 0.7257620692932862, 0.6732487218874651, 3.055579827413604, 0.0061474634400544
0.1438301912587461, 0.3991780645268621, 0.7257744030154265, 0.6733099814567048, 3.0555871685360145, 0.006238236734088274
0.1438352763819142, 0.3991799862835036, 0.7257715060062203, 0.6733095811115813, 3.0555872334633825, 0.006237986359592564
0.14383469449165592, 0.3991863814504758, 0.7257727015247737, 0.6732570058735098, 3.0556108085971743, 0.006235023389138626
0.14384339549232947, 0.3991718946206189, 0.7257732568312831, 0.673329664179912, 3.0555930917158585, 0.006216565719618087
0.14383501143991087, 0.39917654757932597, 0.7257752778489719, 0.6732904052713515, 3.0555896065457127, 0.006218685213337214
0.14383626131685318, 0.399193185353201, 0.7257603675364747, 0.6732883184614834, 3.0555833130689964, 0.0061448250491874775
0.14383691299398849, 0.39920160776974234, 0.7257557513558462, 0.6732707347417808, 3.0555889917579124, 0.006163886561597319
0.14383696575994606, 0.39913849562592296, 0.7257873014347848, 0.6733269340495848, 3.0555832136648733, 0.006237161224041551
0.1438271043197707, 0.3991870840800162, 0.7257767582203974, 0.6732708666410003, 3.0555852570382434, 0.0062593372856761
0.14383262809749647, 0.3991883336116493, 0.7257601352712393, 0.6733338068968572, 3.05561146333554, 0.006155653083359259
0.1438406332553949, 0.39918648682472063, 0.7257612116780792, 0.6733436499205827, 3.0555711452836802, 0.0061449485571776485
0.14383242612189387, 0.39920755333612556, 0.7257535794426675, 0.6732702895757814, 3.0555873626707046, 0.006144928988243879
0.14384104798933078, 0.399169869309006, 0.7257709190957947, 0.673406983419893, 3.0555969659056212, 0.006174134616396937
0.14384423144900957, 0.39920499414334587, 0.7257475573442236, 0.6733196272032543, 3.055550390433671, 0.006131613443411042
0.14383748188815162, 0.39918808417572454, 0.7257549273408311, 0.6733318805045202, 3.0556083809224757, 0.006117747289697044
0.14384390516757292, 0.3991640705877329, 0.7257853594152641, 0.6733286530712315, 3.055586268342716, 0.006274578899345341
0.14383581057612735, 0.3991729902754108, 0.7257709728827809, 0.6733602582478766, 3.055558710556237, 0.006184877427018164
0.1438421973807573, 0.39919246150946164, 0.725761513815716, 0.6733600223705782, 3.0555570584458196, 0.006166165181200923
0.1438448471627185, 0.39917692406636257, 0.7257639678447575, 0.6733640390585279, 3.0555717122217816, 0.00619946069576706
0.1438357378878617, 0.3992001805652383, 0.7257609006415714, 0.6732929975497743, 3.055599589736684, 0.006198320716274443
0.14383973065842423, 0.3991886014276494, 0.7257624276692836, 0.6733293225567087, 3.0555915184723252, 0.006197582556356167
0.14384393536172088, 0.3991934433703061, 0.7257564074076432, 0.6733309176451236, 3.055599939977351, 0.006157779374040057
0.1438285690593215, 0.3991921642496614, 0.7257687121832703, 0.6731940819428022, 3.0555865046034625, 0.006224565824234038
0.14384198295349715, 0.3992036713106846, 0.7257598748613567, 0.6733458721605734, 3.055575806240673, 0.006200317714171828
0.1438502392480175, 0.39918291136498907, 0.7257601755248283, 0.6733254650152201, 3.0555767670117886, 0.006162798144270636
0.14383704539667533, 0.39918908073500514, 0.7257613218168477, 0.6732871747910922, 3.0555747978842103, 0.006184374988768423
0.1438345520110464, 0.3991987540830649, 0.7257660498141718, 0.6733149208868883, 3.055610382699393, 0.006232726426423198
0.14385022075190645, 0.3991970059585738, 0.7257492360790607, 0.6733821199831306, 3.0555713039388555, 0.006104416133777208
0.14384432718307616, 0.3991988197125475, 0.7257492225720324, 0.673255875616788, 3.0556112141765315, 0.00610117948208787
0.1438239836643263, 0.3991750909787243, 0.7257761084851291, 0.6733116685183951, 3.0555971322908886, 0.006216670400911084
0.14383710088625432, 0.399218193067877, 0.7257469273783242, 0.6732547517437387, 3.055602855962875, 0.006141941742099901
0.143838018691926, 0.39916645450001004, 0.7257717899261265, 0.6733470540454356, 3.0555858491288395, 0.006179269952784269
0.1438357209135003, 0.39917130374507964, 0.7257833507898002, 0.673270284630321, 3.055585167514077, 0.006258136694924762
0.1438410319947722, 0.3991771172245816, 0.7257703867414477, 0.673306367865256, 3.0555739752582234, 0.006221928880821239
0.14383519876745757, 0.399179409669251, 0.7257638713354735, 0.6733070545632673, 3.0555808495970456, 0.006162664836246044
0.14384071843501967, 0.3991871667257397, 0.7257686851038775, 0.6733643742291586, 3.0555734761133615, 0.006219649774497697
0.1438370031292473, 0.39920268039711715, 0.7257568841152582, 0.6732531760809244, 3.0555945445050043, 0.006182227310172337
0.143836561458261, 0.3991823074169079, 0.7257747053368567, 0.6732707802431179, 3.055585204922711, 0.00625885229027192
0.14382888210109845, 0.3991894455482107, 0.725766605239843, 0.6733147383076503, 3.055608764840614, 0.006214509912001352
0.14384790296165345, 0.3991737141648824, 0.725775576330579, 0.6733022747864831, 3.0555539163863683, 0.006263864735033357
0.14382819237726407, 0.39919451036483256, 0.7257657477975122, 0.6733355153341732, 3.05561629996677, 0.006212014725649381
0.14383526100805766, 0.3991941241081547, 0.7257606120109114, 0.6732737161627543, 3.0556021063261283, 0.006179740939958358
0.14383294110437836, 0.39918546579364583, 0.7257695562652839, 0.6733044308565219, 3.055562288689981, 0.0062250478753443535
0.14384357580699406, 0.399174039777377, 0.7257755224399688, 0.6733681464145354, 3.0555880755320843, 0.006253725822173994
0.14385090678735707, 0.3991912675939452, 0.7257638111243123, 0.6733635270146212, 3.0555718837028922, 0.006200701751595618
0.14384086422038714, 0.39917546790327524, 0.7257616193904052, 0.673321399191018, 3.0555620382536337, 0.006128267118272703
0.14384208462240605, 0.3991907384142223, 0.725765801584096, 0.6733066047081914, 3.055573948831248, 0.006221920772529574
0.14383911884265826, 0.399187845355124, 0.7257602160293173, 0.6732996696134294, 3.0555460604517353, 0.006171286464752703
0.14384415805545972, 0.3991895030360984, 0.725764695770361, 0.6732640829110489, 3.055557262146403, 0.006208472901703755
0.14383594282880355, 0.3992033000568738, 0.7257504141080384, 0.6733828355080345, 3.05557306561761, 0.006124328959692272
0.1438317274073611, 0.3991984589403139, 0.725756434300823, 0.6733080308270111, 3.055580803466272, 0.006163630414789077
0.14384100526067903, 0.3992052604676605, 0.7257546988025458, 0.6732914832939955, 3.0555964183249147, 0.006160416469559632
0.14383517087293757, 0.3991930514804807, 0.7257594792514768, 0.6733470212309082, 3.055584342116461, 0.006161762280333433
0.14383210716614708, 0.39916050221067817, 0.7257818799613601, 0.6732830088639232, 3.055556455885557, 0.006245281518603048
0.1438388083728005, 0.39919779079003537, 0.7257586755755011, 0.6732654898463497, 3.0555657002798995, 0.0061691718786068064
0.1438320164178244, 0.39920226691518723, 0.7257546186092647, 0.6732884855609054, 3.0555834444943546, 0.006145786435064099
0.1438331937148296, 0.3992032577890898, 0.7257557648889601, 0.6732866004433921, 3.0555733574934507, 0.006166884802255216
0.14382803264004534, 0.39917862006784516, 0.7257680354470643, 0.6732760329819028, 3.0556137346166894, 0.006176619479505648
0.14384068017793034, 0.39915781619905427, 0.725789340046363, 0.6732878317076376, 3.0555742562186885, 0.006316773364041099
0.1438386018965536, 0.3991949521873687, 0.7257617852486741, 0.6732853502337095, 3.0555647642007657, 0.00620621138565882
0.14382614573326502, 0.39917520950115976, 0.725768758644502, 0.6732501577867152, 3.0555828820685003, 0.006183890689197393
0.1438274818847557, 0.39919224600527053, 0.7257686986370107, 0.6732516433380699, 3.055586105482165, 0.006222285221679791
0.1438523974480185, 0.39918220888149597, 0.7257666592123411, 0.6733779633719613, 3.05554601380931, 0.0062245620509289125
0.14384484494331728, 0.3991990715619346, 0.7257481572628115, 0.6733527692076762, 3.0555275345860666, 0.006096820303775324
0.1438456542072867, 0.39917319721550304, 0.7257680758735491, 0.6733605766563638, 3.0555585707012787, 0.006184394292551801
0.14383227396827208, 0.3991771095568538, 0.7257659204467183, 0.6732842217103834, 3.0555632603173226, 0.006187260584583803
0.14383649743846555, 0.3991670958596861, 0.725784466415717, 0.6733059614991773, 3.0555686537954347, 0.006298664469004901
0.14383391678557422, 0.39919884246719395, 0.7257512022179794, 0.6733185556410332, 3.0555472521889433, 0.006095191977311771
0.14383861801093525, 0.3991954909544941, 0.7257553286341518, 0.6732649265900282, 3.0555640755174145, 0.006149966812711445
0.14385070879047174, 0.399188864596383, 0.7257606253971078, 0.6733629841015202, 3.0555703219985686, 0.006182235158595374
0.1438376825138815, 0.39917585343996104, 0.7257755089329748, 0.673315136115836, 3.0556119428184965, 0.006250965398079137
0.14384444487066006, 0.39920759663374555, 0.7257507093363388, 0.6732651550573535, 3.0555640034226688, 0.006149721231170834
0.14382416748018778, 0.3991772790479999, 0.7257784194054667, 0.67327584843344, 3.0556084599044153, 0.006254085964392539
0.14383469946164956, 0.3991867742644598, 0.7257663608496807, 0.6732919591355829, 3.0555979904221764, 0.006179138483998831
0.14383239301300593, 0.399207096173023, 0.7257526929735476, 0.6732892810534027, 3.0555849361567144, 0.006163499332841841
0.1438284492281901, 0.3991695080494, 0.7257781305575407, 0.6732751391258246, 3.055606860538491, 0.0062353902690516095
0.1438443566131809, 0.39918472430984014, 0.7257601621386106, 0.6733281765593855, 3.055588307497432, 0.006160426027425645
0.14384080858004106, 0.39918823931164105, 0.7257698179017829, 0.6733096514116623, 3.0555871694411123, 0.006237748980552209
0.14383963907830885, 0.39920168884857515, 0.7257575824374903, 0.6733496176755878, 3.0555958652788995, 0.006158147170607807
0.14383458529337412, 0.3992573521244935, 0.7257096903327794, 0.6733718273438365, 3.055619259110556, 0.0059249284346389285
0.1438453292292591, 0.399254896564834, 0.7257108363915272, 0.6734251205219243, 3.0555969907836906, 0.005945911154803244
0.14382777728378815, 0.3992678303735227, 0.725718364861159, 0.6732772126134702, 3.05562263784383, 0.006004651237735851
0.14385178360558817, 0.39926025580525293, 0.7257123156571629, 0.6733684109163932, 3.0556007686615514, 0.005985582561568977
0.14383253871585913, 0.39925195610519054, 0.7257220786483773, 0.6732751945404172, 3.0556125351629975, 0.006025514649612566
0.14385485615148427, 0.3992726967011683, 0.725692659223017, 0.6733585758528277, 3.055564904098496, 0.00584166208897888
0.1438454866026363, 0.399228388131624, 0.725728384485199, 0.6733662678921774, 3.0555906147501357, 0.0060062168048850215
0.14383275003085114, 0.39925518628787665, 0.7257126281396203, 0.6733824679695433, 3.055580447366487, 0.005933189593882616
0.14383235484870197, 0.3992497677051226, 0.7257197680441664, 0.6733292318637967, 3.0555972121219797, 0.005988217447434047
0.14384583474301416, 0.3992691532475767, 0.725704975592257, 0.6733411397605394, 3.055565101404341, 0.005936975422046948
0.1438457244125929, 0.3992531464008403, 0.7257214355459439, 0.6734146655672384, 3.055545572516547, 0.006034599993618872
0.1438364443386836, 0.3992675177989814, 0.7257006375841935, 0.6734233134389589, 3.055592336064085, 0.005890253100348073
0.14382926185207445, 0.39926523094305305, 0.7257197450968862, 0.6734016845865977, 3.0557462070392187, 0.006029125560144674
0.14403378128809774, 0.400018810546597, 0.7264608556663372, 0.6734758330901637, 3.0551555319545756, 0.018713376730698554
0.14606556797555606, 0.40616152834225805, 0.7336834183171264, 0.6746814053989583, 3.045971348401213, 0.13471784307674492
0.15796824207436805, 0.4078942685077164, 0.7383806939395524, 0.6597680019295875, 2.9183575405750224, 0.20805501239833765
0.1744449816596713, 0.406455262060875, 0.7428979580502933, 0.6345436569243369, 2.7302575545683876, 0.23689090950820835
0.1757924928376182, 0.40870361160776225, 0.7424231931794518, 0.633060437529591, 2.716432370927438, 0.24024564866751244
0.1765666266837619, 0.41972389365093754, 0.7349498918233087, 0.6285599398569345, 2.717601521112095, 0.21526372453768927
0.17729869747687943, 0.42921359433242523, 0.7282380680948276, 0.6242405264248332, 2.717819229172622, 0.19227379704563918
0.1768640343982941, 0.4304337284035469, 0.726899361735658, 0.6239026194029959, 2.7236692622074234, 0.18541886939388885
0.17344869223140652, 0.4308727365601723, 0.7256519093410809, 0.6304977558628033, 2.763358118514891, 0.17970388354748756
0.1660348004756893, 0.4315974862016113, 0.7235782009336786, 0.644408796095225, 2.847959446246028, 0.16719914495475321
0.15737513976400053, 0.4323942373180098, 0.7220034591204136, 0.6598741408884153, 2.9443048331146144, 0.15194785187761803
0.1514548034385728, 0.43291766550132643, 0.7213916440054662, 0.6700106561128556, 3.0094545374462163, 0.14082656120921036
0.15066926425077207, 0.4329638204387746, 0.7214229794783561, 0.6716275829778953, 3.0186355412872614, 0.14004532210094453
0.15622449083300544, 0.43189682274297003, 0.7222760506118299, 0.6633862004206342, 2.959484317260402, 0.15136391221033488
0.17199601586306099, 0.424045493580656, 0.723495038793539, 0.6574804088222386, 2.8336987036733734, 0.13738950324363527
0.1714751509306484, 0.40641404467982345, 0.728160780657832, 0.6644932129350224, 2.8464619593117573, 0.10483980548738808
0.16753257874513422, 0.3803053980231455, 0.7444707055698646, 0.6744279995524233, 2.8639150203921964, 0.16182857065397407
0.16555401056730432, 0.3593136727427214, 0.756111702406342, 0.678544919827085, 2.863839419381353, 0.20190119622988692
0.1636749043582484, 0.34012580067080633, 0.7655029660734042, 0.6817870322678234, 2.864128689850101, 0.23230950270236994
0.16230540912705602, 0.32593513188360185, 0.7693039012347118, 0.6804252378943143, 2.864235870510206, 0.22367136723384562
0.16179618182217173, 0.32083010661217437, 0.7698327066014342, 0.6789361071876148, 2.86445014767675, 0.21170175671798508
0.16126462883625708, 0.3183045979997313, 0.7703746977501471, 0.679029912384097, 2.867644258523046, 0.20928885680713782
0.15629199464257623, 0.3178915236826311, 0.7709599937756834, 0.687992887293896, 2.9222813794894433, 0.21570967084447742
0.14143436358407474, 0.32545546752258925, 0.7804781819036328, -0.687683637585621, -2.9943342915203797, -0.32984992110029987
0.13169738365818806, 0.33355183934792365, 0.7995753587345957, -0.619553988648317, -2.843716203826917, -0.5147452850384061
0.13201841140901904, 0.3351481365512787, 0.8021552361537745, -0.6165266945035347, -2.8367548685627573, -0.5478406190309284
0.13191088189553946, 0.33390749197277625, 0.7987445203069484, -0.6214373252003177, -2.846967938408486, -0.5082638204965086
0.1318629672554862, 0.3335371184777785, 0.7974963807244622, -0.6231109021228407, -2.8503847401942517, -0.4939197438236872
0.13185959480478926, 0.33354559876593326, 0.797348321326138, -0.6232683685009528, -2.85070431541235, -0.4924149431612684
0.13186186077646053, 0.3335582450301897, 0.7973417398276595, -0.6232652270352462, -2.85073595998634, -0.49235278979273406
0.13187272665524105, 0.3335632229242819, 0.7973254928765705, -0.623323355894492, -2.850776295593077, -0.492261896995804
0.13185785820169016, 0.33352835452932666, 0.7973433498561893, -0.623332150829419, -2.85071643147061, -0.49228905133251144
0.13186566363180446, 0.333555282374419, 0.7973270190140097, -0.6233301332980925, -2.8507512529324677, -0.4922307577947825
0.13186456986772424, 0.33353430540801127, 0.7973409601209609, -0.6233226913223959, -2.8507026273555587, -0.49228832816356316
0.13185896919036524, 0.33354011756916174, 0.7973353742354915, -0.623252926901315, -2.850751274732954, -0.4922644490970245
0.13187736544158402, 0.3335350544871567, 0.7973498095905737, -0.6233363495047932, -2.8507300225978764, -0.49239876847739333
0.1318765084742272, 0.33361452827207, 0.7972803019224712, -0.6232817624717041, -2.850805901687124, -0.49215971895784094
0.13207485751914005, 0.3338560556299511, 0.7971113058942779, -0.6236035543782925, -2.8509281895641796, -0.49205452682085954
0.13237590496171442, 0.3342009841527635, 0.7968445252045875, -0.6238962929295786, -2.8511429486434032, -0.4918914728714146
0.1328037408084766, 0.334676119709967, 0.7964749566571399, -0.6243959519299069, -2.851421546650576, -0.4917291287656848
0.1333286702225427, 0.3353276489112169, 0.7959813552019319, -0.6251284271639845, -2.851835448984517, -0.49121782470044983
0.13397043695075594, 0.3360484333987408, 0.795443769327987, -0.6258369684706654, -2.852243954109624, -0.4911414286856998
0.13470800390077492, 0.33694677174340104, 0.7947540018470725, -0.6270270997949499, -2.852841530090271, -0.4905259121416917
0.13553306158688225, 0.33797086231557033, 0.7940129496542152, -0.6278904979038004, -2.853366456286071, -0.49030043595598155
0.13652573420998612, 0.3391775568479249, 0.7931069854915688, -0.629005071508536, -2.8541201662394093, -0.4897735707086915
0.1376022855867741, 0.3404623830962366, 0.7921897363212735, -0.629943084761773, -2.85493043254507, -0.48971300645314586
0.13882038774246508, 0.3418504164293896, 0.7911370227735002, -0.6312011827842909, -2.855871461653935, -0.4893007953082708
0.14011779904001465, 0.3433975513763507, 0.7900040697508468, -0.6329207341552261, -2.8567261771145174, -0.4889213829356333
0.14150981585279157, 0.34510066031305064, 0.7887342781941874, -0.6341813008419972, -2.857849898709502, -0.48818436139759447
0.14301113887859865, 0.3469360799082766, 0.7873446117699775, -0.636095192409949, -2.8588890835478185, -0.4872174814128486
0.14467596093471588, 0.3488744598886227, 0.7859046039593336, -0.6378009901494378, -2.8601361593871175, -0.4867576807520235
0.14638526653290776, 0.35094630855090747, 0.7844034107231386, -0.6396907380936646, -2.8613452461840128, -0.4863917410084873
0.14822893571621365, 0.35319688552009093, 0.7827116280281, -0.6417952190855903, -2.8627248772298888, -0.4852700799997028
0.15025457964098282, 0.35555789859470033, 0.7809624199145411, -0.6442308681418115, -2.8640995566452903, -0.4846203600319873
0.15230609828212513, 0.3580514816695639, 0.7791003863518569, -0.6465760624441932, -2.8656156250391276, -0.4836016394108759
0.15455828230100543, 0.36073757352359426, 0.7770822129490486, -0.648806593971502, -2.867361175253107, -0.48267844975328306
0.15683079680318127, 0.36340426895070954, 0.7751229423760041, -0.651477783435173, -2.869034119539714, -0.4820384171502887
0.15902015786190835, 0.3661366830052134, 0.7730700757424578, -0.6538972355489346, -2.870620523845513, -0.48061628389111105
0.16124604077384408, 0.3688100300453523, 0.7710818123935146, -0.656461847436846, -2.8721850252260643, -0.4796564912610272
0.1635052339034047, 0.37142052072994924, 0.7691601459542602, -0.6590100533612597, -2.8737608043413316, -0.4791691974729277
0.16576922823776663, 0.3741733947769612, 0.7671194505609541, -0.6612640837971216, -2.875493543070288, -0.47820764032109064
0.1680423258917692, 0.37686482724087517, 0.7650775779925243, -0.6641007819536003, -2.8772291767896645, -0.47697726726042794
0.17025036305240257, 0.3795125030452272, 0.7631380762502202, -0.6665861695445278, -2.878542446235655, -0.4762532860924465
0.1724423230601541, 0.3821560161934819, 0.7611518488647478, -0.6690050444618835, -2.8803354493192828, -0.4751122379093316
0.17473221669923109, 0.3848576791405386, 0.7591685669261232, -0.6715819802343886, -2.8818478039813487, -0.4744864032684735
0.17695138014256903, 0.3875033320901043, 0.7571824963253454, -0.6744714718070859, -2.8833471296207605, -0.47346346703445624
0.17923158037791484, 0.39031471826886566, 0.7551301739293703, -0.6767999868499832, -2.8850939586734787, -0.472583989895171
0.18147416479234402, 0.39293826963613504, 0.7531215911919263, -0.679181558008832, -2.886745000067647, -0.47132535467416475
0.18372731245999754, 0.3956442475803646, 0.751131222463959, -0.6817535446875784, -2.888253423217352, -0.4705152727281158
0.1859471836729793, 0.398349557851471, 0.749091840940021, -0.6845285400794364, -2.890072166931139, -0.4692101594854266
0.18813557888764387, 0.4009162775707846, 0.74721928990191, -0.6867792754516782, -2.8915188534409197, -0.46882110971480795
0.19038765536611285, 0.40360845874263224, 0.7451782731504362, -0.6895833004185404, -2.8931192076350647, -0.46743812379620714
0.1926488581318178, 0.4063106500948286, 0.7431884865506638, -0.6920947265505971, -2.894845588779668, -0.4666624240526181
0.19491272695475134, 0.4090033061248385, 0.74118878981294, -0.6947176942007726, -2.8963198496693585, -0.4658000946118545
0.19715029478155316, 0.41168819637013787, 0.7391728919477544, -0.6970959950983253, -2.8980262148621487, -0.46463824136313714
0.19941391718162776, 0.4143905848136559, 0.7371702160222379, -0.6999060308238862, -2.8995659870238546, -0.46377005453726255
0.2016076798032493, 0.41702314837437393, 0.7352315567009001, -0.7023734758564035, -2.9010422303402437, -0.462983269064863
0.20382218608101427, 0.4197371665472571, 0.7331726270568296, -0.7047936081258521, -2.9027831833300923, -0.4615613189942319
0.20609444207291436, 0.4223980462562683, 0.7312008932000454, -0.7078365487496223, -2.9042097569938305, -0.460683462826068
0.20831057569012845, 0.425007165086412, 0.7293009258528116, -0.7102675280894022, -2.905568591068202, -0.4602459278424229
0.21053791665921556, 0.42774189085198716, 0.7272255528510372, -0.7126069839615031, -2.9074361764366294, -0.4586727543612349
0.2127375232034166, 0.4303559060111953, 0.725276218085902, -0.7152939827063277, -2.9090958014848733, -0.4577698595735524
0.21497993506467405, 0.43301466799576177, 0.7233039007800897, -0.7176860676344152, -2.9105409113344436, -0.4568876733731195
0.21727007089411796, 0.43573137253060285, 0.7212747508499631, -0.7202703216941247, -2.9120775321654393, -0.4558599864946529
0.21953349171494163, 0.438406693970871, 0.7193049074495037, -0.7228632914800524, -2.913818510901817, -0.4552547225281797
0.22175806691877192, 0.4411930283209275, 0.7171844349930472, -0.7255237158008486, -2.9154806862778297, -0.45351547563668976
0.22396838842571268, 0.44383448358681304, 0.7152074560553208, -0.7281270698388954, -2.9167493047838002, -0.4525932345739516
0.2262463726340622, 0.44650722173771634, 0.7132101170190592, -0.7306441527904414, -2.918515862936909, -0.4516260257433023
0.2284741838385771, 0.44917371496446923, 0.7112432200329871, -0.7334095105110405, -2.9199273174737175, -0.450722292637486
0.23066642151416553, 0.45179797607293454, 0.7093068944289601, -0.7359643760383077, -2.9215838648739014, -0.449863348738317
0.23288420263201687, 0.45450555319208463, 0.7073135306739763, -0.7384022885886832, -2.92304620547775, -0.44893384449369544
0.2350793666673252, 0.4571114062236518, 0.7053774834461238, -0.7409559536263006, -2.9244548811805062, -0.4479957096570689
0.2373713348705477, 0.45984610076266474, 0.7033338934807195, -0.7436822606747443, -2.926039022668114, -0.4469125080608765
0.23955093642568168, 0.4624192511886985, 0.7014172900726303, -0.746182108979676, -2.927605650616605, -0.44596030599760383
0.2417910914116756, 0.465124937477849, 0.6993985966839629, -0.748681685621667, -2.9293206352746717, -0.44490066966402364
0.24410199247342887, 0.4678991759345256, 0.6973364493702038, -0.7512272217092792, -2.9308909426762715, -0.4438971669065079
0.24632315530233484, 0.4705625590681756, 0.6953719099252056, -0.7539220781090047, -2.9322300564978687, -0.44302087015013136
0.2485581518306838, 0.4732144881816729, 0.6933723853320674, -0.7567342199064824, -2.9337870958211925, -0.44182072899918956
0.25067513077403314, 0.4757490432923664, 0.6914735852517376, -0.7587661194225759, -2.9353174656377563, -0.4408208767045589
0.2527167786409388, 0.4781916651186589, 0.6896523181180917, -0.7613466579133068, -2.936794669618574, -0.43981457186587486
0.2545858001103758, 0.48045927637698815, 0.6880110592664106, -0.7635235241150631, -2.9379920483083843, -0.4393217412299957
0.256394430404744, 0.482652113567719, 0.6863446123241752, -0.7653882132878492, -2.939198734322939, -0.4381602291432183
0.2580700375590596, 0.4845813954312872, 0.6849260485561263, -0.7675243288866863, -2.940383579898618, -0.4376467274046318
0.2597385360981727, 0.48658384217000683, 0.6834463022815105, -0.7694118997126693, -2.9416659476509883, -0.4370951657644947
0.26121325739369966, 0.4883794418653311, 0.682031933166384, -0.771330436554889, -2.9425829997451727, -0.43570606581344556
0.2625185239964108, 0.4899596405650104, 0.6809252324418171, -0.7728397463278786, -2.943424967857845, -0.43563657676254697
0.2637305958974128, 0.4914391869680853, 0.6798209142755844, -0.7740121077323876, -2.9443101380320003, -0.43491646937673106
0.26488192416932144, 0.492820866098302, 0.6787895244009323, -0.7755382983384652, -2.9451633386410423, -0.43445069675468323
0.26585747364415424, 0.4939928718770753, 0.6779363732799651, -0.7765488238837017, -2.945644072796868, -0.43414706087056903
0.2667710658383467, 0.4950444786104619, 0.6771242190282637, -0.7776880782295368, -2.946486160828734, -0.4335997979903629
0.26756194305755737, 0.4960272395538245, 0.6764314781623293, -0.7784521421261144, -2.9469881007526517, -0.433495604064396
0.2682019049867539, 0.4968071672587366, 0.6758509733073171, -0.7792496799613884, -2.9473450465002995, -0.43308316345656994
0.26881461096581033, 0.49752048544751515, 0.6752763251977564, -0.7798914968994509, -2.9478339163865717, -0.4326264121721156
0.2692619578139898, 0.49806925762595095, 0.674880993257109, -0.7803155825641112, -2.94812996463885, -0.43250684181748855
0.269601174622231, 0.49842416029242353, 0.6746362618389109, -0.7808567166315235, -2.948296977529709, -0.4324960849412259
0.26984004138518675, 0.49866867892762046, 0.67446269422949, -0.7812875886362248, -2.9485182794691966, -0.43249556521856347
0.26996239096714164, 0.49881764621741664, 0.6743403425257071, -0.7812432289473437, -2.948559303849532, -0.4324035672973027
0.26998881756504356, 0.4988497350122538, 0.6743141825599106, -0.7814106943256922, -2.948606933832176, -0.43238850072533735
0.2701449996862177, 0.49875417867284194, 0.6743157401364461, -0.7818611491420613, -2.9486070583560005, -0.4322115269305675
0.27041906475412014, 0.498527317862045, 0.6742424332825615, -0.7830253104370194, -2.94862844322421, -0.43094846224754196
0.27086229770400605, 0.4981373859490275, 0.674209920738943, -0.7846806122162537, -2.948579885588927, -0.4294735475732586
0.27147292608946494, 0.49764751443615773, 0.6741103888041724, -0.7870907048744192, -2.948483110071157, -0.4272973525148589
0.2722169583782108, 0.497017167887647, 0.6740075341462366, -0.7900252027503483, -2.9484000120402225, -0.4244820697427188
0.2730857710149782, 0.4962805128648108, 0.673866079068971, -0.79345525685535, -2.9482697779394487, -0.42109456808512175
0.27407140579365735, 0.4953952595885873, 0.6737477214103472, -0.7974690057611117, -2.9481041447723486, -0.41727909591628143
0.27523630446577463, 0.4943753804074496, 0.6735757587877489, -0.8020900593843411, -2.947914341142518, -0.41271570205441843
0.2766036860514834, 0.4931560516251979, 0.6734534296210078, -0.8074495828775141, -2.9476502725768015, -0.40788469293889523
0.2780834331613799, 0.49183761573052454, 0.6732787292945313, -0.8133660690424571, -2.9473162152338626, -0.40239884908813855
0.27965532163662415, 0.49041630106323003, 0.6730922124529904, -0.8198326194806463, -2.946932070883818, -0.39627137126733264
0.28143348802961243, 0.4889183425502945, 0.6728137443926299, -0.8268646542771331, -2.9466997477497356, -0.38941767951977374
0.2834264451642132, 0.4871910230043168, 0.6725836141924758, -0.8344678478497841, -2.9461225089404115, -0.3822350260505674
0.2854909760998479, 0.4853989906171071, 0.6722994099117398, -0.8427008920155985, -2.9457094670883115, -0.3743102199790396
0.2878322647414654, 0.48341719894658963, 0.6719725034362466, -0.8520865138054836, -2.94510776424871, -0.36553461620175376
0.2902175669535091, 0.481339865242218, 0.6716358813867501, -0.8614386207385226, -2.944243421653186, -0.3563538935028997
0.29274109736508286, 0.47915344580039315, 0.6713312433713905, -0.8715833509756524, -2.9435932036281454, -0.3469618365708652
0.29547597667201736, 0.4767403662538528, 0.6710188390473849, -0.8822498579112495, -2.942492596788234, -0.33688710279990464
0.2982394937618391, 0.47435601571024383, 0.6706235127008477, -0.8931432044570998, -2.9415744642784056, -0.3261060634243832
0.3013082570823237, 0.4717068811619908, 0.6702219095865809, -0.9050137528578394, -2.9403353034163136, -0.31454506253324604
0.3042075830751777, 0.4691759292301409, 0.669812122367931, -0.916521151605091, -2.9391125367097444, -0.3031585529785915
0.30729715381591177, 0.4664858279874712, 0.669481683946384, -0.9287004605209056, -2.937712604087005, -0.2920571367351065
0.31026925466520433, 0.4639390275190529, 0.669024392264812, -0.9404628171411832, -2.9361571585122275, -0.28027751387735556
0.3134328809931349, 0.46122653589192464, 0.6686281173545411, -0.9525060025678816, -2.9346204808372445, -0.2685527422191639
0.3164074263420011, 0.4586138641516497, 0.6682190714470169, -0.9642317494655742, -2.9331694202245706, -0.2568241625143051
0.3194328322108566, 0.45594932205284755, 0.6678630763074593, -0.9762301642980976, -2.931413704648034, -0.24533641368411918
0.32245004051072296, 0.45332798307236766, 0.6674700580727233, -0.987734898360762, -2.9296151819322427, -0.23389629912710128
0.3254419796378028, 0.45079189343504494, 0.6670323715997346, -0.9992327689607878, -2.9277169458971843, -0.22236766129334404
0.32859880880575637, 0.4480189669680386, 0.6666661660925703, -1.01179157778246, -2.925530967952466, -0.21039765626595336
0.33150801376584293, 0.44553085250847035, 0.666226675513978, -1.0229547758609008, -2.923559045834278, -0.19867997900586262
0.33463248496853615, 0.4428548549995415, 0.6658072736213393, -1.034851434449857, -2.9214900727777895, -0.18702239873520135
0.337549063304876, 0.44025212718352186, 0.6654839073256703, -1.046367469952837, -2.9192945842249336, -0.17559045548396665
0.34058776992694434, 0.43752553373509623, 0.6651475324147785, -1.0578480389375653, -2.917059931945894, -0.16409590004810623
0.34356783618041864, 0.4350298041764964, 0.6646819234369392, -1.0692892675817869, -2.9148385581940826, -0.15225928275877612
0.346602475185791, 0.43242193825125175, 0.6642970118496574, -1.0809544440928676, -2.9121381624370466, -0.14088757030160515
0.3495898509272176, 0.4298895300973721, 0.6637972655309616, -1.0922864967680597, -2.9097969807641855, -0.12873193964631
0.3523716000349631, 0.427385348515761, 0.6635366124930023, -1.1029994244229826, -2.907234365167382, -0.11836492197412413
0.3550359678164045, 0.4250646461747974, 0.6631833991968075, -1.1133031576987582, -2.904974887227573, -0.10794281635707637
0.3575215854088092, 0.42290274392788696, 0.6628892562027773, -1.1227920329851204, -2.9025598942082502, -0.09837688277557219
0.3599770785407079, 0.4207780514300284, 0.662554479781172, -1.131930356794216, -2.9005550314217037, -0.08871508763279744
0.36224288803104965, 0.41885731458233566, 0.6622354511191091, -1.1405378529405115, -2.898151347808422, -0.08010660209703177
0.3642276624179986, 0.4170787405956899, 0.6620135255792784, -1.1481114909730596, -2.8962038253019364, -0.07229816724170544
0.36619759514406547, 0.4153621481093423, 0.6617444931979424, -1.1557016786237582, -2.894019535106868, -0.06473369505836907
0.36794192790956254, 0.4138798132683441, 0.6614717201167686, -1.1622169136450036, -2.8923230869812993, -0.05758063740600062
0.36951004272525406, 0.4124946260926416, 0.6613177151966053, -1.1680864287669839, -2.890951740024834, -0.05168803811745686
0.3709851783740604, 0.4112512059332215, 0.6610962196825372, -1.1736022743243648, -2.889136115637177, -0.04596890811515647
0.37230537104677436, 0.4101484945080776, 0.6609135451635861, -1.178493134523657, -2.887960058848337, -0.041020395060796834
0.3734209756230787, 0.4090999268092613, 0.6608062619153506, -1.1828717835681457, -2.8865966891213604, -0.03649465345743851
0.3744574771657078, 0.4081918333884792, 0.660680782358985, -1.1870008252314772, -2.885554111105446, -0.03245641646628616
0.37528782245042114, 0.40748962827601437, 0.660562663300645, -1.18983487812716, -2.8846709158583805, -0.02920671308628977
0.3760044456924792, 0.40689292640539576, 0.6604772892711723, -1.1927974993269015, -2.8837593037579334, -0.026633962875563078
0.3765573802026901, 0.40641306297337265, 0.6603688436610562, -1.1948354278357103, -2.883249808666114, -0.024205378214780388
0.37694998798864476, 0.40607938996702453, 0.6603222408185492, -1.196215534011621, -2.882724847617937, -0.022774426090976813
0.3771815690019057, 0.40586067007319876, 0.660270768609862, -1.1970688539698577, -2.882487731489181, -0.021549271832497677
0.37726791460332937, 0.4057818265237875, 0.660268593260985, -1.1974828493364873, -2.88241193678886, -0.0211917499959065
0.377277687135762, 0.40576447686197664, 0.6602762564443311, -1.1973887602199762, -2.88243001141648, -0.021236283799662057
0.3772934204960455, 0.40576524620065796, 0.6602678808835994, -1.1974400867076034, -2.882406927891791, -0.02121808023529036
0.37731326708961505, 0.40574569922466575, 0.6602735660713556, -1.1975668650446758, -2.8823709565138973, -0.021252217066258235
0.37730590055826296, 0.4057441857077034, 0.6602737263107129, -1.1975692066419643, -2.882377114684189, -0.021194568935273432
0.37730856575563515, 0.4057546041036479, 0.6602763146257098, -1.1975167408319791, -2.882445070807058, -0.021260039044174728
0.3773163618930655, 0.4057425191365525, 0.6602654737346126, -1.1976001555786457, -2.8824009696195847, -0.02116713908945841
0.3773218022015922, 0.4057597271038085, 0.6602493243768184, -1.1975111239916352, -2.8823813287037967, -0.021123288075342538
0.37731930565241434, 0.4057577654662497, 0.6602585204536464, -1.197569717549516, -2.882424555812593, -0.021145924956418878
0.37734014504004737, 0.4057231851028295, 0.6602612909266737, -1.1976415392768198, -2.882354937428805, -0.021136596589990495
0.3773059821078013, 0.4057484266870523, 0.660277582327551, -1.1975264614457704, -2.8823730946311192, -0.02123739246236892
0.37732531567359673, 0.4057509012182173, 0.6602517223085866, -1.1975666336318742, -2.882369112627399, -0.021101888150231052
0.37733114328452677, 0.40574587853540794, 0.6602585945957476, -1.197642100666213, -2.882356123298282, -0.021154585180963137
0.3773368103540563, 0.40573855609095555, 0.6602578882695622, -1.1975706391798449, -2.882331313261313, -0.021129694242123208
0.3773275891903201, 0.405738056881475, 0.6602630951037828, -1.1975761831770746, -2.882392873565077, -0.02111499696262203
0.37731182855800044, 0.40575181163553703, 0.6602627380694335, -1.1975031842438133, -2.8824120908605755, -0.021135829090218994
0.37733354094098887, 0.40574983746510374, 0.6602497936328622, -1.19760603796032, -2.8823656456554114, -0.0210990416413669
0.37732903056335454, 0.40576738937810325, 0.6602398942320061, -1.1975021862957513, -2.882407098788717, -0.021081030976241092
0.37737181584721174, 0.4058146784650661, 0.6600187559239612, -1.1976070357781223, -2.8823360267659788, -0.02095208938152762
0.37739604851849967, 0.4058100158786765, 0.6593691800692166, -1.1976686488331731, -2.8822902247602267, -0.020268536322844363
0.3774015098212452, 0.4057889069710291, 0.6587954980559356, -1.1976351041794786, -2.882314699017797, -0.020014517052923356
0.3774352736205425, 0.40578958191223286, 0.6581444875237255, -1.1977119806070375, -2.8821636339490713, -0.019260450881376238
0.3774572588466352, 0.40577466605401935, 0.6575043956532933, -1.1978032203512339, -2.8821870591410046, -0.01899435788619563
0.3774087689221306, 0.40565291061329967, 0.6570312021746642, -1.1978392272965697, -2.8821469949799283, -0.01916472153201646
0.3773977427248462, 0.4056115454703677, 0.6564136858034593, -1.1978657681191665, -2.8820719908765406, -0.018566535806266285
0.37742774717532196, 0.4056226162441883, 0.6557249212030771, -1.1978912011435932, -2.8820347929839016, -0.018206713823700205
0.3774313077918975, 0.4056526704706902, 0.6550175846714852, -1.197841965537949, -2.882011227631614, -0.01768023085227798
0.3774674125421125, 0.4056863792797133, 0.6542937697753237, -1.1978585892517242, -2.8819058585524555, -0.01661647080886603
0.37746581156910197, 0.40565807242728613, 0.6536581373358787, -1.19789891399121, -2.8818642950149393, -0.016275154481377622
0.3774550323535312, 0.405624768651633, 0.6531263392231487, -1.1977638985209842, -2.881947576119275, -0.016302576690219058
0.37743426829580834, 0.40557932682379555, 0.6525713264765748, -1.197757419048013, -2.88194730503639, -0.016297420222630383
0.3774560076791089, 0.4056098739571358, 0.6518694615741466, -1.1977445992412679, -2.8818690600871166, -0.01589318538811713
0.3774305497566087, 0.4055802402293476, 0.6511666466066305, -1.1975723386607888, -2.881893444082241, -0.015330872722265586
0.37747148603749797, 0.40564842565104253, 0.6504454725518829, -1.1975774870160918, -2.881812063350573, -0.014585708466788482
0.3774864957968337, 0.40564076199135846, 0.6498687163777705, -1.1976108584507112, -2.881812846402998, -0.014236496887958172
0.37747094919153096, 0.40563336945695205, 0.6492505995643147, -1.1975951740422395, -2.8817411965927486, -0.013755722466906713
0.377485109975177, 0.40562248583600036, 0.6486105366820933, -1.197668268200008, -2.8816377918905833, -0.013197677431035419
0.3774441607465275, 0.4055798160476856, 0.6479794804864502, -1.197586741747592, -2.8816474133693393, -0.012856735705036119
0.3774504241306843, 0.4055930259858733, 0.6473590701103488, -1.197640510550947, -2.8815961400603145, -0.012723706812926262
0.37747648648934845, 0.4055725941975286, 0.6467189121070337, -1.197618424100911, -2.881558706112851, -0.012162578427589995
0.37750932786302643, 0.40556349243164275, 0.6459981313495966, -1.1977235510119908, -2.881429020686317, -0.011230061910021499
0.37753094627563055, 0.4055956041480968, 0.6453894351619802, -1.1977117411675384, -2.881419013086179, -0.010850113407980672
0.377530616533659, 0.40552986018386017, 0.6447950617523993, -1.197682588697119, -2.881416337399572, -0.010470150608852353
0.3774974818490905, 0.4054170501429272, 0.6442563588576719, -1.1977761221207703, -2.8813262422419443, -0.010119274997979138
0.37752111444615677, 0.40542091926387436, 0.6436863979695899, -1.1978982322467036, -2.8813492393052154, -0.010208929671826005
0.37753560835422506, 0.4053895950849345, 0.6430279838035435, -1.197943490997759, -2.8813247315457313, -0.009787270852004799
0.3775371682983151, 0.4053663490363884, 0.6423475383791846, -1.197915102981166, -2.881314831872094, -0.009467058730182925
0.37759410387285675, 0.40539416651246224, 0.641707144492359, -1.197973387240274, -2.881233069622777, -0.00868142672125694
0.3776270977052768, 0.40542609127873636, 0.6410663055036275, -1.1979842265211804, -2.8811789530429848, -0.008345792976516013
0.3776632568343275, 0.4054300761932108, 0.6403989847328225, -1.1980419613287812, -2.881139246695073, -0.007833542912229189
0.37768268882733647, 0.40538295879223474, 0.6396445951040766, -1.1981771093711062, -2.8810335176090858, -0.007006499917363759
0.3776953510105948, 0.4054064681666355, 0.6390775202387776, -1.1981018272686825, -2.8810254218060245, -0.006765104581911915
0.37765177126882105, 0.40532000542614355, 0.6385281679913262, -1.1981715049244683, -2.8810739738638866, -0.006514048774044104
0.3776345340249396, 0.4052891054223008, 0.6379156480727253, -1.198201996963244, -2.881024612896303, -0.0059304820444520635
0.37764484390525666, 0.40531310972627127, 0.6372666469002098, -1.1982025917048074, -2.8809472436530426, -0.0055821733602517305
0.377617211171226, 0.4052382106279583, 0.6366312588949279, -1.1983025825925595, -2.880913191042362, -0.0052906981356644345
0.37763201271088814, 0.40524299942504877, 0.6359898820298502, -1.1983195357392615, -2.8808792081619288, -0.004553404116245695
0.37768040918838863, 0.4053082787853867, 0.6352936105582687, -1.198315589005271, -2.8808372609656465, -0.00402792190023225
0.3777140880320468, 0.40535379384652, 0.6345584247261368, -1.1982608525812404, -2.8808125627544747, -0.0037125193662252013
0.37772335663327333, 0.4053472348886103, 0.6339243570578794, -1.1983050287216503, -2.8807958656323382, -0.003120563389126433
0.3776700275362049, 0.40525314484133784, 0.6333827957584669, -1.1982015330482754, -2.8808694155568078, -0.0029195400417581703
0.37767681481258064, 0.405238238483255, 0.6327545843339707, -1.19815111268198, -2.880868697320179, -0.002598630631641149
0.3776650491094975, 0.40521183607075917, 0.6321022772395763, -1.1982541891603822, -2.8808442265527394, -0.00228345188142737
0.3776737259748773, 0.4052143664342976, 0.6314561641770333, -1.1982074546982897, -2.8808511081691703, -0.0021679113890493784
0.3776640321364714, 0.40517718131153724, 0.6308931462502987, -1.1982123130286588, -2.8807976443162193, -0.0018152861381386294
0.3776894208626805, 0.4052153159230552, 0.6302819250499634, -1.1981762712836672, -2.880787778791701, -0.001343425121495437
0.377729816832317, 0.4052904855598645, 0.6296191487215771, -1.1981741730992912, -2.8806607939518276, -0.0006487738592035508
0.3777235651592813, 0.4052465497676665, 0.6289187016116287, -1.1981795289610162, -2.8806436702668905, 9.160920519691001e-05
0.3777274233196499, 0.4052497129747366, 0.6282859129972399, -1.1981158298631642, -2.880564176325649, 0.0005821593904846138
0.37771798860586536, 0.40525614174293806, 0.6275767051159455, -1.1981211973473684, -2.8805447835235043, 0.0009832048609387672
0.37768981093154713, 0.4051930503509063, 0.6268880208163404, -1.1981289087274765, -2.8804360122297843, 0.0015887394998110797
0.37767720406669747, 0.40518601636663526, 0.6263219562588478, -1.1980825522365794, -2.880406528575778, 0.0020359930010726596
0.37764838751145724, 0.40516540516439625, 0.6256462422063294, -1.1979240024637778, -2.8803888790152223, 0.0027983357338070046
0.3776623127892923, 0.40518466962631206, 0.6249875002539427, -1.1979405014403797, -2.880304237001826, 0.0030324780523901342
0.3776664963838981, 0.4052025247321184, 0.6244100462178425, -1.1978404378488778, -2.8801926652945924, 0.0031141427550604823
0.3776219477510684, 0.4051901333536019, 0.6238977050245895, -1.1977256996785175, -2.880194694772208, 0.0029379995509589587
0.37763188725327596, 0.40522342014232676, 0.6234100553251264, -1.1977027189808687, -2.8800835326623373, 0.003084874691226083
0.3776302327676356, 0.40524176876727536, 0.6230487874989012, -1.1975057537148681, -2.880103978712957, 0.003166714711006164
0.3776447847233646, 0.40528090887341806, 0.6225369160813373, -1.1975246757642215, -2.87994704082358, 0.003685790792917447
0.37762194807491256, 0.4052501702321466, 0.622247720175246, -1.1975632161839112, -2.879907134529719, 0.003550334436187659
0.3776293157734433, 0.40529555736146594, 0.6219689399231386, -1.1974323086308962, -2.8799020988133655, 0.0036142840559802206
0.37762421941427343, 0.40528779417542526, 0.621670570912738, -1.1973994732105304, -2.879887165818895, 0.003875382019739078
0.3776455744163435, 0.4052979233783367, 0.6214402281327511, -1.1973711371635283, -2.879890723477241, 0.003950529671492901
0.37762737444215405, 0.40530375246530354, 0.621218405080182, -1.1973736214082427, -2.8798218830336255, 0.003975059503260389
0.377639966122528, 0.4053454133867757, 0.6209342946009185, -1.19730514794742, -2.879772727495767, 0.004204706025799128
0.37763160858711203, 0.4053593020469606, 0.6206323316702606, -1.1973001057611046, -2.879727334703342, 0.004519181811462342
0.3776449841488178, 0.4053691037699401, 0.6203356822256152, -1.197281699938599, -2.879700128480786, 0.004835855839934195
0.37764344881245854, 0.4053524809480817, 0.6199930997384053, -1.1973345021200286, -2.8796914391171, 0.0048403589529622685
0.3776615183560972, 0.4053697911323618, 0.6196390289557651, -1.1972908705903569, -2.8796932393571812, 0.004990643037269029
0.3776285955629073, 0.4053749989870644, 0.6193047729547266, -1.1971405336398113, -2.8797344050383518, 0.005423525112742963
0.3776426852733423, 0.405325855022128, 0.6189288030493566, -1.1973050471878723, -2.87964922352468, 0.005460377718822962
0.37761484560492997, 0.4052910222210275, 0.6187118266403413, -1.197270733116885, -2.879686714143979, 0.005373594213264391
0.3775955318665371, 0.4052496572382874, 0.618490809577613, -1.1972893813785899, -2.8796580290691325, 0.005446096118779
0.3776058786147772, 0.40527696081855824, 0.6182661477873456, -1.1972658319506941, -2.879674721770792, 0.005506401860328886
0.3776110452939268, 0.40528142915182797, 0.6181331627020487, -1.1972930113655678, -2.8796767711902134, 0.0056249338566774065
0.3776039340985022, 0.40530335410381846, 0.6179466259958124, -1.197168760092217, -2.879650613969481, 0.00585356524635775
0.37762479019550876, 0.40531910332582444, 0.6177677356446951, -1.1972117099525592, -2.879638385647276, 0.006158430935336301
0.3776207599384533, 0.40529570748730953, 0.6177046514258019, -1.197218892845674, -2.8796960218748673, 0.00585089506098836
0.3776341246991926, 0.40532181095686876, 0.6175488016547568, -1.197175567457989, -2.879671937553754, 0.005994387584729928
0.3776173507724709, 0.40528635919221745, 0.6174753636969121, -1.19718994517019, -2.8796487523113097, 0.005914096096597748
0.37762191889553887, 0.4052980033198556, 0.6173936413498774, -1.1971900883910565, -2.8796896805800327, 0.006019450089228812
0.37760827007713965, 0.4053030316732647, 0.6172678727079501, -1.1971123286593688, -2.8796846289867593, 0.006239036572132659
0.37763669892163937, 0.40525234754957373, 0.6172073355298233, -1.1972115432664958, -2.879723729607041, 0.006104126115614576
0.3776416947829415, 0.4052874053866788, 0.6170463342533163, -1.1970622741410775, -2.8797359444436905, 0.006433744818720386
0.37765031615232, 0.4053118241759045, 0.6169656289866811, -1.1971015170814592, -2.879724336293715, 0.006511744369358299
0.3776510769302432, 0.40532985763704243, 0.6169014350124024, -1.1970369536312115, -2.8797091302191977, 0.006653208965009605
0.37767758442755406, 0.4053356040391072, 0.6168586232748279, -1.197178078354055, -2.8796545556842674, 0.006618400691536934
0.37765519622828403, 0.4053302914150841, 0.6168318306139139, -1.1970970015938165, -2.879649960770256, 0.006609521886743387
0.3776592657268272, 0.4053618183968753, 0.6167467137176844, -1.1970471219053007, -2.8796667016921402, 0.006647211027062162
0.37766979270934675, 0.405354472251417, 0.6166896573982643, -1.1969827805205009, -2.8796540919628018, 0.006995976475065919
0.3777086991710652, 0.40537879581125863, 0.6166243109382014, -1.1970423091324804, -2.879646178072519, 0.006962330303679752
0.37771091032232273, 0.40535379625103984, 0.61654634885956, -1.1970415009194197, -2.8796368801169443, 0.007281708070420989
0.377727290129706, 0.40536188695999553, 0.6165196970791361, -1.1970239804927536, -2.8795933720642304, 0.007382084924884315
0.3777318972039618, 0.4053590750952027, 0.616481047832665, -1.196827807641783, -2.879653390671982, 0.007450454409328551
0.3777257649135074, 0.4053864378561496, 0.616465279478384, -1.1967414652776995, -2.879687274269146, 0.0074690339750004345
0.37773333259234154, 0.4053698889134786, 0.6163920061797478, -1.1967210915518083, -2.879629870235563, 0.007585815323780532
0.3777439279299375, 0.40537281714976314, 0.6163957838576671, -1.196804674233799, -2.879589408882863, 0.00775538951136268
0.37773944176146423, 0.40537395983302854, 0.6163815173553184, -1.1966259831253092, -2.8795955767022012, 0.007889112978673616
0.3777330030840702, 0.4053591244906735, 0.6164507355349373, -1.19665783716719, -2.8796307421543235, 0.0076918881377333785
0.37773850396908737, 0.40534108277102016, 0.6165065256163211, -1.1966271437601184, -2.879662215633081, 0.0076377247928804005
0.37776942605316444, 0.4053414319995791, 0.616476559287267, -1.1967545726047013, -2.879621775608944, 0.007526657118251373
0.37779348409048374, 0.40534518450316875, 0.6164353539050665, -1.1967501810665435, -2.87970626168307, 0.007374324108051286
0.37780565258353105, 0.405354714029218, 0.6163722785612019, -1.196799956836395, -2.8796727043644816, 0.007373038168132988
0.3778157832535808, 0.4053172850484329, 0.6163844906612809, -1.1968520242940761, -2.8796039390490193, 0.0073216475086418185
0.37782211662259263, 0.4053134757377296, 0.6163400716496136, -1.1968798954881343, -2.879570010853208, 0.007638165887856348
0.3778228689479238, 0.4053043199721766, 0.6163468676808679, -1.1968398477948914, -2.8795715812128044, 0.007652657427963132
0.3778248286631987, 0.40528273934976394, 0.6163776397497338, -1.1968528416202977, -2.879557581739165, 0.007726888049968947
0.3778310742006914, 0.4052723239091183, 0.6163750799533851, -1.1968556221807813, -2.8795162419270373, 0.007848758938170577
0.377826230130833, 0.4052789729645544, 0.6163620784751254, -1.1967909216160741, -2.879602984003632, 0.007900907293656233
0.3778398071945762, 0.4052761954511071, 0.6163567273054428, -1.1968427613043666, -2.8795814174780006, 0.007900690991473832
0.3778521275504848, 0.4052482915006716, 0.616395130486419, -1.1969269305313368, -2.879641422856796, 0.00763812069581875
0.37787678783195144, 0.40528225722458805, 0.6163348335566567, -1.1969470848805777, -2.879586549200088, 0.007702633591758871
0.3779331169621807, 0.40533629636541185, 0.6162193279306842, -1.1970093422690353, -2.8795772919029203, 0.007555908618351871
0.3779372975322174, 0.4053308435385823, 0.6161716514557748, -1.1970253186801374, -2.879562359307384, 0.007629862395190935
0.37793575172112637, 0.4053325499419972, 0.6161593204307337, -1.1969794649447056, -2.8795474978313567, 0.007696894866030466
0.3779442418702061, 0.4053402137334773, 0.6161262522352168, -1.1970136074010054, -2.8794803566913747, 0.007817377706562049
0.3779534612626153, 0.4053346545728738, 0.6160765498896965, -1.197052917409874, -2.879423898629021, 0.007940426493119674
0.377936134342707, 0.4052860338413188, 0.6161504936250106, -1.1970446154427905, -2.8794616472640575, 0.008099253867706805
0.37799399274307705, 0.4052659228108266, 0.6161296073897429, -1.1972135120572722, -2.8794268442329893, 0.00789840702546565
0.37800260126671226, 0.40527997795502707, 0.6161146378225104, -1.197193072729843, -2.8794250622367867, 0.007989233046814728
0.37798361014677306, 0.4052986732379692, 0.6161082073046644, -1.197060367523981, -2.8794947543845275, 0.007860750034289824
0.3780134024739439, 0.40528951859249274, 0.6160838468858456, -1.1971170809083964, -2.8794349834512234, 0.007946002228937375
0.3780197498707712, 0.4053282711785582, 0.6160512400493514, -1.1969899317723547, -2.879561908643112, 0.007754660149302
0.37800004146093025, 0.4053315982768243, 0.61603473809346, -1.1970490337807838, -2.879459159209171, 0.007869428128858373
0.3780307290062659, 0.4053609217965802, 0.6158882830787218, -1.197023289134284, -2.8794295628210236, 0.00799383648305593
0.3780224607485269, 0.4053577707133944, 0.6158790377274173, -1.1970980071064883, -2.8794136546628004, 0.007979784656052886
0.37804433324396824, 0.4053464054724697, 0.6158545246692972, -1.1970628510582224, -2.879377738624525, 0.00830594528420907
0.37803195087906977, 0.4053343406361913, 0.6158617752601183, -1.1970867555477982, -2.8793871806128015, 0.008368353105950976
0.37804001824936084, 0.40535162465703717, 0.6158359055421029, -1.1970593233808795, -2.8793667734689947, 0.00841723377280312
0.37804444317437647, 0.4053425920508935, 0.615878218416778, -1.1970291963791966, -2.8793984473214342, 0.00847738656772078
0.37805956718671774, 0.40534866445187384, 0.6158601688089241, -1.1969875052288153, -2.879443644417592, 0.008577780580702792
0.3780558284777449, 0.4053300796448592, 0.6158694080869984, -1.1970587225345681, -2.8794204036308186, 0.008522418490425794
0.37807740524234323, 0.4053527911620619, 0.6158249530655509, -1.1970286968693908, -2.8793433112787667, 0.008615958137465993
0.37809883447604936, 0.40535859957754006, 0.6157917667383126, -1.1970226290688595, -2.8793734951662944, 0.008601769469940401
0.3781167893379338, 0.40536909352393835, 0.6158263662493996, -1.1970712221196236, -2.879397966331706, 0.008554179730445114
0.37811355532542573, 0.40535558531759824, 0.6158337372297054, -1.197145303589907, -2.8793332544686607, 0.00862300049529473
0.37812938927864675, 0.40532335511816725, 0.6158457270928632, -1.1971805902588248, -2.879371681792565, 0.008614338603323361
0.3781588561650183, 0.40535869478582104, 0.615807356427979, -1.1971591427160304, -2.8794635439534115, 0.008577302013895666
0.3781638843401627, 0.40534415119652606, 0.6158045117343295, -1.1971995359576773, -2.8795128745052287, 0.008573692260230754
0.3781654709324796, 0.4053756680574547, 0.6157449657798759, -1.1972118218286887, -2.8794865376057888, 0.008532840371992662
0.3782161866155109, 0.40536077025793293, 0.6157229786750458, -1.1973167129475035, -2.8794942573932962, 0.00865598659082483
0.378218412769021, 0.40536656658305337, 0.615669887548919, -1.1972936721558893, -2.8794825612249952, 0.008727662573389328
0.3782400592805998, 0.40534368082855055, 0.6156817076648708, -1.197336999932303, -2.8794408303114847, 0.008701080310074294
0.3782280501700091, 0.40529958997971033, 0.6157445682707406, -1.1973941527720373, -2.8793918679760804, 0.00892203482811007
0.37824057241955156, 0.40530346303248943, 0.6157436395755097, -1.1974007566575415, -2.8794084916833436, 0.008981913385166967
0.37826617464788204, 0.4053096458520888, 0.6157475378614935, -1.1974170410502343, -2.8793992044678456, 0.008886084672229696
0.37828911736346643, 0.4052641295388907, 0.6157738234023303, -1.1975555989800362, -2.8793946351111197, 0.008878616616213147
0.3783066500134607, 0.4052594930236594, 0.6157624816304227, -1.197674423467094, -2.879388569254862, 0.008964524692560774
0.37831118778216727, 0.4052688903549111, 0.6157263999824429, -1.1974822642058656, -2.8794595080081447, 0.008923205822504506
0.37834515272004277, 0.4052971222385927, 0.6156140386147236, -1.1975090606321654, -2.879463149680121, 0.008908687942286664
0.3783436070354532, 0.40530697653788933, 0.6156075618864401, -1.19752606923204, -2.879454115675588, 0.008927690069073856
0.3783620519326931, 0.4053018434516617, 0.6155845135367278, -1.197468112600028, -2.8794590303117737, 0.008977104153179634
0.3783698400851253, 0.4053125282420322, 0.615558903309826, -1.1975378704896351, -2.879430282587539, 0.00909254084151545
0.37835029556240624, 0.4052828132554595, 0.6156204924584513, -1.1974132985440176, -2.879477383720962, 0.009013886703112537
0.3783728649829165, 0.40528649407828576, 0.6156481639540927, -1.1974119476097633, -2.879428642605015, 0.009208570796004763
0.3783905559234803, 0.4053111008452962, 0.6156541835986609, -1.1973782129850314, -2.879447736218021, 0.009398507769799867
0.3784143809071223, 0.4052981286031289, 0.6156546809229358, -1.1973954181649775, -2.8794425195505173, 0.00949247075775199
0.3784347191798926, 0.4053164451904303, 0.6156442295152051, -1.1973523968405992, -2.8794836340663177, 0.00940191128519166
0.3784361056040084, 0.40528983157171883, 0.6156570663677599, -1.1973922305831746, -2.8794842084475682, 0.009480884874347398
0.3784739110109582, 0.4052993477529077, 0.6156123787593561, -1.19745364090968, -2.8794817594689532, 0.00939103981334673
0.37848642388913184, 0.40530746278375324, 0.6155427395788593, -1.1975052676074796, -2.8794024341325817, 0.009207901350832144
0.3784771909797171, 0.40530515365469816, 0.6154944484179734, -1.1974489545807276, -2.8794090371883763, 0.009355985381351949
0.3784665377458974, 0.40529218634409886, 0.6155166793007614, -1.1973481981620226, -2.8794121725390416, 0.009458921581228843
0.37845027610045084, 0.4052819836464803, 0.6155439332146658, -1.1973021527710903, -2.879399469954937, 0.009507226979692508
0.37847420398523457, 0.4052944661641668, 0.615532062547161, -1.1972796776427819, -2.879396114628412, 0.009730824254529535
0.37847459292281743, 0.40528482291040124, 0.6155914895828162, -1.197304879547566, -2.8793664952104434, 0.009782872913394657
0.37848433372233664, 0.4053046264655017, 0.6155873418757423, -1.1973225148525743, -2.8794087423404306, 0.00981375870406534
0.37847684648166124, 0.4053051368590124, 0.6155691154730648, -1.1972988903165613, -2.8793996355177343, 0.009980612129120593
0.378483828312854, 0.405287521240002, 0.6155928859266676, -1.1973749173218997, -2.879391476649449, 0.010004959725416188
0.37849500741800285, 0.40530976440778643, 0.6155662588910191, -1.1972635857395908, -2.87941198327551, 0.009997664590534215
0.37849442025090907, 0.40532326015410086, 0.6155500207146718, -1.1972440004059033, -2.8794111450846165, 0.009958074688427248
0.37850002301596963, 0.40530525781083293, 0.6155791970598943, -1.197166484278425, -2.879470937017411, 0.00983003225811231
0.37849220475165096, 0.4053238955165968, 0.6155430187149946, -1.1971620678312043, -2.879408905119798, 0.010043687282932985
0.3785008254071403, 0.40533369184757745, 0.6155572075548817, -1.1971196624319485, -2.87945424585129, 0.010029224561860428
0.3785222351309465, 0.4053663003003012, 0.6155122174070823, -1.1971060498849118, -2.879466835218643, 0.010087913085857903
0.3785334123393866, 0.4053782159338128, 0.6155028479740549, -1.1971017884976425, -2.8795049523062373, 0.010115079926028302
0.3785517676817706, 0.40537903837737876, 0.6154632033409904, -1.197250427043352, -2.8794689190658618, 0.010122701856125606
0.3785620517545646, 0.4053833228926722, 0.6154074046842652, -1.1972381924621383, -2.8794823822889564, 0.010048664305999107
0.3785452286111186, 0.4053415198002754, 0.615420965371685, -1.1972790974532248, -2.8794844486435927, 0.009995860286067448
0.3785475686737111, 0.4053598923029671, 0.6153712931709724, -1.1972405203972833, -2.8794835844625166, 0.010030324765573695
0.3785493339153996, 0.4053689711388098, 0.6153674325024354, -1.1971921328437694, -2.8794630720408194, 0.010039218289334635
0.37855231771399767, 0.40536787205190333, 0.6153435127443566, -1.1972374766124798, -2.8793759924389506, 0.010288914586207619
0.378530775832418, 0.405333039704792, 0.6154132029268605, -1.1971275286649516, -2.8794108169344534, 0.010379346780611946
0.37857717677487657, 0.4053791258667745, 0.615383827191116, -1.1972079232655461, -2.879407759860029, 0.010348783158872762
0.37855962673660004, 0.4053611628112445, 0.6154034359711538, -1.1971405007051128, -2.879442190715042, 0.01040565751586704
0.3785749695028848, 0.4053735821472292, 0.615391511437557, -1.1971738153586613, -2.8794240848373107, 0.010443093523810778
0.3785579857628229, 0.40537099834706036, 0.6153834577832711, -1.1970831400852175, -2.879449078975298, 0.010553714721772394
0.37856623387865124, 0.4053842733145149, 0.6153665949372855, -1.1971223544049, -2.8794433930993732, 0.010462403413257066
0.37857740060829564, 0.4053754368907396, 0.6153544951409644, -1.1971294436638202, -2.879459542455105, 0.010408774432689295
0.37859575207239, 0.4054134758602166, 0.615306276099587, -1.1971319861724772, -2.8794111229335244, 0.010360156371240076
0.37859085810318605, 0.4053829783070632, 0.6153253723950315, -1.1971710575666938, -2.879360987736588, 0.010541180725733356
0.3786151846527785, 0.4053850956805559, 0.6153051651111138, -1.1971724886718214, -2.8793622772906375, 0.01052153051824891
0.3786176806433736, 0.40534777341689027, 0.6153515944709476, -1.197100235926977, -2.87934054890316, 0.010507080433422793
0.3786366195679932, 0.40529593342957154, 0.6153703171223421, -1.197283558655678, -2.879298500308952, 0.010666207966487094
0.3786532058087488, 0.405302004719844, 0.6153676120473881, -1.1973138503052425, -2.8792728344402994, 0.010549656857206751
0.3786383387422597, 0.40530912887847587, 0.6153755522460642, -1.1972696376391367, -2.879314955828789, 0.010687769074768386
0.37865420477746387, 0.40533679925473004, 0.615349405603492, -1.1972002412829563, -2.879339449219697, 0.010609779647103848
0.37866700797994157, 0.40531006236171063, 0.6153578827020414, -1.1972104975510134, -2.8793156107351057, 0.010661014893135824
0.37864455093040916, 0.40533362042758675, 0.615346597262932, -1.1971613540294592, -2.8793429281873175, 0.010720611429818429
0.37864918815305176, 0.40533719068855245, 0.6153609725430962, -1.196997774966828, -2.8793402615059116, 0.01087226168660495
0.37866367741947876, 0.40531930166883257, 0.615383596152168, -1.1970723608022324, -2.8793283159140954, 0.010933621506531698
0.3786823185055521, 0.405339184115536, 0.615380177111592, -1.1970686763224165, -2.8793190105408395, 0.010911811819726332
0.37867955771023354, 0.40532839678227717, 0.6154015350669299, -1.1970512317929485, -2.8793772950648284, 0.010809593451084627
0.37869726709069323, 0.4053568472226618, 0.6153374838625716, -1.1970646643579141, -2.879401458627358, 0.010551256112355105
0.3786989001581403, 0.4053533914071717, 0.61528868993915, -1.1971264850729038, -2.8793999436060713, 0.01069097729389225
0.37869465641890565, 0.40533201674075314, 0.6152483184921591, -1.1971343024349141, -2.8794136308728926, 0.010656854051758063
0.37870523874335327, 0.4053471736398275, 0.6151949319903178, -1.196964225214959, -2.8794884578752766, 0.010731114671324914
0.3787197465870227, 0.4053522219383368, 0.6151842440650239, -1.1969786167133512, -2.8794248430541134, 0.010888236440611914
0.378685551433487, 0.40532178957143966, 0.6152415519337264, -1.1968667133817714, -2.8794542995366195, 0.011034574664856498
0.37870122598584577, 0.40532246388095944, 0.6152670585126225, -1.1968774329877991, -2.8794348229236038, 0.011163088271830582
0.3787109263017822, 0.40536515626800684, 0.6152288023733579, -1.19688930003935, -2.8794106367642742, 0.011216113913811448
0.3787305794671133, 0.4053307331424244, 0.6152491789060822, -1.1969476042811242, -2.8794080076245008, 0.011256694401902691
0.37872577851519046, 0.40532721371013936, 0.6152413524834909, -1.1967742910988732, -2.8795264492182353, 0.01130497446933078
0.37872819923658774, 0.4053475721817762, 0.615213227869192, -1.1968199198414937, -2.8794863149042196, 0.011264071658574402
0.3787464289155552, 0.40537532880842236, 0.6151367020050695, -1.1967808497752142, -2.879483714834907, 0.011541883070979376
0.37877750969837937, 0.4053510003029648, 0.6151328892848713, -1.1968781640255903, -2.8794724865857027, 0.011283488090798986
0.3787854791842758, 0.40536822105258574, 0.6150935016061336, -1.1968800807469668, -2.8794249599908195, 0.011462629117403741
0.37879259798974296, 0.4053508785506478, 0.6150917652598173, -1.1968696727754753, -2.8794484006087537, 0.011521891785470091
0.37878231223094133, 0.4053176884919676, 0.6151449805449123, -1.196900773750294, -2.8793820992259964, 0.011527194473617957
0.3788006266485767, 0.40529787563563996, 0.6151567220886942, -1.1969629068035395, -2.879338992921215, 0.01167456594249241
0.37879851454862645, 0.4052903178471725, 0.615181419482315, -1.19697079344841, -2.879361170401622, 0.011681332753451354
0.3788359023807011, 0.40527040781398055, 0.6151686922259368, -1.1969326566847631, -2.8793185571775743, 0.011833274130378477
0.3788622981168116, 0.4052902771065977, 0.6151088348693059, -1.1970157643993586, -2.8793655252295, 0.011701956587010827
0.3788599796093263, 0.4053092631954187, 0.6150971145716032, -1.1970105977591283, -2.8793013014908193, 0.011705748985275832
0.37886935559110446, 0.4052830709113833, 0.6150823114715236, -1.1969701230530816, -2.879350085817109, 0.011655640913922648
0.3788883839563952, 0.40531003298305046, 0.6150266730735503, -1.196993359098359, -2.8792548938557467, 0.011938677420051856
0.37886205302417664, 0.40529215186890216, 0.615079438867596, -1.1969593109275456, -2.8792755482153156, 0.011882592246614514
0.3788615704877188, 0.4052812070662555, 0.6150976871853794, -1.1968448430329854, -2.879294990872492, 0.012007719714295727
0.3789104135325738, 0.4053027375461381, 0.6150924117506397, -1.1969350032451795, -2.8792212388853535, 0.012091795406314776
0.37890768422312165, 0.40536004133826, 0.6151023777393011, -1.196827568245167, -2.8792553211785696, 0.012185861740060533
0.3788870867782923, 0.40532253613878794, 0.615169525093664, -1.1968701746479848, -2.8792673933212325, 0.012155640194916911
0.37889468880437216, 0.40535541173388023, 0.6151209240463971, -1.1967821126545708, -2.879342379284923, 0.012050453867080141
0.37892158228045103, 0.40531860747030213, 0.6151458967001822, -1.196941123430746, -2.8792419008497157, 0.012003058291507652
0.3789313185356208, 0.40536138012669, 0.6150611592514911, -1.196830108705118, -2.8792582906822535, 0.01214787012168856
0.3789283056032607, 0.4053625976616919, 0.6150996472801763, -1.1968846667371893, -2.879248597931919, 0.012378894364319843
0.37892428323433436, 0.40534801683176386, 0.615118848487017, -1.196845107428454, -2.879252092809258, 0.012260426739524084
0.37893050989985555, 0.40536642015732893, 0.6151126874052615, -1.196823582329824, -2.879199195410654, 0.012340787328748529
0.3789507220276911, 0.40539697363543203, 0.615078582887914, -1.1968495946690454, -2.8792098395041936, 0.012270674353651851
0.37896135374116346, 0.40539360329835045, 0.6150756948966979, -1.196797530359321, -2.8792801641449186, 0.012300542869601538
0.37894156342206947, 0.4054045440571597, 0.6150836732085523, -1.19680186833583, -2.8792402448505556, 0.01229297682257062
0.37897666963726256, 0.40539156624577477, 0.6150458591871274, -1.1967158709294416, -2.8793244119289088, 0.012319200677016353
0.3790183549261626, 0.40540938693778883, 0.6149843769279425, -1.1968920970586714, -2.8792556325666334, 0.01228296358412558
0.3790342008084116, 0.40540814668229613, 0.6149351550662273, -1.1968775963449596, -2.87926360188011, 0.012378121655735284
0.3790412768780634, 0.405417599973316, 0.6148955509223264, -1.1969946750231673, -2.8791512777673964, 0.012364295456516584
0.3790700317210387, 0.40538359132510077, 0.6148897960497725, -1.1970058592202049, -2.8791781199616966, 0.01242579902841426
0.37907406689954243, 0.4053446153036841, 0.6149754618408528, -1.1969935285731508, -2.8791571536023253, 0.012417224715697154
0.37907429899379425, 0.40534720400393476, 0.614951601565345, -1.1970188110633075, -2.8791189103713988, 0.012544506065032181
0.3790978309203918, 0.4053501039532889, 0.6149451071058453, -1.1970815230940723, -2.879073649312749, 0.012596088905256361
0.3790867050397118, 0.4053632322250864, 0.6149469191185695, -1.1968846109918234, -2.8791871500233324, 0.012658872605621301
0.3791001081099438, 0.4053786560232281, 0.6149685875057173, -1.1968978113024566, -2.8792222741662297, 0.012648895327242402
0.37910481694702497, 0.4053759071038606, 0.6149633387670631, -1.1968753529501457, -2.879216398336533, 0.01266426724778199
0.37908814365761734, 0.40536546942415363, 0.6149895338757944, -1.1969196406706828, -2.8791790570382734, 0.012603529173641928
0.3791174753553306, 0.4053987064406483, 0.6148720335599038, -1.1969160953036841, -2.8791592894227587, 0.012901884704584294
0.3790972282077672, 0.4053990712006246, 0.6148714022166979, -1.1968097032724758, -2.8791458258692484, 0.012945301877861214
0.37912110068343624, 0.40540665422007743, 0.614849434267948, -1.1969046262094518, -2.8790786797082246, 0.012843745555370637
0.37911843399693707, 0.40544164589754433, 0.6148025595054359, -1.1967945184167177, -2.8791009817430804, 0.012933163040585886
0.37911145735641183, 0.4054033618242515, 0.6148795120698359, -1.1968008567378432, -2.8791236688160424, 0.01282451004335615
0.37915479366527627, 0.40543230232684735, 0.6148954130482456, -1.1967953642073448, -2.879114956068895, 0.013141820598796356
0.3791609290226295, 0.40546685789972986, 0.6149069041578973, -1.1968403154742315, -2.879126510577346, 0.012884862469697441
0.37917574050245473, 0.40548033355115737, 0.6149020281507906, -1.1967866378716907, -2.8791422185491164, 0.012825710662547824
0.3791709145800492, 0.4054933715427349, 0.6149021795089611, -1.1966665581849798, -2.8791962953510826, 0.013014550023319015
0.37917443307029314, 0.4054951296600342, 0.6148811378655507, -1.196713097257414, -2.8791108257646516, 0.01313197288799782
0.3791755012494709, 0.40551746521667364, 0.614872631795625, -1.1965341255399515, -2.879214907816823, 0.013099107910128038
0.3791875780088644, 0.40551188073044386, 0.6148892713934748, -1.1966156763341216, -2.8792172230808526, 0.012786526115138946
0.3791830540473309, 0.4055211682962317, 0.6148878092525717, -1.1966016499281336, -2.879182478235651, 0.012910011859076503
0.3791804648635126, 0.4055296416500322, 0.6149196951696123, -1.196503706398405, -2.879195215684353, 0.01314853743612773
0.3792149754270125, 0.4055297814434293, 0.6149066882550952, -1.19658396848286, -2.8790955067627815, 0.01337848677173605
0.3792136485326652, 0.4055460182700008, 0.6149307096711415, -1.1965194105591248, -2.8791862708488094, 0.013165767710044095
0.37922420113653127, 0.40556553285778074, 0.6148933653057304, -1.1965293705709912, -2.8792098875316765, 0.013495448590354703
0.37921740706514395, 0.4055460281147116, 0.614920139061737, -1.1965448027261427, -2.8791993331311203, 0.013303514533650572
0.3792487959854026, 0.405588570784244, 0.6147911229569668, -1.1964336984894037, -2.8792109773809735, 0.013371277340193275
0.3792423638698986, 0.40558003223347366, 0.614759045131465, -1.1964934949209276, -2.8792033163885407, 0.01311209988527342
0.3792498392548098, 0.40559434964331653, 0.6146912725262235, -1.1963988884016326, -2.8792128242923867, 0.013253999082697678
0.3792611339415594, 0.4055920179958387, 0.614695732315355, -1.1963991243253704, -2.8792635553639965, 0.01326695323358504
0.3792616786914087, 0.4056031438060477, 0.6146914552427875, -1.196404542826475, -2.87927640746343, 0.01325210305358771
0.3792691552252867, 0.4055904237977274, 0.6147271137730862, -1.1964368259095917, -2.879260764431536, 0.013269259960650847
0.379287463473195, 0.40560983753381263, 0.6147299954403318, -1.1963582869462004, -2.8792673422337343, 0.013375673171724762
0.37928965866495257, 0.405584622844417, 0.6147450940727242, -1.196445872249691, -2.879237453418256, 0.013546318236425405
0.3792912477698109, 0.40559343647465174, 0.6147194645701015, -1.1964043500952988, -2.8792823956939055, 0.013647681183406101
0.37929420671929304, 0.4055591873464007, 0.6147276452705756, -1.1964190176044205, -2.879271489093341, 0.013797807408196878
0.3793153098887918, 0.4055766590051045, 0.6146830254619784, -1.1964328563629987, -2.8792998422963154, 0.013730089943672821
0.379315238366573, 0.4055560421168662, 0.6146810430360842, -1.1964514445203942, -2.879247126513687, 0.013889383978050406
0.37932476349011696, 0.4055816625971949, 0.6146564264032742, -1.1964162402846872, -2.8792064827869184, 0.013799878261865269
0.37932098308362977, 0.4055962700989272, 0.6146381244075031, -1.1963897308034424, -2.87923887822318, 0.013843825907707857
0.3793546149773133, 0.40558878081751043, 0.6146045163046776, -1.196508232714862, -2.8791809092605543, 0.013917273332584306
0.3793363910674505, 0.40559456875873345, 0.6145888623741042, -1.1962649663178624, -2.879277116073791, 0.014065997938774735
0.3793269596422676, 0.40555643377839673, 0.6146516065965796, -1.1963680190244492, -2.8792367672221055, 0.013932809398804482
0.3793660288557834, 0.40557850597326967, 0.6145985368576273, -1.196369880827261, -2.8792398021559165, 0.014122459886794453
0.37936225177918503, 0.4055329922595661, 0.6146586928024579, -1.1964105787354176, -2.8792460352432103, 0.014032144041470887
0.37937741159787425, 0.4055246474277622, 0.6146045794372464, -1.1963754293508708, -2.879204653966266, 0.014282770203992155
0.37937511343069935, 0.4055270185881226, 0.6146050028004819, -1.1964004858523967, -2.879166744570621, 0.01418238489267757
0.379376513002898, 0.40554999318900475, 0.6145773753643773, -1.1962018003227006, -2.879270110173056, 0.014224128945144954
0.37937224555327487, 0.4055350427728515, 0.6145698636681988, -1.1962040798241282, -2.8792263309984834, 0.014365279838864526
0.37937573256620544, 0.4055323119993239, 0.6145842164140926, -1.1962471567946489, -2.8791851067690573, 0.014340327041874469
0.3793764458397843, 0.4055563976590692, 0.6145907507740944, -1.1961728371344016, -2.8792028325718695, 0.014564912619830898
0.3793851756029027, 0.4055600049762629, 0.6146532504434425, -1.1961555216793767, -2.8792164370389846, 0.014394662046869039
0.3794025629544311, 0.40557788347435253, 0.6146346194427853, -1.1961610877960194, -2.8791797491353304, 0.014575519307270827
0.37941635934865625, 0.40560218102205664, 0.6146243565704668, -1.1961421489489734, -2.8791811538872483, 0.014517217132491187
0.37941163901794334, 0.405619244215767, 0.6146140105042285, -1.1961300443599485, -2.8791993165620315, 0.014407110609370648
0.3794136038176245, 0.40560998188568154, 0.6146144197842565, -1.1961519409699033, -2.879203004919626, 0.014296846441819564
0.3794082330495438, 0.40562818455669497, 0.6146054212099787, -1.1960599390190505, -2.879224177857174, 0.01433027517266034
0.37944189072823564, 0.40564941541649874, 0.6145480770994741, -1.196003165250242, -2.8792260599347994, 0.014285515801414605
0.37944364432622746, 0.40564837446128915, 0.614568612216793, -1.1959645271967945, -2.8792352252459867, 0.014567726049103903
0.3794409718017806, 0.40564619532855073, 0.6145523664017709, -1.1959240080391054, -2.8792326876709606, 0.014619243295323386
0.3794473488788579, 0.4056894904865386, 0.614523970922661, -1.1958884589558043, -2.8792905015525894, 0.014478564417110087
0.3794419761839165, 0.4056477626787399, 0.6145588026827778, -1.1959904688101968, -2.8792972590055537, 0.014509341546455091
0.37948098933737373, 0.40565122959650984, 0.6145179673839092, -1.1960369336239838, -2.879260405987247, 0.014542152226399808
0.37947126975007844, 0.4056600612755777, 0.6144913383290196, -1.196000099841574, -2.879265161901778, 0.014634298739762318
0.37946329764011427, 0.40566751019163383, 0.6144630871788241, -1.1959404128504891, -2.8793606127437354, 0.014254300699369208
0.37945424347683493, 0.405684009376305, 0.6143907711263339, -1.1958736283078415, -2.879337321056849, 0.014356193104809649
0.3794538970329228, 0.4056794056422071, 0.6143402408670792, -1.1958828963553794, -2.879354787620159, 0.014399720123572457
0.3794580327044861, 0.40569022650614145, 0.6143321242421873, -1.1958735156032057, -2.879330894307694, 0.01441269930038211
0.37946110395042215, 0.4056602831142544, 0.6143509712788527, -1.1958949500739413, -2.8792894864531964, 0.014574528204634252
0.3794506786211123, 0.40565376215177007, 0.6143781470800508, -1.1958608494985745, -2.879307869056661, 0.014650944510984176
0.3794553902035171, 0.40566975826543555, 0.614394285250037, -1.1958313776452116, -2.879337249255716, 0.014728933799559614
0.3794690519179375, 0.4056586869454805, 0.6144141716743545, -1.195817594765258, -2.8794044509542736, 0.014648096623401618
0.3794720385756811, 0.4056676695273387, 0.6143839364864142, -1.195654115437031, -2.8794440574686337, 0.014659086278345697
0.3794811105166426, 0.40568219800461425, 0.6143087376628015, -1.1956821915929063, -2.8794540644831845, 0.014475930125569525
0.3794654443130641, 0.4056817727016188, 0.6142506682863673, -1.1956832334171976, -2.879449703722809, 0.014513518356459405
0.3794684778964488, 0.4056992880005546, 0.6142156230089408, -1.1955965502101258, -2.8793828252722307, 0.014716069318875988
0.3794689172744437, 0.4056877711498022, 0.6141942256702202, -1.1955532714497732, -2.879374669776626, 0.014936720943284581
0.37944795138239235, 0.4056912810521866, 0.6142222572869637, -1.1954769215318193, -2.8793893387375804, 0.015083139167192767
0.37947104717478103, 0.40571825869984207, 0.614213779903008, -1.1955031648402858, -2.8793547386718346, 0.01517399563607289
0.3794887399011392, 0.40571783986693905, 0.6142195189246352, -1.1954974851722981, -2.8793910315711986, 0.015104895056837419
0.3794681617678441, 0.40572595425740915, 0.6142513280011793, -1.1953315696632798, -2.879434255228423, 0.015096635754368166
0.3794893787828654, 0.4057127437840629, 0.6142437469056424, -1.1952737588032605, -2.8794404414602326, 0.01512778818567085
0.3794988005335666, 0.40574850014873914, 0.6141981289518809, -1.1952397739976053, -2.8794995385280298, 0.014969822251768536
0.3795120733717797, 0.4057595281276729, 0.6141437444021369, -1.1952216876400974, -2.8794985513251294, 0.014929449641174762
0.37952729743338975, 0.40579478683995424, 0.6140635093138104, -1.1951850392703218, -2.879500610992495, 0.015154779669884133
0.3795058196737973, 0.4058074309696949, 0.6140723515013028, -1.1951322810772762, -2.8794697830268436, 0.015047248363592091
0.37951094706990773, 0.4057808526024492, 0.6140889450107064, -1.1951867715030027, -2.8794081880166003, 0.015265254556138155
0.3795102562070896, 0.405761160674383, 0.6141124308068223, -1.1950045456713088, -2.879510620571551, 0.01536320251023204
0.37951774369053, 0.40577533256679266, 0.614116065380076, -1.1949991126586939, -2.8794978662869988, 0.015378465919605675
0.3795140849270227, 0.4057733967056961, 0.614125642273493, -1.1949791543746235, -2.879497878912402, 0.015223956698756978
0.3795324860134, 0.40581570055495214, 0.6140595841627342, -1.195029689120857, -2.879466347427135, 0.015318990773646641
0.3795314095752827, 0.4057993605178487, 0.6139985004778652, -1.1949900688717314, -2.8795105156699687, 0.015192593256360312
0.3795257904782516, 0.405784094912338, 0.6139620417267551, -1.1949897227450816, -2.8795555947115345, 0.015145053470380658
0.37954565603915463, 0.40582050945290965, 0.6138537573112516, -1.1949442993815997, -2.87953159901778, 0.015286697505196036
0.3795627821300523, 0.40584196638807446, 0.6138095001142265, -1.194978004540194, -2.8795604966003765, 0.015259446137807673
0.379537957692501, 0.40583279478207024, 0.6137975318507984, -1.1948138474966032, -2.8796006638225053, 0.015157454243520285
0.37954603335587456, 0.4058211403034532, 0.6137813414715585, -1.1947930579696442, -2.879598168576817, 0.015248762161178884
0.3795437441382069, 0.40580316027274205, 0.6137855441586537, -1.1947917688759442, -2.879596349041033, 0.015379752998183222
0.3795442427278793, 0.40581419560024096, 0.6137873948927468, -1.1948331970276949, -2.8795985878948738, 0.015328677871725194
0.37953125883367733, 0.4058036905506448, 0.6137899694082999, -1.1947999088685124, -2.879616632117655, 0.01540510451479433
0.37953956377421494, 0.4058110003698822, 0.6137615140601785, -1.194759176579065, -2.8796632109736002, 0.015486986257718143
0.3795350925483142, 0.40580784200321013, 0.6137292507793323, -1.1948083017276871, -2.8796303095302536, 0.015371492428671387
0.3795255436383669, 0.40581310938311865, 0.6137121657231606, -1.1947997657548306, -2.879657536066053, 0.015397386289033496
0.37954164069456625, 0.4058166543594272, 0.6136685175216724, -1.1947855981036748, -2.8796201654722537, 0.015650891085599604
0.37951159659208916, 0.405782453775643, 0.6137318985492936, -1.1947987592340552, -2.879608372158304, 0.0155934560125439
0.3795329382189581, 0.40577989371378126, 0.6137259500997002, -1.194862923618753, -2.879568619696193, 0.015703768430173397
0.3795267660827204, 0.40576591049467836, 0.6137299281678839, -1.1948832593218908, -2.879570760096731, 0.015839236228686052
0.37952573629197917, 0.40578700167866616, 0.6137126474985021, -1.1948713604906358, -2.879588652200126, 0.01584296062526268
0.37956151429725654, 0.4058095471003644, 0.613637831068398, -1.1948729007573082, -2.879583775464886, 0.0157645120797976
0.37956271645368717, 0.4057603793296575, 0.6136728357662996, -1.194919188250777, -2.8795551546720537, 0.015951277104829426
0.3795470648721687, 0.40576414621145424, 0.6136716855948765, -1.1948704167354143, -2.8795348526562217, 0.016073960374031925
0.37957156734768627, 0.40576044408682205, 0.6136665212230703, -1.1949501679456789, -2.8795334971936737, 0.01613846043875889
0.37958847471750107, 0.40574055493853245, 0.613676900508215, -1.1949634474228192, -2.8795190595455944, 0.01609641122709331
0.3795568208907743, 0.4057677021468842, 0.6136491222826659, -1.1948999997342953, -2.87950743190963, 0.016203058511827104
0.3795721757057663, 0.4057552652202225, 0.6136438433906274, -1.1949511388296514, -2.8794837776905906, 0.016221456912241704
0.37959364204680235, 0.40576710935804683, 0.6136620719970612, -1.1949316307079227, -2.8794872911470786, 0.016143903819407147
0.3796145822241674, 0.4057892629972976, 0.6136565176673275, -1.195003027412408, -2.8794188269447347, 0.016476107669244764
0.379607789812041, 0.40581501987385793, 0.6136519991387143, -1.194901805711446, -2.879465248679246, 0.016438693858112547
0.37962094296359594, 0.4057975998845118, 0.613655072803346, -1.1948457166498339, -2.879479059855814, 0.01662385722199349
0.3796086671160037, 0.40581243817925816, 0.6136507743516764, -1.1948527327364602, -2.8794937347282823, 0.016591606881681695
0.3796201215732917, 0.40581228511800604, 0.6136331065873191, -1.1947904022297569, -2.879487230571485, 0.016525818807506646
0.3796196217629251, 0.4058119569273728, 0.6136141669074575, -1.1947258947714527, -2.879428326597476, 0.01658060927137618
0.3796200164524788, 0.4058204261145346, 0.6136071529812721, -1.1947541925078842, -2.8794445340674732, 0.01656908205683968
0.37963655074807057, 0.40582911955216017, 0.6135683348919923, -1.1947317152823176, -2.879389214157997, 0.01677973551044897
0.3796143307313344, 0.40583422623894644, 0.6135827532157466, -1.1946718984517413, -2.8793907142963415, 0.016756668328306808
0.379632991589113, 0.40582540841397297, 0.6135893911332941, -1.1947962871750542, -2.87934993145189, 0.016777589619029785
0.3796420275834246, 0.40583785650087334, 0.6135856471826141, -1.1947700666806933, -2.8793843063383595, 0.01668777885129546
0.37964296958901406, 0.4058455934830236, 0.6135849568882868, -1.1947511995023148, -2.879437042275002, 0.016641988854640605
0.37966396405770936, 0.40586697126774013, 0.6135311932895158, -1.1946528936018046, -2.8794883017828568, 0.01654778233526176
0.3796901477370203, 0.4058843895754453, 0.6134308332978082, -1.1946968066504093, -2.8794852171770016, 0.01641974931716395
0.37966225455140346, 0.4058643040956729, 0.6134143987307156, -1.194657522928272, -2.879486461085701, 0.016549287331148507
0.37968633879350955, 0.40588883075110793, 0.6133585844780558, -1.1946120596147902, -2.879517828010099, 0.016551232079804593
0.37967331140723964, 0.4058821740527194, 0.613357574239632, -1.1945223372558929, -2.8795442911300864, 0.01652916909998578
0.37968117189789724, 0.40588048538862925, 0.613367925126246, -1.1945598163000226, -2.879539277731178, 0.016550553096194173
0.37965996908397276, 0.40588508961549524, 0.6133698809564175, -1.1944519624901018, -2.8795691286122875, 0.016565831237358067
0.37968489923394366, 0.40588469176638725, 0.6133277652975438, -1.1945553481918434, -2.8795256719465696, 0.01679420703230709
0.37968788365252115, 0.4058853222789809, 0.6133231628160619, -1.1944984606751232, -2.8795833199901155, 0.016725371590824368
0.3796988478966896, 0.4058782224089919, 0.6133256653950041, -1.1945674892159552, -2.8795545935409983, 0.016726106340882473
0.3797016380615753, 0.4058723736084187, 0.6133234605555102, -1.1945269687349245, -2.879553956440801, 0.01675879117588068
0.37971269970331284, 0.40587583712243247, 0.6133009159580248, -1.1945841157967576, -2.8795432153361267, 0.016762111097548903
0.37971652023826313, 0.4058966064408817, 0.6132682343744884, -1.1945210496557523, -2.8795347871160617, 0.01694289117619003
0.379721800205851, 0.40593838869353804, 0.6132406962617667, -1.194460349125788, -2.879482943587357, 0.017151817762207235
0.3797453935511418, 0.4059248692227772, 0.6132677766346216, -1.1945285571236501, -2.8794563150051986, 0.01724566257726937
0.37975696664733083, 0.4059457109565817, 0.6132995403791686, -1.194482767393485, -2.8794469851990914, 0.0173711868343461
0.3797576369933246, 0.4059509253758983, 0.6133248181378484, -1.194453842813668, -2.8794290397262268, 0.01740073936706789
0.37977254149245315, 0.405970883118497, 0.6132912923334534, -1.1944813876087679, -2.879443237164154, 0.017407856519614226
0.37976529787844776, 0.40595916177157315, 0.6133100794296524, -1.1944815500215236, -2.879445471907728, 0.017388050162961608
0.3797853414866955, 0.40596260629298314, 0.6132675013486688, -1.1945271745220587, -2.8794540572755616, 0.017376888388810106
0.37980768796322667, 0.40597802232627966, 0.6132171371406154, -1.1945891195670741, -2.8794029028466737, 0.017370757736635573
0.3798234482968698, 0.40598896980323684, 0.613177424197061, -1.1945943489267437, -2.8794112680602044, 0.017392472942598273
0.37981852906027447, 0.4059977685024806, 0.6131550489707908, -1.1944238144424841, -2.8794385432167324, 0.01753214580629689
0.3798134802437776, 0.40598551145558176, 0.613189709802081, -1.1944505409541462, -2.879359037132761, 0.017665999938211677
0.3798319270679009, 0.40596987737159657, 0.6132046909507595, -1.1945059657634587, -2.8792991218493134, 0.017752068931059007
0.37982293703952363, 0.4060049879486644, 0.6131728304359841, -1.1944554678871602, -2.879320502545823, 0.01775321391584672
0.37985242606236713, 0.4060050400655688, 0.6131487732790458, -1.1944869093907775, -2.8792964038262805, 0.0177304326484293
0.3798838425614352, 0.4059999351758012, 0.6131136116168082, -1.1945719192441657, -2.8793035928938964, 0.01770284287326375
0.3798929455163113, 0.4060292954207314, 0.6130114640125858, -1.1945337578292206, -2.879298023420067, 0.017773851652039176
0.3798972082260816, 0.40599265940060403, 0.6130124916435067, -1.194541629130772, -2.879266833140764, 0.017671385782166017
0.3798873008924491, 0.4059888723698911, 0.613035525777907, -1.1945640249491003, -2.8792731782864593, 0.0175415339376885
0.37989240855252415, 0.4060261812723515, 0.6129699740472097, -1.194502000413115, -2.8792623983473766, 0.017628731839266224
0.3799454520430175, 0.40602296835484175, 0.6128939075504702, -1.1945221304055151, -2.8792551661128236, 0.017721280053044356
0.3799252071350276, 0.4060295500096455, 0.612897038221179, -1.194452654952983, -2.879282064635127, 0.017627717231009674
0.37992753545592045, 0.40601271289439095, 0.6128996509579607, -1.1944742715563568, -2.8792365994334688, 0.017712035003819935
0.3799476676686798, 0.4060287758950941, 0.6128610257166479, -1.1943915674827064, -2.879278559579324, 0.017863991600294813
0.3799469058555219, 0.4060255308067445, 0.6128179048795348, -1.194344948471982, -2.879308268268261, 0.017886213603730217
0.3799414425914948, 0.4059981352958494, 0.6128112401651681, -1.194396415434863, -2.879334134109707, 0.017821411328054038
0.3799329702441647, 0.4060257194945887, 0.6127607898837635, -1.1943220828887917, -2.879344011752716, 0.017779057703813543
0.3799553283082953, 0.4060227302529205, 0.6127286633387166, -1.194287803931659, -2.8793572922189226, 0.017891033418466335
0.379967819931123, 0.40601815786144346, 0.6127213307025122, -1.1942498420341712, -2.879363817421637, 0.017963725592423735
0.3799458830952903, 0.40602830565944076, 0.6127193556318901, -1.1941874385044782, -2.8794090256526372, 0.018025791879540103
0.3799590141030307, 0.4060369777330734, 0.6127094259671109, -1.1942250582989817, -2.879400066011475, 0.017970068594842622
0.3799550205806365, 0.4060347744938263, 0.6126918576589677, -1.1941082638217175, -2.8794092101666524, 0.01807473535631869
0.3799550958254477, 0.40603495947045587, 0.612699382081656, -1.1941395048560222, -2.879387758521398, 0.01814778270730902
0.3799694259777071, 0.4060126981241431, 0.6127113856921272, -1.194139128693172, -2.879438578382997, 0.01815777924935718
0.3799963914682134, 0.4060314788506193, 0.6126398654746864, -1.1940189121686922, -2.879483238374571, 0.018193427003098873
0.37998773776474065, 0.40601546889912776, 0.6126469422906473, -1.194022303606337, -2.87949247911946, 0.018214854956241654
0.3799850930303838, 0.4060092922480404, 0.6126537084649866, -1.1940546841835222, -2.879474367934007, 0.01836576075696859
0.3800026475216422, 0.4059901455626292, 0.6126385910144454, -1.1940474673685715, -2.8794552621221112, 0.018434934831179924
0.37997640106858394, 0.4059747111442293, 0.6126941037207198, -1.1938644548136845, -2.8795091685722825, 0.01850229798285903
0.3800093915218885, 0.4059618689145604, 0.6126761933030636, -1.1937914542576933, -2.8794762157865184, 0.01857892306482921
0.3799977591497773, 0.4059927107489533, 0.612652190486581, -1.1937750093564632, -2.879483529165997, 0.01858125839229116
0.38002278349279955, 0.4060144471128281, 0.6126807069979313, -1.193750251459915, -2.879525273379149, 0.01864460433780367
0.3800287835827109, 0.40600557153494826, 0.6126521303721938, -1.1937710243598203, -2.879473714811433, 0.018672272771513537
0.38002944661132687, 0.405988172918583, 0.612658021300923, -1.193850275100495, -2.8794727525155075, 0.01873772694923667
0.3800294562999569, 0.4059759087925227, 0.6127024583840862, -1.1938389813716614, -2.879450946168564, 0.01895721413951418
0.38005391713618414, 0.4059822446070396, 0.6127061635809551, -1.1938457399625642, -2.8794178176550016, 0.018986552100060596
0.3800621200010397, 0.40598942582550507, 0.6126794248911446, -1.193811976413182, -2.879382302815084, 0.01906823499863909
0.3800578156548318, 0.40598446849090225, 0.6126786307858091, -1.1938807561717906, -2.8793521956206494, 0.01897440086524811
0.3800574737937373, 0.4060126980612731, 0.6126546687048825, -1.1937066941480945, -2.879415981361651, 0.018819489022461843
0.3800721433959368, 0.40600338406834596, 0.6126190589914725, -1.1938136837364497, -2.8793285482823148, 0.018961648138329328
0.38006334896089095, 0.4060182065211826, 0.6126319485220456, -1.193678818170021, -2.879345515192208, 0.01906474790326189
0.38005621197451517, 0.4060086600972022, 0.6126790139977589, -1.1936750628073103, -2.8793409069390887, 0.019005939035155232
0.3800550356743012, 0.40597773265919646, 0.6127324813671428, -1.1937027436439316, -2.879365664876048, 0.01891903359072788
0.3800595701310285, 0.4060286343433355, 0.612683005417106, -1.1937117952766574, -2.8793833211449806, 0.01907750703291228
0.3800860973811983, 0.4060525518835274, 0.612621916961876, -1.193747521313536, -2.879363120887845, 0.01879214762726258
0.380069309518442, 0.40605218636048224, 0.6125822728785887, -1.193684424751248, -2.8794005715298034, 0.018587435363156355
0.38012179872494156, 0.40605830801149634, 0.6125125426533986, -1.1937843906407388, -2.879390867517832, 0.018537044394558257
0.38006979469361774, 0.4060116742607213, 0.6124500547417843, -1.1937226585670975, -2.879429774213666, 0.01842828112338687
0.3800790896134797, 0.4060163098220848, 0.6124148640399739, -1.1937700857115279, -2.8793931810821634, 0.01846210864064604
0.3800848891366918, 0.40602565081129666, 0.6124001470656447, -1.1937195589765428, -2.879416207796544, 0.018442362595767686
0.38009441722534154, 0.40603705714908617, 0.6123494494226388, -1.1937936824249031, -2.8793958898606893, 0.01857997728806491
0.38009459099656895, 0.40603330231859874, 0.6123595339459545, -1.193798040823173, -2.8794086869420665, 0.018677798230288842
0.3801003874837907, 0.4060344360877784, 0.6123566457677259, -1.1938148481345574, -2.8794505655128098, 0.018709218380283648
0.38009854334225, 0.40602535784789484, 0.6123431803460954, -1.1938353258497671, -2.8793994217044774, 0.018735870303647723
0.3801169850585189, 0.4060551705202445, 0.612274368918862, -1.193784394913169, -2.8794160008788534, 0.01877259708582142
0.380126295645543, 0.4060577013170267, 0.6122766211285356, -1.1937504736615525, -2.879431939389311, 0.01875334935115367
0.38010226197050045, 0.4060458673390869, 0.6123031972603477, -1.1936895146273072, -2.879433662817907, 0.018841408366428062
0.38009555277442475, 0.4060433413686808, 0.612297155315509, -1.1936697602877757, -2.879384013970569, 0.018885501788599008
0.3800822748445327, 0.40602201745264155, 0.6123564426033634, -1.1937309168514125, -2.8793434300940817, 0.01901543396055935
0.38008524251304165, 0.40602699458534386, 0.61237717258254, -1.1936513327133904, -2.8793498783204154, 0.019233715516561386
0.38008934351980805, 0.40604193410764067, 0.6123711746433248, -1.1936262207299573, -2.8793879592413254, 0.019222303037666456
0.3800995406604856, 0.4060209562693889, 0.61240806094557, -1.1935963637517453, -2.879417235246303, 0.019073089465469744
0.3801379228909747, 0.4060374897745691, 0.6123557503801276, -1.1936335070778334, -2.8794548663629476, 0.01906599954146405
0.38013958036361045, 0.4060484426139743, 0.6123335766797409, -1.19364990500983, -2.8793926959937246, 0.019091487600173356
0.38014589648010777, 0.40602548233967284, 0.6123469492731183, -1.1936057602060703, -2.8793847859413355, 0.019083456382419504
0.38016008736912954, 0.4060421462021337, 0.612310647657883, -1.193692651099846, -2.8793963643425307, 0.01901887038291607
0.3801498966573474, 0.4060300599131603, 0.6122890775964828, -1.1937364684989549, -2.8792519020361413, 0.01919864413482049
0.380188778344657, 0.4060188215644926, 0.6123227686209785, -1.1937280493164648, -2.8792390307173545, 0.01932415918267027
0.3801614025975375, 0.4060221917560602, 0.6123663445114084, -1.1936297004712484, -2.879200601707148, 0.01943816673241671
0.3801746676336697, 0.4060435273731092, 0.6124394176030954, -1.1935568092814786, -2.879228234160905, 0.01945481026024072
0.3802150174145986, 0.4060798371695681, 0.6124585798049708, -1.1935721742165066, -2.879220804285945, 0.019680221515928725
0.3802214312875864, 0.4060965612698252, 0.6124499687978946, -1.19356423449137, -2.8792514846345885, 0.019781363573094856
0.3802310260164151, 0.4061036698953483, 0.6124164699114012, -1.1935065549967767, -2.8792538157087217, 0.019738103961186883
0.3802588284526681, 0.4061213817978828, 0.612359060700345, -1.1935638398958153, -2.879188130372917, 0.01953816033698449
0.3802282937676495, 0.4061154713255231, 0.612332147513034, -1.1933333239093322, -2.8792624720806117, 0.019380658266643112
0.3802279420229866, 0.40611282987764563, 0.6123106396195022, -1.1933146265924415, -2.879212748304529, 0.019309727022840614
0.38022728792336064, 0.4061137217894634, 0.6122798803825014, -1.193352488240142, -2.8791017094114797, 0.019343616311799164
0.38021264090449586, 0.4060941024118716, 0.6123401575725258, -1.1933454571809845, -2.879089992598629, 0.019245044323653353
0.38022154940604214, 0.4060960041293241, 0.6123345554970022, -1.1932068860975178, -2.8791466488523145, 0.01924270511829536
0.38021092765076064, 0.40609138881282897, 0.6123495510580155, -1.1932212665895823, -2.879134134209591, 0.019299845166592933
0.38023561834327024, 0.40606306236460726, 0.6123322474078214, -1.1933352768774117, -2.879116178156004, 0.019380761124759657
0.3802629888622082, 0.4060823709048581, 0.6122612059263778, -1.1933229050515746, -2.87912756735107, 0.01932537537473173
0.38025244415491594, 0.4060778750204376, 0.6122367454543578, -1.193340534916419, -2.8791183573663726, 0.019344411423281235
0.38028128249181326, 0.4060623196930886, 0.61223952103272, -1.1933910782367643, -2.879094739828791, 0.01936036833360434
0.3802658033824433, 0.4060621818488342, 0.6122477641773754, -1.1933555465429393, -2.879107411305409, 0.019379156924181056
0.380236488591822, 0.4060582308048159, 0.6122760634746008, -1.193294464226513, -2.879107807829216, 0.01926061876553877
0.380264021686635, 0.4060654883440202, 0.61226119055347, -1.1933548886662755, -2.8791571037251225, 0.019297070515266784
0.38025186232306474, 0.4060748174799368, 0.6122601281629405, -1.19332846465517, -2.8791405475677596, 0.019309901656551477
0.38026622492709006, 0.4060731999186104, 0.6122429358113155, -1.1933451884899118, -2.879131133726935, 0.019328263635499353
0.380254110883127, 0.4060556768039992, 0.6122731526024227, -1.1933421018545507, -2.879126178701754, 0.019269431753219168
0.38024780357844457, 0.4060455513544545, 0.6122737620244568, -1.1932714136996576, -2.8791507698245526, 0.0193051508464899
0.38027605775429874, 0.40603314476740665, 0.6122655699472431, -1.193401834597749, -2.8790732164210304, 0.019280164807890524
0.3802639335347739, 0.40608396375499933, 0.6122367303937775, -1.1933042747568914, -2.8791286787143386, 0.01938012728615449
0.38027020135641737, 0.4060713599031576, 0.6122320353820965, -1.1933329503594825, -2.87909954101375, 0.019413229824163124
0.3802597363959426, 0.4060627370262803, 0.612256464026227, -1.1933275360569646, -2.8791384292851103, 0.019327294821760994
0.38025629891512475, 0.4060488498446418, 0.6122697946488882, -1.1933355602973736, -2.879109353576873, 0.01932159280387206
0.3802648987310441, 0.40607105977410896, 0.6122471081900951, -1.1933278742997673, -2.8791383100708914, 0.01932729765793569
0.3802686140015065, 0.4060646271726488, 0.6122448825344109, -1.1933608551266193, -2.8791202531842512, 0.0193639466013179
0.38026681104676646, 0.40605963106827153, 0.612258990199572, -1.193349088992167, -2.8791421240855173, 0.01933014303807876
0.38026165669090123, 0.40607613835204814, 0.612248521529809, -1.1932795114173036, -2.879168788756529, 0.019348469249304567
0.3802612297766062, 0.4060652208272964, 0.6122465814906647, -1.1933418582158033, -2.8791237233991547, 0.01940156356800508
0.3802685685002872, 0.4060811665376796, 0.6122316736096765, -1.193385540754137, -2.8790803356860573, 0.019396071380314506
0.38026009394767185, 0.4060882061540927, 0.6122305103065546, -1.1933071987651995, -2.879136087452183, 0.01942035939700497
0.3802752613943602, 0.40605060361027806, 0.6122454687091218, -1.193410375821917, -2.879092972070891, 0.019419425666005893
0.38025301101113035, 0.4060642493485316, 0.6122593202042741, -1.1933266857428506, -2.879136736899057, 0.019346082525588865
0.38027385502581773, 0.40606280938299893, 0.6122407355367132, -1.193373710867848, -2.879101927389716, 0.01936133519265403
0.38026824618889454, 0.4060660780533949, 0.6122525410675492, -1.1934260458489234, -2.879082885617599, 0.019343436614145483
0.3802497599596502, 0.40604872291050587, 0.6122711871142332, -1.1933397649136341, -2.8791204783013087, 0.01932514137670704
0.3802638067472644, 0.4060672301681506, 0.6122561340345888, -1.1933326903200097, -2.879151202043432, 0.01931205241621069
0.3802552849026124, 0.40605558068562386, 0.6122607378694287, -1.1933265913579092, -2.879136615727392, 0.019345618886386418
0.3802491479525196, 0.4060932486949333, 0.6122457308796699, -1.1932789392056244, -2.879167223602618, 0.019368927007141712
0.3802652586234516, 0.4060654202090968, 0.6122438456540079, -1.1933469346319876, -2.8790854367045027, 0.01937296104954832
0.3802607439806401, 0.4060601860773299, 0.6122676901332597, -1.193390177697354, -2.8791448155319257, 0.01927921043776193
0.38026750249964575, 0.4060441104816761, 0.6122677957077013, -1.1933169999169757, -2.879112686648806, 0.019243279731154226
0.38038152569387707, 0.4062535954428152, 0.6127060429265138, -1.193304751491754, -2.8790441157995192, 0.02051031400589282
0.38051240545112, 0.40643670929530157, 0.6146269349204037, -1.1932426784474024, -2.879068974882494, 0.021249564818094136
0.38036861936677074, 0.4060217787324237, 0.6170846498324901, -1.1935170548521596, -2.8792684002829154, 0.019581147903460477
0.3804503173109426, 0.40617192377506367, 0.6184931805402228, -1.1933118434919006, -2.8792365475286257, 0.020863759284764645
0.3805548744803627, 0.4063357140326818, 0.6197955069809178, -1.1932493909212603, -2.8791948732807775, 0.02163091267436839
0.3805360830906624, 0.4062108651434218, 0.6215333259907231, -1.1933136955516748, -2.8794604264008923, 0.02147622240023241
0.38055179034605674, 0.406078383851136, 0.6228948229972506, -1.1935296638135688, -2.8795155179093714, 0.022009721269783185
0.3805902394731405, 0.4060669977365271, 0.6244021346654052, -1.1935519788321884, -2.879760628559433, 0.022397098700209485
0.38066464743033274, 0.4060125835029902, 0.6258767085096287, -1.1937888581500202, -2.8798894487405318, 0.02311993084914619
0.3807626411230753, 0.4060475623869328, 0.6272409604672438, -1.1938870484405109, -2.879958816987137, 0.02339655233436349
0.38079575356127937, 0.4060341109733064, 0.6286551626259241, -1.193871630437929, -2.8800580562592, 0.024143110196760218
0.38083712592623764, 0.40601835375686757, 0.6301485505582272, -1.1939475470185315, -2.8800847074431424, 0.023989740089284648
0.3808794149308817, 0.4060992389550868, 0.6315521518130399, -1.1938074752525565, -2.8801190218499895, 0.024083432428416682
0.3808857763891399, 0.4060911858161514, 0.6330946887974535, -1.1938012946520016, -2.8801527488135408, 0.02405679118232283
0.38090208079172727, 0.4060308028576778, 0.6347052412149524, -1.1938586339812385, -2.8801061786361126, 0.024147699879249085
0.38087800730943944, 0.40601108098683647, 0.636096592389877, -1.1937667163066907, -2.8801627129468352, 0.02423286521345131
0.38088136402907985, 0.4060081346808214, 0.6376538473646614, -1.1937887167030379, -2.8802239019116853, 0.024006512765710267
0.3808913900686588, 0.40602241413173007, 0.6391637108988543, -1.1937459004004798, -2.880224901948165, 0.024175965611672817
0.38094586865352165, 0.4060506337983957, 0.6405827762265384, -1.1937163923663998, -2.880154313982103, 0.024668905193125024
0.38097207273691264, 0.4060993125865468, 0.6419404658627056, -1.1935695700841598, -2.880232962191484, 0.02477104484483234
0.38096564564759217, 0.40609495827317155, 0.6434262482995936, -1.1935148701395644, -2.880306077719257, 0.02461568402265644
0.38097725976228564, 0.4060725231377457, 0.6448975035080153, -1.1935056507602824, -2.880298888982783, 0.024860487476621902
0.380991860484656, 0.4060832239061988, 0.6464736984315692, -1.193460560546914, -2.8803179562328363, 0.024805011859009896
0.38100275185233845, 0.40606336757878553, 0.6480334644441526, -1.1934001950180597, -2.8804025895098744, 0.024914195113634397
0.3810365562427329, 0.4061402359361618, 0.6495467283173361, -1.1932638229536738, -2.88044953398503, 0.02506409169001536
0.3810134735477547, 0.4061009488837787, 0.6509898058264547, -1.1932494499768789, -2.880439513543788, 0.02527037776388747
0.3810324535023378, 0.4061417049558226, 0.6524308146444081, -1.1931106390850388, -2.8804795520267668, 0.025493439432772113
0.38104303648832366, 0.4061146620338133, 0.654028971296206, -1.1931211227495202, -2.8805143758413614, 0.02548123214300203
0.38103207483093404, 0.4061068490384616, 0.6555668890511884, -1.1930170120722603, -2.8805629954999525, 0.02553819689410482
0.3810189110051447, 0.4060639441823198, 0.6570912556816239, -1.1929708085855382, -2.880699841086393, 0.024996851710697418
0.3810172717218113, 0.4060628106162955, 0.6586053724687863, -1.1929335997155994, -2.8806758608534446, 0.025231448864177775
0.3810324828331596, 0.4060472757762141, 0.6601940909297478, -1.192918613896693, -2.880681307723584, 0.02537787323068212
0.38106458452897607, 0.4060692673791647, 0.6616527361946236, -1.1928485153409871, -2.880735682768037, 0.02541852547467017
0.38105427472644593, 0.40609078875811017, 0.6631868277717653, -1.192729447416223, -2.8807892489908475, 0.025337857183101536
0.38107375256916254, 0.40609252004623575, 0.6646169583531735, -1.1926942309627684, -2.8808021845594984, 0.025636760247993565
0.38112325883904874, 0.40612164743487095, 0.6660419959446277, -1.1927429926051485, -2.8807844920815846, 0.025705119820662946
0.38107877352292524, 0.406062807945021, 0.6676665825899539, -1.1927404600190745, -2.880930571839148, 0.025183016577099305
0.3810788840706716, 0.4060407494449403, 0.669253132242392, -1.1927285443932236, -2.8809333357559135, 0.025152569287338594
0.3811593376769844, 0.4061631534447857, 0.6705281437854658, -1.1925753201741984, -2.8810139807871487, 0.025505551629455264
0.3812080187322182, 0.4062156950724368, 0.6718103333118843, -1.19255925518669, -2.8810090542060873, 0.02581328892513196
0.38121686760868595, 0.40623822112952035, 0.6732830636303749, -1.192533123610296, -2.8811139406982074, 0.025457776498707844
0.3812953404710485, 0.4062864881481718, 0.6745959253330159, -1.192492033758998, -2.8811491275188676, 0.025816856617050365
0.38129452858878177, 0.4062816489778359, 0.6762831722392285, -1.1923696780982675, -2.8812510847673223, 0.02560544807773785
0.38126697170059887, 0.4061487289418605, 0.6767444147223809, -1.19250876167505, -2.8812662041581185, 0.025371151543648458
0.3812571381893148, 0.4061242890043964, 0.6768141543486164, -1.192575641444998, -2.88128135297991, 0.024795174069519397
0.38128709212814016, 0.4061768174246098, 0.6767480802002298, -1.192541716978471, -2.8812403361780388, 0.02502846219243387
0.3812513180292551, 0.40613771647967606, 0.6768014471366172, -1.1925258863118733, -2.8813057061551888, 0.024872521635538363
0.38126205896345544, 0.4061283286439219, 0.6767750979273663, -1.1925890665390384, -2.8812613130178413, 0.02513231237059208
0.3812688728802951, 0.4061288886116285, 0.676773530317239, -1.1926200300618615, -2.8812378865274386, 0.02511086197940637
0.38127682007731023, 0.40611692095214075, 0.6767701585362502, -1.1926349161688752, -2.881224685922766, 0.025165950773075544
0.3812593955846052, 0.4061156942070672, 0.6767843507984215, -1.192563357039962, -2.8812482495555027, 0.025107107371324128
0.3812548090197375, 0.40610621605331515, 0.6767949046857222, -1.1925690890485523, -2.881263241251799, 0.025072823166586374
0.3812708672840422, 0.4061073234703684, 0.6767793661038695, -1.1926007206786131, -2.881240861299631, 0.02514718319008657
0.38125828792406474, 0.406111844198582, 0.6767869826017934, -1.1926367481285634, -2.8812310610917367, 0.025111834097391816
0.3812608198228003, 0.40611800160575706, 0.6767805425196581, -1.192579921208534, -2.8812392471374797, 0.025125650012111214
0.3812560794415661, 0.4061249048265472, 0.6767756029787517, -1.1925395412200825, -2.881238748475277, 0.02515997394770735
0.3812730647741954, 0.40614822790439886, 0.6767444560206503, -1.1925617460772089, -2.88124160389236, 0.025277076364112926
0.38125092465640326, 0.40610209475323633, 0.676789337470638, -1.1926127987823592, -2.881221464236564, 0.025162771449395032
0.38125333766388814, 0.4061142849523377, 0.6767861113399319, -1.1925539631564372, -2.881275684206642, 0.025131889655888365
0.38124648409610856, 0.40610525981324286, 0.6768014119004154, -1.1926214803962751, -2.8812443499451055, 0.025055592808533766
0.3812532284849353, 0.4061203280464397, 0.676777193476261, -1.192555938944056, -2.8812298385345017, 0.02517852340029331
0.3812484331442095, 0.4061333156193054, 0.6767707486541824, -1.1925473055886975, -2.881256934085986, 0.02520368449830377
0.3812568421476585, 0.4061364585412789, 0.6767651567443759, -1.1925256574318723, -2.8812527258727476, 0.025199906768265518
0.3812649072780212, 0.4061329433043061, 0.6767674811819332, -1.1925358015519187, -2.881278553870928, 0.025168312622598783
0.38126912770904964, 0.40611688941294627, 0.6767717490849395, -1.1925994128268649, -2.8812371543296083, 0.025184279535893986
0.3812496093734508, 0.40609374401407095, 0.6768020633621733, -1.1926458893188079, -2.88125524720875, 0.02509824232302336
0.3812484951511789, 0.40610849887884876, 0.6767987129116771, -1.1925871888520219, -2.8812583060932795, 0.025055151566741544
0.38125552937102664, 0.4061219476545663, 0.6767808032205659, -1.192597488681897, -2.881232329573678, 0.025125561068491998
0.38125855556336724, 0.4061082328308592, 0.676778953414291, -1.1925899281001038, -2.881264566634406, 0.025208293622629333
0.3812512608096157, 0.4061025820009064, 0.6767964730861264, -1.1925465807730204, -2.8812573534337753, 0.025088569549096672
0.3812391551185247, 0.40612039687571977, 0.6767877470911214, -1.1925446461312414, -2.8812521047122557, 0.025144875329888922
0.3812555335320928, 0.4061054538884907, 0.6767757570690153, -1.1925661616646221, -2.8812549045601816, 0.025259987412688836
0.3812595620515175, 0.40611395148523244, 0.6767774085660675, -1.1925996044243279, -2.881237350855052, 0.02518398094022733
0.3812588072968303, 0.40612310750618175, 0.6767769490548053, -1.1926055770990656, -2.881252400968732, 0.025150117367662077
0.38123794480643003, 0.40610597053342606, 0.6767972145265612, -1.1925625468295407, -2.8812469087876975, 0.025125592853602646
0.38125257183024314, 0.40611725238858587, 0.6767752132921322, -1.1925588288760216, -2.881236964403026, 0.025217533986150426
0.38124253659881063, 0.4060990268037856, 0.6767889473403568, -1.192597611275576, -2.8812340783830974, 0.025220364494285937
0.3812613508753659, 0.4060878477443068, 0.6767993643751872, -1.192594070836327, -2.881275945073038, 0.02509671522050323
0.3812401112554641, 0.4060929876867106, 0.6768025674667091, -1.1925883404023951, -2.8812617766841213, 0.025131602077894378
0.38124792430826976, 0.40614693209585556, 0.6767601948674522, -1.1925069714266112, -2.8812562161582767, 0.025237953085615356
0.38123239417879334, 0.4061053234558958, 0.6768058946005211, -1.1925905437556883, -2.8812679598870767, 0.02507747298530285
0.38123810584630713, 0.4061310506879664, 0.6767823935864367, -1.1924759097890494, -2.881280322541734, 0.025143675720671988
0.38126076319826674, 0.4061034085362513, 0.6767839163542517, -1.1926519390579153, -2.881218027187348, 0.025165866423527476
0.38124882729654147, 0.40611733017408796, 0.6767849795422607, -1.192592349493483, -2.881270699003769, 0.025154177915178613
0.38124912653818827, 0.40611167931583153, 0.6767829384140767, -1.192560295845756, -2.881240764626779, 0.025180858924595102
0.38124350392644885, 0.40611284373122614, 0.6767929470234456, -1.1925679728404177, -2.881259730798195, 0.02510962086039332
0.3812497759011925, 0.4060981248961586, 0.6767994099327834, -1.1926545348982494, -2.8812261954198912, 0.02509225077715909
0.3812552591696165, 0.40611947347436345, 0.6767785176785654, -1.1925655149563874, -2.881253674336248, 0.025165643420696597
0.3812412833771338, 0.4061092801964584, 0.6767942318575255, -1.1925321646587816, -2.881272032609749, 0.025129006381407692
0.3812484836656195, 0.4061271096263961, 0.6767736687981487, -1.1924815853918385, -2.8812453663647517, 0.025192548040763377
0.3812667096618781, 0.4061171101900712, 0.676771947726948, -1.1925909294742654, -2.8812151237919075, 0.025177323401234665
0.3812506718911447, 0.4061161883777933, 0.6767849340366885, -1.1925490656563615, -2.881313845939726, 0.025159725240325847
0.3812445185289381, 0.4061372867087726, 0.6767707257555234, -1.1925169802892093, -2.881282317034169, 0.02520679524063161
0.3812415823711066, 0.40610765500598106, 0.6768005405801991, -1.192590840540455, -2.8812676973098954, 0.0250762985748133
0.3812447447100204, 0.4060859662404152, 0.6768003265424325, -1.1926428458282248, -2.8812475951558674, 0.02517157121533758
0.3812557338714154, 0.4061161544281125, 0.6767761018649572, -1.192607484892476, -2.881257485753854, 0.025209672350896994
0.38124280417086287, 0.4061138244619723, 0.6767868990277451, -1.1925785932599906, -2.881235838440658, 0.025162452945848682
0.38126168408910593, 0.4061422438610823, 0.6767525548399795, -1.1925444034130679, -2.881248897556585, 0.025277297250793033
0.3812504468666547, 0.4060951199482554, 0.6767971460573653, -1.1926100509050854, -2.8812654153390462, 0.025134472584403357
0.3812529034758767, 0.4061239382463822, 0.6767734026016439, -1.1925904750157266, -2.881264594623444, 0.02520987941850787
0.3812449654255182, 0.40611321340290196, 0.676780674418104, -1.19249802643883, -2.881287566273279, 0.025223319309141453
0.38126420326545163, 0.4060904698022697, 0.6767834803863932, -1.1926625888778906, -2.881245223407337, 0.025229020434427055
0.38125198576810826, 0.40612450630506375, 0.6767734252606666, -1.1925513878735172, -2.8812678595325605, 0.025206358513167354
0.3812392618324576, 0.4061143917166112, 0.6767906388078215, -1.192523012987136, -2.8812992599761804, 0.025153006139548247
0.3812411979076961, 0.4060967623531168, 0.6768059174991441, -1.192586203860199, -2.881256513875486, 0.025073491884891642
0.3812457782170569, 0.4061042213184901, 0.676788314073646, -1.1925992595154584, -2.8812377009655825, 0.025184417832632564
0.3812398986640816, 0.40614435115664327, 0.676773011229753, -1.1924624623086846, -2.881296462939883, 0.025166061879603945
0.3812561268079525, 0.4061084051870343, 0.6767839159741802, -1.1926001224892788, -2.8812394192786988, 0.025165663570419383
0.38124007573864754, 0.40611780361556266, 0.676780674418104, -1.1924986158764963, -2.881287532374663, 0.025223762494072287
0.3812543293893766, 0.40610975352857814, 0.6767839335514342, -1.1925828157179736, -2.8812975722527447, 0.025178038353322604
0.3812364134761637, 0.4061097767416856, 0.6767982552097145, -1.192610697820895, -2.8812679759705255, 0.025117437116830683
0.3812444044212486, 0.40611633114651224, 0.676794927126503, -1.1925473961265065, -2.881259737669272, 0.02507037020015667
0.38125061141820143, 0.4060829251082856, 0.6768023927457256, -1.192627344907471, -2.8812579976336274, 0.025134971817905003
0.3812434596440555, 0.40610044579377746, 0.676797191983296, -1.1926013495859493, -2.881243636763142, 0.025128696506832793
0.3812266947809539, 0.40609613131837413, 0.6768151009794512, -1.1925738129367138, -2.8812770542231374, 0.025058937068148546
0.38122729624356844, 0.40611567332070364, 0.6767972372243364, -1.1924890132479689, -2.8812646360218572, 0.025122506675667452
0.38123633582814376, 0.4060889463965007, 0.6768102066116091, -1.1926024740050356, -2.8812476910622578, 0.025092050303090238
0.3812453749970436, 0.40612423829199723, 0.6767824333319593, -1.1924882924016864, -2.881313317613096, 0.025152538158882697
0.38124958427689837, 0.4061206497658603, 0.6767751674818769, -1.1924981057957709, -2.8812875552315114, 0.025223323859882078
0.38123880876123184, 0.40611988270916805, 0.6767818293146787, -1.1924906569013611, -2.881267374053734, 0.02519919635597109
0.38125857542586844, 0.4060957619960563, 0.6767904867540889, -1.1925749308880618, -2.8812771226496143, 0.025152641473660125
0.38124304035300893, 0.4061203493109336, 0.6767851167510529, -1.1924971846946275, -2.881233011063115, 0.025134699288960102
0.3812415380074456, 0.4060952570600909, 0.6768047854219008, -1.1926070077240325, -2.8812586248151346, 0.025095158304451463
0.3812506303840758, 0.4061015686582135, 0.6767967785021111, -1.192581232530421, -2.881243303022303, 0.02508751309332079
0.38124579986118956, 0.40613317728559367, 0.6767746182867579, -1.1925482187117304, -2.8813100774692684, 0.025197239298776
0.3812339674078663, 0.4061244274010673, 0.6767818293146787, -1.1925427028487734, -2.881246346770502, 0.025200282608279282
0.3812256134390299, 0.40610882721078617, 0.6768047009870996, -1.1924992651835153, -2.881290293289224, 0.025092018573600102
0.3812365800457925, 0.4060914214064324, 0.6768064217279413, -1.192614759647047, -2.8812275809628534, 0.025107467056459838
0.38123741170698244, 0.4061114011855975, 0.6767943396082278, -1.1925410511171366, -2.8812940535568945, 0.025134872755596158
0.3812306338886759, 0.4061025287471192, 0.6768025671040293, -1.1925538050931364, -2.881276321115027, 0.02513204764163141
0.38123604974538006, 0.4060656394483287, 0.6768199166501107, -1.192614409001723, -2.881227442211678, 0.025106631316044924
0.38124608092970563, 0.40610465363506787, 0.6767956464242432, -1.1925675176567831, -2.881259702465368, 0.025109181943446496
0.38125172485857756, 0.40609090743621823, 0.6767961057557397, -1.1926136174947701, -2.8812232024332785, 0.02514326369087095
0.381247888859205, 0.40610553753820294, 0.6767892916604197, -1.19260422367637, -2.8812507844971833, 0.025169220009694526
0.3812295317815736, 0.40609241297242477, 0.6768089686485124, -1.1925455845006054, -2.881255906734851, 0.025107760975734906
0.38123817791183673, 0.40608784269461196, 0.6768041349669985, -1.1925918518765484, -2.8812708050744043, 0.025153019592153048
0.38122567431126897, 0.4061048534316689, 0.6768012836070257, -1.1925575791813985, -2.8812852763356, 0.02515460982526273
0.3812486891824843, 0.4060943502088852, 0.6767960599454285, -1.1926050425618648, -2.881252522532365, 0.025149712533928247
0.38123995942529193, 0.40610507162864257, 0.6767981705447689, -1.1925374724145785, -2.8812848712265318, 0.025113027825823555
0.38124035795540495, 0.4060954245579749, 0.6768048086832226, -1.192602729171312, -2.8812475170415133, 0.025092032317193952
0.3812470351902253, 0.4061103841503465, 0.6767807429261957, -1.1925719802390842, -2.8812188970317387, 0.025214665712424367
0.38123551371078024, 0.40612274350689176, 0.676787962343492, -1.1925536533970897, -2.8812742481267803, 0.02515078164658632
0.38122017632754085, 0.40609796198189124, 0.6768189094827937, -1.1924703272653887, -2.881321674883158, 0.025039722231716126
0.38123014555858864, 0.40611205195768196, 0.676796037286481, -1.1925404728804667, -2.8812923656513236, 0.025153665221724773
0.38123289151354184, 0.40608546852168237, 0.6768129291277107, -1.1925981565487662, -2.8812365886998053, 0.025088922109220712
0.3812424856507285, 0.40608430775801174, 0.6768112932486262, -1.1926422215992347, -2.8812462402428, 0.025076816106482935
0.3812373614875394, 0.4060988274730452, 0.6768047631255819, -1.1925595188727143, -2.8812908386930163, 0.025098010766624036
0.38124026688045, 0.4061035347340803, 0.6767969943675591, -1.1925058834698032, -2.8813081409681076, 0.025134740430528976
0.3812277764443487, 0.40609998239821227, 0.676806398816188, -1.1925674707645375, -2.8812600914265745, 0.02511080009769407
0.381235511272922, 0.4060958368778769, 0.6768084638552678, -1.1925259271772732, -2.881306695097198, 0.025079229474828345
0.3812214059595595, 0.4060937951601484, 0.6768178691374543, -1.1925260406569758, -2.8812581914950877, 0.0250491742801781
0.38123658250022435, 0.4060913832221633, 0.6768124478937694, -1.1925648891857192, -2.8812546357380135, 0.025051827855208687
0.3812427209091145, 0.40611159814618786, 0.6767916858163363, -1.1925497087541226, -2.8812648374524072, 0.025128457636777915
0.38125020013956495, 0.40611957988848263, 0.6767762386937446, -1.192512233034705, -2.8812198787643104, 0.025190202840470566
0.38122847609863597, 0.4060990014925247, 0.6768124468083123, -1.1925220865806339, -2.88129816548214, 0.025057531066518816
0.381247878715702, 0.40610551075917095, 0.6767905094131044, -1.1926051727391398, -2.8812525156766853, 0.02515086199069546
0.3812429238737459, 0.4061224182343601, 0.6767730578075565, -1.1925492983685309, -2.881262367299532, 0.025261068188689485
0.38124306665647095, 0.4060914889375762, 0.6767977186770029, -1.1925213022743928, -2.8812461690690827, 0.025157852084156874
0.3812509704582466, 0.40610006335010995, 0.6767956464242432, -1.192567616944544, -2.881259456345792, 0.025108747414645805
0.3812456400797543, 0.4061122658229337, 0.6767794344256078, -1.1925538070839372, -2.881275327921997, 0.02524540779781882
0.3812486472023295, 0.40612119665182145, 0.6767764079255366, -1.192564560860339, -2.881249756832568, 0.025202728454823214
0.38123549576081306, 0.4061103447881206, 0.6767982778686652, -1.192502770880465, -2.8812993257910446, 0.02511305279173484
0.38123390446371563, 0.406089156658455, 0.6768091430555148, -1.1926102194235084, -2.8812168325484504, 0.025104403436185554
0.3812459960729357, 0.4061086597175553, 0.6767905933022047, -1.1925318020324558, -2.881320957064974, 0.025158771836614444
0.38124024364629167, 0.40613040242006027, 0.676776124523946, -1.1925343679419353, -2.8812752484555038, 0.02520702249164594
0.38123180742225293, 0.4061043918976272, 0.6768047854219008, -1.192572561032604, -2.8812730876201385, 0.025095592568501593
0.3812356919742834, 0.40607954518906675, 0.6768167595942364, -1.1925769347934048, -2.881234650151823, 0.02506686749162193
0.38123607509085444, 0.4061009501211781, 0.6767926034489946, -1.1925639727165727, -2.8812501156873846, 0.02520275996858292
0.3812377849200343, 0.4060622720188643, 0.6768185873005835, -1.192696028203262, -2.8812300479165702, 0.02513586035771382
0.3812392620797123, 0.4060832781894433, 0.6768089686485124, -1.1925628213531305, -2.88124846537311, 0.02510710993180212
0.38125237768063386, 0.40610030287815446, 0.6767895523406674, -1.1926388551062563, -2.8812364932499164, 0.025168473476968045
0.3812467276975524, 0.40610984773401576, 0.6767869217255738, -1.1925394341404283, -2.881238929076504, 0.02515849875173832
0.3812336723011028, 0.4061011110638819, 0.676804854292834, -1.1926288729722871, -2.8812115643953553, 0.025086703534736784
0.3812476227962496, 0.4061030794993737, 0.6767882685160639, -1.1926251594290767, -2.881252623217247, 0.02519083325845116
0.38125823913115897, 0.4060952745338201, 0.6767833511599374, -1.1926411477760697, -2.881241232545888, 0.025226842736610803
0.3812074184264885, 0.4061063805688775, 0.6768167368964574, -1.192512682199799, -2.8812747707015367, 0.025071692458374272
0.38122039962467724, 0.4060880763864277, 0.6768194135322417, -1.1925514739434966, -2.8812710849407512, 0.02507392640731794
0.3812439868832146, 0.4060908828018862, 0.676803722066675, -1.1925800458870164, -2.881241594184118, 0.025106608856227793
0.38124136903661177, 0.40609091429072947, 0.6768014127960776, -1.192596257606972, -2.881281825923076, 0.02515613694192654
0.38123861852240853, 0.40610499054111326, 0.676797191983296, -1.1925842120875199, -2.8812508323215504, 0.025128912706318278
0.381221942898848, 0.406075989740196, 0.6768308148000169, -1.1925575325080118, -2.881287947638367, 0.02502162260594586
0.3812481023648371, 0.40609341862660064, 0.6767949508193034, -1.1926042692609613, -2.881250628255055, 0.025168047982268852
0.38122911371099927, 0.40610420152483734, 0.6768037224294442, -1.192563142659278, -2.881249059733336, 0.025107687737984725
0.38122903428154165, 0.40609790904395915, 0.6768052441062241, -1.1925406243501488, -2.8812943234700863, 0.02513489785858057
0.3812159755625182, 0.4060953831740565, 0.6768145185522398, -1.1925455834474208, -2.88125652143034, 0.025107928777216543
0.3812254500669292, 0.4061086167002009, 0.6767976730675157, -1.1925481806770692, -2.881261512604855, 0.025166016008222297
0.38124866175552213, 0.40610675634724275, 0.6767917706060398, -1.1925539096255662, -2.881275774496727, 0.025131152046704183
0.3812232779452048, 0.40610298350557683, 0.6768112928916543, -1.1925560297945554, -2.881282268890809, 0.025077479746607772
0.3812249586460709, 0.4060767493479603, 0.6768269615397209, -1.1925832213646592, -2.881300666801941, 0.02504635669065738
0.38124438652232495, 0.4060998720444035, 0.6767971690846772, -1.1925885068873636, -2.881261684261059, 0.02513159531545794
0.38118826225858454, 0.4060058944547201, 0.6767659657888568, -1.1926120915576395, -2.8812430687767363, 0.025325640244582125
0.38118453803223135, 0.40602058765780225, 0.6762149487673008, -1.1926865831268338, -2.881205480200223, 0.025224609959000957
0.38118540393988337, 0.4060240639504127, 0.6756228757507823, -1.1926519397741158, -2.8811458572396464, 0.025478952765491114
0.3812263214449514, 0.4060401826812937, 0.6750365460571354, -1.1927288117301595, -2.881129023633248, 0.02584332734599648
0.38119769513225543, 0.4060452872813702, 0.674488523856586, -1.1927044099194624, -2.881124032585121, 0.025726515830479624
0.38116241190131644, 0.4059858964095487, 0.6739730590350295, -1.192689586042749, -2.881066966056267, 0.025594986410738083
0.38119521757109104, 0.40601971624767547, 0.6733629245714199, -1.192692404246477, -2.8810698065217477, 0.02580142142119978
0.38119632518174734, 0.4060128413413778, 0.6727656409224778, -1.1926964567657583, -2.881029368073699, 0.02582627026555274
0.38117562512308467, 0.4060390340389097, 0.67218927606545, -1.192551494366436, -2.8810487733956567, 0.026228207334771086
0.3812464683291261, 0.4060762684090103, 0.6715505626807495, -1.1926520379437393, -2.881071342763738, 0.026408772769269263
0.38124019513124363, 0.4060717643802711, 0.6709319002057379, -1.1925498461323316, -2.8810834349833945, 0.026280928843087244
0.3812220153665467, 0.40607279940575, 0.6703921610946031, -1.1925488695548079, -2.881031801709383, 0.026376420254478047
0.3812561995667075, 0.40609450079715387, 0.6697576800155054, -1.192632576482969, -2.880987271627738, 0.02687781172900353
0.3812539495135733, 0.40609387283323456, 0.6691922443341534, -1.192560295082182, -2.8811470115492552, 0.026219924302923556
0.38123629900562833, 0.40604867850621895, 0.6686567917778994, -1.1924797950881603, -2.8811248099040796, 0.026898601329697028
0.38125748010918353, 0.4060861322095364, 0.6680316029414879, -1.1925785108237101, -2.8810689573515145, 0.026811530658193892
0.38126048492146464, 0.406063494466804, 0.6674453555722868, -1.1925642448394238, -2.881147675713725, 0.026972810269809973
0.3812600788655925, 0.40607249398887385, 0.6668566422757564, -1.1925118770911198, -2.8811823384130135, 0.02698564570260389
0.3812761494103669, 0.40610591847499816, 0.6662630701024251, -1.1924241740275336, -2.881139502162806, 0.02722248995374551
0.3812274724014646, 0.4060581190611985, 0.6656602119117069, -1.1923893685920293, -2.881071899237582, 0.027592867547765364
0.38120768069989647, 0.4059863612229558, 0.6650862898475236, -1.192429139796663, -2.881044629176951, 0.0278086832974781
0.3811917583684253, 0.40599436872538236, 0.6647852279383433, -1.1924005670951927, -2.881105741726431, 0.027580167233116813
0.3812026849137432, 0.4059913183639519, 0.6647775464297551, -1.1923895981587247, -2.881077500777444, 0.027628764540468413
0.38118275350694325, 0.4059922698594945, 0.6647839727706357, -1.1923628912901563, -2.8811122956537103, 0.027654224895374127
0.38121243016108713, 0.4060070217699481, 0.6647621622500555, -1.1923720640807456, -2.8810822704839976, 0.027647595652632626
0.3812167295088649, 0.40600149953082304, 0.6647610549336218, -1.1923885780898786, -2.8810730797467, 0.027665704598399406
0.3812243662680802, 0.4060077177622312, 0.6647434408687136, -1.1923632477254387, -2.8811102106431368, 0.027766996313480594
0.3812330247118918, 0.40602367821154617, 0.6647349831861658, -1.192429207754118, -2.8810730011263423, 0.027745698028489096
0.381198797290877, 0.4059912744384429, 0.6647742255397113, -1.1923667361070636, -2.8811206822252293, 0.027674782037065082
0.38120205109391475, 0.40601104870110727, 0.6647578438730385, -1.1923092411261589, -2.8811270430220093, 0.02770882936710877
0.3812215602708696, 0.40600513395921456, 0.6647600497753897, -1.1923989862220947, -2.8810988581150276, 0.027634561122912057
0.3812291353488385, 0.4060069492574826, 0.6647535660565965, -1.1923765581361752, -2.8810927173972996, 0.027649082958160206
0.38121844917281444, 0.40599177801311226, 0.6647689288976866, -1.1924245219861744, -2.8810627893244254, 0.027628314293869763
0.38121399654114135, 0.406007542707743, 0.6647566372731887, -1.1923392705824516, -2.881101595589853, 0.027705256173480384
0.38122307298035973, 0.4060095951188405, 0.6647643636306959, -1.192396018352792, -2.8810917961138114, 0.02759477294330532
0.38121427842336864, 0.40600583639399784, 0.6647687018135785, -1.1924001985434045, -2.881103104814288, 0.027598350792731968
0.38122378936510176, 0.40599426461496496, 0.6647598796505636, -1.1924352690545388, -2.881089742900252, 0.027693397984401832
0.38121275832100476, 0.4060055204486341, 0.664761032336029, -1.1923408120790875, -2.881105436042931, 0.02766859573331339
0.3812130513335102, 0.4060162116325461, 0.6647621953386403, -1.1923824525569562, -2.8811083076643156, 0.027616894721544594
0.38122008793551976, 0.4060048956211114, 0.6647522072819726, -1.1924087670375711, -2.881072923596018, 0.02770641577170998
0.3812237933146682, 0.4059941850140582, 0.6647728916550629, -1.192386865208419, -2.881120715549184, 0.027601108713345163
0.3812482657259284, 0.40606555020858787, 0.6643237745924375, -1.192328488328323, -2.8810887656342428, 0.02768694148559323
0.381289421775273, 0.40613364392987555, 0.6635883723654353, -1.192273706156808, -2.881019319193307, 0.028357437890708558
0.3812783119967545, 0.4060926189810695, 0.6629646831317569, -1.192300100338571, -2.8809172870487783, 0.02902764550698317
0.3812415017429631, 0.4060490833378818, 0.6624449334508365, -1.1923621142876497, -2.8808640837024444, 0.029087241654569915
0.3812523103960322, 0.40604899106457293, 0.6618928214048547, -1.1923031086013374, -2.880911061962803, 0.02915682724970168
0.3812524043515809, 0.40606743133639206, 0.6612774993785295, -1.1921569513674455, -2.8808444047616852, 0.029912772186877285
0.3812411067086087, 0.4060612488575009, 0.6606504818263427, -1.1920902673690086, -2.8808171300377614, 0.03040082355814343
0.3812124788768243, 0.4060414157041001, 0.6600534053157273, -1.1920070448266764, -2.880802545023196, 0.030738698165050805
0.3812008500941755, 0.40599519067773354, 0.6595042258008127, -1.1920650533637638, -2.8807491526043796, 0.03113656529336815
0.38122242493118175, 0.4060248665126494, 0.6589009006945107, -1.1920254415448923, -2.8806945280040077, 0.03133550834713538
0.3812259511278068, 0.4060299356265326, 0.6582651741959402, -1.1920334895465463, -2.880655233997617, 0.03167830669946114
0.3812063448708709, 0.4059830422154884, 0.6576937671334147, -1.192087949884467, -2.8806375906090467, 0.03180081761919698
0.381157690912075, 0.40594707860621676, 0.6572141528662188, -1.1918997397462925, -2.880683320914423, 0.031799180589261344
0.3811478695029208, 0.40592215082006855, 0.6566556583670502, -1.191973192317497, -2.880618152060525, 0.03193193254757865
0.38116406077498266, 0.40589340362910264, 0.6561753694546533, -1.1920377086066092, -2.88059874263426, 0.03214776119522011
0.3811918634235863, 0.4059793696375979, 0.6554047789274156, -1.19199708960908, -2.8804845350973367, 0.03305496420900597
0.38120173915108746, 0.4059964491767989, 0.6548600192876757, -1.191994527273594, -2.8804413294062368, 0.03337383849705482
0.38115382199008296, 0.4059372722168533, 0.6542865869261325, -1.1918296126222274, -2.8804360517774152, 0.03370225045794878
0.3811170165278343, 0.4059043961585672, 0.653710924958605, -1.1917431342594882, -2.8803835626608065, 0.034372081794119824
0.3810957627710596, 0.40584455083627297, 0.65315255716638, -1.191821923865277, -2.8803375040850856, 0.03454673912956082
0.381094475794498, 0.40585188497814545, 0.6525579244725576, -1.1918266984288763, -2.8802540922384305, 0.034742503197664455
0.38110077745902204, 0.40584016520185284, 0.6522289509736529, -1.1918633393048463, -2.8802491143240374, 0.03516785179922016
0.3811239404189868, 0.4058833953583841, 0.6522184034084727, -1.191861966925972, -2.8802414545485555, 0.03491800293859728
0.38110238614509834, 0.40585692332993545, 0.6522563843039093, -1.1918415844935293, -2.880293875796176, 0.034777067663593765
0.3811139055524268, 0.40588168108685696, 0.6522301749846633, -1.1918262155169381, -2.8802527398585944, 0.03484158771666545
0.38111579589723815, 0.40586410616694285, 0.6522304705298447, -1.191927321808449, -2.880255357214548, 0.03491060905573961
0.3810850388797475, 0.4058578967849771, 0.6522652962602877, -1.1917810665546986, -2.8802935655313275, 0.03477097614485796
0.3810923366663285, 0.4058675607037013, 0.6522575091802606, -1.1918385032798215, -2.8802853225943963, 0.03475651652564764
0.3811070718846239, 0.4058539876979784, 0.6522642800814873, -1.1918924853234953, -2.8802694536112843, 0.034700880690702166
0.38111759117536603, 0.40587939175505733, 0.6522300836687194, -1.1917913539983138, -2.8803177579784704, 0.03485355718490603
0.3811260757009269, 0.40587216920297964, 0.6522374393436584, -1.1919425909726045, -2.880241844243009, 0.03475677788994784
0.38111835499109714, 0.4058640453689975, 0.652238297796465, -1.191869772450242, -2.880313306583447, 0.034842756283683746
0.38113434729216283, 0.40586692603753455, 0.6522454269666855, -1.1919412312461566, -2.880289469029245, 0.03469156975770365
0.38111107495990193, 0.4058604809754158, 0.6522521070717042, -1.1919075984955472, -2.880256440403977, 0.034756055835912715
0.3811259502133606, 0.40588235039849446, 0.6522382900550875, -1.191895902946698, -2.880276127465051, 0.03474065569646587
0.3810995890053691, 0.40588953741163286, 0.6522382523328177, -1.1917906875251054, -2.880315235886518, 0.03477847123755811
0.3811240888738893, 0.4058669585611972, 0.6522388153649517, -1.1918930902819247, -2.8802700159979007, 0.0347958798516565
0.3811189604878665, 0.40584837617328384, 0.6522549643407292, -1.1919079695675328, -2.8802579148350276, 0.034737554960743613
0.38113236612405954, 0.4058802761657689, 0.6522280545738695, -1.1918762681161632, -2.8802769174433904, 0.03479491559288975
0.38111376586127754, 0.4058751514777988, 0.6522508748719555, -1.191828784813658, -2.8803104943839832, 0.034685245820592105
0.38110353189375784, 0.4058586696546905, 0.6522647966272309, -1.191829190333143, -2.880312624968655, 0.03466693126398182
0.381119755761628, 0.4058723574118592, 0.6522461255515238, -1.1918798157248258, -2.88028711953162, 0.03470451751317466
0.3811155299716992, 0.40586149779838704, 0.6522483916978724, -1.191833769955243, -2.880324378489716, 0.03476511648545815
0.3811084996166976, 0.40586877443861413, 0.6522496062807968, -1.1918220520704985, -2.8802936982163065, 0.034737051310787234
0.3811164864507775, 0.40584640484166806, 0.6522654493400059, -1.1918714307409304, -2.8802670252693794, 0.03467750981798181
0.3811070160805616, 0.4058745847694724, 0.6522521119181527, -1.191831429304642, -2.8803179228104665, 0.034725517730356294
0.38112884671390995, 0.40587872156530147, 0.6522315206546127, -1.1919023034865501, -2.880240837803794, 0.03478978319009246
0.3811187337454255, 0.40587075815907836, 0.6522444841188996, -1.1918948402149812, -2.880274179737493, 0.03475970772927787
0.38112824301803105, 0.4058695186077085, 0.6522362688614679, -1.191920179791094, -2.880286744122796, 0.034784116373697195
0.38112758113835343, 0.4058766535975451, 0.652235707038619, -1.1918519187039738, -2.880265937095065, 0.03475172804581137
0.38113855672423147, 0.4058654401392481, 0.6522345592130072, -1.191876523570978, -2.8802785430773263, 0.03477568591314864
0.38113739083274, 0.40587809662362084, 0.6522233279283536, -1.1918884285516362, -2.880256653412998, 0.034810587734418565
0.3811179516265258, 0.40587362840349483, 0.6522399631767706, -1.1918508238512697, -2.8802642920911063, 0.03477123727946027
0.3811062138048892, 0.40587530695067264, 0.6522589058605717, -1.1918121912195017, -2.8803198180873033, 0.03466716131364684
0.38112303171554107, 0.4058756132976657, 0.6522373937114064, -1.1918994368743132, -2.880285073544826, 0.03476287960011951
0.3811366973634332, 0.4058707570735012, 0.6522367179542976, -1.1919042036412892, -2.8802976174842008, 0.03474606435803599
0.38110869827268856, 0.4058711674818058, 0.6522514585324962, -1.1918339171371874, -2.8802737591204637, 0.03475315906990484
0.3811156404538421, 0.40585528746927785, 0.6522645908734492, -1.1918074706274102, -2.880308326619767, 0.034661913916267904
0.38111306521559635, 0.40585952082009635, 0.6522588764664856, -1.1918664900409137, -2.8803055234000863, 0.03470601375653434
0.38110134707897025, 0.4058820435941808, 0.6522475909604317, -1.19183968302249, -2.880287118454466, 0.034738193669102024
0.3810913847008151, 0.40586183274324616, 0.652271884970099, -1.1917988308821175, -2.8803384033310384, 0.03466983982559467
0.3811138248763501, 0.40586698819698813, 0.6522453654754506, -1.1918158626758373, -2.8802784787171882, 0.03477078102686411
0.3811315063290189, 0.40586856215850237, 0.6522385415236219, -1.1918393068196362, -2.880285745326911, 0.034736635711443746
0.38111953006442617, 0.40588042165066684, 0.6522317021980845, -1.1918153735329229, -2.880327521092061, 0.034801973278775655
0.38112292646428547, 0.4058734444644895, 0.6522357296975703, -1.1918491639887103, -2.8803112740923926, 0.0348203017575374
0.3811058545731655, 0.4058665811376971, 0.652253232201461, -1.1919040299872568, -2.8802476763665767, 0.034735015375480814
0.38112501846982816, 0.4058642729203872, 0.6522501513698841, -1.191870211290894, -2.8803140062427195, 0.03472775547737923
0.3811067805634751, 0.4058660059583379, 0.6522532092521981, -1.191787124150831, -2.8803078773835957, 0.03473659659733054
0.3811274759541294, 0.4058765378423418, 0.6522287093161233, -1.191849573413267, -2.8802598265495996, 0.034808143284352146
0.38113216453023324, 0.4058655446938486, 0.6522362915446991, -1.1918810366613606, -2.8802896825212496, 0.03478005736804804
0.3811360455182535, 0.40584732483331387, 0.6522521119181527, -1.1919341378570294, -2.8802745755168364, 0.0347241578385386
0.3811112131744393, 0.40587316195018514, 0.6522415751955927, -1.1918039652079926, -2.8802987210178563, 0.03475513091225246
0.3811295897646991, 0.40588616261565436, 0.652230235972041, -1.1918129066015244, -2.880320261242629, 0.03476100326457222
0.38112214802069555, 0.405872197150657, 0.6522340204823872, -1.1918836762370089, -2.8802971661793864, 0.034821483058155404
0.3811234808861765, 0.40585160152338445, 0.652246556996606, -1.1918789448590021, -2.8802859852155698, 0.03481670271188907
0.3811336736215419, 0.40586591154900037, 0.6522373710281506, -1.1919205455758783, -2.8802886026368606, 0.03476534053618727
0.38111262996557854, 0.40586723684335435, 0.6522438022004696, -1.1918721172038127, -2.8803195921390574, 0.03478752334241566
0.38111624843325664, 0.40588951269592416, 0.6522297869604623, -1.191828811798029, -2.8803097016706203, 0.03479951116265336
0.38112208527997293, 0.4058844781910388, 0.6522367179542976, -1.191904504697962, -2.8802983450030952, 0.0347474327649511
0.3811208975012053, 0.4058742782473892, 0.6522351682284263, -1.1918414814228355, -2.8802911285489534, 0.034796384408624814
0.38111220173225213, 0.40584769771124235, 0.6522695458575842, -1.1919164599882026, -2.8802790510167164, 0.034648110670746926
0.3811172151512181, 0.4058848947441879, 0.6522346048713089, -1.1918165311013653, -2.8802785702420204, 0.03477050448034826
0.3811246029503131, 0.40585531735650865, 0.6522634724287024, -1.1918988912088273, -2.880285822659349, 0.03464816203590827
0.3811210819775134, 0.4058538344078738, 0.65225437848321, -1.19190457082602, -2.880248987408917, 0.03471459373971656
0.3811207406402045, 0.40586361885664435, 0.652240593275015, -1.1918887610005398, -2.880259017348914, 0.03479346355429439
0.3811239833982222, 0.4058813404341062, 0.6522230175797061, -1.1918175509799729, -2.8802812920576657, 0.0348479526953288
0.3811097166720203, 0.40587487730228167, 0.6522417411121942, -1.1917944260619149, -2.880274696207552, 0.034768591676077376
0.38113732232919273, 0.40585722733810403, 0.6522466640764647, -1.1919435031078598, -2.8802964833441305, 0.03473092902726187
0.38112223711013865, 0.40586190348114976, 0.6522404273960775, -1.191777087174656, -2.8803322046582855, 0.034778406622321734
0.38111904712625877, 0.4058815965136656, 0.6522458739428315, -1.1918147978664544, -2.8803266745021716, 0.0347065138924897
0.38112078930703136, 0.40585946678965207, 0.6522576165633761, -1.191885540961514, -2.8803020757535136, 0.03466914510417042
0.38111217808985826, 0.40586227559300353, 0.6522473578466, -1.1918201277611578, -2.880289526200244, 0.034773959260398536
0.38112699250942395, 0.4058715996960689, 0.6522374166345503, -1.1918256425230467, -2.880301937018422, 0.03475832855672171
0.3811228383734911, 0.4058690396612395, 0.6522399631767706, -1.1918853303700858, -2.8802500116702427, 0.03477123500914801
0.38112853656750006, 0.40587826324687304, 0.6522241426422731, -1.1918141264656208, -2.8802719019233276, 0.03482599885075143
0.3811246388753849, 0.4058718862199832, 0.6522433138047404, -1.191887790990814, -2.880255969867196, 0.03471554862618706
0.3811165972320883, 0.40586315776581694, 0.6522566558007057, -1.1918535500904923, -2.880323342896929, 0.03470966845311856
0.3811307665499987, 0.4058694483041066, 0.6522391715096412, -1.1919033291758918, -2.880244815239096, 0.034751958517551466
0.3811255256430626, 0.4058672414508996, 0.6522329410390099, -1.1919134542691237, -2.880269857901236, 0.034836655560182464
0.38112918408732344, 0.40587509963562063, 0.6522417544887771, -1.1919130496955512, -2.8802689005999884, 0.03474043010992804
0.3811257876320288, 0.4058780166371507, 0.6522345136066691, -1.1918681765323806, -2.8803082192451464, 0.034783156026960825
0.38111194942196125, 0.4058639027113925, 0.65225548069067, -1.1918709732025954, -2.880265468402296, 0.03469673199929269
0.3811216336344317, 0.40587951686242285, 0.6522402736901586, -1.191835296675056, -2.8802752638624955, 0.03473364291713779
0.38111380118172494, 0.4058482543797929, 0.6522642344491474, -1.1919527802547731, -2.8802701526193597, 0.03470743098013652
0.3811215617707422, 0.40586481790505, 0.6522554642107962, -1.19184220474218, -2.880294127304698, 0.034663094354026466
0.38112259214071503, 0.40588744634661295, 0.6522195073630768, -1.1918089723786276, -2.880310483567177, 0.03485450618401686
0.3811159683344234, 0.40588285826885384, 0.6522385644729016, -1.1917833042691979, -2.880296525416308, 0.034734141668833735
0.38110754210344294, 0.4058794748108057, 0.6522565664573209, -1.1918088789797723, -2.8803107797910465, 0.034645692567906346
0.38112122157438494, 0.4058872700285148, 0.6522252431960028, -1.1918409566815775, -2.8802894099378187, 0.0348144197900034
0.38111835427778473, 0.4058596751738748, 0.6522565599619973, -1.1918589432049238, -2.8802851359055888, 0.034680909983603264
0.38110488192684633, 0.4058732497138751, 0.6522498863802338, -1.1918082538660955, -2.880309871367024, 0.034759481020640415
0.38112139198194595, 0.4058522853917927, 0.6522532092521981, -1.19189081793412, -2.8802649697439415, 0.03473659659732345
0.3811124492807083, 0.40585854701320356, 0.6522577301710785, -1.1919004278058332, -2.880289378070311, 0.0347255224430299
0.3811164462316627, 0.40586914397206547, 0.6522416954280374, -1.191803066439938, -2.8802963475243555, 0.03477446259956273
0.38110862337710305, 0.4058648612948876, 0.65225316361993, -1.191812911328067, -2.880322858684144, 0.03474315034064318
0.38111846557056556, 0.4058808062523433, 0.6522249098685154, -1.1917915728098805, -2.8803175466862845, 0.03485428175016844
0.381113356298032, 0.40584750242448026, 0.6522699472748779, -1.1918502949025227, -2.8803164037342373, 0.03466869665101914
0.381118904987949, 0.40586897312818027, 0.6522427960489457, -1.1918644754661503, -2.8802992608133597, 0.03476242404679684
0.38111580409911255, 0.405863874202776, 0.6522634495054526, -1.1919207877017806, -2.8802902881198347, 0.03465248063697769
0.3811239735673763, 0.4058958436910773, 0.6522142174299381, -1.1918138750106848, -2.880270357251027, 0.03484449555758169
0.38112458645822944, 0.4058408480297891, 0.652259667922146, -1.1919000877357893, -2.880288661166639, 0.03472415238264413
0.38112331961034657, 0.405867712737031, 0.6522456530954256, -1.191873928052357, -2.8802721007007768, 0.03473682213691792
0.38112324589346513, 0.4058573545672329, 0.6522450626158834, -1.1918687750180146, -2.8802588135626053, 0.034751501136901175
0.381121477272492, 0.40585863462971183, 0.6522438250974804, -1.1918851718323273, -2.8803009448577663, 0.03478365998780106
0.38111916906776677, 0.40586103509081106, 0.652251011269284, -1.1918217168071994, -2.8802931928904796, 0.03473687200788497
0.3811166266435973, 0.40587984082785544, 0.6522363144678179, -1.1918074721278153, -2.8803075866877914, 0.03477733146802561
0.38113763992946365, 0.40586600966826125, 0.6522345819220849, -1.1918898221031966, -2.880260492245438, 0.034772769130140616
0.3811228383734911, 0.4058690396612395, 0.6522399631767706, -1.1918681128441404, -2.880256995277235, 0.0347710079759061
0.38112954673482785, 0.4058592714785105, 0.6522427733656936, -1.1918683662841918, -2.8803097737704695, 0.034764658610058195
0.38112289919914777, 0.405881584868283, 0.652236087279209, -1.19185090226003, -2.880264271787586, 0.03477123948373078
0.3811186282140983, 0.40588514019935407, 0.6522286863669408, -1.191871298587286, -2.88026436761379, 0.03481246669051366
0.3811257842560104, 0.40586968946965163, 0.6522351682284263, -1.1918587705410688, -2.8802838317017625, 0.034796155303165814
0.381112662461407, 0.40587347405256513, 0.6522422797986388, -1.1917719362091457, -2.880319735536137, 0.03479520279935453
0.3811165538185864, 0.40585682868402406, 0.6522532092521981, -1.1918737000237833, -2.880272194329292, 0.034736823483289256
0.3811098217653841, 0.4058749929176922, 0.6522487388384199, -1.1917967705704804, -2.8802808060648957, 0.034712176436630986
0.3811091342375688, 0.40586571954274975, 0.6522473122144121, -1.1918289697907547, -2.880311664480145, 0.03478074682398916
0.38112787082016636, 0.405887454519506, 0.6522370526937682, -1.1918758385059849, -2.8802761726492956, 0.03470063744653916
0.3811215691926522, 0.4058546552074954, 0.652248482962606, -1.1918686002810694, -2.8802588052676907, 0.034752237307445706
0.3811143844594666, 0.4058636943670883, 0.6522565372528062, -1.1918979150234579, -2.8802822685528997, 0.03468497124304857
0.3811243839495633, 0.4058653207430619, 0.6522438982288605, -1.1918825744423571, -2.8802939238752536, 0.03474387702478961
0.38112644989277633, 0.40586661485257525, 0.6522411551408066, -1.1918775026529889, -2.880229844850333, 0.03474540332485827
0.3811302060237985, 0.4058726386591433, 0.6522401824253606, -1.1918869431907904, -2.8803049122961224, 0.03474629437190528
0.38110426544349857, 0.405886773688506, 0.6522399402275512, -1.1918034336036742, -2.8802971466817926, 0.03477510174295764
0.38112202997041433, 0.4058471198463712, 0.6522622740147871, -1.1919049866606306, -2.8803019213459358, 0.034709442111398585
0.38112724073689186, 0.4058492409970362, 0.6522544756282547, -1.1918907611831595, -2.8802646350202283, 0.03473687773413354
0.3811191667825431, 0.40589624988752354, 0.6522306832037816, -1.191773280407054, -2.880321844693028, 0.034776602195734994
0.38112568400358426, 0.40585919116164476, 0.6522475909604317, -1.191839009586821, -2.8802859769102653, 0.03473590894561965
0.3811236204578192, 0.40586616940738796, 0.6522444841188996, -1.1918081342942446, -2.8803090633338013, 0.034758108805307816
0.3811050923043972, 0.4058570464647026, 0.652271026838519, -1.1918035713786752, -2.880350866910025, 0.03465375710492366
0.3811343563962026, 0.4058773088970726, 0.6522262768329952, -1.1918544395144828, -2.8803238842054912, 0.03480469280810681
0.3811253541689297, 0.40588352423347757, 0.6522258289295596, -1.1918182842587934, -2.880283393795456, 0.03482890688214728
0.3811353654131062, 0.4058727599227465, 0.6522309120370845, -1.1918769121766573, -2.8802785654275778, 0.03477687547980571
0.381124095983686, 0.40587116818710545, 0.652240972611357, -1.1918773744115505, -2.8803322238943814, 0.034771167156570526
0.38111665449590537, 0.405888085101992, 0.65223561577388, -1.191817360937959, -2.880331683761659, 0.034765066739836294
0.38111274036579246, 0.4058465286482451, 0.6522688009520008, -1.191919012348018, -2.8802861505808046, 0.03468866300544028
0.38110124426405523, 0.4058550022176939, 0.6522673413767307, -1.1918627006376115, -2.88029684932829, 0.03468497368215741
0.3811349169569864, 0.40587411846048993, 0.6522252659050506, -1.1918191742596618, -2.880284736568905, 0.03480967422509274
0.38112825442287995, 0.4058777851634223, 0.6522304185142445, -1.1918319349607112, -2.880267090661528, 0.03480718365632886
0.3811144298535227, 0.40586580828717933, 0.6522578263364506, -1.1918067459533292, -2.880306517588748, 0.0346814180705537
0.38113375098148433, 0.4058702241760665, 0.6522281686150411, -1.1918560018252555, -2.880277909409187, 0.03484992026682293
0.3811144722279352, 0.4058618170886118, 0.6522544299960213, -1.1917956366445217, -2.880329507182467, 0.034743205249992984
0.38112394483210854, 0.40587916132370244, 0.6522345592130072, -1.191807609441545, -2.8803073443972798, 0.034776144088234
0.38111985511327284, 0.40588502894642686, 0.6522360416209426, -1.1918594002197158, -2.880286549660649, 0.03477802224701042
0.381107643854521, 0.4058672736651886, 0.6522678976542294, -1.1918445344467279, -2.880300722490387, 0.03460832948991928
0.3811161252169904, 0.40586447910317924, 0.6522509656370306, -1.1918302147937927, -2.880315470432867, 0.034743655136568984
0.3811106064805973, 0.4058596916984138, 0.6522577758033762, -1.1918570779919981, -2.880281520986479, 0.034718738113750806
0.3811065647290247, 0.405873898529878, 0.6522449940343653, -1.1918300540031752, -2.8803138737501324, 0.03476214595175515
0.3811243896273305, 0.4058839732901385, 0.6522320598621861, -1.1918171833171052, -2.880280205464265, 0.034752454893933526
0.3811196048147717, 0.40585759413266576, 0.6522554121089871, -1.1918667040145743, -2.880305140426634, 0.03470555477804852
0.38110614590095837, 0.4058545628880324, 0.6522643030307863, -1.1918014022692607, -2.880293614549115, 0.03469655816786095
0.38110155433961423, 0.40585345323651467, 0.6522661721443682, -1.1918837273568912, -2.88029872481251, 0.03470743441024675
0.381135794602532, 0.405900361359971, 0.652205751599852, -1.1918693158907971, -2.8802580801552176, 0.03486621629953916
0.38113363681035306, 0.4058595168416034, 0.6522467552891256, -1.1918919270733739, -2.88026652310488, 0.03471782130418823
0.3811297576226204, 0.40587399730731566, 0.6522345362898943, -1.191915982131212, -2.88027588762446, 0.034780237249288144
0.38112703446912055, 0.4058821060556483, 0.6522252202729201, -1.1918453336908357, -2.880300133279715, 0.03481714326435257
0.3811190026548968, 0.40584639188626315, 0.6522601152207007, -1.191877579293392, -2.880283021240651, 0.03473952451851629
0.38112022979685045, 0.4058627606820913, 0.6522464446929933, -1.1918382672864167, -2.88028417921633, 0.03475541333724105
0.3811327532189066, 0.4058705985886841, 0.6522345819220849, -1.1918725330928301, -2.8802677891965285, 0.034772998326293415
0.38111477296874763, 0.4058747716725527, 0.6522444611957763, -1.191812297259475, -2.880320726715835, 0.03476219978832447
0.38112482868251035, 0.40586807958727933, 0.6522467325799874, -1.1918790013085379, -2.88028498808248, 0.03472165179148209
0.3811236592359746, 0.4058703559489712, 0.6522414896895802, -1.191833230165074, -2.8802711618110823, 0.03477055392529326
0.3811235322244577, 0.4058288336534905, 0.6522751913853634, -1.191923456539209, -2.880349616479301, 0.03468500949565042
0.38112426773637126, 0.4058609982709404, 0.6522535487438456, -1.1918567805752167, -2.8803321581003423, 0.03473143996415461
0.3811279619858617, 0.4058401075363284, 0.6522607459796961, -1.1918789841032842, -2.880337698501065, 0.034714119749256575
0.38111646244494835, 0.4058608568688514, 0.6522611994453046, -1.1918929596658843, -2.8803224416769346, 0.034694985507051516
0.38113870758804863, 0.405857446997205, 0.652240972611357, -1.191929071298271, -2.8803104049023815, 0.03477048354272619
0.38110740368948615, 0.4058566912455458, 0.6522653125203886, -1.1918626628420546, -2.880347751600779, 0.0346974002743168
0.38113733678801204, 0.4058552633268967, 0.6522381611720549, -1.1919455553932266, -2.8803013197648406, 0.03478975616434459
0.38113018123272946, 0.40585621653572457, 0.6522404794053412, -1.191910063280684, -2.8803136325042913, 0.03480881280717985
0.3811199746759235, 0.4058811732064549, 0.6522259892986887, -1.1918486439141744, -2.8803093461743154, 0.034839796494636824
0.3811333913158611, 0.40586342612365844, 0.6522350997251457, -1.1918539833315165, -2.8803237148598773, 0.03480497830743287
0.3811316298313605, 0.4058750374014066, 0.6522229492645317, -1.191882451326095, -2.8802927814276615, 0.03485765776689588
0.3811410304535953, 0.4058674109046003, 0.6522240740610261, -1.1918961873878986, -2.8802762754552975, 0.034835509118669325
0.3811258500535837, 0.4058553470375585, 0.6522509656370306, -1.1918301866334478, -2.880314916436477, 0.03474274618078428
0.3811131473918878, 0.4058639692550716, 0.6522475680285825, -1.191793197050113, -2.8803747822744983, 0.03481104041019024
0.38111877573313285, 0.40588126462182117, 0.6522322879096852, -1.1918101917977217, -2.8803146959054335, 0.03481714804442154
0.38112076425076824, 0.4058450517004578, 0.6522664603087386, -1.1918718195359956, -2.8803200368274156, 0.034671614385798646
0.3811238929586049, 0.405848123198563, 0.6522509136920421, -1.1919063379504553, -2.8803049782911785, 0.034785887177358844
0.38112638922229714, 0.4058644494979385, 0.6522444156155288, -1.1918554453160513, -2.8803280979388233, 0.03476806940313306
0.38111875008529805, 0.40586046408443655, 0.6522554410804693, -1.1919000201190593, -2.880340338494381, 0.0347386778539638
0.3811181578326859, 0.40585952771926853, 0.652254338887445, -1.1918299932718404, -2.8803664528812005, 0.03475608678874272
0.3811486585201767, 0.4058594469300693, 0.6522359275894262, -1.1919319998958127, -2.8803193584251745, 0.03479227054554918
0.3811370308548746, 0.40585474765830076, 0.6522443929581458, -1.191911678643518, -2.8803173804802413, 0.03477099335832001
0.38113141168390396, 0.40584784348595826, 0.6522359291948367, -1.1919380045756593, -2.88028256454592, 0.03485987953397952
0.3811256344661295, 0.40586323966650734, 0.6522427504686642, -1.1918731164692247, -2.880320911964498, 0.03476829571027858
0.38113197820622213, 0.4058631806601895, 0.6522410181657743, -1.1919032121701425, -2.8802957377899188, 0.034764384823402314
0.38113091747843497, 0.40586145511686134, 0.652245584779902, -1.191834664013571, -2.8803258421268723, 0.03474515937738436
0.3811213425505809, 0.4058563338839707, 0.6522483688008468, -1.1918381473515458, -2.880335102084807, 0.034767840678668185
0.381127523719166, 0.4058560014676267, 0.652246073531524, -1.191955939534317, -2.880276626758456, 0.03474674866718516
0.38112855301967685, 0.40586796955889204, 0.6522350997251457, -1.1918888634489533, -2.880309849594114, 0.034805888886618216
0.38112243589634437, 0.40586429663657647, 0.6522422797986388, -1.1918757302438154, -2.88027706967824, 0.03479565647280418
0.38112788255064256, 0.40585039560494823, 0.652254338887445, -1.1918991817639215, -2.8803378246979094, 0.034756089051092495
0.3811095603748413, 0.4058560022026634, 0.652253839451666, -1.1918250191024944, -2.880302494240746, 0.03475879157826133
0.3811297940859538, 0.40588039187263003, 0.6522251520354098, -1.1918406030663227, -2.880340148487014, 0.03482638784227238
0.3811437921933938, 0.40582681352842104, 0.6522548275997796, -1.191967545790964, -2.880308947707006, 0.034755180655203395
0.38111674358277803, 0.4058530219800815, 0.6522566279774269, -1.191830129868935, -2.880315319189629, 0.03474246925357701
0.3811417402002314, 0.4058461682768817, 0.6522422797986388, -1.191909250729213, -2.8802623494397164, 0.03479429316947915
0.38111708210926176, 0.40583916334151005, 0.6522661494610623, -1.1918876905029085, -2.8803089255871077, 0.0347092133824712
0.38111581760543795, 0.4058535971813617, 0.6522566509005687, -1.1918430415618553, -2.880297298880503, 0.03473951652625623
0.3811383590326732, 0.40586103956535996, 0.6522372561545993, -1.1918831949482784, -2.88029663825931, 0.03481939069118187
0.381112921419665, 0.40585521870317887, 0.6522548731281327, -1.1919082646866226, -2.8803092416353024, 0.03475089491726005
0.3811353654131062, 0.4058727599227465, 0.6522309120370845, -1.1918941298401267, -2.8802715817897924, 0.03477710229818496
0.3811217721567819, 0.405854943574525, 0.6522542416638084, -1.1918787280120786, -2.8803360724488902, 0.03473334771171412
0.3811228934355598, 0.40586293224621983, 0.6522479255921211, -1.1918467335506453, -2.880306203618582, 0.034761745331673366
0.3811201157244145, 0.40585845241487445, 0.6522495606485076, -1.1918824180058385, -2.8802940857463675, 0.03474314674752749
0.3811267525227674, 0.40586713014040254, 0.6522402962715473, -1.1918495585806033, -2.8803131305530667, 0.034801527111183
0.38112532849370134, 0.40586272390756933, 0.6522489821917604, -1.1918908931455956, -2.880316021081611, 0.03475021212913972
0.38113017762815893, 0.40586033405307687, 0.6522376676184024, -1.1918835319687797, -2.880296762434201, 0.034819845110835336
0.3811345772320133, 0.4058569776078419, 0.6522382294096923, -1.19189828658816, -2.8802823956458745, 0.03477982728767601
0.38112711386245524, 0.4058470489265446, 0.6522462329839971, -1.1918928394747101, -2.8802695521077637, 0.034794971442982416
0.38112448524691195, 0.40584905957128886, 0.6522520158592304, -1.1918379319588586, -2.880335012363452, 0.034766658596122525
0.38112542189273974, 0.40584020041824437, 0.6522526916786033, -1.1918844751539237, -2.8803006803582933, 0.034782752589867946
0.3811360455182535, 0.40584732483331387, 0.6522521119181527, -1.1919341378570294, -2.8802745755168364, 0.0347241578385386
0.38112729026879544, 0.4058494592427275, 0.6522532367076271, -1.191863591021905, -2.8803499716472394, 0.034773950306760996
0.3811189214766757, 0.40584619642857794, 0.6522665059153273, -1.1918980284363239, -2.8802839650440015, 0.03466574530195396
0.3811400250748246, 0.4058537802478091, 0.6522398945953696, -1.1918800023344582, -2.880289557351078, 0.03477915411314914
0.3811144505330672, 0.4058577334649771, 0.6522446377980724, -1.1918713393544418, -2.8803173288439248, 0.034805385172063094
0.38112618070803567, 0.4058517905346641, 0.6522483688008468, -1.1918380476094557, -2.880334861036428, 0.03476738772786998
0.3811319153227869, 0.40583863981984153, 0.652256042306276, -1.191869106502615, -2.8803135989741904, 0.03472639285164418
0.3811325463065337, 0.4058397024850999, 0.6522509365890333, -1.1919359253788226, -2.8802796360502736, 0.03478225904276721
0.38112137616244846, 0.40583363827786306, 0.6522650472542283, -1.191886607860519, -2.880306792423525, 0.03472707164139668
0.3811392465291641, 0.4058257245661882, 0.6522515895251255, -1.1919522385813013, -2.880270066014974, 0.03480062641620017
0.3811183715039152, 0.4058412689144723, 0.6522620073653861, -1.191851329957638, -2.880319102640899, 0.03474539309116238
0.3811416262440469, 0.40586217680199804, 0.6522333218124559, -1.1918928197654064, -2.880320433016126, 0.034807392969073626
0.38113768562591066, 0.4058579008067552, 0.65223399758543, -1.1919224604727945, -2.8802933671092177, 0.03482375168940371
0.38113014771341786, 0.4058477111765155, 0.6522612223423936, -1.191940349904658, -2.8802895865665605, 0.0346911226694785
0.3811148916861593, 0.40586666304923547, 0.6522393267883411, -1.1918371649546247, -2.8802803028170687, 0.03479250169984685
0.3811138382369411, 0.40585464920834213, 0.6522548504707154, -1.191842967748344, -2.8803483831914427, 0.03475312793919895
0.38113296633897886, 0.4058503243857723, 0.652238297796465, -1.1918694705763746, -2.880312577064729, 0.0348413879180408
0.381122249733124, 0.40586398574102706, 0.6522416727189585, -1.1918074010029915, -2.8803069618296226, 0.03477715472462381
0.3811257262190506, 0.4058551998588086, 0.6522441947405586, -1.1918798971510511, -2.8802878754516765, 0.03479838129634091
0.38112090826939526, 0.4058473469123178, 0.6522619164381451, -1.1919016679519239, -2.8802929720133856, 0.03468723900921325
0.3811097372459974, 0.40586880936665526, 0.6522370998118395, -1.191787739359323, -2.8803087123061957, 0.03483205627604835
0.3811225632097367, 0.40587076383984866, 0.6522398490151513, -1.1918894864827265, -2.8803122744243628, 0.034787296841154614
0.38112123480819043, 0.40586659600180947, 0.6522421886380834, -1.1918583613755995, -2.8803352791408083, 0.03480831343926375
0.3811329005211562, 0.405854278304634, 0.6522416497958441, -1.1918981118333698, -2.880282387348632, 0.034780563461673485
0.3811326093211186, 0.4058683035732637, 0.65223912585131, -1.1918946815471159, -2.8802737633334083, 0.034758058669797025
0.3811416262440469, 0.40586217680199804, 0.6522333218124559, -1.1919275999983412, -2.8803063259898947, 0.03480785030608251
0.3811315063290189, 0.40586856215850237, 0.6522385415236219, -1.1919260833469292, -2.880250547180174, 0.034737779227482224
0.38112893991908914, 0.40586029904431326, 0.6522501740531597, -1.1919175010633993, -2.8802818864154554, 0.03472483435973663
0.38112166460605834, 0.40586725894722314, 0.6522427278112645, -1.1918600904812442, -2.8803391364008433, 0.03477167228414002
0.3811179267634921, 0.4058385101152499, 0.6522591730024847, -1.191889682670723, -2.8803139312857695, 0.034768076382636015
0.38114164646724846, 0.4058683847599733, 0.6522252202729201, -1.1918794676898494, -2.880285437576981, 0.0348162272014784
0.3811397607291945, 0.40584722043958715, 0.6522404794053412, -1.191926739105665, -2.8803063106232516, 0.034808138121461475
0.38112897274943014, 0.4058338723188608, 0.652263648787365, -1.1919569776141592, -2.880282539236049, 0.03469089615346791
0.38113001619349957, 0.40587644525643024, 0.6522367635607349, -1.1919132952065694, -2.8802687705249306, 0.034740422096989285
0.3811307699305107, 0.4058612704484645, 0.6522387697586721, -1.1918495618951968, -2.8803128293131, 0.03480106930974881
0.3811261436769983, 0.40587036595748727, 0.652241307368323, -1.1918849980915824, -2.8803522100538546, 0.034796549840004964
0.38114306885177257, 0.40585033603620646, 0.6522399402275512, -1.1919059394727198, -2.8802533123866243, 0.03477282340805792
0.3811140147077199, 0.40586318153069934, 0.6522487842134994, -1.1918590692976747, -2.880286406983296, 0.03477756995535523
0.3811251754944697, 0.40585016878127844, 0.6522518794302454, -1.19191573891746, -2.880380056188017, 0.034786777267939765
0.3811283912098498, 0.40583682725747605, 0.6522447276911724, -1.1919505127804904, -2.8803156069511093, 0.03486936171415767
0.38113506421507237, 0.4058557451636266, 0.6522376676184024, -1.1918832588964856, -2.880296588449834, 0.03481938502951817
0.38112020741272606, 0.40585041265854704, 0.6522510049044168, -1.191837201480824, -2.8802821398095637, 0.03477254709108686
0.381128561188352, 0.40584131030846066, 0.6522474482615976, -1.1918990961791405, -2.8803900253441594, 0.03486251777409278
0.38114464770296475, 0.4058571292007128, 0.6522316793010912, -1.1918536160417952, -2.8803233850616254, 0.034803340596464706
0.3811118415698711, 0.405838963463824, 0.6522684659825582, -1.1918954080685589, -2.8803292409200556, 0.034734314917838
0.38114100426907893, 0.40585542734145025, 0.6522283744157634, -1.1919462353655959, -2.880253419480773, 0.03485406295420062
0.381121044951893, 0.4058704026319432, 0.6522387697586721, -1.1918499347530929, -2.8803132444547486, 0.03480198259081423
0.3811322881970057, 0.40586163161999156, 0.6522398490151513, -1.1918546778283023, -2.8803258265340608, 0.03478593110071393
0.38113449006662603, 0.40583034618702496, 0.652258543045234, -1.1919546529625147, -2.880276339321793, 0.03474539643308244
0.3811390833330619, 0.40585032316505404, 0.6522296120554972, -1.1918967379835992, -2.880281585869845, 0.03489316594287947
0.3811398069487809, 0.4058613515868372, 0.6522248642884364, -1.1919039068128923, -2.88029628949489, 0.03486015432172252
0.38112866851672095, 0.4058599671643855, 0.6522365881744866, -1.19187845880062, -2.880283874381592, 0.0348350148391929
0.3811247470708471, 0.4058639410363005, 0.6522365654913399, -1.191865603939865, -2.8803020268986637, 0.034838389770903096
0.38112230878393916, 0.4058517158744123, 0.6522531865430818, -1.191825866500725, -2.880303971384453, 0.03473883272566818
0.38112223041629556, 0.4058536826493775, 0.6522477047690066, -1.1918364058570996, -2.8802800875915104, 0.03479159862470204
0.38113136222606053, 0.40586220683260754, 0.6522398719121489, -1.1919371496659117, -2.8802795920153743, 0.034783893368293343
0.3811178701362674, 0.4058735501045195, 0.6522330096202157, -1.1918832905119565, -2.8802441536739214, 0.03482737857276049
0.3811243284098457, 0.40586115663004835, 0.6522417411121942, -1.1918461219366383, -2.880252878747468, 0.03476790569921838
0.38113649031966335, 0.40584807659680194, 0.6522463990607693, -1.1918806307300231, -2.880291598025248, 0.03476083853624795
0.38111140317537173, 0.40585485751709566, 0.6522537938452881, -1.1918335883907165, -2.880324458754199, 0.03476511883682737
0.38113837200265666, 0.4058511183820785, 0.6522433590290675, -1.1919490750163069, -2.8802615525845527, 0.034780068950546125
0.3811045394097647, 0.4058685614795733, 0.6522525779099198, -1.1918009749902676, -2.880342907497023, 0.03472820175162553
0.38113884393937875, 0.4058477899786318, 0.6522405020626907, -1.1919224756954183, -2.880295383122793, 0.0348049897180075
0.3811303087821901, 0.4058688052113796, 0.6522249784497073, -1.1918303953256861, -2.8802627267697902, 0.034844088325824626
0.3811118061581944, 0.40584100793201544, 0.652258207732345, -1.1918631642187751, -2.880246078011559, 0.03476741184536757
0.38112817459014076, 0.40584877442360995, 0.6522416664099907, -1.1919093896183748, -2.8802605379543396, 0.03481351271816919
0.3811215388084381, 0.40583797188667103, 0.6522688238752036, -1.1919143334008107, -2.880274700375053, 0.03468457057071176
0.38112994507416625, 0.40586824872662547, 0.6522243008888395, -1.1918286726126381, -2.8802588648981597, 0.034880728164868535
0.38113000029159044, 0.4058475267170983, 0.6522544073127748, -1.19193803032288, -2.8802835587988103, 0.03474680642697615
0.38112531221382934, 0.405873017873666, 0.6522380252559126, -1.1918681520484444, -2.880256985125075, 0.03477100907805028
0.3811181818056885, 0.40584507565526023, 0.6522585886516425, -1.1919121176768994, -2.8802689936328245, 0.03473997351598007
0.38112308320206223, 0.40585912554412634, 0.6522513443709043, -1.1918727229022026, -2.8803211149583023, 0.03476830731199352
0.3811239492921938, 0.40585239063903905, 0.6522408883592947, -1.1919119027687843, -2.8802680272469456, 0.03485378867539707
0.38113152616120166, 0.4058562121407554, 0.6522360266626755, -1.1918705031680725, -2.8802635552442797, 0.03481063634383387
0.38113087037004595, 0.4058286819279951, 0.6522552821498526, -1.191926435485424, -2.880255478320217, 0.03479379553480205
0.3811267441906154, 0.4058610334960142, 0.6522296803704823, -1.1918327962950956, -2.8802699821747932, 0.03488391063269556
0.38112361563797253, 0.40585390227001866, 0.6522420133962056, -1.191873971524338, -2.8802729177446214, 0.03483183745993473
0.38110856196865894, 0.40585444027010464, 0.6522522422579288, -1.1918400756584495, -2.8802896318824036, 0.03481324875909284
0.38113186942187854, 0.4058671824303773, 0.6522312087056359, -1.1918915523539864, -2.880265773778198, 0.03483205962788208
0.38112230878393916, 0.4058517158744123, 0.6522531865430818, -1.1918778640067809, -2.880282881010815, 0.034739517605489156
0.3811314855005776, 0.4058379769063622, 0.6522555031137526, -1.191884595446313, -2.8803027575152256, 0.03476326015894287
0.38112163507818825, 0.40585070132499745, 0.652245130843677, -1.191857178527698, -2.88028201184189, 0.03481328704827556
0.38111089261379416, 0.405835406490205, 0.6522663754783815, -1.1918722853024901, -2.8802702240557325, 0.03475469577787484
0.381117621659496, 0.4058296730814192, 0.6522663298461974, -1.1918633643275358, -2.8802989984392657, 0.03476033632130927
0.38112509388020177, 0.4058458238891784, 0.6522510049044168, -1.1918717082134473, -2.880267859551837, 0.03477254482182459
0.381134344409427, 0.40586083179587723, 0.652221649239606, -1.1918843396642593, -2.8802464779024928, 0.03490245072260728
0.3811147806095021, 0.40584990197995807, 0.6522527143618237, -1.1918978022305842, -2.8802831840170193, 0.03478074464252377
0.3811392320503288, 0.4058276884336556, 0.652260092297569, -1.1919674037884167, -2.88025824684667, 0.034742026164485844
0.3811266688149372, 0.40584223684365717, 0.6522487322942276, -1.1918829209144826, -2.8802968306178647, 0.03481865710838678
0.3811071525154083, 0.4058480700001215, 0.6522524250800692, -1.191796683312613, -2.880332554488759, 0.03481961865762854
0.3811121481163245, 0.40584559231347334, 0.6522676987319352, -1.1918314254280624, -2.8803193895305266, 0.03470583896929422
0.38112815753206575, 0.4058486714686775, 0.6522544529191558, -1.1918774628906277, -2.8802826859378667, 0.03473979442304559
0.38111683871667074, 0.40586147607772277, 0.6522436083204723, -1.1918959156838105, -2.8802262204023705, 0.03482327926649131
0.3811171800461265, 0.40584968461164295, 0.6522488462934957, -1.191879010203053, -2.8802351645567077, 0.03480354061684146
0.3811300736325071, 0.40585189694545326, 0.6522315955265477, -1.1919235239024477, -2.880245550151805, 0.03488774125359619
0.38112576504505075, 0.40585938639706814, 0.6522412003673326, -1.1918529953796226, -2.8802710635093898, 0.03481014102541912
0.3811239122656182, 0.40583415248957033, 0.6522415596665272, -1.1918439467486701, -2.8802498356805226, 0.03489837484912994
0.38113623875104674, 0.405841462200286, 0.6522420590543422, -1.191916584381932, -2.880229350625837, 0.03482483052971894
0.381111194111179, 0.4058587494844294, 0.6522372579807865, -1.1917852385127288, -2.8803025863990364, 0.034886557121731575
0.3811256861794834, 0.4058467602542917, 0.6522521070717042, -1.1918380826191532, -2.8802837869543643, 0.03475377316415072
0.38112689517795123, 0.40585304040179215, 0.6522360935830683, -1.1918333427014767, -2.8803229357789797, 0.03487802613167857
0.3811017465792158, 0.4058144443387908, 0.6522964783323422, -1.1918706730327664, -2.8803204797220814, 0.03467236799167315
0.3811214340720198, 0.40581761488364176, 0.6522791121108585, -1.1918966319905653, -2.8803347728745226, 0.03467800353842313
0.3811364778894254, 0.4058378737019733, 0.6522442390162103, -1.1918978381519045, -2.8803367216747087, 0.03486823845514401
0.38110985880602016, 0.40582554029519996, 0.6522705839835968, -1.1918364347956063, -2.88033336297725, 0.03478498718671759
0.38113842175124946, 0.4058574582519714, 0.6522290501490865, -1.1918460420564445, -2.880253655268996, 0.03486100456159072
0.38111489186714553, 0.4058355796767518, 0.6522634042752427, -1.19187592816714, -2.8802279556339117, 0.03476327833445089
0.38112424280868457, 0.4058408188857373, 0.6522408365430685, -1.1919184287620384, -2.880183916953084, 0.03487098946941613
0.38112257124580434, 0.40584800463671655, 0.6522444670467278, -1.191838391480975, -2.8802339071982326, 0.0348368139487065
0.38112209795092555, 0.40582494876541264, 0.6522476374873499, -1.1918645547183424, -2.8802009231883474, 0.034906485887034634
0.3811168888369259, 0.40583900009098023, 0.6522341574542048, -1.1917799855356928, -2.880239165669989, 0.03498339437083914
0.38111421449379307, 0.40583667542163643, 0.6522439904726737, -1.1918827747457017, -2.880193988533065, 0.034908352573817546
0.3811099730352773, 0.40586897214170575, 0.6522348196759927, -1.1917434235070727, -2.8800923223310964, 0.03481082919701545
0.38110838838954575, 0.4058768311811707, 0.652231011625126, -1.1918083131238646, -2.880155442877282, 0.03483506684653324
0.3811258241149802, 0.40584948543233695, 0.6522421963405314, -1.191890805484934, -2.880163771160454, 0.03480630315164148
0.38113937399113307, 0.40586724561852117, 0.6522178877629649, -1.1918620186627946, -2.880191605831265, 0.034886162835235046
0.3811189768267715, 0.40584420420559075, 0.652252851414256, -1.1918892823303229, -2.880209752868408, 0.03476107983317682
0.38110267750484245, 0.4058510274104611, 0.6522543859940894, -1.1917667481241379, -2.88020453874037, 0.034783841442335484
0.38112962794207084, 0.4058655881342431, 0.6522233133012698, -1.1918584897013236, -2.88018053455779, 0.034883438182754786
0.3811223000029833, 0.40585173291829024, 0.6522340950550856, -1.191844870251673, -2.8801988548089468, 0.034886390700594176
0.3811112332648315, 0.4058297286803831, 0.6522631376753887, -1.1918914875364148, -2.880217061285269, 0.03480013977162583
0.3811189189711825, 0.4058608060542755, 0.6522323628652579, -1.1918061250831218, -2.8802021688011528, 0.034882481462533775
0.3811050587992334, 0.4058487134435153, 0.6522535953816827, -1.1918818611388744, -2.8801914222390375, 0.0348320955525974
0.381124317445595, 0.4058673384467553, 0.6522392397374737, -1.1918577419394105, -2.8802820826714752, 0.03481374865182616
0.3811269899428684, 0.405846901613797, 0.6522394621689738, -1.1918729900434348, -2.8802707234204727, 0.03484969010205115
0.38114047346442664, 0.40584015655908173, 0.6522299089246841, -1.191963445374216, -2.8802473880378536, 0.03494857883889551
0.3811293885770868, 0.405844668290229, 0.6522316412331515, -1.1919165740764615, -2.880279644089623, 0.03495271273428347
0.3811304492260174, 0.4058463936598088, 0.6522270747270662, -1.191898687942793, -2.880284595973735, 0.034970800495151395
0.3811370924413711, 0.40583258729563704, 0.6522417559989967, -1.1919363670874048, -2.880280405155063, 0.0348773026567818
0.38114105280755173, 0.40586350394991055, 0.6522075613014773, -1.1918620202767793, -2.8802925762167257, 0.03502528892189926
0.38112673814776993, 0.4058341653375449, 0.6522481920875637, -1.1918639353454121, -2.8803507339651464, 0.034868229415152864
0.3811159881147211, 0.4058478685986111, 0.6522384056942064, -1.1918656034315662, -2.8803032730359974, 0.034933893449140045
0.38112227247919817, 0.4058600792704778, 0.6522251597588424, -1.1918080170914678, -2.88030915940878, 0.03496739217426582
0.38112924505346496, 0.4058568711162938, 0.6522273850244904, -1.191900309620625, -2.880288900929718, 0.03493388865180459
0.38112348212949393, 0.40583305735495706, 0.6522456087879988, -1.1918890959351358, -2.8803127822018144, 0.034880666644937386
0.3811350867218907, 0.40585183845069456, 0.6522211549164078, -1.1918666534185782, -2.8803057674131773, 0.035009397077712445
0.3811364098625517, 0.40586639221481, 0.6522128267234023, -1.1918514186171671, -2.8803167746252223, 0.034972979671557956
0.38112374573055435, 0.4058397337401318, 0.6522316807380263, -1.1918371556748126, -2.8802819198463756, 0.034981373443365556
0.381096050017101, 0.4058240400890349, 0.6522725897399996, -1.1919119485846008, -2.880321790699902, 0.0348488271120941
0.3811265741255138, 0.405848375656304, 0.6522453637613963, -1.1918260554372888, -2.8803560264466848, 0.034846766968960004
0.3811273399942228, 0.4058557993236435, 0.6522389278111895, -1.1918989872618921, -2.880285928208497, 0.03485671122354768
0.38112667234683617, 0.40583811928924207, 0.6522515439708101, -1.1918230176940203, -2.880348757505119, 0.034806488708548855
0.3811209505503857, 0.4058433557139704, 0.6522585201481967, -1.1918729963680004, -2.8803230857243474, 0.034748795752533077
0.38112193040181325, 0.40582043687828817, 0.6522817636393663, -1.1918930747262466, -2.880325865240434, 0.03465654174206026
0.38111964263542647, 0.4058208295355246, 0.6522875220143444, -1.1918515777686585, -2.880321937325511, 0.03461239559633069
0.3811229283776545, 0.40582400496035503, 0.652291908556577, -1.1919107336239634, -2.8803197491978745, 0.034542949963270474
0.3811143998764501, 0.40581857129558285, 0.6522895281798233, -1.191890312845701, -2.8802679946271614, 0.034603567905159706
0.38111187139584063, 0.40582243874757057, 0.6522769988186776, -1.1918784843082113, -2.880286948778346, 0.034702430735962
0.3811054031896172, 0.4058326783016324, 0.6522795820567983, -1.1918361357380463, -2.8803324373931662, 0.0346906734424145
0.3811184725520951, 0.4058330573336583, 0.6522696593503406, -1.1918614874264952, -2.8802938421588555, 0.03470220273971971
0.3811144696819542, 0.40581661252399037, 0.6522944517850192, -1.191929121222938, -2.8802649744334734, 0.03460794589586632
0.38110979287436514, 0.40582949410862795, 0.6522739361051026, -1.1919167283532304, -2.88028222086304, 0.03472484276249011
0.3811068366210762, 0.4058370792167281, 0.6522708962720745, -1.1918644043668798, -2.8803014431158096, 0.03474293529003158
0.3811148756334187, 0.4058397515967232, 0.6522655172545508, -1.1918773977330739, -2.880283101510067, 0.034739526872974345
0.3811058283258638, 0.4058271872342811, 0.6522831145431598, -1.191892274669809, -2.880271300403451, 0.0346816601409073
0.3811079613338825, 0.40581402385440557, 0.6522941392034747, -1.191867432784918, -2.8803111293247623, 0.03465044320809956
0.38111843442819093, 0.4058189195358143, 0.6522852733905781, -1.1919015790532517, -2.880296987292102, 0.03465044419473702
0.38111364098545364, 0.4058315382131001, 0.6522776215203524, -1.191857599732589, -2.8803362397675802, 0.03469362749823436
0.38111167454895445, 0.40583253604035224, 0.6522708962720745, -1.1919159578185528, -2.8802802508953693, 0.03474316195824869
0.381135363400449, 0.4058234962292833, 0.652267721655113, -1.1919125384092828, -2.880272303014312, 0.03470152813811887
0.3811185195094562, 0.4058065584484435, 0.6522959635455416, -1.1919211089853077, -2.8802957382015033, 0.03459452952044484
0.3811114848946533, 0.4058363428514241, 0.6522674776588776, -1.191855532931619, -2.88027930747998, 0.03473614645251361
0.38109322350098424, 0.4058191523446263, 0.6523013666542451, -1.1918268038103164, -2.8803095843422577, 0.034589615452078726
0.3811105476902656, 0.4058347639849877, 0.6522788149663957, -1.191893265639069, -2.8802731797661143, 0.03466333977257454
0.38110041170791875, 0.40581844104546827, 0.6522926582675891, -1.1918764551899594, -2.8802822940911432, 0.03464479855579254
0.38110885559968205, 0.40582791512860045, 0.6522852733905781, -1.1918852469581975, -2.880304167713553, 0.03465112392191304
0.3811026179839265, 0.40581997722881546, 0.6522884935508962, -1.1918443598835704, -2.8803033993789113, 0.034684125379355814
0.38110452232807757, 0.40580643401224836, 0.6522990937793038, -1.1918896459416974, -2.8803170525334605, 0.03463549720357328
0.3811130259176939, 0.4058222433674626, 0.6522774003131775, -1.1919338751640187, -2.8802749939342527, 0.034724617303273766
0.38110338660277093, 0.40582733523544484, 0.652287165393622, -1.191824662297, -2.880354457436777, 0.034656992286410906
0.3811001440110237, 0.40581599890739634, 0.6522904310785831, -1.1918791003450042, -2.880289302224022, 0.03468458225704821
0.38111821618956515, 0.4058021012352206, 0.652280264547159, -1.1919148607359924, -2.8802286878928753, 0.0347289164876298
0.3811057272504909, 0.405812579675196, 0.6522851869302349, -1.1918420024700054, -2.880297206253946, 0.034738623467377015
0.38111362940023935, 0.40582533368706064, 0.6522671882414233, -1.1918409914915236, -2.8802929948549156, 0.03477524648929782
0.3810862715100514, 0.40579774809020625, 0.652313876211083, -1.1919233547013182, -2.8802505361228627, 0.03464231987294311
0.3811085420341475, 0.40583369939305874, 0.6522702870184881, -1.1918321445889, -2.880271463674077, 0.03476938358118909
0.3810920844722241, 0.40581117726800775, 0.6523071241321302, -1.1918385450748934, -2.8803406566731815, 0.03461741458628113
0.3811048333885108, 0.4058215076520445, 0.652284328617256, -1.1919338632569783, -2.8802753074917757, 0.034725084312822646
0.38109348622563144, 0.4058300450686036, 0.6522895957841957, -1.1918279794598456, -2.880312895846811, 0.03466648973478844
0.3811328200622997, 0.40581326337654106, 0.6522708506918244, -1.1919063958775165, -2.8803084473090568, 0.034747448532170835
0.38110421025291025, 0.4058247097818851, 0.6522667615831081, -1.191800535919657, -2.8802923548125205, 0.03480946729644783
0.3811092198938934, 0.4058162079087273, 0.6522703187670696, -1.1918606812862353, -2.880293129112027, 0.03481602406876108
0.38112335486187426, 0.4058248435043113, 0.6522730779893026, -1.1918693021277504, -2.880315852541214, 0.03470808765980557
0.3811207960979372, 0.4058249049519295, 0.6522652506020422, -1.1918748528419645, -2.8802789933848563, 0.03477525439652146
0.3811034387389484, 0.4058212933081609, 0.6522900200633562, -1.1919134715509552, -2.880275383995376, 0.034685041359826585
0.3810984723796231, 0.4058112985248803, 0.6522855748732813, -1.1919155162927517, -2.8802804317559136, 0.034743164462062485
0.3810956400092936, 0.4058190304110107, 0.6522893059353263, -1.191917476505729, -2.880284512188624, 0.03470699059857901
0.38111129118114007, 0.40581370549488205, 0.6522772021039859, -1.1919187266772089, -2.8802380591075383, 0.03475129860234255
0.3811044377928403, 0.4058104740588144, 0.6522893288584897, -1.191878018039703, -2.8802871692878886, 0.034702440006713624
0.38110962594509895, 0.4058188403184592, 0.6522793608198575, -1.1919123118374946, -2.880270951438503, 0.034721210224393166
0.38110613435858415, 0.4058236430951585, 0.6522736693145292, -1.1918630721055534, -2.880299402105405, 0.03476079322329702
0.3811003105225554, 0.40580383354481825, 0.6522947304263222, -1.1919126160092444, -2.880273141977844, 0.034702900381547
0.3811186743262406, 0.4058214535367369, 0.652274383403263, -1.1919109673615929, -2.8802689470626266, 0.034739083660274124
0.3811053320695819, 0.4058243652406255, 0.6522804630267431, -1.1918786146835096, -2.8802871920562985, 0.03470289447984641
0.3811108764200854, 0.4058167592247692, 0.6522782130198111, -1.1919028545826034, -2.880297939558079, 0.03474562897867076
0.38110787981224664, 0.4058081482915521, 0.6522904767370347, -1.1918868615470273, -2.880260157460534, 0.03467757459875051
0.3811095640098069, 0.4058312385182882, 0.6522687148474612, -1.1918928144020011, -2.880272277902634, 0.034776391952163845
0.3811021698380988, 0.40582133626588535, 0.6522828476996718, -1.1918386193857238, -2.8802884818211245, 0.03471760985026461
0.38111172790040276, 0.405810192193992, 0.6522941621266961, -1.1918797307053102, -2.880293085188846, 0.03464704393329572
0.3810899832117406, 0.40580987418041464, 0.6523049422829231, -1.1918326618173907, -2.880325810306428, 0.03465090333554784
0.3811203275293738, 0.4058241156148822, 0.652270919195199, -1.1918935477694077, -2.880276000489713, 0.034738848884513826
0.38111571308618825, 0.4058146475665917, 0.6522736693145292, -1.1919145278122503, -2.880277973794942, 0.03476057559978655
0.38112941998029337, 0.405809860467967, 0.6522728112282058, -1.1919364857990786, -2.880283452891362, 0.034744720363403696
0.38110354395504353, 0.4058194020175191, 0.6522884706277143, -1.1918314485523303, -2.880321419792141, 0.03468707817535525
0.3810883141288999, 0.40584032599303205, 0.6522877265941536, -1.1917634598758962, -2.8803012568636484, 0.034656792116587495
0.38110429446148913, 0.4058187338990574, 0.6522685163668981, -1.1917931230827123, -2.8803266200303157, 0.03487367525142274
0.3811064664726472, 0.4058097574433057, 0.6522765467716392, -1.1918629361959328, -2.8803003355798236, 0.03485581993954912
0.3811108914876303, 0.40580078423535265, 0.6522791164362031, -1.1919417920405229, -2.8802980728024834, 0.03482597118423156
0.38109849080556213, 0.4058133366848525, 0.6522938951745769, -1.191861396001856, -2.880296495887639, 0.034684354458431814
0.3810988634490231, 0.40581601185559407, 0.6522897759289947, -1.1918903318176777, -2.8802675312355066, 0.03471830191203252
0.38111359125761246, 0.40581119605916616, 0.6522828020674231, -1.1919158628313178, -2.880282034266099, 0.034723946502958465
0.3811227940895951, 0.40580944078957915, 0.6522808189036231, -1.1919417616758006, -2.8802966910826107, 0.03473004657345548
0.3811134675737264, 0.40581104912949334, 0.6522760313553614, -1.1918787957506036, -2.8802901907170453, 0.03477843906896948
0.38109836721043033, 0.40581318988996334, 0.6522871244579216, -1.1919111067354689, -2.8802694549678907, 0.03473998985072883
0.38109184854074885, 0.4058358572344275, 0.6522725444640883, -1.1918496090455672, -2.8803160811862765, 0.0347834014459175
0.38111200712582105, 0.4058147887031202, 0.6522850750760033, -1.1918870431042872, -2.88026007718742, 0.03467757224091851
0.38110549873029254, 0.4058121998944236, 0.6522847625182522, -1.191808135473887, -2.8803132131492952, 0.034719842927095956
0.3811093673317472, 0.40581639239786427, 0.6522771335226027, -1.1918977810449805, -2.8802850519828964, 0.03476079894719258
0.3810517724266402, 0.4057552388923534, 0.6521341431840961, -1.1918274711932961, -2.880237693138805, 0.035047218839125344
0.3807509821958202, 0.4055855789073659, 0.6520135821492115, -1.1911447025726347, -2.8805071628233487, 0.03493561051176494
0.3802248719602229, 0.40540332890175357, 0.6518092902801915, -1.1899624246024156, -2.881114944248714, 0.03484703811423971
0.3796297524175388, 0.4051564519587019, 0.6514239095992351, -1.188438474488693, -2.881696413074732, 0.03490648922533664
0.37888968193948563, 0.40489224786696654, 0.6509241753979538, -1.186849876968605, -2.8825403309040687, 0.034575686890343564
0.3778703888519379, 0.40443981147294644, 0.650428272795715, -1.18462662940753, -2.8835573101361227, 0.03462731294998888
0.37683311407169, 0.4040941343839439, 0.6497011297091874, -1.1817448846745024, -2.884753031236642, 0.03452144724960305
0.37547744160413976, 0.4034350376201481, 0.6491380907653131, -1.1788485476555077, -2.886176708724675, 0.033908543440318885
0.3741436691987393, 0.4029619081892282, 0.648094994893574, -1.1755776219583873, -2.8874692649571845, 0.03450327142355585
0.37249795426467364, 0.40220213105270647, 0.6473460463777155, -1.1717700295406215, -2.889303773769415, 0.033717195773286496
0.37074105100888316, 0.40137834531124655, 0.6463560401572815, -1.1679079762031754, -2.891034155396292, 0.033610391556817054
0.3688506648448604, 0.4006380141343861, 0.6451501637615377, -1.1631500616782895, -2.892964438652389, 0.03369520866784716
0.3667941478697925, 0.39982280346303267, 0.6439156328786406, -1.1584366533686044, -2.895006699536737, 0.03355489781471467
0.3645653537034463, 0.3989348200643104, 0.6425727568747153, -1.1529672726745326, -2.8974184111840895, 0.03341465774948812
0.36204999627358325, 0.39777306606963714, 0.6412144973309808, -1.1470176971114563, -2.8999858486184182, 0.03292912994164289
0.3594694106384035, 0.39663026555536757, 0.6397604734924001, -1.1411313612123777, -2.902511323880364, 0.0326201007879002
0.3567415442131496, 0.3955127088203869, 0.6381126612012769, -1.1346310239670625, -2.9052516022307957, 0.032539335154903114
0.3537865572504878, 0.3942652426078237, 0.6366043937506202, -1.127479613287792, -2.908402492750484, 0.0315314237825513
0.350827320234898, 0.3930405580674676, 0.634605886611708, -1.1205619981435897, -2.9112982141618744, 0.03203501183624894
0.34760977384831704, 0.3916060251964091, 0.6328352209115843, -1.1130253036824644, -2.9144356608846493, 0.03155533142566573
0.34432136475717284, 0.3903044196819085, 0.6308936361602011, -1.1050954776270165, -2.917745595031765, 0.03139361405509121
0.34109613458109594, 0.3888963803269819, 0.6290948556271069, -1.0975176620138507, -2.9209029708981484, 0.03071720867615204
0.33787766957251875, 0.3875050904567742, 0.6271164692760389, -1.0897276264614788, -2.924137151795049, 0.030784631040521208
0.3344468102078901, 0.38609812569378416, 0.6251854974310371, -1.0813834929448174, -2.9274399112699205, 0.030395306630493085
0.33120504486973706, 0.38467874540554314, 0.623410955024365, -1.0740563125481244, -2.930455222817106, 0.02968891472467476
0.32796847409237606, 0.3832733398388346, 0.6214435445744707, -1.0660531287988706, -2.933632907085428, 0.02964506863556026
0.3246668963103613, 0.38192117462712466, 0.6196569396241616, -1.0580972076841597, -2.9367961016380444, 0.02889012493063657
0.32143447007674014, 0.380485952100974, 0.6177391922761193, -1.0505532066923684, -2.9396724103939116, 0.028867225645264567
0.31815719476101334, 0.3791313787591969, 0.6158881285655335, -1.0426531804610886, -2.942844343529978, 0.02824183826166446
0.31475847477948254, 0.37767939296965725, 0.6140367442158375, -1.0346331502831594, -2.945965469342966, 0.02754816566359658
0.3115708680649789, 0.37625357217274075, 0.6120036172199758, -1.0268011121425678, -2.948947033980413, 0.027819090132530165
0.3082394648486822, 0.37491070900162404, 0.6102693036923479, -1.0188965472539295, -2.9520379572888906, 0.026908870254153366
0.305096261202067, 0.37355464936036503, 0.6082586982713745, -1.0111651020325079, -2.954929402908288, 0.027026864448369024
0.30183684149499174, 0.37223118278684525, 0.6063000678919036, -1.003302965946933, -2.9577912521077554, 0.026931283540536297
0.29854041214070964, 0.37082954676767116, 0.6044915360418659, -0.9952012551655937, -2.9608490719908294, 0.026557213710962098
0.29531998049129193, 0.36937518388950413, 0.6026641108096153, -0.9876639319588123, -2.9636509356964558, 0.02594773186961224
0.29187310647967446, 0.3679743426317833, 0.6006720190357016, -0.9791180183009699, -2.966737615124264, 0.025679958296887906
0.28867329320845514, 0.36658311154880424, 0.598819766273656, -0.9715622065387248, -2.9695626957156245, 0.02536494153188803
0.285423703335426, 0.36528666916888747, 0.5969472226461502, -0.9635056508603514, -2.9724173058751098, 0.024708683938029264
0.2821878917836099, 0.3638799077676581, 0.594946810520578, -0.9555412984054039, -2.9752095429430243, 0.025067986552436524
0.27889796437179887, 0.3624514759636828, 0.5931757409585373, -0.9474890040609265, -2.9780499262383757, 0.024417568257776863
0.27564040746019336, 0.36104222439075817, 0.5913796615639786, -0.9395216210846717, -2.9809773608018006, 0.02359963111900497
0.272445260727556, 0.3596658618188099, 0.5893522185990598, -0.9317659031297092, -2.9835757604535362, 0.023930694647323086
0.26917506219521603, 0.3583941757512358, 0.5875043459823328, -0.9237115909911018, -2.986425590206754, 0.02338619334035279
0.2659555339939582, 0.3568877509218542, 0.5856813261315176, -0.9160242811322511, -2.989082038778798, 0.02286551805770972
0.26249196830149835, 0.35545022256825787, 0.5837796839392823, -0.9074464041661156, -2.9919017588529293, 0.022358455769177287
0.2592943045439033, 0.35408854241733934, 0.5817742017413203, -0.8997901354115319, -2.9945357552913334, 0.022483855156980734
0.2560231033264895, 0.3528014318871933, 0.5799677467344003, -0.8916163474593041, -2.997218115968853, 0.021770595544065647
0.252796930156687, 0.3513536374820637, 0.5780372589567112, -0.8837807192531912, -2.999799823975515, 0.02184572735293263
0.24951675458405376, 0.34991339796483073, 0.5762282065276867, -0.8754147865043538, -3.0025826543812415, 0.021175428693551938
0.246195245895115, 0.3485264592786169, 0.5741980277808066, -0.8676474338229234, -3.0049923283113813, 0.021017394518635265
0.24295807794721982, 0.3472160689276067, 0.57237861093719, -0.8594501950297518, -3.0077034877223303, 0.02076384061383413
0.2399446289024865, 0.3458427348266068, 0.5707144790339748, -0.8521142588662787, -3.0100270964442655, 0.020035756868848793
0.23704292969819385, 0.34470867389209847, 0.5689496585541736, -0.8447093642933292, -3.0123152092828382, 0.020225022337247572
0.2343977584634361, 0.3435482629588526, 0.5673715485332583, -0.8385186726112657, -3.0142331806980542, 0.02008742443712739
0.23183566501567876, 0.3424370245618228, 0.565980375578031, -0.8321417525118813, -3.016265937035852, 0.01951752113506735
0.22947465854724683, 0.3415071268729023, 0.564540184123332, -0.826230882384468, -3.0181519670213786, 0.019546245346327176
0.22726936887672444, 0.34045320468593665, 0.563282846381692, -0.8210791295010276, -3.0196384515597234, 0.01932751100222671
0.22518610825977328, 0.339683672428249, 0.5620884624047257, -0.8153848249183543, -3.0213402391277553, 0.018901766848265122
0.22332594268273417, 0.33885317557145656, 0.5609761372979539, -0.8112376116216424, -3.022673284666201, 0.01885783279214121
0.22157307418339253, 0.3380510731151598, 0.5599857347424535, -0.8067291842203802, -3.0241237370949525, 0.018599479676222583
0.21998841442526965, 0.3374598929138122, 0.5590438291395018, -0.8028720870320164, -3.0251662451814036, 0.01841633176776055
0.2185902372833822, 0.3368197842079012, 0.5582877509329945, -0.7994238391881471, -3.0262414017497385, 0.01814333817590894
0.21736849080652162, 0.3363141712798348, 0.5575765162562676, -0.796262872468791, -3.02715393963314, 0.018008855800234196
0.21630572807132023, 0.3358567343318277, 0.5569628624403202, -0.7938725691540566, -3.0279079223077416, 0.01789573051435807
0.21543604912851597, 0.3355143800590402, 0.5563831890329967, -0.7917611647474915, -3.0285417388167395, 0.017904281061644836
0.2146764901886202, 0.3351874081651403, 0.5559727623996448, -0.789541847217131, -3.029226681567563, 0.01775901476890747
0.21408827134722272, 0.3348974909852638, 0.5556823318874056, -0.7882666545720158, -3.0295177008722742, 0.017453019945778765
0.21369085154723344, 0.33477107887483376, 0.5554072332527517, -0.7874447845273974, -3.0297623548096353, 0.01757904614151048
0.21342885051314892, 0.33466684551445025, 0.5552485861810987, -0.7867081936218732, -3.0299806170991985, 0.01769911540429056
0.21333625268965328, 0.3346234472326034, 0.5552134652315901, -0.7865312408332565, -3.0300439002423, 0.017589706553097113
0.21332398939615377, 0.33461426203742806, 0.5551982943480185, -0.786385741017313, -3.0300799310711706, 0.017646729791605663
0.21332344572854395, 0.33461612597680507, 0.5552062892589513, -0.7864559791623208, -3.030051188125511, 0.017589018671340013
0.21331993823781736, 0.3345918799135343, 0.5552057006902618, -0.7864342624016423, -3.0300436768546075, 0.01760739865827639
0.21333255004562365, 0.33460702547981275, 0.5552009207218191, -0.786388987878904, -3.030092794079086, 0.01758957843771362
0.213327290769944, 0.33460539916415344, 0.5551824131946808, -0.7864070881478548, -3.0300863911869427, 0.017664486759552442
0.21330961481611713, 0.3345896932258503, 0.5552271451651275, -0.7863928301731969, -3.0301090745648014, 0.0174232717983639
0.2133173245615466, 0.3345959378428977, 0.5552103316511535, -0.7863773518108037, -3.0301228777642657, 0.01751690117626305
0.2133189756031496, 0.3346216721347259, 0.5551998974420997, -0.7864108480170915, -3.0301015775769624, 0.017535266340372842
0.21330888320252991, 0.33461581470489304, 0.555208967860298, -0.786341362665238, -3.0301330024380775, 0.017498669310347874
0.21330576854537744, 0.33460442711131383, 0.5552005335913316, -0.78636573206763, -3.0300762578392613, 0.017533184141178496
0.21332679712849678, 0.334611966395576, 0.5552055444658729, -0.7864321694466788, -3.030109248969881, 0.017498357917718557
0.21331463897611888, 0.3345943571314845, 0.5552182516059426, -0.7863537170585991, -3.0301061934669247, 0.017440812405403402
0.2133088843281939, 0.33460350565253283, 0.555200496496861, -0.786356352439036, -3.0301156613444022, 0.017535163982760643
0.21331418693107027, 0.3346092390763001, 0.5551927206644117, -0.7863718539678697, -3.0300993128215064, 0.01753437047966518
0.2133141638519598, 0.33461676376732624, 0.555195967612087, -0.7863664903029769, -3.030076984375911, 0.017494937406264635
0.21330874110046147, 0.3346268984144749, 0.5551914138288265, -0.7864057725824509, -3.0300790246216653, 0.017514903472251694
0.21330892811421814, 0.3345951455211086, 0.555216028003884, -0.7863506107124362, -3.0300937084393778, 0.017477618688484037
0.2133188897753124, 0.33461363104297415, 0.5552002706594349, -0.7863989192009083, -3.030130378666167, 0.017498514158516335
0.21329245335972294, 0.33460376447469353, 0.5552184851681534, -0.7862602087113097, -3.030118902620796, 0.01742124207003547
0.2133191978550269, 0.33460978815090625, 0.5552082031315249, -0.7864271346808535, -3.0300880001994206, 0.017421838636273695
0.21331317600563748, 0.3346267770049965, 0.5551823063481619, -0.7863984892732696, -3.0301278071653184, 0.01761156625679539
0.21330329009833798, 0.33460822012950414, 0.5552063324545227, -0.7863696515714573, -3.0300907148819016, 0.01742145442667396
0.2133150169684552, 0.33461180507459587, 0.5552136859972405, -0.7864089548471354, -3.030093258738022, 0.01740329414392285
0.21331079926399155, 0.33460989510389083, 0.5551949462030658, -0.7863753509526631, -3.030112359751255, 0.017479327673227588
0.21331008250603323, 0.3346112458113783, 0.5551960765319642, -0.7863545844013262, -3.030105876525499, 0.017459884538318184
0.21332074377815907, 0.33461517585581524, 0.5551915779608622, -0.78637260213817, -3.0301000224980545, 0.01749612203316569
0.21330571304581109, 0.3346126962141943, 0.5552091691242471, -0.7862992035298217, -3.0301195823917033, 0.01747842216268025
0.21331298936811458, 0.33460899701520513, 0.5551982159381563, -0.7863870576584714, -3.0300834798865712, 0.01751512590267567
0.21331235309871177, 0.33460279985285835, 0.5552063200074209, -0.7863726851569613, -3.0301020831289405, 0.017421737414890875
0.213311139869088, 0.3346108009753941, 0.555220451193079, -0.7864126512157253, -3.0301062217266956, 0.017348250910518004
0.21330653036884986, 0.3346400418226381, 0.5551967900526935, -0.7863609924756866, -3.0301298673153947, 0.017442504980480427
0.21330505237924371, 0.33460656027595664, 0.5552051896518725, -0.7863752602805179, -3.0301134921046886, 0.017441492022456945
0.21330996636059207, 0.33460321168507606, 0.5551983570389412, -0.7863054069542604, -3.0301426455085076, 0.01747961005703606
0.21330787429606407, 0.3346045328619878, 0.5552161182491944, -0.7864205959015905, -3.0301399674246707, 0.01740649013137442
0.21332608624674132, 0.3346133712565789, 0.555192683655644, -0.7864298921218387, -3.0300980280333536, 0.017478270355169537
0.21330916951979154, 0.3346128926489662, 0.5551960395152732, -0.7864177303021396, -3.0301268690707794, 0.017462486879092076
0.21330928757547352, 0.33460858330273957, 0.5551995426764048, -0.7864088231096491, -3.030091495911302, 0.01747809753345298
0.2133180684919963, 0.33461848268121597, 0.555192683655644, -0.7863755457521443, -3.0301122013856063, 0.017478374891266447
0.21331109611406218, 0.33462328473241654, 0.5551926712347915, -0.7863056786405456, -3.030142759657396, 0.01747907294574512
0.2133157298086553, 0.3346229121465691, 0.5551847758169547, -0.7864144010536962, -3.030112835942124, 0.01755408134678549
0.21330497792941502, 0.3346025241796755, 0.5552072612682996, -0.7862868639573856, -3.0301474678445808, 0.017479711363755996
0.21331238908892847, 0.3346077197587919, 0.5551874219670506, -0.7863807139421976, -3.0301342460553338, 0.017535917406066574
0.21331079926399155, 0.33460989510389083, 0.5551949462030658, -0.7863753509526631, -3.030112359751255, 0.017479327673227588
0.21331148009139694, 0.3346044212527533, 0.5552062829904414, -0.786417934646411, -3.030127650734249, 0.017424235319637868
0.21330341831082714, 0.3346170953146178, 0.5551971822522077, -0.7863394835942386, -3.0301228054459814, 0.017442240371601903
0.21332395616037858, 0.3346230749099423, 0.555194693728082, -0.7863508829981949, -3.0301684209935535, 0.017462300667078507
0.21330531861465613, 0.3346036420564943, 0.5551941685574133, -0.7863420982411342, -3.030133937342975, 0.017461381187090102
0.21331327494216823, 0.3346142256398562, 0.5552202622076224, -0.7863608114965485, -3.0301313896753643, 0.01736728399171074
0.21330059515733552, 0.33461982549315483, 0.5552039900970106, -0.7863244253419394, -3.0301402000544773, 0.017405000281002374
0.2133024369718231, 0.3345938627172685, 0.5552065029760802, -0.7862870014338649, -3.0301479722201607, 0.01746031910971736
0.21330608365902332, 0.3346063091862041, 0.5551930934997253, -0.7863598106530651, -3.03012841732473, 0.017498033387117775
0.2133143680485227, 0.3346179690762757, 0.5552060496999783, -0.7863430008197936, -3.0301355296164543, 0.017385832952679602
0.213313132519889, 0.3346302321061567, 0.5551835455316685, -0.7863423394705474, -3.030132912001092, 0.017498677867042314
0.21330956570594836, 0.3346055296551309, 0.5552129086328028, -0.7863396994618619, -3.030123920196695, 0.017385132506892016
0.21330735365274678, 0.33461047802130617, 0.5552116016752336, -0.7863601820591027, -3.0301302272790336, 0.017423437201255148
0.21330205051088247, 0.3346164147003703, 0.5551839927602178, -0.78639069600133, -3.030095471824241, 0.017516455134926306
0.21329732331691134, 0.3346086142814968, 0.5552185555291107, -0.7863064123719373, -3.0301462390755045, 0.017348950390442375
0.21330885114638007, 0.3346118480701139, 0.5551949214972532, -0.786308340394015, -3.030154345251181, 0.017480510902411924
0.2133110119506712, 0.3346151437138312, 0.5552050834876684, -0.7863486279256097, -3.0301589479367617, 0.017387431506946865
0.2132959149277823, 0.33460794425429774, 0.5552072736892449, -0.7863203479503896, -3.030126762118449, 0.017479636271887356
0.21331201521840196, 0.3346149444994431, 0.5551949396850416, -0.7863505014427244, -3.03016778368641, 0.01750001164152562
0.213301756518986, 0.3346201994988317, 0.5551881441853621, -0.7863262530968257, -3.0301485574107803, 0.017536974641071876
0.21331771576579753, 0.33460175608356624, 0.5552128592723988, -0.7864055188856278, -3.030156372541117, 0.01738801666031241
0.21331181257135728, 0.3346054073059211, 0.5552194848950037, -0.7863638328250762, -3.030143429330554, 0.01734932914612009
0.2133044474713028, 0.3346043640710408, 0.5552130850653512, -0.7863397176499379, -3.030124561142606, 0.01736669348880132
0.213304674297434, 0.33460971624050306, 0.5552128715316765, -0.786366391591494, -3.030154493851622, 0.017387738549395543
0.21331046944905757, 0.3346095566019196, 0.555211564735982, -0.7863508039772297, -3.0301696307825727, 0.01742541596393195
0.21330976790572254, 0.33459853996400446, 0.5552163070636446, -0.7863453181303468, -3.0301471758454417, 0.017386522198734967
0.2133121312620039, 0.3346229786124004, 0.5551926589498496, -0.7863085683544125, -3.030154314623465, 0.017479765118307084
0.21331095136890793, 0.3345988405472264, 0.5551987280406339, -0.7863479002899297, -3.030157017905256, 0.0174618170109789
0.21330337839881683, 0.33461791762889453, 0.5551907512908011, -0.7862780365503517, -3.0301871258945194, 0.017481364879245943
0.21331767596326962, 0.33463330242431627, 0.5551790163867945, -0.7863395581030259, -3.030120586928148, 0.01751641937896546
0.21331181914269307, 0.33461035022835733, 0.5552005866556138, -0.786389787649782, -3.0301711345932776, 0.017463619598181598
0.2133097384942491, 0.3346109655285357, 0.5552006112834269, -0.7863478231998526, -3.0301571558736446, 0.017462023026099983
0.21331329838563715, 0.33462322759813196, 0.5551890713063804, -0.7863833812915726, -3.0301455700014452, 0.017556215637372252
0.21331136821502714, 0.3346079679766677, 0.5551995179446634, -0.7863419606410013, -3.030133306921662, 0.01747907226451601
0.21331429941532132, 0.33461398724417263, 0.5551941300392413, -0.7863819209023057, -3.0301369362192743, 0.017424030640707373
0.21331578367970777, 0.3346029131383347, 0.5552214370041474, -0.7863992310211517, -3.03013270475067, 0.017405270400529343
0.2133047481486921, 0.3346054573424222, 0.5552161553503484, -0.7863211178082303, -3.03012828202395, 0.017403883167489673
0.21330877110770416, 0.33461528788800843, 0.5551982878753774, -0.7863425704624152, -3.0301347965434284, 0.017424084377726832
0.21331581194269628, 0.3346152646914445, 0.5552037888918363, -0.786384563427284, -3.0301486118189014, 0.017424725575532242
0.2133127856385703, 0.33461277752115265, 0.5551862040257811, -0.7863424265578491, -3.0301332528153364, 0.017479822818499097
0.21330526705521854, 0.33460041175665656, 0.5552017186756325, -0.7863926429386735, -3.030182307362296, 0.017483912866834535
0.2133033023618261, 0.3346090611987421, 0.5551994627719898, -0.7863814172909896, -3.030136274160036, 0.01746248602156636
0.2133128439621651, 0.3346051565956081, 0.5552073886531527, -0.7863845384509409, -3.030149108828403, 0.01740607750376645
0.21331528704471436, 0.3346096288082743, 0.5552083179856216, -0.7863874639967166, -3.030160645061627, 0.01740676851134375
0.21330384537353297, 0.33461950428665105, 0.5552004225380991, -0.7862961992926835, -3.030182415894624, 0.017481466264518044
0.21329625166198843, 0.3346012275856464, 0.5552155469977169, -0.7863450214352985, -3.0301476897365225, 0.01738639851966058
0.21331808052486131, 0.33461932359536734, 0.5551858140955234, -0.7863323529807823, -3.0301718142877, 0.017519095654392264
0.21332178475412553, 0.3346032859039863, 0.5552006112834269, -0.7864384729000253, -3.0301335607046367, 0.017461917801431272
0.21330658235225922, 0.3346201918060384, 0.5551972003629139, -0.786345128482474, -3.030145582545067, 0.017461531628347942
0.21330963042074857, 0.33461445714367705, 0.5552059300383555, -0.7863082666786813, -3.0301548173329813, 0.017461113414121213
0.21330180482877092, 0.33460769094120535, 0.5552161429292854, -0.7863059923763823, -3.0301447028285518, 0.01740468522746581
0.2132993217865284, 0.33461564722621523, 0.5551995179446634, -0.7862874663383919, -3.030147653942159, 0.017479384497290657
0.21330880904305158, 0.3346193088361438, 0.5551983431003927, -0.7863756423345128, -3.030113431156695, 0.017441493733415296
0.21331761809473132, 0.33460524452886925, 0.5552181779114844, -0.7864025074944281, -3.0301448111023706, 0.01738732274488361
0.2133124496354141, 0.33462402319069745, 0.5551937769683897, -0.7863998807200571, -3.03013146197344, 0.01746163782282466
0.21330996391683538, 0.33460805717090103, 0.5551914981487093, -0.786331975737131, -3.030171491708571, 0.01753869698612322
0.21331238795656335, 0.33462002900217563, 0.5551958934170578, -0.7862930519461275, -3.0301701712868097, 0.017499007369397458
0.2133064303612588, 0.33460723720320296, 0.5552183790835578, -0.7863786711946299, -3.030126977580055, 0.01736759645287146
0.21330961618985253, 0.3346145151961842, 0.5551938463463427, -0.7863444918619171, -3.030144109692115, 0.01751726845851329
0.21331667472744686, 0.3346136463015184, 0.5552038259927088, -0.7863758016220023, -3.0301135889061435, 0.017422429549659404
0.21330838794428317, 0.3345901056466885, 0.5552121804285018, -0.7863837544263449, -3.0301482929008854, 0.017442625595502647
0.2133059158778485, 0.3346140015374555, 0.5552072121872885, -0.7862935080582362, -3.030172153322148, 0.01742462053172645
0.21330491436068297, 0.3346059502958289, 0.5552227562730234, -0.7863029245161608, -3.030133905598471, 0.01736648074700928
0.21330510674228817, 0.3346106001918173, 0.555205025522905, -0.7863541270519919, -3.030106093830462, 0.017459343771616394
0.21330267374502382, 0.33460689177734115, 0.5552095297538363, -0.7863813083268307, -3.030136764279941, 0.017443089174676938
0.21331078781120355, 0.33461060114189556, 0.5552126827935298, -0.7863329275135742, -3.0301747020790204, 0.01740666497385672
0.2133076636002748, 0.33462400548354787, 0.5551847207702129, -0.7863265913129145, -3.0301483512719876, 0.017536767889196673
0.21330095579973715, 0.33461340935456585, 0.555201686452255, -0.7863299966467889, -3.0301629777690944, 0.017425784409203192
0.21330581692962383, 0.3346100266781503, 0.5551972002884136, -0.7863139784743698, -3.03017672155337, 0.017519404624313756
0.21331072945728788, 0.33461822227844995, 0.5551914981613197, -0.7863085314228577, -3.0301543147818597, 0.017480511761144766
0.21331651436410437, 0.3346015691522678, 0.5552062705955837, -0.7863843042310892, -3.0301485335306406, 0.017424519079483818
0.21331342269195191, 0.33460319589951887, 0.5552238250088851, -0.7863694871866302, -3.0301666662822124, 0.017350717680911475
0.2133073688946152, 0.334598110765674, 0.5552152136992309, -0.7863573850208203, -3.0301188791991267, 0.01740388280305608
0.21330645070534368, 0.3346245248478665, 0.5551958687893522, -0.7863171853345228, -3.03018898487509, 0.017500916846494997
0.21330032720127007, 0.33461123989924285, 0.5552117534610913, -0.78631181004813, -3.0301680909436097, 0.017406284333949865
0.2133073628906534, 0.33462291205475025, 0.5551816503602895, -0.7863632698089247, -3.030140008902918, 0.01749968107058212
0.21329637407288857, 0.3345980047161112, 0.5552139064887386, -0.786346604671562, -3.030156629311441, 0.017500473601930657
0.21331121366010208, 0.3346122622231387, 0.5551981418207256, -0.7864408863615904, -3.03014412037443, 0.01751992132610605
0.21330037752463885, 0.3346036986523981, 0.555220634808769, -0.7863536292472364, -3.030182559532156, 0.01738922957173327
0.21332231361695017, 0.334608866618367, 0.5552081661144869, -0.7863631635432063, -3.0301413671158, 0.017423505957690783
0.2133041635303574, 0.3346040214824678, 0.5552294843384473, -0.7863153507237314, -3.030181763465242, 0.017313524927981768
0.21331265196866275, 0.3346170336690072, 0.5551971757090203, -0.7864416542628242, -3.030145470457192, 0.017463233077291637
0.21330917763491303, 0.3346128124296152, 0.5552083426397464, -0.7863453516858336, -3.030146841586982, 0.017405379277562513
0.21330651397276504, 0.33460380711540144, 0.5552009765115398, -0.7863998305317369, -3.0301324559493774, 0.01742434181208863
0.21330995487931276, 0.3346163207793499, 0.5552003979361725, -0.7863383107351173, -3.030196220255438, 0.017482855857789227
0.21329762396096152, 0.3346097075357592, 0.5552216257682423, -0.7862878123350413, -3.030149960354409, 0.017386140354679818
0.21331050313801625, 0.33460871196734737, 0.555218215012732, -0.7863576560914648, -3.0301192900413243, 0.017385233790203833
0.21331370929511356, 0.33460434770914543, 0.5552148114795227, -0.7863867495843744, -3.030159772886094, 0.017444061350354482
0.21330205330048668, 0.33461706282919645, 0.5552138131233811, -0.7863482016108335, -3.0301592733720426, 0.017387842053692332
0.21329681270747314, 0.33461944704893204, 0.5552072245821561, -0.7863452504228352, -3.0301467781551366, 0.0174246507962185
0.2133104192475578, 0.33461709764717157, 0.5552026832421092, -0.7863997348511287, -3.0301319523387735, 0.01744298762284869
0.2133063441855037, 0.33460330442196173, 0.5552084117222781, -0.7863264797555269, -3.0301501509061746, 0.017461218565686602
0.21330453789546053, 0.3346009213090251, 0.5552097184324016, -0.7863420343005628, -3.0301348877830936, 0.017423335166307025
0.2133033746879615, 0.3346013808096641, 0.5552327309443829, -0.7863511490714228, -3.0301720808061967, 0.01733237741806597
0.21330452217229662, 0.3346091647153121, 0.5552183544033812, -0.786330281487035, -3.0301642003625475, 0.01736888283850943
0.2133064303612588, 0.33460723720320296, 0.5552183790835578, -0.7863971101625556, -3.030122261327545, 0.017367701881369334
0.21330960041361702, 0.3346227590365552, 0.5552024820295249, -0.7863508165193117, -3.030168801256103, 0.017462919673126628
0.2133198508697754, 0.3346051806863079, 0.555212670424732, -0.7863721166466481, -3.0301768236959576, 0.01740715679851746
0.21330815777131865, 0.33460075132131617, 0.5552119669816855, -0.7863396643419871, -3.0301239387714998, 0.01738513317731118
0.21330480871475074, 0.3346103164180848, 0.5552093409191377, -0.7862929497098994, -3.030171268828459, 0.01746191474266304
0.21331707795116958, 0.334624379257775, 0.5552033988410608, -0.7864112225103391, -3.0301779177768617, 0.017464414148699148
0.2133134345848098, 0.33460741056507887, 0.5551874095724042, -0.7863655547832635, -3.0301505396584525, 0.017536513313027084
0.21331578725897735, 0.3346029228902832, 0.5552074010480318, -0.7863815861104521, -3.0301373112759014, 0.017405172393243847
0.21331340861585865, 0.33460325448178585, 0.5552117412018349, -0.7864237898080647, -3.030151335586617, 0.017406975786349074
0.21331903569442565, 0.33462245735882057, 0.5551891681104023, -0.7864056298305405, -3.0301545743039613, 0.017463566161823697
0.2133020195604183, 0.33461790745630277, 0.5552071629833542, -0.786341348509267, -3.030209615020858, 0.017428022179038605
0.213297004990863, 0.33460756977238276, 0.5552174374324507, -0.7863423665816295, -3.03013654472916, 0.01736780487804659
0.21331246947023458, 0.33461648927287807, 0.5552045661133396, -0.7863136994712465, -3.0301771093452765, 0.01750054564650802
0.21330298400097564, 0.3346080166160619, 0.5551983447539695, -0.786362777055139, -3.0301405418573033, 0.01748102849465384
0.21330688490777275, 0.33463360356002037, 0.5551947059871917, -0.7864027207090852, -3.030143416558396, 0.017462749280947803
0.21330725163796757, 0.3346023851638131, 0.5552259658364778, -0.7864204851621224, -3.0301404388075768, 0.017387839172119276
0.21331110616971596, 0.33461164566904766, 0.5552138008640936, -0.7863146894697379, -3.030179865764818, 0.017387911925992355
0.21330696514780725, 0.3346136369867337, 0.5552192837357466, -0.7863878016498268, -3.030161773317693, 0.01736988473767978
0.2133045080545673, 0.3346092231592053, 0.5552062705955837, -0.7863119122337211, -3.0301674563756142, 0.017424726417546853
0.21331053909476347, 0.3346012292383249, 0.5552150125865443, -0.786363028679534, -3.030141637766673, 0.01742392040554518
0.21331186315279058, 0.33461439320282066, 0.5552004225380991, -0.7863324691204816, -3.0301728670364505, 0.017481259124409197
0.21330401164735746, 0.33461999749685395, 0.5552070234158543, -0.7862780066121874, -3.030188039426598, 0.017444063740541135
0.21331226540717182, 0.334607052118994, 0.5552170722358498, -0.7863994199409857, -3.0301328200439683, 0.017405478449975368
0.21330245178568846, 0.33461466765235826, 0.555211564735982, -0.7863506896248952, -3.0301699329823486, 0.017425829158444046
0.21330875730202772, 0.3346036751824334, 0.5552215888287086, -0.7863327818364317, -3.0301751923500992, 0.01738801463134948
0.21332141792327067, 0.3345982234897565, 0.5551994381180785, -0.7864051709457137, -3.030154362973562, 0.017463150345538005
0.2133063441855037, 0.33460330442196173, 0.5552084117222781, -0.7863080405290859, -3.030154866380052, 0.01746111322586854
0.21331868142066493, 0.33461728978431426, 0.555200517473897, -0.7863726525114675, -3.0301768966396327, 0.017407366576558947
0.21329619035408892, 0.334625594445221, 0.5552117169604944, -0.7863153881730777, -3.0301812771187064, 0.017350699933135188
0.21330817004996633, 0.3346181182682434, 0.5551771538170015, -0.7863501948504528, -3.0301660634578806, 0.017575560037978655
0.2133052388727154, 0.3346243406167391, 0.5551892803186492, -0.7862959420642713, -3.0301810282990247, 0.01753741244824758
0.21331680243117612, 0.33461502353712613, 0.5551936004671516, -0.7863864284386402, -3.0301574283560924, 0.017538051705886647
0.21329848675702912, 0.3346213072535637, 0.5551971451515273, -0.7863117614399432, -3.030167297514068, 0.017444537344203405
0.2133029481313279, 0.3346038933420706, 0.5552108118100034, -0.7863480777370884, -3.0301586882300957, 0.01740628397200096
0.2133057058270811, 0.3346094002322396, 0.5552268951688035, -0.786350771748698, -3.0301706893234317, 0.01738832153459061
0.2132990888468443, 0.33458683256944594, 0.5552300872738312, -0.7863329664323355, -3.0301767792770393, 0.017331530451268826
0.21332054299782735, 0.33459900076769067, 0.5552062705955837, -0.7864206068057414, -3.0301391113729226, 0.017424518047924838
0.21330875278042075, 0.3346037652022977, 0.555195249649624, -0.7863509983455532, -3.0301691657939687, 0.017444815818571782
0.21330365709747576, 0.334626435724282, 0.5552091075874344, -0.7862908735789099, -3.0301605280867223, 0.017424130046587945
0.21331671057656287, 0.3346061635093995, 0.5552006236782208, -0.7864357679152069, -3.03012197297563, 0.01746142853113053
0.21330445015432517, 0.3346051734661952, 0.5552204707581441, -0.7863687690393605, -3.0301656248402997, 0.017407074734800524
0.21330298400097564, 0.3346080166160619, 0.5551983447539695, -0.7863446994201513, -3.030145165016143, 0.017480925218824515
0.2133120470990818, 0.3346148375943698, 0.5552050712284419, -0.7863695960206544, -3.030165879218247, 0.017388226147025936
0.21331505506497198, 0.3346290436130185, 0.5551892230813993, -0.7863481950372564, -3.0301566161751583, 0.01748067347179509
0.2133201491244304, 0.3346178673300286, 0.5551926589498496, -0.7863994322123584, -3.03013080334613, 0.017479869428995588
0.2133138649099361, 0.33460490863115655, 0.5551952925850137, -0.7863871367660863, -3.03015929570707, 0.017462716081608955
0.21329829686113685, 0.33460431390164, 0.555220659436959, -0.7863662587344654, -3.030154618331667, 0.01738794554205817
0.2133050868423446, 0.3346237893920118, 0.5551947631655059, -0.7862959875717647, -3.030181488712209, 0.017518762991963862
0.2133087432031018, 0.3346037336876759, 0.5552095050997554, -0.7863140504279492, -3.030178540107521, 0.01744385642502006
0.213305995918089, 0.334598158423568, 0.5552195413663733, -0.7863838881686245, -3.030149337818781, 0.01740628091582129
0.21330917763491303, 0.3346128124296152, 0.5552083426397464, -0.7863634292591954, -3.030142218148264, 0.017405482537519123
0.2133101907140353, 0.33459608306757516, 0.5552261422689917, -0.7864207985968347, -3.030140730408341, 0.017368984623000197
0.21330297649160723, 0.3346203035914962, 0.555207035675057, -0.7863662285793803, -3.0301531840547136, 0.017443891827870026
0.2132990850037903, 0.3346110627996829, 0.5552070725699767, -0.786271395662378, -3.0301634815523864, 0.017499361635530366
0.21331626044209218, 0.33460532841658297, 0.5552104220893355, -0.7863927148080089, -3.030182986244137, 0.01744545344418967
0.21332211731662465, 0.3346042721517884, 0.5552138131233811, -0.786402810872895, -3.0301446246277717, 0.017387116951022737
0.21330392945423618, 0.3346111186687086, 0.5552159541782589, -0.7863448718545137, -3.0301465447339067, 0.017424230562559106
0.21331302470688387, 0.3346221181716772, 0.5551981294410786, -0.7863480493498187, -3.0301571068265964, 0.01746202321572912
0.21331463491263278, 0.33461990698350075, 0.5552024696608334, -0.7863356244056731, -3.030184967268917, 0.017463309444617957
0.21331777034672011, 0.33461819912242907, 0.5551969991634508, -0.7863689630162893, -3.0301634150234205, 0.017481258954688828
0.21331534146616649, 0.33461366875928245, 0.5552081537196094, -0.7863663298879398, -3.0301532472114117, 0.017424620893486974
0.21330366493383088, 0.3346025426913909, 0.5552096814932087, -0.7863507667837673, -3.03016979527845, 0.01742562338583543
0.21329723185338975, 0.33460540908427844, 0.5552261054071805, -0.7863383397418581, -3.0301993716421625, 0.01737137492340971
0.21330943430059887, 0.33460986272121784, 0.5552115769952269, -0.786365991458402, -3.0301534525326517, 0.017424827371703474
0.21331301020952406, 0.33460564964729717, 0.5552139896152777, -0.7863121127464662, -3.030168602946036, 0.01736836556797466
0.21331064941897693, 0.3346216620963742, 0.5551948645394221, -0.7863427614903135, -3.030134766074243, 0.017424085234771534
0.21330953204065223, 0.3346063742281786, 0.555206258336379, -0.7863870801965543, -3.030160390555186, 0.017425624245766304
0.21330895157212065, 0.3346165198552021, 0.5552105417709546, -0.7863364382044934, -3.03018738317524, 0.017370274996093275
0.2132989074970961, 0.33461877338042256, 0.5552192837357466, -0.7862967565204495, -3.0301853321529606, 0.01736978171026507
0.21331084333098466, 0.3346023321421006, 0.5552040469143096, -0.7863264214434077, -3.0301500563574386, 0.017461010447114973
0.21330898149579294, 0.33460821794118756, 0.5552139896152777, -0.7863665597126441, -3.030154814460858, 0.017368884366606094
0.21330631431948036, 0.3346116063044267, 0.5552049638520279, -0.7863686681275673, -3.0301642270456353, 0.01746302253145589
0.21330856652138067, 0.3345983530686467, 0.5552097184324016, -0.7863237426071517, -3.030139428661761, 0.017423021935997603
0.21329886361362832, 0.3346147303387899, 0.5552194478717647, -0.7863359974618644, -3.030188221690641, 0.01735203826728659
0.21332095546184535, 0.3345965471481205, 0.5552161059899076, -0.7864233867627015, -3.030151138040448, 0.017406559013700713
0.21331516701926742, 0.33462549700801114, 0.5551959883905819, -0.7863149807645824, -3.0301788849885365, 0.017425212599569934
0.21331549356416118, 0.33461422014255215, 0.5552026708472841, -0.7863843622262827, -3.0301481637511722, 0.017443373452654693
0.21330077994475996, 0.3346128846132142, 0.5552093409191377, -0.7862747245772183, -3.030176066755578, 0.017462018936208343
0.21330916952087622, 0.3346136895318346, 0.5551896086835784, -0.7863383858497751, -3.0301957667824597, 0.01750150766718951
0.21330875730202772, 0.3346036751824334, 0.5552215888287086, -0.7863508595621056, -3.030170568923666, 0.017388117665712896
0.21330905347230877, 0.3346048585221982, 0.5551983201001007, -0.7863504748618299, -3.030168262694342, 0.01748210949738541
0.21330139858049665, 0.3346034510627344, 0.555208538846601, -0.7863381492774228, -3.0301973709623, 0.017445765307533393
0.2133041635303574, 0.3346040214824678, 0.5552294843384473, -0.7864061004735551, -3.030158551936114, 0.01731404206539934
0.21330099363457003, 0.33461743029041474, 0.5552017417097781, -0.7862907581868498, -3.030160105312002, 0.017442780725066397
0.21330587558768074, 0.3346264298527876, 0.5551915162905597, -0.786332500587079, -3.030172679520848, 0.017500322706171342
0.21331346303414842, 0.3346072944218917, 0.5552115769952269, -0.7863842164886233, -3.0301486541938596, 0.0174247231874884
0.2133014199677471, 0.3345948519300513, 0.5552242518585316, -0.7863506667941794, -3.030170764172892, 0.017387577589080466
0.21331172520829714, 0.3346137834764493, 0.5552179891139137, -0.7863328067242752, -3.030174695403174, 0.017406662774554042
0.21329954195432888, 0.33460860891536415, 0.5552009641167226, -0.7863118856201011, -3.030167637899702, 0.017424935951048964
0.21331305428390165, 0.33460969267445184, 0.5552138255183223, -0.7863997768700697, -3.0301332559486758, 0.0173868321564013
0.21330294450575066, 0.3346038834296235, 0.5552248477658916, -0.7863295674558619, -3.030163328697976, 0.01740617556993051
0.2133045494237601, 0.33459314025230225, 0.5552166096965567, -0.7863484205081054, -3.0301599540562196, 0.017350133836460523
0.2133022266615874, 0.33459777115618, 0.5552106474662647, -0.7863499989294797, -3.03016844520807, 0.017482311625108705
0.21330472457780864, 0.33461870181949993, 0.5551938093239912, -0.786316948728911, -3.0301885551330656, 0.017519565521523176
0.21331141037813361, 0.33461274852732903, 0.5552028351003312, -0.786314598703357, -3.0301789459246264, 0.017425210877949095
0.21330490649627798, 0.33460682792617985, 0.5552040222603327, -0.7863686330075123, -3.0301642456210423, 0.01746302320080964
0.21330312468370502, 0.3346092740075945, 0.5552105985421489, -0.7863022299890717, -3.030207046490098, 0.017426910901977732
0.21330460520055566, 0.33459743970936384, 0.5552063073321674, -0.786362390728916, -3.030140456961547, 0.017480819495130792
0.2133052454242241, 0.33461275687621034, 0.555198326055935, -0.7863589233681577, -3.030203013471806, 0.01750251264805192
0.21332277487909407, 0.3346236488124263, 0.5551935387652454, -0.786395959560203, -3.030193657053797, 0.01748345261727405
0.21331315875403464, 0.3346061913672346, 0.5552225426797517, -0.7863843069884815, -3.030149573807475, 0.01738742436135029
0.2133084550948573, 0.33462729430637494, 0.5552112944592026, -0.7863390499927508, -3.0301986278242072, 0.017389819848099355
0.2133051187445514, 0.3346236825537917, 0.5552048946901897, -0.7863331600288079, -3.0301749616357254, 0.017407080542147308
0.21330205330048668, 0.33461706282919645, 0.5552138131233811, -0.7863120462677532, -3.030168520088468, 0.01738763576865203
0.21330652983875534, 0.3345959354071249, 0.5552342071369656, -0.7863514837310362, -3.0301728865152664, 0.017294130132488796
0.21330603368756912, 0.33462700308656784, 0.5551858140955234, -0.7862962975717882, -3.030181446508169, 0.01751951203107438
0.21330423190277853, 0.33460071786353074, 0.555201730908898, -0.7863532357320323, -3.03018009142335, 0.017483013403683915
0.2133019671858457, 0.3346131299316306, 0.5552038458335296, -0.7863140861185802, -3.030177823500126, 0.017481568458173783
0.21331723111435588, 0.3346002184629305, 0.5552051402918478, -0.7863869932007644, -3.0301596401776023, 0.017443858985943406
0.21332001729438008, 0.33461807705145225, 0.5552035754590077, -0.7863569411349579, -3.030192172120472, 0.01744524952112898
0.21330947033383751, 0.3346023799416371, 0.5552083746995166, -0.7863713629070385, -3.0301758003523602, 0.0174635142683778
0.21331369746868106, 0.3346167244882421, 0.5551971633403695, -0.7863538230505788, -3.030180350777972, 0.017463414584065255
0.21330429698073416, 0.3345959989159584, 0.555239714648813, -0.7863276403924525, -3.030154744506456, 0.01727398812076037
0.21330499614494547, 0.3345947629767333, 0.5552144165316663, -0.7863478541022991, -3.0301586106362275, 0.017405330867492776
0.2133058579776345, 0.3346099518444091, 0.5552214123498391, -0.7863145709351974, -3.0301794763354994, 0.017406764953014017
0.21330437348545883, 0.334592615274073, 0.5552242641178831, -0.7863658210499231, -3.0301544587649376, 0.017386783067668953
0.21329953841608806, 0.3346085993026162, 0.555215000191625, -0.786202263035707, -3.0301955766451196, 0.017424307647692625
0.21330890944456585, 0.334604226742837, 0.5552161059899076, -0.7863327364827664, -3.030174732552217, 0.017406664113550144
0.21330469183985099, 0.33459365978796707, 0.555225382202006, -0.7864025388428084, -3.0301455664555785, 0.0173683435121584
0.21331844182126294, 0.3346251146428694, 0.5552045045299316, -0.7863597478615082, -3.0302039989852374, 0.01744615427860697
0.21331170542367534, 0.3346213175613513, 0.5552072002221161, -0.786327875216392, -3.0301523481492745, 0.0173672353319974
0.21330382311687293, 0.33460311618425803, 0.5552039793265299, -0.7863326418377673, -3.0301739402942305, 0.017444915804610925
0.2133033628540745, 0.33461375821546135, 0.555215083083722, -0.7862636280134211, -3.030206621185616, 0.017351419237760773
0.213300847987332, 0.3346052947511536, 0.5552162700405632, -0.7863722244843453, -3.030177831612978, 0.01738933607848976
0.21331564020267138, 0.3346154995615908, 0.5552147054514349, -0.7863780485230059, -3.030200779951455, 0.017390310762445287
0.21331416561059616, 0.3346060019315785, 0.5551983630003061, -0.7863504576706484, -3.0301676387617023, 0.017499803630917306
0.21331699568562187, 0.3346155004624249, 0.5552123296966899, -0.7863508202786081, -3.030168970600739, 0.017443855446427885
0.2133042860639433, 0.3346169990434793, 0.5552083056168546, -0.7862812929601333, -3.0302006244562887, 0.017407467110107787
0.21330275595286083, 0.3346157704667222, 0.5552005990242854, -0.7862779260797359, -3.030187597947746, 0.017462713881893344
0.2133218434459745, 0.33462048826462276, 0.5551880131482143, -0.7864325959055081, -3.0301843058423517, 0.017484408299372443
0.21331589194086448, 0.3346118248742476, 0.5552004225380991, -0.7863687719861353, -3.0301634454976654, 0.01748125809385427
0.21330991091783785, 0.3346122778046471, 0.5552005620797861, -0.7863233179385769, -3.030212980547777, 0.017464804437647613
0.21331636240262133, 0.33461342075639966, 0.5551960576905226, -0.7863689278958859, -3.0301634335984877, 0.01748125962440914
0.21331078781120355, 0.33461060114189556, 0.5552126827935298, -0.786314488190426, -3.03017941779464, 0.017406559874231897
0.21331223589094866, 0.3346194777054209, 0.5552013762701667, -0.7862750195485573, -3.0301752545283382, 0.017480254822640255
0.21331168397852157, 0.3345896184044716, 0.5552308281650018, -0.7863022428563798, -3.0302085580467963, 0.017350946803580562
0.21331480238579614, 0.33460809109354117, 0.5552005990242854, -0.7863508604894955, -3.030168535662691, 0.017462507779837027
0.21331618042114997, 0.33460876815665364, 0.5552137884952744, -0.7863904287801584, -3.030172775123009, 0.017388817552182596
0.21329952191641152, 0.3346210011712022, 0.5551971328923971, -0.7862784956857026, -3.030188098347568, 0.017445022631099833
0.21330282044343726, 0.3346081709427468, 0.5552215642263624, -0.7863384768951774, -3.0301987192420397, 0.017389817262364594
0.21331623945860528, 0.33462517146346044, 0.5552081046720733, -0.7863547172488866, -3.0301826015811195, 0.017369426350095765
0.21330460228661002, 0.3346057250156024, 0.5552149879323595, -0.786368723723234, -3.0301651652076926, 0.017425724228263145
0.21330533532777124, 0.33461663446771706, 0.5552203772299522, -0.7863209928044327, -3.030204207088043, 0.017352419087727635
0.21330381167513401, 0.33460382183185156, 0.5552217161084577, -0.7863263749097341, -3.0302270339239894, 0.017372456578327485
0.21330771429598303, 0.3346048589011266, 0.5552028672973363, -0.7863410032608152, -3.0302079398121307, 0.017483554441183716
0.2133137814088658, 0.3346083389580148, 0.555212695052796, -0.7863844176618814, -3.0301491021530844, 0.017406075305431767
0.21330269751086597, 0.3346068650922226, 0.5552073581517354, -0.7862909192495593, -3.0301613976237127, 0.017387373452823963
0.2133073336759004, 0.3346071400963434, 0.5552292832643618, -0.7863936675696376, -3.030185935263845, 0.01733397519648407
0.2133081302476213, 0.3346016179340863, 0.5552050973705408, -0.786368965560513, -3.030165014243176, 0.017426267853510313
0.21331197729439996, 0.3346109235887151, 0.5551948844748088, -0.7863535846370201, -3.030179902708628, 0.017482809242213883
0.21332069423750236, 0.3346242641378578, 0.5551935633409666, -0.7863355555982299, -3.0301843937898014, 0.01748175086496578
0.2133252880828982, 0.3346239168695093, 0.5551856678641716, -0.7863895022333615, -3.0301684789051624, 0.017556448673894307
0.21331219151123756, 0.33462783740336566, 0.5551858444764284, -0.7863534323254546, -3.0301786244097206, 0.017538214216225593
0.2133070767936526, 0.3345941476774552, 0.5552143919035963, -0.7863717413678621, -3.0301772123877035, 0.017406824056055845
0.2133022557498868, 0.3346100731355267, 0.5552172116916315, -0.7863357424805325, -3.0301871524965605, 0.017389127512419635
0.213304037601763, 0.33460762716580383, 0.5552106354035222, -0.7863117563241463, -3.030167468272435, 0.017424724888723517
0.21330380490859527, 0.33459533982228323, 0.5552132616121644, -0.7863563854268286, -3.030193070180136, 0.01742626654074482
0.21330606796265728, 0.334614552924351, 0.5552017293149628, -0.7863299798022998, -3.030162354733803, 0.017443478310468327
0.21330639635228454, 0.33460395787184966, 0.555223976864964, -0.7863753490374412, -3.0301906582934053, 0.017333872542396166
0.21330695102992658, 0.3346136954303956, 0.5552071999280741, -0.7863509929343412, -3.0301697462294253, 0.017425623576451818
0.21330686683438144, 0.3346055539647737, 0.5552196120967877, -0.7863028320502312, -3.0302092333005297, 0.017333460826263275
0.21331384913412993, 0.33460074893987124, 0.5552196243302867, -0.7863727288600761, -3.030178790808712, 0.017332770338167033
0.2133171316365619, 0.33461684763456484, 0.5551982445886187, -0.7863262059083889, -3.030224918044482, 0.017446641731040706
0.21331590611987966, 0.3346117666453722, 0.5552125062682933, -0.7863690642251103, -3.0301648139576596, 0.01742531122139125
0.21331131265586953, 0.33461623708123406, 0.5552081537196094, -0.7863300271439378, -3.0301626687188756, 0.01742462192503932
0.21331980692650174, 0.3346135408124994, 0.5551971387645835, -0.7863959351023283, -3.030194154291225, 0.01746480427453908
0.21331696927978894, 0.33461140864902406, 0.5552105417709546, -0.7863727083019608, -3.030177834651159, 0.01737006813253787
0.21331062155500471, 0.33461010803682906, 0.5552060818835428, -0.7863869140422821, -3.030159924073377, 0.01744427153196087
0.21330892467578577, 0.3345967825602003, 0.5552005559507881, -0.7863739606774462, -3.0301864291945275, 0.017502996316667283
0.2133080405029308, 0.3346174292628184, 0.5552070234158543, -0.7862962318340179, -3.0301832415456285, 0.01744395966338132
0.21331134868559462, 0.3346087542906942, 0.5552049514833254, -0.7863353982535337, -3.0301850163163344, 0.01746330925221169
0.2133077080546412, 0.33460403980696857, 0.5552095173589692, -0.7862930827445725, -3.030171608176753, 0.017443061228114044
0.21330548154745424, 0.3346049227648955, 0.5552083746995166, -0.7863533181975616, -3.0301805512493023, 0.017463617206424337
0.21330650786519825, 0.3345960749564908, 0.5552098201706417, -0.7863870538886307, -3.0301608881487194, 0.017406976121280997
0.21330218579163052, 0.33461840054215364, 0.5552137639191531, -0.7862689220107327, -3.0302291071190046, 0.017390311431024333
0.21330221550015488, 0.33460597442115786, 0.5552294597358884, -0.7863029355370588, -3.030209786088508, 0.017315018323786333
0.21331670406036457, 0.33458682508945176, 0.555218732094863, -0.7863775094932439, -3.030200147547833, 0.01740780073955019
0.21331703488354092, 0.3345956240417205, 0.5552107871819787, -0.7863536070681572, -3.0301815767978453, 0.017407053150763647
0.21331086244653363, 0.33461540188447475, 0.5552179521689161, -0.786359646140446, -3.0302050948989665, 0.017409060105116805
0.21329840715736656, 0.33461307533806195, 0.5552358964846914, -0.7863361331993703, -3.030189598491081, 0.017296089474152277
0.21330961944166116, 0.3346268947402707, 0.555177886305174, -0.7862744933353106, -3.0301725869011835, 0.017593845539005983
0.2133110444628865, 0.33460765138397536, 0.5552159171552473, -0.7864262397315844, -3.0301627263344493, 0.017426526876798628
0.21331070772734412, 0.334614040804098, 0.5552160493035988, -0.7863306406779974, -3.0301644906692746, 0.017350029524025562
0.21330381563034956, 0.33461540304464266, 0.555212670424732, -0.7863357322088393, -3.030186674421528, 0.017407776413553323
0.2133026038784142, 0.33461521909091296, 0.5552060818835428, -0.7863144887290988, -3.030178719642638, 0.017444272562405643
0.2133059959588037, 0.3346105617222069, 0.5552038458335296, -0.7862596382075963, -3.0301916089698913, 0.017481050090149122
0.21330472452619864, 0.33460217498031103, 0.5552217528923282, -0.7863178224217756, -3.0301920794187227, 0.01737016882660675
0.21329624419558138, 0.33460976809571474, 0.5552119176213207, -0.7863147188123583, -3.030180286675885, 0.017388535583390385
0.21331812448788176, 0.33459935782625744, 0.5552106107755207, -0.7864626302130946, -3.0301531829928297, 0.017426322189055474
0.21330630616964577, 0.33461168640631833, 0.5551926608465222, -0.7863868134493666, -3.0301581247299, 0.017519820525417874
0.21330413396383832, 0.3346164475794427, 0.5552137884952744, -0.7862813383979605, -3.0302010841626834, 0.017388817552190402
0.21330129237344891, 0.3346192611504108, 0.5552082933834823, -0.7862298014712218, -3.030226222629733, 0.01740805700954858
0.21329574364774037, 0.3346164739797962, 0.5552128346701751, -0.7863205963307361, -3.030203620470444, 0.01739012977601245
0.21331400155978253, 0.33461782694420583, 0.5551861975618425, -0.7863718097610295, -3.0301748072635273, 0.017500816602624845
0.2133134549826153, 0.3346196159665465, 0.5552060127607529, -0.7863515534433428, -3.0301704841815518, 0.017388122444896577
0.21330631431948036, 0.3346116063044267, 0.5552049638520279, -0.7863144347685187, -3.0301780965002796, 0.01746271338228668
0.21330003859007932, 0.3346142965324438, 0.5551983876541557, -0.7863082325740725, -3.0301541378165386, 0.017498827408535717
0.21330101418027356, 0.334605787683657, 0.5552228709889029, -0.7863359539719403, -3.0301880778509847, 0.017351830555936875
0.2133151053552372, 0.3346215028711915, 0.5551981048132876, -0.7863173408756811, -3.0301896708935936, 0.01746320597781215
0.2133094201210527, 0.3346099209501533, 0.5551994932649076, -0.7862930271196137, -3.03017066893167, 0.01748035933066038
0.21330987479839167, 0.3346197605945494, 0.555203764263918, -0.7863721808454912, -3.030176762764907, 0.017426425810520594
0.21330431577787554, 0.3346211001857408, 0.5551960576905226, -0.7862779157611995, -3.0301871192135366, 0.0174813626792315
0.21331302056975152, 0.33461053728991214, 0.5552071753259776, -0.7863386912475253, -3.030197467485717, 0.017426705097424108
0.21330781188168849, 0.33460057338077515, 0.5552039793265299, -0.7864052812307034, -3.0301552268175413, 0.017445123955671285
0.21330180473913443, 0.33459601793974836, 0.55525152709361, -0.786332650671289, -3.030177217746096, 0.017312874322497538
0.21331110533799605, 0.33459157940651246, 0.5552143919035963, -0.7863172938180281, -3.030191000265059, 0.017406306334003224
0.21330394024870306, 0.3345834356620844, 0.5552374652016054, -0.7863893990255436, -3.0301735442111912, 0.017370369846413866
0.2133063729080696, 0.33461148223825127, 0.5552272241024627, -0.7863699838564234, -3.030168326853354, 0.01729444092013018
0.21329818019122349, 0.33460006075672527, 0.5552210051950268, -0.786314720929569, -3.0301806211744102, 0.01736893217730512
0.21330141662989516, 0.33461497374685306, 0.5552115769952269, -0.7863297217569976, -3.0301630013769514, 0.017425034706750126
0.21330383116202514, 0.3346030357229261, 0.5552162824093936, -0.7863690910278853, -3.030166079137675, 0.017388428962788846
0.21331105965558825, 0.3345952840341485, 0.5552195291070656, -0.7864050036847426, -3.030156094235491, 0.01740686829946074
0.21329837909103105, 0.33461319281573765, 0.555211728833047, -0.7863174718116437, -3.0301914909814496, 0.017407881035580317
0.21331176849280456, 0.3346013642641028, 0.5552196489585438, -0.786403073455456, -3.0301463180220582, 0.01733158666808756
0.2133136248642502, 0.3345962061103234, 0.5552272235037342, -0.7863931842020295, -3.0301852980016317, 0.017352209703280025
0.2133019681866086, 0.33459296349503204, 0.5552164758463985, -0.7863350520591087, -3.030185684645688, 0.017444864495007064
0.21331074378958342, 0.3346065581273117, 0.5552128469035895, -0.7863540906810744, -3.030182215492641, 0.01738881925052607
0.21330623422761225, 0.3346150460811849, 0.5552083302448573, -0.7863848207012504, -3.030149299697109, 0.017406492517330386
0.21329940978021764, 0.33460052322664363, 0.5552172359146784, -0.7862622661953962, -3.0302044062228735, 0.01744540288108978
0.2132983724904354, 0.3346247768625574, 0.5552026832421092, -0.7862541289265529, -3.0301695997951152, 0.01744277902251457
0.21331032694375332, 0.33460903676096, 0.5552027922501097, -0.7863512801389546, -3.0301700551081936, 0.017407517720206534
0.21331362950923086, 0.3346243140131816, 0.5551902339912187, -0.7863835906776965, -3.030146036521885, 0.01753682186797694
0.2133027261980789, 0.33461166918431096, 0.5552128469035895, -0.7863178205660832, -3.0301917639315783, 0.017389026121864264
0.21329654008231622, 0.3345981702953794, 0.5552289128964241, -0.7863124435305613, -3.030170886162376, 0.017293648356128073
0.21330011277451613, 0.33460672892847326, 0.5552050973705408, -0.7863507734819102, -3.0301699398489914, 0.017426578005282717
0.213312894043107, 0.3345976154466679, 0.5552162700405632, -0.786408280342336, -3.0301682004088213, 0.017388920281626793
0.21330807656683692, 0.3345975431244311, 0.555219516738226, -0.7863716201640807, -3.0301771865833387, 0.017407567812372435
0.21331012329815338, 0.3345884622337021, 0.5551989094367804, -0.7863890615549233, -3.0301696832852656, 0.017519357141971906
0.21330762386289454, 0.33460830177733114, 0.5552062337343021, -0.7863748449415642, -3.03018836667218, 0.01742711704138897
0.21331737197026668, 0.33462059439079683, 0.5551992474726142, -0.7863483979385278, -3.0301573800219224, 0.017443167997329638
0.21330968059701472, 0.3346069160114422, 0.5552148114795227, -0.7863866022221847, -3.030159947877306, 0.017444268473279293
0.2133098504028387, 0.3346074187681434, 0.5552073763939266, -0.7863511260433903, -3.03017008539649, 0.017406770211142637
0.21331820281433375, 0.3346157740191434, 0.5551925791568934, -0.7864083578674304, -3.0301662751914153, 0.017464264005457645
0.2133113628249658, 0.33460869592399317, 0.5552170352127739, -0.7863356907212152, -3.0301863843840042, 0.01740736215164105
0.21330897351817546, 0.3346090953195836, 0.5551952556406359, -0.7863415167529717, -3.030208364137437, 0.017464909354795822
0.2133083446467332, 0.33461853194804136, 0.5551960576905226, -0.7863145803544488, -3.0301776058698713, 0.017481363709792162
0.21330874865528499, 0.33459593059920484, 0.5552166158252914, -0.7863931123977133, -3.0301850387820637, 0.017370322222604213
0.2133069809206165, 0.3346053935403243, 0.5552106477984108, -0.7863449595993637, -3.030146424074936, 0.017424026231342173
0.21331074378958342, 0.3346065581273117, 0.5552128469035895, -0.7863721684498491, -3.0301775919424045, 0.017388922171902046
0.21330245178568846, 0.33461466765235826, 0.555211564735982, -0.7863326118672584, -3.030174556269989, 0.017425726118333734
0.21329909143588902, 0.33459947865279477, 0.5552161178837046, -0.7863166601275067, -3.030189997056061, 0.017464361765016083
0.21329577376658243, 0.3346081720411675, 0.5552162824093936, -0.7862418900489251, -3.030198883218054, 0.017388119864426718
0.2133065519287148, 0.33458851166724407, 0.5552189207364148, -0.7863200469921459, -3.030203208239146, 0.017388556171390672
0.2133131446557938, 0.3346062498729459, 0.5552104589506741, -0.7863478599696178, -3.030157452865541, 0.017443164748518265
0.21330520922919996, 0.33462023971706084, 0.5552015281879156, -0.7863354750744177, -3.03018528859929, 0.017463722895423747
0.21331230378318553, 0.3346118879490883, 0.5552083056168546, -0.7863175631477056, -3.0301910763191793, 0.01740726022794536
0.2133085172640436, 0.334607441160377, 0.5552117042569881, -0.786323575879527, -3.0302143668446897, 0.017408857568479475
0.21330785850836115, 0.33461277623126845, 0.5552247542316558, -0.7862815767359885, -3.0302018289481962, 0.017351311564305954
0.21331121426150115, 0.33460815411485706, 0.5552084820957118, -0.7864088413703527, -3.0301682401425505, 0.017389131600879244
0.21330278796478658, 0.3346034222912918, 0.5552039915857014, -0.7862932347997248, -3.0301717239256463, 0.017444015720102016
0.21330117215808195, 0.33462288791660655, 0.5551892251420778, -0.7862988776357718, -3.0301933231143647, 0.017520417013152965
0.2133113628249658, 0.33460869592399317, 0.5552170352127739, -0.7863718463157725, -3.030177137531073, 0.017407568004339347
0.21330126779810338, 0.3345943002526499, 0.5552297346704026, -0.7862961172972737, -3.0301851862841076, 0.017368616940382834
0.21331541234849805, 0.33459008103529475, 0.5552155099746601, -0.7864082126559759, -3.030168111038802, 0.017387969151656874
0.21330199902033478, 0.33461302286155087, 0.5552139773559788, -0.7862970248189979, -3.0301851643916375, 0.017369576821562243
0.2133066185433435, 0.33460030600903956, 0.5552096937524341, -0.7863478435593625, -3.0301581130657103, 0.017424725558439543
0.2133128439621651, 0.3346051565956081, 0.5552073886531527, -0.7863845384509409, -3.030149108828403, 0.01740607750376645
0.21329730697548122, 0.3346333847836508, 0.5551992474726142, -0.7862576332125568, -3.030181274882726, 0.017443686874062062
0.21330693534588763, 0.3346260627069494, 0.5552035876923264, -0.786281116332988, -3.030199679467591, 0.01744476334208823
0.21329980087832714, 0.33461791264647084, 0.5552247542316558, -0.78635431599666, -3.0301834989657412, 0.01735214103844443
0.21331190510731085, 0.33462668617428865, 0.5551948579774003, -0.7863180928983915, -3.030190142294538, 0.01744476743341364
0.2133127718628428, 0.3346011653966554, 0.5552095050997554, -0.7863687926593047, -3.0301644029958728, 0.01744396050292166
0.2133090458041867, 0.3346130217123712, 0.5552192591333993, -0.7863570946693893, -3.0301943382600465, 0.017371066175579424
0.21330698572621656, 0.3346185216534385, 0.555212469323452, -0.7863594530843294, -3.0302048101414347, 0.01742791624720743
0.21329577376658243, 0.3346081720411675, 0.5552162824093936, -0.7862784073084872, -3.0301895448820755, 0.017388327991264066
0.21331622449463827, 0.33461281118150465, 0.555213624325841, -0.7862965929558896, -3.030183847653596, 0.017406249053721377
0.21331880537705075, 0.3346054898917297, 0.5552126827935298, -0.7863872750740499, -3.0301605297542062, 0.017406560904625657
0.21332548636004423, 0.33462430351280226, 0.5552024003603484, -0.7863907674941937, -3.030172108683631, 0.017407262311606008
0.21331077364263695, 0.33461065940899387, 0.5552005990242854, -0.7863868686498164, -3.030159464159105, 0.01746292101193387
0.2133107151259648, 0.3346182799873782, 0.5551794143893356, -0.7863447565502093, -3.0301436069471945, 0.017536666798955314
0.21330886542607655, 0.33460018373914885, 0.5552162700405632, -0.7863538996499349, -3.0301822459666883, 0.017388818389281305
0.21331126838900252, 0.3346245970228064, 0.555192621927432, -0.7863903629833352, -3.030170660839758, 0.017482477277186825
0.21330883908125486, 0.33459248783899825, 0.5552132492695072, -0.7863592714584446, -3.0302046132434386, 0.01742675957520309
0.21330341500214453, 0.3346054795729044, 0.5552204830174615, -0.786311645666806, -3.030167940031818, 0.017406073949369428
0.21330838082623932, 0.3345986461566124, 0.5552085510799418, -0.7863353735594386, -3.0301855135627846, 0.01744466105203232
0.21331162680679402, 0.3346057004852681, 0.5552183175417241, -0.7863205093183286, -3.03020356929708, 0.01737065356055145
0.2133127718628428, 0.3346011653966554, 0.5552095050997554, -0.7864233872765103, -3.0301504398886627, 0.01744427170240332
0.21331077364263695, 0.33461065940899387, 0.5552005990242854, -0.7863507131603995, -3.0301687107875908, 0.017462714912388374
0.21331772279993116, 0.3346141467075855, 0.555211199296422, -0.7863896933955306, -3.030170946111509, 0.017463408292246435
0.2133090860067005, 0.33461712009474226, 0.5552070110471204, -0.7863356679147694, -3.0301855734265217, 0.01744486644406466
0.2132967808765813, 0.33460302690784854, 0.5552250365804036, -0.7863631834520689, -3.030142959868334, 0.017387246064175976
0.2133105891209725, 0.33459368790224325, 0.5552238938554653, -0.786368692430578, -3.030165353392839, 0.01740666069319373
0.21330710311469994, 0.33461424681716917, 0.5552017170558001, -0.7863690253192669, -3.030164663093134, 0.01744437610594467
0.21330699113025106, 0.334617793460422, 0.5551949519441197, -0.7863657226061256, -3.0301517335022035, 0.017499629120577297
0.21330677248870036, 0.3345930444891783, 0.5552253575737282, -0.7863899099305733, -3.030173507819605, 0.01736962784414738
0.2133066185433435, 0.33460030600903956, 0.5552096937524341, -0.7863659212183335, -3.0301534896831748, 0.017424828710948595
0.21330566184986272, 0.3346053572047065, 0.555227059291766, -0.7863357794407209, -3.0301874493419776, 0.017370269545265098
0.2133005531454128, 0.3346207499124368, 0.5551850367136923, -0.7862446043366126, -3.0302077382834267, 0.01750146030717253
0.2133085172640436, 0.334607441160377, 0.5552117042569881, -0.7863597318101048, -3.0302051201487235, 0.017409062974087657
0.21330270185231603, 0.33460677445111636, 0.5552336972500432, -0.786363451354805, -3.0301442134632324, 0.017331090743368655
0.21331172874042809, 0.3346137930672613, 0.5552039531578785, -0.7863513170736104, -3.030170054924672, 0.017406771071418824
0.21331140684618805, 0.3346127389364624, 0.555216871056366, -0.7863687609160016, -3.030165000711357, 0.017425516807063574
0.2132948907152468, 0.33460902963904054, 0.5552108118100034, -0.7862935497611938, -3.0301729073532746, 0.017406389181895642
0.2133023137237501, 0.33461405746939, 0.5552291313489802, -0.78636946577525, -3.030167042548145, 0.01735133775043535
0.2133034610695195, 0.334621841235133, 0.555214754655702, -0.7863301590737104, -3.0301638782097378, 0.017387738242170225
0.21330287611336832, 0.3345999020914836, 0.555212928236749, -0.7863142540340392, -3.0301786056009647, 0.017444063719921132
0.2133027261980789, 0.33461166918431096, 0.5552128469035895, -0.7863358983912068, -3.030187140598483, 0.01738912904201404
0.2133068129731752, 0.33462961243112227, 0.5551968225715141, -0.786350457615145, -3.030168049829275, 0.017500423563911727
0.21331102613867067, 0.3345961287012428, 0.5552128790844604, -0.786398150605929, -3.0302064355750336, 0.017447050058724562
0.21330247766395363, 0.3346022972987215, 0.5552151765981065, -0.7863479218275121, -3.0301587001293964, 0.01740628244387422
0.21330810220799934, 0.33460902007406285, 0.5552206030046579, -0.7863277311593496, -3.0301532984301818, 0.017330682350947053
0.21331027869596111, 0.33459715879491775, 0.5552243225801261, -0.7863238074223377, -3.0302166505604173, 0.017314661571491842
0.2132963628437842, 0.3346062079747207, 0.5552327185753957, -0.7862995402020805, -3.030197970067875, 0.017333180471357307
0.2133093494928184, 0.33460582966290425, 0.5552136487270174, -0.7863502373760761, -3.0301687285596883, 0.017463456239861754
0.21330042144628356, 0.33460774165700785, 0.5552204707581441, -0.7862597933473368, -3.0301936311786584, 0.017406661553380078
0.21331318681868958, 0.33461103036963746, 0.5552137762618503, -0.7863750940342491, -3.0301891281728017, 0.017389613007024483
0.21331665091226235, 0.33461036413853085, 0.5552094236873968, -0.7864086624036, -3.030168139455395, 0.017388922003850324
0.21330199902033478, 0.33461302286155087, 0.5552139773559788, -0.7863331803256796, -3.030175917723245, 0.017369782877543972
0.2133082463712481, 0.3346104490570359, 0.5551963860146166, -0.7863387994945278, -3.030197141692857, 0.017445562559814196
0.21330592985160357, 0.33463046976374455, 0.5551913519706865, -0.7863113669908618, -3.0301652804872776, 0.01751817503932285
0.21331093179438101, 0.3346112327694794, 0.5551948968434263, -0.7863325880908077, -3.0301728553027054, 0.017482007303098946
0.21330184096122115, 0.33460020819830905, 0.5552129404959837, -0.786420191624469, -3.0301392180090625, 0.017443992903073486
0.2133110920122056, 0.3346117039745732, 0.5552017170558001, -0.7863509144925835, -3.0301691589404376, 0.01744406697051486
0.21332389362182097, 0.3346025536791944, 0.5552247542316558, -0.7864087119182729, -3.0301687691908596, 0.01735120864911047
0.2133069809206165, 0.3346053935403243, 0.5552106477984108, -0.7863268819837382, -3.030151047335726, 0.017423922966266686
0.21331606167724132, 0.3346123273695344, 0.5551929873408127, -0.7863875291329884, -3.0301597133856117, 0.017444069000144568
0.21331329676468427, 0.3346068012933448, 0.5552049761111997, -0.786347814620365, -3.0301569926534055, 0.017461814141311496
0.2133075558587743, 0.3346158914596063, 0.5551993045326179, -0.7863142230619591, -3.030177169396567, 0.017500010111105982
0.21330408783813626, 0.3346000859310705, 0.555219516738226, -0.7862628245035073, -3.0302051455145427, 0.01740715404563562
0.21331100038340942, 0.3346160116113325, 0.5552003855936344, -0.7863593074254159, -3.030203267636187, 0.01748365735558281
0.21331150876454805, 0.33462083146467153, 0.5552025066834994, -0.7863449745793841, -3.0301454482610897, 0.01746132288565209
0.21330795788553952, 0.33460110269682697, 0.5551987157815119, -0.7863867984101608, -3.0301595013106186, 0.017462922350772323
0.21331059165791633, 0.33460600660418066, 0.5552183297751901, -0.7863541361018238, -3.030182675089978, 0.017370169687725524
0.21329894760145945, 0.334622871764574, 0.555207035675057, -0.7862568916383177, -3.0301812822182024, 0.01744347611202505
0.2133143844324561, 0.3346112726496343, 0.5552082810408374, -0.7863779677499422, -3.0302003389373153, 0.017408961135105688
0.21330676905730112, 0.33462556944669725, 0.5551969867948116, -0.7863354646913321, -3.0301848100948203, 0.017482371776931224
0.21329747145875888, 0.33461411153987763, 0.5551941745665159, -0.7862596203099954, -3.0301919542706255, 0.01748146810313362
0.21331673520206884, 0.3346185052546072, 0.55519701142256, -0.7863479953930584, -3.0301564832862073, 0.017480463719111425
0.2133131568487269, 0.33460692868438957, 0.5552260242957718, -0.7864149896051247, -3.030193290069441, 0.017315923713573128
0.21330144813975513, 0.334631393335718, 0.5551937645736378, -0.7862571932958304, -3.0301807798524028, 0.017462127905490114
0.21330052965398683, 0.33460425021631035, 0.5552151519700204, -0.786372023211577, -3.030177384151504, 0.01740798412760565
0.21330126053326973, 0.3346028409318551, 0.5552261054071805, -0.7862658140050895, -3.030217782658102, 0.017370755002704675
0.2133031285660288, 0.3346208549674359, 0.5552015528157483, -0.7862750715174671, -3.030176024390345, 0.01746202132465067
0.2133129906076803, 0.3346188392128138, 0.5552037274805185, -0.7863628024815624, -3.030216166344442, 0.017428404416737913
0.21330607808940957, 0.3346194403364595, 0.555194915083219, -0.7863019618068418, -3.030205181278469, 0.01750150649429443
0.2133055432066531, 0.33460891705217094, 0.555206258336379, -0.7863509578139388, -3.0301697648043957, 0.017425624245774197
0.21330705884309722, 0.3346218096993462, 0.5551926161793393, -0.786327204936845, -3.0301501753713653, 0.017462175857849586
0.21330959626419513, 0.334598774411604, 0.5552272235037342, -0.7864114759729778, -3.0301807559255827, 0.017352521193568886
0.21330627035706742, 0.3346075633275627, 0.5552051279231336, -0.7863175198046235, -3.0301902337038102, 0.01744476484842735
0.2133261264188647, 0.33460248988573654, 0.5552192467906497, -0.7864325545955243, -3.0301869105400683, 0.017371351581931118
0.21330705561369137, 0.33461019422600197, 0.5552159171552473, -0.7863174445129757, -3.030190686948247, 0.01742611310046434
0.21330720772762557, 0.33461074571255717, 0.5552104343226957, -0.7863535547250066, -3.0301809806654805, 0.017444968516503664
0.21331352710431925, 0.33459969439340737, 0.5552325421168731, -0.7863355778941047, -3.0301877001225073, 0.017351205227778638
0.2132978544377968, 0.33460755681697085, 0.5552162578071282, -0.7863203723198289, -3.030203523854165, 0.01738992329854431
0.21331276001338348, 0.334613541953779, 0.5551918569406884, -0.786390099469918, -3.0301711107953064, 0.017463622659374976
0.2133127742405013, 0.33461348388668516, 0.5552039407891423, -0.7863723140469705, -3.0301771018331425, 0.01740757259526646
0.2133069451282023, 0.33459435673350796, 0.5552253084731291, -0.7863834852588805, -3.030224708728676, 0.017372509439647885
0.21330425402971956, 0.3346005788372753, 0.5552261176406977, -0.7862811492535646, -3.0302014302601328, 0.017369959400776402
0.21330851100922077, 0.334606621903493, 0.5552183544033812, -0.7863118093267399, -3.0301687892732208, 0.01736857135412499
0.21330366493383088, 0.3346025426913909, 0.5552096814932087, -0.7863326890271464, -3.03017441856731, 0.01742552034467352
0.21330247766395363, 0.3346022972987215, 0.5552151765981065, -0.7862752494214434, -3.030177285315528, 0.017405867785819703
0.2133128297652561, 0.33460521476323785, 0.555195304844115, -0.7863115743076854, -3.030166326066578, 0.017461609482198933
0.2133205817108217, 0.3346037714665345, 0.5552236239015751, -0.7863931759914512, -3.0301846744372583, 0.017370652388011613
0.2133045080545673, 0.3346092231592053, 0.5552062705955837, -0.7863299899476262, -3.030162833207434, 0.01742482956989896
0.21331765396336363, 0.3345977617999769, 0.5552149755635621, -0.7863898019422905, -3.030171782534835, 0.017425906878033925
0.21331224583136818, 0.33460783824484847, 0.5552225058180376, -0.7864112993628698, -3.0301798120492687, 0.01738981762183785
0.2133101729083561, 0.33462004420765934, 0.555199448724071, -0.7863426073848281, -3.030134796367276, 0.017423337736930992
0.2133056654756398, 0.33460536711648137, 0.5552130233360798, -0.7864088845711745, -3.0301688450526747, 0.01737068852408996
0.21331094428756048, 0.33461106203713825, 0.5552335388256019, -0.7863869763548212, -3.0301617743651064, 0.01736892538656186
0.21330748586137482, 0.33462421875313497, 0.5551958565561277, -0.786320074939209, -3.030200539876632, 0.017501608660576658
0.21331077364263695, 0.33461065940899387, 0.5552005990242854, -0.7864053079077152, -3.0301547482130617, 0.01746302612175808
0.21331256418610628, 0.33460888275926026, 0.5552236239015751, -0.7863749836374776, -3.0301895995790593, 0.017370961838687374
0.21330319663174516, 0.3346132651831306, 0.5552084820957118, -0.7863360543016743, -3.03018712870169, 0.01738913057168873
0.21330959626419513, 0.334598774411604, 0.5552272235037342, -0.7863568810733771, -3.0301947198281898, 0.017352210731302997
0.2133092278029667, 0.33460527127002165, 0.5552172240604718, -0.7862783428510045, -3.0301891425491663, 0.0173877049942976
0.2133180948081446, 0.3346076597545274, 0.5552071629833542, -0.7863779135553614, -3.03019971626948, 0.017427402859868546
0.21331372698690887, 0.33460429900511607, 0.5552128592723988, -0.7863328795746307, -3.0301750864449475, 0.017387808530102366
0.21330350062428444, 0.33459423665622384, 0.55522422725616, -0.7863018812559592, -3.0302079518810223, 0.01738865678293402
0.21330070353798636, 0.3346162688676362, 0.5552247912550163, -0.7863453723246386, -3.030148521675723, 0.0173498452496254
0.21329786186177868, 0.3345990162352053, 0.5552198871109254, -0.7863145197505662, -3.0301801735918685, 0.01738758014817612
0.2133077901058847, 0.3346087948590552, 0.5552128346701751, -0.7862662628917317, -3.030217106064664, 0.017389200373360045
0.21330699500833564, 0.3346053349961237, 0.5552227315666634, -0.786363328414096, -3.030143167930286, 0.01736818297816324
0.21330359897047355, 0.3346224508666055, 0.555197187968141, -0.7863298222988337, -3.030162051273395, 0.017462334397182398
0.213307349424921, 0.33459889683176164, 0.5552206471776302, -0.7863508244416821, -3.030170587498642, 0.01738811833506419
0.21330237916466777, 0.33460582056080396, 0.5552062400816493, -0.7862726405250484, -3.0301655726711827, 0.017405918004027156
0.21331139614003686, 0.33461280655626113, 0.5551907512908011, -0.7863143064355649, -3.0301775772545065, 0.017481157739053742
0.2133097384942491, 0.3346109655285357, 0.5552006112834269, -0.7863478231998526, -3.0301571558736446, 0.017462023026099983
0.21332348569402215, 0.33462147908338963, 0.5551990585954925, -0.7864053218298082, -3.030154470310534, 0.017462610352637332
0.21329969052347958, 0.3346091507912297, 0.5552095173589692, -0.7863114077669613, -3.0301671951838336, 0.01744358011050519
0.21330174500818197, 0.3346043782226584, 0.5552338244643905, -0.7863208574875705, -3.0302051744727345, 0.01731511958714867
0.21331150373074562, 0.33458918419088046, 0.5552121435671544, -0.7863378587527934, -3.0301970355583583, 0.01744439743114446
0.2133063155503202, 0.3346280326212372, 0.5551890590473781, -0.7863500013504051, -3.0301666750631813, 0.01755711482714538
0.21330795788553952, 0.33460110269682697, 0.5551987157815119, -0.7862960479253557, -3.0301827095313123, 0.017462405037127014
0.21329446415594883, 0.33461147657712714, 0.5552150125865443, -0.7863264643134898, -3.0301515362505147, 0.017424543086162002
0.21330453244938208, 0.33461405240272285, 0.5552115401338243, -0.7863203430617968, -3.0302024048141365, 0.017427013051797155
0.21330407372748902, 0.33460014439741875, 0.5552074330484479, -0.7863352052205361, -3.030185192989461, 0.017463514937672193
0.21330860514115318, 0.33460312355929017, 0.5552270716606892, -0.786314387869439, -3.030180367894837, 0.017369260052852553
0.21331633254109492, 0.33460931961521295, 0.5552083056168546, -0.7863903833257856, -3.0301723154182376, 0.017407467110107825
0.21331321241041754, 0.3345986599572261, 0.555217388124122, -0.7864084816640763, -3.0301686480359735, 0.017370272244849577
0.21331696118784813, 0.33461148894553483, 0.5551982385677254, -0.7863724141629408, -3.03017644883422, 0.01742676124599466
0.21331022313464765, 0.33461250324894143, 0.5552083302448573, -0.7863663485204033, -3.0301538885252954, 0.01740618101374151
0.21331046944905757, 0.3346095566019196, 0.555211564735982, -0.7863508039772297, -3.0301696307825727, 0.01742541596393195
0.21329849290888347, 0.3346089084580278, 0.5552150125865443, -0.7863266117154473, -3.0301513614085476, 0.017424335528414856
0.21330881167538382, 0.3346077151357287, 0.5552214246091661, -0.7863112862248172, -3.0301678867185, 0.017405864917119623
0.2133095864065815, 0.33461041415624904, 0.5552060941427359, -0.7863297908129137, -3.030162239155292, 0.017443270467571256
0.21330122428023446, 0.3346103235706384, 0.5552293078668976, -0.7863696317340133, -3.0301675082856585, 0.017332690425580548
0.2133040516902517, 0.334607568622043, 0.5552227191716489, -0.7863482032193548, -3.0301595887800623, 0.01736898445000997
0.21331180336654534, 0.33461859392038074, 0.555209222573119, -0.7863238020338508, -3.030214317798959, 0.017408857763473635
0.21330828678653446, 0.3346020790448858, 0.5552259535771086, -0.7864233758358877, -3.0301519935700605, 0.017388530329355605
0.2133057235160174, 0.33460935151325766, 0.5552249431184969, -0.7863153406225577, -3.03018128559164, 0.017332173764837186
0.21331865903991068, 0.334593353985182, 0.5552272111609213, -0.7863960709461397, -3.030196841471275, 0.01735270271251041
0.21331990082941996, 0.3345976394271372, 0.5552215518836134, -0.7864866093697045, -3.030172702999173, 0.017390515459446247
0.21330351281611226, 0.33460199119193623, 0.5552151643388292, -0.7863508121148115, -3.0301702549787066, 0.017406973896194212
0.2133057455901475, 0.33460192741680694, 0.5552096568910901, -0.7863746539101673, -3.030188397147786, 0.01742711617928374
0.21329766167607697, 0.3346269465516964, 0.5551971633403695, -0.7862632050658707, -3.0302040710467115, 0.01746372545514474
0.21330911171574077, 0.3345972370056061, 0.555219504504782, -0.7863745105173348, -3.030188741412809, 0.017408259383976697
0.21331081218984108, 0.33462294305103135, 0.5552090705645479, -0.7863904993835663, -3.0301720400972885, 0.01742652859830457
0.21331320437831844, 0.334598740457421, 0.555205085001817, -0.7864266268881452, -3.030162546426796, 0.017427070370678404
0.2133081205817302, 0.33460158611519675, 0.5552193527005957, -0.7864050516940388, -3.0301557101775414, 0.017425724760193974
0.21331379171772105, 0.3346132265436244, 0.5552058807823088, -0.7863925569574938, -3.030182682804231, 0.017464309072083448
0.2133219113555139, 0.3346162073957103, 0.5551915162905597, -0.7864231175233588, -3.0301489567772197, 0.01750001147171666
0.2133039528421722, 0.3346035941064803, 0.555212707135322, -0.7863502353751562, -3.030168874758497, 0.017463663010739015
0.2133090756567225, 0.334604719696816, 0.555222706912289, -0.786351060783359, -3.0301710166452724, 0.017369469703867893
0.21330286060806602, 0.3346122693632994, 0.5552093162912021, -0.7863170502473387, -3.0301899540274984, 0.01746361756659857
0.213315026532593, 0.33461263350172277, 0.5551929995999143, -0.7864211556844833, -3.030138818881073, 0.017443585555103377
0.2133136151467486, 0.3346078458550921, 0.5552060941427359, -0.786438765521603, -3.0301342308344457, 0.017443684124916897
0.21332048763322542, 0.3346072697125721, 0.5552149065788325, -0.7864451917366196, -3.0301591315641896, 0.017370274495231625
0.21329977262848807, 0.33461802949414254, 0.5552005866556138, -0.7863352926254098, -3.0301854823079744, 0.01746393046604914
0.21332367358367155, 0.33461454744889063, 0.5551903736963579, -0.7863925690694111, -3.0301809803947197, 0.017519844849495304
0.21332770237364035, 0.33461197897811756, 0.5551903736963579, -0.786428872031864, -3.030171558134485, 0.01751984382106357
0.21331504832703713, 0.33459274114439624, 0.5552195291070656, -0.7863688153291113, -3.030165214282972, 0.0174064561438718
0.21331230378318553, 0.3346118879490883, 0.5552083056168546, -0.7863540803531899, -3.030181737213251, 0.017407468139374688
0.21330905347230877, 0.3346048585221982, 0.5551983201001007, -0.7863504748618299, -3.030168262694342, 0.01748210949738541
0.2133133933043805, 0.3346156217812892, 0.55520812909163, -0.7863900696570293, -3.0301720237911267, 0.01742632135181378
0.21331319099984725, 0.334622611402035, 0.5552047303647735, -0.7863302181741123, -3.030162638248126, 0.017424622784416147
0.21330911593482146, 0.3346088181684376, 0.5552104589506741, -0.7863477126041535, -3.0301576278475313, 0.01744337209597022
0.21331317266102584, 0.3346110886746342, 0.5552016924538077, -0.7863567235300819, -3.0301923842700793, 0.01744545753601322
0.21331119658339623, 0.3346082028687084, 0.5552104343226957, -0.7863896772413264, -3.0301716063853035, 0.0174449685165115
0.2133023173465084, 0.3346140673706943, 0.5552150954525743, -0.7863333814630793, -3.030176365135106, 0.01735113489731861
0.21330334658056802, 0.3346014981347745, 0.555208563448677, -0.7863870825309047, -3.030160008139246, 0.01744447949133687
0.21330427794670379, 0.3346170792618262, 0.5551960024927646, -0.7863355940445357, -3.030185276882196, 0.017464471076983377
0.2133013184354922, 0.33460689079993544, 0.5552119052525212, -0.7863177854452698, -3.0301917825061855, 0.01738902679083158
0.2133136292742514, 0.33460778744925807, 0.5552181779114844, -0.7863844628980147, -3.030149561905706, 0.017387425889791395
0.21329457239078092, 0.33460798508760337, 0.5552096937524341, -0.7862752708844678, -3.0301770825434997, 0.017424933925880404
0.21331058342855636, 0.3346184899694391, 0.5551903309008174, -0.7863203411590683, -3.0302003527336483, 0.01750215014641786
0.21330381563034956, 0.33461540304464266, 0.555212670424732, -0.7863176543688156, -3.0301912976855014, 0.01740767348901007
0.21330120993401558, 0.33462690881705304, 0.5551892803186492, -0.7862957948748541, -3.0301812039713054, 0.01753761961112034
0.21331066357207198, 0.3346224010315212, 0.555200517473897, -0.7863363824963052, -3.030186445436933, 0.01740757345662339
0.21330079727198467, 0.3345927040075762, 0.5552340993783337, -0.786277883593066, -3.0301898213547354, 0.01736851237998862
0.2133175815205887, 0.3346054408466929, 0.5551817074043901, -0.7863470348783164, -3.0301546476108787, 0.01755559704582619
0.21329913595364533, 0.33461594030155045, 0.5551983506316772, -0.7863168119241251, -3.030189209327738, 0.0175011235743732
0.21331335850575428, 0.33461079552955975, 0.5552028597543519, -0.7862727817656043, -3.030164791736073, 0.01742340592223019
0.2133184569505014, 0.33460034377646636, 0.5552238126399711, -0.7863904515763019, -3.0301735859814523, 0.017351313262647498
0.21330839895981696, 0.33462257186021865, 0.5551958934170578, -0.7862750073021514, -3.0301749218463145, 0.017499110540635583
0.2133087432031018, 0.3346037336876759, 0.5552095050997554, -0.7863505675523844, -3.0301692013132397, 0.017444064580183927
0.21331537740577947, 0.33460618596831965, 0.5552049514833254, -0.786426296139239, -3.0301616317981126, 0.017463619097052744
0.21331121180112345, 0.33459583557990363, 0.555214046281281, -0.7864049583276813, -3.0301556344666056, 0.017425517784805538
0.2133229568480744, 0.3346158981897251, 0.5551915039219729, -0.7864079586679241, -3.030165250681178, 0.017500607478876884
0.2132970930376655, 0.3346089727490612, 0.555207211960571, -0.7862985804180774, -3.03019430472509, 0.017483116143363064
0.21330808196558596, 0.3345897398516444, 0.5552266274323675, -0.7863960879603642, -3.030197646168225, 0.017333721687137354
0.21331357484858443, 0.33460374748369404, 0.5552183421440517, -0.7863513642004201, -3.0301708303055355, 0.01736926414261575
0.2132994760890666, 0.33460463979377086, 0.5552028612955355, -0.7863322931968504, -3.0301736673366544, 0.01746377087990806
0.2133131718430999, 0.33459102245436634, 0.5552022835983383, -0.7864135611374181, -3.0301896480186565, 0.017464160639309657
0.21330235359167685, 0.33460658470573024, 0.5552118930191167, -0.7863752708620031, -3.030189374529963, 0.017390028664987088
0.2133084486099206, 0.33460266247457376, 0.555206215427568, -0.7863510891089563, -3.030170085580263, 0.017407516859924213
0.21331358941259218, 0.33462021616418897, 0.5552024820295249, -0.7862600326470389, -3.0301918807838586, 0.017462196251697717
0.2133023694986265, 0.33460578874078073, 0.555220495412433, -0.7863448818473531, -3.030147023057011, 0.017405581885018256
0.21331055840461793, 0.3345933671427603, 0.5552342071369656, -0.786333192179211, -3.0301774288778156, 0.01729381800138929
0.21330588777985135, 0.33460164981684193, 0.555224860160894, -0.7863446929292105, -3.030146907760818, 0.01740537383675948
0.21331156509336557, 0.33460170617629836, 0.5552204338131133, -0.7863774648939231, -3.030200393215194, 0.01740895720740964
0.21331215149327984, 0.33462373965447373, 0.5551980925800206, -0.7863567812520105, -3.030192014746808, 0.01746431146609311
0.21332415438898544, 0.3346277456651264, 0.5551767433417463, -0.7864201596142011, -3.0301359647982786, 0.017556012222841096
0.21331045526943485, 0.3346096148305914, 0.5551994810057875, -0.7863685895736799, -3.0301636393364104, 0.017481465903566095
0.21331349102696512, 0.33461213322743, 0.555202810498296, -0.7863569250537155, -3.0301928322682024, 0.017426809448823306
0.21330366493383088, 0.3346025426913909, 0.5552096814932087, -0.7862780940377688, -3.0301883802472527, 0.01742520915662931
0.21330687890945607, 0.334597300694212, 0.5552250119260304, -0.7863868239016973, -3.0301613522269815, 0.017388322872963907
0.21330668294297095, 0.3346051097411714, 0.55521496333016, -0.7863383773533164, -3.0301976372150325, 0.01742690834250995
0.21330648057714852, 0.3346120994370988, 0.555211564735982, -0.7863327592679503, -3.0301743814175466, 0.017425519005870464
0.21330399742595585, 0.3346200555869195, 0.5551949396850416, -0.7863142317123231, -3.030177332898123, 0.017500218788573153
0.21329807826962252, 0.33459196754848325, 0.5552353692107626, -0.7863565861019184, -3.030195548202246, 0.017333227154665887
0.2133095524168936, 0.33460713505386175, 0.5552116920494585, -0.7863264660250546, -3.0302259217226792, 0.01740954926239024
0.2132990454492626, 0.33461938321418006, 0.5552017170558001, -0.7863144972731445, -3.0301788827356004, 0.017444481210720175
0.21330962243236565, 0.33460293135081537, 0.5552028918731627, -0.7863532395188481, -3.030179963489664, 0.017482060867822825
0.2133037835187181, 0.33459898264426857, 0.5552304823692296, -0.7863901832282755, -3.0301735164970336, 0.01737057949310634
0.21330816277673015, 0.3346138793439305, 0.5552137884952744, -0.786354158779777, -3.030182323996864, 0.017389024423722737
0.21330731963853103, 0.3346071988160352, 0.5552171994581868, -0.7863387802767845, -3.030198532751978, 0.017389612144811026
0.21331664280911636, 0.3346104443961022, 0.5551971205237368, -0.7864083682712509, -3.030166753729194, 0.0174456151272588
0.21330484622132959, 0.33460273341547164, 0.5552181775657473, -0.7863531997269301, -3.0301810051261127, 0.01744571204613119
0.21330876649771655, 0.334596209109945, 0.5552062580762046, -0.7863920860740249, -3.0301822844362576, 0.01748370355642086
0.2133055975244513, 0.3346129569809025, 0.5552060941427359, -0.7863479015946628, -3.030157743424384, 0.017443579937828267
0.21330810038424775, 0.334609919775125, 0.5552016495910714, -0.7863749990304421, -3.030188336387784, 0.017427864557656398
0.2132936191408742, 0.33461304616075466, 0.5552130233360798, -0.7862451990908005, -3.030211116447905, 0.01737037772036543
0.2133082286885666, 0.33461049779532037, 0.5551983383984418, -0.7863380740277959, -3.0301957905777424, 0.017501504603099554
0.21331697543439374, 0.334627956898812, 0.5551823782326878, -0.7863899104230802, -3.0301696682436896, 0.017520313728027054
0.2133011663170367, 0.33460633927317285, 0.555217388124122, -0.7862997529874824, -3.0301968652608307, 0.017370274303185308
0.21330813828062017, 0.33460153743371635, 0.555217400492974, -0.7863331038622494, -3.0301756468171406, 0.01736936887269603
0.2133050646563866, 0.3346074013404865, 0.5551983201001007, -0.786332430214438, -3.0301730135344687, 0.01748221255190198
0.21330519500818038, 0.3346037710733804, 0.555217388124122, -0.7863541339236592, -3.030182820607637, 0.017370376190638113
0.21330486862066447, 0.3346028070162545, 0.5552039669578277, -0.7863536385756991, -3.030180987522774, 0.017445717367272608
0.2133127718628428, 0.3346011653966554, 0.5552095050997554, -0.7863322755920636, -3.0301737420105512, 0.017443752346518942
0.2132990596088697, 0.3346193249091683, 0.5552138008640936, -0.78629671127087, -3.0301848727367067, 0.017388431213894648
0.21331419747804428, 0.334605894987099, 0.5552084944644905, -0.7863514747635147, -3.0301703586499125, 0.01738791515587089
0.21331985324133962, 0.3345850588155012, 0.555225345340219, -0.7864472958563905, -3.030170714869445, 0.017370008685074288
0.2133121697114619, 0.33463526243841524, 0.5552011302403376, -0.7863483538960537, -3.030157645331734, 0.01744358031673758
0.21330914764452372, 0.33462111430642516, 0.5552048946901897, -0.7863513852061809, -3.030170163559485, 0.01740697647582595
0.2133008218269013, 0.3345975988503772, 0.5552132492695072, -0.7863410791425055, -3.0302095387998356, 0.017427068722484264
0.21330563363940708, 0.3346054741758845, 0.5552028918731627, -0.7862986774181752, -3.0301940526735396, 0.01748195586564724
0.21330329090609348, 0.33460976704139767, 0.5552171994581868, -0.7863751500715238, -3.0301893678547738, 0.017390026466496084
0.21331161632868473, 0.33460081265421504, 0.5552251318494601, -0.7863669635111061, -3.030156025194502, 0.017312730973662403
0.21330249508434226, 0.3345862407556935, 0.5552276870734528, -0.7863475523913929, -3.0301591127637555, 0.01738667906456361
0.2133038772199061, 0.3346193972555935, 0.5552105541397647, -0.7863879659656459, -3.030161923965458, 0.017370094876477102
0.2133158336225217, 0.3346078398522944, 0.5551885029243104, -0.7863350471108802, -3.030183552302361, 0.017519048847348846
0.21331365729057744, 0.33461262635707734, 0.5552094114540033, -0.7863933277562732, -3.03018449260076, 0.017389717347992963
0.2133125098832303, 0.33462888202395547, 0.5551869624558533, -0.786335555942625, -3.0301836957956256, 0.017519463265428047
0.21332051760239265, 0.3346113710555937, 0.5552026585881117, -0.7864052970376149, -3.030154967579545, 0.017443962224080196
0.21330390315835926, 0.3346070268964434, 0.5552141660608071, -0.7863306033397482, -3.0301646546123973, 0.017350237134186694
0.21330285945292254, 0.33459952264894044, 0.5552353252861444, -0.7863336399386708, -3.030178083787765, 0.017275585153062288
0.21330251915402043, 0.3345986177444425, 0.5552098201706417, -0.7862963366374708, -3.0301842246108404, 0.017406664948413066
0.21331532299524783, 0.3346021460539693, 0.5552051156898135, -0.7864109134266851, -3.030178369343926, 0.017445558468386285
0.21331993293990023, 0.334609935709393, 0.5552159878915969, -0.786417610476086, -3.0302038262224067, 0.017353705420163134
0.21330223049805902, 0.33458927134954636, 0.555212149783071, -0.786344696926589, -3.0301464924438277, 0.017424026740187868
0.21329832861816764, 0.33462073386063185, 0.5552028473595152, -0.7862756529448864, -3.030177021606463, 0.017424935643500637
0.21329598362796054, 0.3345926417219183, 0.5552233100863119, -0.7863324064745691, -3.0301755807484962, 0.01738768232097493
0.21329853118081638, 0.3346137442687886, 0.5552062459676433, -0.786335504268299, -3.030186408248792, 0.017426633532238934
0.21330606393978474, 0.33460297196063965, 0.5552107749485954, -0.7862841042529063, -3.030212053689586, 0.017407951943466473
0.2133049749577106, 0.33461080950068317, 0.5552159417833298, -0.7863297132487758, -3.0301628384294763, 0.017424825843188104
0.2133081302476213, 0.3346016179340863, 0.5552050973705408, -0.7863508878313921, -3.0301696376382443, 0.017426164811838712
0.21330693690541272, 0.3346013505490167, 0.5552108118100034, -0.7863661223707848, -3.0301539375745428, 0.017406180824419713
0.2133050868424437, 0.3346072625153741, 0.555222706912289, -0.7862784211592873, -3.030189729380487, 0.017369261582563977
0.2133174661765752, 0.3346170964444724, 0.5552079648887821, -0.786369053930536, -3.0301643353702628, 0.0174439600242912
0.2133156957878552, 0.3346072305301072, 0.5552060695148188, -0.7863719027278849, -3.0301760429390288, 0.017444660214971743
0.21329813254738167, 0.33459600750851165, 0.5552352051064633, -0.7863173737308954, -3.0301927747091386, 0.01735097776830071
0.21330037752463885, 0.3346036986523981, 0.555220634808769, -0.7862993957711366, -3.030196429525267, 0.017388920809993522
0.2133099005749563, 0.33459987762024196, 0.5552162578071282, -0.7863748678817635, -3.0301891772232086, 0.017389612813621363
0.21329967100923158, 0.3346099369856497, 0.5552149509874847, -0.7862683278547924, -3.0302282420886337, 0.017427606906216548
0.21331150076948524, 0.3346093056499347, 0.5551994686371373, -0.7862988352976585, -3.030193894443351, 0.017481750839333614
0.21331399874860682, 0.3345939050740908, 0.5552005436082731, -0.7863770266269304, -3.030197924263847, 0.017503488692251486
0.21330790889814458, 0.33462176234890095, 0.5552056918941833, -0.78626828744778, -3.0302266432437213, 0.017483345965906453
0.213304119804869, 0.3346165058843653, 0.555201704687107, -0.7863175634702927, -3.0301903782263633, 0.01744497260651931
0.21331045526943485, 0.3346096148305914, 0.5551994810057875, -0.7863139946158623, -3.030177601045958, 0.017481154677402595
0.21331480238579614, 0.33460809109354117, 0.5552005990242854, -0.7864050936792891, -3.030154665553831, 0.01746281693194532
0.21331194907916595, 0.3346307291838849, 0.555194693728082, -0.7863150078607603, -3.030178005090138, 0.017462715964068686
0.2133134373249921, 0.3346196647920032, 0.5552079648887821, -0.7863327510538637, -3.0301737569110654, 0.01744396105471736
0.21330539110353638, 0.3346083656026532, 0.5552117412018349, -0.7864055977601949, -3.030156261309426, 0.017407285923809364
0.21329988466522865, 0.33461448273834565, 0.555207351791807, -0.7862659224162463, -3.0302169956199783, 0.0174082633085928
0.21330914770782491, 0.3346087108937022, 0.5552205906096312, -0.7863848834709407, -3.030151097555608, 0.0173316901607636
0.2133088434418779, 0.3346200114188947, 0.5552158604799844, -0.7863695534704725, -3.0301664590305584, 0.01736978050922597
0.21330663267652372, 0.3346126508738224, 0.5552060818835428, -0.7863688694094843, -3.03016467499227, 0.01744437457675202
0.21329702934521683, 0.3346123988638307, 0.555222706912289, -0.7863146432572242, -3.0301807393466214, 0.017369883878426102
0.21330937993096344, 0.3346058227804726, 0.5552117412018349, -0.7863328923929321, -3.0301747206536676, 0.017406665643354743
0.21331230378318553, 0.3346118879490883, 0.5552083056168546, -0.7863721581367931, -3.0301771137311904, 0.0174075710648937
0.21329923379038024, 0.3346124517118961, 0.5551930319592511, -0.7863198223195508, -3.030200771013339, 0.01750181736464935
0.21331269184211696, 0.3346046051368118, 0.5552128715316765, -0.7863845836870681, -3.030149568580251, 0.01738742808787518
0.21329753809143628, 0.33459869881911103, 0.5552362864323258, -0.7863080500292275, -3.0302327996260563, 0.017334513768397803
0.21331366523209033, 0.3346003047207897, 0.5552149755635621, -0.7863536794238882, -3.0301811568164854, 0.017425906878002308
0.21330492063619547, 0.33460676955940616, 0.5552161059899076, -0.7863146917249114, -3.03017948301106, 0.017406767151958387
0.21331197729439996, 0.3346109235887151, 0.5551948844748088, -0.7863716624811222, -3.0301752795047823, 0.017482912184680992
0.21330258805439425, 0.33462758635064904, 0.5552024696608334, -0.7863899579181203, -3.0301714828751973, 0.017464239991028613
0.21330012080943853, 0.33460664842829735, 0.555217400492974, -0.7863149115549894, -3.0301805715819747, 0.017369678990209136
0.21331403002526636, 0.3346177108483926, 0.5552103652196978, -0.7863177996583569, -3.0301915056919593, 0.017388611539875025
0.21329618263272412, 0.3346057738084345, 0.5552140339124936, -0.7862809236754886, -3.0302003198737393, 0.01742632235732437
0.21330601634446572, 0.33459891904535516, 0.5552249749808726, -0.78632327459523, -3.0302148688765445, 0.01739020547293093
0.21330104401999597, 0.3346098892571784, 0.5552106231442872, -0.7863325767467643, -3.030174574844765, 0.017425726787558195
0.21330307396727927, 0.33459674884416585, 0.5552023081741718, -0.7863899214712898, -3.030171256513585, 0.017463082051876633
0.21331199942692447, 0.33462318833067006, 0.5552035754590077, -0.7863387489464649, -3.030197097865042, 0.01744555902125037
0.21330471043765956, 0.3346022335235151, 0.5552096691244521, -0.7863536858635235, -3.0301814657000348, 0.017426321828836674
0.2133087272759927, 0.3345995733076852, 0.555233836698002, -0.7863177200210373, -3.0301934116095386, 0.017314013769428597
0.21331500461320205, 0.3346011014921512, 0.5552039976583413, -0.7864107118847523, -3.0301779213104427, 0.01746420655469135
0.21330481220597333, 0.3346103258702388, 0.555195304844115, -0.786366054794997, -3.0301526669175263, 0.01746233470471343
0.21331316785617457, 0.33459872528396584, 0.555207211960571, -0.7864074562882597, -3.0301659122558156, 0.01748290717063029
0.21331636240262133, 0.33461342075639966, 0.5551960576905226, -0.7863324107688742, -3.030172772339553, 0.01748105145173051
0.21331066008686345, 0.33462239160160445, 0.5552145534299513, -0.7863359498865586, -3.0301864625512898, 0.017407568196465554
0.21330848268353567, 0.3346067384765849, 0.5551941868255956, -0.7863838981185937, -3.030147467804632, 0.01748087942130482
0.21329940983085327, 0.3346245477584174, 0.55519036776162, -0.7863294267196592, -3.0301613001042886, 0.01750058502283305
0.21330644006636634, 0.33459205858555513, 0.5552121558005175, -0.7863713385990118, -3.030176316603029, 0.017444120104690163
0.21331344456991275, 0.3345957717384329, 0.555208538846601, -0.7863380493622142, -3.0301969859335323, 0.017445144251632197
0.21330808453391523, 0.33460906884324954, 0.5552225550747546, -0.7863450849887788, -3.0301473251608506, 0.017386726878001312
0.21331257449290988, 0.3346212832196266, 0.5552079279440675, -0.7863595899155562, -3.0302041569577742, 0.01744635883756699
0.213308785321776, 0.33461602674933555, 0.5552039407891423, -0.7863361914651389, -3.030186475906325, 0.01740757259528229
0.21330719726404282, 0.334598345208627, 0.5552261300096111, -0.7863689474362128, -3.0301664235187555, 0.01736957187357268
0.21330863893215635, 0.33460799950269315, 0.5552081289763507, -0.7863043567346736, -3.0302172535884604, 0.01748409066917682
0.21332577987758636, 0.3346131675646192, 0.5551846961165976, -0.7864410936174252, -3.0301432303049545, 0.017537950730458746
0.21331574769569336, 0.3346161161253974, 0.5551990463492908, -0.7863408198147186, -3.030206829638021, 0.017521390722241487
0.21331413573758023, 0.33460190075268, 0.5552106107755207, -0.7863538353346274, -3.0301811449162135, 0.017425908409145433
0.21331384913412993, 0.33460074893987124, 0.5552196243302867, -0.7863362118323447, -3.030188130690624, 0.017332562459696183
0.21331002226168932, 0.33460043600213185, 0.5552126825332097, -0.7863740889608808, -3.030187349231497, 0.01746495044309682
0.2133069166376307, 0.33459367668331813, 0.5552075716998367, -0.7863534148756687, -3.0301809096468597, 0.017444764683008873
0.21331177893842576, 0.3346062520082775, 0.5552128346701751, -0.7863569810750385, -3.030193770312429, 0.017389510865194392
0.2133172951707097, 0.33459261869598084, 0.5552261054071805, -0.7863748720442733, -3.0301893472312775, 0.01737054938563704
0.21330179495294588, 0.33460850885652593, 0.5552073211288444, -0.786336017365817, -3.0301871288986173, 0.017389877223470695
0.21329796441666385, 0.33460332783351765, 0.5552074576763443, -0.7863473269282559, -3.030157519557243, 0.01746243498005902
0.2133190621367904, 0.3346149433276883, 0.5552002214036426, -0.7863744142166549, -3.030186203918967, 0.017501296563187066
0.2133102189296957, 0.3346009221346535, 0.5552173758906658, -0.7863204741972716, -3.030203587871616, 0.017370654229579518
0.21330726937969607, 0.3346147399741451, 0.5552083179856216, -0.7863331164343628, -3.030174817390601, 0.017406872579102357
0.21330402930918987, 0.3346199486826113, 0.5552050712284419, -0.7863698430824583, -3.0301660884021286, 0.01738864136298344
0.2133072552638483, 0.3346023950761702, 0.5552119298805888, -0.7863301682104662, -3.0301636322936942, 0.01738732664441171
0.21330663897673238, 0.3346010667500445, 0.5552151273939199, -0.7863414628256464, -3.0302097740244993, 0.01740895940811094
0.2133071465266185, 0.33462321213594176, 0.5551823908784099, -0.786337648365161, -3.03019406324186, 0.01757779875434491
0.21330969661830773, 0.33463157960016515, 0.5552056349170201, -0.7863026822970132, -3.0302069484023106, 0.01742691128915129
0.21330781188168849, 0.33460057338077515, 0.5552039793265299, -0.7863687642701666, -3.030164566263363, 0.017444915804618794
0.21330323894606576, 0.3346058045235321, 0.5552050604258859, -0.7863595018079762, -3.0302048355855327, 0.017428665772478178
0.21330558541598377, 0.3346014563394499, 0.5552028366935678, -0.786356327123, -3.03019209444766, 0.017465057063765853
0.21330695732266222, 0.33460211128109413, 0.5552162454644199, -0.7864143375255459, -3.030191634713954, 0.017390724079870832
0.21331747218647432, 0.3346055122773459, 0.5552170106366342, -0.7863232079504263, -3.030214150678536, 0.017408441466263774
0.21330005919136966, 0.33460265411753304, 0.555219516738226, -0.7862445991138637, -3.0302099430591367, 0.017407258002873346
0.21330430162944214, 0.3346046317661517, 0.5552119176213207, -0.7863511692383389, -3.0301706907728816, 0.017388327459538108
0.21331656886646308, 0.33461801189945056, 0.555190410557132, -0.7863477486456781, -3.030155574223768, 0.017517760950643512
0.21330184649713668, 0.33459240507983473, 0.5552200510539422, -0.7863539081823085, -3.03018288877704, 0.017369630042666843
0.21331419625953382, 0.3346182038767036, 0.5552169662077077, -0.7863364857924985, -3.030187697216404, 0.017351418928781386
0.21332327525016598, 0.3346169427732772, 0.555192621927432, -0.7863535651929026, -3.030179661507013, 0.017481648589922925
0.21330428303782417, 0.33459605795738034, 0.5552276308043689, -0.7863635045507233, -3.0301441311745174, 0.0173301411754349
0.21330741793632296, 0.33461528178281685, 0.555216871056366, -0.7863687939640502, -3.030165128057582, 0.017425722889824677
0.21331186315279058, 0.33461439320282066, 0.5552004225380991, -0.7862959518814475, -3.0301822053381517, 0.017481050951239054
0.21330067364438315, 0.33462869476243634, 0.5552090951925471, -0.7863298005069037, -3.030163127178492, 0.017425242228395924
0.21330280475331323, 0.33462053837200595, 0.5552179521689161, -0.7863412733216409, -3.0302100677687283, 0.017409370264219796
0.21331557961918568, 0.33459919631749385, 0.5552083501235859, -0.7863227236420526, -3.030212812605474, 0.01746438808884526
0.21331780609709866, 0.3345983132810556, 0.5552094927310104, -0.7863532392447383, -3.0301806617399256, 0.017444348485987648
0.21331679948547536, 0.33461090595664883, 0.5552179767450753, -0.7863355117219705, -3.030186283557487, 0.017407152539249213
0.21330072567927486, 0.33460884469674035, 0.5552095050997554, -0.7862597025785282, -3.0301927112566265, 0.017443960502889978
0.21331193105175666, 0.33460680346854027, 0.555207351791807, -0.7863569355179565, -3.030193310631432, 0.01740816049392107
0.2133145122661854, 0.334606929746256, 0.5552236485039836, -0.7863512434110329, -3.030170823630411, 0.017369261943399793
0.21331589194086448, 0.3346118248742476, 0.5552004225380991, -0.7863687719861353, -3.0301634454976654, 0.01748125809385427
0.21329981651753663, 0.3346055451862674, 0.5552283662158196, -0.786333079721537, -3.0301768667059874, 0.017332482996351366
0.21330595200005747, 0.3346065187581352, 0.55520400989164, -0.7863173183676408, -3.030189785573201, 0.017463412860695058
0.21330848268353567, 0.3346067384765849, 0.5551941868255956, -0.7863658204419924, -3.0301520910896556, 0.017480776257115693
0.21331196471346278, 0.33460595884038946, 0.5552140020102307, -0.7863999427424491, -3.030133722223324, 0.017368184999948605
0.21329927360698503, 0.33461162937573413, 0.5551994627719898, -0.7863085978743467, -3.0301550344437542, 0.01746227844644216
0.2133159358317938, 0.3346034646825346, 0.5552159541782589, -0.7864357023789492, -3.0301229048291747, 0.017424128331039925
0.2133139335251757, 0.334608890404017, 0.5552072121872885, -0.7864024500011965, -3.0301440186928357, 0.017424827868759426
0.21331376183281273, 0.3346091251521819, 0.555218128707134, -0.7864324526098992, -3.0301868465675157, 0.01739062004669041
0.21329956189828592, 0.3346010747516383, 0.5552117531154998, -0.7863168160388119, -3.0301899851551273, 0.01746436329534894
0.2133153011501834, 0.33460957032584865, 0.5552204018323422, -0.7863877558574852, -3.0301620120249075, 0.017350821566514
0.21330502245927863, 0.3346148620927051, 0.5552017417097781, -0.7862724662889492, -3.0301646456647418, 0.017442467820146704
0.21332098808335104, 0.3346129669320926, 0.5551982937405348, -0.786387375260337, -3.030159579227881, 0.0174438607075511
0.21330638228578142, 0.3346040164916476, 0.5552118930191167, -0.7862843057458672, -3.0302125016143693, 0.017389303854916775
0.21330383116202514, 0.3346030357229261, 0.5552162824093936, -0.7863510133282935, -3.0301707026717257, 0.017388325930610682
0.2133103710613382, 0.334601473657656, 0.5552118930191167, -0.7863569459543331, -3.0301937888874875, 0.017389511534119932
0.21330816846516595, 0.33460640345966103, 0.5552124937643302, -0.786431469838551, -3.0301847179603696, 0.017484812282520874
0.21330859108252428, 0.3346031822028287, 0.5552149879323595, -0.7863325351910161, -3.0301742845463493, 0.017425312060977634
0.21330077994475996, 0.3346128846132142, 0.5552093409191377, -0.7863658364125743, -3.0301527666986225, 0.017462538863101017
0.21330655257373904, 0.3346160906120906, 0.5552094483154422, -0.7863665826211047, -3.030154463378376, 0.017387739407861598
0.21331709212017452, 0.3346243209911108, 0.5552154826100535, -0.7863749979445745, -3.0301886247355636, 0.01740825910198029
0.21330232552789186, 0.3346017457363965, 0.555220659436959, -0.7863118116809165, -3.030168406461146, 0.01738742673193848
0.21331434604805208, 0.3346064367942981, 0.5552170475816025, -0.7863690744918734, -3.0301652924378937, 0.017406662413637277
0.21329854530009817, 0.33461368582577344, 0.5552183297751901, -0.7862996405998633, -3.0301970211324734, 0.01737048049615922
0.21330747578910036, 0.33461933131337485, 0.5552026708472841, -0.7862573422893736, -3.0301809203696086, 0.017443062947643112
0.2133055975244513, 0.3346129569809025, 0.5552060941427359, -0.7863298238929397, -3.0301623666309228, 0.017443476781697376
0.21330414950430457, 0.33460408024109295, 0.555217400492974, -0.7863692921985621, -3.0301665266542095, 0.017369780987788387
0.2133054733018749, 0.33461724435026985, 0.555202810498296, -0.7863933279762687, -3.030183795060797, 0.01742742943717981
0.21330163676526934, 0.3346079353219329, 0.5552130233360798, -0.7862999088982123, -3.030196853365243, 0.017370275833169507
0.21330149050128688, 0.33462393253259465, 0.5551903431339995, -0.7862990791010878, -3.0301937713683356, 0.017501769003106498
0.2133088511526973, 0.33461264492399395, 0.5551884906911572, -0.786374340150649, -3.030186072363591, 0.01752036141659245
0.21330645070534368, 0.3346245248478665, 0.5551958687893522, -0.7863171853345228, -3.03018898487509, 0.017500916846494997
0.2133084389436993, 0.33460263065522694, 0.5552204707581441, -0.7863687360266722, -3.0301654976303323, 0.01740686866051766
0.21330007670916054, 0.3346191320609265, 0.5551896209167528, -0.7863171237451589, -3.0301891855347414, 0.01750112663509432
0.21331000808873507, 0.33460049425172894, 0.5552005989225981, -0.7863737960043092, -3.030185980666063, 0.01752089773404985
0.21329686668905753, 0.33461191551632613, 0.5552020699151056, -0.7863329072310009, -3.0301751920767783, 0.01740728964955578
0.21330012473811621, 0.334618229543875, 0.5552083549248454, -0.7863061918737445, -3.0301448351572176, 0.01740489538542636
0.21330232552789186, 0.3346017457363965, 0.555220659436959, -0.7863660446522794, -3.030154536227216, 0.01738773616329191
0.2133156897061556, 0.33461881444820785, 0.5551970238173211, -0.7863812318787278, -3.030135566367387, 0.01747997117774771
0.2133102108965406, 0.3346010026344848, 0.5552050727684875, -0.7863386191815841, -3.030197486239151, 0.017427452420328674
0.21329978025072677, 0.3346130277740187, 0.5552315687797743, -0.7862915512183121, -3.0301637645724804, 0.017293591129084566
0.21331838840853193, 0.33459636241747415, 0.5552118930191167, -0.7863932160909629, -3.0301842399759407, 0.017389304883043986
0.2132959499101952, 0.33462106539053355, 0.5552071875593286, -0.7862448213216603, -3.0302097243757955, 0.01742632202088023
0.21330057357191878, 0.3346082932082487, 0.5552149879323595, -0.7863504985942955, -3.0301699634574, 0.017425828298906983
0.21330694950506704, 0.33462600440196644, 0.5552156715004933, -0.786299848077985, -3.0301963314354614, 0.017388921194038162
0.2133078302613259, 0.3346128930796212, 0.5552005866556138, -0.7863355872824918, -3.030185132041734, 0.01746351666055452
0.21331005686381208, 0.3346120100940949, 0.5552017293149628, -0.7863299467222621, -3.0301622272581614, 0.017443271996871592
0.21331311096168493, 0.33460709441263703, 0.5552038088890022, -0.7863590832353088, -3.0302031703395036, 0.01748345105204761
0.2133046297077845, 0.33460978145023657, 0.5552026953672278, -0.7863111343756913, -3.0301656269358017, 0.01750006313994153
0.21330947033383751, 0.3346023799416371, 0.5552083746995166, -0.7863167677814511, -3.030189762308795, 0.01746320339174374
0.21330917763491303, 0.3346128124296152, 0.5552083426397464, -0.7863634292591954, -3.030142218148264, 0.017405482537519123
0.21331660847060688, 0.33459807100529027, 0.5552149879323595, -0.7863688050268827, -3.0301647356656116, 0.017425104943239175
0.21330083994112362, 0.3346053752121187, 0.5552039669578277, -0.7863354133703501, -3.0301857857558847, 0.017445821329526833
0.2133161877959532, 0.3346130070807782, 0.5551771538170015, -0.7863683864805424, -3.0301611362173144, 0.01757524978147292
0.21330297611088808, 0.3346087321183971, 0.5552020453130667, -0.7863207860972087, -3.0302028659265456, 0.017408369350678948
0.2133052028308627, 0.3346152967667739, 0.5552204264867179, -0.7863095206368429, -3.0301575824490214, 0.017349432756979827
0.2133129703383394, 0.334618078234554, 0.5551982937405348, -0.7863691832658304, -3.0301645051376744, 0.01744417087658067
0.21329937783268302, 0.3346003031809503, 0.5552155099746601, -0.7862995169729846, -3.030196455328677, 0.017388177053296688
0.2133142181614558, 0.334610779494219, 0.5552016801112365, -0.786359642497944, -3.030204054709429, 0.017446156285093953
0.213321208853481, 0.33461750009427527, 0.5552047303647735, -0.7863845655010364, -3.030148465906013, 0.017424518599322484
0.21330552540266678, 0.33459656228589485, 0.5552239061148035, -0.7863837322587905, -3.0301493497224516, 0.01740627938781087
0.2132996000275257, 0.3346125935894867, 0.555212883926608, -0.786309091984988, -3.030156868254095, 0.01738693814639777
0.21331199953821636, 0.3346107849655575, 0.5552192713668751, -0.7864268436282899, -3.0301640689151603, 0.017370582742916606
0.21330033049611802, 0.33459111810224584, 0.5552244281704137, -0.786387349753217, -3.0301618905379613, 0.01736913840354571
0.2133113161008305, 0.3346162463725739, 0.5551941176444662, -0.7863120204833977, -3.030167367241646, 0.01742452196649145
0.2133155526150516, 0.33461081842391893, 0.5551869568474304, -0.7863682681214885, -3.03016159093196, 0.01755734472831091
0.2133039595983022, 0.33461603467528517, 0.5551948844748088, -0.7863534705026572, -3.0301802057508196, 0.01748322203776486
0.21330453244938208, 0.33461405240272285, 0.5552115401338243, -0.7863564988840137, -3.0301931582886628, 0.017427218687449435
0.21331285838456032, 0.3346216248401435, 0.5551915285496172, -0.7863297249836795, -3.03016082125528, 0.017499217304453998
0.21331319099984725, 0.334622611402035, 0.5552047303647735, -0.7863117789070303, -3.0301673538807226, 0.017424517567771348
0.21332205319560127, 0.3346051236859531, 0.5552090705086331, -0.7864133023717962, -3.0301889726569926, 0.017484091027352724
0.21331639718848536, 0.3346182471051794, 0.555201327066533, -0.786377387371948, -3.0301984980544363, 0.0174835539672836
0.21331000858134602, 0.33460799222050497, 0.5552016741930829, -0.7863872342921565, -3.0301603602655773, 0.01742637175458433
0.213303497293224, 0.3346143584970188, 0.5552115523672058, -0.7863536087057528, -3.0301816034098707, 0.017426527377106277
0.2133092278029667, 0.33460527127002165, 0.5552172240604718, -0.7863510154723303, -3.030170557023579, 0.01738811919507271
0.2133117110688679, 0.33461384184345033, 0.5552059053843394, -0.7863686701290707, -3.030164080851694, 0.017462815763139163
0.21329634229305336, 0.334617851044102, 0.5552115893901254, -0.7862905000237788, -3.0301607519689373, 0.01742433741845697
0.21330224162026135, 0.3346101315402917, 0.5552051279231336, -0.7862992945419328, -3.030195031716166, 0.01744486881181985
0.21331694691951972, 0.3346115468689655, 0.5551861547186308, -0.7863721215911482, -3.030175080434898, 0.017482708332864458
0.2133064868408127, 0.3346005151882084, 0.5552206102325645, -0.7863595864085283, -3.03020561014605, 0.017390412402888907
0.21330822253737375, 0.3346096787714032, 0.5552049885060244, -0.7863447484300656, -3.0301454973091078, 0.017461322697510547
0.21331121426150115, 0.33460815411485706, 0.5552084820957118, -0.7863361687956738, -3.030186827038576, 0.01738871785922381
0.21331379171772105, 0.3346132265436244, 0.5552058807823088, -0.786338323263081, -3.0301965526700863, 0.017464000588583786
0.21330176270949827, 0.3346007909016573, 0.5552045196752983, -0.78630523494987, -3.0302187613472844, 0.01742686637415819
0.21331134868559462, 0.3346087542906942, 0.5552049514833254, -0.7863715539378743, -3.0301757698756897, 0.017463515129808302
0.21330495205045977, 0.3345906539402134, 0.5552407002736779, -0.7863142527213935, -3.0301813552669596, 0.01733121492932376
0.21331042543110443, 0.3346055136001278, 0.555211728833047, -0.7863719671058241, -3.030177144205643, 0.0174075702036795
0.2133138314575375, 0.33460079769853657, 0.5552215764598376, -0.7863900818384936, -3.03017281750121, 0.017388815160629786
0.2133006557205594, 0.3346171720346772, 0.555206057281489, -0.7863020721579953, -3.0302067430866044, 0.017445766529069085
0.21330343493337944, 0.33461039887516825, 0.5551994135161524, -0.786302136963324, -3.0302061083261522, 0.01746495612755923
0.21329754352869704, 0.3345979717008614, 0.55521876903984, -0.7863143185437815, -3.030179725902194, 0.01740622811391187
0.2133121809385886, 0.3345989103910315, 0.5552294843384473, -0.7863331816448242, -3.030176931788276, 0.01731321278383732
0.21332103813406975, 0.33460542598624715, 0.5552071753259776, -0.7863749613580908, -3.030187918519586, 0.017426498427920496
0.21332016336120635, 0.3346178093001751, 0.5552047427596299, -0.7863816462811559, -3.0301367955316842, 0.01742381971460051
0.2133159416494823, 0.3345918803326607, 0.5552249995571383, -0.7864444524381056, -3.0301587568066637, 0.017388919280024565
0.21330351281611226, 0.33460199119193623, 0.5552151643388292, -0.7863327343731293, -3.0301748783359566, 0.01740687085908579
0.2133074271479093, 0.3346078154596237, 0.5552015405142742, -0.7863557864087131, -3.0301907132118684, 0.017520999905075652
0.21331168397852157, 0.3345896184044716, 0.5552308281650018, -0.7863203207452009, -3.030203934667876, 0.01735104960934093
0.213302208806813, 0.33459749259289706, 0.5552210051950268, -0.7863875407832879, -3.0301618600595708, 0.01736913926270421
0.2133018327907041, 0.3346125298037378, 0.5552073763939266, -0.7862783389302523, -3.0301889725686237, 0.017406769180763212
0.21331583724957817, 0.3345953817402942, 0.5552162824093936, -0.7863691725440856, -3.030165650414416, 0.017387809730206354
0.21330543354931022, 0.33462471750843814, 0.5552200486574054, -0.7862967730772349, -3.0301846729084034, 0.01738822125113626
0.21329366702725389, 0.3346010913640828, 0.555213286214328, -0.7863322036025245, -3.03017481787299, 0.01742518775388104
0.21330651880971854, 0.33461693519492586, 0.5552027981557033, -0.7863416518186467, -3.03020942825173, 0.0174278172736429
0.2133098504028387, 0.3346074187681434, 0.5552073763939266, -0.7864057206552644, -3.0301561221972926, 0.01740708138189377
0.21330882929464628, 0.3346200697627082, 0.5552037766326425, -0.7863150284253934, -3.0301789622322817, 0.01742541835407134
0.21331207961173965, 0.3346073452649777, 0.5552159049218355, -0.786374535188776, -3.0301882445405557, 0.017426907673560046
0.21329916580942374, 0.3346035148238274, 0.555214046281281, -0.7863143079311713, -3.030179228497717, 0.017425622887069014
0.21331739738229502, 0.3346007115640317, 0.5552117412018349, -0.7863507230037652, -3.0301698878424843, 0.01740635343399375
0.21330344691059341, 0.3346218995406123, 0.5552026708472841, -0.7863479452596819, -3.030157887936619, 0.017443788138393063
0.2133149686699188, 0.33460858427215373, 0.5552071999280741, -0.7863872627144697, -3.030160197125446, 0.01742541646328595
0.21330027292792972, 0.33460719995518284, 0.5552119176213207, -0.7863148662850022, -3.0301801120974043, 0.01738832848984386
0.21330126053326973, 0.3346028409318551, 0.5552261054071805, -0.7862658140050895, -3.030217782658102, 0.017370755002704675
0.2133123178893876, 0.33461182946710377, 0.5552203894634493, -0.7863178554116034, -3.030192443628943, 0.01735131309488698
0.21329701525525277, 0.33461245740699547, 0.5552106231442872, -0.7862962737472348, -3.0301839959479047, 0.01742572781796887
0.21330193741650608, 0.3346090286006942, 0.5552160936210887, -0.7862993854698432, -3.0301959513131274, 0.01740756970267817
0.2133161520157262, 0.33460888445248677, 0.5551896209167528, -0.7863536881295264, -3.030179285469767, 0.017500505870390554
0.21331398360671466, 0.3346013492569856, 0.5552160936210887, -0.7863719586289671, -3.030176981384424, 0.01740736179164797
0.2133085109411354, 0.3346190252061675, 0.5552026585881117, -0.7862602320111398, -3.03019247533762, 0.01744375509884115
0.21330774551601994, 0.33460886006804275, 0.5552026585061757, -0.786337910052443, -3.030195784544957, 0.01750224899404227
0.2133145586461687, 0.3346232914399507, 0.5552179200495071, -0.7863336014649738, -3.0301760083080693, 0.01735071976208391
0.2132984228222966, 0.33459716953945134, 0.5552121558005175, -0.7862989128940215, -3.030195111800003, 0.017444121134047336
0.2133039595983022, 0.33461603467528517, 0.5551948844748088, -0.7863173147288315, -3.0301894518317027, 0.01748301615592401
0.21331164634606142, 0.3346049143299245, 0.555212883926608, -0.7863635867167, -3.030142521863462, 0.017386626313886027
0.2133070767936526, 0.3345941476774552, 0.5552143919035963, -0.7863536635843862, -3.030181835870001, 0.017406721130444492
0.21330631431948036, 0.3346116063044267, 0.5552049638520279, -0.7863325125819474, -3.0301734734562094, 0.017462816432618565
0.21330213344493182, 0.33461362309193, 0.5552104466914505, -0.7862597376993393, -3.0301926926826015, 0.017443959833297933
0.21330606393978474, 0.33460297196063965, 0.5552107749485954, -0.7863748553555668, -3.03018884483168, 0.017408468074151893
0.2133109399208603, 0.33461115258960666, 0.5552071999280741, -0.7863690376155256, -3.0301649954854812, 0.017425520535405963
0.21332122906814566, 0.3346182610117739, 0.5552101640460173, -0.7864143411873423, -3.03019087970554, 0.017408958770850514
0.21331354539568295, 0.3346161731661388, 0.5552026462194086, -0.7863357907422184, -3.0301854340418513, 0.017444662106098487
0.21331110616971596, 0.33461164566904766, 0.5552138008640936, -0.7863692842013578, -3.0301659030140273, 0.017388223088450817
0.21330528278355176, 0.33459945331029434, 0.5552327555989458, -0.7863633833661564, -3.0301441053846414, 0.017330884926953782
0.2133121375122674, 0.3346113947939568, 0.555201704687107, -0.7863719112756361, -3.030176206035362, 0.017444868643911635
0.21330455831997663, 0.33460168202418344, 0.5552151519700204, -0.7863175756530947, -3.030191172012566, 0.017407466416678015
0.21329994042478395, 0.3346062136870824, 0.5551987157815119, -0.7863143731072658, -3.0301782968778026, 0.017462923381275287
0.21330255996106062, 0.33461117610072805, 0.5552062459676433, -0.7862994959305547, -3.030195479672019, 0.017426220790104398
0.21332063166128754, 0.3346079014397927, 0.5551971205237368, -0.7863902574259968, -3.030171249796967, 0.01744530632397342
0.21329018474277683, 0.33459695027014735, 0.555212149783071, -0.786253685245993, -3.030170177121255, 0.01742413000463738
0.21331103031245924, 0.3346077097122497, 0.5552038334648486, -0.7863351967683244, -3.0301845680115753, 0.01748195725495869
0.21331499242857038, 0.3346250833722347, 0.5551770842599547, -0.7863509569645012, -3.030167250633761, 0.017519410999400273
0.21330623991114075, 0.33460757018170173, 0.5552070355473168, -0.7863529423610898, -3.030179618439308, 0.017501658483620744
0.21331642668966566, 0.33460582147000106, 0.5552170229793407, -0.7863568062506603, -3.0301931411287524, 0.017407950101410066
0.2133060453392048, 0.334594398170207, 0.5552264880397507, -0.7863329585360375, -3.030176155997354, 0.017349972567525605
0.2133122352235162, 0.3346079062008153, 0.5551963860146166, -0.7863749222035066, -3.030187767588595, 0.017445562559798435
0.21330751561498879, 0.33459938971021813, 0.5552272481062074, -0.7863691486146249, -3.030166871063129, 0.017350923902359337
0.21330675495339319, 0.33460910096574936, 0.5552128469035895, -0.7863360458621717, -3.0301869660138308, 0.017388922171917724
0.21331075938242838, 0.33461071736107406, 0.5551885152928561, -0.7863139035719832, -3.0301766801304595, 0.017518453580314453
0.2133005437029168, 0.33460419153497417, 0.5552272357372726, -0.7862631251590668, -3.030206675442339, 0.017351415315988397
0.2132986528205186, 0.33461430256253816, 0.5552026707394406, -0.7862804920409667, -3.030198448806341, 0.017501662073275068
0.2133039832834568, 0.33460358723518363, 0.5552107995507568, -0.7863328902833315, -3.0301748664374277, 0.017406872388378316
0.21330876267906546, 0.33459587183544276, 0.5552286996704889, -0.7863572491068208, -3.0301956523246907, 0.017314169211195878
0.21331211134812972, 0.334607237864229, 0.5552260366386068, -0.7863755526262589, -3.030190960325204, 0.017315018157671117
0.21331400127987402, 0.33460130048676623, 0.555214141432654, -0.7863546057366051, -3.030182955048825, 0.017351316992988797
0.21330705561369137, 0.33461019422600197, 0.5552159171552473, -0.7863716779933199, -3.0301768170397168, 0.017426421889701196
0.2133081205817302, 0.33460158611519675, 0.5552193527005957, -0.7863504570362392, -3.0301696731590075, 0.017425413574080614
0.21330536128529617, 0.3346207910300069, 0.5551960453218934, -0.7863719468454341, -3.0301754899025855, 0.01748258038530436
0.21331219569466614, 0.334615379514087, 0.555213624325841, -0.7863145233114187, -3.0301793992204606, 0.01740655920464974
0.2132997325717695, 0.334613931272614, 0.5552128346701751, -0.7863024854290107, -3.030208116620592, 0.017389821351469232
0.21330400146557632, 0.334615109893939, 0.5552138378034732, -0.7863425393813875, -3.030135873598871, 0.017386245069806662
0.21330860718029648, 0.33462784572036086, 0.5552058115609998, -0.7863209265818814, -3.0302027916289043, 0.01740836667558062
0.21330627035706742, 0.3346075633275627, 0.5552051279231336, -0.7863355976734684, -3.0301856105761273, 0.017444867782496293
0.2133193662071917, 0.3346036430270895, 0.5552049514833254, -0.7863351509080658, -3.0301848060289145, 0.01746289440141621
0.21330917763491303, 0.3346128124296152, 0.5552083426397464, -0.7863088349050446, -3.0301561806053954, 0.01740517069057903
0.21331658312609897, 0.3346179539468765, 0.5552024942886858, -0.7863661184576833, -3.0301523203568697, 0.01746191749326743
0.2133167934832336, 0.33462249014657014, 0.5552089309564242, -0.7863994349949861, -3.0301318445798926, 0.017442775122261656
0.2133066346566272, 0.33462496929714103, 0.555200517473897, -0.7863000793544047, -3.0301958665849993, 0.01740757448586625
0.21330455050819788, 0.3346255751170847, 0.5552145780580543, -0.7863480707833279, -3.030158788642497, 0.017406488619639084
0.2133189493753928, 0.3346061215158629, 0.5551948968434263, -0.7864050132634357, -3.0301540592994813, 0.017482006272553703
0.21331113176911498, 0.33459927528153816, 0.5552174127522936, -0.78636651618949, -3.030154670498929, 0.0173686761962731
0.21331272780306387, 0.33459712241897255, 0.5552096691244521, -0.7864264727965213, -3.0301625767187508, 0.017426322858141472
0.213306148057017, 0.33459870997127583, 0.555214058540537, -0.7862930929550647, -3.030172086925769, 0.017424412504559488
0.21330589315556214, 0.3345938464690235, 0.5552319708776532, -0.7863510814854068, -3.0301719918337486, 0.01733142609205451
0.2133103752297344, 0.33461305464683067, 0.5552028473595152, -0.7863482256182942, -3.030158052119494, 0.01742472727674296
0.2133181862759931, 0.3346033520599394, 0.5552084944644905, -0.7864602691097984, -3.03014239625184, 0.01738832934965456
0.213305655630375, 0.3346169416014912, 0.5552180137681807, -0.7862905135583895, -3.030160936133262, 0.017405270225864737
0.2133161083150037, 0.33460477693379603, 0.5552159049218355, -0.7863927604261804, -3.0301834461415718, 0.017426803825721985
0.21331059159727495, 0.3346184099309804, 0.5552026339860997, -0.7863387138252892, -3.030197116439521, 0.017445559690210173
0.21331255426421974, 0.3346205222837819, 0.5552024942886858, -0.7863659711290514, -3.0301524954774646, 0.01746212484746894
0.2133052687765302, 0.3345995121310585, 0.5552206718319423, -0.7863630923070501, -3.0301427388055346, 0.017386831473861265
0.21330333104144242, 0.33461386536220145, 0.5552049514833254, -0.786317206158188, -3.0301899421290837, 0.017463619097029037
0.21331052381821705, 0.33461359654067696, 0.5552114004829954, -0.7863112307411938, -3.030166948038907, 0.01744316304702726
0.21331404173142499, 0.33460533361439837, 0.5552280132523839, -0.786369165183, -3.0301662119269883, 0.017369363444710784
0.21331141833611164, 0.33460042696663156, 0.5552083993274327, -0.7863476235907915, -3.0301570231285297, 0.017461813281700204
0.2133090175540412, 0.33460073524947087, 0.5552107871819787, -0.7863538542016033, -3.030181786261667, 0.01740746794717765
0.21330210361687224, 0.3346095215588054, 0.5552226945433965, -0.786299632197592, -3.030196858583385, 0.017370272104283532
0.21331042180873863, 0.33460550369901804, 0.5552257647293488, -0.7863715344939701, -3.030177161335962, 0.017407564944042254
0.2133040674090743, 0.3345993252710568, 0.5552140832205656, -0.7863418783920488, -3.0301348996827184, 0.017423333639423534
0.2133157099155117, 0.33460717212480284, 0.5552181532833166, -0.7863176001888516, -3.030191373479241, 0.017388402270300557
0.21329995096913906, 0.334606145508158, 0.555224835506544, -0.7863142324662821, -3.0301796815238897, 0.017406971199383173
0.21330835885636926, 0.33461847381937987, 0.5552081414603853, -0.786296433148586, -3.030183689663917, 0.01742531172100492
0.21331176124601411, 0.3346063007121165, 0.5552147868773463, -0.7863197383895159, -3.0302017588206125, 0.017445245234518094
0.21330710313209933, 0.33460184355280137, 0.5552174127522936, -0.7863482910690108, -3.030159468524453, 0.017368780368124656
0.21329843268344598, 0.3346296358020084, 0.5551958687893522, -0.7862628373524287, -3.0302031562913427, 0.017501020821505047
0.2133059803011356, 0.3346229289488606, 0.5552002336368975, -0.7863716246437246, -3.030175035227206, 0.017501226210137336
0.2133034610695195, 0.334621841235133, 0.555214754655702, -0.7862755643825007, -3.030177840262078, 0.01738742674871915
0.21331367334817772, 0.3346118304742779, 0.5552180137681807, -0.7863452224259366, -3.030146672107388, 0.017405167996690715
0.21330757202420758, 0.3346281518148917, 0.5552058237943611, -0.7862999585656448, -3.03019585990429, 0.01740757228637306
0.2133135372280212, 0.334616253204963, 0.5551903431339995, -0.7863716520275479, -3.0301748007518023, 0.01750156105281252
0.2133024440884102, 0.33460314190762774, 0.5552085265039881, -0.7863410681758854, -3.030209041428398, 0.017446463717595822
0.21330799653370977, 0.3346133862623654, 0.5552071875593286, -0.7863177563345656, -3.030190663152664, 0.01742611616178685
0.21331199953821636, 0.3346107849655575, 0.5552192713668751, -0.7863722489764572, -3.0301780328964827, 0.01737027193605535
0.2133088073832379, 0.3345961337226769, 0.5552304701356818, -0.786392679369479, -3.0301850367968526, 0.017371062921347116
0.2133142878501378, 0.3346024521856279, 0.5552051279231336, -0.786389945393, -3.030171438062082, 0.01744476381906741
0.21331127786579943, 0.3346114108553088, 0.5552028844603583, -0.7864303931885929, -3.030099771328564, 0.017422949722906405
0.2133070908394702, 0.33459408899028853, 0.555226475670824, -0.786408550440734, -3.0301692388837864, 0.01735108476810338
0.21330797205389243, 0.33460104442978983, 0.5552107995507568, -0.7863328572725304, -3.03017473922854, 0.01740666631285497
0.2133263130899768, 0.3346187234463504, 0.5551924699631715, -0.7864384874844064, -3.030132584369898, 0.01749921457109038
0.21330022537699034, 0.33460314702573535, 0.5552261176406977, -0.7863901916364148, -3.030173679045642, 0.01737078788125786
0.21330834478249136, 0.33460612889972513, 0.5552117534610913, -0.7863480798469773, -3.030158542451381, 0.017406077006563284
0.21330814861844738, 0.3346139376490162, 0.555201704687107, -0.7863177108358134, -3.0301902032325763, 0.01744476570999244
0.2133093060629147, 0.33461008168434314, 0.5552084575196715, -0.7863420113278704, -3.030210179344915, 0.017390313631651787
0.213328791718704, 0.334603309876083, 0.555205893015627, -0.7864079730418863, -3.030165898918576, 0.017462894761042878
0.21330990477243134, 0.33461145870900655, 0.5552072121872885, -0.7862753972479618, -3.030176648935758, 0.017424311068890367
0.21329746098677968, 0.3345890926633706, 0.5552276994684797, -0.786308510861078, -3.0301568161392947, 0.01738598055541853
0.2133197345980141, 0.3345971464510891, 0.5552149509874847, -0.7864502065913385, -3.030181043965977, 0.017427607933296112
0.21330455202104268, 0.3346132661491539, 0.555206106537582, -0.7863449826225885, -3.030146072979264, 0.017442881432534887
0.21331861735646043, 0.33461242107338346, 0.5552213680190483, -0.7864365415453695, -3.030124677248552, 0.017349536367401452
0.21331648464278868, 0.33460987101102574, 0.5552028227316165, -0.7863176650428626, -3.030190441515429, 0.017425702880079476
0.21331082800441611, 0.3346146993224081, 0.555200434797229, -0.7863476570690824, -3.030156689014957, 0.017480670223232273
0.21331522804275496, 0.33459734911115857, 0.5552017537755225, -0.7863834910662394, -3.0301467221320406, 0.017499856436732276
0.21329698865583552, 0.3346323402028785, 0.5551981294410786, -0.7862574320560665, -3.030180826905082, 0.017462334759253795
0.21331463744077314, 0.3345873816506048, 0.5552308403985626, -0.7863354751608352, -3.030187629603162, 0.017350254778401603
0.21329587186416815, 0.3346162549892976, 0.5552159541782589, -0.7862538271320775, -3.030170102081515, 0.01742412729837178
0.2133024879986034, 0.33460718487381497, 0.5552083624661874, -0.786319904947568, -3.030201527557162, 0.017464309906894855
0.21330391345436472, 0.33461191455398936, 0.555207351791807, -0.786338743216755, -3.0301982359681547, 0.017408469964320425
0.2133158417257801, 0.33460696283014635, 0.5552072368672339, -0.7863785298154147, -3.0301252897544524, 0.017423127567312725
0.2133121516698549, 0.3346113364886972, 0.5552137884952744, -0.786336048006119, -3.0301868203608384, 0.0173887156593212
0.21330030108918233, 0.3346236102466231, 0.5552081414603853, -0.786296499899179, -3.030183946903405, 0.01742572800854462
0.21331417980056097, 0.3346059437411643, 0.5552104466914505, -0.7863688277794539, -3.0301643844205817, 0.017443959833282254
0.21330495581568742, 0.33459066432977697, 0.5552266643776642, -0.7863512022755097, -3.030171998508118, 0.017331428290091884
0.21331433071922828, 0.33461880417663326, 0.5552134353724251, -0.7863172760620979, -3.0301906030138297, 0.01742590537162092
0.21330397864467937, 0.3345949544661629, 0.5552385964995913, -0.7863455170259768, -3.03014967346641, 0.017292739199358895
0.21330469625750392, 0.3346022917516872, 0.5551975853943829, -0.7863533934641699, -3.030180097925921, 0.017482268952579465
0.2133022800795931, 0.33461490230230384, 0.5552224812676573, -0.7863260960642545, -3.0302267238853364, 0.01739130969289193
0.21330844928889442, 0.33461503094310674, 0.5552047749971502, -0.7863352650425682, -3.030184677196376, 0.01748216247189161
0.21330323057454978, 0.33462219957814693, 0.5552034111769405, -0.7863223246224404, -3.030211943584085, 0.017521904886217257
0.21329889051351994, 0.33459373056327796, 0.5552530279655258, -0.786309129695718, -3.030159548513735, 0.017273340798045548
0.21330570944956084, 0.3346094101336106, 0.5552128592723988, -0.7863331266322663, -3.030175295625611, 0.01738822375772525
0.21330475440058003, 0.3346062765022656, 0.5552095050997554, -0.7863325228633293, -3.030173952014888, 0.017444167626406368
0.21331736768620843, 0.3346090134835684, 0.5552082933834823, -0.78637519592489, -3.030188493832319, 0.017408055981402628
0.21331032755651375, 0.33462140528613343, 0.5552013516423571, -0.7863173781755741, -3.0301892697135617, 0.017482060390740493
0.21330193409099776, 0.33458808719934735, 0.5552354184679534, -0.7863270025579522, -3.030153420870919, 0.017329932303547402
0.21329760175144394, 0.3346098462848423, 0.5551972390339162, -0.7862687891354696, -3.03015192082614, 0.017498673403736117
0.21330903568523488, 0.3346246610373115, 0.5551981294410786, -0.7863480824661817, -3.0301572344390384, 0.017462229536564837
0.21332021337505028, 0.3346102682301839, 0.555213624325841, -0.7863873101945906, -3.030160511179185, 0.01740656023505839
0.2133094201210527, 0.3346099209501533, 0.5551994932649076, -0.7862930271196137, -3.03017066893167, 0.01748035933066038
0.21330552899719873, 0.3346089751807738, 0.5551941745665159, -0.7863325879420802, -3.0301730200430397, 0.017481468103149444
0.21330452207638573, 0.3346256913362282, 0.555190410557132, -0.7862932540535958, -3.0301699217774756, 0.01751807253628138
0.21329916580942374, 0.3346035148238274, 0.555214046281281, -0.7862597128560967, -3.0301931898453858, 0.017425311700118032
0.21330137643528055, 0.3346108752230392, 0.5552238250088851, -0.7863149919180358, -3.0301810123850212, 0.017351028816727843
0.21330018904816817, 0.33462715698620166, 0.5552013762701667, -0.7862386023870976, -3.0301849779412886, 0.017480669553393162
0.21330570944956084, 0.3346094101336106, 0.5552128592723988, -0.7863331266322663, -3.030175295625611, 0.01738822375772525
0.2132981046352417, 0.33461619125485814, 0.5552104466914505, -0.7863141854528926, -3.030178906529495, 0.017444478152948174
0.21331031732480252, 0.33460900510426106, 0.5552170475816025, -0.7863508493439008, -3.030170090619332, 0.017406766482527862
0.21330302822367175, 0.3346004535653348, 0.5552074454171616, -0.7863142086177046, -3.030178145548324, 0.017462713191484937
0.2133103031855085, 0.334609063471228, 0.5552049638520279, -0.7862959622559978, -3.030182684278008, 0.01746240216656078
0.21330843441070596, 0.3346027206362067, 0.55519413161863, -0.7862962020160426, -3.0301826792240134, 0.017463152546358586
0.21330439208439098, 0.3346011889668787, 0.5552085510799418, -0.7863173287734366, -3.030190264176547, 0.017444763986898815
0.2133110982034024, 0.3346001199503241, 0.5552107626059394, -0.7863958194937015, -3.0301957643705726, 0.01740906364264469
0.21331552949634067, 0.33460673732572677, 0.5551994686371373, -0.7864078112880667, -3.030165887802452, 0.017482163642663855
0.21331417057901758, 0.3345857956618803, 0.5552211691510379, -0.7863903466272256, -3.0301736608336274, 0.01735056931451732
0.21331172874042809, 0.3346137930672613, 0.5552039531578785, -0.7864420669207468, -3.0301468440284802, 0.017407288311563667
0.21330063352219975, 0.3346245963162504, 0.5552213433646532, -0.7862604756304535, -3.0301950998267966, 0.017350924952559525
0.21330926803709097, 0.33460936959066806, 0.5552049761111997, -0.786347667290479, -3.030157167772327, 0.0174620214969429
0.2133076781803012, 0.33461234170577214, 0.5552060695148188, -0.7862629595973257, -3.030204176322952, 0.01744445331419997
0.21330115828203575, 0.33460641977307787, 0.555205085001817, -0.7863175368741757, -3.0301908567696922, 0.0174270703706627
0.21329923777210968, 0.33460750604958633, 0.5552119298805888, -0.7863119760264999, -3.030168557237259, 0.017387637107478406
0.21329160041554635, 0.33460164793966585, 0.5552253945970334, -0.7862905302350456, -3.0301622055263766, 0.01736764541007315
0.21330588137386347, 0.3346024273089207, 0.5552181653323368, -0.7863380118775045, -3.0301971832678625, 0.017446300825861703
0.21331290865283317, 0.3346140840221381, 0.555200410169439, -0.7863353877994832, -3.0301845375379353, 0.01748195811688138
0.2133101368925922, 0.3346085702393648, 0.5551983630003061, -0.7864049052506279, -3.030153852004659, 0.01750032201627526
0.21331574587407617, 0.33459968939670504, 0.5552149509874847, -0.7863775666112721, -3.0301997586466207, 0.017427400463156557
0.21329726536229265, 0.33460456423645313, 0.5552327555989458, -0.7863090360272945, -3.030158277000985, 0.01733098920259305
0.21329953841608806, 0.3346085993026162, 0.555215000191625, -0.7862749359441981, -3.0301769934802083, 0.017424722328385187
0.21330752608096168, 0.3346117902691713, 0.5552115523672058, -0.7863718339040273, -3.0301768051385247, 0.017426423419558357
0.21331074128108116, 0.3345942394979412, 0.5552184110495172, -0.7863505693162997, -3.03016951688321, 0.01742520712668045
0.2133040286756993, 0.3346364745262201, 0.5551771270109698, -0.7862597802794647, -3.0301904871662075, 0.017537415339705417
0.21330659655859396, 0.33460773010550143, 0.5552249800582227, -0.786306245548346, -3.0301464715161885, 0.017329883905813696
0.21330371380390287, 0.3346073101614513, 0.5552270347154379, -0.7863052857782097, -3.030220095732779, 0.017371660354080457
0.21330617632354607, 0.33461099637540026, 0.5552225304204034, -0.786332849932624, -3.0301753008481556, 0.01738822003017175
0.21331387910692162, 0.3346048504637905, 0.5552073763939266, -0.7863693511913398, -3.0301652872133706, 0.01740666614283302
0.21330351207150053, 0.33459369602467487, 0.5552205196550785, -0.7863802017199094, -3.030136317580942, 0.017462270384585254
0.21330937993096344, 0.3346058227804726, 0.5552117412018349, -0.786387125533341, -3.030160850254404, 0.0174069747559901
0.21331119639965032, 0.3346206058694198, 0.5551947385637064, -0.7862835029290619, -3.0302092538999843, 0.017519842288081577
0.21330865506690538, 0.33460725378672734, 0.5552005684082233, -0.7863479874908215, -3.0301576042243017, 0.017444121799876984
0.2133166807885125, 0.3346144653309369, 0.5551971757090203, -0.786387207006214, -3.030159258556063, 0.017462714742452968
0.21329943021195724, 0.3346120907541518, 0.5552203189465567, -0.7862718963560517, -3.0301653163175675, 0.01742402147316855
0.21329876732388975, 0.33460591000059997, 0.555216294668692, -0.7862753031098473, -3.030177907878563, 0.01738742722894548
0.21331498304187793, 0.33462505251007496, 0.5551913397116406, -0.7862959310489134, -3.030181247136971, 0.017518348505899454
0.21330696514780725, 0.3346136369867337, 0.5552192837357466, -0.786333207043879, -3.0301757366044253, 0.017369573593053207
0.21331153017570298, 0.3345968801160891, 0.5552151643388292, -0.7863324872442917, -3.0301746688807167, 0.017406455613345313
0.21329486027376557, 0.3346090365095838, 0.5552127193945441, -0.786292817522829, -3.0301715391585677, 0.017463076569782108
0.21331525706882418, 0.33460552727352805, 0.5552205659813546, -0.7863181691761254, -3.0301927356580016, 0.017332458879352135
0.21330022537699034, 0.33460314702573535, 0.5552261176406977, -0.7864082693379663, -3.0301690552141647, 0.017370890795328164
0.2133026758198224, 0.3346192102425532, 0.5552039654170836, -0.7863121569875043, -3.030168048578093, 0.017406286720952617
0.2133095461577339, 0.3346063157843825, 0.5552183421440517, -0.7863692943770285, -3.0301663811416484, 0.017369574262255008
0.21330342439736089, 0.3346220372496763, 0.5551782840288134, -0.786347359750332, -3.0301551328982352, 0.017556427489493497
0.2133045725291306, 0.3346181505321566, 0.5551992921639792, -0.78635315010569, -3.030179769400563, 0.017501121875761808
0.21330391345436472, 0.33461191455398936, 0.555207351791807, -0.7863568210993583, -3.030193612581637, 0.017408572777165565
0.21330446615727686, 0.3346339606996584, 0.5551990462268219, -0.7863355538985126, -3.0301854146874785, 0.017463929989127134
0.21330369974362895, 0.3346073688038593, 0.5552149509874847, -0.7863411489624744, -3.030209482521798, 0.017427813346801737
0.2133078042133379, 0.33462526335198556, 0.5551969745615657, -0.7863383544747088, -3.030196365058358, 0.01748306341050825
0.2133110444628865, 0.33460765138397536, 0.5552159171552473, -0.7863535671450064, -3.0301813130985362, 0.017426113100448476
0.2133143782249353, 0.33462285661751856, 0.5551992352134625, -0.7863511406435593, -3.030169109894012, 0.017444067161514226
0.21332119023856566, 0.3346059773673227, 0.5552016924538077, -0.7863929935432651, -3.0301828349503936, 0.017445250859622036
0.2133121375122674, 0.3346113947939568, 0.555201704687107, -0.7864265061081958, -3.030162242883146, 0.017445179500593183
0.2133043478652053, 0.33460875203038853, 0.555199450377208, -0.7863658970747718, -3.0301526604188496, 0.017463079152706926
0.21330361734180203, 0.33459848978799106, 0.5552238814865949, -0.7864080143104429, -3.030167985950108, 0.017407980040128262
0.2133055714938239, 0.33462532728938027, 0.5552024820295249, -0.7863145135893337, -3.030178222579127, 0.017462920703625862
0.2132905713207578, 0.3346228396203784, 0.5552181656521665, -0.7862964408621615, -3.03018518628862, 0.017388842838757045
0.2133119610904023, 0.33460594893860435, 0.5552280379068393, -0.786345277590246, -3.0301476104023033, 0.017367869990045557
0.2133164669609318, 0.33460991974895404, 0.5552047749971502, -0.7863896127096465, -3.0301705045506835, 0.017482058499569207
0.21330000177155153, 0.33462670166801245, 0.5551824277388916, -0.786347244031231, -3.030154743223376, 0.0175760285267075
0.21330695102992658, 0.3346136954303956, 0.5552071999280741, -0.7863690706635962, -3.030165122831749, 0.017425726616921405
0.2133174485065007, 0.3346372755395147, 0.555183205180748, -0.7863478168548546, -3.030155202463925, 0.01753736318110541
0.21331105408141987, 0.3346076830399297, 0.55520166182438, -0.7863720757357444, -3.0301766541711177, 0.017426967273494083
0.21331191079692716, 0.33461921029545644, 0.5551935635229448, -0.7863769632883485, -3.030197251398434, 0.017540451314287667
0.2133052933073295, 0.33461185404445526, 0.5552170598408992, -0.7863299143962252, -3.0301632863228525, 0.017406177956926974
0.21331031732480252, 0.33460900510426106, 0.5552170475816025, -0.7863689270573264, -3.0301654671536236, 0.017406869520406945
0.21330154254322345, 0.3346278954936978, 0.5552024820295249, -0.7862962884162277, -3.030183020639999, 0.01746302478313162
0.2133148011910008, 0.3346204001642143, 0.5552090705645479, -0.7863901047778477, -3.030172005216183, 0.01742632068275813
0.2133065337357517, 0.33459627295072847, 0.5552117654842432, -0.7863320893496569, -3.030173388857381, 0.017463354527623546
0.2133066869937929, 0.33461669080055817, 0.555205917643521, -0.7863477355270674, -3.030157276809822, 0.017462227148829116
0.2133035113826638, 0.33461429995392344, 0.5552236361350813, -0.7863539007492213, -3.0301829698069804, 0.01737058018461167
0.21331308214559674, 0.33460229022744215, 0.5551983201001007, -0.7863686999266437, -3.030163464237165, 0.017482005411724243
0.21330182014788487, 0.3346002467590033, 0.5552005928117755, -0.7863291400960045, -3.030161022786805, 0.01750091362526915
0.2133156413736599, 0.33460319060296495, 0.5552062337343021, -0.7863568814207325, -3.0301926878781504, 0.017426601918058733
0.2133215271245526, 0.33463094750114153, 0.5551901521765017, -0.7863693450767129, -3.030163354079464, 0.01748126067656127
0.21330648057714852, 0.3346120994370988, 0.555211564735982, -0.78631468148447, -3.030179004599353, 0.017425415963924166
0.21330375076403063, 0.3345904673588038, 0.5552341116377673, -0.7863476327119644, -3.0301595538308823, 0.017368028974685118
0.21330648046640285, 0.33459969582907956, 0.5552272603656093, -0.7863662579331065, -3.0301553163046075, 0.017350232550431385
0.2133082904123337, 0.3346020889569634, 0.5552119176213207, -0.7863872916319977, -3.030161316521151, 0.01738832745953806
0.21330317895246165, 0.33461331393657046, 0.5552104343226957, -0.78644451927828, -3.030157852933405, 0.017445694182470186
0.21331714779443411, 0.3346160518827254, 0.5552068468572675, -0.7864050080099306, -3.0301546403045205, 0.0174628140631467
0.21329895331625998, 0.3345988682751737, 0.5552336842712922, -0.7863350756634893, -3.0301872007742094, 0.01738986798523212
0.21331025294736425, 0.33461660439131324, 0.5551960823443735, -0.7863448942268353, -3.030145006630158, 0.017479972880604
0.213302039141671, 0.3346171211346487, 0.5552017293149628, -0.7862752376092816, -3.030176491146438, 0.017443374122401115
0.2133103752297344, 0.33461305464683067, 0.5552028473595152, -0.7863482256182942, -3.030158052119494, 0.01742472727674296
0.213312818261596, 0.3346175268995262, 0.5552037766326425, -0.7863873063468078, -3.030160341505191, 0.017425624436479777
0.21329968798030968, 0.3346139964805239, 0.5552026585061757, -0.7863560550603252, -3.0301914198842526, 0.017502767280990723
0.21330144620846928, 0.3346025477843767, 0.5552272727606664, -0.7863272161609538, -3.0301530199647333, 0.017349534289766252
0.2133167810196154, 0.33459938326546873, 0.555214938779946, -0.786362378846548, -3.0302159369491473, 0.01742798973956933
0.21331205509638704, 0.33460251607736874, 0.5552106354035222, -0.7863480260804258, -3.0301579196454735, 0.017424517550126025
0.21331444257063661, 0.3346152572187347, 0.5552202006656908, -0.7863570968466367, -3.030194192737106, 0.017370859894059083
0.21330809372569645, 0.33460160276018064, 0.555207224329272, -0.7862955617630192, -3.030182248340968, 0.017481795145943696
0.21331942799544712, 0.3346076372622434, 0.5552028351003312, -0.786387385575835, -3.0301600578822128, 0.017425211908381158
0.21330307429739917, 0.33461681503993035, 0.5552017170558001, -0.7862781274013348, -3.0301880461061135, 0.017444065940025958
0.21329193701276697, 0.33461126621889675, 0.5552107995507568, -0.7862603171722344, -3.0301938354261, 0.017407080522188166
0.2133126140376238, 0.3346130127337186, 0.5551971205237368, -0.7863359097103882, -3.0301854223186044, 0.017445410288350182
0.21330745139247906, 0.3346069895282214, 0.5552062829904414, -0.7863270378926736, -3.0301510354381276, 0.017423924494447834
0.21330005919136966, 0.33460265411753304, 0.555219516738226, -0.7862991944379458, -3.0301959817857194, 0.017407568841620175
0.2132989074970961, 0.33461877338042256, 0.5552192837357466, -0.7862967565204495, -3.0301853321529606, 0.01736978171026507
0.21330998481237884, 0.33460801889280367, 0.5552038458335296, -0.7863503558904231, -3.030168274427092, 0.01748136131892076
0.21330785850836115, 0.33461277623126845, 0.5552247542316558, -0.7863542495229611, -3.0301832428120803, 0.01735172527719762
0.21329871147983803, 0.3346141787346244, 0.5552249307495614, -0.786372559771463, -3.030179340857518, 0.01733359654360636
0.21330253752164813, 0.3346351271903811, 0.5551935879686732, -0.78629354441116, -3.0301709752204755, 0.017480983498384145
0.21331262214177252, 0.3346129324762388, 0.5552094236873968, -0.786354281712268, -3.0301821850201125, 0.0173888201118474
0.213311282628088, 0.33462453899425304, 0.5552047057368358, -0.7863722159664265, -3.0301767441901726, 0.01742642514155868
0.2133062923187577, 0.33461903065050347, 0.55522024992241, -0.7862366825696908, -3.030175701033704, 0.01736766483520666
0.21330840893238812, 0.3345985288317007, 0.5552327185753957, -0.7863721135520542, -3.0301790006844174, 0.017332972596296375
0.21330339263830075, 0.3346178596003141, 0.5552028351003312, -0.7863510014446908, -3.0301699091859717, 0.017425832215973613
0.21331442367425632, 0.3346029521716774, 0.5552136363582542, -0.7863713813843036, -3.030175600616833, 0.01746405108062837
0.21330989664603, 0.3346115388891479, 0.5551949091025139, -0.7862931812130359, -3.0301706386186367, 0.0174811068360622
0.21330009096045463, 0.3346190740712032, 0.555201704687107, -0.7862993382069332, -3.0301951762397428, 0.017445076568540354
0.21330025523127008, 0.33460724864778796, 0.5552138698878274, -0.7863322195878596, -3.03017413890407, 0.017444373218288723
0.21330111381091588, 0.33460156192290086, 0.5552140709354463, -0.7863628792041696, -3.030141958517355, 0.017424335165488237
0.21330865515736894, 0.33460805073733685, 0.555194137622202, -0.7863047974181674, -3.0302172544043495, 0.017483350012486503
0.2132973112277288, 0.3346136402247959, 0.5551873543866239, -0.7862958890773664, -3.0301816896672573, 0.017519719663679104
0.21330281004689702, 0.33460328310923143, 0.5552283784752428, -0.7863484142593687, -3.030160514150519, 0.017331687774967464
0.2133126055860548, 0.3346006722423233, 0.555202904241834, -0.7864231405437649, -3.0301495318576372, 0.017481569127641868
0.21330805816422208, 0.33461738044835126, 0.5552050712284419, -0.7862608008398294, -3.0301938383623255, 0.01738781195145323
0.21330425402971956, 0.3346005788372753, 0.5552261176406977, -0.7863903391392784, -3.0301735045930354, 0.017370581022120184
0.21330768177569534, 0.33459988248749245, 0.5552338490670106, -0.7863148004261025, -3.0301817413072496, 0.017313315303263604
0.21331220720901575, 0.3346030675105614, 0.5552051525510311, -0.7863660584315674, -3.030152836225258, 0.017443270105833974
0.21331820281433375, 0.3346157740191434, 0.5551925791568934, -0.7863541244656278, -3.0301801453417028, 0.01746395518970367
0.21330856123343428, 0.3346114841624119, 0.5552115401338243, -0.7864112413643884, -3.0301790203495194, 0.01742732253251419
0.21330860136249688, 0.334615582291367, 0.5551992921639792, -0.7863171415619857, -3.0301888399422423, 0.017500709062193746
0.21331062771712295, 0.33459852391299105, 0.5552151273939199, -0.7864141030088829, -3.030191060073255, 0.017409166866874416
0.21331674941035136, 0.3346184471253094, 0.5552090951925471, -0.7863482873513581, -3.0301578520226986, 0.017424517069920625
0.21331086278174619, 0.3345944705299336, 0.5552232414022764, -0.7863696185374269, -3.0301671701267945, 0.017331325098529367
0.21330000886419498, 0.3346101953516477, 0.5552106354035222, -0.7863662035387712, -3.030153680829352, 0.017425243740081982
0.2133103031855085, 0.334609063471228, 0.5552049638520279, -0.7863505572504718, -3.030168722686444, 0.017462713382302354
0.21331797258223817, 0.33461120954912593, 0.5552003979361725, -0.7863565028119095, -3.030191294103363, 0.017482546331930332
0.21330742944079642, 0.33461441373537426, 0.5552215693027757, -0.7862854396322843, -3.0301393940818473, 0.017329082774162497
0.213304029504349, 0.33460770744768775, 0.555198332359209, -0.7862568676782075, -3.0301800422160974, 0.017481105976082906
0.21330827271684918, 0.3346021376499958, 0.5552138698878274, -0.786350411642111, -3.03016921321396, 0.017444063050368473
0.21329812258512623, 0.3346039013017955, 0.5552017555366865, -0.7862930465640395, -3.0301709101159284, 0.017481520876392993
0.2133091855720835, 0.3346004908212204, 0.5552139068270774, -0.786378014941127, -3.0301250113446283, 0.01744197967213579
0.21331009897236547, 0.3346045493415624, 0.5551983077314623, -0.786371471450756, -3.0301753099796658, 0.017482911323029163
0.21330902552147551, 0.33461226096885627, 0.5552138255183223, -0.7863453968067992, -3.0301473013625633, 0.017386729933053367
0.21330723756835882, 0.3346024437691868, 0.5552138821470717, -0.7863475215743048, -3.03015765832314, 0.017443371236844654
0.2133110920122056, 0.3346117039745732, 0.5552017170558001, -0.7863143973686412, -3.0301784977388886, 0.017443858816218343
0.21331789258373912, 0.3346146493662439, 0.555203764263918, -0.7863903729641525, -3.030171837031135, 0.017426115994034146
0.2133194526112229, 0.33461997906530017, 0.5551992228447803, -0.7864084403325595, -3.0301667349746357, 0.017444867806864828
0.21331048778505515, 0.3346210793165098, 0.555214602738143, -0.7863785307097971, -3.0301260145377036, 0.01740489148560737
0.2133040815682773, 0.3346116701556317, 0.5552104713455509, -0.7863267490821353, -3.030150708069506, 0.017442776636796775
0.21331953248259417, 0.3346041361539403, 0.5552115523672058, -0.7864626653329713, -3.030153164416535, 0.01742632151999579
0.21330227311590133, 0.3346265508911824, 0.5551873155673016, -0.7863175161972683, -3.030189603139081, 0.01748247947655074
0.21331078781120355, 0.33461060114189556, 0.5552126827935298, -0.7863510052540116, -3.030170078719851, 0.017406768012099904
0.2133164125508762, 0.33460587983661566, 0.5552049392500169, -0.7863745912920723, -3.030187149637042, 0.017464000229493147
0.21330213985559293, 0.33460203886865, 0.5552194921620642, -0.7863050034920671, -3.0302192071319123, 0.01740895890311044
0.21331357400874543, 0.3345954523701259, 0.5552236973812696, -0.7863626757715296, -3.0301415163106045, 0.0174244567278676
0.21331684708740203, 0.33461495855945395, 0.5552037766326425, -0.7863693760447311, -3.030164790159308, 0.01742531428150185
0.21330574960554716, 0.3346135083549963, 0.5552006112834269, -0.7862932615292916, -3.030171245035441, 0.017461917801431404
0.21330177889169785, 0.33462006130837607, 0.5552125309224563, -0.786381432187849, -3.0301373497905724, 0.01742464756786953
0.21330721121886262, 0.3346107551640946, 0.5551963982478756, -0.7863178316255289, -3.030190209912015, 0.01744476791026103
0.21330954827623416, 0.334618796076715, 0.5551903431339995, -0.7863536073601224, -3.030179551789473, 0.017501663998821176
0.21331218152602824, 0.33461543778121244, 0.5552015405565973, -0.7863869037700005, -3.0301594455837257, 0.017462920342516515
0.21330864732546514, 0.3346154168168274, 0.5552215075730391, -0.7863365289224019, -3.030188301910466, 0.017332975847358933
0.2133079861305986, 0.33460098584772424, 0.555222883357807, -0.7863512268561539, -3.0301714828344712, 0.017350822406115685
0.2133083746213713, 0.3346102301310116, 0.5551995056596799, -0.7863081862962401, -3.030154375563187, 0.017479763400915088
0.21329840878170436, 0.3346172940472758, 0.5551994810057875, -0.7862960168759741, -3.0301826097305575, 0.01748167407157253
0.2133063019581093, 0.33459144829978793, 0.5552297223014666, -0.7863535985393634, -3.030182767067427, 0.017369420479705237
0.2133108923241009, 0.33460709983648884, 0.5552213999809796, -0.7863897681616776, -3.030172525846139, 0.01740766939985012
0.21330037112272834, 0.3346152829023932, 0.5552115893901254, -0.7863087251000317, -3.03015595408636, 0.017424233122523322
0.21330944047982386, 0.3346106818615866, 0.5552049269074363, -0.7863412400504862, -3.030208369357887, 0.0174649056206409
0.21330215931440585, 0.3346012527549271, 0.555214058540537, -0.7863657983553152, -3.03015362892453, 0.01742503348615232
0.21330475440058003, 0.3346062765022656, 0.5552095050997554, -0.7863325228633293, -3.030173952014888, 0.017444167626406368
0.2133146206521298, 0.33461996493536905, 0.5551903859295305, -0.7863168922009816, -3.030188313544594, 0.0175191514900142
0.21330510426329902, 0.33459120574129086, 0.5552352174754516, -0.7863868797199447, -3.030162308783224, 0.0173502785857498
0.21331485250438947, 0.33460055007212547, 0.55520948049766, -0.7863746018325821, -3.030187628285424, 0.01744535128904199
0.21331188642559692, 0.33460686855078725, 0.5551971756865939, -0.7863920649522443, -3.030181327002153, 0.01752100143692004
0.21330003695093372, 0.33461007794943304, 0.555234802977573, -0.7863483468501753, -3.0301611287892847, 0.0173132449462238
0.21330570944956084, 0.3346094101336106, 0.5552128592723988, -0.7863331266322663, -3.030175295625611, 0.01738822375772525
0.21331453840672918, 0.3346110864189373, 0.5551993167917264, -0.7864018361197055, -3.0301421955807357, 0.017499420222942506
0.21331445718794112, 0.3345869474395653, 0.5552121558005175, -0.7863530135125028, -3.0301807299446906, 0.017443602339158332
0.2133156842302683, 0.3346195425974771, 0.5552145411965292, -0.78635688497009, -3.030193266805885, 0.01740815695556757
0.21331217334723734, 0.3346155177813697, 0.5551892375106311, -0.7863685319197373, -3.030162681844112, 0.017519510139707834
0.21329906154431294, 0.3346185874253675, 0.555210319552387, -0.7862844719943081, -3.030136436907798, 0.01746003436576607
0.2133134586681735, 0.33459571323358334, 0.5552206225753036, -0.7863202642874023, -3.030202977369731, 0.017389094136766464
0.21330807656683692, 0.3345975431244311, 0.555219516738226, -0.7863896979210286, -3.030172562997026, 0.01740767073788002
0.2133013319187555, 0.3346109406865085, 0.5552136487270174, -0.7862958897221911, -3.0301829004301424, 0.017463560321387638
0.21329870937752038, 0.3346018599818851, 0.5552304947381737, -0.7862779267057062, -3.030189946186391, 0.017369466284548583
0.21330663267652372, 0.3346126508738224, 0.5552060818835428, -0.7862781188600546, -3.0301878830161546, 0.01744385728572475
0.21330504293337071, 0.3346197464311654, 0.5551949273164338, -0.7863533060161584, -3.030179757501559, 0.017501123406106316
0.21331312511226536, 0.33460703608489056, 0.5552158925791504, -0.7863593763967486, -3.030204538381715, 0.017427503529734458
0.2133083366972296, 0.3346062092206445, 0.555199450377208, -0.7863658639560562, -3.030152532800391, 0.017462872832755626
0.21329884746881062, 0.3346024702633569, 0.555212928236749, -0.786314106667672, -3.0301787805886895, 0.017444270842453147
0.21331715113488034, 0.33460365820407667, 0.5552085067237376, -0.7864027841925524, -3.030144805876002, 0.017387326472133452
0.213303693302856, 0.3346189529236356, 0.5552059053843394, -0.7863143225583612, -3.030178253050404, 0.0174629198434216
0.21331688725973083, 0.3346190564995803, 0.5551915285496172, -0.7863841053948067, -3.0301467765298202, 0.017499319442494898
0.21331321076289103, 0.33461507723772277, 0.5552155193634741, -0.7863167091732111, -3.0301897005518272, 0.0174639457717803
0.21330696514780725, 0.3346136369867337, 0.5552192837357466, -0.786351284755322, -3.030171113108098, 0.017369676621690228
0.21330723944709132, 0.334627165295714, 0.555192621927432, -0.7863175427020497, -3.030189421189395, 0.017482270366462188
0.21330285119540865, 0.33459210580025084, 0.55522194640504, -0.7863379876477513, -3.03019769938735, 0.01742690658349949
0.2133018355495738, 0.3346009355786739, 0.5552304577928597, -0.7863777680495864, -3.030201539808462, 0.01737207232033612
0.21330827015215825, 0.33459441511714866, 0.5552086775109952, -0.7863565064655503, -3.030192912534233, 0.017426808419348978
0.21330643028572951, 0.3346196404817548, 0.5552026832421092, -0.786272501409651, -3.030164627090809, 0.017442467149997136
0.21330334658056802, 0.3346014981347745, 0.555208563448677, -0.786332487743179, -3.030173970590033, 0.017444168295834048
0.21331297406452493, 0.33459417570661965, 0.5552129036346118, -0.7864105664844946, -3.030178411726415, 0.017445556074459
0.2133101070689847, 0.3346044690601211, 0.5552106107755207, -0.7863717657340114, -3.030176696361699, 0.017426218230340587
0.21330830447798327, 0.3346020303364684, 0.5552240014674189, -0.7863333503409744, -3.0301765539758314, 0.017332071412682802
0.21331703393143223, 0.334620336249239, 0.5552035631164168, -0.7863958686195668, -3.0301947707051116, 0.017446360369809386
0.21330830447798327, 0.3346020303364684, 0.5552240014674189, -0.7863149110787022, -3.0301812699719957, 0.017331966330313458
0.21330139858049665, 0.3346034510627344, 0.555208538846601, -0.7863381492774228, -3.0301973709623, 0.017445765307533393
0.2133055607919865, 0.33459286076803413, 0.55521876903984, -0.7863686661952157, -3.0301655539127315, 0.017406124046450307
0.21331043340498906, 0.3346170393410885, 0.5552147670506531, -0.7863273543420256, -3.030151906188012, 0.01738662600668337
0.2132989774461223, 0.334610445963306, 0.5552227315666634, -0.7862909035007102, -3.0301619629330343, 0.017368184010668284
0.21330555886431407, 0.33460067341872035, 0.5551976224168668, -0.7863081160565147, -3.0301544127130504, 0.017479764741457973
0.21331504074782115, 0.33461257539550926, 0.5552050834876684, -0.7863487753977367, -3.030158773365477, 0.01738722418656775
0.21331825503157908, 0.33461973692544617, 0.5552047181055701, -0.7863328941295238, -3.0301741107443623, 0.017425105464806752
0.21330492063619547, 0.33460676955940616, 0.5552161059899076, -0.7862962523729946, -3.0301841986153484, 0.017406662052760497
0.2133023694986265, 0.33460578874078073, 0.555220495412433, -0.7862722097241245, -3.030165608182031, 0.017405166775969427
0.2132937977054693, 0.33460528586378535, 0.5552250241853897, -0.7862932831097122, -3.0301733906960475, 0.017387736698548654
0.21331307493848015, 0.3346145772285012, 0.5552070110471204, -0.7863898682722836, -3.0301715759085077, 0.01744496937769457
0.21330565916257285, 0.33461695119290297, 0.5552039778119421, -0.7863274630018472, -3.030151580219833, 0.017405484065091868
0.21330381563034956, 0.33461540304464266, 0.555212670424732, -0.7863176543688156, -3.0301912976855014, 0.01740767348901007
0.21330128173471288, 0.3345942411889146, 0.555241818396827, -0.7863510036343583, -3.0301725895547187, 0.017312981091350422
0.21331036099171413, 0.3346131126760265, 0.5551907635498602, -0.7863479337672696, -3.0301566837951204, 0.01748067395185836
0.21330991877080038, 0.3346238036059086, 0.5552036000610394, -0.786296422865212, -3.030183211076238, 0.01744396052402103
0.21331573956068722, 0.33459887012474376, 0.5552216010880472, -0.7864023164648016, -3.0301448415804377, 0.017387321885835607
0.2133012056022062, 0.33459801873626216, 0.5552227433352013, -0.7862747283602177, -3.0301768430829283, 0.01742525851559913
0.21331160253083278, 0.33461739764117704, 0.555185104196921, -0.7863838776509647, -3.03014651024195, 0.01751817687641445
0.21330735982325214, 0.3346112971363563, 0.5552049514833254, -0.7863354313719108, -3.0301851439398235, 0.017463515129784696
0.21331046944905757, 0.3346095566019196, 0.555211564735982, -0.7863869594068843, -3.0301603838804896, 0.017425622047224826
0.2133131047242716, 0.33461867827843433, 0.5551947631655059, -0.7863684129504238, -3.0301626935824353, 0.01751876196135306
0.21330998481237884, 0.33460801889280367, 0.5552038458335296, -0.7863865114099885, -3.0301590279391197, 0.01748156742761952
0.21330631427637614, 0.33459920295076506, 0.555220659436959, -0.7864025284045947, -3.0301450693223733, 0.017387738226188203
0.21331505282484786, 0.3346043223083163, 0.555210483630638, -0.7863962503675536, -3.0301202299025465, 0.01744187714874074
0.21330168069052421, 0.3346119783395843, 0.5552128592723988, -0.7863510568882125, -3.030170846778157, 0.017388533884019463
0.21330161907949205, 0.3346079840530378, 0.5552149755635621, -0.7862445887399657, -3.0302094645331743, 0.017425906877986612
0.21331025294736425, 0.33461660439131324, 0.5551960823443735, -0.7862902996103844, -3.03015896793153, 0.017479660980900223
0.21330824288009254, 0.33461043960577797, 0.5552104220893355, -0.7863018494185409, -3.0302064974454836, 0.017445349591645305
0.21332476253703767, 0.33460175460047425, 0.555218141049862, -0.7864113556699311, -3.0301794163542026, 0.01738919817213697
0.21331201475728895, 0.3345984175658296, 0.555222883357807, -0.7864240464573686, -3.0301527207093537, 0.017351029485794423
0.21332280478391194, 0.33461534694680867, 0.5551969867948116, -0.7864260820417053, -3.0301610874594447, 0.017482060892531213
0.21330814808051757, 0.3346056426492431, 0.5552070601751652, -0.7863651785185926, -3.030151641959648, 0.017500164780721576
0.21330562740678521, 0.33460465510704634, 0.5552095420389135, -0.7863780234849514, -3.030125174415816, 0.017442188991356626
0.21330882929464628, 0.3346200697627082, 0.5552037766326425, -0.7864057786240084, -3.030155752764868, 0.017425935616330983
0.21331683893196104, 0.3346150386375774, 0.5551914735075346, -0.7863690819860086, -3.0301634032892677, 0.017482007133448326
0.2133066468054603, 0.3346125924685882, 0.5552181656521665, -0.786333005842918, -3.0301752889489997, 0.01738822155929106
0.21331675684767445, 0.3346102833840297, 0.5551881564702285, -0.7863413075905458, -3.0301318643807402, 0.017535554870292496
0.21330708735126014, 0.3346100868253869, 0.555226048872167, -0.7863000220070674, -3.0301981192733227, 0.017314119066646427
0.21329891398822307, 0.33460718895554503, 0.5552283292704692, -0.7863416619150474, -3.0302119363149322, 0.017334776420474263
0.2133027598556604, 0.3346108244954898, 0.5552194971802179, -0.7863792664811908, -3.0301274594363226, 0.017349157467559963
0.213306588710444, 0.33460860788416663, 0.5552062459676433, -0.7862812038664516, -3.030200020257392, 0.01742590891106167
0.21329175255739866, 0.334602199571023, 0.5552199117652213, -0.7863450796044216, -3.0301477837315187, 0.017386606597238313
0.21331612237318065, 0.3346047182905902, 0.5552279886499142, -0.7863568974079066, -3.030194060660211, 0.01737065085645071
0.21330867720663885, 0.33460711480607763, 0.5552249553778992, -0.7863485724208517, -3.0301603570180147, 0.017331482370770684
0.21331373680167912, 0.3346084041022065, 0.5552025189075841, -0.7863833931818481, -3.0301463643691124, 0.01751870929467632
0.21331694090383418, 0.3345990568553603, 0.5552281897572857, -0.7863508591505423, -3.030171267531287, 0.01735040500944123
0.21331622449463827, 0.33461281118150465, 0.555213624325841, -0.7864238600484503, -3.030151298435438, 0.017406974447891507
0.21330631427637614, 0.33459920295076506, 0.555220659436959, -0.7863840892784474, -3.030149785532425, 0.017387633020148063
0.21331169639369035, 0.33459737306809284, 0.5552217652612108, -0.7863511731697151, -3.030170860779874, 0.017369263282335536
0.21330263164032406, 0.3345950355902047, 0.5552308403985626, -0.7862992378095618, -3.0301973043353665, 0.01735066746989714
0.21330759174112485, 0.3346273654391113, 0.555200390197028, -0.7863245980015369, -3.0301395283705435, 0.017423440441495776
0.21330008429321132, 0.33463065788941526, 0.5551926589498496, -0.7863086684634351, -3.0301547004081537, 0.01748038890739192
0.21330552540266678, 0.33459656228589485, 0.5552239061148035, -0.7863475769975482, -3.030158596728102, 0.017406073090492104
0.21331303468708634, 0.3346104788466193, 0.5552192591333993, -0.7863389838749312, -3.0301988348372917, 0.01737075775558516
0.21332477788325738, 0.33459351109319324, 0.5552095050997554, -0.786368512304449, -3.0301640655211006, 0.017443339117678938
0.21330684915664805, 0.3346056027230505, 0.5552215642263624, -0.7863021069923112, -3.030207883702172, 0.017389402934669482
0.21330502245927863, 0.3346148620927051, 0.5552017417097781, -0.786327060899972, -3.030150684274342, 0.017442779692410065
0.21331453840672918, 0.3346110864189373, 0.5551993167917264, -0.7864018361197055, -3.0301421955807357, 0.017499420222942506
0.21330969021530516, 0.3346069476672264, 0.5552005561490724, -0.7863143604305861, -3.0301784979080684, 0.017444605464559733
0.21331063568324246, 0.33461004963143504, 0.5552181656521665, -0.7864418003657526, -3.030147327218539, 0.0173886357480667
0.21330921367483222, 0.33460532967539036, 0.5552051402918478, -0.7863688012058728, -3.030164566085057, 0.017444169156022784
0.21330617838898994, 0.33462331501643444, 0.5552169662077077, -0.7863002155398097, -3.030197245169964, 0.017351625784337694
0.21330555732445888, 0.33460885860854145, 0.5552183421440517, -0.7863150941843613, -3.0301803785674735, 0.017369471233092442
0.21331842731552314, 0.33458804192556346, 0.5552172482834743, -0.7864047073444792, -3.0301548779964937, 0.01744449690287076
0.21329920358422982, 0.3346199565936715, 0.5551960148614035, -0.7862782943989319, -3.030187650322576, 0.017463670581654135
0.21329909966926014, 0.334623423142344, 0.5552015528157483, -0.7862568463558949, -3.030180822210285, 0.017462125517172068
0.21331095002439485, 0.33462355242782993, 0.5551915039219729, -0.786371722162527, -3.030174928482849, 0.017501020293244695
0.21330969828943672, 0.33460686730763634, 0.5552128592723988, -0.7863330936568196, -3.03017516855301, 0.01738801769065599
0.2132938592829918, 0.33460928019983804, 0.5552229080122045, -0.7863089993950962, -3.030157980077626, 0.017349847620794716
0.21330319446655877, 0.3346009466481217, 0.555214046281281, -0.7862779381272884, -3.0301883921436445, 0.017425207626425226
0.21330741793632296, 0.33461528178281685, 0.555216871056366, -0.7863326384784158, -3.030174374742186, 0.017425516807079343
0.21330719353617586, 0.3346108039023624, 0.5551983506316772, -0.7863713401012822, -3.0301749894321732, 0.017501018570450083
0.2133084064680889, 0.3346101231095227, 0.5552096372022607, -0.7863457185969145, -3.030147755811033, 0.017368084308466834
0.2133023089980139, 0.3346066499033652, 0.5552017169144996, -0.7863377276767585, -3.030195978537916, 0.017502456362723757
0.21331763212985674, 0.33460518580784826, 0.5552302617180348, -0.7864027990067942, -3.0301461780175023, 0.017331376009590126
0.2133185645632239, 0.3346009606967972, 0.5552081535522566, -0.7863893804619281, -3.0301703893336525, 0.017482597669700794
0.213306148057017, 0.33459870997127583, 0.555214058540537, -0.7863476876497271, -3.0301581249656557, 0.017424724029657893
0.21332232986818644, 0.3346021701158428, 0.555210397539206, -0.7863984910286386, -3.0302060840017804, 0.017446638823245895
0.21330936089124816, 0.33459351768703494, 0.5552051769323713, -0.7863106607436134, -3.030165465157831, 0.017499647169227885
0.21330740379516783, 0.3346029367742761, 0.5552204830174615, -0.7863477680276804, -3.030158566251245, 0.017406073949361518
0.2133048844921608, 0.33461425226149394, 0.5552193083900794, -0.7863093196679064, -3.0301571347838534, 0.01736808058379134
0.21331405985522664, 0.33462181205198255, 0.5551981171819482, -0.7863690170691671, -3.030164038478449, 0.017462818153382187
0.2133015366856596, 0.3345991050621203, 0.5552239061148035, -0.7863295323355914, -3.030163347272811, 0.017406176239462983
0.21330839895981696, 0.33462257186021865, 0.5551958934170578, -0.7863476800069825, -3.0301563380353596, 0.017499525282785817
0.21331542117733532, 0.3345978256051857, 0.5552204830174615, -0.7864201928594929, -3.030139769887969, 0.017406072917876925
0.21331187459690865, 0.33460208100115396, 0.5551919508276074, -0.7864201596968655, -3.0301370565723325, 0.017518176189394878
0.2133110444628865, 0.33460765138397536, 0.5552159171552473, -0.7863354893191818, -3.0301859364019457, 0.017426010169490178
0.2133098468239076, 0.33460740901665403, 0.5552214123498391, -0.786314176369726, -3.0301794415911187, 0.017406556814111532
0.2133080405029308, 0.3346174292628184, 0.5552070234158543, -0.7863327490145013, -3.0301739029668493, 0.017444167817132733
0.21331613031759408, 0.3346163092275133, 0.5552049069494046, -0.7863847646005033, -3.030149059779485, 0.017406077693305006
0.21331494704476925, 0.33463253541071836, 0.5551945417175932, -0.7863086385960418, -3.030154277475547, 0.01747976377786627
0.21330881525439638, 0.3346077248874977, 0.5552073886531527, -0.7864028301579563, -3.030144567397443, 0.017406390040440537
0.2133008919089271, 0.3346093377558849, 0.5552161059899076, -0.786278027109673, -3.030188996358823, 0.017406766121552952
0.21331042543110443, 0.3346055136001278, 0.555211728833047, -0.7863900448625231, -3.030172520617248, 0.017407673128759505
0.21330336068008587, 0.3346014396297331, 0.5552206471776302, -0.7863508574180528, -3.03017071457181, 0.01738832440174735
0.21331462034504425, 0.33460343829090433, 0.5552183297751901, -0.7863904390860286, -3.030173253295656, 0.017370168658545678
0.21332176523622445, 0.3346040722356944, 0.555206044938887, -0.7863957567380457, -3.0301945172495173, 0.017445948300213072
0.2133162936183534, 0.33459703607243974, 0.5551998338130268, -0.7863325192111817, -3.0301736093114493, 0.017443549981006758
0.2132991577408867, 0.33460359520718497, 0.5552017432775573, -0.7862959362037845, -3.0301824651094873, 0.017482212722029187
0.21330121024230211, 0.3346103822906973, 0.5552172240604718, -0.7863509009781617, -3.030170858676973, 0.01738853235561482
0.21331636224115819, 0.33460101770808737, 0.5552117534610913, -0.7863662719157237, -3.0301536170883163, 0.017405766526554418
0.2133012645188265, 0.33461442224542726, 0.5552170598408992, -0.7862936115317734, -3.030172707393382, 0.017406178988392796
0.2133093901504315, 0.3346182227797195, 0.5551960453218934, -0.7863355768637069, -3.0301846534001995, 0.017482165533730564
0.21331255009800854, 0.3346089413024295, 0.5552115401338243, -0.7863385353363438, -3.0301974793839808, 0.017426703565533188
0.21330200718205353, 0.33460070120540414, 0.5552195413663733, -0.7863296882456208, -3.030163335371927, 0.017406177767726405
0.21329829686113685, 0.33460431390164, 0.555220659436959, -0.7863478195508422, -3.030159334320248, 0.017387840337285177
0.21331113176911498, 0.33459927528153816, 0.5552174127522936, -0.7863845937751837, -3.030150046800221, 0.017368779336702497
0.21331119658339623, 0.3346082028687084, 0.5552104343226957, -0.7863535216410317, -3.0301808531777246, 0.017444762648281056
0.2133028243988569, 0.33461975215281015, 0.5552125185275479, -0.7862570842990159, -3.0301815672775594, 0.01742461936438751
0.21331204700089415, 0.3346025963594466, 0.555198332359209, -0.786347732307733, -3.0301565324944058, 0.017481210174774452
0.21330495247080142, 0.33462318934491453, 0.5551982937405348, -0.7863148356696554, -3.030178677276758, 0.017444274952000106
0.2133145117253045, 0.33459452568455184, 0.5552393441709063, -0.7863847415304942, -3.030151757922858, 0.017293975356883238
0.21330408358881947, 0.33462398864849546, 0.5552049069494046, -0.7862756750720887, -3.0301773686152793, 0.017406077693281334
0.21332903955831328, 0.3346279421090615, 0.5551996538208392, -0.7864751193691454, -3.030123648401882, 0.017481518187683082
0.21331179725965319, 0.3346177746748095, 0.5552158727393027, -0.7863666299539354, -3.030154777311507, 0.017368883027755907
0.21331183313237229, 0.33462269507227893, 0.5551969745615657, -0.7863385017670597, -3.0301961897830934, 0.017482856720604734
0.21331416445549894, 0.33461831104583806, 0.5552068344885452, -0.7863897019803023, -3.0301711093435464, 0.01746361672931491
0.21331465631417157, 0.3345959555992915, 0.5552151273939199, -0.7863412156856519, -3.030209564534696, 0.01740854551018081
0.2133096145830601, 0.3346227007695634, 0.5552145657987688, -0.7863330307663894, -3.030174792139299, 0.01740686971114507
0.21330885745205241, 0.33463648005409546, 0.5551999999496526, -0.7862966619004852, -3.030182796473156, 0.017462817844968368
0.21330816277673015, 0.3346138793439305, 0.5552137884952744, -0.7863180031592988, -3.0301915707742313, 0.017388818581416082
0.21330887338973004, 0.33461170944534874, 0.5552193083900794, -0.786345441899962, -3.03014776103101, 0.017368080583791357
0.21330279600986088, 0.33460334182969126, 0.555216294668692, -0.786275450586183, -3.030177733310892, 0.01738721990738209
0.21330655257373904, 0.3346160906120906, 0.5552094483154422, -0.7863123496509996, -3.0301683336218885, 0.017387429978311088
0.2133110920122056, 0.3346117039745732, 0.5552017170558001, -0.7863509144925835, -3.0301691589404376, 0.01744406697051486
0.21331793647455374, 0.334606289035571, 0.5552192959950856, -0.7864392252159632, -3.0301359184953194, 0.017368883200466402
0.21331181914269307, 0.33461035022835733, 0.5552005866556138, -0.7863355541640955, -3.030185004418257, 0.017463310783497405
0.2133093322867712, 0.3346017698648694, 0.5552259412082068, -0.786280950044185, -3.030200836769837, 0.017388400906403263
0.21330725163796757, 0.3346023851638131, 0.5552259658364778, -0.7864024076148696, -3.03014506265077, 0.017387736029222174
0.2133021002139332, 0.33458857984788287, 0.5552420194155071, -0.7863634034798002, -3.0301450800927765, 0.017292841577642014
0.2133087432031018, 0.3346037336876759, 0.5552095050997554, -0.7863140504279492, -3.030178540107521, 0.01744385642502006
0.21330463205632677, 0.3345974230638807, 0.5552184357037437, -0.7862900181786134, -3.0301604283644297, 0.017423711982039423
0.21331205509638704, 0.33460251607736874, 0.5552106354035222, -0.7864022589720531, -3.030144049169873, 0.017424827009787165
0.21329931791678347, 0.3346040663123069, 0.555208563448677, -0.7863323403780355, -3.0301741455794153, 0.017444375416653612
0.21330371924847025, 0.33460658260921833, 0.5552095173589692, -0.7863657882398166, -3.0301531505858574, 0.017443682234673314
0.21331258971898562, 0.3345965122414506, 0.5552272357372726, -0.7863541380047369, -3.030182990745896, 0.017351312401308105
0.21330726518925727, 0.3346264008206319, 0.5551869690260554, -0.7863241040213192, -3.0301376933202047, 0.017498780401186062
0.21330628448600983, 0.33460750492262764, 0.5552172116916315, -0.7863539677483806, -3.030182354470639, 0.01738902356281764
0.21329753989008604, 0.3346180933416587, 0.5552060941427359, -0.7862752958864094, -3.030176585564217, 0.017443582000944008
0.21330236094729563, 0.33459804417040195, 0.5552155223434823, -0.7863509786148603, -3.0301707403714224, 0.01738758064671356
0.21331095403804168, 0.3346110941457851, 0.5552192837357466, -0.7863874071540095, -3.030161738854991, 0.017369676621666556
0.21331311895542837, 0.3346186202264236, 0.5552068468572675, -0.7863687052495977, -3.0301640622767625, 0.017462815093655784
0.21329975488520858, 0.33460155082706877, 0.5552304823692296, -0.786371957996715, -3.030178314672683, 0.01737068343783215
0.21330185329981544, 0.33461741426927144, 0.5552005620797861, -0.7862868671488809, -3.0302225766823745, 0.017465011922589823
0.21330626399141003, 0.3346191472239142, 0.5551960823443735, -0.7863268497158756, -3.0301497574284912, 0.01748007615741333
0.213307449670832, 0.3346151743711225, 0.5552270028328182, -0.7862971376011523, -3.030186430377438, 0.017313420041030016
0.21331511955329965, 0.33462144470416716, 0.5552101886220736, -0.786390306134922, -3.030172452991753, 0.017407672651826654
0.2133106992005378, 0.33460662333706387, 0.5552026707394406, -0.7863711429397633, -3.030174855503111, 0.017501557067659376
0.21332462878996297, 0.334617681199606, 0.5551937277126715, -0.7864477690119905, -3.0301683624372853, 0.0174642111993954
0.21331686134815583, 0.3346314267025038, 0.5551879161785582, -0.7863141999641697, -3.0301765939372496, 0.017518452431854417
0.21330631427637614, 0.33459920295076506, 0.555220659436959, -0.7863298563911941, -3.0301636560904677, 0.01738732358695133
0.2132963347334343, 0.3346063252986215, 0.5552085510799418, -0.7862808782184977, -3.0301998600896938, 0.017444971913463864
0.2133095861524978, 0.33462281698852125, 0.5551903982980961, -0.786350524281162, -3.030167432765023, 0.01751886655376406
0.2133142119099171, 0.33462236331146844, 0.5551926342960405, -0.7863870493794154, -3.0301589550880865, 0.01748157067799563
0.21330143394467832, 0.33459479300460904, 0.5552363355855849, -0.7863148030537324, -3.0301813775539435, 0.017331424563288414
0.21331507316983633, 0.334605083065257, 0.5552159171552473, -0.7863537145444093, -3.030181138241495, 0.01742590620856955
0.21330666255488043, 0.3346043489875547, 0.5552095297538363, -0.7863993527942771, -3.030132013292436, 0.01744298590774513
0.213312818261596, 0.3346175268995262, 0.5552037766326425, -0.7863511509176375, -3.030169588411388, 0.017425418354047657
0.2133069809206165, 0.3346053935403243, 0.5552106477984108, -0.7863449595993637, -3.030146424074936, 0.017424026231342173
0.21331167504279197, 0.33462132464495653, 0.5552091075874344, -0.7863452208693242, -3.0301463564524678, 0.0174240257495102
0.21330687890945607, 0.334597300694212, 0.5552250119260304, -0.7863506685312441, -3.0301705994000017, 0.01738811680574225
0.21330955644487506, 0.3346187160379886, 0.5552026462194086, -0.7863719794811576, -3.0301763149485925, 0.017445073840873904
0.21330623422761225, 0.3346150460811849, 0.5552083302448573, -0.7863121485164988, -3.030167885765076, 0.017406077865637776
0.21331230378318553, 0.3346118879490883, 0.5552083056168546, -0.7862994852823175, -3.0301956994766597, 0.017407157300570988
0.2132997046237143, 0.33460909228606756, 0.5552216010880472, -0.786366293854655, -3.030154599756515, 0.0173879448729123
0.21331256965074824, 0.33460815504839475, 0.555206106537582, -0.7864177687055947, -3.0301271842076334, 0.017442882465230684
0.21330975247633055, 0.3346233103478018, 0.5551969991634508, -0.7862780981798949, -3.0301869253812037, 0.017481154868591496
0.21331168230664344, 0.3345974316118996, 0.5552096814932087, -0.7863324418270635, -3.0301742088374954, 0.017425105082553946
0.21331053338946632, 0.3346144249586553, 0.5551907143465499, -0.7863234280776207, -3.0302125085643303, 0.017483455651295724
0.21330282044343726, 0.3346081709427468, 0.5552215642263624, -0.7863203990003041, -3.030203342587636, 0.017389714452437505
0.21331031732480252, 0.33460900510426106, 0.5552170475816025, -0.7863327716033972, -3.030174713977577, 0.017406663444015407
0.2133022996746552, 0.33461411615105424, 0.5552170475816025, -0.7863145794081631, -3.030179639150508, 0.017406973588047287
0.21330641266541686, 0.3346072858954088, 0.5552203312317258, -0.7863417927230536, -3.0301348744336534, 0.01742333077224635
0.21330735982325214, 0.3346112971363563, 0.5552049514833254, -0.7863173534881657, -3.030189766998372, 0.017463412191305247
0.21330482640429196, 0.33461026770294544, 0.5552073886531527, -0.7863121133958851, -3.0301679043394665, 0.017406078535274965
0.21330376135425588, 0.3346113630900802, 0.5552128346701751, -0.7863387887178539, -3.0301986954443425, 0.017389820323328566
0.2133078534760123, 0.3345996482147604, 0.5552229327185877, -0.7863397541349129, -3.030124858369077, 0.017347834774216295
0.21331732003740728, 0.3346049607191315, 0.5552224934752789, -0.7863413316449385, -3.0302099872503, 0.017389894484828704
0.21330740722940902, 0.3346153494024767, 0.5551907512908011, -0.7863147011436866, -3.0301776125493833, 0.01748136590976289
0.2133072251156742, 0.3346272230090676, 0.5551805381558497, -0.786299172096399, -3.030192675123934, 0.017538114492392568
0.21329660866420375, 0.3346149329385983, 0.5552005684082233, -0.7862569754955727, -3.03018128907437, 0.017444224956434443
0.21330730550951238, 0.33460725722070733, 0.5552051156898135, -0.7863565655840307, -3.0301925422373466, 0.017445662319362086
0.21331596402609265, 0.33461581602476237, 0.5551983059996767, -0.7864210348957982, -3.0301388122046946, 0.017443583356907152
0.21330593776841505, 0.3346065768096199, 0.5551919262000033, -0.7863712594165858, -3.030174547862599, 0.017519668780437626
0.21330331611724845, 0.33460150492808277, 0.555210471112382, -0.7863498326956528, -3.0301679783993243, 0.017500958895376086
0.2133076636002748, 0.33462400548354787, 0.5551847207702129, -0.7863085135792959, -3.030152974011328, 0.01753666459967417
0.21330677673325127, 0.33460087950014883, 0.5552039915857014, -0.7863112794764995, -3.0301669734588605, 0.017443912562116803
0.21331943493898528, 0.3346200278363519, 0.5552011750504322, -0.7864077151602088, -3.0301653838033777, 0.01750080964093373
0.21330842897987268, 0.3346142700319254, 0.5551993414714592, -0.786359724983915, -3.0301283920732045, 0.017498030519151737
0.21331047563261984, 0.3346103757548855, 0.5552049146999913, -0.7863441299391088, -3.0302199242923114, 0.01746559741423115
0.21330245178568846, 0.33461466765235826, 0.555211564735982, -0.7863326118672584, -3.030174556269989, 0.017425726118333734
0.21331884566845455, 0.33460958807128127, 0.555200434797229, -0.7863839265880684, -3.030147139547471, 0.017480462859281953
0.21330890944456585, 0.334604226742837, 0.5552161059899076, -0.7863327364827664, -3.030174732552217, 0.017406664113550144
0.21330533297524157, 0.3346043809033432, 0.5551998214443533, -0.7863357184636344, -3.03018561725385, 0.01744486998237132
0.21331412150833484, 0.33461356477507603, 0.5551892621643311, -0.7864355427733496, -3.030120695177701, 0.01751832684685832
0.21330092813258353, 0.3346018550139888, 0.5552129036346118, -0.7863560712788173, -3.030192759616618, 0.01744586659853808
0.21331402767340144, 0.33460539225813307, 0.5552159295240544, -0.7863688731944521, -3.030164844433651, 0.017425310360961066
0.2133187614298378, 0.3346138500056509, 0.5551971511071123, -0.78641109394673, -3.0301778603561544, 0.01746420828005982
0.21330944947951128, 0.33460241836075116, 0.5551960270151943, -0.7863164651293749, -3.030188356695922, 0.01752064233522476
0.21330382749280566, 0.33460302566091055, 0.555230318305671, -0.7863325029906293, -3.0301753432247787, 0.01738821764139727
0.21330802642038307, 0.3346050843597586, 0.5552106354035222, -0.7863478786793903, -3.030158094490555, 0.017424724888692046
0.21330005278198316, 0.3346142383420055, 0.5552104713455509, -0.78632660171538, -3.030150883046889, 0.01744298420532974
0.21329373318013176, 0.3346128855778592, 0.5552040591993351, -0.7863054066150454, -3.0301436848948495, 0.01746104709014476
0.213310585518391, 0.334617590801857, 0.555209284172077, -0.7863273092059746, -3.0301514463439196, 0.017405275347074103
0.2133055714938239, 0.33462532728938027, 0.5552024820295249, -0.7862779963217031, -3.0301875607997557, 0.0174627125427426
0.21330873153401067, 0.3346235583262244, 0.5552090951925471, -0.7862574227365482, -3.0301813619702185, 0.01742441288392249
0.2133179567684143, 0.3346070497275049, 0.5552247296553267, -0.7864144078345285, -3.0301922953018976, 0.017353010981560137
0.2133063816044301, 0.3345957214292572, 0.5552172482834743, -0.786313695432686, -3.030178564551864, 0.017444599951547644
0.2133238399252788, 0.33461504080249044, 0.5551969745615657, -0.7863747385989227, -3.0301865126432825, 0.017482444361676685
0.21329866108026993, 0.33462172002987295, 0.5552160493035988, -0.786257706151499, -3.0301835516451305, 0.017350235795449587
0.21331042543110443, 0.3346055136001278, 0.555211728833047, -0.7863719671058241, -3.030177144205643, 0.0174075702036795
0.21331064591734325, 0.3346224498683303, 0.5552024696608334, -0.7863175796406088, -3.0301897179522848, 0.017463412383658176
0.21329899957246115, 0.3346030217390338, 0.5552074454171616, -0.786314061286884, -3.0301783206729853, 0.017462920322211806
0.21330882929464628, 0.3346200697627082, 0.5552037766326425, -0.7863511839647902, -3.0301697157570815, 0.017425624436503404
0.21330364124626397, 0.3346149900759201, 0.5551937664698698, -0.7863532690746146, -3.030179757675818, 0.01750187005713214
0.21331127845583622, 0.33460055419668255, 0.5552294473930326, -0.7863236862137302, -3.030216624768037, 0.017315405332596498
0.21330243760468579, 0.3346147258806915, 0.5551994810057875, -0.7862961641720588, -3.030182434469056, 0.01748146693408863
0.21330885502718336, 0.3346242253794334, 0.5551794448168355, -0.7864202162848173, -3.030136372209173, 0.017555888233487832
0.21331062771712295, 0.33459852391299105, 0.5552151273939199, -0.7863595077613403, -3.030205023397101, 0.017408856704847656
0.21330814861844738, 0.3346139376490162, 0.555201704687107, -0.7863177108358134, -3.0301902032325763, 0.01744476570999244
0.21331081981449904, 0.33461477928389577, 0.555188131790708, -0.7863654408995546, -3.0301506783315033, 0.017537466005984412
0.21330188314354637, 0.33460498865705013, 0.5552162578071282, -0.7862659243838364, -3.0302173111171746, 0.017389406163262417
0.2133096537004633, 0.33460693251763884, 0.5552026831080995, -0.786350146446479, -3.0301678081236885, 0.017500755167607296
0.21330572191009875, 0.3346143748257039, 0.5551937418941931, -0.7863229213660853, -3.030212229173259, 0.017503054722518025
0.21331086244653363, 0.33461540188447475, 0.5552179521689161, -0.7863234902101751, -3.0302143415939233, 0.017408854698658355
0.2133143782249353, 0.33462285661751856, 0.5551992352134625, -0.7863511406435593, -3.030169109894012, 0.017444067161514226
0.21332116027303072, 0.3346018760359481, 0.5552139404110035, -0.7864325278858155, -3.030187091675007, 0.017371560201087044
0.2133100862730159, 0.33459958447450183, 0.5552174251472675, -0.7864181907240325, -3.0301290363211835, 0.01736828945852076
0.21331545329218204, 0.3346101218600877, 0.5552149189476733, -0.7863515552311189, -3.030170799832696, 0.01736926500299342
0.2132997426904398, 0.3345937959600476, 0.5552395452180064, -0.786286510163583, -3.0302253509223434, 0.017352158207720954
0.21330096167852775, 0.33460101037325474, 0.555219553761335, -0.7863629243020601, -3.0301424181970584, 0.017405685814069906
0.2133018870634762, 0.33461656974591597, 0.5552072121872885, -0.7863663945682797, -3.030153650354581, 0.01742524459836289
0.21331181914269307, 0.33461035022835733, 0.5552005866556138, -0.7863536320197352, -3.0301803812507324, 0.017463413722336885
0.2133132423537609, 0.3346027613787037, 0.5552051402918478, -0.786332431502189, -3.0301737301119895, 0.017443753877164275
0.21329461625673737, 0.33461202806769685, 0.5552095297538363, -0.7862721861642614, -3.030164945518661, 0.017442882640212987
0.21331680243117612, 0.33461502353712613, 0.5551936004671516, -0.7863864284386402, -3.0301574283560924, 0.017538051705886647
0.21329884746881062, 0.3346024702633569, 0.555212928236749, -0.7863502622406187, -3.0301695342622446, 0.01744447693208798
0.21330275595286083, 0.3346157704667222, 0.5552005990242854, -0.7862963655061395, -3.030182882663867, 0.01746281899297296
0.21330631427637614, 0.33459920295076506, 0.555220659436959, -0.7863479340473599, -3.0301590326785903, 0.017387426731962072
0.213314331909416, 0.33460649516144136, 0.5552049638520279, -0.7863687823366202, -3.03016392430032, 0.01746260930083813
0.21331677111621322, 0.33461102237544355, 0.5551938093239912, -0.786371443650448, -3.0301742071344675, 0.01751925460945421
0.2133073896852587, 0.3346029952413551, 0.5552083993274327, -0.7863655539497405, -3.0301525750033393, 0.01746212379890325
0.21330773981801718, 0.3346163359174483, 0.5552039531578785, -0.7863151945757858, -3.030179428747551, 0.017406771071426734
0.21330645836368706, 0.33459983493403356, 0.5552028735546859, -0.7863295175209376, -3.030161809652279, 0.017462665650847024
0.21330220327776808, 0.3346052957338469, 0.5552138945419695, -0.7863627132890258, -3.030141492056325, 0.017442982315218056
0.21330178528720084, 0.3346084770367742, 0.5552215764598376, -0.7862994308920536, -3.030196410950884, 0.017388920140943218
0.21329726536229265, 0.33460456423645313, 0.5552327555989458, -0.7862544416008205, -3.0301722392999855, 0.017330677406300374
0.21331440400173038, 0.33461048633617485, 0.5552028473595152, -0.7863845283069953, -3.0301486303940144, 0.017424726245192035
0.21330906156884943, 0.334604778240486, 0.5552106231442872, -0.7864053635142251, -3.030155686370511, 0.0174257278179609
0.21330645212489907, 0.3346122155790747, 0.5551873973134088, -0.7863140969135984, -3.030176267115528, 0.01753730969019484
0.21330601010984815, 0.33461050339382664, 0.5552159295240544, -0.786278008368766, -3.0301883549951687, 0.017425206287101366
0.21331054149322323, 0.3346135477760517, 0.5552094483154422, -0.7862757996760906, -3.0301775453091384, 0.017387015334097686
0.2133101766563055, 0.3345961417115122, 0.555214058540537, -0.7864020679429028, -3.030144079648411, 0.017424826150903915
0.21331182491131132, 0.3346227749310218, 0.5551846715149675, -0.7863201289018733, -3.0301994252858995, 0.017539447138119276
0.2133082762472063, 0.3345971911923465, 0.5552327678842629, -0.7863606401537615, -3.0301323764996457, 0.017329985911967657
0.21330582823420716, 0.3346223775987617, 0.5552057164700688, -0.7862989970435832, -3.0301940797595197, 0.017482162831972688
0.21331079798002106, 0.33462300117945404, 0.5551969867948116, -0.7863356119844912, -3.030184634825513, 0.017482164864430997
0.21331401583836343, 0.33461776905380897, 0.5551982813718624, -0.7863721023063435, -3.030176175562209, 0.017444869505387345
0.21331200090673466, 0.3346150022748299, 0.5551828559920492, -0.7863682867652855, -3.030161791225248, 0.017556061538851614
0.21330741793632296, 0.33461528178281685, 0.555216871056366, -0.7863687939640502, -3.030165128057582, 0.017425722889824677
0.21330057357191878, 0.3346082932082487, 0.5552149879323595, -0.7863324208364814, -3.0301745867439016, 0.01742572525863942
0.2133019671858457, 0.3346131299316306, 0.5552038458335296, -0.7863502417508427, -3.030168577446428, 0.01748177456439357
0.21332293844480696, 0.3345994201704035, 0.5552213999809796, -0.7864081077392991, -3.0301674254910638, 0.01740715270671616
0.21330232552789186, 0.3346017457363965, 0.555220659436959, -0.7863479670222411, -3.030159159746004, 0.017387633020116686
0.21331022288534202, 0.33462490619125684, 0.5551926342960405, -0.7863328492129756, -3.0301729524223493, 0.017481467624569907
0.21331077364263695, 0.33461065940899387, 0.5552005990242854, -0.7863507131603995, -3.0301687107875908, 0.017462714912388374
0.21330014673584471, 0.33461080488058087, 0.5551930688200932, -0.7862747546777702, -3.030175152958529, 0.017499319922749543
0.21330813436854493, 0.33461399563908006, 0.5551896209167528, -0.7863174182624515, -3.0301888347239796, 0.017500712794428382
0.21331168118341146, 0.3346097404511873, 0.5552181532833166, -0.7863901254016462, -3.030172961610355, 0.017389022893871717
0.21331520497369602, 0.3346172764802619, 0.5551893049723301, -0.7863807841812658, -3.0301342089040135, 0.01753591606552272
0.21331095403804168, 0.3346110941457851, 0.5552192837357466, -0.7864420015117065, -3.0301477745928898, 0.01736998776444911
0.21331622449463827, 0.33461281118150465, 0.555213624325841, -0.7863692655225625, -3.0301652619626496, 0.017406663273996904
0.21330645070534368, 0.3346245248478665, 0.5551958687893522, -0.7863352632491601, -3.03018436195455, 0.0175010197920521
0.21329722155820335, 0.33461704876461656, 0.5552049761111997, -0.7862750947096534, -3.0301761375211274, 0.01746222988165198
0.2133054771324483, 0.33462882513253606, 0.5551937645736378, -0.786311935583909, -3.0301666438349475, 0.017462232096909096
0.21330638278419312, 0.334615587889699, 0.555216883315651, -0.7863297483693821, -3.0301628198549952, 0.017424825173600042
0.21330373334801844, 0.33460652410388614, 0.5552216010880472, -0.786293407535762, -3.0301731035460584, 0.017387320854392253
0.21330838880084008, 0.3346101719018093, 0.5552115893901254, -0.7863449947194804, -3.0301464055000222, 0.01742402556142436
0.21330910174421575, 0.3346088763589468, 0.5551983752594049, -0.7863654983889067, -3.0301516360916754, 0.01749942192447808
0.21331671556177909, 0.3346192916836204, 0.5552024450849666, -0.786359511078287, -3.0302035694781138, 0.017464803099856773
0.21331114637764806, 0.3346157439007799, 0.5552015528157483, -0.7864024528568472, -3.030143174766863, 0.01746233390033571
0.213316999170763, 0.3346155098926501, 0.5551982937405348, -0.786369330629228, -3.030164330147996, 0.017443963754351102
0.2133066256276273, 0.3346291568979633, 0.5551778740462772, -0.7863318305680671, -3.030170358342104, 0.017595056639277767
0.21331096553650147, 0.3345987822797535, 0.5552108118100034, -0.7863481921633929, -3.030158386318259, 0.017405870346469343
0.21330751988680774, 0.33461097105039356, 0.5552182025916379, -0.7863242729851613, -3.030140381825774, 0.01738593344301245
0.21332022379027665, 0.33462266830577636, 0.555197928208346, -0.7863353996879939, -3.0301844056860365, 0.01748174933288587
0.21331358941259218, 0.33462021616418897, 0.5552024820295249, -0.7863869388904461, -3.030159427008578, 0.017462919673110845
0.21330885927270252, 0.3346117678897008, 0.5552072245821561, -0.7862905561471164, -3.030160355524738, 0.017423715227486064
0.21331189311801207, 0.33460278252250997, 0.5552072965528277, -0.7863780972459861, -3.0302008053962046, 0.017391060288500133
0.21331673520206884, 0.3346185052546072, 0.55519701142256, -0.7863295561090115, -3.030161198818911, 0.01748035848889157
0.21331285838456032, 0.3346216248401435, 0.5551915285496172, -0.7863658804473262, -3.030151575143171, 0.017499423643302956
0.21330211925287407, 0.3346136812818377, 0.5551983630003061, -0.7863140406818906, -3.0301773633698774, 0.017500217928220093
0.21331357484858443, 0.33460374748369404, 0.5552183421440517, -0.7863329249365912, -3.030175546272728, 0.01736915905097677
0.21331392918830092, 0.33459730931529774, 0.5552162578071282, -0.7863569375128835, -3.0301936261974807, 0.017389303351223753
0.2133096507064843, 0.33461521799472277, 0.5552113636216274, -0.7863564799141901, -3.0301925169870354, 0.017445659450302332
0.21331386376165576, 0.3346172177189041, 0.555203764263918, -0.7863721477958785, -3.030176635412838, 0.01742621995298664
0.2133029178697651, 0.3346279244333006, 0.5551858510340484, -0.7862876004019118, -3.030146665837752, 0.017517429156117308
0.21331159073673187, 0.33461318313601307, 0.5552215199419536, -0.786406248604132, -3.0301579172627022, 0.01733248574503617
0.21330302041206148, 0.3346243465907704, 0.5552068715113031, -0.7863085491334972, -3.030155009017701, 0.017461528935734875
0.2133085550349423, 0.3346106649310392, 0.5552181903064565, -0.7863633184563714, -3.030142689754897, 0.01738683166165652
0.21330665444728864, 0.3346044292308689, 0.5551972267489657, -0.7863444650990421, -3.0301445888489367, 0.01749936645659963
0.21330666800619055, 0.33459654589820453, 0.5552166404275832, -0.7863330691494811, -3.030175684520372, 0.017368623589271423
0.2133144855553037, 0.33462347262323955, 0.5551835762072447, -0.7863319917376317, -3.030170532977316, 0.017575247879568247
0.2133043700422705, 0.33462514009857797, 0.5551958934170578, -0.7863294550013611, -3.0301611364304235, 0.017499629482596462
0.2133162192340835, 0.33460540269603267, 0.5551862100269811, -0.7863740426795623, -3.0301848535118325, 0.01755799106157542
0.21330956208290233, 0.33460551975272923, 0.5552269445296141, -0.7863208278642905, -3.0301286531564853, 0.017385021707266576
0.2133060241692867, 0.33461044475042867, 0.5552280132523839, -0.7862963781632417, -3.030185099533779, 0.017369362414388866
0.21330735982325214, 0.3346112971363563, 0.5552049514833254, -0.7863173534881657, -3.030189766998372, 0.017463412191305247
0.21329843705349902, 0.3346171772759277, 0.5552236485039836, -0.7862966006100719, -3.0301853440495905, 0.017369780181814072
0.21330687890945607, 0.334597300694212, 0.5552250119260304, -0.786332590805393, -3.0301752228252954, 0.01738801377122944
0.2133103305698225, 0.3346131196133973, 0.5551926712532579, -0.7863291232287073, -3.0301599365340883, 0.017537258058396288
0.21330718320552078, 0.33459840385213047, 0.555214046281281, -0.786332500070732, -3.030174303121355, 0.017425312730546625
0.21329973632960492, 0.33462551228353976, 0.5552037888918363, -0.7862937658361159, -3.030172380081301, 0.01742503812499869
0.2133054556183059, 0.33461729308758187, 0.5552047627638533, -0.7863199295620423, -3.030201030431714, 0.01748295818580463
0.21331239797382454, 0.33460838980501534, 0.5552170229793407, -0.786338580936074, -3.030197939241922, 0.017408053946110637
0.21331695485833613, 0.33459899785803454, 0.5552402735624572, -0.7863876677262602, -3.0301632940098258, 0.017294666161790078
0.21331321241041754, 0.3345986599572261, 0.555217388124122, -0.7863358091515377, -3.0301872352003527, 0.017369858513844066
0.21330096716903035, 0.3345932070992129, 0.5552266643776642, -0.7863512351443902, -3.0301721251670872, 0.017331634330745287
0.21330646639683504, 0.33461215766559627, 0.5551994810057875, -0.7863143893239686, -3.0301776363408894, 0.017481362849145837
0.2132973335797599, 0.3346135019584429, 0.5552117412018349, -0.7862964749624441, -3.030184443682953, 0.01740707985303949
0.21330944833259588, 0.33462220766256145, 0.5552079648887821, -0.7862962669551403, -3.0301832229716386, 0.017443958993786132
0.2133035168693357, 0.33461357225643285, 0.5552061188226386, -0.7863240149886177, -3.030139141260824, 0.017442086469170233
0.21330522883978176, 0.33461945333146303, 0.5551960946293363, -0.7863239599302051, -3.030138202471082, 0.017479384320428067
0.2133081424868437, 0.3346131185491934, 0.5552083549248454, -0.7863243838661916, -3.0301399100608615, 0.01740458423963448
0.21329806076651825, 0.33461214826427, 0.5552106107755207, -0.7862991926178242, -3.0301956664249516, 0.01742642614713426
0.21331366523209033, 0.3346003047207897, 0.5552149755635621, -0.7863536794238882, -3.0301811568164854, 0.017425906878002308
0.2133085109411354, 0.3346190252061675, 0.5552026585881117, -0.7863148271261996, -3.0301785141840885, 0.01744406630100806
0.21331158991848678, 0.33459311685291365, 0.5552221109232478, -0.7863723369440393, -3.030178392855517, 0.01735067155942927
0.213313964939373, 0.33463771207414134, 0.5551737034183922, -0.7863510167515414, -3.0301668995857716, 0.017537519266320203
0.21331673058285539, 0.33459452096562586, 0.5552217528923282, -0.7863902151113057, -3.03017315683167, 0.01736996196060972
0.21331371166664026, 0.33461666632125275, 0.5552092471491558, -0.7863902710139993, -3.0301724715666083, 0.01740767332082037
0.2133011663170367, 0.33460633927317285, 0.555217388124122, -0.7863359086351454, -3.0301876185657286, 0.017370480135799924
0.2133109074917698, 0.33459473242564863, 0.5552250119260304, -0.786332376723209, -3.0301751407172324, 0.01738780460925873
0.21331311895542837, 0.3346186202264236, 0.5552068468572675, -0.7863141103375619, -3.0301780241941585, 0.017462503879247995
0.21331001040164735, 0.3345956486328513, 0.5552074576763443, -0.7863475884709799, -3.030157041703904, 0.01746181395169625
0.2133108379511362, 0.3346030598834835, 0.5552215642263624, -0.786356669252545, -3.030193794112026, 0.017389507802676445
0.2133226384423456, 0.3346148535933502, 0.5551903859295305, -0.7863350841280471, -3.0301833871231136, 0.017518841600489426
0.21331833111040138, 0.3346163519605947, 0.5551892679501054, -0.7863714331069009, -3.030173728033154, 0.0175379034593085
0.2133064359635258, 0.33459976133288155, 0.5552170841628103, -0.7863290786748542, -3.030161827253939, 0.017462660331874734
0.21330596614005215, 0.33460646039162745, 0.5552160936210887, -0.7863356886127436, -3.0301865301733533, 0.017407568673452216
0.2133109900936033, 0.33460361144364276, 0.5552160813876653, -0.7863201063491032, -3.030202673560523, 0.017407949742408124
0.2133108276320082, 0.3346271019386128, 0.5551847388785222, -0.7863322346064958, -3.0301711281004393, 0.01755606019928671
0.21331555776266747, 0.3346066205535433, 0.5552236361350813, -0.7863722405706631, -3.030177870349126, 0.017370063541022426
0.21331715731806952, 0.33461608321260405, 0.5551925915255113, -0.7863512056102288, -3.030168474884015, 0.01746325614998529
0.2133040815682773, 0.3346116701556317, 0.5552104713455509, -0.7863267490821353, -3.030150708069506, 0.017442776636796775
0.21331359934714744, 0.3346326158246511, 0.5551867858305792, -0.7862988720573943, -3.0301925666448133, 0.017537902622453718
0.21329916580942374, 0.3346035148238274, 0.555214046281281, -0.7862597128560967, -3.0301931898453858, 0.017425311700118032
0.21331081340181585, 0.3345982307710203, 0.555216294668692, -0.7863843926576584, -3.030149599056154, 0.01738742722895333
0.2133056507003124, 0.3345971305287619, 0.555206294937354, -0.7863107147937788, -3.030166089086377, 0.017481206692433953
0.21330042144628356, 0.33460774165700785, 0.5552204707581441, -0.7863689831596143, -3.0301657070887336, 0.017407283897675416
0.21330729928271905, 0.3346064380802703, 0.5552117658560012, -0.7863451606567914, -3.0301468720596634, 0.01740537841964236
0.2132946303576025, 0.33461196956242956, 0.5552216134830401, -0.7862724773786189, -3.030166312865221, 0.017386936124951104
0.2133172998849349, 0.3346166032402718, 0.5552013640110272, -0.7864234018129985, -3.0301494642266493, 0.01748156864893432
0.21330688937064893, 0.3346097011431186, 0.5552093162912021, -0.7863171975773282, -3.03018977889681, 0.01746341066034595
0.21330251177545534, 0.33460715822688175, 0.5552061908254721, -0.7862660329112683, -3.030216821079348, 0.0174088033043813
0.21329827085906577, 0.33461668431597713, 0.5552170475816025, -0.78633250974206, -3.030175190618964, 0.017407283726537492
0.21329727200961016, 0.33460950764546366, 0.5552138575190517, -0.7862988353535978, -3.0301952305047317, 0.017445072647428443
0.21329982838036518, 0.33460976026893435, 0.5551919508276074, -0.7862929927834456, -3.030169989396698, 0.01751807301658046
0.21330050738383097, 0.33462820157602396, 0.5552024942886858, -0.7863295541802064, -3.0301622197172637, 0.01746253954846761
0.21329784122232184, 0.3346439079462983, 0.5551879038100039, -0.7863174662509329, -3.0301888622873365, 0.017520188381457063
0.21330854705296742, 0.3346115423903807, 0.5551994564038806, -0.7863201976461323, -3.0302008618349023, 0.017482753695095485
0.2132939865738967, 0.33463468214405, 0.5551858140955234, -0.7862779584317592, -3.0301865482453403, 0.01752002939604624
0.213305995918089, 0.334598158423568, 0.5552195413663733, -0.7863296552363425, -3.0301632081688377, 0.017405971469683566
0.21330461634593464, 0.33460566637223943, 0.5552270716606892, -0.7863690154986243, -3.030166531881128, 0.017369777261888375
0.213314997302407, 0.3346249945579082, 0.5552034234430692, -0.786350818522318, -3.030168655063446, 0.017462712903673096
0.21331077364263695, 0.33461065940899387, 0.5552005990242854, -0.7862961181661241, -3.030182672381937, 0.01746240369743294
0.2133147949900504, 0.334631984150971, 0.555200024603605, -0.786272528432613, -3.030163983529316, 0.017460907911337503
0.2133217444017649, 0.3345991876845173, 0.5552128592723988, -0.7864056663540332, -3.0301561979620337, 0.017387809560424086
0.21330592985160357, 0.33463046976374455, 0.5551913519706865, -0.7863659618326624, -3.0301513192324223, 0.017518486617758615
0.21331409977994942, 0.3346093834813133, 0.5552138131233811, -0.7863665412069317, -3.030154173635882, 0.017387324273633754
0.2133041162734226, 0.334616496293635, 0.5552157406430388, -0.7862990529617825, -3.0301950183623463, 0.01744486441231565
0.21331244808560287, 0.3346008484477936, 0.5552259044242792, -0.7863804010055911, -3.030212407611938, 0.017390999014462224
0.21331516700421277, 0.3346132555813527, 0.5551892497696554, -0.7864203840289806, -3.0301369891054706, 0.0175189223546226
0.21331084333098466, 0.3346023321421006, 0.5552040469143096, -0.7863810158483305, -3.030136094199491, 0.01746132233481449
0.21330222280190725, 0.33459743372889783, 0.5552330890008017, -0.7863151600958649, -3.030181813050543, 0.017312778114823412
0.21331648111078347, 0.3346098614204752, 0.555216858687549, -0.7863899052329234, -3.030171872733798, 0.017426111401932794
0.2133084039794662, 0.3346027275414281, 0.5551960393837889, -0.7863319861676712, -3.030171970842495, 0.017520048208360364
0.21331320640395354, 0.33461024413337914, 0.5552083426397464, -0.7863454991232178, -3.0301466668848507, 0.01740517172318778
0.21329489817335762, 0.3346004891458527, 0.5552144412117216, -0.7863784467177469, -3.030126347859014, 0.017404563940202317
0.21331448400001296, 0.33460704651897144, 0.5551994810057875, -0.786350659093951, -3.030168087265757, 0.017481155707939754
0.21330460228661002, 0.3346057250156024, 0.5552149879323595, -0.786368723723234, -3.0301651652076926, 0.017425724228263145
0.21330797205389243, 0.33460104442978983, 0.5552107995507568, -0.7864416848621016, -3.0301469049850143, 0.017407286592805032
0.21330052130350025, 0.3346165718028043, 0.5552095879458648, -0.7863389985078507, -3.030199305474663, 0.0173713803743787
0.21330156058316274, 0.33461560532653845, 0.5551937910975321, -0.7862567101257791, -3.030179738534091, 0.017499962058352102
0.21330399742595585, 0.3346200555869195, 0.5551949396850416, -0.7863323095567579, -3.0301727099922884, 0.017500321845884403
0.21330955037032934, 0.3346178969214607, 0.5552092964571859, -0.7863786514975281, -3.0301260212128125, 0.017404893681841272
0.2133184428750274, 0.3346004023586357, 0.555211728833047, -0.7863720815260901, -3.0301768422710684, 0.01740715746794699
0.21331353915180198, 0.33462775700618225, 0.5551936003634135, -0.7863086034750993, -3.0301542960493855, 0.017479764448072713
0.2133174519571598, 0.33461715453508034, 0.5551958811579699, -0.7863687616078228, -3.0301629665878314, 0.01749990688197952
0.2133026038784142, 0.33461521909091296, 0.5552060818835428, -0.7863144887290988, -3.030178719642638, 0.017444272562405643
0.2133018870634762, 0.33461656974591597, 0.5552072121872885, -0.7863117999514807, -3.0301676126459633, 0.01742493308359744
0.21331581391050158, 0.33462023203213714, 0.5551846715149675, -0.7863562516380592, -3.0301900514042113, 0.017539447138127235
0.2133031441977857, 0.3346084877708671, 0.5552051649458674, -0.7863087922124689, -3.0301553378304567, 0.017442675565969953
0.21331234780429073, 0.3346159309618085, 0.5552081414603853, -0.7863690727360557, -3.030164976910565, 0.017425519866013973
0.21332033567297126, 0.33461912160039303, 0.5552046935034957, -0.7864113762132917, -3.030178749643178, 0.017426909901667374
0.21331790672965775, 0.3346145910223535, 0.5552158481111338, -0.7863545097604796, -3.030182451596214, 0.017369963014380534
0.21331879120989408, 0.3346055481591654, 0.5552005990242854, -0.7863143102225872, -3.0301777467103506, 0.01746209350742431
0.2133084039794662, 0.3346027275414281, 0.5551960393837889, -0.7863500639993196, -3.030167347903163, 0.017520151272264996
0.2133194526112229, 0.33461997906530017, 0.5551992228447803, -0.7863542069777036, -3.030180605338975, 0.017444559003529255
0.21330577781751683, 0.3346299185260795, 0.5551968348306119, -0.7862568173037285, -3.0301797012291227, 0.017499214072961004
0.21331528704471436, 0.3346096288082743, 0.5552083179856216, -0.7863328693054863, -3.0301746079353666, 0.017406457334743
0.21329360466207095, 0.33460480957248356, 0.555206294937354, -0.786347331963222, -3.030157136429252, 0.017482038200125498
0.21331088468686699, 0.334587046461464, 0.5552079550527466, -0.7864108540890123, -3.0301789040346674, 0.017426164894227207
0.21330304233424185, 0.3346003950987206, 0.5552195291070656, -0.7863325784627477, -3.030174890235754, 0.01740686932984372
0.21330506059922977, 0.3346196976322756, 0.555192974972181, -0.7862813579113105, -3.0301996928299157, 0.017444767742633288
0.21331655693101295, 0.33461379708405603, 0.5552268262425021, -0.7863697586149464, -3.030167076708142, 0.017332068374726745
0.2133059158778485, 0.3346140015374555, 0.5552072121872885, -0.7863300250679975, -3.0301628146327158, 0.01742482890026326
0.21330275595286083, 0.3346157704667222, 0.5552005990242854, -0.7863505989499323, -3.0301690135337815, 0.017463128139493213
0.21331640058585508, 0.3346182562348938, 0.555187290991681, -0.7863416639913194, -3.0302077273018813, 0.01748335379567046
0.2133077722342634, 0.3345964398412588, 0.5552304823692296, -0.7863171161024178, -3.0301920687433626, 0.01736995787024073
0.21330490649627798, 0.33460682792617985, 0.5552040222603327, -0.7863143996481328, -3.0301781150750524, 0.01746271405190538
0.21330287611336832, 0.3345999020914836, 0.555212928236749, -0.786332331832812, -3.030173982489828, 0.01744416676626933
0.21329753989008604, 0.3346180933416587, 0.5552060941427359, -0.7862568565173752, -3.030181300791945, 0.017443476781689372
0.2133093718456237, 0.3346059031011235, 0.5551994381180785, -0.7863687539817439, -3.0301640877009923, 0.017463564610907565
0.21330830853915186, 0.3346260147751306, 0.5551992598674184, -0.7862546146995112, -3.0301692193865075, 0.017442364738427866
0.2133020748783883, 0.3346212441237496, 0.5551892621643311, -0.7862718594689848, -3.0301629663875715, 0.017518014926883808
0.21331528704471436, 0.3346096288082743, 0.5552083179856216, -0.7864055416546121, -3.030156021377488, 0.017406871548713034
0.21331151476782792, 0.33462165047726083, 0.5551958565561277, -0.786374456065068, -3.030186495334107, 0.01750171046706548
0.21329978020504958, 0.33462955529625266, 0.5552036247150565, -0.7862906810594359, -3.0301602431396177, 0.01744298695317786
0.21330712359719298, 0.3346191311809076, 0.5551949027407332, -0.7863956319335217, -3.0301936440949655, 0.01750272100864032
0.2133134808162272, 0.3346237717622573, 0.5551816807627533, -0.7863479132403367, -3.0301557259611482, 0.01751797139066738
0.21330379048923234, 0.3345946011634243, 0.5552076087226026, -0.7864354361677982, -3.030122803833896, 0.017443193806916505
0.21331866376710354, 0.334617338621544, 0.5552024696608334, -0.7863173322959912, -3.0301895076618686, 0.01746299753565465
0.21330645212489907, 0.3346122155790747, 0.5551873973134088, -0.7863140969135984, -3.030176267115528, 0.01753730969019484
0.21331375569091884, 0.3346207093447595, 0.5552090829333132, -0.7862964352255826, -3.030183543746085, 0.017425104964651078
0.213306148057017, 0.33459870997127583, 0.555214058540537, -0.78632960996361, -3.0301627482397953, 0.017424620876267213
0.21330475917979047, 0.3345901783070531, 0.5552219710073245, -0.7862956283386351, -3.030183685428504, 0.01742510215711403
0.2133273107884376, 0.3346352595730615, 0.5551853797411921, -0.7863444335873917, -3.0302186455960585, 0.01750323060685332
0.21331412968602853, 0.334613484774289, 0.5552015652105519, -0.786363164406678, -3.0301406684892696, 0.017461219249595625
0.2133076781803012, 0.33461234170577214, 0.5552060695148188, -0.7863356327940035, -3.0301855920012097, 0.017444867113267006
0.21331269184211696, 0.3346046051368118, 0.5552128715316765, -0.7862938338591734, -3.0301727781210444, 0.017386910295902013
0.21331163071816525, 0.33462968460176246, 0.5551935757095848, -0.786296367093571, -3.030182272153137, 0.017481258785038038
0.2133113103015478, 0.3346293776702919, 0.5551959392386637, -0.7863449239933201, -3.030220922204606, 0.017428510435263382
0.2133033628540745, 0.33461375821546135, 0.555215083083722, -0.7863363009141239, -3.0301880354815456, 0.017351832945764763
0.21331025917493177, 0.3346050204949025, 0.5552051279231336, -0.7863171251649118, -3.0301901986786204, 0.01744455691969309
0.21332248638189286, 0.33461430236323486, 0.5551958687893522, -0.7864258805327358, -3.030160639119457, 0.017500708894615576
0.21330382970873024, 0.33461534446311897, 0.5552247542316558, -0.7863360242140176, -3.030188040702044, 0.01735182921844061
0.21331046944905757, 0.3346095566019196, 0.555211564735982, -0.7863508039772297, -3.0301696307825727, 0.01742541596393195
0.2133128733621408, 0.3346141797894465, 0.5551759787913985, -0.7863528700115626, -3.030177138779818, 0.017595447023401517
0.2133178104486729, 0.334622296819967, 0.555184751137495, -0.7864017701118088, -3.0301407771203075, 0.01755536703967549
0.21330740379516783, 0.3346029367742761, 0.5552204830174615, -0.7863839232885649, -3.030149319243307, 0.01740628024635058
0.2133153692578139, 0.33460626607013666, 0.5551926484779478, -0.7863714067043649, -3.030174207291075, 0.017520001259944493
0.21331005500085007, 0.33463672216133583, 0.5551945046951169, -0.7862810955052405, -3.0301987221556343, 0.01748206108506748
0.2133055607919865, 0.33459286076803413, 0.55521876903984, -0.7863686661952157, -3.0301655539127315, 0.017406124046450307
0.21330994879026527, 0.3346155017092268, 0.555207048069913, -0.7863811398427915, -3.030136680226082, 0.01744288076274583
0.21330678475758413, 0.33461320224779445, 0.5552005990242854, -0.7863507462782484, -3.030168838405812, 0.01746292101191822
0.2133121191696603, 0.33459491605973807, 0.5552316004658049, -0.7863720598316267, -3.030178378960783, 0.01735141378580548
0.21330277012280835, 0.3346157121999619, 0.5552126827935298, -0.7863147353184252, -3.0301796272529073, 0.017406975117107204
0.21330632845947273, 0.3346115479376188, 0.5552170475816025, -0.7863508823556502, -3.0301702178287515, 0.017406972557707845
0.21331453652740076, 0.33461182404703466, 0.5552027981557033, -0.7863598441317414, -3.030204502683655, 0.01742750812743779
0.21331604385402395, 0.3345999731757493, 0.5552106354035222, -0.7863841483218182, -3.0301485454312185, 0.01742451755013396
0.21331110616971596, 0.33461164566904766, 0.5552138008640936, -0.7863146894697379, -3.030179865764818, 0.017387911925992355
0.21330443814577627, 0.3346175504447692, 0.5552028227316165, -0.7863358426988566, -3.0301862029171427, 0.017426427508757395
0.2133121014755252, 0.33461887755895575, 0.5552049069494046, -0.7863846171663981, -3.030149234490955, 0.017406285020045945
0.2133055714938239, 0.33462532728938027, 0.5552024820295249, -0.7863145135893337, -3.030178222579127, 0.017462920703625862
0.2133039832834568, 0.33460358723518363, 0.5552107995507568, -0.7862782953392791, -3.0301888283267577, 0.0174065612133954
0.2132965345279815, 0.33460597367324013, 0.5552218022007793, -0.7863060556392163, -3.030145803420929, 0.01736759663037043
0.21331873966877055, 0.334621274563223, 0.555212437145003, -0.7863698590649417, -3.030166127178903, 0.017369368224121377
0.21331381910455768, 0.334617282695794, 0.5551935880985778, -0.786316526642608, -3.030187858792542, 0.017538543860329624
0.21330978870323142, 0.3346034245072908, 0.5552094927310104, -0.786353486520615, -3.030180871752861, 0.0174447633175962
0.21331148009139694, 0.3346044212527533, 0.5552062829904414, -0.7863452629100768, -3.030146237337342, 0.017423820196356438
0.21331716546230553, 0.3346160030955429, 0.5552048946901897, -0.7863514996301516, -3.030169861635903, 0.017406563295403847
0.2133069871524968, 0.3346062126512601, 0.5552039976583413, -0.7863382861415982, -3.030196717449228, 0.017464207582974265
0.21331263379356083, 0.33460055526993226, 0.5552270716606892, -0.7863872077176939, -3.030161606790402, 0.017369467144355846
0.21330983885436713, 0.3345958832855916, 0.55521837410458, -0.7863226327239359, -3.0302139264516565, 0.017427295863164504
0.2132927763145792, 0.3346179369650574, 0.5552214246091661, -0.7863298581768653, -3.0301636823849782, 0.017406799434839842
0.21329333286632424, 0.3345958862306787, 0.5552364995674928, -0.7862995156409807, -3.0301984853914807, 0.017313786262489465
0.2133142878501378, 0.3346024521856279, 0.5552051279231336, -0.7863537897950886, -3.030180684859204, 0.017444557949047253
0.213314446027829, 0.33460302560933103, 0.5551994257494185, -0.7864264151087481, -3.0301616200736783, 0.017464367278681305
0.21330741793632296, 0.33461528178281685, 0.555216871056366, -0.7864053108945894, -3.030155788469771, 0.017425931030915172
0.21330450447591512, 0.33460921340734995, 0.5552203065515967, -0.7862749625600239, -3.0301768119620864, 0.017424512790197022
0.2133069509820424, 0.3346012919666874, 0.5552228956171783, -0.7863483362436936, -3.0301599280617575, 0.017350130942528536
0.2133108923241009, 0.33460709983648884, 0.5552213999809796, -0.7863536126211523, -3.030181772912178, 0.017407463547876468
0.2133126837690305, 0.3346046854967682, 0.5552005684082233, -0.7863842901739512, -3.0301481825009784, 0.01744412076829574
0.21330617632354607, 0.33461099637540026, 0.5552225304204034, -0.786332849932624, -3.0301753008481556, 0.01738822003017175
0.21331488123105047, 0.3346169603481024, 0.555205704236762, -0.7863197172627692, -3.0302008012776906, 0.01748254310163903
0.21331122585892978, 0.3345957769362302, 0.5552261300096111, -0.7863690949418913, -3.030166249076894, 0.01736936478346442
0.21331375569091884, 0.3346207093447595, 0.5552090829333132, -0.7863329523736001, -3.030174205025706, 0.017425313112317323
0.2133146062285443, 0.33460349673460366, 0.5552062459676433, -0.7864082245563948, -3.0301672624523133, 0.017426218731504812
0.21331250233484456, 0.33458395704116445, 0.5552310291054336, -0.7864053939489583, -3.0301578380366863, 0.01733132270955582
0.21330875730202772, 0.3346036751824334, 0.5552215888287086, -0.7863143425283454, -3.0301799081343375, 0.017387909535688154
0.2133052388727154, 0.3346243406167391, 0.5551892803186492, -0.7863686150633048, -3.030162444550003, 0.017537826771450757
0.2133078742231958, 0.3346169360546169, 0.5552004225380991, -0.7863325022727413, -3.030172994790351, 0.017481465233988618
0.2133091001358495, 0.3346170616897468, 0.5552190948156179, -0.7862994429617014, -3.0301962797874666, 0.017388711401067892
0.21331218152602824, 0.33461543778121244, 0.5552015405565973, -0.7863142311267765, -3.0301780308714803, 0.017462506079610644
0.21330193741650608, 0.3346090286006942, 0.5552160936210887, -0.7863174633371243, -3.0301913281577657, 0.017407672628015146
0.2133018292120118, 0.334612520052173, 0.5552214123498391, -0.7863325012675293, -3.0301750278017185, 0.017407075095985245
0.21331173671806797, 0.3346014715284114, 0.5552095173589692, -0.7863113078681908, -3.030166810209198, 0.017442957037113408
0.21331352710431925, 0.33459969439340737, 0.5552325421168731, -0.7863901726630381, -3.0301737365915025, 0.01735151603108293
0.21331006857465795, 0.3345996331561539, 0.555219377354842, -0.7863447951828776, -3.0301462730367192, 0.017423815611330683
0.2132973476586688, 0.3346134433768498, 0.5552238250088851, -0.7863148443742372, -3.030181186689624, 0.01735123589410613
0.21331127155507143, 0.33459207235565774, 0.5552209928261524, -0.7864267302687414, -3.0301639812121146, 0.01736963040289071
0.21331961890285317, 0.3346204722683086, 0.5552058237943611, -0.7863544539404482, -3.030181513446882, 0.017407261449692242
0.21329953963213796, 0.3346250259832019, 0.55519909555275, -0.7862381917815363, -3.0301840630951533, 0.017518711185994247
0.2133089275910805, 0.3346281527227797, 0.5552034480970632, -0.7862904482412424, -3.0301595188008053, 0.017461216876670325
0.21331691271986872, 0.33459917390494726, 0.5552040222603327, -0.7863687140985491, -3.030163815260022, 0.017462403866942866
0.21330648046640285, 0.33459969582907956, 0.5552272603656093, -0.7863301027077568, -3.030164563511271, 0.017350026277786798
0.2133022855339483, 0.3346141745176839, 0.5552049638520279, -0.7862596922730736, -3.030192232560724, 0.017462609300822343
0.21331230378318553, 0.3346118879490883, 0.5552083056168546, -0.7863721581367931, -3.0301771137311904, 0.0174075710648937
0.2133083949756838, 0.3346109910294555, 0.5552049392500169, -0.7863563991884385, -3.030192075693777, 0.017464309741026734
0.21330208952753923, 0.33460958010186487, 0.5552106107755207, -0.7862628226151324, -3.0302048298760984, 0.017426011340384562
0.2133121375122674, 0.3346113947939568, 0.555201704687107, -0.7863719112756361, -3.030176206035362, 0.017444868643911635
0.2133108934229031, 0.33459479103089373, 0.555212928236749, -0.7863686016291417, -3.0301644334730677, 0.0174439596424639
0.21330962243236565, 0.33460293135081537, 0.5552028918731627, -0.7863532395188481, -3.030179963489664, 0.017482060867822825
0.21330140244896897, 0.3346150319754501, 0.5551994932649076, -0.7862748351564429, -3.030175594675244, 0.017480669861435687
0.21331216573576328, 0.33461127786840866, 0.555225872341246, -0.7863363401409016, -3.0301881871382355, 0.017332768499040186
0.2133041049485752, 0.33460414556702833, 0.555207224329272, -0.7863140343284161, -3.030177660779632, 0.01748210637580207
0.21331715731806952, 0.33461608321260405, 0.5551925915255113, -0.7863692833675954, -3.03016385162255, 0.017463359201047756
0.21331100414132914, 0.33460355276220505, 0.5552281651547927, -0.7863203989384258, -3.0302040408005086, 0.01735200239904246
0.2133211462374864, 0.33461354025016854, 0.5551925915255113, -0.7863873279774687, -3.030159100631853, 0.017463256150001067
0.2133095861524978, 0.33462281698852125, 0.5551903982980961, -0.7862959291491229, -3.030181393736443, 0.017518555304384058
0.21331314029729243, 0.33459466871015886, 0.555219504504782, -0.7864108135738307, -3.030179319372997, 0.01740825835582368
0.2133132423537609, 0.3346027613787037, 0.5552051402918478, -0.7864051039724188, -3.030155144112349, 0.017444168125548613
0.21330755593402823, 0.3346034883219995, 0.555215000191625, -0.7863296450837549, -3.030162729664837, 0.017424620206457884
0.2133061323463418, 0.3346069533477385, 0.5552226945433965, -0.786317857542692, -3.030192060844243, 0.017370168157570864
0.21331509033954832, 0.3346091425709553, 0.555203624640411, -0.786368406610743, -3.0301629910242767, 0.01750065040747083
0.2133096365148799, 0.3346152761842993, 0.555199279930734, -0.7863927044932512, -3.0301818100854203, 0.017501814495578045
0.21329749978878557, 0.3346139949683357, 0.5552183421440517, -0.7862602042250241, -3.0301946894204876, 0.01736957426225501
0.2133161083150037, 0.33460477693379603, 0.5552159049218355, -0.7864108382391464, -3.03017882249976, 0.01742690664534126
0.21331095403804168, 0.3346110941457851, 0.5552192837357466, -0.7863331741037918, -3.0301756096680887, 0.01736936753391391
0.21331255009800854, 0.3346089413024295, 0.5552115401338243, -0.7863927689412403, -3.0301836091055567, 0.017427012023612187
0.21330663263102967, 0.3346002474651382, 0.5552217775205609, -0.7863300575182592, -3.0301641039049363, 0.01736867569910963
0.2133020316330386, 0.33460553025922735, 0.5552248109041791, -0.786338119571081, -3.030198283566052, 0.017408463841793325
0.21330277012280835, 0.3346157121999619, 0.5552126827935298, -0.7862966575216401, -3.030184250394936, 0.01740687208009651
0.21331110616971596, 0.33461164566904766, 0.5552138008640936, -0.7863692842013578, -3.0301659030140273, 0.017388223088450817
0.21331194703253267, 0.3346060075828695, 0.5552159541782589, -0.7863992188928098, -3.030132372130807, 0.017424126265727355
0.21329945429288497, 0.33461698490425856, 0.5551994686371373, -0.7862989354173506, -3.0301942802789488, 0.01748237261419279
0.21331841318295705, 0.3346087042907077, 0.5552082810408374, -0.7863600372597109, -3.0302047877160505, 0.017408651997433383
0.21330859108252428, 0.3346031822028287, 0.5552149879323595, -0.7863686906751806, -3.030165037861468, 0.017425518145839685
0.21331009897236547, 0.3346045493415624, 0.5551983077314623, -0.786353393606479, -3.030179933182383, 0.017482808380396696
0.2133101070689847, 0.3346044690601211, 0.5552106107755207, -0.7863717657340114, -3.030176696361699, 0.017426218230340587
0.21329488708990005, 0.3346090197264938, 0.5552248477658916, -0.7862931171517239, -3.0301729244720823, 0.017406383929129472
0.21331382979364708, 0.3346239629756429, 0.5552034851139402, -0.7863180192600097, -3.0301151898454313, 0.017458925748061054
0.21330210361687224, 0.3346095215588054, 0.5552226945433965, -0.7862631148835916, -3.0302061973076424, 0.017370064210168484
0.21330399736085914, 0.33460352865328546, 0.555222883357807, -0.7863331820650978, -3.0301762331994206, 0.017350925431135856
0.21331138432183108, 0.3346326310849298, 0.5551903410999176, -0.7863665070937612, -3.0301525688244815, 0.017462335083632895
0.21330588983843335, 0.33462637186256616, 0.5552036000610394, -0.7863327926802364, -3.0301740474845675, 0.017444375797865494
0.2133088434418779, 0.3346200114188947, 0.5552158604799844, -0.7863695534704725, -3.0301664590305584, 0.01736978050922597
0.21330675495339319, 0.33460910096574936, 0.5552128469035895, -0.786354123658981, -3.0301823425716248, 0.017389025092687114
0.21330215112422046, 0.3346135743385065, 0.5552084944644905, -0.7863512127980513, -3.030170834880607, 0.017388535412519928
0.21331082743743515, 0.33459817205022696, 0.5552283784752428, -0.7863300898069389, -3.0301649294233433, 0.01733116901941772
0.2133090756567225, 0.334604719696816, 0.555222706912289, -0.7863329830726925, -3.030175640141026, 0.017369366673822117
0.21330520922919996, 0.33462023971706084, 0.5552015281879156, -0.7863354750744177, -3.03018528859929, 0.017463722895423747
0.2133119854209578, 0.3346108434091132, 0.5552071875593286, -0.7863358011406315, -3.030185912604489, 0.017426013231344344
0.21332120873477625, 0.33462990291385775, 0.5551890341710216, -0.7863510658817611, -3.0301675287694803, 0.017499805544477155
0.21330248329908819, 0.33463108725318835, 0.5551937523145378, -0.7862966002359529, -3.0301829968516683, 0.01746302784192866
0.21329889337778107, 0.33461883182374413, 0.5552071999280741, -0.7863326203770408, -3.0301747192260704, 0.017425934756802493
0.21331022288534202, 0.33462490619125684, 0.5551926342960405, -0.7863328492129756, -3.0301729524223493, 0.017481467624569907
0.21331033095389712, 0.33462141441645465, 0.5551873155673016, -0.7863358886839952, -3.030184629609028, 0.017482168595858587
0.21331788648678834, 0.33462623323187357, 0.5551947183819534, -0.7862908742811441, -3.030159192300186, 0.017460805802796353
0.21331448400001296, 0.33460704651897144, 0.5551994810057875, -0.786386814610904, -3.0301588407726423, 0.017481361818594818
0.2133005150761106, 0.33461591448247346, 0.55519380349225, -0.7863083866736725, -3.0301541075105773, 0.017499574909577504
0.21331279215789506, 0.3346374095062239, 0.5551912824540874, -0.7863303868096512, -3.03016179664103, 0.01746212809523271
0.213305046263767, 0.33458722164654175, 0.555223297717438, -0.7863535180002864, -3.0301823260482514, 0.0173880707114
0.21331057754075755, 0.33460606504771095, 0.5552062459676433, -0.7863719216444931, -3.0301766844617473, 0.01742621976080049
0.2133156700613702, 0.3346196008641072, 0.555202457427536, -0.7864292652057298, -3.03017331273775, 0.017464517643342083
0.21331408132288013, 0.3345978608236647, 0.5552107749485954, -0.786374969772758, -3.0301885428823514, 0.017408055787736593
0.21329629783799103, 0.33462621108873203, 0.5551960576905226, -0.7862235677929964, -3.0302012898529327, 0.017481466764023738
0.21331647853945887, 0.3346214548550556, 0.5551937769683897, -0.7863815889334589, -3.030136002776179, 0.01746132490956948
0.2133027401038128, 0.3346281376654349, 0.5551969867948116, -0.7862264880261922, -3.0302128141308002, 0.017481958978900786
0.2133026038784142, 0.33461521909091296, 0.5552060818835428, -0.7863144887290988, -3.030178719642638, 0.017444272562405643
0.21331125828308228, 0.3346121971295617, 0.5552083179856216, -0.7863146441004792, -3.030179405898292, 0.017406561404371558
0.21331252558741085, 0.3346041120594969, 0.5552062705955837, -0.786420854008842, -3.030139321085421, 0.017424933753130218
0.21330917763491303, 0.3346128124296152, 0.5552083426397464, -0.7863088349050446, -3.0301561806053954, 0.01740517069057903
0.21330826027160502, 0.3346269169139913, 0.5551805259227591, -0.7863201394561343, -3.030199607495129, 0.01753890940282633
0.21330616211546255, 0.33459865132750866, 0.5552261422689917, -0.7863660568637594, -3.030154868736551, 0.017368880451893585
0.2132985069687732, 0.3346088498142954, 0.555227096315125, -0.7863269028184756, -3.030152728225465, 0.017368388986315063
0.21331699568562187, 0.3346155004624249, 0.5552123296966899, -0.7863508202786081, -3.030168970600739, 0.017443855446427885
0.213317135713179, 0.3346284283120322, 0.5551891984537539, -0.7864085986454996, -3.0301658791793624, 0.01748237519827865
0.21330859108252428, 0.3346031822028287, 0.5552149879323595, -0.7863325351910161, -3.0301742845463493, 0.017425312060977634
0.21330493991082936, 0.33461090610743766, 0.5551915104077321, -0.7863291195502892, -3.0301600648517306, 0.017538211060519913
0.21330648199524002, 0.33459188180953975, 0.5552484069812895, -0.7863176200465334, -3.030194379699686, 0.01727596779981975
0.2133124998956289, 0.33461648234678104, 0.5552026585881117, -0.7863690273562369, -3.0301645170355602, 0.01744416934681372
0.21331644515954118, 0.3346173441705124, 0.5552200609167427, -0.7864026107125233, -3.0301449010184727, 0.017387527695166455
0.21331132677310966, 0.33461617863711374, 0.5552202375274067, -0.7863303187901424, -3.0301640362834568, 0.017368675218890343
0.21332175929131572, 0.3346156561526711, 0.5551969991634508, -0.7863689298629059, -3.0301632872714492, 0.017481052842968595
0.21331080585082537, 0.3346345270377058, 0.555200024603605, -0.7863271561984281, -3.0301501499472776, 0.017461426346703224
0.21330387134420356, 0.33460713403325437, 0.5552040345194948, -0.7862930704993374, -3.0301712755058463, 0.01746191694192519
0.2133038995322402, 0.33460701698416134, 0.5552282020166973, -0.7863120930774807, -3.0301692951728683, 0.017350128744962872
0.2133149542496563, 0.33459623939112076, 0.5552108118100034, -0.7864204695585234, -3.0301397646565476, 0.01740607664472485
0.213311770864138, 0.334606332367329, 0.5552005315471037, -0.7863747644683317, -3.0301877610914754, 0.017446307013011943
0.2133032405564321, 0.3346173081989013, 0.5552083179856216, -0.7863148912284889, -3.0301796153565697, 0.017406976646217567
0.2133123619216074, 0.33461587251795194, 0.5552202252680577, -0.7862966921673316, -3.0301849302302477, 0.017369158742233225
0.21332244613199328, 0.33461020432465766, 0.5552081168582692, -0.786411152129546, -3.030178652763194, 0.01742670340013967
0.21332077764972418, 0.3346084306563501, 0.5551918569406884, -0.7864448084642424, -3.0301568447592815, 0.017463520751671853
0.21330663267652372, 0.3346126508738224, 0.5552060818835428, -0.7863327138938744, -3.0301739215414827, 0.017444168486564257
0.21329852760253354, 0.3346137345174124, 0.555220281923453, -0.7863169938000022, -3.0301910485630086, 0.017426525347242428
0.21331275656894622, 0.33461353266289073, 0.555205893015627, -0.7863354333741885, -3.0301849977415705, 0.017463308582768997
0.21330417789179792, 0.33462049060588267, 0.555213624325841, -0.7863328482090288, -3.0301749854290043, 0.01740707748434133
0.21329973443760478, 0.3346131937687952, 0.555209353313993, -0.7862356504575038, -3.0301736414908906, 0.017461113588391624
0.21329682682663426, 0.3346193886050799, 0.5552193083900794, -0.7862728693644602, -3.0301667300325255, 0.017368289151877263
0.21331363961558655, 0.3346126751217515, 0.5552113636216274, -0.7863383689184652, -3.030197012743082, 0.01744535097899699
0.2133149185301601, 0.33461612521829637, 0.5551983183944711, -0.786290849324783, -3.030159689888622, 0.017442157834057347
0.21331294310397458, 0.334614786610581, 0.5552179276447424, -0.7863108596924397, -3.0302422825771993, 0.017410140476079663
0.2133149827864449, 0.3346085258281561, 0.5552192837357466, -0.7863513993211798, -3.030170811730943, 0.01736926347314193
0.21330948444390033, 0.33460232147508767, 0.5552204583892945, -0.7863535775005002, -3.0301817914870592, 0.017407464217043568
0.21331401583836343, 0.33461776905380897, 0.5551982813718624, -0.7863359466525038, -3.030185422145638, 0.017444663637310752
0.21330672898907976, 0.3346214713549696, 0.5552092349157739, -0.7863207355493872, -3.0302028220983783, 0.017408365813269093
0.21330317248280242, 0.3346248979540395, 0.5552013886649587, -0.7863085039423927, -3.0301545489478015, 0.01748017826856432
0.21331031644299764, 0.33458893878694845, 0.5552176386129607, -0.7863350143075651, -3.0301859407831278, 0.01742505574018763
0.21330943430059887, 0.33460986272121784, 0.5552115769952269, -0.786365991458402, -3.0301534525326517, 0.017424827371703474
0.2133132423537609, 0.3346027613787037, 0.5552051402918478, -0.786332431502189, -3.0301737301119895, 0.017443753877164275
0.21331453028333877, 0.33462340788980605, 0.5551937523145378, -0.7863145780671951, -3.030177988506934, 0.017462508471256893
0.21331392539977614, 0.3346089705842501, 0.5551949091025139, -0.7864205955382793, -3.0301379161984925, 0.017481625759325863
0.21330867873450726, 0.3346113326619843, 0.5551885399465405, -0.7863446126508274, -3.0301441163694296, 0.017517270657468078
0.21330219728357977, 0.33461769451236406, 0.5551960271205123, -0.7863297853675627, -3.03016205145113, 0.017463081043168165
0.2133068130044651, 0.3346130853989098, 0.5552247666005795, -0.7863513300033974, -3.0301715724858447, 0.017351027117441
0.21329272213482497, 0.334613897009152, 0.5552215888287086, -0.786278319492561, -3.03018966527975, 0.01738853185764247
0.21331605823243363, 0.33461231807846026, 0.5552070234158543, -0.7864051742125444, -3.0301551069611476, 0.01744416678669199
0.21331440400173038, 0.33461048633617485, 0.5552028473595152, -0.7863299337808867, -3.0301625930178466, 0.017424414721884194
0.21330849689221562, 0.334606680347553, 0.5552062705955837, -0.7863480345888206, -3.0301580825918655, 0.017424726417523188
0.2133031427360066, 0.334620796700383, 0.555213636585117, -0.7862938025625223, -3.030172676922932, 0.017406179847216974
0.2133003410939489, 0.33462770828843075, 0.5551958934170578, -0.7862385570340819, -3.030184517649909, 0.01749931894467201
0.21330167261446648, 0.33461205869898175, 0.5552005561490724, -0.7862419346734822, -3.0301972917432245, 0.017444606495014465
0.21330639644134058, 0.3346204849353207, 0.5551960330886574, -0.7863021633879818, -3.030205629533603, 0.017482858417997595
0.2132990454492626, 0.33461938321418006, 0.5552017170558001, -0.786259902150282, -3.0301928438785852, 0.017444170016255905
0.21331197729439996, 0.3346109235887151, 0.5551948844748088, -0.7863355067658435, -3.0301845258050104, 0.017482706299142836
0.21332109259961582, 0.33460946592352886, 0.5552070110471204, -0.7863899825485162, -3.0301712734253714, 0.017444556610117904
0.21330289018364915, 0.33459984348657285, 0.5552250119260304, -0.7863145460269247, -3.0301799732151498, 0.017388116805742284
0.21330052965398683, 0.33460425021631035, 0.5552151519700204, -0.7863174282164425, -3.03019134673247, 0.017407673297058515
0.21330713133946538, 0.33461412989142875, 0.5552258847101912, -0.786333453452374, -3.0301766434910715, 0.017332276116534668
0.2133149686699188, 0.33460858427215373, 0.5552071999280741, -0.786369185014488, -3.0301648206328013, 0.01742531342097253
0.21331079392930352, 0.33459901686742327, 0.5552217283160809, -0.7863597549781817, -3.0302059307055056, 0.01737155883249943
0.2133081205817302, 0.33460158611519675, 0.5552193527005957, -0.786313939941853, -3.03017901208961, 0.017425205426612782
0.21331217334723734, 0.3346155177813697, 0.5551892375106311, -0.7863139368702214, -3.030176643132878, 0.01751919888823626
0.21331166083390446, 0.3346213827743508, 0.5551970238173211, -0.7863449293470953, -3.0301449880554023, 0.017479972210518408
0.2133093322867712, 0.3346017698648694, 0.5552259412082068, -0.7862990279220209, -3.0301962136544094, 0.01738850383101741
0.2133124998956289, 0.33461648234678104, 0.5552026585881117, -0.7863328718428945, -3.0301737635881674, 0.017443963254525855
0.2133101368925922, 0.3346085702393648, 0.5551983630003061, -0.7863683882009306, -3.030163191038598, 0.017500113839532087
0.21331810892490097, 0.33460760131132344, 0.5552192467906497, -0.7863601286366377, -3.030205707197558, 0.017371352608877
0.2133064664190138, 0.3345997545112747, 0.5552151765981065, -0.7863113718937362, -3.0301679119688383, 0.017405867785819703
0.21331616626427774, 0.3346088264620825, 0.555201704687107, -0.7863355414294503, -3.0301853700878194, 0.01744445381650206
0.2133181544097881, 0.3346034590047946, 0.5551983630003061, -0.7863865800279065, -3.0301582645184486, 0.017499803630925154
0.21331349897728205, 0.3345998116418623, 0.5552083746995166, -0.7863715102340948, -3.030175625219808, 0.01746330736104247
0.2133133109032438, 0.33460674292593773, 0.5552170598408992, -0.7863481064944036, -3.030158361067749, 0.017405867477693446
0.21331304012726054, 0.3346097509806772, 0.5552017417097781, -0.7862906582954805, -3.030159720356597, 0.01744215697499636
0.21331141037813361, 0.33461274852732903, 0.5552028351003312, -0.7863511157969847, -3.0301696069861275, 0.01742541902352304
0.21330413396383832, 0.3346164475794427, 0.5552137884952744, -0.7862813383979605, -3.0302010841626834, 0.017388817552190402
0.21330515884600382, 0.3346112537131109, 0.5552205906096312, -0.7862760890348147, -3.0301790580803503, 0.017331275571785404
0.21331270590707657, 0.3346045465158518, 0.5552249553778992, -0.7863487199996859, -3.03016018285759, 0.01733127507455122
0.2132996205607513, 0.3346174781166313, 0.5552060695148188, -0.7862991822962903, -3.0301951881352993, 0.017445075038413783
0.21330111933155899, 0.3345937587522603, 0.5552211815199241, -0.7863150345059532, -3.0301809129269843, 0.017350077791457093
0.21330259573884272, 0.3346152992316532, 0.5551937788384658, -0.7863141947738885, -3.0301773330654904, 0.017500965436814803
0.21331019597301146, 0.33458827963870597, 0.5552332529957342, -0.7864271882708928, -3.0301658127273887, 0.017295035797224034
0.21331023712435035, 0.33462484816243765, 0.5552047181055701, -0.7864058137445776, -3.030155734189743, 0.017425934947314203
0.21331150076948524, 0.3346093056499347, 0.5551994686371373, -0.7863534305496017, -3.03017993301464, 0.01748206172957054
0.21331151494918507, 0.33460924742152887, 0.5552115523672058, -0.7863172058198292, -3.030190640162261, 0.017425906710418396
0.21330094220370077, 0.3346017964097716, 0.5552249873236424, -0.7863202079676449, -3.0302033730620717, 0.017389713590542193
0.21330831488348492, 0.33461443080613507, 0.5552083056168546, -0.7863360355548117, -3.0301864878025153, 0.017407571064885843
0.21331351667219317, 0.3346113689150188, 0.5551971575463097, -0.7863454069175602, -3.0301457283310387, 0.017443216354471158
0.21331262214177252, 0.3346129324762388, 0.5552094236873968, -0.7862996866867171, -3.0301961474928882, 0.01738850928608926
0.21331380938927091, 0.33461317776740224, 0.5552039285558005, -0.7863752044027337, -3.0301886566618714, 0.01740826417103741
0.21331652054221545, 0.33461399404972686, 0.5551903555025746, -0.7864050360701444, -3.0301537082807957, 0.017500861178275515
0.21332168025134296, 0.3346067868146178, 0.5551918939631112, -0.7864358655069409, -3.0301218665292877, 0.017461221944134395
0.21331231905231005, 0.3345995206714042, 0.5552119176213207, -0.7863693614305967, -3.0301657655853242, 0.017388017329748755
0.2133058962944225, 0.33461478779524784, 0.5552126458486535, -0.7863961368807046, -3.030195936712527, 0.017409476190713338
0.21331157306580184, 0.3346132319160302, 0.5552234719527147, -0.786332852078199, -3.0301751552012717, 0.017388013292499133
0.21331262506373105, 0.33459281072171626, 0.5552220986897479, -0.7863752276278898, -3.0301899476071226, 0.017351363141294193
0.21331230378318553, 0.3346118879490883, 0.5552083056168546, -0.7863902358933205, -3.030172490141677, 0.017407673989816234
0.2133181163932087, 0.33459943810789095, 0.5551983077314623, -0.7864077411874145, -3.0301657602091705, 0.017482704407743688
0.21330693534588763, 0.3346260627069494, 0.5552035876923264, -0.7863357115820282, -3.0301857179500615, 0.017445074201154785
0.21330200718205353, 0.33460070120540414, 0.5552195413663733, -0.7863658435627978, -3.030154088580477, 0.017406384063309112
0.21329911544984942, 0.33461105594595664, 0.5552051649458674, -0.7863086448444897, -3.0301555128062203, 0.017442883135031735
0.21331067592045802, 0.33461414796291605, 0.555205917643521, -0.7863296246950725, -3.0301617723353975, 0.017461917665342903
0.21330595200005747, 0.3346065187581352, 0.55520400989164, -0.786389991296361, -3.0301712002262606, 0.017463826669337934
0.21330953204065223, 0.3346063742281786, 0.555206258336379, -0.7864055194240148, -3.030155674468872, 0.017425729346950528
0.21331155896666232, 0.3346132904213331, 0.555211388223762, -0.7863506377931954, -3.030169164163303, 0.017444063241146335
0.21331763840473128, 0.3346060052297306, 0.5552236115587948, -0.7863780506172953, -3.030201095449118, 0.017371453772618797
0.21330783396230105, 0.33460043419898505, 0.5552283662158196, -0.7863147551683628, -3.030181281869598, 0.017331964800879302
0.21331337909536524, 0.3346156799098518, 0.5551960453218934, -0.7863355437099367, -3.0301845256404527, 0.017481959648353605
0.21329455357502533, 0.3345952869986123, 0.5552376547273523, -0.7862911344297296, -3.030163863195711, 0.01729284413630897
0.21331251112711938, 0.3345917014845341, 0.5552360021980769, -0.7863447020876643, -3.030148084838881, 0.017349011890606086
0.21330801832392035, 0.33460516464173934, 0.555198332359209, -0.7863837403964445, -3.030147461300504, 0.01748162386853882
0.21331251824205452, 0.33462800509640905, 0.5552056964582702, -0.7863244441726451, -3.0301393943637702, 0.01742323149398685
0.21330543989568432, 0.33461313306577695, 0.5552290944036353, -0.7863236003591159, -3.0302159012453584, 0.017353114194172025
0.213296315263906, 0.33459780130023514, 0.555200052056956, -0.7862928043637726, -3.0301704999921997, 0.017499423402260073
0.2133191782940022, 0.3346229774992012, 0.5551979405769949, -0.7863144031840575, -3.030177358167824, 0.017480947055108016
0.21329876732388975, 0.33460591000059997, 0.555216294668692, -0.7862753031098473, -3.030177907878563, 0.01738742722894548
0.21330536901080857, 0.3346323168667836, 0.5551990832494251, -0.786290818370711, -3.0301595895602795, 0.017461428049339235
0.2133080405081796, 0.33460502581582485, 0.5552227191716489, -0.7863300926387802, -3.030164085330347, 0.017368675029507886
0.21330277012280835, 0.3346157121999619, 0.5552126827935298, -0.7863147353184252, -3.0301796272529073, 0.017406975117107204
0.21331652054221545, 0.33461399404972686, 0.5551903555025746, -0.786350802789251, -3.0301675779716626, 0.017500552001040712
0.21331409586711306, 0.33461432919912837, 0.555194915083219, -0.7863017143169528, -3.030204970424398, 0.01750109206164647
0.21330017508646, 0.3346106883850246, 0.55521723631978, -0.7863480105808452, -3.0301593038454206, 0.017387841195435027
0.21330126053326973, 0.3346028409318551, 0.5552261054071805, -0.7863565651001929, -3.030194573665787, 0.0173712710908005
0.2133070732957863, 0.33461014548390383, 0.5552139649871478, -0.7864089196915195, -3.0301688264771216, 0.01737068785545004
0.2133135130866229, 0.3345997531751435, 0.5552204583892945, -0.7863172077318628, -3.030190955870175, 0.01740704941820721
0.21330927791323784, 0.334597729909973, 0.5552261054071805, -0.7863928352810181, -3.0301850248927087, 0.017371064451819383
0.21329996867263964, 0.33460609683865855, 0.555222883357807, -0.786278439709955, -3.0301903700110513, 0.017350821375851262
0.21331184854664514, 0.33459792463945187, 0.5552162824093936, -0.7863872831909642, -3.0301611538413873, 0.017388118834090117
0.21330404784944565, 0.3346125146816709, 0.5552038212315613, -0.7863018164445683, -3.0302056719009074, 0.017482856023377548
0.21330564779046096, 0.3346054158478035, 0.5552149755635621, -0.7863354872461807, -3.03018608232765, 0.01742621669998824
0.21331832071451418, 0.3346039522326745, 0.5552049638520279, -0.7864594991451467, -3.0301405862865565, 0.0174629205128688
0.21331044763704396, 0.3346418026178384, 0.5551935509930934, -0.7863154621660787, -3.0301790635963264, 0.017424882129097277
0.2133005509840688, 0.3345956508639454, 0.5552308650269445, -0.7862753503841937, -3.030178702370683, 0.017349174268892795
0.21330658513195558, 0.33460859813287314, 0.555220281923453, -0.786335366455819, -3.030186075653461, 0.017426214500507523
0.21329865325626052, 0.3345900620937111, 0.5552397215558859, -0.7863412719273621, -3.030211854088072, 0.01733382080654001
0.2133090756567225, 0.334604719696816, 0.555222706912289, -0.7863329830726925, -3.030175640141026, 0.017369366673822117
0.21329968210227437, 0.33462147232979017, 0.5552039531578785, -0.7862968219033605, -3.0301844013191506, 0.01740708224165453
0.21331446222494302, 0.3346144710297239, 0.5552147670506531, -0.7863636569574359, -3.030142484713965, 0.017386624974137087
0.2133040516902517, 0.334607568622043, 0.5552227191716489, -0.7863482032193548, -3.0301595887800623, 0.01736898445000997
0.21331064716185522, 0.3345977377436099, 0.5552096937524341, -0.7863841462487609, -3.030148691344798, 0.01742472452687641
0.21330957826897226, 0.33461049429745215, 0.5551937910975321, -0.7863294970180055, -3.030160851884906, 0.01749996309005239
0.21331729971127145, 0.3346042000093437, 0.5552170598408992, -0.7863842287410837, -3.030148986852529, 0.01740586747770133
0.2133052687765302, 0.3345995121310585, 0.5552206718319423, -0.7863996088931648, -3.0301333989979273, 0.017387040049595445
0.21330736343209647, 0.3345988380115281, 0.5552327309443829, -0.7863330385202383, -3.0301765777741565, 0.017332068354416207
0.21330263164032406, 0.3345950355902047, 0.5552308403985626, -0.7862992378095618, -3.0301973043353665, 0.01735066746989714
0.21330366493383088, 0.3346025426913909, 0.5552096814932087, -0.7863688445133108, -3.030165171882127, 0.01742572642638971
0.2133178502046084, 0.33460235625621704, 0.5552093286599353, -0.7864412656151802, -3.030145221992623, 0.017462815933390094
0.2133106898855882, 0.3346264928648829, 0.5552023054245714, -0.7863144946862003, -3.030177580617641, 0.017481360840271448
0.21330276556528555, 0.3346033486899389, 0.555218202193827, -0.7863473906983389, -3.030157779781661, 0.01744432193759175
0.21330601010984815, 0.33461050339382664, 0.5552159295240544, -0.7863506811141396, -3.0301697700283676, 0.017425620518042435
