[[1.26033437e-04 3.74479607e-04 1.38528214e-03 1.33665669e-04
  1.01985272e-04 6.62834301e-05]]
[[ 2.72524417e-03  4.01406142e-03 -5.80417032e-03  1.79659300e-04
   9.95879377e-05  6.56184325e-05]]
[[ 8.41187652e-04  1.31444941e-03  3.54328168e-03 -3.10814565e-04
   2.83191879e-04  6.90404449e-06]]
[[ 3.23767344e-03  3.94105524e-03 -2.74475123e-03  6.68893750e-05
   1.00976350e-04  9.14265976e-06]]
[[ 7.04286112e-03  7.32803886e-03 -7.65549651e-03  4.16098201e-04
  -4.84563925e-05  7.43407195e-06]]
[[ 6.67803294e-03  2.51733827e-03  4.66453107e-03 -1.30300332e-04
   2.14541862e-04 -1.39144818e-05]]
[[ 5.30585582e-03  2.05235260e-03  5.65502687e-03 -1.70216981e-04
   2.65521931e-04  7.36836702e-05]]
[[ 6.98544208e-03  6.37439869e-03 -4.91939084e-03  2.90209378e-04
  -2.30080888e-05  1.15663929e-04]]
[[ 0.00562857  0.00677017 -0.00131734  0.00045967  0.00028426  0.0001366 ]]
[[ 5.10107190e-03  2.11455144e-03  8.58060666e-03 -9.96827214e-05
   4.53766164e-04  1.46562695e-04]]
[[0.00610168 0.00410528 0.00531058 0.00018586 0.00030919 0.00012179]]
[[ 0.01037715  0.00938237 -0.00413396  0.00057008 -0.00010926  0.00013015]]
[[0.00777176 0.0046599  0.00910112 0.0002007  0.00046247 0.00012067]]
[[6.00968420e-03 6.06710163e-03 9.45263808e-03 3.44388395e-04
  6.27363322e-04 5.30744403e-05]]
[[7.54904595e-03 1.11288684e-02 7.80350577e-03 5.24437407e-04
  3.90877591e-04 6.78904669e-05]]
[[1.00326898e-02 1.07481498e-02 1.17844906e-02 2.41058985e-04
  3.83969873e-04 8.65661733e-05]]
[[9.02121900e-03 9.89836016e-03 1.15785873e-02 3.22508271e-04
  7.28199916e-04 3.14212966e-05]]
[[8.76287791e-03 1.02917379e-02 1.67207406e-02 2.49276167e-04
  6.53986731e-04 2.58601796e-05]]
[[9.83925316e-03 1.18677597e-02 1.24848230e-02 4.73266295e-04
  4.58146419e-04 2.18831716e-05]]
[[8.20999763e-03 9.80429284e-03 1.88501464e-02 2.36879840e-04
  7.52646101e-04 1.60246128e-05]]
[[1.08084846e-02 1.07277007e-02 1.85057568e-02 3.03353112e-04
  6.04277885e-04 1.21295902e-05]]
[[1.10985021e-02 1.21615210e-02 1.87373932e-02 5.12333868e-04
  6.74744835e-04 2.77743554e-05]]
[[1.35904113e-02 1.28728531e-02 2.56807891e-02 2.31533343e-04
  9.24438996e-04 2.56291682e-05]]
[[1.97317005e-02 1.80921110e-02 2.34608912e-02 5.80330319e-04
  8.22907940e-04 9.58814035e-05]]
[[2.15305308e-02 1.79038453e-02 2.47746477e-02 5.22539758e-04
  6.07936375e-04 8.83208040e-05]]
[[1.78429086e-02 1.17257663e-02 3.66080574e-02 1.20453701e-04
  1.08613137e-03 1.73076109e-05]]
[[1.92626921e-02 1.66349376e-02 3.05006906e-02 5.32401080e-04
  6.93062612e-04 3.58790429e-05]]
[[2.13964036e-02 1.89696104e-02 3.69860656e-02 7.85857465e-04
  8.13890190e-04 6.38420082e-05]]
[[2.17921409e-02 1.24918680e-02 4.88554422e-02 7.71545269e-06
  9.27058305e-04 1.23686585e-04]]
[[0.02145469 0.01770249 0.04999697 0.00026252 0.00099053 0.0001465 ]]
[[0.024797   0.02193376 0.0439968  0.00082302 0.00083229 0.00019681]]
[[0.02505529 0.018013   0.05135369 0.00026134 0.00084172 0.00017359]]
[[2.02013091e-02 1.78312191e-02 6.11781443e-02 4.10659014e-05
  1.32096800e-03 8.72646782e-05]]
[[2.07320658e-02 2.02360374e-02 5.34858764e-02 3.52702276e-04
  8.59019838e-04 9.76525583e-05]]
[[2.12858235e-02 2.25112812e-02 5.40777255e-02 4.84618462e-04
  7.77172853e-04 5.82091284e-05]]
[[2.21895310e-02 2.00978453e-02 6.17495515e-02 1.57935971e-04
  1.03971071e-03 4.89373403e-05]]
[[2.19680141e-02 2.02058029e-02 6.21117961e-02 2.05801288e-04
  1.06215778e-03 8.70000200e-06]]
[[2.30758599e-02 2.10880605e-02 5.72236227e-02 4.80643622e-04
  1.04377220e-03 4.61529389e-06]]
[[ 2.44199401e-02  1.90738718e-02  5.97808396e-02  2.95818122e-04
   7.61480039e-04 -4.55944488e-06]]
[[2.35943438e-02 1.89665221e-02 6.21590203e-02 2.56672035e-04
  9.44812014e-04 3.70465618e-06]]
[[ 2.71119121e-02  1.91140614e-02  6.25626607e-02  3.12468427e-04
   9.46239685e-04 -1.79983232e-05]]
[[2.79990598e-02 1.99417169e-02 6.36053951e-02 4.02974529e-04
  1.04227596e-03 3.06323666e-05]]
[[3.05664846e-02 1.97309656e-02 6.29017800e-02 4.48726474e-04
  9.09085628e-04 5.13212644e-05]]
[[3.20642239e-02 2.20199587e-02 6.59733658e-02 5.61892487e-04
  1.07485568e-03 3.61401278e-05]]
[[3.35710476e-02 1.97069120e-02 7.13319150e-02 4.83303379e-04
  1.21391030e-03 5.20445706e-05]]
[[3.51139664e-02 2.08411959e-02 7.25624853e-02 3.68395434e-04
  1.17782850e-03 3.98853313e-05]]
[[3.54011511e-02 2.42864955e-02 6.95324498e-02 7.38723165e-04
  9.71897708e-04 6.37411218e-05]]
[[3.49588173e-02 2.34909491e-02 7.41886816e-02 6.06729902e-04
  1.00824052e-03 4.62479764e-05]]
[[3.16612078e-02 2.02854455e-02 8.17143947e-02 3.18211673e-04
  1.34465206e-03 3.28810490e-05]]
[[3.61902530e-02 2.52786693e-02 7.68160726e-02 5.47574464e-04
  9.73705087e-04 9.83341701e-05]]
[[3.70592102e-02 2.90320695e-02 7.65145766e-02 7.13382082e-04
  9.55116460e-04 8.47617451e-05]]
[[3.28030560e-02 2.38014252e-02 9.01746628e-02 2.15260614e-04
  1.25456014e-03 8.65951180e-05]]
[[3.22829034e-02 2.36391975e-02 9.27079170e-02 1.82334821e-04
  1.39408826e-03 6.97204083e-05]]
[[0.03449374 0.03149413 0.0864637  0.00058541 0.0009446  0.00011525]]
[[3.52130363e-02 3.12459117e-02 9.00249483e-02 3.50769733e-04
  1.05326162e-03 9.46443191e-05]]
[[3.37722723e-02 2.84195909e-02 9.99627112e-02 4.27172107e-05
  1.37307098e-03 9.92537812e-05]]
[[0.03645132 0.03085134 0.09470417 0.00029157 0.00110346 0.00021545]]
[[0.03532198 0.03367344 0.08992731 0.00071064 0.00102521 0.00024733]]
[[0.03574671 0.03154017 0.09769143 0.00031692 0.00094845 0.00024698]]
[[3.31318243e-02 2.73182448e-02 1.06666143e-01 1.02094234e-04
  1.40240235e-03 2.68058619e-04]]
[[0.03635335 0.03130141 0.09906525 0.00045465 0.00120712 0.00026142]]
[[0.03823504 0.0334526  0.09777471 0.00049488 0.00092446 0.00028714]]
[[0.03519406 0.02791597 0.10581688 0.00012592 0.00106647 0.00022794]]
[[0.03231352 0.03026255 0.10285786 0.00030938 0.00115045 0.00025324]]
[[0.03399894 0.03420921 0.09932669 0.00060342 0.00094009 0.000288  ]]
[[0.03440637 0.0322251  0.10317072 0.00027125 0.00089988 0.0003317 ]]
[[0.03377458 0.03018532 0.10696547 0.00019361 0.00108239 0.00025238]]
[[0.0363218  0.03594738 0.10025343 0.0005957  0.00088908 0.00028515]]
[[0.03349136 0.0366402  0.10276759 0.00045066 0.00100801 0.00028139]]
[[0.03432324 0.03469754 0.10412691 0.00026723 0.00087589 0.00031121]]
[[0.03601765 0.03707805 0.09985815 0.00051726 0.00081471 0.00035259]]
[[0.03424059 0.03395608 0.10746191 0.00024869 0.0010092  0.00031414]]
[[0.03650117 0.03682063 0.10657392 0.00043956 0.00098662 0.00028811]]
[[0.03610341 0.03944849 0.10438407 0.00047515 0.00074274 0.00029372]]
[[0.03614554 0.03799558 0.10729635 0.00040435 0.00090667 0.00027194]]
[[0.03722286 0.03955294 0.109357   0.00028742 0.00101866 0.00025677]]
[[0.03662479 0.04054074 0.10741623 0.0006234  0.00088198 0.00030761]]
[[0.03865891 0.0439827  0.10638831 0.00070315 0.00077939 0.00028138]]
[[0.03635152 0.04170889 0.11197492 0.00068296 0.0010845  0.00030582]]
[[0.0377808  0.03939439 0.11625771 0.00050438 0.00110786 0.00034473]]
[[0.03940028 0.04247031 0.11094703 0.00087985 0.00099671 0.00041038]]
[[0.04156275 0.04462932 0.11019083 0.00091652 0.00082439 0.00037349]]
[[0.03926758 0.04115306 0.12345954 0.00046977 0.0012941  0.00037298]]
[[0.03729367 0.04448232 0.12150935 0.0007429  0.00120668 0.00042252]]
[[0.04205207 0.04894824 0.11566153 0.00110439 0.00086514 0.00041771]]
[[0.04240901 0.0469431  0.12566739 0.00085555 0.00116882 0.00044027]]
[[0.04553112 0.04623426 0.12808583 0.00050659 0.00091313 0.00046482]]
[[0.04421946 0.05107133 0.12374732 0.00093058 0.0009594  0.00048501]]
[[0.03346757 0.05264772 0.13325611 0.00163387 0.00236227 0.00036678]]
[[0.03591898 0.05061832 0.13304128 0.00153937 0.00228197 0.00035365]]
[[0.03936449 0.04448916 0.14406887 0.00118787 0.00205874 0.00030576]]
[[0.04773343 0.04669811 0.13744969 0.00147901 0.00111827 0.00023876]]
[[0.04074103 0.04078619 0.15119053 0.00118701 0.00207798 0.00019315]]
[[0.05360292 0.04080427 0.14095573 0.00079032 0.00016471 0.00026875]]
[[3.84850790e-02 3.97704872e-02 1.59155497e-01 1.34127426e-03
  2.22755926e-03 1.20054572e-04]]
[[4.98212551e-02 4.13953225e-02 1.44961275e-01 8.99941493e-04
  1.43648256e-04 1.93823340e-04]]
[[4.57989854e-02 4.24263901e-02 1.46495265e-01 1.40998595e-03
  8.79657878e-04 1.44853805e-04]]
[[4.37001216e-02 3.98072718e-02 1.58220968e-01 9.41480230e-04
  1.18293061e-03 1.30323272e-04]]
[[0.04791362 0.04416167 0.14610539 0.00125315 0.00055643 0.00016752]]
[[0.04638785 0.04033874 0.15715591 0.00110587 0.00089048 0.00016817]]
[[4.60853848e-02 4.11886304e-02 1.60316628e-01 1.13001783e-03
  1.11670292e-03 9.84696824e-05]]
[[4.51306986e-02 4.28690640e-02 1.53204736e-01 1.54954387e-03
  1.28208510e-03 1.37987737e-04]]
[[0.04950144 0.03830917 0.15861647 0.00088888 0.00080293 0.00022933]]
[[0.04813738 0.04069162 0.15421135 0.00127273 0.00077584 0.00020559]]
[[0.04971022 0.04003207 0.15982511 0.00129537 0.00106222 0.00020604]]
[[0.04836335 0.03712684 0.16036072 0.00103866 0.00098786 0.00021903]]
[[0.04775752 0.04038168 0.15821546 0.0012232  0.00099939 0.0002598 ]]
[[0.04508299 0.03916441 0.15984543 0.00135858 0.00104991 0.00019598]]
[[0.04639479 0.03817245 0.16122939 0.00108227 0.00100213 0.00028882]]
[[0.04670503 0.04049035 0.16523318 0.00112443 0.00110981 0.00026142]]
[[0.04650231 0.04255602 0.16492443 0.00116878 0.00102602 0.00028018]]
[[0.04791091 0.04134698 0.16289004 0.00137901 0.00091298 0.00030598]]
[[0.04506753 0.03868995 0.17025235 0.00123496 0.00115087 0.00026571]]
[[0.04381249 0.03725871 0.17549936 0.00103261 0.0012853  0.00019817]]
[[0.04370945 0.03848903 0.18074554 0.00103077 0.0013818  0.00024303]]
[[0.05065005 0.04733042 0.15162028 0.00170788 0.00040364 0.00034424]]
[[0.040898   0.03755821 0.19066105 0.00074075 0.00180443 0.0002476 ]]
[[0.04661002 0.04268173 0.1765098  0.00111617 0.00109469 0.0002842 ]]
[[0.04829476 0.04705748 0.16292553 0.00178256 0.00074435 0.00024017]]
[[0.04759345 0.04040471 0.19043326 0.00101153 0.00138255 0.00024241]]
[[0.05154458 0.04372381 0.17863342 0.00111824 0.00095307 0.00023136]]
[[0.04811782 0.04447023 0.18605737 0.0014104  0.00156298 0.00022075]]
[[0.05161431 0.04415563 0.18288489 0.0013129  0.00106242 0.00029597]]
[[0.05126405 0.04787948 0.18033424 0.00136848 0.00099333 0.00028377]]
[[0.05081886 0.04454908 0.19517479 0.00108571 0.00160926 0.00030606]]
[[0.05387736 0.04932214 0.18302299 0.00147943 0.0010639  0.00031371]]
[[0.05403006 0.04996476 0.18885764 0.00148657 0.00138285 0.00027294]]
[[0.05284549 0.04871428 0.20156673 0.00122065 0.00176536 0.00023939]]
[[0.05529662 0.05227244 0.18900969 0.00155225 0.00135132 0.00030042]]
[[0.05641519 0.05341226 0.19569433 0.00144913 0.00144059 0.00034983]]
[[0.05592956 0.05365776 0.19830747 0.00118638 0.00123708 0.00034205]]
[[0.05853919 0.05739556 0.19070414 0.00149501 0.00120468 0.00035433]]
[[0.05443427 0.05429322 0.20107278 0.00126394 0.00149361 0.00036123]]
[[0.05610993 0.05312443 0.19589439 0.0012968  0.00114798 0.00040093]]
[[0.05559304 0.05498378 0.19970801 0.00159344 0.00142948 0.0003676 ]]
[[0.05761701 0.05763148 0.1940419  0.00148725 0.00102272 0.00037677]]
[[0.05563653 0.05642623 0.19862776 0.00142845 0.00131743 0.00033944]]
[[0.05568274 0.05528186 0.20837489 0.00130138 0.00136663 0.0003622 ]]
[[0.05957048 0.06044837 0.1941475  0.00190297 0.00087383 0.00038419]]
[[0.05277968 0.05329908 0.21350617 0.00116406 0.00170421 0.00035987]]
[[0.05557942 0.05554391 0.21485001 0.00112606 0.00136221 0.0003455 ]]
[[0.05929116 0.0627477  0.20001747 0.0019065  0.00090108 0.00035964]]
[[0.05666338 0.05568125 0.21950088 0.00110407 0.00134278 0.00033132]]
[[0.05647014 0.05549581 0.21987489 0.00115788 0.00151081 0.0003931 ]]
[[0.06019218 0.06031845 0.20840776 0.00170008 0.00098147 0.00045707]]
[[0.06032335 0.05703315 0.21796409 0.00132399 0.00128827 0.00040131]]
[[0.0596351  0.05918786 0.21709029 0.00130166 0.00125137 0.00041192]]
[[0.05737322 0.05989698 0.21928974 0.00127533 0.00133289 0.00029396]]
[[0.05957989 0.06236791 0.21204955 0.00147557 0.00114631 0.00028047]]
[[0.06090789 0.06214682 0.21484083 0.00153897 0.00114021 0.00023147]]
[[0.05916722 0.05974131 0.22266882 0.00126678 0.0014225  0.00027376]]
[[0.06156694 0.06163244 0.21869502 0.00113199 0.00098264 0.00027976]]
[[0.05790393 0.06295966 0.21978035 0.00149889 0.00140806 0.00036544]]
[[0.06036313 0.06266945 0.21561762 0.00138047 0.00086598 0.00039211]]
[[0.05731067 0.06130495 0.22114212 0.00134915 0.00129469 0.00038227]]
[[0.05947303 0.06135948 0.22562999 0.00127467 0.00129732 0.0003952 ]]
[[0.06096145 0.06454702 0.2230655  0.00136613 0.00112071 0.00047145]]
[[0.05975407 0.0635217  0.23066395 0.00146655 0.00148987 0.00040857]]
[[0.06017717 0.06350457 0.2302598  0.00137596 0.00128732 0.00037763]]
[[0.06031929 0.06460356 0.23563098 0.00119288 0.00134522 0.00035925]]
[[0.06203938 0.06640721 0.23706857 0.00136003 0.00140924 0.00033729]]
[[ 6.29701502e-02  6.94260779e-02 -2.47675155e+01  1.53138078e-03
   1.24459475e-03  3.68805920e-04]]
[[ 6.40627720e-02  6.75026285e-02 -2.47604636e+01  1.43627597e-03
   1.20777971e-03  4.26203589e-04]]
[[ 6.21914758e-02  6.64720784e-02 -2.47535178e+01  1.29191995e-03
   1.67015233e-03  3.85415383e-04]]
[[ 6.21271206e-02  7.34951541e-02 -2.47560322e+01  1.75417771e-03
   1.65152100e-03  3.93908555e-04]]
[[ 6.45557582e-02  7.45559538e-02 -2.47603477e+01  1.80057277e-03
   1.24464093e-03  4.49070881e-04]]
[[ 6.23934137e-02  7.38762514e-02 -2.47525484e+01  1.38428846e-03
   1.52055912e-03  3.89161184e-04]]
[[ 6.11250268e-02  7.32739947e-02 -2.47534206e+01  1.53219262e-03
   1.70665694e-03  3.69127153e-04]]
[[ 6.51241893e-02  7.48670871e-02 -2.47622358e+01  1.93160629e-03
   1.27407528e-03  4.30871549e-04]]
[[ 6.49284714e-02  7.50780150e-02 -2.47560501e+01  1.68618779e-03
   1.40809761e-03  4.57887390e-04]]
[[ 6.44306776e-02  7.31003613e-02 -2.47502288e+01  1.43153989e-03
   1.51222845e-03  4.32389455e-04]]
[[ 6.49684279e-02  7.45279393e-02 -2.47349889e+01  1.87107062e-03
   1.58194016e-03  4.37068704e-04]]
[[ 6.48124811e-02  7.63084584e-02 -2.47429438e+01  2.17568251e-03
   1.38481624e-03  5.01696718e-04]]
[[ 6.39407800e-02  7.39651592e-02 -2.47382934e+01  1.14835167e-03
   1.01754767e-03  6.22016230e-04]]
[[ 6.01867494e-02  8.35860870e-02 -2.47430579e+01  2.71049008e-03
   2.24387333e-03  6.51310239e-04]]
[[ 6.09834546e-02  9.26317098e-02 -2.47715081e+01  4.14601577e-03
   2.10401452e-03  8.15268134e-04]]
[[ 6.34131896e-02  9.30499063e-02 -2.47638405e+01  4.29747777e-03
   1.99624886e-03  9.56184750e-04]]
[[ 5.77690161e-02  9.80828102e-02 -2.47702233e+01  5.70166034e-03
   2.56889112e-03  9.92744539e-04]]
[[ 5.76369866e-02  1.00095672e-01 -2.47779171e+01  5.24370911e-03
   2.36822038e-03  1.06419031e-03]]
[[ 5.46920738e-02  1.07861138e-01 -2.47865707e+01  6.44077016e-03
   2.64440357e-03  1.20050967e-03]]
[[ 5.53831406e-02  9.86556053e-02 -2.47628735e+01  4.41688635e-03
   2.40439565e-03  1.23643540e-03]]
[[ 5.28821750e-02  1.05680492e-01 -2.47758190e+01  5.80337716e-03
   2.57345155e-03  1.33941840e-03]]
[[ 4.77981975e-02  1.17370446e-01 -2.47847532e+01  7.88116457e-03
   3.42761858e-03  1.44370563e-03]]
[[ 4.84738102e-02  1.12756408e-01 -2.47761635e+01  7.17403377e-03
   2.95475947e-03  1.52532782e-03]]
[[ 4.89061481e-02  1.19322542e-01 -2.47914099e+01  8.35923023e-03
   2.97308699e-03  1.58562029e-03]]
[[ 4.88873276e-02  1.18284895e-01 -2.47726604e+01  8.27762994e-03
   3.13699646e-03  1.50413625e-03]]
[[ 4.62675689e-02  1.23725653e-01 -2.47794682e+01  9.59595690e-03
   3.59779474e-03  1.47197458e-03]]
[[ 4.94999757e-02  1.27781728e-01 -2.47802960e+01  1.01651436e-02
   3.10817738e-03  1.55690846e-03]]
[[ 4.61384673e-02  1.31875401e-01 -2.47853371e+01  1.10637131e-02
   3.66018687e-03  1.50023034e-03]]
[[ 4.66702027e-02  1.38145766e-01 -2.47970472e+01  1.17501304e-02
   3.55742283e-03  1.46791233e-03]]
[[ 4.13927014e-02  1.38624205e-01 -2.47959737e+01  1.18387795e-02
   4.12139613e-03  1.44158444e-03]]
[[ 4.27291821e-02  1.47946927e-01 -2.48173430e+01  1.34362210e-02
   3.57571820e-03  1.50603157e-03]]
[[ 3.78523831e-02  1.43447607e-01 -2.48076629e+01  1.27969768e-02
   4.03406270e-03  1.45440978e-03]]
[[ 3.51064180e-02  1.46749352e-01 -2.48155638e+01  1.35698328e-02
   4.16530533e-03  1.48032234e-03]]
[[ 3.16162463e-02  1.49484276e-01 -2.48145998e+01  1.43827217e-02
   3.98282454e-03  1.50867062e-03]]
[[ 2.95005396e-02  1.57994634e-01 -2.48183524e+01  1.52912767e-02
   4.35262748e-03  1.46099536e-03]]
[[ 2.76777655e-02  1.58078321e-01 -2.48124871e+01  1.48856898e-02
   4.03978764e-03  1.44474115e-03]]
[[ 2.63768988e-02  1.58700948e-01 -2.48099449e+01  1.60538129e-02
   4.39622411e-03  1.30448536e-03]]
[[ 2.33085749e-02  1.72915362e-01 -2.48314152e+01  1.83304290e-02
   4.59499862e-03  1.26377630e-03]]
[[ 2.18435161e-02  1.77971876e-01 -2.48386391e+01  1.89773452e-02
   4.70643486e-03  1.21047817e-03]]
[[ 1.52674546e-02  1.80813406e-01 -2.48444345e+01  1.94703953e-02
   4.72187910e-03  1.22297679e-03]]
[[ 1.21560664e-02  1.85719096e-01 -2.48489788e+01  2.04454883e-02
   5.20299128e-03  1.15558521e-03]]
[[ 9.64379144e-03  1.94291663e-01 -2.48670532e+01  2.17698588e-02
   4.91058406e-03  1.13661742e-03]]
[[ 1.04960628e-02  1.97398400e-01 -2.48775664e+01  2.26080442e-02
   5.15079020e-03  1.05635933e-03]]
[[ 3.60839861e-03  2.00527916e-01 -2.48656705e+01  2.32935172e-02
   5.93139478e-03  9.25168992e-04]]
[[ 7.42207440e-03  2.06835588e-01 -2.48787299e+01  2.42328291e-02
   5.53682675e-03  8.13124590e-04]]
[[ 7.69705391e-03  2.13466451e-01 -2.48816849e+01  2.47929998e-02
   5.84738274e-03  7.59752678e-04]]
[[ 1.11310958e-02  2.15369464e-01 -2.48808603e+01  2.52200755e-02
   5.93152870e-03  7.05245075e-04]]
[[ 1.17697028e-02  2.21741817e-01 -2.48883656e+01  2.65697423e-02
   6.91325864e-03  5.64459311e-04]]
[[ 1.53728716e-02  2.24138444e-01 -2.48909438e+01  2.67489421e-02
   7.04140579e-03  4.72645070e-04]]
[[ 1.55303701e-02  2.38209003e-01 -2.48866102e+01  2.97014672e-02
   9.49671080e-03  3.25854103e-04]]
[[-2.25011006e-02  2.28149925e-01 -2.47050713e+01  3.21311659e-02
   3.12232060e-02 -1.94495928e-04]]
[[-1.50239460e-01  2.24648581e-01 -2.41397173e+01  4.51057954e-02
   1.00364586e-01 -1.33758286e-03]]
[[-4.55984126e-01  3.34197543e-01 -2.30227697e+01  6.50321336e-02
   2.41638665e-01 -2.55665275e-04]]
[[-8.37462335e-01  5.89300496e-01 -2.18481354e+01  8.52913654e-02
   3.97049044e-01  4.55068977e-03]]
[[-1.30119714e+00  9.35118320e-01 -2.07202497e+01  1.20397962e-01
   5.70069747e-01  1.04949389e-02]]
[[-1.83011606e+00  1.35849443e+00 -1.96041035e+01  1.76572147e-01
   7.64199153e-01  1.67538361e-02]]
[[ -2.35614794   1.76315709 -18.64285299   0.2505537    0.95658957
    0.02079684]]
[[ -2.87601677   2.18775637 -17.73969728   0.33159589   1.15171205
    0.02455599]]
[[ -3.37949609   2.65305465 -16.91472733   0.4089818    1.33304865
    0.02980398]]
[[ -3.859848     3.11467197 -16.95810513   0.49544122   1.4798918
    0.03324393]]
[[ -4.22318777   3.46054666 -17.39241831   0.58496079   1.58023177
    0.03485388]]
[[ -4.52315765   3.74950346 -17.97706477   0.68620435   1.66169306
    0.03409775]]
[[ -4.74495913   3.96040807 -18.35740411   0.76708822   1.72144892
    0.03311215]]
[[ -4.88987356   4.10423556 -18.59950028   0.83270174   1.7587374
    0.03155724]]
[[ -4.96959222   4.20082151 -19.41904956   0.88132692   1.76131282
    0.0316975 ]]
[[ -5.05820555   4.262882   -19.85930654   0.92273682   1.77724997
    0.03112573]]
[[ -5.18830023   4.33198577 -20.0167923    0.97445533   1.82428927
    0.02877621]]
[[ -5.27326924   4.36238374 -19.40949638   0.9972438    1.87176522
    0.02791374]]
[[ -5.14002434   4.28021846 -17.73810872   0.94774224   1.84855724
    0.03314125]]
[[ -5.09754924   4.21861395 -15.9474925    0.92078333   1.8706898
    0.03603591]]
[[ -5.12006284   4.13930444 -13.81199178   0.90457873   1.93130734
    0.04033734]]
[[ -5.22834477   4.07360944 -11.44877532   0.91468137   2.03052585
    0.04361619]]
[[-5.35266182  4.0033049  -9.1788464   0.917079    2.13125893  0.04843192]]
[[-5.47883324  3.94333031 -7.04290776  0.92289593  2.23368731  0.05493135]]
[[-5.58858671  3.88162763 -5.22390171  0.91562506  2.3182237   0.06165306]]
[[-5.65988109  3.83468263 -3.6930403   0.89851279  2.37257688  0.06915641]]
[[-5.68085018  3.7777614  -2.7290074   0.87132369  2.39897552  0.07794719]]
[[-5.64590017  3.71059244 -1.85436765  0.82712769  2.40367732  0.08921276]]
[[-5.6542919   3.68954689 -1.09372981  0.78390362  2.41421726  0.09825073]]
[[-5.73517821  3.74499843 -0.67501511  0.76339429  2.44188824  0.10529611]]
[[-5.82337494  3.82477263 -0.46795706  0.75474561  2.47688478  0.1154342 ]]
[[-5.89949239e+00  3.91004475e+00 -3.43422502e-03  7.42219329e-01
   2.51454703e+00  1.26829045e-01]]
[[-6.07648822  4.0480479   0.48131509  0.74354917  2.5753552   0.13146674]]
[[-6.30483794  4.25011594  0.31269055  0.76503092  2.64258279  0.13662627]]
[[-6.49924482  4.43805757  0.06685045  0.78995343  2.70141325  0.14417502]]
[[-6.67013854  4.5952319   0.20505512  0.81375933  2.75916254  0.14793969]]
[[-6.80002608  4.72193618  0.16079299  0.84034701  2.80077159  0.15320261]]
[[-6.87076276  4.8416435  -0.3930917   0.86260669  2.80469479  0.15858924]]
[[-6.84295422  4.8897397  -0.3866946   0.84296632  2.76657843  0.16361389]]
[[-6.84631195  4.94068133 -0.48440667  0.82046674  2.72091222  0.16146444]]
[[-6.80936396  4.93154323 -0.4513809   0.7961449   2.69263284  0.16570084]]
[[-6.73308534  4.8946855  -0.23775313  0.77269389  2.67099367  0.17448276]]
[[-6.69767945  4.85573451 -0.01833853  0.75983468  2.66670302  0.18188606]]
[[-6.66536904  4.8017039   0.39046057  0.7484722   2.67208154  0.18989236]]
[[-6.70422314  4.79870829  0.49627751  0.75485418  2.68691189  0.19007249]]
[[-6.84147594  4.86129288  0.30775065  0.78523048  2.71505538  0.18094639]]
[[-6.92576099  4.8835234   0.15788888  0.80340279  2.73365184  0.17629548]]
[[-6.93505682  4.86445605  0.11662825  0.80255697  2.74025035  0.17810875]]
[[-6.93265791  4.83635768 -0.11561273  0.79588932  2.74096827  0.18197153]]
[[-6.8449976   4.78028004  0.27671105  0.76815476  2.72395757  0.1910545 ]]
[[-6.74502816  4.72694111  0.24393125  0.7343516   2.68690671  0.2002045 ]]
[[-6.70872824  4.7270291  -0.31414222  0.71103583  2.6374143   0.2005115 ]]
[[-6.68370816  4.72863765 -0.64963897  0.68194988  2.59724719  0.19671836]]
[[-6.66732232  4.74589421 -0.70552527  0.6592766   2.56671092  0.19222372]]
[[-6.64295675  4.74936711 -0.1762131   0.64020093  2.55136689  0.1890428 ]]
[[-6.62123038  4.75831246  0.47311572  0.6258548   2.54477317  0.18595161]]
[[-6.65146924  4.78200472  0.76596186  0.62696127  2.55153607  0.18105958]]
[[-6.67453777  4.79915862  0.69520081  0.63766159  2.56417044  0.1807844 ]]
[[-6.67905095  4.79320574  0.44408776  0.64673892  2.57471033  0.18433446]]
[[-6.66085185  4.76451752  0.02382245  0.65506239  2.58508375  0.19264946]]
[[-6.65005839  4.74705631 -0.30837173  0.65973938  2.59034822  0.19761617]]
[[-6.5996593   4.71991449 -0.57942488  0.64879515  2.57009022  0.20313168]]
[[-6.53935164  4.72354508 -0.89410806  0.62982657  2.52165385  0.20383569]]
[[-6.4617466   4.7199243  -0.29119502  0.60873408  2.49006948  0.20411437]]
[[-6.42446759  4.71694381  0.19705398  0.59507267  2.47636133  0.20308592]]
[[-6.45596512  4.75480339  0.45895128  0.59827042  2.47905885  0.1971704 ]]
[[-6.5060365   4.77696192  0.41336217  0.6048888   2.49265271  0.19248852]]
[[-6.59631222  4.79081136  0.20411204  0.61691548  2.52782041  0.18668396]]
[[-6.70430132  4.81007065  0.19882626  0.63428364  2.58944814  0.18244416]]
[[-6.85443745  4.90436369  0.32227119  0.65598465  2.66080939  0.1780675 ]]
[[-7.00965494  5.01862302  0.35229037  0.68108146  2.72650449  0.17412638]]
[[-7.16687593  5.1673717   0.03982542  0.71868121  2.78505265  0.17050621]]
[[-7.25369854  5.27602883 -0.18340966  0.73911961  2.81337974  0.16877062]]
[[-7.23722501  5.32555006 -0.21647066  0.72801579  2.79888784  0.1717076 ]]
[[-7.16287815  5.33023132 -0.06404388  0.69738544  2.76820124  0.17622568]]
[[-7.15700315  5.32671987 -0.11959006  0.68433291  2.7734923   0.1784239 ]]
[[-7.16935297  5.35466533  0.22276616  0.67868682  2.79175411  0.17881425]]
[[-7.22480822  5.3995205   0.2547882   0.69202496  2.81959308  0.1786308 ]]
[[-7.33527257  5.48512085 -0.38207111  0.72477763  2.84692319  0.17693962]]
[[-7.49461609  5.60956937 -1.09729057  0.7802464   2.8909083   0.17077044]]
[[-7.62639849  5.70310959 -1.51850209  0.82884212  2.93479429  0.16779466]]
[[-7.72565243  5.78677718 -1.58802456  0.86957289  2.97015024  0.16588349]]
[[-7.75274324  5.83861925 -1.19353974  0.89617319  2.99100107  0.16803421]]
[[-7.78353165  5.88063375 -0.96462762  0.9157986   2.99833679  0.16893802]]
[[-7.77336773  5.89750517 -1.10144123  0.92216959  2.98143808  0.17210971]]
[[-7.70395325  5.90790198 -1.33810993  0.9130197   2.93535953  0.17685766]]
[[-7.65089284  5.89385355 -1.57748901  0.8980879   2.8931245   0.18169318]]
[[-7.56944951  5.87678304 -0.8752946   0.8754586   2.85752453  0.18478693]]
[[-7.48396231  5.83193395 -0.40028249  0.85327444  2.83088796  0.19083209]]
[[-7.45921383  5.8122673  -0.25029723  0.84119312  2.81822388  0.19296729]]
[[-7.43128762  5.7635163  -0.33050055  0.82774842  2.80859651  0.19830812]]
[[-7.4285886   5.74219218  0.5180933   0.82507397  2.82659425  0.19892051]]
[[-7.4768281   5.74447503  1.09775873  0.84500156  2.87166376  0.19798631]]
[[-7.57187132  5.7601046   1.319544    0.88060191  2.9312436   0.19586308]]
[[-7.70479645  5.80714487  0.92370565  0.93252264  2.98752119  0.19143823]]
[[-7.8305882   5.87545171 -0.0560083   0.9871134   3.02678152  0.18769393]]
[[-7.9002927   5.93182918 -1.14097571  1.03359606  3.03631008  0.18905311]]
[[-7.87292766  5.93358193 -1.82715586  1.05118671  3.01113821  0.19686511]]
[[-7.85208126  5.95421827 -1.92860542  1.05583171  2.98715865  0.19702703]]
[[-7.86164461  5.97836021 -1.26564058  1.0640943   2.98981983  0.19202453]]
[[-7.93954885  6.03142709 -0.54172718  1.08579501  3.01193022  0.18085757]]
[[-8.03502542  6.07526842 -0.2094692   1.11669599  3.0477975   0.17245119]]
[[-8.17430714  6.14786647 -0.46355698  1.16919129  3.09691731  0.16503239]]
[[-8.32805771  6.2409118  -0.99859341  1.24116747  3.15910829  0.16062466]]
[[-8.45015097  6.30062714 -1.24169481  1.29482513  3.21511585  0.15869297]]
[[-8.54773298  6.34005587 -1.22888497  1.33000983  3.25773169  0.15445179]]
[[-8.61464125  6.37444552 -1.31120258  1.35338969  3.2727681   0.14951403]]
[[-8.58682145  6.36847299 -1.67002297  1.36262122  3.25427507  0.15377043]]
[[-8.57010642  6.36756489 -2.03065597  1.36430685  3.21793297  0.15068254]]
[[-8.50404575  6.33397765 -1.70121809  1.35155945  3.17575036  0.14850055]]
[[-8.47110419  6.29374155 -1.26732768  1.33430352  3.15668053  0.14439331]]
[[-8.3692981   6.22126014 -0.31497691  1.30301821  3.14457907  0.14933783]]
[[-8.33272554  6.16122217  0.53842857  1.27714286  3.1469412   0.14929979]]
[[-8.38142923  6.14716587  0.80846283  1.26983059  3.16859122  0.14396336]]
[[-8.42774339  6.13392898  0.52048733  1.27128806  3.20139799  0.14850721]]
[[-8.53016949e+00  6.16899492e+00  4.76092411e-03  1.30262407e+00
   3.25918983e+00  1.52585861e-01]]
[[-8.61439301  6.20317127 -0.0799367   1.31150806  3.31143804  0.15693548]]
[[-8.6897393   6.25232985  0.04742136  1.29697804  3.35495946  0.16470099]]
[[-8.74722131  6.34370962  0.62428065  1.26393685  3.38850337  0.17294949]]
[[-8.79033869  6.4185456   1.06614558  1.23921792  3.4110182   0.17846682]]
[[-8.82970023  6.49311825  0.56136956  1.23645524  3.40911039  0.18424935]]
[[-8.84345897  6.52373163  0.28387951  1.22429683  3.40108724  0.1900678 ]]
[[-8.86445839  6.55725978  0.35937851  1.2009921   3.41526107  0.19595756]]
[[-8.9405194   6.66020355  0.58178657  1.16615118  3.43116572  0.2009422 ]]
[[-9.03822582  6.76137255  0.761369    1.14432025  3.45252204  0.20424529]]
[[-9.14544971  6.88021072  0.79325897  1.14115338  3.47821352  0.20509859]]
[[-9.2581419   6.97484928  0.67430417  1.13935736  3.50225728  0.20614705]]
[[-9.38019839  7.07802938  0.42142338  1.14517948  3.52691075  0.20744484]]
[[-9.50224993  7.20503979  0.06081527  1.1595648   3.55002276  0.20951323]]
[[-9.56818092  7.27510163 -0.16885875  1.16134606  3.55668759  0.2131577 ]]
[[-9.61298813  7.33170969 -0.39460592  1.15519713  3.54167473  0.21425195]]
[[-9.58797284  7.3519929  -0.35997441  1.13566055  3.50676187  0.21794392]]
[[-9.50072183  7.31602211 -0.14158144  1.09905723  3.45351794  0.22555956]]
[[-9.40142685  7.28518033 -0.08855077  1.06824709  3.39753778  0.23314244]]
[[-9.3127556   7.24581949 -0.05567897  1.03648057  3.34711077  0.2394956 ]]
[[-9.22722291  7.19124284  0.18493147  0.9912707   3.31059401  0.24459701]]
[[-9.14122718  7.10838171  0.47483528  0.9423785   3.28475756  0.25180007]]
[[-9.06826256  7.0302747   0.70473138  0.89457122  3.26067796  0.25776971]]
[[-9.06842302  6.98637154  0.81178007  0.87928958  3.26650742  0.26074425]]
[[-9.13805015  6.99362633  0.78619919  0.89611533  3.29636489  0.26040811]]
[[-9.22722618  7.03167648  0.63714603  0.92695555  3.33079241  0.25816439]]
[[-9.31029749  7.08098262  0.19835298  0.96032523  3.35519708  0.25570035]]
[[-9.29568826  7.07293462 -0.33858972  0.96474465  3.33820613  0.26120054]]
[[-9.21011034  7.05334881 -0.9512335   0.96069042  3.29080899  0.2705324 ]]
[[-9.10938889  7.02664568 -1.26775614  0.95136058  3.23301648  0.27917696]]
[[-9.01586113  6.99956651 -0.56298271  0.94667326  3.20758089  0.28535344]]
[[-8.98115969  6.96941454  0.18393432  0.93495388  3.20567127  0.2867019 ]]
[[-8.94897364  6.93476654  1.15660896  0.91278133  3.21506147  0.28719364]]
[[-8.94605867  6.9105679   1.59253045  0.90219484  3.23415464  0.28791541]]
[[-9.00688114  6.92984854  1.82471571  0.91610766  3.2810922   0.28647979]]
[[-9.11578022  6.97029681  1.77544126  0.93713113  3.34328693  0.28345328]]
[[-9.23213074  7.05214792  1.70913523  0.95909793  3.40807465  0.28398493]]
[[-9.35886804  7.16723999  1.70383106  0.97743233  3.4637426   0.283634  ]]
[[-9.49230565  7.2958112   1.32192246  0.98951747  3.49684069  0.27859906]]
[[-9.58608029  7.39503428  0.6399947   0.99175501  3.49898459  0.2742384 ]]
[[-9.45435502  7.35145461 -0.41339373  0.91873317  3.40662129  0.2819638 ]]
[[-9.31625808  7.33116299 -1.46649935  0.87060274  3.32287124  0.29204656]]
[[-9.19287908  7.27017268 -1.78951312  0.81792965  3.27239208  0.30046048]]
[[-9.10354508  7.21153301 -1.48672891  0.77076115  3.25595208  0.30799979]]
[[-9.07260246  7.20572443 -0.61084822  0.7477828   3.26883671  0.31114932]]
[[-9.15075412  7.29973859  0.55557744  0.7653946   3.31356757  0.30059816]]
[[-9.3127774   7.4335485   1.36928698  0.81758183  3.38471742  0.28699224]]
[[-9.50910539  7.55919995  1.50282046  0.88497212  3.46764059  0.27489479]]
[[-9.71525115  7.69140857  1.35922177  0.94779084  3.55008787  0.26392574]]
[[-9.90870543  7.84207313  0.74826693  1.01008973  3.62228447  0.25711798]]
[[-10.02908271   7.96520185   0.66708316   1.03913058   3.67067407
    0.25715536]]
[[-10.08713239   8.0508415    0.21915231   1.05015363   3.67574862
    0.25970042]]
[[-10.02033206   8.06912768   0.01702894   1.02709915   3.63143028
    0.26615679]]
[[-9.93337709  8.05651811 -0.6520939   0.99953043  3.57653914  0.27542138]]
[[-9.82524433  7.97691399 -0.72326563  0.94542338  3.53056596  0.28466332]]
[[-9.68588913  7.86377477 -0.43498364  0.88078647  3.48839324  0.29655247]]
[[-9.55071462  7.74713681 -0.04255059  0.82450052  3.45923592  0.31085555]]
[[-9.45968061  7.67275365  0.29253941  0.78632439  3.44261719  0.32324222]]
[[-9.46758692  7.65512554  0.49178426  0.77607779  3.4500025   0.32863345]]
[[-9.49322485  7.66140462  0.60204217  0.78109521  3.47390782  0.33684335]]
[[-9.58993984  7.74324084  0.40483208  0.80442881  3.51361703  0.34265035]]
[[-9.71266905  7.87450372  0.26536518  0.8389977   3.55694442  0.34447492]]
[[-9.77581832  7.95336862  0.24497428  0.8482761   3.57520304  0.34658483]]
[[-9.79258791  8.02398786  0.11845928  0.85741981  3.56999497  0.34940869]]
[[-9.75406669  8.06433158 -0.18484619  0.86000036  3.53369139  0.35539181]]
[[-9.71279094  8.12448081 -0.40075945  0.87853058  3.51233258  0.3605353 ]]
[[-9.69129699  8.15048428 -0.23218358  0.88782816  3.51477936  0.36372163]]
[[-9.69630981  8.1611588  -0.06095257  0.88342678  3.5149862   0.36210159]]
[[-9.7377438   8.18302131  0.08101153  0.88787201  3.53080633  0.35653538]]
[[-9.74564989  8.15768064  0.5262512   0.87066146  3.55392875  0.35464715]]
[[-9.8025911   8.14281682  0.45663539  0.84704267  3.58382246  0.3553516 ]]
[[-9.95319758  8.27011466  0.30446475  0.86226969  3.64102272  0.35427788]]
[[-10.09053371   8.38221546   0.35393082   0.88417309   3.69732295
    0.3545418 ]]
[[-10.18411183   8.47574961   0.91808399   0.90132702   3.74146627
    0.35436241]]
[[-10.27077154   8.54858012   0.68653288   0.93184873   3.76221621
    0.35558876]]
[[-10.35904978   8.65543158  -0.15888708   0.98163893   3.77222638
    0.35633813]]
[[-10.40844638   8.71687321  -0.75331228   1.0191727    3.77594727
    0.36010819]]
[[-10.41718314   8.74172609  -0.85641207   1.0270733    3.77338718
    0.36215489]]
[[-10.41632753   8.74292021  -0.60908589   1.02064209   3.77720787
    0.36163897]]
[[-10.37507874   8.70853543  -0.12427852   0.99215536   3.78179637
    0.36323677]]
[[-10.38383742   8.70440638   0.13424775   0.98444249   3.80064195
    0.36115859]]
[[-10.42009758   8.70886234   0.72179442   0.96628423   3.83433916
    0.35857276]]
[[-10.51429862   8.80526235   1.07688051   0.98130325   3.88779595
    0.35599497]]
[[-10.65516402   8.93857564   1.17590521   1.02961144   3.94797572
    0.35093379]]
[[-10.79265812   9.04855141   0.97950541   1.0721873    3.9942001
    0.34661827]]
[[-10.89398066   9.10806438   0.78488587   1.08625533   4.0173597
    0.34007452]]
[[-10.92262551   9.11344353   0.69384971   1.0782038    4.01552963
    0.33958049]]
[[-10.82653878   9.06085501   1.18942207   1.03477655   3.98896348
    0.3461453 ]]
[[-10.76458067   9.0017636    1.60468835   0.99493884   3.97692574
    0.35151304]]
[[-10.80280617   9.04885839   1.85311631   0.97183037   4.00081607
    0.35714414]]
[[-10.91203858   9.16177064   1.91160707   0.95611078   4.03820554
    0.36128869]]
[[-11.0319471    9.35643155   1.38081454   0.92687442   4.06234962
    0.37494668]]
[[-11.1544512    9.57042763   0.98211004   0.91076391   4.09680698
    0.39153143]]
[[-11.32755068   9.79920567   0.51674943   0.90343164   4.13987338
    0.40364897]]
[[-1.15018375e+01  1.00305948e+01  5.45345821e-03  9.13754586e-01
   4.18596898e+00  4.14572857e-01]]
[[-11.69127207  10.24019419  -0.62237789   0.92612178   4.22334271
    0.42127891]]
[[-11.76951717  10.35202512  -0.73737579   0.92232705   4.24886052
    0.43486776]]
[[-11.91305141  10.50301494  -0.80260617   0.92070833   4.25198654
    0.43351414]]
[[-12.04881031  10.65300233  -0.95978279   0.9219331    4.2350631
    0.42593119]]
[[-11.95698057  10.63318126  -0.89300396   0.89186899   4.19641836
    0.44238321]]
[[-11.79485074  10.56108688  -0.74726713   0.85233092   4.151576
    0.464115  ]]
[[-11.65522903  10.49318996  -0.49754082   0.81244773   4.11349868
    0.48084297]]
[[-11.56513791  10.46342501   0.22987694   0.77185648   4.0805541
    0.48837416]]
[[-11.52637614  10.44544649   1.15692356   0.73714113   4.05826188
    0.48896009]]
[[-11.46216621  10.41112788   1.86070222   0.69732864   4.02714018
    0.49177844]]
[[-11.4381319   10.40059757   2.22331137   0.6782845    4.00814103
    0.49282568]]
[[-11.48447004  10.39356432   1.78655094   0.66101758   3.98066235
    0.48672551]]
[[-11.56217184  10.41569116   0.82113529   0.6587803    3.95644089
    0.47804367]]
[[-11.63705716  10.44798928  -0.31252611   0.65757839   3.92929748
    0.46846433]]
[[-11.66993423  10.43006639  -0.88515694   0.63491231   3.90256987
    0.46101187]]
[[-11.74264795  10.45562823  -1.09982806   0.63809019   3.91318481
    0.45241827]]
[[-11.80916513  10.47750307  -1.26706101   0.65019994   3.92366282
    0.44687615]]
[[-11.84042247  10.52276544  -0.6904878    0.65882185   3.94335474
    0.44189808]]
[[-11.85368086  10.53612102   0.0579528    0.65687615   3.95999754
    0.43866565]]
[[-11.85289189  10.52625974   0.7393672    0.64562995   3.96909537
    0.43641401]]
[[-11.88375823  10.54247531   0.77289162   0.65417647   3.97912564
    0.43419588]]
[[-11.91698192  10.57359649   0.65250775   0.67129494   3.99071394
    0.4320343 ]]
[[-11.94255272  10.57665404   0.53377118   0.67911811   3.99868716
    0.43049101]]
[[-11.97199548  10.56887134   0.13927      0.68432548   4.00133867
    0.42879024]]
[[-12.00156689  10.58129961  -0.11443601   0.69137146   4.00640848
    0.42706932]]
[[-12.0529714   10.60650127  -0.22144485   0.71132619   4.02715511
    0.42440559]]
[[-12.09443005  10.61037605  -0.17617662   0.72113728   4.04559489
    0.42175895]]
[[-12.08844541  10.57746114   0.24540101   0.70933387   4.05391621
    0.42203008]]
[[-12.07849427  10.56703185   0.68367538   0.70136406   4.06125962
    0.42153925]]
[[-12.08285756  10.55648255   0.9570069    0.69967718   4.07270517
    0.4214131 ]]
[[-12.10073277  10.52682405   1.04482865   0.69596597   4.09003347
    0.42060385]]
[[-12.13238326  10.47521023   0.7126035    0.68368677   4.09222068
    0.41910976]]
[[-12.14923503  10.42618556   0.48698947   0.6679942    4.09067063
    0.41738617]]
[[-12.15966478  10.39462354   0.35431912   0.65710553   4.08960492
    0.41644234]]
[[-12.15054697  10.36237794   0.41546895   0.6418207    4.08762521
    0.41577924]]
[[-12.14642141  10.3406335    0.64955528   0.63222714   4.09251623
    0.41556569]]
[[-12.15292571  10.32285606   0.79540975   0.62889747   4.1010917
    0.41535823]]
[[-12.18633241  10.31526207   0.92928488   0.63582782   4.12320893
    0.41459634]]
[[-12.21223093  10.31579858   0.98982258   0.64381581   4.14085137
    0.41414839]]
[[-12.24537663  10.31887209   0.97807237   0.65424236   4.15866007
    0.41253152]]
[[-12.28847767  10.31639991   0.78023085   0.66308847   4.17708458
    0.41103973]]
[[-12.31577939  10.31557026   0.87139296   0.66644875   4.1939619
    0.40998259]]
[[-12.34196004  10.31683407   0.83243945   0.66907285   4.20521336
    0.40860176]]
[[-12.3840083   10.34079802   0.66957871   0.68239717   4.21747155
    0.40715326]]
[[-12.43171155  10.36199921   0.40849032   0.69610403   4.23254703
    0.40521729]]
[[-12.4779076   10.3858958    0.2798617    0.71038249   4.25067917
    0.40402355]]
[[-12.52351649  10.40504464   0.32895508   0.72175296   4.27432411
    0.40339559]]
[[-12.54214604  10.41697275   0.49301592   0.72262967   4.28728042
    0.4030991 ]]
[[-12.55696566  10.43764866   0.54469279   0.72363021   4.29522559
    0.40310285]]
[[-12.58527522  10.45659945   0.39803936   0.72603217   4.30019843
    0.40261988]]
[[-12.60438344  10.48188423   0.37892379   0.72596269   4.30338251
    0.4016444 ]]
[[-12.63324569  10.52577063   0.17509018   0.73817992   4.30874044
    0.40103844]]
[[-12.67915117  10.58909522  -0.14371706   0.76054442   4.31688316
    0.39917279]]
[[-12.70919618  10.63067601  -0.34799055   0.77635724   4.32206398
    0.39812495]]
[[-12.723406    10.64922833  -0.27753111   0.78298414   4.32998576
    0.39773992]]
[[-12.7553565   10.68115833  -0.24375073   0.79726271   4.34495192
    0.39611818]]
[[-12.78258526  10.7175481   -0.2313553    0.81281627   4.3579886
    0.39438667]]
[[-12.82174195  10.77794786  -0.34691609   0.8394579    4.37223002
    0.39283999]]
[[-12.83667973  10.80566654  24.82614018   0.85033978   4.38521627
    0.39153387]]
[[-12.88281778  10.74168739  22.51773475   0.79696153   4.30803183
    0.3858804 ]]
[[-12.8783942   10.68192826  20.73539885   0.6318616    4.19080136
    0.38749289]]
[[-12.90984375  10.75440996  19.91166312   0.42682754   4.09869556
    0.39690541]]
[[-12.92623615  10.86291105  19.64144014   0.19161794   4.0103228
    0.41384976]]
[[-13.02452547  11.12529308  18.87762702  -0.02754369   3.9514991
    0.43348328]]
[[-13.24702902  11.60956948  16.98754924  -0.21047871   3.9223971
    0.45779184]]
[[-13.52210783  12.18723967  15.25794383  -0.3678395    3.92630959
    0.4836213 ]]
[[-13.79985834  12.76864523  13.33292279  -0.51834901   3.92928132
    0.50994363]]
[[-14.14426277  13.46217873  10.92374903  -0.64309843   3.95765441
    0.53879985]]
[[-14.41976871  14.07510873   9.45035341  -0.76200781   3.98905927
    0.56783334]]
[[-14.62867659  14.56714326   9.4948671   -0.8777881    4.0276968
    0.5922328 ]]
[[-14.85353803  15.04416788   8.12483158  -0.9131182    4.06125829
    0.60824823]]
[[-15.11882432  15.51539789   6.35885373  -0.8952949    4.11266678
    0.61890673]]
[[-15.36749952  15.89173906   4.51512349  -0.86566085   4.15909607
    0.62655919]]
[[-15.61367317  16.27503101   2.72720013  -0.80244163   4.20300364
    0.62952394]]
[[-15.80124927  16.53874188   1.19373928  -0.75100982   4.23259645
    0.63162405]]
[[-15.94362507  16.76752145   0.10873715  -0.70181688   4.25516789
    0.63211231]]
[[-16.06031819  16.98648387  -0.65849008  -0.649738     4.27433444
    0.63179874]]
[[-16.14249792  17.13602848  -1.21639     -0.61369678   4.28676461
    0.63137371]]
[[-16.17797746  17.26746659  -1.22226014  -0.58726563   4.29469531
    0.63098879]]
[[-16.18627903  17.37241078  -0.9385217   -0.57153448   4.29836833
    0.63112074]]
[[-16.13960562  17.44680384  -0.42930166  -0.57425882   4.28541438
    0.63138558]]
[[-16.07436294  17.4566818    0.18964489  -0.59223277   4.26979291
    0.63276353]]
[[-16.02733909  17.40530985   0.6691339   -0.61685113   4.25707517
    0.63354459]]
[[-15.97826687  17.36864189   0.51118986  -0.63763769   4.22907263
    0.63448939]]
[[-15.98859982  17.3969474    0.60763475  -0.64156013   4.22182445
    0.63309135]]
[[-16.04685829  17.4900916    0.57649723  -0.61560975   4.23818866
    0.62981573]]
[[-16.09057735  17.49850009   0.57509536  -0.608493     4.24749608
    0.6279342 ]]
[[-16.07266207  17.44126985   0.40410874  -0.62884721   4.22824307
    0.6270078 ]]
[[-16.0977672   17.53343591   0.42710485  -0.61177018   4.23247404
    0.62483447]]
[[-16.1199538   17.58857415   0.48579189  -0.60036723   4.23665259
    0.62331273]]
[[-16.13115688  17.62896746   0.50132995  -0.5910502    4.24001796
    0.62249039]]
[[-16.13617314  17.66703789   0.53507368  -0.58313134   4.24327115
    0.62209661]]
[[-16.14598156  17.69159738   0.54184544  -0.57660154   4.24577992
    0.62156922]]
[[-16.15270634  17.71104237   0.52112007  -0.57046975   4.2484507
    0.62108317]]
[[-16.16511696  17.72827232   0.50124405  -0.56511185   4.25098249
    0.62071447]]
[[-16.1696074   17.73723832   0.49320946  -0.56126844   4.25316029
    0.62041978]]
[[-16.17303558  17.74563958   0.488848    -0.55838452   4.25476295
    0.62005349]]
[[-16.17769484  17.75136748   0.49359651  -0.55632618   4.25599208
    0.6198859 ]]
[[-16.18562482  17.75354234   0.49696     -0.55520613   4.25679448
    0.61913887]]
[[-16.18834967  17.75780267   0.49709797  -0.5536708    4.25783152
    0.61882709]]
[[-16.18784795  17.76275833   0.49674123  -0.55235225   4.25835324
    0.61875339]]
[[-16.18846286  17.76153591   0.50312477  -0.55205305   4.2585824
    0.61890084]]
[[-16.18725512  17.76200557   0.49388625  -0.55102535   4.25882675
    0.61929029]]
[[-16.18443352  17.7675963    0.48918874  -0.5497052    4.25952736
    0.61920918]]
[[-16.18734438  17.76674731   0.49547495  -0.54945268   4.25967741
    0.61904998]]
[[-16.19210543  17.76796869   0.48667122  -0.54888934   4.25997441
    0.61862056]]
[[-16.19417321  17.77200943   0.47196665  -0.54763157   4.26042009
    0.61827563]]
[[-16.19062064  17.7779271    0.47735633  -0.54679623   4.26080446
    0.61848956]]
[[-16.19563983  17.77560249   0.47877046  -0.54694909   4.26075262
    0.61811418]]
[[-16.19662104  17.77345882   0.46541648  -0.54627955   4.26094322
    0.61846615]]
[[-16.19468867  17.77693274   0.46016366  -0.54557399   4.26111585
    0.61861013]]
[[-16.19427977  17.77905223   0.46721935  -0.54541119   4.26114729
    0.61855719]]
[[-16.19878812  17.77911213   0.45258559  -0.54507338   4.26126083
    0.61809479]]
[[-16.19914087  17.78364808   0.44419237  -0.54432258   4.26166542
    0.6176937 ]]
[[-16.19285333  17.78622554   0.4515233   -0.54389838   4.26158186
    0.61834088]]
[[-16.19097129  17.78444659   0.45306599  -0.54394212   4.26145617
    0.61862588]]
[[-16.19075566  17.78534787   0.43846678  -0.54364783   4.26143274
    0.61887986]]
[[-16.18901896  17.78745674   0.43967586  -0.54332335   4.26153841
    0.61882454]]
[[-16.18822904  17.78929807   0.44537368  -0.54311016   4.2614436
    0.61912189]]
[[-16.18592284  17.78976358   0.43954858  -0.54293084   4.26134891
    0.61889613]]
[[-16.18530186  17.79245608   0.43330915  -0.54231763   4.26150664
    0.61869304]]
[[-16.1892311   17.79391125   0.43694522  -0.54246819   4.26143894
    0.61864684]]
[[-16.18786931  17.79240267   0.4335397   -0.54209973   4.26155122
    0.61851299]]
[[-16.18971322  17.79246332   0.43097714  -0.54221342   4.2613986
    0.6185791 ]]
[[-16.18794812  17.79076315   0.43514607  -0.54211444   4.26137913
    0.61889301]]
[[-16.18645556  17.79104022   0.42928317  -0.54176717   4.26140971
    0.61876117]]
[[-16.18532616  17.78955543   0.4320685   -0.5418218    4.26136641
    0.61866295]]
[[-16.18436554  17.79256685   0.43618648  -0.54180994   4.26126097
    0.61869223]]
[[-16.18419912  17.79245618   0.43934661  -0.54202218   4.26116552
    0.618889  ]]
[[-16.18348475  17.79209697 -19.56536786  -0.54155262   4.2612064
    0.61885619]]
[[-16.17908513  17.7955917  -19.56096284  -0.54105705   4.2613457
    0.61898289]]
[[-16.18021788  17.79473951 -19.55875557  -0.54132524   4.26106211
    0.61888916]]
[[-16.18130574  17.79338247 -19.56500521  -0.5412721    4.26098786
    0.61879685]]
[[-16.18094267  17.7988875  -19.57212729  -0.54082522   4.26103937
    0.61882896]]
[[-16.17836389  17.80071214 -19.56674154  -0.54070367   4.26092098
    0.6189507 ]]
[[-16.17867084  17.79906584 -19.5644608   -0.54125969   4.26053934
    0.61881413]]
[[-16.17982533  17.79751851 -19.57432316  -0.54099178   4.26051881
    0.61892352]]
[[-16.17863764  17.80219543 -19.57499033  -0.54070508   4.26052419
    0.6184133 ]]
[[-16.1817619   17.80592855 -19.56683369  -0.54060963   4.260399
    0.61812536]]
[[-16.17841413  17.85677804 -19.24242704  -0.52960015   4.2649012
    0.61720277]]
[[-15.94028868  17.99464434 -15.743669    -0.56107494   4.24200773
    0.61946147]]
[[-15.47497177  18.21974281 -12.75796561  -0.58035028   4.12503714
    0.62693096]]
[[-15.04245488  18.44958285 -11.30589318  -0.52915473   4.01291964
    0.63372338]]
[[-14.61254935  18.43562382 -10.04226556  -0.47042864   3.90053489
    0.63384104]]
[[-14.26555991  18.25579934  -8.44618189  -0.40234919   3.83375168
    0.62753931]]
[[-14.28592931  18.19147257  -7.36410081  -0.2845287    3.86941671
    0.6046087 ]]
[[-14.61047374  18.21269108  -6.97293026  -0.15058016   3.97997967
    0.57168368]]
[[-14.91519018  18.30136558  -6.94846919  -0.02726417   4.0756258
    0.54508798]]
[[-15.08677313  18.4045199   -6.79001339   0.06000368   4.1297138
    0.52955319]]
[[-15.12607478  18.5090325   -6.0248975    0.12772355   4.15676871
    0.52065668]]
[[-15.05577756  18.44556618  -5.97578906   0.20677886   4.14874356
    0.50959842]]
[[-14.93270872  18.24349063  -6.06955126   0.29372734   4.13012127
    0.49496202]]
[[-14.81434173  17.99129556  -6.096652     0.36903271   4.11394781
    0.47986515]]
[[-14.72863634  17.75698927  -6.30195505   0.46161796   4.1091067
    0.46191712]]
[[-14.65257118  17.50821224  -5.75919706   0.53644191   4.1198405
    0.44567108]]
[[-14.6208055   17.31034552  -5.72782412   0.63168067   4.13972242
    0.42617204]]
[[-14.60442096  17.1178938   -6.27173427   0.73467467   4.15503888
    0.40821758]]
[[-14.53223518  16.91776048  -6.55008322   0.80355151   4.15146133
    0.39405422]]
[[-14.48530602  16.73614164  -6.79712417   0.87819758   4.15499038
    0.37948908]]
[[-14.41476367  16.54850335  -6.55747367   0.94169757   4.16313601
    0.36655252]]
[[-14.2745249   16.24483854  -5.74976625   0.99325539   4.16869273
    0.35374151]]
[[-14.20060344  16.04422761  -6.28681082   1.08628294   4.16784878
    0.33641198]]
[[-14.0026543   15.62734322  -5.7082464    1.14742767   4.15348954
    0.31945788]]
[[-13.79167546  15.24883061  -4.3771273    1.19152142   4.14466268
    0.30490999]]
[[-13.57553183  14.86268056  -2.7258113    1.22775102   4.14032652
    0.29133337]]
[[-13.40247854  14.51238943  -1.13913026   1.2667559    4.1484426
    0.27886915]]
[[-13.23316675  14.15787297   0.49347553   1.28958147   4.15491175
    0.26762468]]
[[-13.12117342  13.91356732   1.63392194   1.30295455   4.16177858
    0.26009439]]
[[-13.09737663  13.7471957    1.89419086   1.32591405   4.1792246
    0.25355143]]
[[-13.13070431  13.62533269   1.74253959   1.348673     4.20714729
    0.24710309]]
[[-13.17446703  13.52036491   1.24092129   1.35947936   4.22587404
    0.24158254]]
[[-13.23130028  13.43766003   0.58471345   1.36643171   4.24063964
    0.23751835]]
[[-13.27038801  13.3633753   -0.04045917   1.36580558   4.24946544
    0.23491301]]
[[-13.31781605  13.31231119  -0.60223408   1.36690597   4.2589374
    0.23227828]]
[[-13.35344478  13.27835462  -0.92784221   1.37059563   4.26848376
    0.23074679]]
[[-13.36391297  13.26237553  -0.73397092   1.37164488   4.27956112
    0.22993503]]
[[-13.34989378  13.26522929  -0.10872139   1.37100205   4.28924171
    0.22956863]]
[[-13.34809451  13.26291913   0.40675917   1.369619     4.29806016
    0.22870969]]
[[-13.34663908  13.26167851   0.72738407   1.36947906   4.3038791
    0.22817911]]
[[-13.32937834  13.26345719   1.13325541   1.36713682   4.30786842
    0.22785728]]
[[-13.34100489  13.28380307   1.34048299   1.37603565   4.31681847
    0.22741537]]
[[-13.34004374  13.27132793   1.29474555   1.3738939    4.31771886
    0.22702349]]
[[-13.37372312  13.23691137   0.86258642   1.37334352   4.3232117
    0.22665006]]
[[-13.41321422  13.22182693   0.48307622   1.37860995   4.33513852
    0.22515919]]
[[-13.44390542  13.20962138   0.28862966   1.38139072   4.3465908
    0.22433322]]
[[-13.47161487  13.20874005   0.22743589   1.38644385   4.35743236
    0.22322144]]
[[-13.48924757  13.2167286    0.24648353   1.39131272   4.3665572
    0.22217888]]
[[-13.50019851  13.21224836   0.38348277   1.38907046   4.37239643
    0.22118172]]
[[-13.53738764  13.22179549   0.28952281   1.3996499    4.38668244
    0.21954714]]
[[-13.57273559  13.21700089   0.24601314   1.40671869   4.40342777
    0.21815989]]
[[-13.60272161  13.20210128   0.29017183   1.40985249   4.41945186
    0.21749755]]
[[-13.64122186  13.19411165   0.34902388   1.4152882    4.43885259
    0.21643206]]
[[-13.65682106  13.19911868   0.50685552   1.41908095   4.4524717
    0.21545588]]
[[-13.66303797  13.20281993   0.86886561   1.4199879    4.46394093
    0.21543003]]
[[-13.67969894  13.20859921   1.09983086   1.42585631   4.47985854
    0.21441257]]
[[-13.72125147  13.23305796   1.04229858   1.4425033    4.50046441
    0.21263675]]
[[-13.78669413  13.27936031   0.72889665   1.47278017   4.52561857
    0.20928886]]
[[-13.8378797   13.29293414   0.29521321   1.48764682   4.54011566
    0.20807378]]
[[-13.88461678  13.30950603  -0.12966749   1.49949448   4.55173568
    0.20564841]]
[[-13.92447209  13.32601954  -0.5138744    1.51082587   4.56285505
    0.20473811]]
[[-13.94701801  13.32331956  -0.57118222   1.51105044   4.57000137
    0.20402822]]
[[-13.95398947  13.32054194  -0.51610295   1.51052036   4.57372349
    0.20394188]]
[[-13.95285274  13.32809894  -0.23789372   1.50934823   4.57906739
    0.20309095]]
[[-13.9370529   13.34247091   0.21241699   1.50824849   4.58199721
    0.20381037]]
[[-13.92697058  13.3493696    0.38229285   1.50853689   4.58313937
    0.20370793]]
[[-13.94173905  13.36301962   0.36467519   1.51428838   4.58585516
    0.20272554]]
[[-13.95148061  13.37263928   0.22751502   1.51865956   4.58772842
    0.20203818]]
[[-13.95785084  13.37312694   0.1686929    1.51876615   4.58764794
    0.20175094]]
[[-13.96182351  13.353948     0.09999231   1.51140639   4.5845018
    0.20121636]]
[[-13.96849503  13.36320961   0.09430134   1.51322429   4.58577302
    0.2004021 ]]
[[-13.94497359  13.36653824   0.46344383   1.50781711   4.58391906
    0.20099138]]
[[-13.94098036  13.36482189   0.47345808   1.50771571   4.58393666
    0.20130908]]
[[-13.94473647  13.36109378   0.29373249   1.50952332   4.58533546
    0.20152996]]
[[-13.94809151  13.34476025   0.2388345    1.51110487   4.59268059
    0.20257479]]
[[-13.9528606   13.29794464   0.20370737   1.49932172   4.59701576
    0.20398698]]
[[-13.98520645  13.28331859   0.22901603   1.50512179   4.61984092
    0.20406661]]
[[-14.02926477  13.27882186   0.24589429   1.5122102    4.64313793
    0.2029957 ]]
[[-14.0620704   13.26928399   0.12385282   1.51385483   4.65575939
    0.20163748]]
[[-14.11378406  13.28582339  -0.08951499   1.52911175   4.67713644
    0.20006312]]
[[-14.1326696   13.28951963  -0.1483335    1.53596543   4.6913608
    0.20022084]]
[[-1.41251076e+01  1.32580807e+01 -7.29843483e-03  1.52558720e+00
   4.69353576e+00  2.02953007e-01]]
[[-14.09100216  13.23167661   0.3849854    1.50825212   4.68883369
    0.205029  ]]
[[-14.0805734   13.23545959   0.53484142   1.50572082   4.69138677
    0.20496848]]
[[-14.11670018  13.22476506   0.50317105   1.50823586   4.70363376
    0.20436259]]
[[-14.14970927  13.23056133   0.45764433   1.51334743   4.7158707
    0.20279884]]
[[-14.1913696   13.25562498   0.41915297   1.52481067   4.7298355
    0.20033524]]
[[-14.22407961  13.28121187   0.42921933   1.53400774   4.74047924
    0.19814177]]
[[-1.42676819e+01  1.32751759e+01 -1.13402819e-02  1.53688387e+00
   4.74532240e+00  1.96335232e-01]]
[[-14.31467788  13.27798809  -0.58836808   1.54259052   4.75086525
    0.19431559]]
[[-14.32862653  13.27656178  -0.85913858   1.54230966   4.75278787
    0.19429658]]
[[-14.34066614  13.27373368  -1.0375073    1.54043032   4.75269465
    0.19485861]]
[[-14.34862739  13.27179401  -1.1613947    1.5389223    4.75260196
    0.19486222]]
[[-14.3598186   13.27732437  -1.25898091   1.53887764   4.75327459
    0.19378443]]
[[-14.36887395  13.27980839  -1.30913135   1.53850426   4.75333814
    0.19342671]]
[[-14.37632705  13.28205888  -1.34235124   1.53801012   4.75282872
    0.19284486]]
[[-14.3794105   13.28339338  -1.37058896   1.53761211   4.75247448
    0.1927912 ]]
[[-14.38172288  13.28474906  -1.38877575   1.53746364   4.75233971
    0.19282804]]
[[-14.38331037  13.28903382  -1.39193757   1.53689465   4.75173735
    0.19256653]]
[[-14.38413311  13.29107124  -1.39315681   1.53630829   4.75098344
    0.19241254]]
[[-14.3860624   13.2947358   -1.39905264   1.53572897   4.75040039
    0.19244482]]
[[-14.38388101  13.29350766  -1.40204264   1.53554344   4.74982351
    0.19268351]]
[[-14.38116335  13.29474595  -1.4078536    1.53537314   4.7493973
    0.1926106 ]]
[[-14.38062539  13.2967514   -1.42437025   1.53559991   4.74864934
    0.19269208]]
[[-14.3786238   13.29859719  -1.46848629   1.53593702   4.74711035
    0.19294177]]
[[-14.37687902  13.29759472  -1.49772776   1.53570098   4.74564044
    0.1930115 ]]
[[-14.37357905  13.29879413  -1.48463451   1.53554383   4.74528376
    0.19328803]]
[[-14.37471395  13.29435019  -1.47380571   1.53525347   4.7450532
    0.19370367]]
[[-14.37686531  13.29631883  -1.4836704    1.53546001   4.74556532
    0.19286378]]
[[-14.3746973   13.30147812  -1.47255562   1.53600356   4.74597695
    0.19299854]]
[[-14.36817652  13.30017063  -1.42322606   1.53518806   4.74601821
    0.19337058]]
[[-14.36751706  13.29527712  -1.41524468   1.53414831   4.74547835
    0.19351729]]
[[-14.36646509  13.29847692  -1.4313227    1.53482711   4.74538353
    0.19342715]]
[[-14.36646201  13.29953509  -1.41093792   1.53502366   4.7457598
    0.19386023]]
[[-14.36716243  13.29682051  -1.39049395   1.5342746    4.74534591
    0.19382787]]
[[-14.37028261  13.29584815  -1.39433681   1.53432802   4.74530525
    0.19386765]]
[[-14.36969589  13.29801664  -1.3944102    1.53442934   4.74557357
    0.19400936]]
[[-14.36614525  13.2999441   -1.36955427   1.53422863   4.74567762
    0.1936961 ]]
[[-14.36399988  13.2993307   -1.36096924   1.53357663   4.74550822
    0.1936389 ]]
[[-14.36406666  13.2962789   -1.37438271   1.53388111   4.74532883
    0.19397818]]
[[-14.36495947  13.29808005  -1.36962228   1.53375665   4.74538615
    0.19386029]]
[[-14.36285939  13.30090847  -1.35326036   1.53354931   4.74530283
    0.19344918]]
[[-14.36409486  13.30475066  -1.35455018   1.53343903   4.74496828
    0.19327163]]
[[-14.36615971  13.30629292  -1.36747693   1.53336659   4.74452024
    0.19287198]]
[[-14.36740668  13.30702002  -1.36090837   1.53310055   4.7443622
    0.19302291]]
[[-14.36875274  13.30955817  -1.36695922   1.53306859   4.74422741
    0.19288161]]
[[-14.36932793  13.31152192  -1.41018538   1.53371548   4.74297674
    0.19293386]]
[[-14.36560756  13.31416294  -1.4426842    1.53356293   4.74126708
    0.1926912 ]]
[[-14.362326    13.31507534  -1.45452887   1.53317846   4.73981654
    0.19285966]]
[[-14.36421674  13.3153557   -1.47293786   1.53330065   4.73903747
    0.19299007]]
[[-14.36137003  13.31484801  -1.47362856   1.53216044   4.7382941
    0.19324618]]
[[-14.36523677  13.29196344  -1.31719679   1.52331586   4.73964015
    0.1932309 ]]
[[-14.3785894   13.26361239  -1.0465812    1.51335819   4.74612616
    0.19173842]]
[[-14.38993608  13.27064617  -1.02887966   1.51368019   4.74747548
    0.19099866]]
[[-14.38034081  13.29198041  -1.20649284   1.52136305   4.74416388
    0.19113452]]
[[-14.37344164  13.31053157  -1.34588693   1.52654744   4.73971432
    0.1915306 ]]
[[-14.36431191  13.32169804  -1.41616968   1.52978442   4.73756361
    0.19193783]]
[[-14.35882614  13.3313915   -1.45776688   1.53164998   4.73512693
    0.19232764]]
[[-14.3514408   13.33280683  -1.49849979   1.53076235   4.7308038
    0.19274663]]
[[-14.33940088  13.31642891  -1.38896605   1.52458629   4.73005601
    0.19371942]]
[[-14.34458566  13.30544669  -1.30002152   1.5244728    4.73583469
    0.1949154 ]]
[[-14.34921642  13.31845471  -1.38898592   1.52964618   4.73639792
    0.19409165]]
[[-14.35053646  13.32746316  -1.46223765   1.53153229   4.73357671
    0.19393099]]
[[-14.34678529  13.33933186  -1.49692636   1.53338797   4.73274649
    0.19343275]]
[[-14.3435475   13.34493854  -1.50739351   1.5334032    4.73098476
    0.19320916]]
[[-14.34368244  13.34210212  -1.51730136   1.53322221   4.72975442
    0.19342515]]
[[-14.34029462  13.34817032  -1.53558953   1.53392435   4.72884403
    0.19336199]]
[[-14.33579859  13.35337965  -1.53215065   1.5346687    4.72902054
    0.1932392 ]]
[[-14.33689111  13.35084186  -1.52142976   1.53405346   4.72845334
    0.19357908]]
[[-14.33296747  13.35287734  -1.50435658   1.53404028   4.72878359
    0.19375208]]
[[-14.33339851  13.35361403  -1.47482725   1.5335758    4.72896827
    0.19354028]]
[[-14.33242208  13.35272889  -1.45248396   1.53300105   4.72899612
    0.19346824]]
[[-14.33309158  13.354358    -1.42563421   1.53253067   4.72887245
    0.19311162]]
[[-14.33037179  13.35362548  -1.39966083   1.53250407   4.72915404
    0.19354388]]
[[-14.32966212  13.34977265  -1.39824849   1.5317312    4.72878752
    0.19408812]]
[[-14.32627274  13.3490987   -1.39431862   1.53166045   4.72894287
    0.19431889]]
[[-14.32537511  13.3525005   -1.37990651   1.53154308   4.72863182
    0.19422544]]
[[-14.32408507  13.35050277  -1.36339983   1.53106828   4.72847887
    0.19397308]]
[[-14.32506735  13.34991002  -1.3725119    1.53083029   4.72773246
    0.19387292]]
[[-14.32491027  13.35091098  -1.3640374    1.53082598   4.72781547
    0.19379179]]
[[-14.32450901  13.34899386  -1.3486203    1.53029489   4.72717501
    0.19405573]]
[[-14.32527718  13.34867915  -1.3410425    1.52999074   4.72686868
    0.19390192]]
[[-14.32494311  13.34581804  -1.35174535   1.53001385   4.7266868
    0.19406965]]
[[-14.31951208  13.35206157  -1.33120649   1.53009266   4.72670194
    0.19373596]]
[[-14.32358926  13.34779139  -1.30911514   1.52897001   4.72641063
    0.19433593]]
[[-14.32026984  13.34940749  -1.3151227    1.52884401   4.72591387
    0.19398463]]
[[-14.31803107  13.3514079   -1.30621296   1.52900173   4.72604111
    0.19387132]]
[[-14.31635405  13.35127142  -1.2843903    1.52891372   4.72572851
    0.19410946]]
[[-14.31856513  13.35068329  -1.2783886    1.5283361    4.72544481
    0.19414817]]
[[-14.31583682  13.35450221  -1.29345534   1.52861569   4.72505347
    0.19402597]]
[[-14.31539828  13.35706584  -1.2703158    1.52853948   4.72528874
    0.19435162]]
[[-14.31262968  13.35594009  -1.25291074   1.5277256    4.72455663
    0.19434213]]
[[-14.31370757  13.35738743  -1.26204911   1.52753317   4.72439345
    0.1945019 ]]
[[-14.31323055  13.36090773  -1.26132665   1.52787626   4.72415012
    0.19435047]]
[[-14.30807102  13.36220604  -1.23455731   1.52766977   4.72395189
    0.19452543]]
[[-14.31051149  13.35805534  -1.22412318   1.52660121   4.72352019
    0.19436912]]
[[-14.30781725  13.3574446   -1.22902136   1.52676471   4.72312779
    0.19462251]]
[[-14.30465318  13.36087149  -1.21609582   1.5268054    4.7233031
    0.19454306]]
[[-14.30535252  13.36195868  -1.20001147   1.52623507   4.72279508
    0.19444226]]
[[-14.30475889  13.3594952   -1.19826386   1.52586435   4.72255586
    0.19456709]]
[[-14.30439477  13.36356245  -1.20818975   1.52593905   4.72226277
    0.19454386]]
[[-14.30024109  13.36380537  -1.18309115   1.52583869   4.72231166
    0.19491572]]
[[-14.29835187  13.36285566  -1.17434958   1.52526504   4.72199726
    0.19474031]]
[[-14.29585924  13.36292781  -1.17923248   1.52551095   4.72150801
    0.19504114]]
[[-14.29500148  13.3633493   -1.17358305   1.52522217   4.72141953
    0.19486953]]
[[-14.29528249  13.36029454  -1.15945374   1.52470653   4.72134226
    0.19528439]]
[[-14.29269779  13.36170895  -1.15217148   1.52440799   4.7209754
    0.19508853]]
[[-14.29299837  13.36331741  -1.14641414   1.5239678    4.72070839
    0.19485891]]
[[-14.2949902   13.36438818  -1.15480724   1.52406387   4.72038072
    0.19480635]]
[[-14.29257382  13.36715846  -1.15315107   1.52425766   4.72038163
    0.19482292]]
[[-14.29241751  13.36660422  18.85847499   1.52388746   4.72024707
    0.19508719]]
[[-14.29273303  13.36406745  18.85668593   1.52353667   4.71962428
    0.19495218]]
[[-14.29427966  13.36735456  18.85136599   1.52365591   4.71964016
    0.1949773 ]]
[[-14.28960787  13.37110534  18.86628681   1.52366855   4.7197636
    0.19447843]]
[[-14.29191935  13.36668312  18.87668715   1.52300045   4.71923614
    0.19499926]]
[[-14.28804476  13.3639907   18.86699833   1.52260542   4.71897187
    0.19518304]]
[[-14.28404409  13.36583953  18.85720815   1.52322111   4.71881792
    0.19570358]]
[[-14.27936202  13.36583647  18.8839697    1.52269191   4.71890068
    0.19609332]]
[[-14.278502    13.36545913  18.89231097   1.52214622   4.71826364
    0.1962726 ]]
[[-14.27884982  13.36664143  18.87977633   1.52259787   4.71814236
    0.19629182]]
[[-14.27380684  13.36911556  18.87905934   1.52291284   4.71816945
    0.19651023]]
[[-14.27083808  13.36823089  18.89632833   1.52235932   4.71811596
    0.196378  ]]
[[-14.26982054  13.36570584  18.89976161   1.52208662   4.71759127
    0.19655825]]
[[-14.2699677   13.36605572  18.89048649   1.52220752   4.7177764
    0.19676132]]
[[-14.26798358  13.36839676  18.89395245   1.52238845   4.71771353
    0.19675476]]
[[-14.26837228  13.36947656  18.90532017   1.52200041   4.71747972
    0.19671443]]
[[-14.26720092  13.36846007  18.90400558   1.52201454   4.71728945
    0.19686664]]
[[-14.2653943   13.36829709  18.89444415   1.52206739   4.71717987
    0.19667273]]
[[-14.26440528  13.3664323   18.89451645   1.522038     4.71690974
    0.19668291]]
[[-14.26131821  13.36832438  18.90047733   1.52200234   4.71638368
    0.19666476]]
[[-14.26372665  13.36869366  18.87591043   1.5223553    4.71615562
    0.1969207 ]]
[[-14.26273918  13.37031852  18.82918075   1.52260955   4.71469027
    0.19659716]]
[[-14.25981638  13.37182869  18.80216144   1.52310336   4.71369439
    0.19678976]]
[[-14.25560987  13.37594657  18.80024011   1.52282879   4.71289839
    0.19698512]]
[[-14.25625067  13.37556519  18.78296363   1.52276943   4.71223174
    0.19680209]]
[[-14.25805302  13.37239876  18.74651555   1.52326166   4.71201366
    0.19677167]]
[[-14.25689484  13.37874499  18.74001901   1.52438795   4.71224249
    0.19672642]]
[[-14.25821521  13.3766938   18.7448207    1.52383773   4.71217063
    0.19683473]]
[[-14.25800436  13.37254564  18.73222877   1.52354217   4.71154116
    0.19704901]]
[[-14.25301668  13.37682675  18.72791644   1.52426113   4.71133064
    0.19682691]]
[[-14.2488132   13.37885058  18.75469331   1.52342069   4.7110774
    0.19697081]]
[[-14.24854132  13.37429295  18.76592567   1.5225893    4.71042017
    0.19702905]]
[[-14.24811287  13.37389651  18.75124405   1.52266551   4.70982748
    0.19711668]]
[[-14.24491629  13.37607752  18.77112912   1.52250978   4.71003002
    0.19703768]]
[[-14.2422404   13.37730208  18.80039288   1.5211563    4.70940527
    0.19689953]]
[[-14.23967297  13.37677979  18.81583897   1.52110309   4.70909371
    0.19723071]]
[[-14.24078192  13.37756142  18.80882374   1.5210848    4.70908493
    0.1971682 ]]
[[-14.23927374  13.38164888  18.82621628   1.52161039   4.70972532
    0.19713566]]
[[-14.24290626  13.37992464  18.81262029   1.52118133   4.7095657
    0.19690511]]
[[-14.24088252  13.38226893  18.81188454   1.52159331   4.70946607
    0.19706799]]
[[-14.23769536  13.37942903  18.84002329   1.52115074   4.70961301
    0.19711119]]
[[-14.23977341  13.37576227  18.87114065   1.52025574   4.70973767
    0.19709552]]
[[-14.23616078  13.37859375  18.89084277   1.52053115   4.7104915
    0.19685891]]
[[-14.23735321  13.38116268  18.90217834   1.52036076   4.71059767
    0.19701272]]
[[-14.23701359  13.37847796  18.90871801   1.52025018   4.71072735
    0.19700615]]
[[-14.24041631  13.38016052  18.89963309   1.52058133   4.7110892
    0.19702474]]
[[-14.23484164  13.38399262  18.91862732   1.52118114   4.71164995
    0.19679257]]
[[-14.23955127  13.38009632  18.92988376   1.52015467   4.71106556
    0.19721723]]
[[-14.2375648   13.37985967  18.91973612   1.52024829   4.71112003
    0.19700052]]
[[-14.23487298  13.3851174   18.91870343   1.52099768   4.71130006
    0.1967622 ]]
[[-14.23612381  13.38357472  18.94089489   1.5202081    4.71119791
    0.19710635]]
[[-14.23727521  13.38052129  18.94103057   1.5198177    4.71055654
    0.19698923]]
[[-14.2343715   13.3811579   18.93078236   1.5205711    4.71059389
    0.19711286]]
[[-14.23417198  13.38360805  18.93992337   1.52046358   4.71061926
    0.19706189]]
[[-14.23240783  13.38140049  18.95520468   1.51950342   4.710247
    0.19718656]]
[[-14.22982615  13.3849325   18.95357459   1.51976219   4.71005197
    0.19711301]]
[[-14.22709688  13.38473261  18.95264541   1.51986605   4.71025011
    0.19682623]]
[[-14.22586262  13.38569609  18.96287921   1.51952102   4.71001674
    0.19721116]]
[[-14.22657468  13.38458153  18.96639812   1.5187593    4.70958584
    0.19719157]]
[[-14.22545598  13.38350342  18.96000643   1.51917168   4.70937742
    0.19732425]]
[[-14.22369687  13.38489204  18.96475336   1.5194404    4.70945011
    0.1970591 ]]
[[-14.22277926  13.38196537  18.96909355   1.51889733   4.70920431
    0.19716338]]
[[-14.22289361  13.38166116  18.9709276    1.51878264   4.70887063
    0.19731207]]
[[-14.22214397  13.38356614  18.96881696   1.51889621   4.70905026
    0.19722708]]
[[-14.22146622  13.38465818  18.97482393   1.51890609   4.70887238
    0.19720759]]
[[-14.22179661  13.38013508  18.98009577   1.51838156   4.70863748
    0.19757208]]
[[-14.22131461  13.38187501  18.97847051   1.51837557   4.7084425
    0.19725001]]
[[-14.21693854  13.38481853  18.97765834   1.51898139   4.70845911
    0.19702876]]
[[-14.22049793  13.38351145  18.98559456   1.5185208    4.70825808
    0.19746098]]
[[-14.21775612  13.38643567  18.99719752   1.51866527   4.70819328
    0.19721834]]
[[-14.21926441  13.38727416  19.00154759   1.51800807   4.70823878
    0.19729552]]
[[-14.21885888  13.38955055  19.00015241   1.51827762   4.70813372
    0.19744986]]
[[-14.21645125  13.39102333  18.999899     1.51866879   4.70798838
    0.19732433]]
[[-14.21625337  13.39241949  19.0139318    1.5182006    4.7078952
    0.19747105]]
[[-14.21486203  13.38858038  19.02540057   1.51779725   4.7076384
    0.19770452]]
[[-14.21353741  13.38761764  19.03838902   1.51719102   4.70736343
    0.19762377]]
[[-14.21164912  13.39206226  19.0572231    1.51701535   4.70752473
    0.1977925 ]]
[[-14.21169304  13.3910605   19.06156314   1.51691886   4.7074397
    0.19785853]]
[[-14.21325144  13.39099835  19.0463206    1.51672522   4.70700401
    0.19772633]]
[[-14.21075778  13.39382878  19.03649041   1.51750702   4.70694534
    0.19772056]]
[[-14.20858465  13.39579571  19.05355548   1.51717781   4.70681155
    0.19785742]]
[[-14.20419333  13.3920104   19.07257047   1.51655476   4.70648577
    0.1977066 ]]
[[-14.20338913  13.39244213  19.07061631   1.51595299   4.70597336
    0.19773967]]
[[-14.19975523  13.39669041  19.08794273   1.51628604   4.70630758
    0.19771534]]
[[-14.19909361  13.39537939  19.1176807    1.51559863   4.70673043
    0.19781122]]
[[-14.2017886   13.39538344  19.12682296   1.51531456   4.7069769
    0.19782245]]
[[-14.20117923  13.39605082  19.11134609   1.51613638   4.70703299
    0.19789855]]
[[-14.19870963  13.39753244  19.12430454   1.51630045   4.70734937
    0.19793386]]
[[-14.19846227  13.39753003  19.13287018   1.5158713    4.70709227
    0.19767952]]
[[-14.19821915  13.40051836  19.13678151   1.51584857   4.70714182
    0.19781864]]
[[-14.19695467  13.4003292   -8.85326416   1.51560125   4.70689506
    0.19763635]]
[[-14.19525829  13.40104894  -8.84226277   1.5152951    4.70690247
    0.19757195]]
[[-14.19615773  13.40215923  -8.8356659    1.51531707   4.70678
    0.19802779]]
[[-14.1958139   13.40169322  -8.83737066   1.51536837   4.70662813
    0.19792909]]
[[-14.19422623  13.40049518  -8.83015865   1.51497908   4.70663898
    0.19791016]]
[[-14.19439761  13.4016945   -8.83595777   1.5152472    4.70625252
    0.19790525]]
[[-14.19576928  13.40427867  -8.82778081   1.51540884   4.70660517
    0.19790446]]
[[-14.1943769   13.4044079   -8.81323323   1.51457305   4.70651354
    0.19796808]]
[[-14.16093098  13.4050018   -8.25413398   1.50657184   4.70341134
    0.1999163 ]]
[[-14.03802497  13.45805146  -6.09576005   1.49914629   4.69780252
    0.20398354]]
[[-13.90943414  13.52227737  -3.58861131   1.500467     4.69634159
    0.20701249]]
[[-13.76261851  13.52943349  -1.03889141   1.48479508   4.68675421
    0.21092305]]
[[-13.64945639  13.53596891   0.78846987   1.46942845   4.67642343
    0.21326316]]
[[-13.57708873  13.54667487   1.93800936   1.46264872   4.67061262
    0.21443004]]
[[-13.55251528  13.56760959   2.44215382   1.46876917   4.67083685
    0.21376617]]
[[-13.57616849  13.59927427   2.27377888   1.48860656   4.67871897
    0.21226737]]
[[-13.60681711  13.62305708   1.88098717   1.50489172   4.68547902
    0.20992156]]
[[-13.64276165  13.63153824   1.47852354   1.51545766   4.6899384
    0.20853711]]
[[-13.6762713   13.59505432   0.81238081   1.50820993   4.68523739
    0.20687272]]
[[-13.69922715  13.56206992   0.33300668   1.49896002   4.6792706
    0.20599654]]
[[-1.37242088e+01  1.35558264e+01 -4.17245794e-03  1.49892979e+00
   4.67986994e+00  2.03739041e-01]]
[[-13.76472788  13.53377399  -0.64546682   1.49496341   4.67818317
    0.20254165]]
[[-13.7847482   13.50428111  -1.09819088   1.48626298   4.6734066
    0.2016004 ]]
[[-13.78639512  13.48872635  -1.17140212   1.47837684   4.67013863
    0.2012866 ]]
[[-13.76219397  13.48547606  -0.74813113   1.4670199    4.66589627
    0.20122062]]
[[-13.75223288  13.48945403  -0.50239084   1.46354855   4.66464806
    0.20165405]]
[[-13.74341303  13.49851642  -0.28514783   1.46262371   4.66533931
    0.20171459]]
[[-13.73511383  13.50243298  -0.1114733    1.4618362    4.66631405
    0.20151073]]
[[-13.70299292  13.51604122   0.49399355   1.46012131   4.66695067
    0.20274831]]
[[-13.69997592  13.5425537    0.65607442   1.46871174   4.67210035
    0.20235823]]
[[-13.70901169  13.54260541   0.54176988   1.47445477   4.6749535
    0.20250401]]
[[-13.7303793   13.55256062   0.23756482   1.4837228    4.6800131
    0.20121021]]
[[-13.74911156  13.55962912   0.09957969   1.48961194   4.68450565
    0.20061162]]
[[-13.75205061  13.55875903   0.04378861   1.49015253   4.685374
    0.20036789]]
[[-13.75987594  13.54504894  -0.14052785   1.48917546   4.68511491
    0.20031551]]
[[-13.73363282  13.54597638   0.28679307   1.48116745   4.68311304
    0.20079857]]
[[-13.70270743  13.53927535   0.79009254   1.4704808    4.67964901
    0.20209706]]
[[-13.6825499   13.53599477   1.27825709   1.46469922   4.6818353
    0.20259221]]
[[-13.68332011  13.5473499    1.6894187    1.46899375   4.69236227
    0.20256151]]
[[-13.69530715  13.54936442   1.86128944   1.47386862   4.70428597
    0.20202977]]
[[-13.74289309  13.54506571   1.64681925   1.48619718   4.72508187
    0.20029077]]
[[-13.85157077  13.52785222   0.8335713    1.50405258   4.75776499
    0.19583439]]
[[-13.97517101  13.54025384  -0.07728365   1.53192657   4.79662045
    0.19158817]]
[[-14.07554793  13.54116331  -0.7647885    1.55303202   4.82866509
    0.18799286]]
[[-14.15574272  13.53502106  -1.12857662   1.5689467    4.85833783
    0.18565804]]
[[-14.16568166  13.52125778  -0.73796953   1.56489304   4.87333266
    0.18557419]]
[[-14.17640728  13.51937949  -0.11816966   1.5661144    4.89355132
    0.18541362]]
[[-14.21492358  13.54694853   0.10906001   1.58345535   4.91946129
    0.18324021]]
[[-14.24957264  13.56645602   0.17071782   1.59771178   4.93749803
    0.18211307]]
[[-14.27811802  13.57998774   0.04940669   1.60872571   4.95073003
    0.1807701 ]]
[[-14.33827143  13.59439283  -0.1541443    1.62848172   4.97731237
    0.17854309]]
[[-14.39567642  13.61039174  -0.60971477   1.64193848   4.99468845
    0.17611119]]
[[-14.45329416  13.631961    -0.826695     1.65933435   5.01815153
    0.17425608]]
[[-14.47866033  13.61815423  -0.68252609   1.65969442   5.03233699
    0.1744742 ]]
[[-14.48988954  13.62354184  -0.44819936   1.66259816   5.04461467
    0.17331176]]
[[-14.51242946  13.63847908  -0.29979466   1.67123312   5.05943515
    0.1725592 ]]
[[-14.53698662  13.63929589  -0.380961     1.67696387   5.06832106
    0.17190186]]
[[-14.55819563  13.63762371  -0.43951653   1.6825087    5.07721278
    0.17160619]]
[[-14.57040946  13.65736958  -0.44606755   1.68807117   5.08450554
    0.16970867]]
[[-14.58047178  13.65269013  -0.31185536   1.68994687   5.0909881
    0.17049164]]
[[-14.57703649  13.64162591  -0.13299585   1.6838915    5.09199838
    0.1697532 ]]
[[-14.38372606  13.54086775  -0.07952268   1.68208096   5.09050595
    0.19686355]]
[[-14.14359483  13.42687967  -0.18129427   1.69306281   5.09788103
    0.23344099]]
[[-13.94391799  13.32710289  -0.27050722   1.7017574    5.10174863
    0.26585797]]
[[-13.76435439  13.26156386  -0.15079033   1.70236707   5.09025465
    0.29069045]]
[[-13.58079016  13.22589478  -0.13937031   1.69428999   5.04968765
    0.31174202]]
[[-13.40245086  13.20321692  -0.30988524   1.67248848   4.98295963
    0.32771015]]
[[-13.30180613  13.20238733  -0.60519717   1.66744561   4.93833837
    0.33717468]]
[[-13.25580738  13.2037248   -1.04919599   1.67101984   4.9151331
    0.34304419]]
[[-13.22187039  13.1953669   -1.23177708   1.67443976   4.90886999
    0.34862371]]
[[-13.18576593  13.18682294  -1.09422816   1.6852124    4.92400407
    0.35552911]]
[[-13.2089583   13.20484931  -0.93333301   1.70146891   4.9475962
    0.35600093]]
[[-13.2128892   13.22865525  -0.38195941   1.71133033   4.97171024
    0.35587378]]
[[-13.29555214  13.28402253  -0.11997742   1.74432442   5.01279455
    0.35068196]]
[[-13.38204078  13.32314322  -0.13767002   1.7689845    5.05323214
    0.34507093]]
[[-13.46280128  13.35328567  -0.02496071   1.77848523   5.08337817
    0.33670515]]
[[-1.35084786e+01  1.33732883e+01 -3.79605850e-03  1.77767926e+00
   5.09032644e+00  3.31123621e-01]]
[[-13.51080017  13.39941235  -0.11452009   1.76201333   5.06525821
    0.32470816]]
[[-13.47571458  13.42426669  -0.19412313   1.73948157   5.02886319
    0.32071422]]
[[-13.40781317  13.41448345   0.15064082   1.71742009   5.01496598
    0.32293797]]
[[-13.3870763   13.40605453   0.78267196   1.69686373   5.0250637
    0.31934794]]
[[-13.38954302  13.40243441   1.57509445   1.68090335   5.05834544
    0.3128226 ]]
[[-13.45665531  13.41125166   2.21959504   1.67631986   5.1163617
    0.30339124]]
[[-13.55972494  13.43259673   2.65466461   1.68021426   5.18725759
    0.29453322]]
[[-13.6952971   13.47616412   2.46213873   1.69273439   5.25639611
    0.28784098]]
[[-13.87512172  13.5637549    1.88890145   1.72252764   5.32234957
    0.28074823]]
[[-14.04523387  13.65104069   1.10230652   1.75863082   5.3724548
    0.27369267]]
[[-14.18696318  13.74543213  -0.24070611   1.81358999   5.40240367
    0.27062032]]
[[-14.26161958  13.81296745  -1.45784123   1.84714589   5.39733085
    0.27066487]]
[[-14.17813882  13.80489883  -2.12760663   1.83380966   5.34875837
    0.28018223]]
[[-14.04005624  13.73459307  -2.44191027   1.79548533   5.28657871
    0.29375635]]
[[-13.83714091  13.6048093   -2.15260123   1.73453118   5.21637593
    0.31331266]]
[[-13.62405904  13.46856199  -1.1910513    1.66745323   5.16557356
    0.33140257]]
[[-13.53770373  13.4121907   -0.11009123   1.62527802   5.14502514
    0.33525971]]
[[-13.52534217  13.38050377   0.72902967   1.6033141    5.14146168
    0.3349119 ]]
[[-13.53525707  13.34733086   1.30825312   1.5923233    5.14989209
    0.33435752]]
[[-13.54967889  13.31579799   1.83773525   1.59561039   5.17362987
    0.33608144]]
[[-13.55239321  13.27105084   2.03516416   1.60570929   5.19894199
    0.34159444]]
[[-13.55564631  13.2303148    1.91916154   1.61856142   5.21579254
    0.34858675]]
[[-13.60617965  13.21636389   1.10733201   1.63635956   5.21553461
    0.35018013]]
[[-13.59233313  13.19976851   0.41662702   1.63389837   5.1837015
    0.35378101]]
[[-13.5584717   13.19653151  -0.2076388    1.62778139   5.14281503
    0.35721941]]
[[-13.55224623  13.18803664  -0.64216126   1.62885827   5.11726586
    0.36118742]]
[[-13.56437545  13.20684427  -0.98836258   1.64235735   5.10919583
    0.36177796]]
[[-13.5989178   13.21472046  -0.87939966   1.66053067   5.1278579
    0.36170368]]
[[-13.58603448  13.20241587  -0.34572607   1.66738374   5.15349941
    0.36390795]]
[[-13.62893797  13.21381467   0.12633786   1.68225743   5.19389851
    0.35933348]]
[[-13.69511005  13.24370016   0.45113673   1.70683959   5.24106234
    0.35264664]]
[[-13.81403171  13.31908999   0.54329895   1.75360747   5.29576138
    0.34306618]]
[[-13.95411141  13.41122904   0.1493156    1.81394955   5.34439098
    0.33347054]]
[[-14.07751479  13.51104294  -0.50124941   1.87395417   5.36947868
    0.32600923]]
[[-14.21639978  13.66156946  -1.48663158   1.94895638   5.37383497
    0.31635729]]
[[-14.29469033  13.77730243  -2.33709106   2.00554296   5.35197808
    0.31041783]]
[[-14.32025266  13.8486269   -2.69088693   2.04508245   5.32554903
    0.30932212]]
[[-14.28298555  13.86249156  -2.0146277    2.0524136    5.31601642
    0.30960688]]
[[-14.21566273  13.83527673  -0.77084713   2.05636726   5.34220629
    0.31553849]]
[[-14.12957768  13.79039046   0.78968479   2.04942595   5.38084725
    0.32237459]]
[[-14.03203783  13.7107613    1.92223069   2.03919436   5.41755057
    0.33335785]]
[[-13.98571045  13.65297134   2.2557716    2.04212719   5.45712361
    0.34151644]]
[[-14.04332219  13.64992148   1.66375419   2.06145274   5.49861088
    0.34116792]]
[[-14.18649529  13.67846208   0.78739303   2.09415      5.54582057
    0.33388621]]
[[-14.31696822  13.71990699   0.09374615   2.12569309   5.58376878
    0.32669828]]
[[-14.38977301  13.76550712  -0.33307575   2.15023913   5.60253228
    0.32186259]]
[[-14.39784508  13.776421    -0.60925549   2.15283243   5.59390715
    0.32115242]]
[[-14.38729749  13.79546791  -0.98890677   2.1514108    5.56827522
    0.3204163 ]]
[[-14.37426627  13.7923202   -1.12722567   2.14490112   5.55489823
    0.32004518]]
[[-14.32370423  13.73121511  -0.62990778   2.11603917   5.55574083
    0.32231268]]
[[-14.21253759  13.62114555   0.84582164   2.0589981    5.57691331
    0.32679296]]
[[-14.18368478  13.56997585   1.98288867   2.02328264   5.61834378
    0.32634692]]
[[-14.28629469  13.58941827   2.85069432   2.00378678   5.67562453
    0.31542071]]
[[-14.45757058  13.65458727   3.00575769   1.99677038   5.73385718
    0.30411214]]
[[-14.67209814  13.77467315   2.46886138   1.99083717   5.78405343
    0.29794867]]
[[-14.87493231  13.90390705   1.59770181   2.00386051   5.83059376
    0.3012065 ]]
[[-15.03355857  14.01405356   0.88917097   2.01308792   5.86250385
    0.30772313]]
[[-15.13878868  14.08310008   0.25772678   2.00234399   5.8783997
    0.32033568]]
[[-15.12298144  14.10525366  -0.09747546   1.94948619   5.84534903
    0.33757686]]
[[-15.02319152  14.0793208   -0.22725873   1.87770157   5.77894579
    0.35566523]]
[[-14.86089823  13.98730707  -0.41282899   1.79830683   5.70390878
    0.3796782 ]]
[[-14.7139428   13.90723936  -0.23069889   1.72206966   5.65220984
    0.39826514]]
[[-14.65044488  13.87338032   0.05841099   1.66107942   5.61590061
    0.40773854]]
[[-14.6576582   13.87414825   0.32687523   1.62099835   5.60020436
    0.40974673]]
[[-14.68579559  13.88404745   0.70153702   1.59175067   5.59410023
    0.40934642]]
[[-14.73362458  13.91066144   0.94762711   1.58337075   5.5985547
    0.40872494]]
[[-14.80655725  13.9619899    0.92333319   1.59978285   5.6131618
    0.40712437]]
[[-14.8804343   14.00861341   0.55263297   1.62865903   5.63312198
    0.40764334]]
[[-14.91017709  14.03093359   0.13507318   1.64759893   5.63876259
    0.41226236]]
[[-14.85986653  14.03918543  -0.15176241   1.64310189   5.60690476
    0.4205912 ]]
[[-14.77005282  14.04366067  -0.69029229   1.62683758   5.53964398
    0.43055121]]
[[-14.6147759   14.03978816  -1.31176501   1.60463139   5.44674435
    0.44510375]]
[[-14.42800546  14.02444321  -1.08442491   1.56945923   5.36534384
    0.45874737]]
[[-14.26166231  14.02601087  -0.05646359   1.52700645   5.29993449
    0.46608593]]
[[-14.16305568  14.03935069   0.88102699   1.49345607   5.25203843
    0.46773289]]
[[-14.15866951  14.08073501   1.53178237   1.48244577   5.23147089
    0.46177235]]
[[-14.18661749  14.11783234   1.65302948   1.48679299   5.22486708
    0.45721584]]
[[-14.24189121  14.1435821    0.7011699    1.51116304   5.22954035
    0.45631076]]
[[-14.30655296  14.17651989  -0.0816719    1.55048151   5.25440024
    0.45740087]]
[[-14.35260532  14.20706314  -0.58772982   1.58947111   5.28468036
    0.45960041]]
[[-14.39240106  14.25284643  -0.86686693   1.61885617   5.30208328
    0.45974027]]
[[-14.38926658  14.29593034  -1.01855626   1.6281692    5.2934359
    0.45971847]]
[[-14.35122212  14.32873407  -1.059834     1.61345832   5.25546482
    0.45787472]]
[[-14.3590832   14.36895192  -0.80480914   1.59423173   5.2297963
    0.44824964]]
[[-14.43995847  14.44465718  -0.4358777    1.58977721   5.23463224
    0.43145889]]
[[-14.51711582  14.50780597   0.16993855   1.58734609   5.25934435
    0.41544364]]
[[-14.56787955  14.51723288   1.15523554   1.57421156   5.30431587
    0.40346635]]
[[-14.60806016  14.51403775   2.28582664   1.56062562   5.36661434
    0.39430661]]
[[-14.67467633  14.52185285   3.19787474   1.56015736   5.44308256
    0.38348823]]
[[-14.79715079  14.533418     3.61258038   1.57299739   5.52898847
    0.37053265]]
[[-14.95145658  14.54588674   3.41818423   1.60516475   5.61801277
    0.36060005]]
[[-15.13654849  14.62505676   2.2582855    1.67789062   5.70101493
    0.35465992]]
[[-15.25238309  14.67182732   0.84491987   1.7379255    5.76021554
    0.35900357]]
[[-15.29604796  14.70127083  -0.29127283   1.76422851   5.78038222
    0.36703841]]
[[-15.26165172  14.70792485  -1.04900564   1.76600168   5.77158152
    0.37837688]]
[[-15.26582493  14.72737162  -1.4959388    1.76764438   5.76713353
    0.3824341 ]]
[[-15.26282785  14.72831388  -1.53082772   1.76377539   5.77226349
    0.38487686]]
[[-15.22112245  14.69460543  -0.87902829   1.73858844   5.77384488
    0.39009364]]
[[-1.51889712e+01  1.46658109e+01 -2.32219663e-03  1.70950569e+00
   5.76910895e+00  3.90787737e-01]]
[[-15.1680865   14.61532847   0.5465988    1.68488414   5.76263776
    0.39473573]]
[[-15.15843483  14.5608639    0.76949352   1.66759456   5.77023473
    0.4006262 ]]
[[-15.19740113  14.58025997   0.51724973   1.65959875   5.79262066
    0.4142382 ]]
[[-15.27136298  14.65845067   0.26065264   1.65990257   5.82076658
    0.42911482]]
[[-15.33513553  14.7407359   -0.07808509   1.65807767   5.82980689
    0.43967992]]
[[-15.33175504  14.79321561  -0.43477046   1.64296938   5.80139484
    0.45133173]]
[[-15.28982917  14.83594464  -0.98461746   1.61885138   5.73427213
    0.46198784]]
[[-15.19855492  14.87426639  -1.26012422   1.58577233   5.6477519
    0.47084105]]
[[-15.1042415   14.9073688   -1.06477877   1.5540833    5.57927021
    0.47687769]]
[[-15.01266493  14.94225     -0.20088753   1.52499461   5.52937791
    0.48086469]]
[[-14.95143146  14.98689124   0.76254262   1.50668959   5.49664434
    0.480316  ]]
[[-14.97293466  15.05763624   1.28312275   1.52029705   5.49501321
    0.47616671]]
[[-15.06616552  15.12665212   1.04370967   1.55439183   5.51465171
    0.46996875]]
[[-15.18186527  15.189194     0.64886766   1.59499251   5.5500666
    0.46287846]]
[[-15.33344198  15.26250049   0.09121784   1.64678692   5.59578322
    0.45265491]]
[[-15.48778175  15.35578851  -0.42792831   1.70151228   5.63509478
    0.44128028]]
[[-15.58081352  15.43367413  -0.96111003   1.74427215   5.64985077
    0.4354024 ]]
[[-15.63723801  15.51277166  -1.67281269   1.78082114   5.63690136
    0.43089065]]
[[-15.64983597  15.58027255  -2.28403341   1.80524102   5.59890725
    0.42876716]]
[[-15.65427843  15.64721294  -2.42975441   1.82869587   5.56703865
    0.42494171]]
[[-15.64462326  15.70233674  -2.07918059   1.85249943   5.55192076
    0.42258958]]
[[-15.58175812  15.71562963  -0.85041589   1.85856866   5.55769736
    0.42386575]]
[[-15.56022564  15.70192843   0.33095554   1.85156379   5.57975528
    0.41911955]]
[[-15.58553924  15.71159896   1.07135542   1.86557863   5.6214292
    0.4144673 ]]
[[-15.64019205  15.73830902   1.55887613   1.89397418   5.67942092
    0.40948152]]
[[-15.7317967   15.78006471   1.61169807   1.93806442   5.74543656
    0.4032598 ]]
[[-15.85993821  15.82354212   1.27189321   1.99322435   5.80911586
    0.39726494]]
[[-15.98878249  15.88127914   0.73496593   2.0495       5.86279736
    0.3901464 ]]
[[-16.08809984  15.90713933   0.03234619   2.09197474   5.89725298
    0.38645153]]
[[-16.16380286  15.92456024  -0.65710338   2.12214245   5.91133603
    0.3835145 ]]
[[-16.19041481  15.92742632  -1.20326925   2.14229589   5.90784525
    0.38526391]]
[[-16.12946722  15.88398032  -0.84337965   2.13143077   5.90819606
    0.3911651 ]]
[[-16.07463578  15.83918792  -0.288782     2.11438579   5.9211547
    0.39416924]]
[[-16.05982321  15.78434033   0.53548942   2.08500854   5.94858298
    0.39127856]]
[[-16.07742036  15.74586139   1.39722116   2.05763801   5.99102177
    0.38409848]]
[[-16.15729161  15.74632534   1.4730496    2.05796789   6.04484223
    0.37631755]]
[[-16.25930231  15.75311258   1.11519666   2.07709982   6.10392093
    0.37163527]]
[[-16.30131103  15.7352395    1.51155246   2.0828925    6.17005705
    0.37202331]]
[[-16.38124335  15.74958351   1.81707063   2.10282417   6.23501275
    0.36971387]]
[[-16.54238824  15.83178241   1.08058815   2.16599248   6.29457774
    0.36404373]]
[[-16.64808427  15.88312105   0.32099751   2.20980704   6.3277346
    0.36307013]]
[[-16.67643609  15.87427823  -0.25928815   2.21637771   6.32481991
    0.36589878]]
[[-16.61054328  15.80628171  -0.50437175   2.18160188   6.28718436
    0.37404468]]
[[-16.5133821   15.7068426   -0.47213565   2.13580806   6.2511456
    0.38387507]]
[[-16.36735604  15.55565544  -0.19585008   2.0666789    6.20433972
    0.39900804]]
[[-16.19637991  15.39803763   0.363911     1.989257     6.16815258
    0.41657243]]
[[-16.12155452  15.32785261   0.98868977   1.92353326   6.15741907
    0.42877705]]
[[-16.09045013  15.32436968   1.51565963   1.87638051   6.16140381
    0.4430101 ]]
[[-16.08211222  15.34613438   1.94505697   1.83771013   6.1692237
    0.45808293]]
[[-16.12252082  15.42151208   1.78140793   1.81968057   6.18665126
    0.47606726]]
[[-16.24530991  15.55994745   1.26327352   1.83237834   6.2089245
    0.48632455]]
[[-16.41176213  15.72385465   0.28068734   1.85843305   6.20937294
    0.48646321]]
[[-16.68443012  15.96900038  -0.6839162    1.87278009   6.16441036
    0.46105076]]
[[-16.72591032  16.0841811   -1.54450864   1.85500518   6.08317675
    0.45787791]]
[[-16.62111172  16.1090439   -1.92115252   1.81365887   5.99096515
    0.46757348]]
[[-16.47130387  16.09173913  -1.66948581   1.7674448    5.91942723
    0.47999909]]
[[-16.30761204  16.04966159  -0.91937274   1.70805997   5.85440786
    0.49170931]]
[[-1.61466968e+01  1.60105515e+01 -1.56999276e-02  1.66065247e+00
   5.80511531e+00  5.01672423e-01]]
[[-16.02778827  15.98575799   0.51809979   1.6383956    5.77570605
    0.51260379]]
[[-16.00483155  16.01509156   0.66685434   1.65159218   5.77213669
    0.51704416]]
[[-16.05083366  16.06982907   0.67132969   1.68043346   5.785514
    0.5165346 ]]
[[-16.13616211  16.14872288   0.50517706   1.71740604   5.80536515
    0.51137383]]
[[-16.23667399  16.21954012  -0.26660873   1.7600232    5.82588904
    0.5060729 ]]
[[-16.29503325  16.26359454  -1.2483637    1.79358362   5.82735931
    0.50626958]]
[[-16.28120984  16.29064148  -1.96355301   1.80529317   5.80004974
    0.51072366]]
[[-16.20306295  16.30843395  -2.46441908   1.79739001   5.74501804
    0.5160394 ]]
[[-16.09794327  16.33775536  -1.44574467   1.77826502   5.70559777
    0.51713722]]
[[-16.0395553   16.35283078  -0.27439102   1.75826766   5.6928405
    0.51318828]]
[[-16.01333723  16.37995048   1.17959856   1.73387001   5.70061488
    0.5030915 ]]
[[-16.04126508  16.42117674   2.30629188   1.7326244    5.7407217
    0.49132246]]
[[-16.21173391  16.48930476   2.63203728   1.75682196   5.80971801
    0.47080656]]
[[-16.42737662  16.56773091   2.294638     1.79741812   5.8901794
    0.44930197]]
[[-16.65047442  16.63168155   1.98865307   1.83467183   5.9781693
    0.42863199]]
[[-16.91808949  16.73509592   1.10950883   1.91099797   6.07644207
    0.40963713]]
[[-17.17565931  16.85483445   0.06074171   1.99168698   6.15825578
    0.39169964]]
[[-17.34414477  16.93420835  -0.8350399    2.04536131   6.21048878
    0.38018847]]
[[-17.40714659  16.98782461  -1.32030768   2.06832485   6.23236983
    0.37416832]]
[[-17.40035451  17.00239264  -1.28915477   2.06005294   6.2320425
    0.37108876]]
[[-17.35951952  16.98616457  -0.77067699   2.04174345   6.23813249
    0.37050829]]
[[-17.37545198  17.00079981  -0.34997223   2.04644798   6.26510521
    0.36709204]]
[[-17.42068447  17.0229428    0.22823809   2.06254394   6.30757824
    0.36183873]]
[[-17.47661922  17.03182108   0.64620807   2.08303601   6.35329127
    0.35857124]]
[[-17.55045364  17.0272423    0.72281607   2.10151065   6.39251428
    0.35534277]]
[[-17.59224524  16.99462153   0.80751824   2.10704753   6.4184114
    0.35579562]]
[[-17.64936861  16.95477637   0.86998941   2.11475361   6.45264924
    0.35620519]]
[[-17.73519134  16.9373521    0.7335014    2.1279464    6.48771544
    0.35394069]]
[[-17.80882141  16.91981628   0.53486224   2.13681013   6.51257532
    0.35183674]]
[[-17.79978468  16.87895952   0.36745275   2.12024908   6.4933642
    0.35584029]]
[[-17.74921811  16.85469525  -0.08265132   2.09834086   6.43773119
    0.36237911]]
[[-17.6555392   16.82759159  -0.53062997   2.06664381   6.36393956
    0.3702588 ]]
[[-17.53532611  16.75459972  -0.55677752   2.0162547    6.29929597
    0.380923  ]]
[[-17.43629349  16.67706186  -0.37198134   1.96325163   6.24822535
    0.38771493]]
[[-17.37317985  16.62381464  -0.19168224   1.92140136   6.2091577
    0.39117501]]
[[-17.32404771  16.58526048   0.05254275   1.8840575    6.17378659
    0.39286842]]
[[-17.30073035  16.55711149   0.18658781   1.85505463   6.14463401
    0.39214261]]
[[-17.25024896  16.50180975   0.57801426   1.81755357   6.11788916
    0.39433767]]
[[-17.22328027  16.48072332   0.87550256   1.79771429   6.10523731
    0.39367217]]
[[-17.2623432   16.49320083   0.55258158   1.80675274   6.10599813
    0.39145513]]
[[-17.3123004   16.49434585   0.13442984   1.81831925   6.11310519
    0.38854955]]
[[-17.33406554  16.48652701  -0.09986651   1.82083684   6.11635951
    0.38732029]]
[[-17.36346181  16.48176874  -0.32497636   1.82667247   6.122221
    0.38606787]]
[[-17.41521548  16.48209709  -0.43165386   1.83729123   6.13985414
    0.38282331]]
[[-17.43683652  16.45573854  -0.34084474   1.83551979   6.15350524
    0.3828005 ]]
[[-17.4161912   16.42570156   0.33331766   1.81881888   6.16269897
    0.38372279]]
[[-17.43513235  16.44611965   0.68206586   1.82499714   6.17807909
    0.38087675]]
[[-17.4638961   16.46163421   0.91127779   1.83672117   6.19772217
    0.37945856]]
[[-17.5055726   16.48729017   1.04738707   1.85432443   6.22134374
    0.37681532]]
[[-17.53657957  16.49020554   1.15807008   1.86560052   6.24269395
    0.37550428]]
[[-17.60059926  16.5043044    1.23478564   1.8867165    6.27628744
    0.37293102]]
[[-17.64536618  16.51236217   1.32260283   1.90298082   6.30413191
    0.37072752]]
[[-17.67554352  16.50948925   1.40327508   1.91219954   6.32420209
    0.36983462]]
[[-17.70161987  16.50389039   1.48010967   1.9174376    6.33888684
    0.36913361]]
[[-17.71775738  16.50152276   1.5415789    1.92023357   6.34919085
    0.36802346]]
[[-17.73010501  16.49766882   1.57970963   1.92223726   6.35614664
    0.3672663 ]]
[[-17.73433923  16.49198023   1.61329467   1.92291049   6.36119959
    0.36736384]]
[[-17.73315705  16.48556684  29.64894799   1.92321006   6.36547736
    0.36799872]]
[[-17.73877313  16.48309568  29.68071889   1.92339702   6.36846472
    0.36765179]]
[[-17.74340483  16.48071505  29.69198437   1.92402614   6.3711752
    0.36753147]]
[[-17.74500958  16.48080981  29.70615805   1.92470629   6.37274684
    0.36750714]]
[[-17.74174367  16.47813394  29.74151505   1.92494463   6.37447887
    0.36820709]]
[[-17.74209389  16.47686554  29.75598835   1.92469023   6.37501997
    0.36841394]]
[[-17.74106968  16.47747716  29.75005159   1.92569818   6.37600655
    0.36855376]]
[[-17.73881314  16.48031248  29.7620912    1.92652439   6.37687131
    0.36874984]]
[[-17.73947551  16.48062182  29.78101082   1.92682414   6.3773021
    0.36906431]]
[[-17.74487044  16.48157007  69.77617082   1.92693723   6.3771165
    0.36876906]]
[[-17.75174694  16.4879711   69.75904069   1.9281166    6.37764365
    0.36803211]]
[[-17.74624201  16.492718    69.77455387   1.92892155   6.37846451
    0.36807954]]
[[-17.75258439  16.49246986  69.78080235   1.92899387   6.3784979
    0.36811212]]
[[-17.75990516  16.49283289  69.75942168   1.92970165   6.37856083
    0.36798187]]
[[-17.75755811  16.50268789  69.75032849   1.93091859   6.37927305
    0.36742862]]
[[-17.7497248   16.50210814  69.75796737   1.93066508   6.37922004
    0.36797141]]
[[-18.03332419  16.62288907  66.51455992   1.94402503   6.38369239
    0.35448622]]
[[-18.7582253   17.30982151  61.91955265   1.8081528    6.41173603
    0.36716045]]
[[-19.9214015   18.48485143  51.52235263   1.74247609   6.39038627
    0.38283378]]
[[-18.87902164  18.21246709  47.8892714    1.83762868   5.93406891
    0.32882835]]
[[-16.94499359  16.56450464  47.23347049   2.00104919   5.43985854
    0.24032638]]
[[-15.50086267  15.37857816  46.54433273   2.1070191    5.05707105
    0.17448019]]
[[-14.1334301   14.26142002  46.49800923   2.0894771    4.64812833
    0.13530529]]
[[-12.14349673  12.47689456  46.30155322   1.85435945   3.9789843
    0.11270547]]
[[-10.00439842  10.49062563  45.53221816   1.53321177   3.2296326
    0.09713965]]
[[-7.92898025  8.5598985  44.51736242  1.20389669  2.50339033  0.08505478]]
[[-6.15265952  6.91707492 43.55294571  0.91707871  1.88680865  0.07542413]]
[[-4.65680337  5.52445497 42.72640542  0.67051094  1.36679674  0.06821793]]
[[-3.35969677  4.23304058 42.02869967  0.47989812  0.94330276  0.05649088]]
[[-2.48451266  3.35357097 41.57853034  0.35015527  0.65738781  0.04830558]]
[[-1.89790739  2.77609514 41.2778218   0.26475185  0.46790869  0.04289796]]
[[-1.49334976e+00  2.37372081e+00  4.10672664e+01  2.05687073e-01
   3.36878671e-01  3.92918607e-02]]
[[-1.20881638e+00  2.09529585e+00  4.09399537e+01  1.64080094e-01
   2.46536238e-01  3.66352486e-02]]
[[-1.00862623e+00  1.92325796e+00  4.08095189e+01  1.38200147e-01
   1.84674447e-01  3.46916333e-02]]
[[-8.76838350e-01  1.79601242e+00  4.07370635e+01  1.19680015e-01
   1.43130100e-01  3.35612363e-02]]
[[-7.81401729e-01  1.71045757e+00  4.06933934e+01  1.06264492e-01
   1.15192337e-01  3.26777953e-02]]
[[-7.08354230e-01  1.65291931e+00  4.06495380e+01  9.74928221e-02
   9.46989022e-02  3.21186169e-02]]
[[-6.57264376e-01  1.59851045e+00  4.06403608e+01  8.81956819e-02
   8.11282862e-02  3.17208334e-02]]
[[-6.18224033e-01  1.59199276e+00  4.05859302e+01  8.75994718e-02
   7.21287712e-02  3.13283189e-02]]
[[-5.94543691e-01  1.57654696e+00  4.05467802e+01  8.57512234e-02
   6.61486878e-02  3.09646792e-02]]
[[-5.67234257e-01  1.55667373e+00  4.05204026e+01  8.19446953e-02
   6.11199291e-02  3.09396219e-02]]
[[-5.47758472e-01  1.55256166e+00  4.05037327e+01  8.17851177e-02
   5.83032163e-02  3.07697121e-02]]
[[-5.36958672e-01  1.54719462e+00  4.04864683e+01  8.16553020e-02
   5.72699617e-02  3.05288699e-02]]
[[-4.60470152e-01  1.38578303e+00  4.05642159e+01  8.63434389e-02
   5.46443945e-02  2.57959651e-02]]
[[-3.56053319e-01  1.11304748e+00  4.06785754e+01  9.31170542e-02
   5.23601775e-02  1.84936001e-02]]
[[-2.83882380e-01  9.38096759e-01  4.07376136e+01  9.71845167e-02
   4.99785499e-02  1.38710946e-02]]
[[-2.35383292e-01  8.11305598e-01  4.07952072e+01  1.00168783e-01
   4.96750065e-02  1.05000538e-02]]
[[-1.98400270e-01  7.31063886e-01  4.08125250e+01  1.02286796e-01
   4.85869762e-02  8.27225162e-03]]
[[-1.69779100e-01  6.69645335e-01  4.08263609e+01  1.03125787e-01
   4.76833703e-02  6.80422264e-03]]
[[-1.55132677e-01  6.36062740e-01  4.08228982e+01  1.05431887e-01
   4.85670069e-02  5.72640750e-03]]
[[-0.13547467  0.60828925  0.82525858  0.10559442  0.04773004  0.00503946]]
[[-0.12767743  0.58942167  0.82008862  0.10616632  0.04844269  0.00452272]]
[[-0.11320563  0.57960709  0.81290078  0.10678567  0.04790572  0.00422305]]
[[-0.10598758  0.57345515  0.79853104  0.10748651  0.04824528  0.0039757 ]]
[[-0.09931418  0.56314308  0.79554221  0.1071624   0.04808868  0.00380924]]
[[-0.09253601  0.56393122  0.78421819  0.10763275  0.0481122   0.00374145]]
[[-0.08939103  0.55730059  0.78581896  0.10744422  0.04896684  0.00357134]]
[[-0.08368603  0.5582637   0.77232844  0.10793784  0.04908057  0.00351855]]
[[-0.07413344  0.54422364  0.7660068   0.10892426  0.04870134  0.00306405]]
[[-0.06751985  0.52217396  0.78454557  0.10855717  0.04884865  0.00272683]]
[[-0.06052411  0.51826612  0.75420069  0.10980996  0.04858876  0.00247949]]
[[-0.05820907  0.50634955  0.77410159  0.10972798  0.04967024  0.00224268]]
[[-0.04789574  0.50364146  0.75869181  0.10980752  0.04885602  0.0021559 ]]
[[-0.04577666  0.50544451  0.73859867  0.11078086  0.04899816  0.00203708]]
[[-0.04472586  0.4997898   0.75565109  0.11061093  0.04962237  0.00195982]]
[[-0.03968991  0.49512626  0.75036035  0.11010907  0.04928732  0.00190301]]
[[-0.03639848  0.49746315  0.74221464  0.11052543  0.0493923   0.00188854]]
[[-0.03139955  0.50122374  0.73721629  0.11103567  0.04944242  0.00191115]]
[[-0.02882058  0.49948169  0.7451004   0.11094923  0.04980079  0.00187367]]
[[-0.03052503  0.49693811  0.75879721  0.11024103  0.05041212  0.00184101]]
[[-0.02151649  0.50802052  0.72698828  0.1114165   0.04933548  0.00187881]]
[[-0.02270473  0.50687828  0.7346761   0.11121483  0.04997969  0.00186269]]
[[-0.01867282  0.50368658  0.74597744  0.11052397  0.05012438  0.00188065]]
[[-0.01698871  0.50584038  0.74211899  0.11113508  0.05022712  0.00184321]]
[[-0.01442626  0.5081046   0.74338866  0.11147849  0.05032426  0.00178454]]
[[-0.01084123  0.50746406  0.74768689  0.11108202  0.05016034  0.00171923]]
[[-0.0082096   0.50892015  0.74653247  0.11102826  0.04988686  0.00171707]]
[[-0.0113235   0.51051498  0.74891922  0.11131216  0.05041906  0.00170288]]
[[-0.00602469  0.51464084  0.74591611  0.11154582  0.05017335  0.00174277]]
[[-0.00225522  0.51115331  0.75627027  0.11117725  0.04995948  0.00174286]]
[[-0.00371353  0.51188206  0.76172479  0.11120329  0.05056425  0.00163711]]
[[0.00307065 0.51504174 0.75120462 0.11136672 0.04992789 0.00161976]]
[[0.0048058  0.51460287 0.7595013  0.11124344 0.0500226  0.00160364]]
[[0.00705196 0.5141634  0.76177469 0.11112385 0.04992032 0.00162186]]
[[0.00673986 0.5139034  0.76454232 0.11135227 0.05014805 0.00157991]]
[[0.01135534 0.51561433 0.77121568 0.11128359 0.0499608  0.00163269]]
[[0.00707772 0.51799096 0.78541869 0.11144303 0.05066383 0.00155636]]
[[0.01714554 0.52104662 0.77636245 0.11124835 0.04943905 0.00157799]]
[[0.01776029 0.52527832 0.78643612 0.11144037 0.04976833 0.00153789]]
[[0.01488494 0.52227459 0.79717074 0.11111671 0.0502019  0.00160072]]
[[0.01992082 0.52542775 0.800917   0.11109867 0.04966567 0.0016409 ]]
[[0.01992841 0.52708085 0.81474939 0.11118551 0.05044823 0.00161188]]
[[0.02715181 0.5256665  0.8186201  0.11061834 0.04985384 0.00172864]]
[[0.02521579 0.52771487 0.82990207 0.11100075 0.05033245 0.00166592]]
[[0.0330039  0.52556347 0.83050413 0.11055032 0.04943555 0.00176394]]
[[0.03056277 0.52938804 0.83611529 0.11111147 0.05009339 0.00171295]]
[[0.03201664 0.52782338 0.84686245 0.11061023 0.0501094  0.00173892]]
[[0.03554005 0.53247918 0.84634494 0.11078006 0.049545   0.00174651]]
[[0.03532095 0.53503705 0.84764849 0.11108721 0.04964665 0.00171462]]
[[0.03533098 0.53136463 0.86082571 0.11031371 0.04944437 0.00182313]]
[[0.03556396 0.53458366 0.86812242 0.11063061 0.05008482 0.00179048]]
[[0.04059104 0.53795363 0.86635551 0.11082184 0.04924089 0.00181628]]
[[0.0387749  0.53803033 0.87622515 0.11085981 0.04962258 0.00177753]]
[[0.04044292 0.53494338 0.88685946 0.11021145 0.04943673 0.00175153]]
[[0.04149129 0.53832339 0.88893245 0.11051911 0.04947564 0.0016806 ]]
[[0.04380185 0.54268115 0.88741647 0.11083777 0.04901673 0.00163967]]
[[0.04222552 0.54005909 0.89998837 0.11043758 0.04921664 0.00158322]]
[[0.04245138 0.53955481 0.91113477 0.11002234 0.04935493 0.0016161 ]]
[[0.0446939  0.54534722 0.90693044 0.1104915  0.04886152 0.00163219]]
[[0.0468651  0.54772742 0.91281149 0.1106112  0.04879388 0.00160111]]
[[0.04661989 0.54401781 0.93105002 0.10989304 0.04894825 0.0015865 ]]
[[0.04710427 0.54515753 0.93494156 0.10999763 0.04895708 0.00159168]]
[[0.04820107 0.54963222 0.93605532 0.1102704  0.04863361 0.00153171]]
[[0.04919811 0.55084763 0.94003072 0.11024879 0.04853291 0.00154208]]
[[0.04933826 0.55234998 0.94984517 0.10994021 0.04847859 0.00146561]]
[[0.04859772 0.55402455 0.95853867 0.10998354 0.0487351  0.00149039]]
[[0.0539245  0.55695343 0.95599688 0.11001662 0.04807814 0.00154553]]
[[0.05316916 0.55757533 0.967075   0.10984733 0.04832995 0.00153614]]
[[0.05507375 0.55779286 0.9742212  0.10954518 0.04800671 0.00153921]]
[[0.05349515 0.56118043 0.97979608 0.10969957 0.04821986 0.00157893]]
[[0.05585927 0.56239347 0.98530483 0.10943919 0.04782918 0.00163072]]
[[0.05474838 0.56607881 0.98669323 0.10969999 0.04797544 0.00154413]]
[[0.05758696 0.56710116 0.9945139  0.10947038 0.04760053 0.00160882]]
[[0.05610267 0.5656485  1.00593275 0.10928172 0.04795939 0.00154713]]
[[0.05817559 0.56990526 1.00467851 0.10950781 0.04761988 0.00158672]]
[[0.05694304 0.57917178 1.00817963 0.11045691 0.04825673 0.00151509]]
[[0.06655634 0.57773025 1.02055988 0.10973832 0.0472037  0.00159685]]
[[0.06430529 0.57220752 1.03641295 0.10922604 0.04794141 0.00154844]]
[[0.06761443 0.57620721 1.03219716 0.10971803 0.04720683 0.00157944]]
[[0.06815356 0.57700896 1.03602788 0.10981502 0.04713827 0.00157167]]
[[0.06447729 0.57377078 1.05082491 0.10935149 0.04754919 0.00151495]]
[[0.06878689 0.57705303 1.05441046 0.10923029 0.04719187 0.00153503]]
[[0.07062258 0.58194053 1.04790674 0.10969232 0.04686272 0.00157116]]
[[0.07187922 0.58024988 1.0585418  0.10920688 0.04664349 0.00158127]]
[[0.06976552 0.58038315 1.06786378 0.10892983 0.0469875  0.00149987]]
[[0.0757186  0.58388862 1.06511094 0.10919137 0.04642507 0.0015461 ]]
[[0.07126216 0.58689812 1.07493821 0.1093736  0.04672519 0.00148562]]
[[0.06999286 0.58405584 1.08937675 0.10879888 0.04652903 0.0014613 ]]
[[0.0693789  0.58832751 1.09695918 0.109065   0.04704241 0.00141366]]
[[0.07977119 0.59344734 1.08664303 0.10908922 0.04551742 0.00153786]]
[[0.07336337 0.59345489 1.10536486 0.10922706 0.04690341 0.00148202]]
[[0.08027969 0.59458561 1.10621646 0.10872987 0.04576632 0.0014949 ]]
[[0.07800939 0.59984079 1.11084293 0.10919762 0.04625378 0.00141171]]
[[0.08117101 0.59770018 1.11762226 0.10886367 0.04569094 0.00148038]]
[[0.08218317 0.5990042  1.11889854 0.10894238 0.04574687 0.00144098]]
[[0.08131194 0.59955092 1.13284701 0.10884674 0.0458019  0.00144706]]
[[0.08386788 0.5989595  1.13853597 0.10872556 0.04556321 0.00149853]]
[[0.08538892 0.59933309 1.14425461 0.10880704 0.04550092 0.00154193]]
[[0.08667565 0.60167416 1.14638892 0.10889777 0.04529389 0.00151247]]
[[0.0877823  0.6028722  1.1528188  0.10886717 0.04539105 0.00148981]]
[[0.08772719 0.60200502 1.16308126 0.10845664 0.04529778 0.00151292]]
[[0.08679992 0.6073818  1.1646603  0.10887262 0.0453303  0.00150068]]
[[0.08893884 0.61123859 1.16752576 0.10903927 0.04502924 0.00155022]]
[[0.09497221 0.60365081 1.18425405 0.10778688 0.04439819 0.00153583]]
[[0.08834102 0.60896597 1.18572221 0.1085757  0.0452357  0.00139509]]
[[0.09420165 0.61512102 1.18310009 0.10880782 0.04429971 0.00144034]]
[[0.08901343 0.61243265 1.19370846 0.10876004 0.04481168 0.00149204]]
[[0.0862787  0.61106862 1.20972246 0.108188   0.0451034  0.00151117]]
[[0.091296   0.61334784 1.2043281  0.10841227 0.04449353 0.00162003]]
[[0.09035621 0.61518283 1.20403677 0.10896744 0.04460997 0.00153574]]
[[0.09304979 0.61161732 1.214867   0.1080972  0.0441375  0.00157334]]
[[0.09111522 0.61390272 1.221946   0.10817182 0.04456046 0.0015523 ]]
[[0.09312338 0.61666319 1.2215043  0.10847203 0.04423722 0.00154769]]
[[0.09318389 0.61748879 1.22945799 0.10819911 0.0441631  0.00155974]]
[[0.09353778 0.61562599 1.23613167 0.10798354 0.04420081 0.00153783]]
[[0.0974134  0.61871533 1.23561359 0.10811239 0.04390243 0.00153354]]
[[0.09544514 0.61976859 1.23797753 0.10823951 0.04404507 0.0015776 ]]
[[0.09807499 0.61804443 1.24473    0.10791255 0.04370142 0.00158886]]
[[0.09509209 0.6193048  1.2483605  0.10818475 0.04385054 0.00153167]]
[[0.09500502 0.6183075  1.25587802 0.10785388 0.04370188 0.00153496]]
[[0.09548127 0.61998208 1.25962317 0.10794162 0.04351955 0.00156032]]
[[0.09716658 0.6240165  1.25987203 0.10823704 0.04343491 0.0015386 ]]
[[0.09800171 0.62128434 1.27189529 0.10773687 0.04340354 0.00154751]]
[[0.09781041 0.61993412 1.27514374 0.10773021 0.04342161 0.00155699]]
[[0.09959641 0.62540156 1.27239104 0.10806841 0.04303351 0.0016288 ]]
[[0.09811426 0.62461765 1.27455497 0.1079506  0.04312987 0.00161073]]
[[0.10067596 0.6243728  1.28476642 0.10740759 0.04304594 0.00163413]]
[[0.09694303 0.628022   1.28650874 0.10757133 0.04324764 0.00155817]]
[[0.09923115 0.63100797 1.28089186 0.10793883 0.0429443  0.00158538]]
[[0.09962191 0.62828937 1.29346521 0.10739765 0.04286826 0.00162509]]
[[0.10115748 0.62806336 1.29833393 0.10725431 0.04290196 0.00161315]]
[[0.10454233 0.63285798 1.29422768 0.10746948 0.04248581 0.00161534]]
[[0.10267477 0.63311329 1.30182306 0.10742073 0.0428159  0.00153367]]
[[0.1033606  0.63032517 1.30707103 0.10719712 0.04288881 0.00157493]]
[[0.10410241 0.63351748 1.30965379 0.10729941 0.04256142 0.00154641]]
[[0.10268765 0.63845849 1.3094492  0.10761365 0.04283001 0.00150433]]
[[0.10798585 0.63780202 1.31650875 0.10702213 0.04227062 0.0015311 ]]
[[0.10354506 0.63586349 1.3301375  0.106969   0.0428758  0.00147399]]
[[0.10726326 0.63995947 1.32519448 0.10712493 0.04229429 0.00146403]]
[[0.10453259 0.63905231 1.33119266 0.10705963 0.04246001 0.00143076]]
[[0.10660874 0.63665709 1.33893798 0.10682986 0.04239546 0.00145476]]
[[0.10550055 0.63749885 1.3413178  0.10702735 0.04248822 0.00140817]]
[[0.10590124 0.63884952 1.34532878 0.10689115 0.04223971 0.00145853]]
[[0.10714082 0.63729023 1.35075466 0.10663726 0.04216103 0.00145651]]
[[0.10597767 0.63760954 1.35054226 0.10682266 0.04213573 0.00146546]]
[[0.10593291 0.63642275 1.35317908 0.10684424 0.04187938 0.0014819 ]]
[[0.10737168 0.63460493 1.36308131 0.10641489 0.04199275 0.00142973]]
[[0.10777277 0.63430826 1.36649993 0.10645306 0.04189755 0.00139196]]
[[0.10898762 0.63898677 1.36206006 0.1068062  0.04182756 0.00142822]]
[[0.10911922 0.63225157 1.3766148  0.10615768 0.0417786  0.00151575]]
[[0.10812534 0.63296772 1.37983834 0.10616832 0.04190816 0.00147826]]
[[0.11127311 0.63627757 1.37148346 0.10671251 0.04165955 0.00150359]]
[[0.11172988 0.63396825 1.38334426 0.10625417 0.04172145 0.00148953]]
[[0.1120863  0.63196513 1.38987241 0.10585457 0.04167608 0.00151989]]
[[0.11552123 0.63724577 1.38400507 0.10644367 0.04146615 0.00150877]]
[[0.11580255 0.63722224 1.38733748 0.10637935 0.04123899 0.00147118]]
[[0.11412149 0.63251913 1.40111686 0.10567515 0.04152723 0.00145232]]
[[0.11872913 0.63536277 1.39994306 0.10594144 0.04113938 0.00148828]]
[[0.11854563 0.64207082 1.39540902 0.10642079 0.041094   0.00146236]]
[[1.17365914e-01 6.35516564e-01 1.41311571e+00 1.05438633e-01
  4.10732007e-02 1.41036792e-03]]
[[0.11553037 0.63488652 1.41872283 0.10542586 0.04123348 0.00146778]]
[[0.1171264  0.64221436 1.41063053 0.10615901 0.04094933 0.00145948]]
[[0.12007439 0.64398121 1.41573272 0.10590601 0.04069518 0.00150117]]
[[0.11721569 0.64119053 1.43164095 0.10529586 0.04105539 0.00152282]]
[[0.11769259 0.64559734 1.43370963 0.10547752 0.04080242 0.0015207 ]]
[[0.11863883 0.64973276 1.43117363 0.1059991  0.04072975 0.00149945]]
[[0.11988912 0.64651972 1.44009449 0.10547361 0.04060574 0.00154503]]
[[0.12211847 0.64413163 1.4475204  0.1052955  0.04064087 0.00155946]]
[[0.12146447 0.64752357 1.44777114 0.10555764 0.04053687 0.00153917]]
[[0.12293815 0.64753786 1.45008355 0.10550574 0.0402758  0.00159025]]
[[0.12138927 0.64626634 1.45996943 0.10532564 0.04063808 0.00157947]]
[[0.12424581 0.64673908 1.46507766 0.10522199 0.04033463 0.00160513]]
[[0.12388337 0.64806835 1.46655832 0.10541336 0.04053455 0.00163013]]
[[0.12584549 0.6469748  1.46874323 0.10529295 0.04022872 0.00161917]]
[[0.12647932 0.6484171  1.4707335  0.10534426 0.04026985 0.00156847]]
[[0.12443799 0.64834933 1.47580445 0.10512815 0.04023904 0.00156107]]
[[0.12232533 0.64668866 1.4831493  0.1050624  0.04032388 0.00152494]]
[[0.12450048 0.65038448 1.47909588 0.1052433  0.03992911 0.00154683]]
[[0.12359764 0.65169633 1.48314894 0.10522563 0.04000157 0.00150207]]
[[0.1242445  0.65066864 1.49066161 0.10491563 0.04000304 0.00157064]]
[[0.12613769 0.65211838 1.49029351 0.10506775 0.03992887 0.00160422]]
[[0.12630003 0.65534576 1.48880093 0.10533933 0.03973625 0.00158585]]
[[0.12567905 0.65456181 1.49774153 0.10495332 0.03983647 0.00157599]]
[[0.12330701 0.65422642 1.5040589  0.10468628 0.04011165 0.0015791 ]]
[[0.12636379 0.65974139 1.49575161 0.10510349 0.03961766 0.00159684]]
[[0.12650475 0.66167448 1.49775596 0.10518295 0.03967072 0.00156712]]
[[0.12348232 0.65572838 1.51106443 0.10445266 0.039839   0.00161264]]
[[0.12437702 0.65857831 1.51157225 0.10481259 0.04002833 0.0016191 ]]
[[0.12830884 0.66491692 1.50466908 0.10529308 0.03948524 0.00162641]]
[[0.12899895 0.66094679 1.51426694 0.1047963  0.03963187 0.00166669]]
[[0.12756357 0.65780691 1.52397486 0.10453136 0.04007495 0.00170153]]
[[0.12934576 0.66425677 1.50952133 0.10529065 0.03957712 0.00162702]]
[[0.13019687 0.66332258 1.51575262 0.10502781 0.03942268 0.00172189]]
[[0.12830605 0.65845604 1.53199788 0.10437806 0.03997897 0.00168539]]
[[0.13135953 0.6640499  1.52624506 0.10479451 0.03933462 0.00169407]]
[[0.13031505 0.66557766 1.52546094 0.10520212 0.03944967 0.00169652]]
[[0.13258575 0.65994607 1.53424739 0.10443901 0.03916485 0.00173295]]
[[0.12968846 0.6616113  1.53954373 0.10477482 0.03985761 0.00163155]]
[[0.13368074 0.66409212 1.53836202 0.10497083 0.03943978 0.00168041]]
[[0.13469238 0.66625989 1.54396761 0.10480688 0.03964108 0.00169262]]
[[0.13467698 0.66800272 1.55169734 0.10448615 0.03958769 0.00171548]]
[[0.13318383 0.66982342 1.55065165 0.10475517 0.03974997 0.00168907]]
[[0.13465422 0.67281724 1.55148896 0.10479441 0.03946933 0.00166582]]
[[0.13841643 0.6734318  1.55735932 0.10465384 0.03946273 0.00169322]]
[[0.1351861  0.67238015 1.56828229 0.10455729 0.03971295 0.00159924]]
[[0.13781126 0.67420634 1.57194005 0.10459096 0.03962974 0.00157724]]
[[1.40035077e-01 6.71654038e-01 1.57338261e+00 1.04641745e-01
  3.96857915e-02 1.52516720e-03]]
[[0.1410907  0.67225691 1.57682218 0.10455194 0.03943004 0.00160505]]
[[1.39453894e-01 6.74534053e-01 1.58182620e+00 1.04745470e-01
  3.99304144e-02 1.52239861e-03]]
[[1.40211758e-01 6.72766814e-01 1.58782191e+00 1.04249607e-01
  3.94305042e-02 1.51856117e-03]]
[[1.39592032e-01 6.73489962e-01 1.58850165e+00 1.04523027e-01
  3.96108442e-02 1.47759437e-03]]
[[1.43660754e-01 6.75953077e-01 1.58357585e+00 1.04664993e-01
  3.91302265e-02 1.57757579e-03]]
[[1.39478358e-01 6.71535701e-01 1.59303572e+00 1.04639726e-01
  3.95579496e-02 1.54330517e-03]]
[[1.41677817e-01 6.70016768e-01 1.60047409e+00 1.04105883e-01
  3.94623519e-02 1.55709976e-03]]
[[1.41176101e-01 6.73897241e-01 1.59677092e+00 1.04550802e-01
  3.92283723e-02 1.50353795e-03]]
[[1.42123121e-01 6.74789606e-01 1.60156945e+00 1.04588739e-01
  3.93189519e-02 1.52800615e-03]]
[[1.43070030e-01 6.72440419e-01 1.61529985e+00 1.03940762e-01
  3.95634712e-02 1.51914852e-03]]
[[1.46828389e-01 6.73640263e-01 1.61306109e+00 1.04169755e-01
  3.94866006e-02 1.51236771e-03]]
[[1.50312673e-01 6.76829783e-01 1.61040748e+00 1.04622106e-01
  3.93181812e-02 1.54328740e-03]]
[[1.48526132e-01 6.74965290e-01 1.61855900e+00 1.04166624e-01
  3.94385905e-02 1.57953906e-03]]
[[1.48933929e-01 6.70641824e-01 1.63030220e+00 1.03633235e-01
  3.95451082e-02 1.53731098e-03]]
[[1.50783324e-01 6.74973817e-01 1.62292479e+00 1.04093953e-01
  3.92005437e-02 1.50591548e-03]]
[[1.51522448e-01 6.76989607e-01 1.62435825e+00 1.04202785e-01
  3.91300022e-02 1.43236532e-03]]
[[1.49839261e-01 6.74321310e-01 1.63139807e+00 1.03796526e-01
  3.90888393e-02 1.44004967e-03]]
[[1.48093315e-01 6.75763815e-01 1.63186563e+00 1.03867765e-01
  3.92848077e-02 1.41157006e-03]]
[[1.53148959e-01 6.77006078e-01 1.63636870e+00 1.03746169e-01
  3.90038003e-02 1.49631931e-03]]
[[1.54862095e-01 6.81173235e-01 1.64155993e+00 1.03953848e-01
  3.91154264e-02 1.48168796e-03]]
[[1.54252550e-01 6.82787224e-01 1.64698659e+00 1.03740296e-01
  3.91312309e-02 1.54473434e-03]]
[[1.55147927e-01 6.79998841e-01 1.65128653e+00 1.03554091e-01
  3.90350595e-02 1.55552460e-03]]
[[1.55722641e-01 6.83929940e-01 1.64870751e+00 1.03877100e-01
  3.90542151e-02 1.54971515e-03]]
[[1.57817421e-01 6.83796942e-01 1.65205202e+00 1.03692671e-01
  3.87845038e-02 1.59005639e-03]]
[[1.55251057e-01 6.80762375e-01 1.66246880e+00 1.03437416e-01
  3.92630333e-02 1.60054641e-03]]
[[1.56223790e-01 6.81452835e-01 1.66265430e+00 1.03389498e-01
  3.92542980e-02 1.64891304e-03]]
[[1.58950297e-01 6.86803239e-01 1.66001495e+00 1.03620725e-01
  3.89705799e-02 1.65792237e-03]]
[[0.15820561 0.68874692 1.66126364 0.10358055 0.03880544 0.00166274]]
[[1.58681973e-01 6.87958553e-01 1.66408928e+00 1.03514427e-01
  3.87782130e-02 1.63609203e-03]]
[[0.15773343 0.68903184 1.66832586 0.10356294 0.03889381 0.00167319]]
[[0.15905178 0.6929988  1.66340338 0.10372135 0.03869786 0.00168855]]
[[0.16161621 0.69545183 1.66506373 0.10382185 0.03848116 0.00168518]]
[[0.16219947 0.69303854 1.66814445 0.10353516 0.03843015 0.00171099]]
[[0.15891096 0.69146545 1.67198697 0.10359727 0.0386641  0.00167304]]
[[0.1610977  0.69408221 1.66900204 0.10368341 0.03826115 0.0017142 ]]
[[0.15963702 0.69549891 1.6731623  0.10372244 0.03827889 0.00169938]]
[[ 1.56269302e-01  6.94544232e-01 -2.83171452e+01  1.03423146e-01
   3.87080873e-02  1.64843859e-03]]
[[ 1.56690285e-01  6.99623175e-01 -2.83220061e+01  1.03698021e-01
   3.83951525e-02  1.62765500e-03]]
[[ 1.57511112e-01  7.03872723e-01 -2.83287399e+01  1.03910535e-01
   3.80573074e-02  1.63771167e-03]]
[[ 1.54981225e-01  6.99523662e-01 -2.83185928e+01  1.03484514e-01
   3.81324202e-02  1.58331179e-03]]
[[ 1.52287327e-01  6.97532373e-01 -2.83120641e+01  1.03306058e-01
   3.84013610e-02  1.52627871e-03]]
[[ 1.51974746e-01  6.96478123e-01 -2.83179514e+01  1.03420455e-01
   3.80875078e-02  1.63271838e-03]]
[[ 1.52389269e-01  7.00989469e-01 -2.83219171e+01  1.03946337e-01
   3.80627760e-02  1.65068807e-03]]
[[ 1.49750187e-01  7.01686991e-01 -2.83115058e+01  1.04034984e-01
   3.82340312e-02  1.63628470e-03]]
[[ 1.48916697e-01  7.05361436e-01 -2.83254117e+01  1.05106298e-01
   3.78249787e-02  1.71160656e-03]]
[[ 1.49431162e-01  6.97991265e-01 -2.82983288e+01  1.03498453e-01
   3.81219256e-02  1.80451568e-03]]
[[ 1.43975274e-01  6.97172933e-01 -2.83011293e+01  1.04495766e-01
   3.84480292e-02  1.85508833e-03]]
[[ 1.44509995e-01  6.95063553e-01 -2.82960712e+01  1.03391648e-01
   3.82667105e-02  2.08417158e-03]]
[[ 1.40004124e-01  6.96818428e-01 -2.83015105e+01  1.05008022e-01
   3.83947777e-02  2.04117635e-03]]
[[ 1.40757537e-01  7.09300757e-01 -2.83154782e+01  1.06955288e-01
   3.82972406e-02  2.06461402e-03]]
[[ 1.41288290e-01  6.97591884e-01 -2.82803525e+01  1.04440558e-01
   3.84025933e-02  2.16824808e-03]]
[[ 1.35620742e-01  7.00991475e-01 -2.82856295e+01  1.05123145e-01
   3.86740825e-02  2.13771957e-03]]
[[ 1.38144384e-01  7.08946511e-01 -2.83085528e+01  1.06204925e-01
   3.81885206e-02  2.22258562e-03]]
[[ 1.35021470e-01  7.19437228e-01 -2.83162012e+01  1.08223749e-01
   3.85544057e-02  2.20696523e-03]]
[[ 1.34497987e-01  7.15399743e-01 -2.83154135e+01  1.08007068e-01
   3.83445288e-02  2.18549362e-03]]
[[ 1.29367239e-01  7.21812114e-01 -2.83283081e+01  1.09108144e-01
   3.87389066e-02  2.10519152e-03]]
[[ 1.31869235e-01  7.19576879e-01 -2.83192522e+01  1.07915355e-01
   3.83085563e-02  2.07908449e-03]]
[[ 1.24340560e-01  7.29120498e-01 -2.83372661e+01  1.10515486e-01
   3.91546432e-02  1.83133029e-03]]
[[ 1.21781918e-01  7.38961912e-01 -2.83627490e+01  1.12884252e-01
   3.90179999e-02  1.70874873e-03]]
[[ 1.17230978e-01  7.38486267e-01 -2.83506244e+01  1.12513757e-01
   3.95324959e-02  1.63561127e-03]]
[[ 1.20095412e-01  7.37174237e-01 -2.83560092e+01  1.12062566e-01
   3.87180150e-02  1.57499591e-03]]
[[ 1.16955801e-01  7.38972679e-01 -2.83507738e+01  1.11990697e-01
   3.89420820e-02  1.62631649e-03]]
[[ 1.14673695e-01  7.47193541e-01 -2.83652608e+01  1.13288201e-01
   3.91344154e-02  1.51042888e-03]]
[[ 1.13114032e-01  7.48738273e-01 -2.83573688e+01  1.13361203e-01
   3.92016628e-02  1.52688498e-03]]
[[ 1.10183683e-01  7.49841668e-01 -2.83535190e+01  1.13419838e-01
   3.94079091e-02  1.47434076e-03]]
[[ 3.33387528e-01  6.62797712e-01 -2.54107809e+01  5.72405958e-02
   3.88070576e-02  4.93116380e-03]]
[[ 8.10765362e-01  3.37593883e-01 -1.79767486e+01 -7.52487551e-02
   6.42640094e-02  1.21501538e-02]]
[[ 1.29620569 -0.02927189 -8.48974785 -0.22036793  0.14393568  0.02102846]]
[[ 1.67882345 -0.37675233 -0.74111556 -0.33780592  0.20404376  0.02780762]]
[[ 1.92398253 -0.64328911  4.80535662 -0.41035677  0.2603      0.03180296]]
[[ 2.00088055 -0.79877501  7.39497684 -0.43366422  0.2989021   0.03259029]]
[[ 1.92641159 -0.81440509  6.95007689 -0.40868762  0.31909075  0.03072009]]
[[ 1.7510414  -0.76697364  5.03360807 -0.35809198  0.33184199  0.02729328]]
[[ 1.55400411 -0.69151886  2.30673151 -0.30498877  0.33164806  0.02383706]]
[[ 1.37718191 -0.62199199 -0.29851723 -0.25882669  0.32643383  0.02083112]]
[[ 1.2517514  -0.56659006 -2.12470538 -0.22560056  0.32470393  0.01880115]]
[[ 1.18650912 -0.54258403 -3.10432855 -0.21145619  0.32294036  0.01787425]]
[[ 1.16513724 -0.53144253 -3.34231195 -0.21023318  0.32254772  0.01792229]]
[[ 1.14982865 -0.52629604 -3.51399746 -0.2090442   0.32287146  0.01785251]]
[[ 1.13834325 -0.51775528 -3.62240819 -0.2058552   0.32455594  0.01778792]]
[[ 1.1339185  -0.51179769 -3.67300651 -0.20381897  0.32611635  0.0177366 ]]
[[ 1.12384701 -0.51247037 -3.72510015 -0.20236476  0.32725927  0.01766436]]
[[ 1.12157425 -0.50591213 -3.77556416 -0.20048777  0.3284523   0.01757362]]
[[ 1.11769657 -0.50628201 -3.78977319 -0.19945622  0.32932336  0.01744743]]
[[ 1.11457575 -0.50421523 -3.78759412 -0.19907851  0.33017069  0.01747991]]
[[ 1.11104125 -0.5020805  -3.80053755 -0.19813693  0.33096065  0.01739443]]
[[ 1.10845793 -0.50200908 -3.80914161 -0.1972778   0.33177966  0.01736788]]
[[ 1.10618547 -0.5016595  -3.80545689 -0.19695787  0.33240837  0.0173498 ]]
[[ 1.10667003 -0.49826992 -3.80071289 -0.19648835  0.33308511  0.01729313]]
[[ 1.10804174 -0.4974459  -3.79611432 -0.19600864  0.33375285  0.01729343]]
[[ 1.10667939 -0.50113519 -3.79825667 -0.19576602  0.3342888   0.01731057]]
[[ 1.10512161 -0.50019383 -3.80040518 -0.19499113  0.33495187  0.01721532]]
[[ 1.10597989 -0.49610091 -3.78540687 -0.19450155  0.33576317  0.01728128]]
[[ 1.10187725 -0.4983386  -3.77500982 -0.19465337  0.33622255  0.0172397 ]]
[[ 1.10210873 -0.49729882 -3.79092307 -0.19398485  0.33677678  0.01718086]]
[[ 1.10075682 -0.49470318 -3.79121354 -0.19297478  0.33758078  0.01715569]]
[[ 1.10051121 -0.49282489 -3.7617631  -0.19298051  0.33818934  0.01715742]]
[[ 1.09884702 -0.49453781 -3.76307893 -0.1929409   0.33844324  0.01706269]]
[[ 1.09780637 -0.49236761 -3.78088714 -0.19202483  0.33893045  0.01703483]]
[[ 1.09950664 -0.48845394 -3.7642345  -0.19148667  0.3395807   0.01708184]]
[[ 1.09859148 -0.48837936 -3.73723787 -0.19190804  0.33983065  0.01712025]]
[[ 1.09603513 -0.49103539 -3.7520189  -0.19152455  0.34001123  0.01709601]]
[[ 1.09629852 -0.48578724 -3.7545967  -0.19108025  0.3402479   0.0170178 ]]
[[ 1.09853707 -0.48677177 -3.73809938 -0.19123106  0.34047548  0.01705238]]
[[ 1.09921351 -0.48753134 -3.72248897 -0.19158902  0.34045184  0.01696363]]
[[ 1.09819843 -0.48910189 -3.72776839 -0.19137142  0.34051839  0.01696368]]
[[ 1.0989497  -0.48770005 -3.73140825 -0.19094212  0.34077186  0.01695101]]
[[ 1.09925118 -0.48919817 -3.72001295 -0.1908408   0.34114105  0.01698149]]
[[ 1.09818102 -0.48610676 -3.71454217 -0.19059995  0.34148894  0.01701602]]
[[ 1.09605265 -0.48780254 -3.71653874 -0.19034911  0.34174138  0.01696702]]
[[ 1.09557308 -0.48575214 -3.72655876 -0.1899669   0.34210446  0.01687877]]
[[ 1.09756288 -0.48232365 -3.72444276 -0.18952858  0.34248476  0.0169092 ]]
[[ 1.09937298 -0.48085446 -3.7077466  -0.18947497  0.34280162  0.01687614]]
[[ 1.09429443 -0.48180537 -3.7239589  -0.18924666  0.34297988  0.01681951]]
[[ 1.09047083 -0.47877746 -3.78511976 -0.18663803  0.3443111   0.01665719]]
[[ 1.08407797 -0.47127416 -3.83849117 -0.18392063  0.34563606  0.01652006]]
[[ 1.07408447 -0.47246579 -3.88761505 -0.18188512  0.34674669  0.01631928]]
[[ 1.06728264 -0.47017372 -3.96393121 -0.17903505  0.34807309  0.01611968]]
[[ 1.061665   -0.4670399  -3.99790754 -0.17689198  0.349297    0.01597748]]
[[ 1.06124736 -0.46302609 -3.98333885 -0.17676287  0.34984982  0.01595011]]
[[ 1.05844331 -0.4638362  -3.98851745 -0.1765478   0.35003323  0.01598683]]
[[ 1.057284   -0.46200563 -3.9962303  -0.17581308  0.35067516  0.01593216]]
[[ 1.06041945 -0.45968351 -3.97421534 -0.17537249  0.3516222   0.01593263]]
[[ 1.06173483 -0.46325414 -3.93817046 -0.17627023  0.35171051  0.01590809]]
[[ 1.06116951 -0.46663401 -3.92904281 -0.17642569  0.3519548   0.0159422 ]]
[[ 1.0610709  -0.46387752 -3.92588366 -0.17619476  0.35205012  0.01593852]]
[[ 1.06219728 -0.46520271 -3.91775632 -0.17612596  0.35237494  0.0160059 ]]
[[ 1.05738625 -0.46504124 -3.92515945 -0.17593193  0.35243128  0.0159879 ]]
[[ 1.05839976 -0.46459959 -3.94079629 -0.17507117  0.35285274  0.01593437]]
[[ 1.05688894 -0.46563955 -3.94669566 -0.17463979  0.35299086  0.01583779]]
[[ 1.05428114 -0.46548807 -3.94892129 -0.17443876  0.35323274  0.01573336]]
[[ 1.05716542 -0.45948922 -3.9497114  -0.17392426  0.35356769  0.01570438]]
[[ 1.0559179  -0.46041174 -3.95251036 -0.17381341  0.35362489  0.0157076 ]]
[[ 1.0546848  -0.46021394 -3.94917332 -0.17378365  0.35372763  0.01572036]]
[[ 1.05545834 -0.45628048 -3.95020951 -0.17322183  0.35399764  0.01569318]]
[[ 1.0576146  -0.45870457 -3.93717081 -0.17337826  0.35410028  0.0156831 ]]
[[ 1.05592986 -0.46096146 -3.94002107 -0.17338636  0.35407193  0.01563485]]
[[ 1.05585053 -0.45785617 -3.95520646 -0.1725878   0.35443551  0.01566666]]
[[ 1.05944981 -0.4519227  -3.94343564 -0.17240706  0.35464933  0.01561608]]
[[ 1.05711513 -0.45670401 -3.94220661 -0.17275133  0.3545705   0.0155891 ]]
[[ 1.05867079 -0.45429043 -3.95579814 -0.17221979  0.35470968  0.01560376]]
[[ 1.06050563 -0.45161832 -3.95768518 -0.17164541  0.35492366  0.0156551 ]]
[[ 1.06001385 -0.45227345 -3.93971355 -0.17212286  0.35482776  0.01564138]]
