[[0. 0. 0. 0. 0. 0.]]
[[-7.59184988e-04  3.58743244e-03  1.29435508e-02 -5.74042519e-05
   1.50192951e-04  8.50613440e-05]]
[[ 1.19373640e-03  2.03092648e-03  1.16660545e-02 -2.39294078e-05
   1.36736213e-04  1.35107403e-04]]
[[ 3.46050513e-03  1.33426921e-03  1.53379482e-02 -9.63714626e-05
  -1.53773406e-04  7.85221093e-05]]
[[ 1.68815346e-03  2.75074762e-03  1.62073484e-02  6.03895483e-05
  -2.37119555e-05  8.20968053e-05]]
[[1.18803354e-05 1.90218940e-03 1.67269618e-02 2.64705951e-05
  4.22310890e-05 5.01175422e-05]]
[[ 1.45917637e-03  1.09343155e-03  1.84427863e-02 -5.43242483e-05
  -9.61719754e-05  1.83879622e-05]]
[[ 3.20091604e-03  1.73911733e-03  1.82274622e-02  1.48159086e-05
  -2.64345967e-04  9.86751480e-06]]
[[ 2.41840290e-04  2.64291758e-03  1.75706205e-02  1.53720303e-04
  -3.05083535e-05 -3.98112992e-05]]
[[ 1.53400678e-03  5.06167293e-04  2.02706576e-02 -8.74097542e-06
  -1.15758505e-04 -4.97268889e-05]]
[[ 2.21578272e-03  2.24617560e-03  2.29569893e-02 -2.53295862e-05
  -2.11826975e-04 -1.70468048e-06]]
[[ 1.95100738e-03  4.31910196e-03  1.99173541e-02  1.15248056e-04
  -1.72685827e-04  4.60868676e-05]]
[[ 1.57307912e-03  5.57939856e-03  2.24442356e-02 -5.61392260e-05
  -3.20747789e-05 -2.51665060e-05]]
[[ 2.22210845e-03  6.01721226e-03  2.39912717e-02 -1.70294214e-04
  -1.61824523e-04  1.19742707e-05]]
[[ 2.34483740e-03  7.88057893e-03  2.27435865e-02  3.97769795e-05
  -3.03223330e-04  3.37749638e-05]]
[[ 5.48027019e-04  7.77459541e-03  2.56334809e-02  8.59148662e-05
  -2.64756680e-04  9.20399432e-05]]
[[ 4.84628337e-05  4.64936957e-03  2.94608583e-02 -9.76423032e-05
  -2.54941205e-04  7.65433574e-05]]
[[ 0.00263475  0.00584899  0.03088117 -0.00017548 -0.00027008  0.00011775]]
[[7.21317115e-04 7.79734505e-03 3.03434298e-02 9.12074073e-05
  2.98185012e-05 9.26920156e-05]]
[[ 3.21986382e-03 -6.18819304e-03  3.55097308e-02 -4.10095126e-04
  -6.02794406e-04  8.39663019e-05]]
[[ 3.28908877e-03 -2.27683285e-02  4.96528151e-02 -1.03271938e-03
  -1.38100893e-03  5.73837695e-05]]
[[-5.75351747e-03 -2.58070399e-02  4.36135725e-02  2.25882683e-04
  -1.31925307e-04 -7.76200361e-05]]
[[-0.00564009 -0.03584402  0.05412021  0.00026262 -0.00036923 -0.0002682 ]]
[[-0.00489918 -0.05146454  0.07133464  0.00017784 -0.00032648 -0.00061313]]
[[ 0.00659812 -0.13052385  0.08478465  0.00433919  0.00067686 -0.00132269]]
[[ 0.01896063 -0.21925777  0.11609578  0.00751861  0.00060032 -0.00195082]]
[[ 0.02270294 -0.27495253  0.13170127  0.00986102  0.00115591 -0.00250152]]
[[ 0.03179559 -0.32694476  0.16926178  0.01008457  0.00096481 -0.00295065]]
[[ 0.02254403 -0.34283585  0.15544532  0.01265831  0.00226338 -0.00295745]]
[[ 0.01908176 -0.3647777   0.16339623  0.01314226  0.00223108 -0.00310428]]
[[ 0.01247359 -0.37813055  0.17173388  0.01372264  0.00214191 -0.00313001]]
[[-0.00097627 -0.37355977  0.15283993  0.01614526  0.00334854 -0.00311214]]
[[-0.010367   -0.38277204  0.15182389  0.01645843  0.00361665 -0.00321706]]
[[-0.01939571 -0.3746037   0.1478113   0.01799365  0.00455659 -0.00329699]]
[[-0.02947164 -0.36123949  0.12568822  0.0200732   0.00560426 -0.00317228]]
[[-0.03882036 -0.35769126  0.11840398  0.02090471  0.0058303  -0.00312965]]
[[-0.05392176 -0.35538699  0.11463998  0.02164736  0.00689254 -0.00315648]]
[[-0.06098711 -0.33849258  0.0971331   0.02350516  0.00734352 -0.00298827]]
[[-0.07500664 -0.32495511  0.08418156  0.02533864  0.00863411 -0.00285362]]
[[-0.09870827 -0.30753149  0.05186748  0.0277525   0.00994237 -0.00276105]]
[[-0.12151725 -0.29683957  0.03256865  0.02965531  0.01035346 -0.00264833]]
[[-0.1588501  -0.2897717   0.0109411   0.03186778  0.01219029 -0.00246871]]
[[-0.19060958 -0.28161022 -0.01308062  0.03393434  0.01262537 -0.00216219]]
[[-0.21624419 -0.28059487 -0.02726111  0.03513778  0.01277001 -0.00189765]]
[[-0.24943654 -0.26007916 -0.06009824  0.03839555  0.01542656 -0.00186244]]
[[-0.25249349 -0.2575745  -0.06025088  0.03845345  0.01550242 -0.00205705]]
[[-0.24439174 -0.21827575 -0.10050362  0.04189929  0.01748437 -0.00227831]]
[[-0.21104456 -0.18478691 -0.11407631  0.04367971  0.01924524 -0.00292678]]
[[-0.18322965 -0.15439306 -0.13212561  0.04542529  0.02068731 -0.00355703]]
[[-0.1884731  -0.13525119 -0.15473808  0.04736946  0.02117648 -0.00358946]]
[[-0.21966855 -0.12787645 -0.16678009  0.04918133  0.02288608 -0.00364962]]
[[-0.25056553 -0.11832301 -0.18756439  0.05118843  0.02328925 -0.00349693]]
[[-0.28199088 -0.10794284 -0.20636795  0.05319904  0.02431854 -0.00317615]]
[[-0.30992662 -0.1006733  -0.22364529  0.05488407  0.02506889 -0.003008  ]]
[[-0.3324673  -0.08586816 -0.24561082  0.05703208  0.02622675 -0.00265278]]
[[-0.34322537 -0.0685236  -0.26341494  0.05941269  0.02797625 -0.00274416]]
[[-0.35269017 -0.0591103  -0.27438281  0.06065341  0.02859571 -0.0028786 ]]
[[-0.37150492 -0.04244761 -0.29879769  0.06296137  0.02995858 -0.00287909]]
[[-0.38658945 -0.02762285 -0.32523139  0.06515218  0.03083414 -0.00273621]]
[[-0.41058528 -0.01278442 -0.34362124  0.0676246   0.03290905 -0.00279487]]
[[-0.40958471 -0.01073407 -0.34519702  0.06845089  0.03244088 -0.00296969]]
[[-0.42124853 -0.00468026 -0.35407888  0.07112806  0.03409309 -0.00343347]]
[[-0.43004401  0.01196488 -0.38242379  0.07440768  0.03566835 -0.00337278]]
[[-0.43029652  0.01126906 -0.37672999  0.07486157  0.03644999 -0.00369584]]
[[-0.40682687  0.03664853 -0.40163434  0.07757041  0.03783084 -0.0039628 ]]
[[-0.3935832   0.06483996 -0.43091263  0.08029822  0.03900977 -0.00450445]]
[[-0.39016438  0.08980796 -0.45472821  0.08322216  0.04086088 -0.00452163]]
[[-0.38325478  0.102986   -0.46905143  0.08462519  0.04178079 -0.0046277 ]]
[[-0.37459419  0.12240075 -0.48254654  0.08613375  0.04254482 -0.00509001]]
[[-0.36033612  0.14598161 -0.50033883  0.08867488  0.04385643 -0.00511878]]
[[-0.34528081  0.16337369 -0.51563372  0.09063316  0.04408972 -0.0054866 ]]
[[-0.34189331  0.13501076 -0.50854176  0.09435385  0.04594951 -0.00671186]]
[[-0.33674328  0.10400153 -0.48361868  0.09548304  0.04665274 -0.00720826]]
[[-0.33969021  0.09946337 -0.49941113  0.09816357  0.04730783 -0.00750067]]
[[-0.34917008  0.09961928 -0.50643675  0.10073993  0.04888991 -0.00781949]]
[[-0.35045701  0.09193293 -0.50957389  0.10152976  0.04876632 -0.00799323]]
[[-0.36149628  0.09067563 -0.50489354  0.1027523   0.05035767 -0.00817625]]
[[-0.3621771   0.09803027 -0.51481782  0.10440064  0.05040428 -0.00816456]]
[[-0.36571393  0.09410566 -0.5174391   0.10456854  0.05046361 -0.00829103]]
[[-0.37031425  0.10279679 -0.53343205  0.10624979  0.05094316 -0.00825547]]
[[-0.37173617  0.11066469 -0.55030801  0.10748654  0.05072708 -0.00837524]]
[[-0.38417854  0.10376312 -0.53656139  0.10756325  0.05285916 -0.00828625]]
[[-0.38885472  0.10702491 -0.54131079  0.10833528  0.05320972 -0.00846836]]
[[-0.39171124  0.10992849 -0.54681642  0.10895138  0.05343476 -0.00863938]]
[[-0.38912063  0.11311218 -0.55541001  0.10942924  0.05318411 -0.00850766]]
[[-0.38858877  0.11309495 -0.5560917   0.10950567  0.05306768 -0.00833911]]
[[-0.38854665  0.11246405 -0.55373459  0.10944816  0.05333211 -0.0082952 ]]
[[-0.39190066  0.11196045 -0.5520582   0.10941829  0.053605   -0.00838708]]
[[-0.39203028  0.10916107 -0.54916589  0.1092915   0.05364055 -0.00841353]]
[[-0.39174092  0.10984559 -0.55373237  0.10936432  0.05338475 -0.00836435]]
[[-0.39466683  0.10994724 -0.55364681  0.10942692  0.05354388 -0.00835794]]
[[-0.39848221  0.10733088 -0.54886177  0.1092091   0.05372351 -0.00836015]]
[[-0.39697641  0.10605657 -0.54743384  0.10925251  0.05370329 -0.00829623]]
[[-0.39710841  0.11016052 -0.54929119  0.10926897  0.05354272 -0.00823724]]
[[-0.40057693  0.10858426 -0.54650401  0.10923929  0.0537341  -0.00826568]]
[[-0.40359324  0.10743537 -0.54336256  0.10912954  0.05380002 -0.00829946]]
[[-0.40282731  0.10728095 -0.5446196   0.10913477  0.05370024 -0.00829693]]
[[-0.40091399  0.10516095 -0.54234781  0.10876562  0.05318761 -0.00829652]]
[[-0.40767776  0.10952868 -0.54042079  0.1094875   0.05404326 -0.00838637]]
[[-0.40893411  0.10785787 -0.53562704  0.10907823  0.05389922 -0.00841262]]
[[-0.4036125   0.10978519 -0.53303701  0.10903458  0.05339911 -0.00841228]]
[[-0.40398073  0.1148411  -0.53969164  0.10975769  0.05353064 -0.00844087]]
[[-0.40727646  0.11428211 -0.53017158  0.10917628  0.05355474 -0.00856029]]
[[-0.40950017  0.11948248 -0.54596413  0.11021799  0.0542008  -0.00850569]]
[[-0.40439891  0.11771296 -0.53800812  0.10955802  0.0537471  -0.00845774]]
[[-0.40400704  0.10901205 -0.52115326  0.10813851  0.05342633 -0.00858026]]
[[-0.40434443  0.1144015  -0.53181415  0.10894407  0.05344716 -0.00853799]]
[[-0.40475186  0.11086093 -0.52987102  0.10907384  0.05370168 -0.0085977 ]]
[[-0.40406843  0.11660216 -0.53014101  0.10935235  0.05379032 -0.00853977]]
[[-0.4040596   0.12076476 -0.53029631  0.10977372  0.05405026 -0.00853985]]
[[-0.40454927  0.12449489 -0.5343108   0.11012497  0.05442528 -0.00859077]]
[[-0.39632666  0.12136323 -0.51979556  0.10927562  0.0538012  -0.00862596]]
[[-0.39059159  0.12005971 -0.5144409   0.10882194  0.05380604 -0.00870003]]
[[-0.38706674  0.13060581 -0.52287143  0.10995924  0.05425067 -0.00876177]]
[[-0.37838096  0.12216963 -0.52392211  0.10892841  0.05357727 -0.00882086]]
[[-0.38060197  0.12016495 -0.51752946  0.10866371  0.05422417 -0.00890003]]
[[-0.37816058  0.12499018 -0.52541461  0.10906803  0.05404823 -0.0088235 ]]
[[-0.38143873  0.13700954 -0.54254738  0.11040361  0.05473468 -0.0088627 ]]
[[-0.3753043   0.13067377 -0.53093115  0.10938146  0.05431467 -0.00883888]]
[[-0.37288486  0.13302367 -0.52717878  0.10936263  0.05456842 -0.00896114]]
[[-0.37363931  0.14257627 -0.54147431  0.11041693  0.05491973 -0.00896474]]
[[-0.36672941  0.13437127 -0.52618033  0.10889381  0.05397569 -0.00903349]]
[[-0.36446735  0.13658329 -0.5301212   0.1091176   0.05410282 -0.00904179]]
[[-0.36238728  0.14038771 -0.52923864  0.10956284  0.05454537 -0.00915615]]
[[-0.35656057  0.14216593 -0.52536012  0.10911492  0.05439613 -0.00923101]]
[[-0.06895866  0.19754886 -1.37910066  0.19893046  0.02099178 -0.01357322]]
[[ 0.44800507  0.16368083 -2.68268779  0.36201343 -0.00817856 -0.02786387]]
[[ 1.09615678  0.07370687 -3.8681163   0.52643917 -0.04317479 -0.0452154 ]]
[[ 1.6779133   0.11076381 -4.99197623  0.68434716 -0.06293971 -0.06073734]]
[[ 2.06960265  0.03434228 -5.5865661   0.78385459 -0.07244374 -0.07301097]]
[[ 2.3728881  -0.08674153 -5.946692    0.83539391 -0.09116433 -0.08073676]]
[[ 2.5754128  -0.24820832 -6.09549032  0.85226223 -0.10777819 -0.08595485]]
[[ 2.71618109 -0.38611794 -6.13293347  0.85761961 -0.11995599 -0.08949573]]
[[ 2.8077403  -0.49057025 -6.14120018  0.85764014 -0.12917426 -0.09184929]]
[[ 2.86979022 -0.58421111 -6.09705207  0.85234314 -0.13677747 -0.09346844]]
[[ 2.91624839 -0.66750146 -6.01776064  0.84367736 -0.14342636 -0.09471608]]
[[ 2.94466345 -0.73348266 -5.94354554  0.83498552 -0.14796925 -0.09538247]]
[[ 2.95499677 -0.7679374  -5.92409518  0.83041743 -0.14894372 -0.09557781]]
[[ 2.95421249 -0.79538097 -5.89645474  0.82620512 -0.14927882 -0.09571323]]
[[ 2.95398376 -0.81568276 -5.87050971  0.82233773 -0.14906495 -0.09566737]]
[[ 2.95404237 -0.82728602 -5.86913876  0.8200104  -0.14875656 -0.09569906]]
[[ 2.94818992 -0.83745329 -5.84353481  0.81776302 -0.1479268  -0.09569515]]
[[ 2.94849925 -0.85895465 -5.79752484  0.81336563 -0.14856218 -0.09570464]]
[[ 2.94759163 -0.88896513 -5.7361878   0.80664742 -0.15047565 -0.09565498]]
[[ 2.94771355 -0.91655751 -5.66683268  0.79941968 -0.1520274  -0.09559209]]
[[ 2.94811906 -0.94234847 -5.6180367   0.79292323 -0.15395604 -0.09551169]]
[[ 2.94542323 -0.96994311 -5.55261254  0.78538529 -0.15589152 -0.09544371]]
[[ 2.93775427 -0.994097   -5.49342946  0.77855309 -0.15681347 -0.09523361]]
[[ 2.92633548 -1.00890325 -5.44747089  0.77386386 -0.15666556 -0.09501566]]
[[ 2.9125357  -1.01812282 -5.41015639  0.77060947 -0.15556429 -0.09486074]]
[[ 2.89747558 -1.01634973 -5.39295493  0.77015601 -0.15358116 -0.0946754 ]]
[[ 2.87986668 -1.00140795 -5.38941313  0.77236768 -0.15076245 -0.09446839]]
[[ 2.86524057 -0.98904301 -5.38833746  0.7755144  -0.1475225  -0.09437925]]
[[ 2.84874897 -0.96592248 -5.41991317  0.78006689 -0.14413601 -0.09419979]]
[[ 2.83789177 -0.94781412 -5.44775044  0.78416252 -0.14111429 -0.09396582]]
[[ 2.82496    -0.9324562  -5.48775789  0.78777369 -0.13811304 -0.0937971 ]]
[[ 2.81640013 -0.92417051 -5.51558931  0.79028444 -0.13619709 -0.09362287]]
[[ 2.80715831 -0.90918869 -5.553148    0.79346669 -0.13390357 -0.09351307]]
[[ 2.80033346 -0.89646774 -5.58256553  0.79643958 -0.1315753  -0.09343213]]
[[ 2.7920956  -0.88779    -5.60084086  0.79847574 -0.13033154 -0.09343023]]
[[ 2.78380392 -0.8729493  -5.7433822   0.80169984 -0.12786229 -0.09322341]]
[[ 2.77657657 -0.85678716 -5.88556577  0.80521453 -0.1254065  -0.09300185]]
[[ 2.76887418 -0.8403125  -5.97162929  0.80806645 -0.12346437 -0.09277389]]
[[ 2.76163033 -0.82880643 -6.02963609  0.81097512 -0.12170692 -0.09267335]]
[[ 2.75666544 -0.81428471 -6.0670425   0.81371409 -0.11983271 -0.09249272]]
[[ 2.74986323 -0.80102854 -6.0920045   0.81634088 -0.1180859  -0.09235092]]
[[ 2.74497206 -0.7931534  -6.10475222  0.81812185 -0.1172136  -0.09223348]]
[[ 2.73857076 -0.78183496 -6.1081693   0.82026234 -0.11586274 -0.0921513 ]]
[[ 2.73030923 -0.77538395 -6.10000899  0.82188394 -0.11420847 -0.09206836]]
[[ 2.72685161 -0.76580319 -6.10521781  0.82406093 -0.11350492 -0.09208313]]
[[ 2.72080852 -0.75931603 -6.1005785   0.82597528 -0.11218456 -0.09205387]]
[[ 2.71271657 -0.74895605 -6.09580373  0.82788698 -0.11049006 -0.09206847]]
[[ 2.70422333 -0.73437353 -6.1152032   0.83132107 -0.10829194 -0.09198363]]
[[ 2.69670251 -0.72236069 -6.13120167  0.8339475  -0.10674729 -0.0919297 ]]
[[ 2.69041054 -0.71400335 -6.13988277  0.83612563 -0.10506599 -0.09187999]]
[[ 2.68457779 -0.70588095 -6.14346377  0.83760453 -0.10362783 -0.09179834]]
[[ 2.68062667 -0.7023504  -6.14490819  0.83859364 -0.1028073  -0.09175838]]
[[ 2.67973961 -0.69870306 -6.1573308   0.83969242 -0.10230446 -0.09168306]]
[[ 2.67749362 -0.69771306 -6.15683483  0.84035765 -0.10154196 -0.09159792]]
[[ 2.67381739 -0.69078509 -6.15459062  0.84120905 -0.10029807 -0.09154661]]
[[ 2.67058996 -0.68899699 -6.16412904  0.84209106 -0.09990194 -0.09158738]]
[[ 2.66821339 -0.68832936 -6.16697988  0.84255181 -0.09968554 -0.09156433]]
[[ 2.66601591 -0.68622175 -6.16087642  0.84283856 -0.09889035 -0.09153073]]
[[ 2.66295962 -0.68393343 -6.16317782  0.8434555  -0.09833567 -0.09159036]]
[[ 2.66092499 -0.68168867 -6.16202956  0.8439971  -0.09770073 -0.09154817]]
[[ 2.65851442 -0.68003181 -6.16317507  0.84440617 -0.09724593 -0.09157391]]
[[ 2.6557955  -0.68105166 -6.14411695  0.84408922 -0.09668676 -0.0915405 ]]
[[ 2.65751684 -0.6822002  -6.13130203  0.84346972 -0.09707591 -0.09157252]]
[[ 2.66407998 -0.6936904  -6.09582424  0.84087627 -0.09909183 -0.09162869]]
[[ 2.66794542 -0.70346306 -6.04863692  0.8382221  -0.10003733 -0.091669  ]]
[[ 2.67156576 -0.71102524 -6.02489426  0.83665022 -0.10087438 -0.09168735]]
[[ 2.67342812 -0.71816555 -5.98720388  0.83479945 -0.10156817 -0.0917458 ]]
[[ 2.67229969 -0.72188508 -5.98354007  0.83454275 -0.10136936 -0.091736  ]]
[[ 2.6695198  -0.72249592 -5.97667844  0.83454701 -0.1005984  -0.09169472]]
[[ 2.66615159 -0.72375601 -5.968451    0.83460737 -0.0999879  -0.09170133]]
[[ 2.66283588 -0.72614846 -5.9418933   0.83388852 -0.09902284 -0.09175874]]
[[ 2.66275526 -0.72427917 -5.9606337   0.83450656 -0.09945478 -0.09177886]]
[[ 2.66178303 -0.72857148 -5.94870761  0.83412195 -0.09920468 -0.09178615]]
[[ 2.65881199 -0.72845086 -5.94224038  0.83405876 -0.09889239 -0.09177663]]
[[ 2.65712483 -0.72997063 -5.93417741  0.83383594 -0.09880021 -0.09177628]]
[[ 2.73273622 -0.54373854 -6.43213753  0.87433657 -0.10331483 -0.09137832]]
[[ 2.80204258 -0.36977366 -6.88715946  0.911145   -0.10635866 -0.09101002]]
[[ 2.84948536 -0.25685928 -7.16662566  0.93509272 -0.10907929 -0.09082765]]
[[ 2.87975789 -0.18141198 -7.34647056  0.95101001 -0.11050066 -0.09066233]]
[[ 2.90283351 -0.1221955  -7.48558697  0.96327885 -0.11126517 -0.0904723 ]]
[[ 2.91793468 -0.0850959  -7.57282643  0.97133985 -0.11188272 -0.09035182]]
[[ 2.92782767 -0.06340184 -7.61416759  0.97583471 -0.11240292 -0.09030682]]
[[ 2.93337246 -0.04812573 -7.6417726   0.97906952 -0.11257556 -0.09027443]]
[[ 2.93742556 -0.03768104 -7.66238774  0.98141694 -0.11268117 -0.09027806]]
[[ 2.93934738 -0.02859876 -7.68519395  0.98332623 -0.11281725 -0.0903024 ]]
[[ 2.93965058 -0.02458033 -7.6877761   0.98416832 -0.11251457 -0.09024769]]
[[ 2.94050325 -0.0237383  -7.67803888  0.9841318  -0.11243005 -0.09025824]]
[[ 2.94118289 -0.02407729 -7.68010659  0.98432442 -0.11260371 -0.09022712]]
[[ 2.94362187 -0.02503925 -7.68044225  0.98428495 -0.11291633 -0.09017462]]
[[ 2.94350316 -0.02503057 -7.67374085  0.98421655 -0.11266277 -0.09023194]]
[[ 2.94677616 -0.02555533 -7.66700645  0.98394018 -0.11282482 -0.09020117]]
[[ 2.94723608 -0.02859947 -7.65900273  0.9834517  -0.11323679 -0.09022484]]
[[ 2.94673218 -0.02854047 -7.65315544  0.98309372 -0.11350163 -0.09018075]]
[[ 2.94545418 -0.02718941 -7.64515341  0.98291556 -0.11344196 -0.0901486 ]]
[[ 2.94770923 -0.02863881 -7.63818896  0.98250072 -0.11362687 -0.09018444]]
[[ 2.95044573 -0.0298931  -7.63961173  0.98221931 -0.11411686 -0.09028486]]
[[ 2.9513591  -0.0316547  -7.63436426  0.98199083 -0.11414274 -0.09023728]]
[[ 2.95288577 -0.03397418 -7.61747188  0.98138745 -0.11406648 -0.09027743]]
[[ 2.95466918 -0.03743435 -7.60780946  0.98081311 -0.11450533 -0.09028641]]
[[ 2.95393013 -0.03708356 -7.61196112  0.98081774 -0.11477285 -0.09023364]]
[[ 2.95363896 -0.03906449 -7.6054322   0.98067392 -0.11456183 -0.09023211]]
[[ 2.95536811 -0.03995804 -7.59304471  0.98005657 -0.11476414 -0.09021861]]
[[ 2.95726991 -0.03949937 -7.58750067  0.97950909 -0.11510717 -0.09024961]]
[[ 2.95597648 -0.0427815  -7.58973498  0.97946897 -0.11523762 -0.09021522]]
[[ 2.95768061 -0.04143174 -7.58407755  0.97927193 -0.11519151 -0.0901375 ]]
[[ 2.95640534 -0.04202333 -7.57466594  0.97888356 -0.11521845 -0.09014253]]
[[ 2.95561946 -0.04269983 -7.56848775  0.97862875 -0.11541788 -0.09016848]]
[[ 2.95674937 -0.04379821 -7.56387627  0.97832158 -0.11557949 -0.09016805]]
[[ 2.95446775 -0.04501344 -7.55532531  0.97802577 -0.11555447 -0.09015811]]
[[ 2.95598592 -0.04487832 -7.56021083  0.97840092 -0.11546209 -0.09023064]]
[[ 2.95341433 -0.04669052 -7.54503931  0.97797864 -0.11557702 -0.09026142]]
[[ 2.95056124 -0.05136604 -7.53266537  0.97738494 -0.11537887 -0.09029508]]
[[ 2.94807937 -0.05143498 -7.53601814  0.97770099 -0.1151252  -0.09026611]]
[[ 2.94544979 -0.05270878 -7.53131677  0.97768661 -0.11479065 -0.09030704]]
[[ 2.94552451 -0.05520465 -7.52283927  0.97721656 -0.11476583 -0.09027922]]
[[ 2.94540617 -0.05747912 -7.51984673  0.9770353  -0.11497729 -0.09027011]]
[[ 2.94344697 -0.05756052 -7.51683228  0.97699696 -0.11477993 -0.09021949]]
[[ 2.94514159 -0.05665728 -7.51013799  0.97674106 -0.11480676 -0.09021964]]
[[ 2.94580936 -0.0588499  -7.50021395  0.97614579 -0.11528795 -0.09029567]]
[[ 2.94669178 -0.06057692 -7.49946761  0.97594278 -0.11531686 -0.09035335]]
[[ 2.94807487 -0.05972987 -7.49759396  0.97599764 -0.11530235 -0.09029425]]
[[ 2.94650238 -0.05958647 -7.49162412  0.97568481 -0.1153826  -0.09030395]]
[[ 2.94514319 -0.0629072  -7.47986752  0.97507822 -0.11557025 -0.09033706]]
[[ 2.94710804 -0.06323879 -7.48411683  0.97524505 -0.11568863 -0.09025814]]
[[ 2.94708394 -0.06504355 -7.48023936  0.97508182 -0.11567001 -0.09022566]]
[[ 2.94745654 -0.06869815 -7.46645077  0.9743684  -0.11593076 -0.09031328]]
[[ 2.94744162 -0.06936755 -7.46505962  0.97410675 -0.11616476 -0.09028408]]
[[ 2.94570636 -0.06690692 -7.47126798  0.97443316 -0.11618683 -0.090311  ]]
[[ 2.94487495 -0.06770971 -7.4619761   0.97401832 -0.11637613 -0.09033569]]
[[ 2.94761761 -0.07238244 -7.44729143  0.97325776 -0.11666318 -0.09030788]]
[[ 2.94556051 -0.07384274 -7.44910199  0.97325715 -0.11678067 -0.09036784]]
[[ 2.94696989 -0.07234959 -7.44843     0.97336996 -0.11674532 -0.0904031 ]]
[[ 3.01426769 -0.10085228 -7.34838479  0.96549297 -0.12476549 -0.09216016]]
[[ 3.19094561 -0.16897376 -7.12327702  0.94696731 -0.14407956 -0.09737721]]
[[ 3.30812431 -0.20774765 -6.9890678   0.93560856 -0.1560648  -0.10076643]]
[[ 3.38704755 -0.23513075 -6.8944796   0.92792263 -0.16358618 -0.10296917]]
[[ 3.44110605 -0.25319085 -6.82135417  0.92234016 -0.16854087 -0.1045802 ]]
[[ 3.47677141 -0.26733316 -6.7802378   0.91890455 -0.17167836 -0.10564227]]
[[ 3.49957856 -0.27322696 -6.75591162  0.91686577 -0.17367102 -0.10640359]]
[[ 3.51449664 -0.27883065 -6.73589329  0.91530295 -0.17480091 -0.10687847]]
[[ 3.52658886 -0.2828574  -6.71524003  0.91413722 -0.17539643 -0.10722612]]
[[ 3.53366203 -0.28589868 -6.70195596  0.91334012 -0.17583906 -0.10738876]]
[[ 3.53752034 -0.28721636 -6.69681175  0.91292604 -0.17617023 -0.10759938]]
[[ 3.53864364 -0.28549709 -6.69466342  0.91277093 -0.17595266 -0.10763529]]
[[ 3.54123628 -0.28641586 -6.68764186  0.91267608 -0.17555289 -0.10769079]]
[[ 3.54420752 -0.28825957 -6.69188767  0.91266616 -0.17549151 -0.10762818]]
[[ 3.54456449 -0.28856542 -6.69166212  0.91268248 -0.17553128 -0.10771732]]
[[ 3.62069191 -0.30128927 -6.61287424  0.90493797 -0.18473484 -0.10960083]]
[[ 3.54347618 -0.24164788 -6.72471237  0.91281045 -0.17756305 -0.10718819]]
[[ 3.59256214 -0.24649143 -6.66322553  0.90608696 -0.186481   -0.10837756]]
[[ 3.65812192 -0.25650923 -6.56698048  0.89708549 -0.19541426 -0.11010109]]
[[ 3.7382829  -0.2698429  -6.42029079  0.88538051 -0.20947961 -0.11242461]]
[[ 3.77714806 -0.238778   -6.34883381  0.87836246 -0.21889882 -0.11343552]]
[[ 3.78211958 -0.20209569 -6.36437542  0.87730886 -0.22081798 -0.11326823]]
[[ 3.77602802 -0.16711549 -6.40571849  0.87870985 -0.21959793 -0.11270989]]
[[ 3.76252496 -0.13901383 -6.44397691  0.88081708 -0.21674258 -0.1120265 ]]
[[ 3.74397882 -0.11467163 -6.50176505  0.88388455 -0.21326195 -0.11130595]]
[[ 3.72510099 -0.08901422 -6.56502606  0.88749597 -0.20944764 -0.11054285]]
[[ 3.70747704 -0.07080535 -6.61002562  0.89046822 -0.20581609 -0.10994312]]
[[ 3.69214204 -0.05801677 -6.63824671  0.89255114 -0.20303984 -0.10939171]]
[[ 3.6809261  -0.0480534  -6.66997732  0.8946593  -0.20071098 -0.10889407]]
[[ 3.6683024  -0.03950382 -6.68878575  0.89601456 -0.19885744 -0.10852064]]
[[ 3.65099004 -0.02504735 -6.74074166  0.8989727  -0.19585643 -0.10822047]]
[[ 3.63645228 -0.02091321 -6.74853884  0.89971787 -0.19365848 -0.1080583 ]]
[[ 3.62627937 -0.01153083 -6.78049528  0.90157766 -0.19184445 -0.1077494 ]]
[[ 3.61631841e+00 -6.50533203e-03 -6.79727957e+00  9.02719118e-01
  -1.90119178e-01 -1.07529153e-01]]
[[ 3.60645975e+00 -2.46906650e-03 -6.82367579e+00  9.04475766e-01
  -1.87815236e-01 -1.07373398e-01]]
[[ 3.60091299e+00  5.05541687e-03 -6.83560411e+00  9.05746803e-01
  -1.86399884e-01 -1.07173481e-01]]
[[ 3.5934291   0.00952373 -6.85152576  0.90675793 -0.18522871 -0.1070321 ]]
[[ 3.58771993  0.01501758 -6.8577624   0.90755416 -0.18353006 -0.10686685]]
[[ 3.58294623  0.02255201 -6.88993851  0.90953661 -0.18240133 -0.10670561]]
[[ 3.5760745   0.02052848 -6.88466054  0.90964631 -0.18087989 -0.10663611]]
[[ 3.57226157  0.02262094 -6.89513998  0.91031686 -0.1802643  -0.10651147]]
[[ 3.56859068  0.0214635  -6.90098988  0.91079602 -0.17971073 -0.10631183]]
[[ 3.56550018  0.02538496 -6.90828793  0.91156717 -0.17834075 -0.1061014 ]]
[[ 3.56044622  0.02896319 -6.91453533  0.91225766 -0.17764027 -0.10597307]]
[[ 3.55635311  0.02942389 -6.91948964  0.91264361 -0.17724405 -0.10585263]]
[[ 3.55212802  0.02894799 -6.92114836  0.91278856 -0.17649847 -0.1057327 ]]
[[ 3.54903349  0.03180635 -6.92685536  0.91334039 -0.17624407 -0.10564048]]
[[ 3.54699261  0.03183683 -6.92183752  0.91306091 -0.1758604  -0.10557827]]
[[ 3.54459765  0.0355448  -6.92605377  0.91335518 -0.17548375 -0.10550981]]
[[ 3.54117679  0.03744671 -6.93202926  0.91393469 -0.17507396 -0.10548301]]
[[ 3.53864444  0.03519124 -6.92945725  0.91401171 -0.17449877 -0.105439  ]]
[[ 3.53690816  0.03623688 -6.92923068  0.91409351 -0.17411985 -0.1053587 ]]
[[ 3.53276389  0.03743034 -6.93624595  0.91468647 -0.17351266 -0.10516681]]
[[ 3.53046374  0.04063145 -6.94248465  0.91529782 -0.17275184 -0.10505855]]
[[ 3.52549232  0.04345205 -6.94650734  0.91582732 -0.1721445  -0.104894  ]]
[[ 3.51908841  0.04256699 -6.94847436  0.91636998 -0.17103617 -0.10462711]]
[[ 3.51283424  0.0482866  -6.96412885  0.91759121 -0.16965507 -0.10432817]]
[[ 3.5054376   0.05294949 -6.98369985  0.91915121 -0.16820144 -0.10399533]]
[[ 3.49288619  0.05673209 -6.99703728  0.92048903 -0.1662333  -0.10360859]]
[[ 3.48090425  0.06255711 -7.0114826   0.92193792 -0.16429043 -0.10315781]]
[[ 3.47392092  0.0675989  -7.02478923  0.92301226 -0.16353639 -0.10292441]]
[[ 3.55599403  0.03721817 -6.88982913  0.91276398 -0.17735019 -0.10567399]]
[[ 3.40560414  0.43140953 -8.88602921  0.9865455  -0.11932864 -0.12467363]]
[[  3.69893522   1.50070303 -14.18377472   1.13537712  -0.13722499
   -0.1415186 ]]
[[  4.46799364   2.36086625 -18.33265077   1.26269349  -0.28273806
   -0.13500325]]
[[  4.94431506   3.8291361  -19.6667059    1.59693727  -0.41570822
   -0.12330739]]
[[  4.04939623   7.78282273 -16.69281922   2.15967334  -0.45623777
   -0.05187933]]
[[  3.19431508  10.48214169 -14.26397017   2.53853572  -0.53296096
    0.02097736]]
[[  2.44011425  12.44173237 -11.97635398   2.82722822  -0.59026339
    0.07910481]]
[[ 1.73365701 13.97170088 -9.95970099  3.05907498 -0.63510762  0.13125907]]
[[ 1.11787829 15.22849459 -8.45328179  3.23658759 -0.66966121  0.17032384]]
[[ 0.56986516 16.40552332 -7.35854424  3.38348795 -0.69366217  0.20679184]]
[[ 0.08273425 17.38965131 -6.71148002  3.48648838 -0.71521619  0.23809027]]
[[-0.40937111 18.14776584 -6.75329681  3.53025815 -0.7909053   0.26919589]]
[[-0.73386046 18.31236442 -7.64545699  3.5296394  -0.93063773  0.30296682]]
[[-0.72008841 18.26582397 -8.81737201  3.55840901 -0.99123665  0.33120143]]
[[-0.61265182 18.27513275 -9.78624923  3.59505148 -0.99622263  0.35462598]]
[[ -0.51368265  18.28313705 -10.45421557   3.61964157  -0.99103194
    0.36906227]]
[[ -0.42780374  18.28357116 -10.9358786    3.63542582  -0.98425643
    0.3782443 ]]
[[ -0.35927588  18.27914782 -11.26168552   3.64514235  -0.9777272
    0.38322896]]
[[ -0.3018379   18.27270172 -11.50129413   3.6508803   -0.97226963
    0.38609688]]
[[ -0.25466941  18.26696419 -11.67666455   3.65371825  -0.96758814
    0.38768756]]
[[ -0.2141677   18.26173688 -11.7988721    3.65488443  -0.96412262
    0.38822599]]
[[ -0.1848586   18.2545999  -11.89094722   3.65461007  -0.96076339
    0.38809391]]
[[ -0.15877669  18.24811052 -11.9637971    3.65369542  -0.95845335
    0.38792924]]
[[ -0.13534006  18.24131022 -12.01779758   3.65264197  -0.95656737
    0.38744568]]
[[ -0.11543109  18.23443693 -12.06053094   3.65135997  -0.9550323
    0.38670665]]
[[ -0.09861154  18.23019649 -12.09389251   3.64953657  -0.95378311
    0.3858464 ]]
[[ -0.08394712  18.22564083 -12.12771898   3.64776964  -0.95293998
    0.38506763]]
[[ -0.07139282  18.22152717 -12.15635449   3.64627638  -0.95225132
    0.38413361]]
[[ -0.06001982  18.21637445 -12.18049809   3.64445215  -0.95156797
    0.38340315]]
[[ -0.04937019  18.21048092 -12.20538007   3.64251876  -0.95075733
    0.38236254]]
[[ -0.03763048  18.20788068 -12.22339353   3.640978    -0.95066061
    0.3816085 ]]
[[ -0.02548652  18.20671965 -12.24106121   3.63977774  -0.95014565
    0.38089558]]
[[-1.53470499e-02  1.82006394e+01 -1.22549244e+01  3.63781541e+00
  -9.49799249e-01  3.80177759e-01]]
[[-1.06168535e-02  1.81941546e+01 -1.22710130e+01  3.63630361e+00
  -9.49183153e-01  3.79214993e-01]]
[[-2.86934719e-03  1.81949747e+01 -1.22851832e+01  3.63554242e+00
  -9.48927990e-01  3.78588388e-01]]
[[ 5.44113159e-03  1.81954763e+01 -1.22980618e+01  3.63426522e+00
  -9.48514157e-01  3.77901246e-01]]
[[ 1.28217809e-02  1.81910339e+01 -1.23134074e+01  3.63275593e+00
  -9.48226164e-01  3.77324324e-01]]
[[  0.01861747  18.18615546 -12.32767724   3.631582    -0.94768201
    0.37665687]]
[[  0.02314531  18.18712289 -12.33892537   3.6308762   -0.94732227
    0.37629267]]
[[  0.03004386  18.1864009  -12.35049312   3.62984215  -0.9473565
    0.37570318]]
[[  0.0344997   18.18154141 -12.36645041   3.62843885  -0.94676168
    0.37497263]]
[[  0.03881193  18.17876976 -12.37963917   3.62736494  -0.94621365
    0.37456101]]
[[  0.04326737  18.1802955  -12.389314     3.62685333  -0.9460295
    0.37416459]]
[[  0.04631531  18.17698115 -12.40297252   3.62585181  -0.94568763
    0.37355152]]
[[  0.0519998   18.17263755 -12.41847397   3.6245141   -0.94541748
    0.37310079]]
[[  0.05534411  18.17177764 -12.42733737   3.62367646  -0.94505859
    0.37272915]]
[[  0.06138902  18.17095116 -12.43990115   3.62302403  -0.94502317
    0.37229874]]
[[  0.06420136  18.16849998 -12.44921079   3.62218488  -0.94467143
    0.3718221 ]]
[[  0.06976833  18.16310034 -12.46319893   3.62114614  -0.94442372
    0.37160518]]
[[  0.07083405  18.16253229 -12.4738073    3.62040194  -0.94386921
    0.37117821]]
[[  0.07666067  18.16072803 -12.48594226   3.61981577  -0.94407162
    0.37068468]]
[[  0.08126038  18.15667528 -12.49680139   3.61908587  -0.94366957
    0.37037583]]
[[  0.08374877  18.15429077 -12.50378022   3.61816595  -0.94342613
    0.3698173 ]]
[[  0.08878763  18.15243635 -12.51637881   3.61741659  -0.94348846
    0.36944454]]
[[  0.09045543  18.15232701 -12.52580173   3.61671025  -0.94333689
    0.36908886]]
[[  0.09120179  18.15003053 -12.53692311   3.61592853  -0.9429983
    0.36871403]]
[[  0.09586337  18.14805383 -12.54718637   3.61507273  -0.94273853
    0.36842144]]
[[  0.10139828  18.14584777 -12.55673144   3.61440371  -0.94292527
    0.36794827]]
[[  0.10479947  18.14006289 -12.56593213   3.61362893  -0.94258725
    0.36765574]]
[[  0.10804561  18.13600197 -12.57510705   3.61297074  -0.94205389
    0.36743525]]
[[  0.11021995  18.13650801 -12.58097508   3.61242172  -0.94190479
    0.36716812]]
[[  0.11306875  18.13565702 -12.58780267   3.61183037  -0.94206886
    0.36654492]]
[[  0.1159888   18.13090413 -12.59704192   3.61109912  -0.94135444
    0.36639497]]
[[  0.11908265  18.12604453 -12.60219041   3.61052359  -0.94104267
    0.36607194]]
[[  0.12061989  18.1231439  -12.61030813   3.61009554  -0.9408964
    0.36565033]]
[[  0.12427081  18.12231721 -12.61543498   3.60937349  -0.94077137
    0.36530746]]
[[  0.12535494  18.11695209 -12.62827898   3.60867241  -0.94033652
    0.36503507]]
[[  0.13116804  18.11597326 -12.63626522   3.60811399  -0.93999019
    0.36492998]]
[[  0.13256406  18.11509882 -12.64326055   3.60751038  -0.93976676
    0.36456445]]
[[  0.13572608  18.10850049 -12.65802704   3.60656493  -0.93993518
    0.36422904]]
[[  0.13860965  18.1063035  -12.66731261   3.60577109  -0.93987854
    0.36404937]]
[[  0.14127427  18.10500687 -12.67680555   3.60525008  -0.93960588
    0.36378179]]
[[  0.14427069  18.0998914  -12.6888046    3.60428705  -0.93996857
    0.36330125]]
[[  0.14846507  18.09917641 -12.69877903   3.6038275   -0.93974253
    0.36294126]]
[[  0.15078513  18.09930948 -12.70346729   3.60340574  -0.93944004
    0.36277757]]
[[  0.15269791  18.09594678 -12.71055403   3.6026173   -0.93938551
    0.36251216]]
[[  0.15504532  18.09195729 -12.71675254   3.60193244  -0.93904087
    0.36212486]]
[[  0.16059875  18.08935223 -12.72841168   3.60155895  -0.93884289
    0.36213024]]
[[  0.16501001  18.09229072 -12.73212319   3.60125757  -0.93874134
    0.36187092]]
[[  0.16483607  18.0873773  -12.74004704   3.6002803   -0.93841237
    0.3614931 ]]
[[  0.1645422   18.07959594 -12.75418461   3.59948334  -0.93822548
    0.3611211 ]]
[[  0.16890294  18.07982292 -12.76159142   3.59934107  -0.93842917
    0.36108343]]
[[  0.16999852  18.07626849 -12.76913599   3.59881647  -0.93796629
    0.3606924 ]]
[[  0.16988009  18.06969266 -12.7771055    3.59763031  -0.93794882
    0.36026152]]
[[  0.17259495  18.06807177 -12.78624526   3.59735933  -0.93775333
    0.35999905]]
[[  0.17674349  18.06892536 -12.79481212   3.59712495  -0.93750926
    0.36014335]]
[[  0.18029545  18.0680656  -12.79657731   3.59654402  -0.93757456
    0.35975646]]
[[  0.18069193  18.06185718 -12.8051547    3.59577434  -0.93725798
    0.35930018]]
[[  0.18204207  18.06250468 -12.81205842   3.59552167  -0.93721043
    0.35921759]]
[[  0.18560309  18.06107531 -12.8176414    3.59543904  -0.93725271
    0.35904494]]
[[  0.18812908  18.05735624 -12.81901795   3.59471457  -0.93719884
    0.35869362]]
[[  0.18797748  18.05289235 -12.82591546   3.59392676  -0.93681239
    0.35840521]]
[[  0.19311798  18.05395238 -12.83065361   3.59381427  -0.93689388
    0.3583268 ]]
[[  0.19611844  18.05469665 -12.83497208   3.59370191  -0.93682107
    0.35817778]]
[[  0.20025908  18.05143292 -12.8418007    3.59289856  -0.9367053
    0.35787744]]
[[  0.20135908  18.04769452 -12.84735673   3.59241823  -0.93629091
    0.35775513]]
[[  0.19993862  18.04972588 -12.85280013   3.59236653  -0.93636876
    0.35756947]]
[[  0.2042232   18.04701223 -12.8585532    3.59211685  -0.93631969
    0.35736693]]
[[  0.20604381  18.04577379 -12.8643388    3.59136566  -0.93635352
    0.35712939]]
[[  0.20680444  18.04544038 -12.87029669   3.59100755  -0.93601273
    0.35684905]]
[[  0.21075182  18.04648182 -12.87360919   3.59084795  -0.93626956
    0.35679445]]
[[  0.21275759  18.0433002  -12.87782704   3.59061671  -0.93617553
    0.35677724]]
[[  0.21280899  18.03837035 -12.88322368   3.58992733  -0.9356327
    0.35647488]]
[[  0.21535808  18.03809808 -12.88731269   3.58965974  -0.93562803
    0.35652345]]
[[  0.21644527  18.03901869 -12.89040315   3.58940594  -0.93567774
    0.35634764]]
[[  0.21914281  18.03551907 -12.90148812   3.58877363  -0.93572545
    0.35612459]]
[[  0.22108312  18.03508651 -12.90627289   3.58843828  -0.93537745
    0.35611414]]
[[  0.22337841  18.0326388  -12.91014507   3.58780821  -0.93543114
    0.35601351]]
[[  0.22644202  18.02831122 -12.92075489   3.58749649  -0.93565114
    0.35581276]]
[[  0.22816555  18.02758994 -12.92647928   3.58717765  -0.93565754
    0.3556139 ]]
[[  0.22963171  18.02718627 -12.93073928   3.58662636  -0.93532119
    0.35558593]]
[[  0.23164106  18.02486472 -12.93653309   3.58624261  -0.9354716
    0.35539022]]
[[  0.23397462  18.02353336 -12.94354845   3.58596079  -0.93560432
    0.3552617 ]]
[[  0.23401381  18.02282952 -12.94695594   3.58563858  -0.93506932
    0.35517023]]
[[  0.23393592  18.0239706  -12.94577666   3.5853963   -0.93486555
    0.35484259]]
[[  0.23898225  18.02204982 -12.95107816   3.58489066  -0.93530719
    0.35466398]]
[[  0.23869752  18.02081085 -12.95796476   3.58457658  -0.93502304
    0.35450228]]
[[  0.24142228  18.02163415 -12.95940138   3.584366    -0.93514631
    0.35457763]]
[[  0.24169541  18.02013546 -12.96282333   3.58398583  -0.93490238
    0.35442376]]
[[  0.24205484  18.01513774 -12.9698786    3.58353048  -0.93477127
    0.35399441]]
[[  0.24664953  18.01339553 -12.97602841   3.58334598  -0.93494111
    0.35398259]]
[[  0.24783198  18.01219143 -12.98144779   3.58308062  -0.93448827
    0.35408979]]
[[  0.2506757   18.01213442 -12.9836106    3.58263559  -0.93481881
    0.35380096]]
[[  0.25118552  18.00935896 -12.98782075   3.58222958  -0.93491243
    0.35346323]]
[[  0.25410552  18.0073812  -12.99662776   3.58191786  -0.93476444
    0.35352533]]
[[  0.25411376  18.01054458 -12.9952462    3.58196567  -0.9347661
    0.3533893 ]]
[[  0.2557321   18.00782319 -13.002062     3.58131466  -0.93460767
    0.35323723]]
[[  0.25452973  18.00358407 -13.00743328   3.58085389  -0.93432323
    0.3531652 ]]
[[  0.25709738  18.00197792 -13.0113975    3.58089327  -0.93410671
    0.35302533]]
[[  0.25952192  18.00071462 -13.01484023   3.5805992   -0.93398362
    0.35294101]]
[[  0.25910958  17.99770352 -13.01955628   3.57988254  -0.93377798
    0.35266973]]
[[  0.25774543  17.99622036 -13.02339891   3.5796252   -0.9337876
    0.35248006]]
[[  0.26090829  17.99731308 -13.02586482   3.57976693  -0.9338372
    0.35256213]]
[[  0.26193479  17.99636414 -13.02723591   3.57918959  -0.93370922
    0.35237245]]
[[  0.26221952  17.99235385 -13.0321048    3.57854179  -0.93366005
    0.35205997]]
[[  0.26516061  17.99198178 -13.03594334   3.57861389  -0.93363147
    0.3521644 ]]
[[  0.26647099  17.99171535 -13.03811764   3.57856396  -0.93376632
    0.35203379]]
[[  0.26645249  17.9898896  -13.04100648   3.57775268  -0.93372869
    0.35189387]]
[[  0.26400316  17.98673834 -13.04809916   3.57725325  -0.93331066
    0.35166735]]
[[  0.26499701  17.98824468 -13.04754857   3.57755415  -0.93329733
    0.35179167]]
[[  0.26487819  17.988076   -13.04904885   3.57718769  -0.9333755
    0.35153777]]
[[  0.26760764  17.9817987  -13.05772974   3.57637086  -0.9331244
    0.35137858]]
[[  0.26965393  17.97955888 -13.06464743   3.57615425  -0.93300333
    0.35138151]]
[[  0.27140166  17.9824011  -13.06578102   3.57621534  -0.93313802
    0.35108511]]
[[  0.27171474  17.97724457 -13.06789948   3.57550239  -0.93299841
    0.35108198]]
[[  0.27523591  17.9728238  -13.07801432   3.57491421  -0.93318397
    0.35097169]]
[[  0.27665055  17.9766709  -13.0775322    3.57470256  -0.93328492
    0.35078297]]
[[  0.28056801  17.97405875 -13.082167     3.57449692  -0.93365478
    0.35066129]]
[[  0.27942905  17.96866877 -13.08963606   3.57372308  -0.93337651
    0.35031608]]
[[  0.28403263  17.97000328 -13.0889105    3.57351032  -0.93336894
    0.35020527]]
[[  0.28449551  17.96579908 -13.09697722   3.57330631  -0.93345395
    0.35010936]]
[[  0.28806012  17.9614431  -13.10359402   3.57292511  -0.93368364
    0.34999196]]
[[  0.28570375  17.96119448 -13.10763993   3.57255817  -0.9335275
    0.35000159]]
[[  0.28832882  17.96166389 -13.11021888   3.5722582   -0.93344466
    0.34989643]]
[[  0.28907414  17.96033532 -13.11338099   3.57208558  -0.93358859
    0.3497349 ]]
[[  0.29017216  17.95769896 -13.11767495   3.57166041  -0.93354497
    0.34963747]]
[[  0.28979173  17.95799434 -13.12196545   3.57129604  -0.93308542
    0.34962421]]
[[  0.29704688  17.95138294 -13.21272278   3.56952154  -0.93408133
    0.34949022]]
[[  0.3027432   17.9452567  -13.28853916   3.56797648  -0.93465083
    0.34912167]]
[[  0.30537672  17.94002413 -13.34350609   3.56668577  -0.93466601
    0.34907578]]
[[  0.30901983  17.93828434 -13.38149877   3.56572309  -0.93487646
    0.34891382]]
[[  0.30916148  17.93602152 -13.4092142    3.56484428  -0.93521303
    0.34890075]]
[[  0.31262015  17.93470833 -13.42891684   3.5642842   -0.93563402
    0.34867536]]
[[  0.31352741  17.9341584  -13.44698551   3.56388431  -0.93520724
    0.34863952]]
[[  0.3147758   17.93088517 -13.45957878   3.56337906  -0.93532564
    0.34849523]]
[[  0.31790918  17.9289927  -13.46921503   3.56291631  -0.93551859
    0.34839851]]
[[  0.31943942  17.92796038 -13.48014021   3.56266351  -0.93563392
    0.34823297]]
[[  0.31956662  17.92735746 -13.48656894   3.56245127  -0.93535374
    0.34825073]]
[[  0.31970721  17.92457693 -13.49192665   3.56212037  -0.93547446
    0.34809895]]
[[  0.32293491  17.92385191 -13.49748266   3.56150754  -0.93562891
    0.3478757 ]]
[[  0.324959    17.92327224 -13.50709251   3.56138302  -0.93513263
    0.34786576]]
[[  0.32748668  17.92400811 -13.5091514    3.56143982  -0.93523266
    0.3477561 ]]
[[  0.32848245  17.92063212 -13.51744733   3.56100759  -0.9350262
    0.34755636]]
[[  0.32706088  17.91656086 -13.5267965    3.5600334   -0.93500168
    0.34725146]]
[[  0.32613865  17.91396541 -13.53630304   3.55965403  -0.93474078
    0.34726773]]
[[  0.33001054  17.91467846 -13.53885234   3.55927627  -0.93503447
    0.34707333]]
[[  0.33067719  17.90863459 -13.54508452   3.55852158  -0.93499043
    0.34680827]]
[[  0.33163491  17.90564597 -13.55517317   3.55796055  -0.93494381
    0.34678441]]
[[  0.33308168  17.90815838 -13.55778459   3.55815657  -0.93510651
    0.34654752]]
[[  0.33227683  17.90857616 -13.56099619   3.55797589  -0.93463243
    0.3465749 ]]
[[  0.33340117  17.90808005 -13.56562508   3.55750474  -0.9341509
    0.34647332]]
[[  0.33333426  17.90852592 -13.56705456   3.55730392  -0.93440397
    0.34638679]]
[[  0.33504204  17.90716426 -13.57084893   3.55752416  -0.93423416
    0.34638734]]
[[  0.33368608  17.90480184 -13.57599114   3.55709074  -0.93398002
    0.34634196]]
[[  0.33304826  17.90219892 -13.57745293   3.55675462  -0.93384452
    0.34602337]]
[[  0.33334516  17.89992033 -13.58510379   3.55672129  -0.93367408
    0.34617833]]
[[  0.33428969  17.90228451 -13.58427127   3.55670141  -0.93414203
    0.3460986 ]]
[[  0.33297788  17.89771451 -13.590123     3.5561645   -0.93344396
    0.34594896]]
[[  0.33341583  17.89634851 -13.59173949   3.55598089  -0.93339449
    0.3458242 ]]
[[  0.33797675  17.89882573 -13.59184946   3.55606073  -0.93353371
    0.34595991]]
[[  0.33769622  17.89723211 -13.59913794   3.55587877  -0.93342227
    0.34584761]]
[[  0.33628281  17.89459347 -13.60411544   3.55532397  -0.93288649
    0.3456287 ]]
[[  0.33645342  17.8949477  -13.60430082   3.5553595   -0.93289856
    0.34553684]]
[[  0.3379275   17.89553154 -13.60698844   3.55528265  -0.93298829
    0.34555821]]
[[  0.33856883  17.89392384 -13.61160147   3.55496446  -0.93292242
    0.34552342]]
[[  0.33892559  17.89267608 -13.61590498   3.55478224  -0.93269946
    0.34546085]]
[[  0.33996599  17.8926807  -13.61872626   3.55462309  -0.93259513
    0.34544108]]
[[  0.34060533  17.88997512 -13.6202635    3.55438785  -0.93260353
    0.34527078]]
[[  0.34117717  17.88949191 -13.62250326   3.55410844  -0.93240168
    0.34514549]]
[[  0.34293278  17.89217354 -13.62566125   3.55403932  -0.93214027
    0.34516649]]
[[  0.3434919   17.89041693 -13.62593385   3.55378527  -0.9324054
    0.34517991]]
[[  0.34609184  17.8851785  -13.62890551   3.55348406  -0.93259798
    0.34495862]]
[[  0.34778092  17.88726416 -13.63054537   3.55332925  -0.93228307
    0.34511886]]
[[ 0.34605458 17.88472695 36.36453211  3.55309219 -0.93192649  0.34504684]]
[[ 0.34714626 17.88450203 36.3638703   3.5529761  -0.93221274  0.34480333]]
[[ 0.34731963 17.88088749 36.35920069  3.55270517 -0.9321119   0.34475916]]
[[ 0.34615987 17.88099291 36.35444915  3.55248794 -0.93155446  0.34496741]]
[[ 0.34687372 17.87924969 36.3517759   3.55239784 -0.93187671  0.34464019]]
[[ 0.34715692 17.87587634 36.3487466   3.55220729 -0.93190064  0.34453247]]
[[ 0.34761854 17.8742497  36.34326517  3.55193586 -0.93160403  0.34454678]]
[[ 0.34902456 17.87576754 36.34292041  3.55175422 -0.93138475  0.34473727]]
[[ 0.35069264 17.87573665 36.34097327  3.55155265 -0.93158913  0.34434696]]
[[ 0.35143337 17.87366091 36.33804551  3.55146231 -0.9315025   0.34434792]]
[[ 0.3529322  17.87374746 36.33884174  3.55125966 -0.93129061  0.34439968]]
[[ 0.35218539 17.87291223 36.33882584  3.55101043 -0.93128929  0.34435983]]
[[ 0.35452962 17.8703783  36.28863364  3.55119008 -0.93148033  0.34416304]]
[[ 1.00131656 19.47218924 33.66201967  3.66152043 -0.90881834  0.30646511]]
[[ 2.6329658  24.56315687 27.62292046  3.9175143  -0.88572135  0.15316716]]
[[ 4.31892649e+00  2.51634688e+01  2.64454487e+01  3.76818785e+00
  -9.91890971e-01  2.63284858e-02]]
[[ 5.62347713 23.0963696  26.54372897  3.48804812 -1.10936231 -0.03189785]]
[[ 6.69703639 21.00964574 25.29138398  3.21680454 -1.21747887 -0.0678877 ]]
[[ 7.63228327 18.19703369 23.60217867  2.91330289 -1.29643558 -0.1308652 ]]
[[ 7.99879542 14.97433379 21.79981806  2.59220663 -1.29494379 -0.13349042]]
[[ 8.07066069 11.92228356 20.62345921  2.29107195 -1.24983017 -0.12915375]]
[[ 7.73639208  9.23101946 19.93852952  2.02309404 -1.1294107  -0.11551526]]
[[ 7.38248898  7.14087013 19.4083751   1.80753034 -1.0309313  -0.10267621]]
[[ 7.16443021  5.72446892 19.13238397  1.65545325 -0.98236617 -0.09252404]]
[[ 6.98949651  4.6849952  18.94831402  1.5406458  -0.95534817 -0.08457153]]
[[ 6.86758436  3.8656816  18.92536909  1.4370848  -0.95814565 -0.07702345]]
[[ 6.76633939  3.21341514 18.98291394  1.34834813 -0.97053133 -0.07097847]]
[[ 6.64421331  2.72057    19.13302933  1.27093279 -0.98444484 -0.06598581]]
[[ 6.52009762  2.30347232 19.35473041  1.19639148 -1.00723724 -0.05992227]]
[[ 6.39603814  1.96686183 19.55575797  1.13387498 -1.02322888 -0.05563971]]
[[ 6.28342029  1.66679834 19.79032572  1.07251489 -1.03748689 -0.05248132]]
[[ 6.17376208  1.46472239 19.95288258  1.02810615 -1.04792948 -0.04935973]]
[[ 6.10884933  1.36761763 19.94506211  1.0040172  -1.0541052  -0.04668649]]
[[ 6.06039107  1.25211462 20.00506193  0.97772083 -1.06510473 -0.04535102]]
[[ 5.99577592  1.15470677 20.11157202  0.94897306 -1.07246648 -0.04335573]]
[[ 5.8939809   1.01937537 20.38923031  0.915731   -1.07040529 -0.04237592]]
[[ 5.77013365  0.89646076 20.7495773   0.8839189  -1.05625682 -0.04197663]]
[[ 5.5509384   0.78315774 21.24533167  0.84901915 -1.00792552 -0.04173416]]
[[ 5.14776285  0.66208469 21.89337495  0.8132472  -0.88731614 -0.04152078]]
[[ 4.53838649  0.58921062 22.83888252  0.75971877 -0.70235844 -0.04046462]]
[[ 3.550914    0.68477019 24.07126066  0.6979396  -0.42786593 -0.0366748 ]]
[[ 2.40487943  0.98763484 25.16085247  0.65159941 -0.13311771 -0.02863958]]
[[ 1.55928813e+00  1.24078347e+00  2.59153795e+01  6.16117824e-01
   7.18819087e-02 -2.09971167e-02]]
[[ 9.62169087e-01  1.40881705e+00  2.64540738e+01  5.91090583e-01
   2.16274891e-01 -1.56201115e-02]]
[[ 5.46299016e-01  1.52435360e+00  2.68373469e+01  5.71610652e-01
   3.12990961e-01 -1.17022815e-02]]
[[ 2.67745297e-01  1.62004949e+00  2.70526532e+01  5.60877705e-01
   3.76540428e-01 -8.15645572e-03]]
[[ 6.16244830e-02  1.68484754e+00  2.71970357e+01  5.52691961e-01
   4.20005602e-01 -6.19864217e-03]]
[[-8.44388038e-02  1.72298989e+00  2.73444730e+01  5.43744165e-01
   4.50580834e-01 -4.15426531e-03]]
[[-1.87226053e-01  1.74539612e+00  2.74586659e+01  5.35295771e-01
   4.69075669e-01 -3.39512362e-03]]
[[-2.53348461e-01  1.77239590e+00  2.75096412e+01  5.32207252e-01
   4.81651544e-01 -2.07503816e-03]]
[[-3.20139857e-01  1.80446174e+00  2.75195631e+01  5.32788986e-01
   4.93441821e-01 -8.45921343e-04]]
[[-3.83065269e-01  1.83529049e+00  2.75636614e+01  5.29268654e-01
   5.00501738e-01  1.89106325e-04]]
[[-4.24427998e-01  1.86364884e+00  2.75712952e+01  5.28194671e-01
   5.04675232e-01  1.19301265e-03]]
[[-4.50357940e-01  1.87466067e+00  2.75821770e+01  5.27185785e-01
   5.06350483e-01  2.38720478e-03]]
[[-4.72526864e-01  1.87634518e+00  2.76115086e+01  5.25076188e-01
   5.08597809e-01  3.14265670e-03]]
[[-4.89866822e-01  1.88178911e+00  2.76701247e+01  5.21008383e-01
   5.09724195e-01  2.96430585e-03]]
[[-4.87341858e-01  1.87166113e+00  2.77024100e+01  5.17105316e-01
   5.07503194e-01  3.67239660e-03]]
[[-5.06711027e-01  1.89384694e+00  2.76797539e+01  5.21030576e-01
   5.09710433e-01  3.87282574e-03]]
[[-5.14642129e-01  1.88365183e+00  2.77253284e+01  5.18769210e-01
   5.09409576e-01  3.62446599e-03]]
[[-5.21251784e-01  1.88093120e+00  2.77591012e+01  5.17369156e-01
   5.09664929e-01  4.03739080e-03]]
[[-5.24615680e-01  1.88466607e+00  2.77582414e+01  5.17383295e-01
   5.08330155e-01  3.85987636e-03]]
[[-5.25128300e-01  1.87755021e+00  2.78157015e+01  5.13487427e-01
   5.06845437e-01  4.35520392e-03]]
[[-5.26913329e-01  1.86219151e+00  2.78838542e+01  5.08591476e-01
   5.06283694e-01  4.30868517e-03]]
[[-5.27519583e-01  1.86552448e+00  2.78891513e+01  5.09318531e-01
   5.05616952e-01  4.69192935e-03]]
[[-5.30541042e-01  1.88121603e+00  2.78739626e+01  5.11887917e-01
   5.06606047e-01  5.19137498e-03]]
[[-5.26544273e-01  1.86371137e+00  2.79213302e+01  5.07270089e-01
   5.03599824e-01  5.04246010e-03]]
[[-5.41577552e-01  1.86970742e+00  2.79187971e+01  5.09197601e-01
   5.06468183e-01  4.87094880e-03]]
[[-5.43012489e-01  1.85877216e+00  2.79609124e+01  5.06857192e-01
   5.05179381e-01  4.98979270e-03]]
[[-5.36156437e-01  1.85175380e+00  2.80032749e+01  5.02167055e-01
   5.01243431e-01  5.13434790e-03]]
[[-5.44655583e-01  1.85586081e+00  2.80149035e+01  5.02507370e-01
   5.03176426e-01  5.03281095e-03]]
[[-5.54471962e-01  1.85924580e+00  2.80129181e+01  5.04344110e-01
   5.03442684e-01  5.02197306e-03]]
[[-5.48169131e-01  1.86635743e+00  2.80098997e+01  5.04913650e-01
   5.02425677e-01  5.60923293e-03]]
[[-5.52309367e-01  1.85955558e+00  2.80959166e+01  5.01673954e-01
   5.02688579e-01  5.46420603e-03]]
[[-5.51016801e-01  1.85056333e+00  2.80951134e+01  5.00699031e-01
   5.00787133e-01  5.48561283e-03]]
[[-5.54845189e-01  1.85149721e+00  2.80749668e+01  5.01729681e-01
   5.01587975e-01  5.36264943e-03]]
[[-5.61906364e-01  1.84493387e+00  2.80995436e+01  5.01070928e-01
   5.01907383e-01  5.28072565e-03]]
[[-5.56069537e-01  1.84923687e+00  2.80769713e+01  5.01784256e-01
   5.00711639e-01  5.64668331e-03]]
[[-5.63734678e-01  1.84692513e+00  2.81065814e+01  5.01002645e-01
   5.01790859e-01  5.32718690e-03]]
[[-5.58816263e-01  1.84865173e+00  2.80942529e+01  5.01104408e-01
   5.00264271e-01  5.50642801e-03]]
[[-5.67030882e-01  1.84515842e+00  2.81113839e+01  5.01337612e-01
   5.01408298e-01  5.34249201e-03]]
[[-5.63301985e-01  1.84903764e+00  2.80953816e+01  5.02008212e-01
   5.00577910e-01  5.51490679e-03]]
[[-5.67467993e-01  1.84077721e+00  2.81270941e+01  5.00720285e-01
   5.00769594e-01  5.35234255e-03]]
[[-5.66835730e-01  1.84280950e+00  2.81225833e+01  5.01101440e-01
   5.01054920e-01  5.38102443e-03]]
[[-5.68308846e-01  1.84480306e+00  2.81227026e+01  5.01675199e-01
   5.00957624e-01  5.50838773e-03]]
[[-5.66855561e-01  1.84193181e+00  2.81229182e+01  5.01523718e-01
   5.00448270e-01  5.49687768e-03]]
[[-5.66576014e-01  1.83674930e+00 -2.18634028e+01  5.00855056e-01
   5.00305182e-01  5.43869571e-03]]
[[-5.70382654e-01  1.83767610e+00 -2.18627581e+01  5.01178143e-01
   5.01077616e-01  5.46045300e-03]]
[[-5.73834657e-01  1.84030205e+00 -2.18616946e+01  5.01469650e-01
   5.01092850e-01  5.51749842e-03]]
[[-5.71438385e-01  1.84033660e+00 -2.18640177e+01  5.01411902e-01
   5.00179463e-01  5.56210362e-03]]
[[-5.71048908e-01  1.83867410e+00 -2.18545337e+01  5.01092433e-01
   5.00140069e-01  5.57385420e-03]]
[[-5.77531843e-01  1.83504018e+00 -2.18502430e+01  5.01193889e-01
   5.00971979e-01  5.43958837e-03]]
[[-5.73067078e-01  1.83782062e+00 -2.18564003e+01  5.01457401e-01
   5.00095344e-01  5.50026473e-03]]
[[-5.75063146e-01  1.83333409e+00 -2.18514108e+01  5.01347734e-01
   5.00238273e-01  5.49064190e-03]]
[[-5.77446086e-01  1.83161948e+00 -2.18492385e+01  5.01281284e-01
   5.00141712e-01  5.55996767e-03]]
[[-5.79244628e-01  1.82988661e+00 -2.18358126e+01  5.00934412e-01
   5.01057541e-01  5.47215483e-03]]
[[-5.77604759e-01  1.83247484e+00 -2.18459472e+01  5.01283062e-01
   5.00083609e-01  5.57554597e-03]]
[[-5.76949417e-01  1.83335046e+00 -2.18458772e+01  5.01393152e-01
   4.99636813e-01  5.65070497e-03]]
[[-5.81237992e-01  1.82986357e+00 -2.18366406e+01  5.01049059e-01
   5.00600471e-01  5.50037700e-03]]
[[-5.81386882e-01  1.82689923e+00 -2.18323382e+01  5.01009213e-01
   5.00634641e-01  5.50584312e-03]]
[[-5.78100106e-01  1.82857275e+00 -2.18412080e+01  5.01266061e-01
   4.99616290e-01  5.66070754e-03]]
[[-5.78510360e-01  1.82584421e+00 -2.18296693e+01  5.00921285e-01
   5.00071196e-01  5.52771902e-03]]
[[-5.82518960e-01  1.82500412e+00 -2.18240743e+01  5.00867494e-01
   5.00806871e-01  5.44404934e-03]]
[[-5.81202383e-01  1.82684718e+00 -2.18289524e+01  5.01016576e-01
   4.99931119e-01  5.57989790e-03]]
[[-5.77865475e-01  1.82846229e+00 -2.18341410e+01  5.01183220e-01
   4.99123317e-01  5.73095452e-03]]
[[-5.80803829e-01  1.82512749e+00 -2.18186798e+01  5.00696503e-01
   5.00476768e-01  5.60338216e-03]]
[[-5.82168685e-01  1.82517717e+00 -2.18168114e+01  5.00775362e-01
   5.00908063e-01  5.54812393e-03]]
[[-5.77316809e-01  1.82461846e+00 -2.18272015e+01  5.00901416e-01
   4.99169750e-01  5.73041246e-03]]
[[-5.80657832e-01  1.82255279e+00 -2.18267012e+01  5.00930565e-01
   5.00065933e-01  5.68484094e-03]]
[[-5.85205438e-01  1.82299988e+00 -2.18214352e+01  5.01296310e-01
   5.01049392e-01  5.87914066e-03]]
[[-5.85912849e-01  1.82223229e+00 -2.18173574e+01  5.01989147e-01
   5.03408954e-01  6.33193505e-03]]
[[-5.88073108e-01  1.84554847e+00 -2.18317879e+01  5.03909585e-01
   5.02297181e-01  5.47660692e-03]]
[[-5.89731628e-01  1.84558815e+00 -2.18200600e+01  5.02603473e-01
   5.01662972e-01  6.55349234e-03]]
[[-5.91760753e-01  1.85301198e+00 -2.17891008e+01  5.01986193e-01
   5.02361684e-01  6.39078938e-03]]
[[-5.83836266e-01  1.86850005e+00 -2.18070138e+01  5.03428666e-01
   4.98900602e-01  6.56136403e-03]]
[[-5.82532049e-01  1.87213336e+00 -2.17920572e+01  5.03617096e-01
   4.99022999e-01  7.24397493e-03]]
[[-5.76201652e-01  1.87021302e+00 -2.17471950e+01  5.02230344e-01
   4.97023782e-01  7.42371167e-03]]
[[-5.76769958e-01  1.88203098e+00 -2.17221740e+01  5.02723492e-01
   4.95661860e-01  7.78160033e-03]]
[[-5.72990020e-01  1.89011025e+00 -2.17212776e+01  5.03676432e-01
   4.93537481e-01  8.24757787e-03]]
[[-5.67618418e-01  1.90339544e+00 -2.17146251e+01  5.05569401e-01
   4.89522698e-01  8.62646569e-03]]
[[-5.62074254e-01  1.90082283e+00 -2.16458091e+01  5.03523858e-01
   4.89436664e-01  9.91728302e-03]]
[[-5.56534846e-01  1.90450997e+00 -2.16276686e+01  5.04523171e-01
   4.85262403e-01  8.97183174e-03]]
[[-5.41802076e-01  1.90456140e+00 -2.15938861e+01  5.05058718e-01
   4.81454661e-01  9.73676468e-03]]
[[-5.35793930e-01  1.91362415e+00 -2.15254284e+01  5.03808703e-01
   4.78173254e-01  9.26341632e-03]]
[[-5.28751002e-01  1.91236353e+00 -2.14639525e+01  5.03204753e-01
   4.77571231e-01  1.02566091e-02]]
[[-5.09234115e-01  1.91127532e+00 -2.14049752e+01  5.01908755e-01
   4.71908081e-01  1.05309591e-02]]
[[-4.89831855e-01  1.92468074e+00 -2.13817380e+01  5.04305766e-01
   4.68695245e-01  1.16920357e-02]]
[[-4.70179242e-01  1.91907711e+00 -2.12898875e+01  5.01309531e-01
   4.62829157e-01  1.09945398e-02]]
[[-4.59135808e-01  1.91736601e+00 -2.12080157e+01  5.01247401e-01
   4.61673626e-01  1.15679499e-02]]
[[-4.31803413e-01  1.92470546e+00 -2.11410457e+01  4.99435866e-01
   4.55035264e-01  1.16805542e-02]]
[[-4.19666732e-01  1.93468322e+00 -2.10832961e+01  4.99353901e-01
   4.52133563e-01  1.26999133e-02]]
[[-4.22610577e-01  1.95285547e+00 -2.09819383e+01  4.95711625e-01
   4.48591013e-01  1.33380460e-02]]
[[-4.06798328e-01  1.97647046e+00 -2.09387720e+01  4.92612231e-01
   4.41004540e-01  1.45773795e-02]]
[[-4.05041608e-01  1.99956274e+00 -2.08763675e+01  4.92022685e-01
   4.39063127e-01  1.48845792e-02]]
[[-3.81046685e-01  2.02116503e+00 -2.08292024e+01  4.90638812e-01
   4.32987193e-01  1.64233820e-02]]
[[-3.80488128e-01  2.02316620e+00 -2.07243808e+01  4.87671064e-01
   4.31626413e-01  1.69809987e-02]]
[[-3.65666715e-01  2.03789591e+00 -2.06825715e+01  4.86693548e-01
   4.25679667e-01  1.72316155e-02]]
[[-3.40656267e-01  2.03257169e+00 -2.05999269e+01  4.82172155e-01
   4.18895806e-01  1.81633899e-02]]
[[-3.61039625e-01  2.05707183e+00 -2.05277618e+01  4.84455166e-01
   4.22962024e-01  1.74781512e-02]]
[[-3.09594675e-01  2.06289510e+00 -2.04931175e+01  4.79718605e-01
   4.11445870e-01  1.92777726e-02]]
[[-2.86993603e-01  2.06214157e+00 -2.03981152e+01  4.76525716e-01
   4.06769910e-01  1.91110582e-02]]
[[-2.82793361e-01  2.06367421e+00 -2.03211331e+01  4.77570157e-01
   4.07734394e-01  1.90189184e-02]]
[[-2.62572380e-01  2.06713326e+00 -2.02435087e+01  4.75627322e-01
   4.04304484e-01  1.92609956e-02]]
[[ -0.25022405   2.08722525 -20.18913413   0.47415863   0.40129215
    0.02023945]]
[[ -0.21321807   2.09560964 -20.12894793   0.46909915   0.39342108
    0.02143856]]
[[ -0.21467684   2.11086948 -20.03711755   0.46800442   0.39279337
    0.02123973]]
[[ -0.19130726   2.1437958  -20.03228977   0.4668       0.38540178
    0.0218181 ]]
[[ -0.18077357   2.14416746 -19.91891429   0.46205097   0.38443346
    0.02284695]]
[[ -0.15577666   2.15796566 -19.88466319   0.46177975   0.37996089
    0.02324843]]
[[ -0.13197983   2.16259192 -19.81477363   0.4578825    0.37464062
    0.02397299]]
[[ -0.10816162   2.17855603 -19.74153408   0.45505299   0.37124344
    0.02449481]]
[[ -0.10378964   2.18706523 -19.66050695   0.45379527   0.36944879
    0.02428986]]
[[ -0.0937654    2.17392217 -19.56090527   0.45060407   0.36847057
    0.02450579]]
[[ -0.05556994   2.17613271 -19.51562348   0.44745965   0.36140554
    0.02454225]]
[[ -0.02868483   2.16843254 -19.44221125   0.44533009   0.3579002
    0.02509922]]
[[-7.77001848e-04  2.15633483e+00 -1.93847890e+01  4.41054541e-01
   3.51780440e-01  2.47267262e-02]]
[[  0.02788278   2.14488061 -19.29913716   0.43819895   0.34805893
    0.02514997]]
[[  0.05594232   2.13649939 -19.2497609    0.4346921    0.34183489
    0.0250051 ]]
[[  0.06172768   2.13876505 -19.16202928   0.43516584   0.34272697
    0.02393467]]
[[  0.09302953   2.12482538 -19.08333783   0.43187133   0.33897401
    0.02517908]]
[[  0.10084094   2.12446743 -18.99737055   0.43038169   0.3379809
    0.02464739]]
[[  0.13306976   2.12409986 -18.94444641   0.42682831   0.3325939
    0.02507374]]
[[  0.16342415   2.1129318  -18.86631632   0.42063811   0.32749114
    0.02527036]]
[[  0.18271468   2.10893353 -18.79868026   0.41806897   0.32476306
    0.02429097]]
[[  0.21138518   2.09281066 -18.71945641   0.41324149   0.32132003
    0.02497523]]
[[  0.23819387   2.11680654 -18.68695648   0.40989548   0.3169712
    0.02588377]]
[[  0.25969514   2.13406258 -18.61291436   0.40490025   0.31384516
    0.02587829]]
[[  0.27940517   2.13309401 -18.54731584   0.40073411   0.31095605
    0.02641878]]
[[  0.30862051   2.1422845  -18.49906076   0.39693419   0.30682834
    0.02635413]]
[[  0.33265365   2.13096037 -18.42545772   0.39383895   0.30419809
    0.02700387]]
[[  0.35386018   2.12768857 -18.33705794   0.39048083   0.30266218
    0.02685141]]
[[  0.37456962   2.12019067 -18.29422034   0.38768813   0.29918337
    0.02750105]]
[[  0.38272367   2.11857608 -18.20340634   0.38200298   0.29613673
    0.02664   ]]
[[  0.38734847   2.11219255 -18.13514991   0.37861416   0.29383745
    0.02691155]]
[[  0.40100667   2.10690234 -18.08474126   0.37562565   0.29050518
    0.02747728]]
[[  0.41174613   2.1013722  -18.02446299   0.37118334   0.28707024
    0.02685722]]
[[  0.43181669   2.08703188 -17.95272719   0.36620564   0.28357746
    0.0276867 ]]
[[  0.45515278   2.07888828 -17.91880581   0.36334062   0.27902142
    0.02828788]]
[[  0.47477616   2.0713408  -17.84842148   0.35849227   0.27618396
    0.02744126]]
[[  0.52769402   2.06565612 -17.81790819   0.35149044   0.27034382
    0.02923004]]
[[  0.57215602   2.08693657 -17.82002558   0.34519436   0.26370903
    0.0290157 ]]
[[  0.60078936   2.13516634 -17.7531303    0.34152445   0.2655512
    0.0307186 ]]
[[  0.6434102    2.16322863 -17.72145083   0.33666061   0.26405149
    0.03163221]]
[[  0.68434572   2.17902706 -17.67334936   0.3326991    0.26262022
    0.03262173]]
[[  0.71118708   2.1823638  -17.61199511   0.32728086   0.26126713
    0.03252646]]
[[  0.75074512   2.18537729 -17.59835147   0.32465442   0.256296
    0.03262435]]
[[  0.77393398   2.17017963 -17.51745499   0.3189007    0.25579334
    0.03199778]]
[[  0.8228688    2.15625462 -17.49907695   0.31612901   0.25167968
    0.03271147]]
[[  0.85906583   2.12948162 -17.40863107   0.3093827    0.25061827
    0.0316956 ]]
[[  0.89966671   2.11170613 -17.35942058   0.3068043    0.2485728
    0.03166814]]
[[  0.9239246    2.09194355 -17.27333798   0.30209607   0.2482505
    0.03112752]]
[[  0.96471442   2.07135732 -17.2288929    0.29871366   0.24557629
    0.0309179 ]]
[[  0.99780357   2.04758644 -17.17021877   0.29485866   0.24346428
    0.03082669]]
[[  1.02082979   2.02326551 -17.14889325   0.28916664   0.23931531
    0.03152601]]
[[  1.026121     2.0086141  -17.08620882   0.2827988    0.23748431
    0.03127874]]
[[  1.0405507    1.98632294 -17.06163139   0.27017874   0.23117571
    0.03068761]]
[[  1.02785085   1.98436138 -16.99697242   0.27025531   0.23273964
    0.03104782]]
[[  1.03506709   1.96452037 -16.9319206    0.26301134   0.23047477
    0.03120577]]
[[  1.04471413   1.96266495 -16.94049698   0.26164523   0.22796296
    0.03123529]]
[[  1.05138763   1.94402101 -16.87475275   0.2550235    0.22740729
    0.03139695]]
[[  1.05329829   1.93892206 -16.83508898   0.25394816   0.22765532
    0.03152969]]
[[  1.04421764   1.92463478 -16.76118207   0.25006186   0.22984629
    0.03105753]]
[[  1.07069536   1.91037977 -16.78017439   0.24647113   0.22560209
    0.03126991]]
[[  1.07358316   1.90188407 -16.73689066   0.24365701   0.22623461
    0.03079757]]
[[  1.09486151   1.8843068  -16.75538741   0.23915949   0.22207799
    0.03154014]]
[[  1.09396463   1.8802185  -16.72575934   0.23835919   0.22328664
    0.03039917]]
[[  1.10955164   1.86029925 -16.70648247   0.23462871   0.22293348
    0.0306252 ]]
[[  1.12265227   1.84863177 -16.68413223   0.23240595   0.22249406
    0.03013938]]
[[  1.13036872   1.84585975 -16.671405     0.23254864   0.22266904
    0.03011833]]
[[  1.13230533   1.83839603 -16.63586995   0.22951442   0.22346838
    0.03001065]]
[[  1.135709     1.84011357 -16.65475137   0.22977186   0.22244641
    0.0300783 ]]
[[  1.12379216   1.8359779  -16.62274395   0.23009239   0.224608
    0.03040275]]
[[  1.12738422   1.8393919  -16.63357646   0.2296465    0.22401055
    0.03007925]]
[[  1.12438427   1.83247996 -16.61030175   0.22865348   0.22506339
    0.03010497]]
[[  1.11701921   1.83335735 -16.59455006   0.2293411    0.22622241
    0.02993792]]
[[  1.12579014   1.83431635 -16.61231702   0.22925851   0.22512337
    0.03015491]]
[[  1.12096361   1.83437105 -16.59748952   0.23002031   0.22616326
    0.03015968]]
[[  1.12135075   1.83065483 -16.59380464   0.228938     0.22622642
    0.03023984]]
[[  1.11876143   1.83424866 -16.58810136   0.23009872   0.22671176
    0.0302237 ]]
[[  1.12099068   1.83395015 -16.59168518   0.22933341   0.22607948
    0.0302506 ]]
[[  1.11624737   1.83577577 -16.58435028   0.23047055   0.22705018
    0.03025406]]
[[  1.12322948   1.83271328 -16.58858011   0.22936069   0.22613002
    0.03031756]]
[[  1.12160383   1.83041554 -16.57970784   0.22918271   0.22671193
    0.03018024]]
[[  1.12129311   1.83488931 -16.57837306   0.23007231   0.22708243
    0.0302255 ]]
[[  1.12808056   1.83510066 -16.58631096   0.22953685   0.22633942
    0.03031754]]
[[  1.12939008   1.82818305 -16.58754948   0.22663937   0.22528954
    0.02985289]]
[[  1.12869641   1.82787352 -16.58324413   0.22642261   0.22562369
    0.03011418]]
[[  1.1274503    1.82685581 -16.58523187   0.22613733   0.22572991
    0.029863  ]]
[[  1.12588513   1.83232044 -16.59734543   0.22734      0.22562333
    0.02964874]]
[[  1.12980462   1.82072245 -16.60889849   0.22444116   0.22483058
    0.02960134]]
[[  1.11585184   1.82740846 -16.58298787   0.22478592   0.22772751
    0.02927967]]
[[  1.12419986   1.82893207 -16.62402307   0.22688977   0.22639718
    0.02980069]]
[[  1.12377569   1.82485334 -16.62462661   0.22438823   0.2265647
    0.02922902]]
[[  1.12296274   1.83219457 -16.65916642   0.22646705   0.22672094
    0.02957616]]
[[  1.10947392   1.84603899 -16.68154361   0.23163993   0.2292935
    0.02952105]]
[[  1.11518505   1.85153437 -16.71372981   0.23135294   0.22873405
    0.02999229]]
[[  1.09070183   1.85577672 -16.68703152   0.23253316   0.23318258
    0.02927409]]
[[  1.08547613   1.87431836 -16.72143173   0.23582629   0.23441889
    0.02967357]]
[[  1.09118125   1.88497737 -16.80619942   0.23630971   0.23164056
    0.03004367]]
[[  1.05962806   1.91523151 -16.80245649   0.24126325   0.23682439
    0.02900568]]
[[  1.04842956   1.91806517 -16.82132201   0.24225432   0.23841088
    0.03062084]]
[[  1.03251123   1.93767933 -16.87581853   0.24334135   0.23840612
    0.02914291]]
[[  1.00107834   1.95223591 -16.89202384   0.24617961   0.24226381
    0.02992447]]
[[  0.98296831   1.98251607 -16.95812677   0.24947419   0.24309742
    0.02969227]]
[[  0.96251346   2.00721728 -17.02069355   0.25509504   0.24636067
    0.03141592]]
[[  0.92786192   2.04545553 -17.04932566   0.26447672   0.25244401
    0.03122932]]
[[  0.90466453   2.06241132 -17.08603697   0.2657122    0.25538669
    0.03088622]]
[[  0.89058736   2.08401805 -17.15619492   0.2705872    0.25688591
    0.03155428]]
[[  0.86979429   2.10495584 -17.22798067   0.27450281   0.25841118
    0.03142191]]
[[  0.84067684   2.13066132 -17.26833511   0.27879475   0.26282809
    0.03169527]]
[[  0.81656484   2.15149346 -17.34451621   0.28226462   0.2636408
    0.03203987]]
[[  0.78378089   2.18106117 -17.41541337   0.28747375   0.26606305
    0.03158846]]
[[  0.74948378   2.20785947 -17.47010915   0.29304697   0.27033838
    0.03226296]]
[[  0.72980159   2.23317344 -17.54551237   0.29449502   0.27031628
    0.03229573]]
[[  0.69744313   2.25503151 -17.6362889    0.29922132   0.27157403
    0.03320363]]
[[  0.67087109   2.2858817  -17.70300013   0.30316523   0.27342921
    0.03291018]]
[[  0.63040368   2.29727721 -17.74232719   0.30416069   0.2768557
    0.03272163]]
[[  0.60758235   2.31850044 -17.81830402   0.30880581   0.27929882
    0.03399657]]
[[  0.56436544   2.35193846 -17.87387706   0.31603821   0.28532241
    0.03412843]]
[[  0.5353044    2.36788852 -17.95195683   0.31814715   0.28614126
    0.03453318]]
[[  0.48795041   2.38986431 -18.00722023   0.32305454   0.29085239
    0.03450568]]
[[  0.45918302   2.41975525 -18.09528206   0.32824728   0.29407999
    0.03508952]]
[[  0.42497346   2.45042062 -18.18187262   0.33427799   0.29729979
    0.03533256]]
[[  0.39500815   2.46636969 -18.25479592   0.33610649   0.29970738
    0.03550195]]
[[  0.36092988   2.47177292 -18.27219949   0.33625477   0.3035866
    0.03600291]]
[[  0.34149171   2.49607171 -18.38362395   0.33897003   0.30291092
    0.03580184]]
[[  0.30132073   2.5166827  -18.44656883   0.34250377   0.30747741
    0.0359692 ]]
[[  0.27845944   2.52348278 -18.53241936   0.34353304   0.30729897
    0.03631633]]
[[  0.23988336   2.54998819 -18.60731535   0.34861194   0.31185867
    0.03564153]]
[[  0.19446597   2.56676512 -18.65433057   0.35269089   0.31753436
    0.03529089]]
[[  0.1717756    2.57608212 -18.73169473   0.35507403   0.31964089
    0.03641678]]
[[  0.12741399   2.59723199 -18.79287517   0.36148933   0.32727427
    0.03666394]]
[[  0.09751375   2.61464348 -18.87624667   0.36405479   0.32983219
    0.03651848]]
[[  0.07426459   2.61791326 -18.96815887   0.36485649   0.32923995
    0.03634999]]
[[  0.04901668   2.62969989 -19.06408053   0.36801631   0.33059431
    0.03678248]]
[[  0.02787392   2.64189601 -19.15528626   0.36979768   0.33193078
    0.0370382 ]]
[[-7.05277507e-03  2.65734716e+00 -1.92185469e+01  3.72992546e-01
   3.36240639e-01  3.75953150e-02]]
[[ -0.05484679   2.66837189 -19.28650026   0.37656387   0.34178872
    0.03761431]]
[[ -0.09096393   2.69125078 -19.36014973   0.38020351   0.34554906
    0.03738225]]
[[ -0.12282483   2.69778701 -19.45417595   0.38213063   0.34721993
    0.03744948]]
[[ -0.16523331   2.71482917 -19.53479772   0.38809701   0.35394618
    0.03844471]]
[[ -0.19326591   2.72149347 -19.64092321   0.38929812   0.35344572
    0.0381123 ]]
[[ -0.21975075   2.72610053 -19.72566338   0.39233331   0.35498246
    0.03829379]]
[[ -0.27506464   2.7335964  -19.76570911   0.39760793   0.36419135
    0.03758754]]
[[ -0.30860566   2.72965424 -19.83570427   0.39902524   0.36768153
    0.03753014]]
[[ -0.33228289   2.72729662 -19.91115215   0.39806528   0.36721933
    0.03700905]]
[[ -0.36137442   2.73513326 -19.98484984   0.39959496   0.36944043
    0.03676418]]
[[ -0.39852862   2.73161189 -20.0780822    0.40374849   0.37327946
    0.03678067]]
[[ -0.43883483   2.73326943 -20.12714219   0.40651507   0.38127009
    0.0376531 ]]
[[ -0.45962499   2.73259762 -20.20301582   0.4059654    0.38090263
    0.03678072]]
[[ -0.47451676   2.74193895 -20.3172545    0.40780525   0.38046081
    0.03755299]]
[[ -0.51393767   2.74951343 -20.38632881   0.41072202   0.38663131
    0.03662851]]
[[ -0.54547401   2.75253433 -20.43459179   0.41382717   0.39443013
    0.03653879]]
[[ -0.56588111   2.75741898 -20.52725735   0.41545039   0.39722193
    0.03567271]]
[[ -0.57298052   2.75500873 -20.61356991   0.41562503   0.39657357
    0.03521513]]
[[ -0.59759027   2.75582303 -20.68551876   0.4188159    0.40175003
    0.0358115 ]]
[[ -0.63655602   2.74716305 -20.7359126    0.42040767   0.40917011
    0.03515044]]
[[ -0.6384784    2.74724234 -20.85211725   0.42191172   0.40559225
    0.03560209]]
[[ -0.70583346   2.73726873 -20.9043533    0.4249693    0.41307895
    0.03455848]]
[[ -0.7433301    2.71416597 -20.94629295   0.4223203    0.41279277
    0.03502192]]
[[ -0.79835653   2.71222234 -21.03278825   0.42349278   0.41537727
    0.03430204]]
[[ -0.85967201   2.71693393 -21.12147875   0.42782258   0.42244494
    0.03410356]]
[[ -0.901684     2.70941194 -21.18785516   0.42755886   0.42527186
    0.03456843]]
[[ -0.94352033   2.71038948 -21.30967274   0.428664     0.42344358
    0.03467951]]
[[ -1.00199914   2.70791378 -21.37321997   0.4310623    0.43241431
    0.03537145]]
[[ -0.99748604   2.72066933 -21.47176352   0.43364321   0.43541593
    0.03509327]]
[[ -0.97307572   2.73076477 -21.57417114   0.43451458   0.4343436
    0.0351704 ]]
[[ -0.97212338   2.74516211 -21.65446603   0.43882428   0.44063882
    0.03530967]]
[[ -0.97963164   2.75021593 -21.72881233   0.44015463   0.44238667
    0.03416486]]
[[ -0.98661481   2.75667752 -21.80433473   0.4424684    0.44685097
    0.03392241]]
[[ -0.99771765   2.75577551 -21.84341049   0.4441704    0.45174835
    0.03397731]]
[[ -1.0041527    2.76475599 -21.91051364   0.44491099   0.45281765
    0.03374616]]
[[ -1.03711445   2.76353887 -21.96451833   0.44572304   0.45580925
    0.03370702]]
[[ -1.06596898   2.76357606 -22.03361657   0.44668394   0.45380453
    0.03416908]]
[[ -1.1234721    2.75671375 -22.06998794   0.44748119   0.45695163
    0.03386225]]
[[ -1.15502383   2.75181862 -22.14894642   0.45085359   0.45792539
    0.03499073]]
[[ -1.1759434    2.74806716 -22.16604434   0.45010067   0.45850628
    0.03495021]]
[[ -1.18622254   2.74157634 -22.19658775   0.45135154   0.4588475
    0.03531317]]
[[ -1.18636527   2.74259717 -22.23401289   0.45198125   0.45659554
    0.03528925]]
[[ -1.20234477   2.73548849 -22.24738312   0.45353557   0.46110731
    0.03444649]]
[[ -1.16675472   2.74140195 -22.27982115   0.45491849   0.46082145
    0.03414591]]
[[ -1.14228973   2.75362085 -22.31216661   0.45634742   0.46098759
    0.03395625]]
[[ -1.11268215   2.7580575  -22.30938441   0.45600212   0.45996881
    0.03409386]]
[[ -1.09978907   2.76160315 -22.30677892   0.45654601   0.46153348
    0.0335671 ]]
[[ -1.08314486   2.76573158 -22.32522308   0.45721552   0.45994208
    0.03351343]]
[[ -1.066656     2.77054833 -22.3328952    0.45723392   0.45858865
    0.03348307]]
[[ -1.05972507   2.76726922 -22.32975676   0.4568385    0.45798083
    0.03328197]]
[[ -1.05452928   2.76468325 -22.31873105   0.45610174   0.45757071
    0.03322033]]
[[ -1.05079506   2.76818305 -22.33056679   0.45681514   0.45750749
    0.03319679]]
[[ -1.04560316   2.77085652 -22.3314043    0.45677172   0.45671879
    0.03326105]]
[[ -1.04425537   2.76900356 -22.33889934   0.45687992   0.4565253
    0.03323085]]
[[ -1.04137639   2.7717306  -22.32486164   0.45644925   0.45707837
    0.03319377]]
[[ -1.04051631   2.77264332 -22.33508426   0.45674522   0.4566282
    0.03323417]]
[[ -1.0368651    2.77506199 -22.33673367   0.45701683   0.45624197
    0.03329868]]
[[ -1.03994627   2.7705498  -22.32161632   0.4560328    0.45643452
    0.03317627]]
[[ -1.04317572   2.77111585 -22.32107983   0.45622105   0.45713368
    0.03305003]]
[[ -1.04161816   2.77795339 -22.3405835    0.4573183    0.45618079
    0.03330755]]
[[ -1.04351369   2.77531239 -22.32574645   0.45626411   0.45630733
    0.03324793]]
[[ -1.04561905   2.77230208 -22.31916476   0.45607353   0.45661511
    0.03315983]]
[[ -1.04717833   2.77712434 -22.33148573   0.45695841   0.45671659
    0.03330043]]
[[ -1.04758902   2.77525688 -22.33021263   0.45670677   0.45607484
    0.0332423 ]]
[[ -1.04630281   2.78127843 -22.31243374   0.45638673   0.45615777
    0.03328229]]
[[ -1.05167287   2.78036762 -22.323331     0.45754791   0.45643058
    0.03296371]]
[[ -1.04989298   2.77340475 -22.31326175   0.45664906   0.45590628
    0.03360347]]
[[ -1.06126038   2.78525008 -22.34106842   0.45920801   0.45684057
    0.03280859]]
[[ -1.05200292   2.77257642 -22.31204563   0.4574344    0.45595019
    0.0331624 ]]
[[ -1.04911124   2.76884425 -22.33367044   0.46205625   0.45745818
    0.03292979]]
[[ -1.05114882   2.75714371 -22.33419406   0.46439733   0.46005708
    0.0322572 ]]
[[ -1.02769402   2.72741446 -22.27522664   0.45881904   0.4545531
    0.03183888]]
[[ -1.03709      2.73753187 -22.27013161   0.46032475   0.4571909
    0.03176588]]
[[ -1.04378418   2.75628267 -22.33949147   0.46725745   0.45981883
    0.0322513 ]]
[[ -1.03567778   2.72587884 -22.24419567   0.45610518   0.45616809
    0.0318005 ]]
[[ -1.03440192   2.73540636 -22.30326928   0.46259704   0.45732961
    0.03167976]]
[[ -1.02759804   2.712527   -22.27239631   0.46065699   0.45682311
    0.03103937]]
[[ -1.02417392   2.70794662 -22.2691656    0.46249152   0.4594011
    0.03085931]]
[[ -1.00715911   2.68999933 -22.25200337   0.46091799   0.45620465
    0.03073444]]
[[ -1.00572713   2.6818077  -22.25486014   0.46064463   0.45587342
    0.03031393]]
[[ -1.01203621   2.68638877 -22.2935397    0.4659621    0.45961876
    0.03036115]]
[[ -1.00523333   2.67823421 -22.2623965    0.46264062   0.45791278
    0.03044185]]
[[ -1.00443734   2.6791306  -22.27913204   0.46374324   0.45853902
    0.0301831 ]]
[[ -0.99767891   2.68026218 -22.26801792   0.46259572   0.45682388
    0.03020453]]
[[ -1.0005784    2.6756706  -22.25510824   0.46226638   0.45750073
    0.02995497]]
[[ -0.98270796   2.67914109 -22.25705972   0.46103089   0.45387941
    0.0302418 ]]
[[ -0.98304604   2.68686457 -22.25209239   0.46162766   0.45579196
    0.03066539]]
[[ -0.96284518   2.70065886 -22.26845357   0.46186256   0.45412954
    0.03089563]]
[[ -0.94626715   2.69932644 -22.23180738   0.45958049   0.45579147
    0.03032557]]
[[ -0.91940528   2.70166465 -22.2392559    0.45955886   0.45241857
    0.03091642]]
[[ -0.92198842   2.70221681 -22.26445287   0.46089149   0.45379396
    0.03109866]]
[[ -0.92698516   2.69514767 -22.21629803   0.45817879   0.45477156
    0.03075839]]
[[ -0.94189152   2.68716168 -22.22223249   0.45768865   0.45251597
    0.03131234]]
[[ -0.94305654   2.68401485 -22.23025392   0.45756837   0.45289425
    0.03153319]]
[[ -0.95871358   2.68591879 -22.21439008   0.45792285   0.45554093
    0.03145666]]
[[ -0.97885822   2.68128145 -22.20112058   0.45847925   0.45872186
    0.03190281]]
[[ -1.00134537   2.67980259 -22.19032058   0.45913301   0.46213116
    0.03141979]]
[[ -1.00518288   2.67558246 -22.18951983   0.45796739   0.45961588
    0.03161663]]
[[ -1.00317323   2.66663508 -22.17436239   0.45643197   0.45973278
    0.03240089]]
[[ -1.02131366   2.65999413 -22.14709593   0.45487574   0.46089321
    0.03162602]]
[[ -1.02144504   2.64880861 -22.15959239   0.4548491    0.45900819
    0.03305332]]
[[ -1.05372573   2.65195501 -22.15710859   0.45524459   0.46054434
    0.03188888]]
[[ -1.05260352   2.64867272 -22.15762901   0.45568789   0.46122901
    0.03357238]]
[[ -1.06782485   2.64350036 -22.15258882   0.45540719   0.46248294
    0.03176251]]
[[ -1.05261584   2.64592851 -22.1490964    0.45459551   0.45942445
    0.03299187]]
[[ -1.04977826   2.65342389 -22.17761724   0.45593591   0.45856299
    0.03305136]]
[[ -1.05018789   2.65126945 -22.17684951   0.45619363   0.45843268
    0.0330672 ]]
[[ -1.044594     2.64703243 -22.16900598   0.4551727    0.45750411
    0.03312079]]
[[ -1.04714551   2.64809398 -22.16746065   0.45525231   0.45773189
    0.03314591]]
[[ -1.04599882   2.65596198 -22.18602237   0.45644688   0.45739233
    0.03335177]]
[[ -1.04335751   2.65385874 -22.17767868   0.45599791   0.45726756
    0.03328671]]
[[ -1.04258125   2.65224211 -22.16505431   0.45515656   0.45712312
    0.03323367]]
[[ -1.04394097   2.65579659 -22.17518089   0.4558956    0.45733286
    0.03334823]]
[[ -1.0455387    2.65987899 -22.18258442   0.45641668   0.45723382
    0.03333683]]
[[ -1.04308778   2.65721927 -22.17433122   0.4558089    0.45681889
    0.0333327 ]]
[[ -1.04300462   2.65519537 -22.16706583   0.45541557   0.45691845
    0.03327988]]
[[ -1.04653412   2.65639719 -22.17308467   0.45603258   0.45733639
    0.03334761]]
[[ -1.04482936   2.65836598 -22.17610136   0.45635528   0.45712092
    0.03331854]]
[[ -1.0430402    2.65590318 -22.16793229   0.45572871   0.45677464
    0.03327764]]
[[ -1.04401889   2.65422203 -22.1677258    0.45590674   0.4569063
    0.03324447]]
[[ -1.04649838   2.65637761 -22.16821412   0.45627121   0.4574085
    0.03326666]]
[[ -1.04578649   2.65763958 -22.16515731   0.45596885   0.45706474
    0.03335197]]
[[ -1.04370118   2.65793457 -22.16824913   0.45601261   0.45650854
    0.03342255]]
[[ -1.04566539   2.65903257 -22.16192583   0.45597929   0.45699546
    0.03338847]]
[[ -1.04878258   2.65779563 -22.15748442   0.45594911   0.45738712
    0.03329522]]
[[ -1.04626632   2.65997549 -22.15925442   0.45607613   0.45686103
    0.03331892]]
[[ -1.04316098   2.660126   -22.16003841   0.45607852   0.45673561
    0.03333913]]
[[ -1.04269688   2.66133283 -22.15303954   0.45596835   0.45724894
    0.03333236]]
[[ -1.04370556   2.65886868 -22.14812725   0.45577551   0.45762352
    0.03329165]]
[[ -1.04102295   2.6603556  -22.15909467   0.45618311   0.45668399
    0.03342623]]
[[ -1.04010251   2.66370642 -22.1673508    0.45674923   0.45671916
    0.03350496]]
[[ -1.04136232   2.6590639  -22.14532457   0.45560617   0.4574027
    0.03334807]]
[[ -1.04528473   2.66219054 -22.14288033   0.45592456   0.45766826
    0.03332569]]
[[ -1.04262448   2.66265524 -22.15517324   0.45624525   0.4565134
    0.03336114]]
[[ -1.04573091   2.66108411 -22.14451713   0.4560226    0.45751682
    0.03333334]]
[[ -1.04587262   2.66184211 -22.14268489   0.45589082   0.4575111
    0.03324777]]
[[ -1.04289934   2.664486   -22.14685994   0.45601559   0.45697978
    0.03332837]]
[[ -1.04063606   2.66730616 -22.1563923    0.45668541   0.45683289
    0.03337429]]
[[ -1.04260939   2.66402497 -22.14058108   0.4560464    0.45732579
    0.03330386]]
[[ -1.04327413   2.66229235 -22.13885124   0.45574457   0.45763298
    0.03323293]]
[[ -1.04089055   2.66514144 -22.15060146   0.45620867   0.45670119
    0.03333581]]
[[ -1.03932685   2.66919268 -22.15371822   0.45653592   0.45659944
    0.03337184]]
[[ -1.04258117   2.66165387 -22.13675659   0.45582446   0.45763529
    0.03320723]]
[[ -1.03885503   2.66261945 -22.13707558   0.45577041   0.45760059
    0.03327927]]
[[ -1.03761812   2.67007037 -22.15070788   0.45646015   0.45666687
    0.03333201]]
[[ -1.03840222   2.67006659 -22.14614194   0.45637123   0.45697236
    0.03338113]]
[[ -1.03946125   2.66604677 -22.13878266   0.45586684   0.45736481
    0.03330834]]
[[ -1.03913121   2.66824171 -22.13455423   0.45576265   0.45740735
    0.03333893]]
[[ -1.03633167   2.67205628 -22.14746796   0.45641458   0.45676048
    0.03344266]]
[[ -1.03809124   2.67122249 -22.1430101    0.45650544   0.45714795
    0.03330602]]
[[ -1.0391479    2.66920313 -22.13146981   0.4558433    0.45746857
    0.0332188 ]]
[[ -1.03464576   2.66977866 -22.13561607   0.45588698   0.45665526
    0.03330865]]
[[ -1.03583403   2.67070563 -22.14125833   0.45635969   0.45702063
    0.03336889]]
[[ -1.03540701   2.67167774 -22.14102684   0.45643874   0.45726242
    0.03328384]]
[[ -1.03494563   2.67107061 -22.13347239   0.45592134   0.45711941
    0.03331632]]
[[-1.03605662e+00  2.66858125e+00 -4.21336066e+01  4.56017611e-01
   4.57102558e-01  3.32647639e-02]]
[[-1.03545685e+00  2.67160767e+00 -4.21436161e+01  4.56714023e-01
   4.57188664e-01  3.34035156e-02]]
[[-1.03649278e+00  2.67039642e+00 -4.21386883e+01  4.56462976e-01
   4.56941452e-01  3.33675900e-02]]
[[-1.03728758e+00  2.66742276e+00 -4.21253253e+01  4.55733608e-01
   4.57157043e-01  3.32798139e-02]]
[[-1.03743527e+00  2.66712733e+00 -4.21271840e+01  4.55873645e-01
   4.57190813e-01  3.32409068e-02]]
[[-1.03724173e+00  2.67196326e+00 -4.21379920e+01  4.56576591e-01
   4.57375267e-01  3.33154682e-02]]
[[-1.03583506e+00  2.67434016e+00 -4.21421275e+01  4.56532660e-01
   4.56607464e-01  3.33200992e-02]]
[[-1.04099358e+00  2.66571582e+00 -4.20951257e+01  4.56611398e-01
   4.57805863e-01  3.31099578e-02]]
[[-1.04421106e+00  2.66264739e+00 -4.21376597e+01  4.57780091e-01
   4.56819445e-01  3.27843232e-02]]
[[-1.04436322e+00  2.65067876e+00 -4.20878251e+01  4.54026346e-01
   4.55924733e-01  3.23875633e-02]]
[[-1.04846656e+00  2.65969104e+00 -4.21731476e+01  4.62068140e-01
   4.59060667e-01  3.27060692e-02]]
[[-1.06108307e+00  2.66308693e+00 -4.22123109e+01  4.65555155e-01
   4.60879733e-01  3.19812257e-02]]
[[-1.06428299e+00  2.66354248e+00 -4.22258663e+01  4.67097753e-01
   4.61283025e-01  3.23923919e-02]]
[[-1.06962059e+00  2.66096995e+00 -4.22348224e+01  4.67626042e-01
   4.60533346e-01  3.19019039e-02]]
[[-1.07469183e+00  2.65642618e+00 -4.22244222e+01  4.66471444e-01
   4.60820848e-01  3.18407230e-02]]
[[-1.08337111e+00  2.64860598e+00 -4.22306689e+01  4.68225304e-01
   4.63477457e-01  3.15314454e-02]]
[[-1.07931681e+00  2.64420956e+00 -4.22421922e+01  4.68665852e-01
   4.61918679e-01  3.17310956e-02]]
[[-1.08777821e+00  2.65207860e+00 -4.22823514e+01  4.72731229e-01
   4.64166886e-01  3.13726900e-02]]
[[-1.09932024e+00  2.66076014e+00 -4.23211770e+01  4.76298734e-01
   4.66310031e-01  3.13662310e-02]]
[[-1.10360476e+00  2.66659192e+00 -4.23566264e+01  4.79734613e-01
   4.67446946e-01  3.14085738e-02]]
[[-1.10574009e+00  2.66144459e+00 -4.23639653e+01  4.79324697e-01
   4.67021311e-01  3.14016051e-02]]
[[-5.29826073e-01  2.46076261e+00 -4.20625435e+01  4.88066603e-01
   2.83165138e-01  2.98735254e-02]]
[[ 1.17101305e+00  2.00592206e+00 -4.16495103e+01  5.87704581e-01
  -1.97348178e-01  1.56200711e-02]]
[[ 4.33274062e+00  2.81133264e+00 -4.09744815e+01  7.99745047e-01
  -1.08196531e+00 -2.13837883e-02]]
[[  7.62759386   5.78223273 -39.25955027   1.10351807  -2.11732272
   -0.07771979]]
[[ 10.16337138  10.05238312 -37.51221602   1.46396934  -2.99372618
   -0.1272412 ]]
[[ 11.99430369  14.00133755 -35.77700558   1.79545803  -3.63325519
   -0.16789037]]
[[ 13.15573849  17.15866507 -34.10625061   2.06738004  -4.0284857
   -0.19742618]]
[[ 13.98061595  19.79645753 -32.65542643   2.29741714  -4.30352922
   -0.21981106]]
[[ 14.49264727  21.88241634 -31.87328691   2.47197592  -4.46873903
   -0.23753624]]
[[ 14.77644386  23.9138976  -30.4228217    2.67493646  -4.55950107
   -0.25184247]]
[[ 14.92056961  25.90240903 -28.8880616    2.87169317  -4.6067855
   -0.26373936]]
[[ 14.98608807  27.78169048 -27.40706764   3.04911798  -4.63367226
   -0.27637697]]
[[ 14.94506713  29.62328064 -25.45556727   3.24115755  -4.62421689
   -0.28636749]]
[[ 14.91551042  31.56860153 -23.21614796   3.42369735  -4.62180608
   -0.2986576 ]]
[[ 15.05216726  33.76338576 -19.29008799   3.59066394  -4.7099492
   -0.31352141]]
[[ 15.32351461  35.17344262 -13.92916171   3.64764599  -4.85801771
   -0.32804333]]
[[15.72596045 36.60412396 -7.99843047  3.74709382 -5.10056815 -0.33548217]]
[[16.16898375 38.42802451 -3.67780823  3.87369758 -5.33306361 -0.3449662 ]]
[[16.54231354 40.05423156 -1.03472348  3.979873   -5.50636499 -0.35415303]]
[[16.7804155  41.31819996  0.79394314  4.0734033  -5.60552787 -0.36021734]]
[[16.94039455 42.32677452  1.85880379  4.14687058 -5.66343459 -0.36514438]]
[[17.04151697 43.08631692  2.56224292  4.21090503 -5.68994875 -0.36856968]]
[[17.09313391 43.81502091  3.11776826  4.28085269 -5.69315579 -0.37184471]]
[[17.13029879 44.71276029  2.72311919  4.36542938 -5.67384047 -0.37634584]]
[[17.13438677 45.78192673  2.11951283  4.46213645 -5.63719248 -0.38150145]]
[[17.11291872 46.63814011  1.87630076  4.54630228 -5.59731016 -0.38600788]]
[[17.10333726 47.27947889  1.14818537  4.60500394 -5.56608445 -0.38934236]]
[[17.08729908 47.76958879  0.55559995  4.65282765 -5.53405183 -0.3918132 ]]
[[17.07636514 48.1536998  -0.24797207  4.68535676 -5.50356114 -0.39356407]]
[[17.0554937  48.4422826  -0.7091789   4.71381562 -5.47632017 -0.39490081]]
[[17.0426982  48.64016898 -1.0436559   4.7301836  -5.4572443  -0.39620648]]
[[17.02693887 48.79638863 -1.2548934   4.74180374 -5.44199643 -0.39728266]]
[[17.04216687 48.8338243  18.22306568  4.72276685 -5.44353284 -0.3988728 ]]
[[17.04020453 49.04265309 17.33589524  4.74653141 -5.42591917 -0.39742183]]
[[16.99835647 50.45817479 13.86398696  4.88026433 -5.35876558 -0.40235046]]
[[16.84765358 51.21741338  9.42504653  4.86761577 -5.24569558 -0.41135603]]
[[16.31765779 49.96217744  4.83136056  4.71456215 -5.00510414 -0.41503987]]
[[15.74755338 47.25346636  0.98904266  4.48581523 -4.78703035 -0.40786779]]
[[15.32296565 45.0740939  -1.69325012  4.31480841 -4.62586411 -0.39991691]]
[[15.04389392 43.57466817 -3.35813433  4.1999236  -4.51549866 -0.39421231]]
[[14.82702294 42.33769801 -3.90366878  4.10730257 -4.44286849 -0.38942196]]
[[14.66692829 41.14931919 -3.46499958  4.0306194  -4.39723927 -0.38258708]]
[[14.55313915 40.39673822 -2.65980756  3.99352757 -4.36884467 -0.37788227]]
[[14.48240621 39.92171945 -1.62857541  3.98102573 -4.35934797 -0.37456363]]
[[14.46282038 39.63156082 -0.68460681  3.97165245 -4.3714699  -0.3731107 ]]
[[14.45925173 39.4363531   0.20164071  3.96336459 -4.38711973 -0.37238385]]
[[14.43825361 39.40363211  1.15561662  3.98790012 -4.38575522 -0.37040693]]
[[14.4039396  39.4531623   2.25646115  4.02688496 -4.37482074 -0.36873521]]
[[14.37375864 39.63319281  3.06272246  4.07977248 -4.35432005 -0.36719093]]
[[ 14.35107656  40.06090655 -46.34729059   4.13818899  -4.33328791
   -0.36848679]]
[[ 14.68360733  40.71172053 -39.69438241   4.1661478   -4.59805174
   -0.36927383]]
[[ 15.49408105  44.61925232 -32.3711973    4.51584994  -4.91320556
   -0.40470669]]
[[ 15.80521071  49.75385103 -24.90161459   4.98643624  -5.05992614
   -0.44584602]]
[[ 15.97618692  52.98733775 -17.46992387   5.25715926  -5.16621989
   -0.47405462]]
[[ 15.99910127  55.46907895 -12.1021398    5.53968669  -5.18070177
   -0.49318116]]
[[15.92535254 57.58056994 -7.58392275  5.81852299 -5.1447152  -0.5160837 ]]
[[15.81271828 59.39728682 -4.66552113  6.05582092 -5.0937268  -0.5365417 ]]
[[15.662114   60.95335853 -2.86133791  6.2500025  -5.0386917  -0.55628354]]
[[15.47236771 62.33652742 -1.92387154  6.41977499 -4.97335847 -0.57187791]]
[[15.31453192 63.42990752 -1.29147654  6.55715461 -4.91194783 -0.58606411]]
[[15.15968456 64.34449133 -0.5509391   6.67713277 -4.85103919 -0.59957071]]
[[ 1.50003079e+01  6.51258871e+01  4.25126426e-02  6.77909327e+00
  -4.79506399e+00 -6.10469641e-01]]
[[14.86794706 65.74921461  0.33958602  6.85813012 -4.74854514 -0.62042444]]
[[14.75521555 66.19778855  0.3724603   6.91380377 -4.71126833 -0.62865797]]
[[14.66768604 66.48082795  0.20021824  6.94866663 -4.68272739 -0.63532051]]
[[14.63702181 66.66115163  0.15439442  6.97730172 -4.65495822 -0.64635403]]
[[14.59819826 66.77882263  0.07839637  7.00152912 -4.6239665  -0.65601349]]
[[14.61718626 66.85476915  0.12934786  7.02489886 -4.59417147 -0.67144646]]
[[14.59325507 66.99699743  0.38967737  7.05735726 -4.56182031 -0.68285151]]
[[14.55415895 67.1273615   0.5233621   7.08275216 -4.53482522 -0.69079504]]
[[14.50273107 67.19442174  0.44048299  7.0967742  -4.50548243 -0.6974149 ]]
[[14.46118033 67.22019188  0.20313666  7.10246281 -4.47929688 -0.70224873]]
[[ 1.44219351e+01  6.72446527e+01 -8.97026280e-03  7.10871981e+00
  -4.45437352e+00 -7.05624832e-01]]
[[14.38845333 67.26413273 -0.14605009  7.11642713 -4.42483313 -0.70835151]]
[[14.35048705 67.28762726 -0.24412112  7.12804565 -4.38510841 -0.71145866]]
[[14.2962737  67.3256855  -0.24793906  7.14524751 -4.33467069 -0.71333383]]
[[14.21620886 67.42354171  0.19658187  7.17832517 -4.27670149 -0.71491578]]
[[14.12298132 67.56967165  0.86219069  7.22006493 -4.21695933 -0.71644887]]
[[14.01195396 67.75289133  1.53769013  7.26488568 -4.1598423  -0.71826942]]
[[13.90822043 67.95599697  1.77711899  7.30718956 -4.10948417 -0.72238449]]
[[13.82252916 68.12409332  1.64948883  7.3403749  -4.06849347 -0.7271386 ]]
[[13.76378299 68.24544775  1.13276632  7.36561067 -4.03085252 -0.73472081]]
[[13.71688076 68.34708769  0.6684012   7.3882897  -3.99250237 -0.74368953]]
[[13.66501956 68.41822652  0.15941756  7.40424331 -3.96186062 -0.75017626]]
[[13.61999408 68.48262015 -0.25690007  7.41743081 -3.93322368 -0.7564898 ]]
[[13.57884998 68.45826794 -0.71956458  7.4192029  -3.90808525 -0.76320027]]
[[13.55611616 68.41203067 -1.12005072  7.41339689 -3.89354801 -0.76768021]]
[[13.52239639 68.32089425 -1.52918379  7.39694298 -3.88863764 -0.77126758]]
[[13.48747497 68.27104157 -1.38474293  7.38681716 -3.8851398  -0.77359868]]
[[13.48044038 68.19171001 -1.29830949  7.37276422 -3.88442675 -0.77898389]]
[[13.50401749 68.11677071 -1.10762953  7.36050437 -3.88393185 -0.78754204]]
[[13.54512847 68.08090243 -0.63542215  7.35819507 -3.87957579 -0.79743646]]
[[13.58803725 68.05793661 -0.19512753  7.35864191 -3.87451369 -0.80670356]]
[[13.60719946 67.95231245 -0.09433808  7.34074488 -3.8803427  -0.81356274]]
[[13.63426065 67.87745442  0.08671973  7.33188187 -3.8817393  -0.82172975]]
[[13.65673467 67.92009767  0.54026308  7.34588642 -3.8707393  -0.82767284]]
[[13.67106436 68.01097447  0.93296108  7.36914676 -3.85477091 -0.83038231]]
[[13.70429674 68.074965    1.1454733   7.38798142 -3.84083851 -0.8353554 ]]
[[13.73416589 68.19135883  1.46678323  7.41527655 -3.82234391 -0.84010853]]
[[13.72396213 68.36304613  1.61853326  7.45010625 -3.79954164 -0.8416476 ]]
[[13.69581478 68.49266857  1.56252281  7.4730603  -3.78347171 -0.84251799]]
[[13.67629654 68.59458575  1.43157954  7.48981184 -3.77191321 -0.84361504]]
[[13.6460412  68.69670104  1.3870209   7.50471888 -3.76139509 -0.84440935]]
[[13.62373214 68.77763311  1.378398    7.51602198 -3.75358544 -0.84546898]]
[[13.59448219 68.84812813  1.38057112  7.52472532 -3.74724584 -0.84586485]]
[[13.57224118 68.90921949  1.38238599  7.53119355 -3.74252088 -0.84652427]]
[[13.54564272 68.95745171  1.38236711  7.53599486 -3.73855403 -0.84696726]]
[[13.5225563  68.99354979  1.37878236  7.53944277 -3.73486606 -0.84780201]]
[[13.50841792 69.02629307  1.35791923  7.54129573 -3.73283264 -0.84791103]]
[[13.49316965 69.05026011  1.34581754  7.54292032 -3.73065647 -0.84825056]]
[[13.48365602 69.07296609  1.3233104   7.54393128 -3.72928759 -0.84861919]]
[[13.46934756 69.08975586  1.31210332  7.54476679 -3.72772098 -0.84880824]]
[[13.46145386 69.10985252  1.29661099  7.54544756 -3.72664907 -0.84917344]]
[[13.45455299 69.12684742  1.27455104  7.5456739  -3.7255353  -0.84920026]]
[[13.44014391 69.13404952  1.26445214  7.54602324 -3.72451701 -0.84950355]]
[[13.43265951 69.14706719  1.24945196  7.54619836 -3.72397838 -0.84936329]]
[[13.42766981 69.15663525  1.22831427  7.54587256 -3.72350956 -0.84950001]]
[[13.4220361  69.16344002  1.20987776  7.54565354 -3.7227726  -0.8498375 ]]
[[13.41899329 69.16732442  1.20430663  7.54552043 -3.7224771  -0.84996705]]
[[13.40820258 69.17943154  1.19291574  7.54581549 -3.72166117 -0.84953726]]
[[13.40693478 69.18013326  1.18368842  7.54514521 -3.72137713 -0.84989943]]
[[13.39923173 69.19127692  1.16197203  7.54496711 -3.72048587 -0.84966752]]
[[13.3964111  69.19610899  1.15268651  7.54484351 -3.72028183 -0.84990706]]
[[13.39059732 69.19419035  1.13232922  7.54399974 -3.71977504 -0.84973678]]
[[13.38836549 69.19098158  1.11438398  7.54321024 -3.71927649 -0.85005376]]
[[13.3852995  69.20060815  1.09506683  7.54295155 -3.71905542 -0.84989894]]
[[13.38235539 69.20063185  1.08669506  7.54273896 -3.71856204 -0.84990969]]
[[13.37714304 69.20734372  1.07009672  7.54213146 -3.71782201 -0.85000231]]
[[13.3763965  69.2073175   1.06067753  7.5413934  -3.71802661 -0.85044823]]
[[13.36952674 69.21011804  1.05310898  7.54134412 -3.71737629 -0.84999278]]
[[13.36584297 69.21146969  1.04854801  7.54115678 -3.71661889 -0.85037349]]
[[13.36283611 69.21029819  1.03319454  7.54067976 -3.71649588 -0.84994281]]
[[13.36751581 69.21201146  1.02267137  7.53979699 -3.71655576 -0.85012578]]
[[13.36494911 69.21550682  1.0210516   7.53978707 -3.71603364 -0.85032323]]
[[13.36284833 69.2200378   1.01136281  7.53967437 -3.71560346 -0.85016896]]
[[13.36298579 69.21555465  1.00264634  7.53920874 -3.71480602 -0.8509516 ]]
[[13.37139463 69.20903297  0.99694413  7.53875824 -3.71451702 -0.85183314]]
[[13.3753228  69.20938224  0.98325509  7.53856957 -3.71392124 -0.85250852]]
[[13.37879843 69.21101443  0.97160899  7.53827546 -3.71333008 -0.85293309]]
[[13.38155844 69.20803643  0.96667747  7.53800965 -3.71248704 -0.8535161 ]]
[[13.38338015 69.20902577  0.95711311  7.53761546 -3.71240968 -0.85369291]]
[[13.3846272  69.20660399  0.9512101   7.5373929  -3.71201232 -0.85441793]]
[[13.38490164 69.20755865  0.94495173  7.53706074 -3.71153159 -0.85445235]]
[[13.3812744  69.20475272  0.93498476  7.53656266 -3.71106909 -0.85463589]]
[[13.37868371 69.20607105  0.92512312  7.53623787 -3.71101262 -0.85463996]]
[[13.38395963 69.21045923  0.90916692  7.53576101 -3.71114619 -0.85477347]]
[[13.38416566 69.20968181  0.89792825  7.53547881 -3.71045292 -0.85486166]]
[[13.3872603  69.20597326  0.89512425  7.53485617 -3.71086086 -0.85520848]]
[[13.383314   69.21085219  0.88755678  7.53485623 -3.71034338 -0.85494859]]
[[13.38168108 69.2086745   0.88903992  7.53484421 -3.70978602 -0.85544882]]
[[13.3849451  69.21279187  0.88519599  7.5345125  -3.70979712 -0.85527543]]
[[13.38427333 69.21047694  0.88260407  7.53419572 -3.70951643 -0.85536218]]
[[13.3818767  69.21703757  0.86964619  7.5341248  -3.70918    -0.85506603]]
[[13.37977195 69.21572279  0.870035    7.53402679 -3.70896872 -0.85480627]]
[[13.37992976 69.2144654   0.86507765  7.53352843 -3.7089059  -0.85493713]]
[[13.37898784 69.21523367  0.8562551   7.53314632 -3.70892373 -0.8548411 ]]
[[13.37736632 69.21548129  0.85565443  7.53313107 -3.70865728 -0.85494818]]
[[13.37363746 69.21769814  0.84793228  7.53317866 -3.70792782 -0.85481318]]
[[13.37580058 69.21696246  0.84060502  7.53259269 -3.70842158 -0.85444589]]
[[13.37504651 69.21541171  0.83357135  7.53207002 -3.70842749 -0.8547365 ]]
[[13.37408621 69.21759632  0.82567827  7.53200836 -3.70812181 -0.85434556]]
[[13.36375756 69.22091558  0.82328362  7.53161247 -3.70849356 -0.85307603]]
[[13.35035544 69.22076242  0.81061677  7.53089615 -3.7087776  -0.8519489 ]]
[[13.34610504 69.22307823  0.80448596  7.53047953 -3.70899498 -0.85114069]]
[[13.33460674 69.22954199  0.79833543  7.53046334 -3.70886509 -0.84999975]]
[[13.32831702 69.22654438  0.79633477  7.53008976 -3.70882423 -0.85002849]]
[[13.33005401 69.22619068  0.78822781  7.52940642 -3.70933206 -0.84967942]]
[[13.32239537 69.22777919  0.78825089  7.5293839  -3.70875984 -0.84925367]]
[[13.32941614 69.22717028  0.77776468  7.52877593 -3.70920743 -0.84958435]]
[[13.32790953 69.2292172   0.76991162  7.52835814 -3.70970135 -0.84914789]]
[[13.32377564 69.22426906  0.76474468  7.52790273 -3.70911761 -0.84901312]]
[[13.31915701 69.22784446  0.75842472  7.52828634 -3.70817227 -0.84894425]]
[[13.32082473 69.22736     0.7742754   7.52850117 -3.7080273  -0.84916481]]
[[13.31962227 69.23267732  0.77384872  7.52847685 -3.70772543 -0.8488131 ]]
[[13.31943687 69.23151157  0.77699525  7.52835674 -3.70718608 -0.84895299]]
[[13.31674754 69.23645148  0.79006969  7.52887053 -3.70665382 -0.84885175]]
[[13.31108466 69.23964469  0.79079285  7.52927306 -3.70564385 -0.8486831 ]]
[[13.31415765 69.24210805  0.79278285  7.52913088 -3.70569038 -0.84868735]]
[[13.30738075 69.24153483  0.79224991  7.52913669 -3.70497233 -0.84887363]]
[[13.31025217 69.24024395  0.79140278  7.52919292 -3.70450132 -0.84894855]]
[[13.31135602 69.24794711  0.79648987  7.52949208 -3.70449339 -0.84865366]]
[[13.30992512 69.24286411  0.79598093  7.52903935 -3.70406902 -0.84888159]]
[[13.30629498 69.2432634   0.79216946  7.52903492 -3.7038538  -0.84836574]]
[[13.30476354 69.24325266  0.79136652  7.52917404 -3.70365113 -0.84831189]]
[[13.30829879 69.24295106  0.77781015  7.52852023 -3.70412505 -0.8483896 ]]
[[13.30215004 69.23260934  0.76733763  7.52784443 -3.70373811 -0.84851491]]
[[13.30559064 69.23369238  0.74697134  7.52732301 -3.70395927 -0.84851662]]
[[13.30036079 69.23146344  0.73556567  7.52695245 -3.70372484 -0.84827955]]
[[13.30625474 69.22904547  0.72264524  7.52621608 -3.70428371 -0.84852346]]
[[13.30292078 69.22784013  0.70502306  7.52557626 -3.7037959  -0.84811968]]
[[13.30371589 69.22277307  0.69397642  7.52504827 -3.70405883 -0.84851115]]
[[13.30384088 69.22224497  0.68249536  7.52446484 -3.7045212  -0.84831916]]
[[13.29579085 69.21700395  0.66228492  7.52367709 -3.70405981 -0.84799903]]
[[13.29955029 69.21253196  0.6441459   7.52265283 -3.70469236 -0.84817058]]
[[13.29234183 69.21406191  0.62954017  7.52267683 -3.70436048 -0.84809348]]
[[13.30337475 69.21388836  0.60700624  7.52138402 -3.70527292 -0.84801688]]
[[13.3013509  69.20832292  0.59568106  7.52087839 -3.7050802  -0.84821615]]
[[13.30102072 69.20579473  0.5883706   7.52057888 -3.70504315 -0.84843266]]
[[13.30471004 69.20887781  0.57347778  7.52005576 -3.70555552 -0.84802664]]
[[13.30206972 69.20652319  0.56309492  7.51964029 -3.70510171 -0.84800243]]
[[13.3033843  69.2020326   0.55253037  7.51905252 -3.70533548 -0.84812738]]
[[13.304089   69.20394303  0.5458151   7.51858044 -3.70579166 -0.8479908 ]]
[[13.30397851 69.20141539  0.53582528  7.51829969 -3.70567654 -0.84809883]]
[[13.30359545 69.19848786  0.52452454  7.51774933 -3.70580449 -0.84775875]]
[[13.30413473 69.20090271  0.5175466   7.51734449 -3.70590837 -0.84791688]]
[[13.30696529 69.19594329  0.50721809  7.51679547 -3.706141   -0.84782404]]
[[13.30710992 69.1965927   0.49426497  7.51654073 -3.70588939 -0.84795569]]
[[13.29753404 69.19813729  0.49232311  7.51652023 -3.7053481  -0.8474878 ]]
[[13.30713829 69.19703899  0.47500166  7.5156019  -3.70591382 -0.84765414]]
[[13.30314744 69.19197983  0.47579253  7.51540289 -3.70569426 -0.84752173]]
[[13.30142507 69.19503004  0.46055136  7.51540011 -3.70530451 -0.84760292]]
[[13.30781987 69.19282196  0.45523715  7.51472973 -3.70566409 -0.84748323]]
[[13.30463215 69.1939355   0.44833886  7.51429962 -3.70550138 -0.84745081]]
[[13.30367515 69.18902662  0.43787073  7.51383582 -3.70560732 -0.84732321]]
[[13.30285739 69.18950605  0.43159601  7.51377421 -3.70536387 -0.84722891]]
[[13.30004341 69.18867508  0.42728688  7.51358789 -3.70483464 -0.84734421]]
[[13.3025354  69.18644468  0.41401002  7.51287686 -3.70500079 -0.84703744]]
[[13.30428896 69.18667403  0.40660055  7.51275436 -3.70527962 -0.8470538 ]]
[[13.30371137 69.18492424  0.40065297  7.51248051 -3.70508317 -0.84683876]]
[[13.30428123 69.17741174  0.39525913  7.51184119 -3.70514293 -0.84709701]]
[[13.30207841 69.17667623  0.38702056  7.51148261 -3.70530135 -0.84683836]]
[[13.3041983  69.17905118  0.37748594  7.51128028 -3.7052686  -0.8468318 ]]
[[13.30719169 69.1759131   0.37106255  7.51086909 -3.70529348 -0.84711707]]
[[13.30713081 69.1754263   0.36758924  7.5106505  -3.70567954 -0.84708956]]
[[13.30691871 69.17434765  0.35581202  7.51031198 -3.70543923 -0.84715615]]
[[13.3051563  69.17230806  0.34273684  7.50988742 -3.70507145 -0.84692975]]
[[13.31093799 69.17521272  0.33341058  7.50944902 -3.70609394 -0.84693516]]
[[13.30703001 69.16840506  0.33235926  7.50905845 -3.70578154 -0.84727076]]
[[13.30415392 69.17369398  0.31408688  7.50856696 -3.70549821 -0.84678331]]
[[13.30687996 69.17214183  0.30912946  7.5083659  -3.70598679 -0.84712298]]
[[13.30266249 69.16621744  0.30274469  7.50806453 -3.70553359 -0.84703246]]
[[13.30688576 69.16435372  0.29528743  7.50724743 -3.70604192 -0.84700936]]
[[13.3026416  69.16887973  0.28712053  7.50727922 -3.70579769 -0.84666576]]
[[13.30074266 69.16797255  0.27920386  7.50714585 -3.70537242 -0.8469028 ]]
[[13.30034769 69.1663732   0.27851369  7.50695389 -3.70536985 -0.84691148]]
[[13.30099827 69.16168143  0.27229736  7.50625089 -3.70595392 -0.8468788 ]]
[[13.30196141 69.16441807  0.2549545   7.50606929 -3.70557103 -0.84702445]]
[[13.30457051 69.16615138  0.25525552  7.5059591  -3.70596209 -0.84675261]]
[[13.30095617 69.16399246  0.25255329  7.50573101 -3.70541634 -0.84690732]]
[[13.30429925 69.16622799  0.24261184  7.50512447 -3.70553989 -0.84676009]]
[[13.30382011 69.16817316  0.23599817  7.50503257 -3.7058062  -0.84676726]]
[[13.30537787 69.16714309  0.23420802  7.50483626 -3.70581595 -0.84688242]]
[[13.30019875 69.16424786  0.22114844  7.50439398 -3.70514404 -0.84659846]]
[[13.30007329 69.16279838  0.21780375  7.50402366 -3.70547223 -0.84652179]]
[[13.30086179 69.16430622  0.21099756  7.50399013 -3.70549856 -0.84677178]]
[[13.29942856 69.16605628  0.20482439  7.50367275 -3.70544081 -0.84652141]]
[[13.29834235 69.16313257  0.19578494  7.5031096  -3.70562157 -0.84627503]]
[[13.29396307 69.16440487  0.19124732  7.50310343 -3.70522569 -0.84623648]]
[[13.29605876 69.16363224  0.18302456  7.50283094 -3.7053925  -0.84623856]]
[[13.2965692  69.16001809  0.17935805  7.50240799 -3.70602596 -0.84634979]]
[[13.29537108 69.15950193  0.16887573  7.50198354 -3.70565249 -0.8461601 ]]
[[13.29609868 69.16196632  0.16215473  7.50212624 -3.70513003 -0.84644174]]
[[13.28971875 69.15884306  0.16030828  7.50190528 -3.70537607 -0.84634844]]
[[13.2928034  69.15664522  0.14938504  7.50132948 -3.7054897  -0.84626393]]
[[13.29208361 69.15689037  0.14022738  7.50097465 -3.70523154 -0.84626234]]
[[13.29044573 69.15663605  0.14131981  7.50094991 -3.70530038 -0.84608572]]
[[13.29240947 69.15575111  0.13174806  7.50049111 -3.7056009  -0.84601511]]
[[13.29432935 69.15341078  0.12085137  7.49996107 -3.70595295 -0.84608823]]
[[13.29321714 69.15263584  0.11665888  7.49954704 -3.70588613 -0.84612484]]
[[13.29628877 69.15351693  0.10220651  7.49927329 -3.70594534 -0.84604628]]
[[13.29672494 69.15159104  0.09835603  7.49914368 -3.7061667  -0.84624752]]
[[13.2895505  69.14345399  0.09542275  7.49872776 -3.70573845 -0.84626817]]
[[13.29178602 69.14450378  0.08054115  7.49833985 -3.70588013 -0.84598115]]
[[13.29528636 69.14504689  0.07777966  7.49813349 -3.70629397 -0.84599442]]
[[ 1.32916821e+01  6.91404205e+01  6.72232938e-02  7.49799574e+00
  -3.70583607e+00 -8.45993260e-01]]
[[ 1.32928480e+01  6.91377105e+01  6.28089216e-02  7.49757621e+00
  -3.70605541e+00 -8.46087695e-01]]
[[ 1.32859797e+01  6.91364687e+01  6.23523806e-02  7.49757018e+00
  -3.70565928e+00 -8.46096298e-01]]
[[ 1.32888652e+01  6.91326021e+01  5.46475220e-02  7.49698651e+00
  -3.70606710e+00 -8.46164118e-01]]
[[ 1.32914923e+01  6.91344436e+01  4.93354190e-02  7.49676405e+00
  -3.70617694e+00 -8.46168705e-01]]
[[ 1.32906133e+01  6.91327183e+01  4.50370578e-02  7.49663356e+00
  -3.70599369e+00 -8.45965356e-01]]
[[ 1.32881457e+01  6.91345052e+01  4.32238167e-02  7.49673655e+00
  -3.70583740e+00 -8.45737287e-01]]
[[ 1.32903909e+01  6.91264280e+01  3.55820162e-02  7.49603322e+00
  -3.70598542e+00 -8.46055976e-01]]
[[ 1.32881561e+01  6.91266400e+01  2.68569959e-02  7.49584817e+00
  -3.70569032e+00 -8.45829462e-01]]
[[ 1.32929554e+01  6.91222432e+01  1.50225180e-02  7.49499486e+00
  -3.70638101e+00 -8.46006715e-01]]
[[ 1.32907435e+01  6.91212723e+01  6.85591001e-03  7.49485436e+00
  -3.70584645e+00 -8.46248064e-01]]
[[ 1.32940120e+01  6.91278135e+01  2.30828282e-03  7.49479932e+00
  -3.70583281e+00 -8.46139320e-01]]
[[ 1.32941499e+01  6.91201143e+01 -3.79960050e-03  7.49415868e+00
  -3.70612318e+00 -8.46097423e-01]]
[[ 1.32935184e+01  6.91191133e+01 -1.53065088e-02  7.49387172e+00
  -3.70590493e+00 -8.46183834e-01]]
[[ 1.32979279e+01  6.91218376e+01 -1.72178993e-02  7.49356250e+00
  -3.70657491e+00 -8.45803880e-01]]
[[ 1.32968776e+01  6.91203971e+01 -1.94766424e-02  7.49341180e+00
  -3.70615804e+00 -8.45790804e-01]]
[[ 1.32935974e+01  6.91168502e+01 -2.18268433e-02  7.49286433e+00
  -3.70640972e+00 -8.45801968e-01]]
[[ 1.32936705e+01  6.91204591e+01 -2.85688381e-02  7.49290794e+00
  -3.70596682e+00 -8.45741425e-01]]
[[ 1.32965573e+01  6.91260174e+01 -3.61640856e-02  7.49282948e+00
  -3.70600157e+00 -8.45562785e-01]]
[[ 1.32911364e+01  6.91243377e+01 -3.69980823e-02  7.49268201e+00
  -3.70561503e+00 -8.45720295e-01]]
[[ 1.32882033e+01  6.91186676e+01 -4.20626434e-02  7.49216370e+00
  -3.70563752e+00 -8.45829173e-01]]
[[ 1.32903243e+01  6.91186388e+01 -5.10821174e-02  7.49208464e+00
  -3.70583633e+00 -8.45709641e-01]]
[[ 1.32921688e+01  6.91199786e+01 -4.76351818e-02  7.49213327e+00
  -3.70582285e+00 -8.45510189e-01]]
[[ 1.32897606e+01  6.91199056e+01 -6.11051537e-02  7.49151218e+00
  -3.70582618e+00 -8.45503056e-01]]
[[13.28950996 69.11880069 -0.07621246  7.49090614 -3.70632974 -0.84520265]]
[[13.29042072 69.11745472 -0.07298951  7.49100304 -3.70595728 -0.84544835]]
[[13.29175838 69.11929426 -0.08019473  7.49073892 -3.70627663 -0.84520488]]
[[13.28913394 69.10922463 -0.08011687  7.49011104 -3.7062282  -0.84540819]]
[[13.29176352 69.10824302 -0.08746521  7.48979193 -3.70623944 -0.84545694]]
[[13.29029163 69.11269242 -0.08723986  7.49008896 -3.70598403 -0.84534095]]
[[13.28731126 69.10999836 -0.0908766   7.48986566 -3.70565352 -0.84513136]]
[[13.28800995 69.10277256 -0.09948391  7.48933937 -3.70551044 -0.845141  ]]
[[13.2884204  69.10584917 -0.10661675  7.4893342  -3.70582013 -0.84494003]]
[[13.29310806 69.10642203 -0.10920905  7.48913648 -3.70570357 -0.84531561]]
[[13.28670549 69.10418745 -0.12316405  7.48874454 -3.70520056 -0.84501335]]
[[13.28657896 69.10626415 -0.13457641  7.48852565 -3.70506325 -0.8449142 ]]
[[13.28574723 69.10140178 -0.13142061  7.48857954 -3.70494809 -0.84518473]]
[[13.28796956 69.10046989 -0.13746173  7.48813424 -3.70520985 -0.84514422]]
[[13.28748477 69.09451606 -0.14661391  7.4876953  -3.70525473 -0.8450271 ]]
[[13.28508494 69.09276432 -0.15062971  7.48765886 -3.70485714 -0.84515523]]
[[13.29082776 69.09731243 -0.15863963  7.48741422 -3.7052325  -0.8450272 ]]
[[13.29111864 69.08979232 -0.16023649  7.4870879  -3.7053865  -0.84488608]]
[[13.2830856  69.08933119 -0.16152899  7.48713958 -3.70457118 -0.84484124]]
[[13.28505574 69.09041659 -0.16393984  7.48675001 -3.70496228 -0.84480107]]
[[13.28639554 69.09170599 -0.16908874  7.48645535 -3.70523376 -0.84492207]]
[[13.28747949 69.08615083 -0.19040661  7.48560365 -3.7054017  -0.84481201]]
[[13.28716231 69.07933358 -0.21552544  7.48445556 -3.70565222 -0.84502503]]
[[13.28602432 69.07366461 -0.23165285  7.48378637 -3.70602739 -0.84513462]]
[[13.28888091 69.07463677 -0.24304399  7.48335381 -3.70644456 -0.84492088]]
[[13.28812327 69.06916644 -0.25351868  7.48299153 -3.70593747 -0.84521366]]
[[13.28990427 69.06944627 -0.26840245  7.48232109 -3.70620667 -0.84490879]]
[[13.28958131 69.06486714 -0.26711452  7.48212574 -3.70683219 -0.84495403]]
[[13.28956076 69.06210654 -0.27682279  7.48179321 -3.70678159 -0.84494025]]
[[13.2898322  69.06052735 -0.28918616  7.48133679 -3.70661091 -0.8448709 ]]
[[13.28740357 69.05698715 -0.29319445  7.4810318  -3.70670899 -0.84514262]]
[[13.28725814 69.05506452 -0.30009992  7.48108578 -3.70675594 -0.8450806 ]]
[[13.29246156 69.05151019 -0.30360607  7.48055457 -3.70697788 -0.84522865]]
[[13.28811475 69.05077739 -0.31303026  7.48024257 -3.70664716 -0.84523408]]
[[13.28938319 69.04700029 -0.32094535  7.47986118 -3.70720157 -0.84489334]]
[[13.29156629 69.05067335 -0.32921606  7.47979589 -3.70722601 -0.84509747]]
[[13.28687935 69.04627161 -0.33368545  7.4794615  -3.70694549 -0.844791  ]]
[[13.28935789 69.0401676  -0.33800047  7.47891614 -3.70714934 -0.84517269]]
[[13.28786001 69.04319904 -0.3406796   7.4791122  -3.70729103 -0.84491599]]
[[13.28509523 69.03836839 -0.34538225  7.47892685 -3.70686035 -0.84486857]]
[[13.28142276 69.03838456 -0.353258    7.47863578 -3.70672361 -0.84488955]]
[[13.28484375 69.03351616 -0.3519707   7.47826942 -3.70746666 -0.84509591]]
[[13.28146763 69.03801753 -0.36343018  7.47820414 -3.70685077 -0.84490997]]
[[13.28943181 69.03409996 -0.36539959  7.47777024 -3.70729008 -0.84503033]]
[[13.28753911 69.03346708 -0.37133237  7.47757026 -3.70724269 -0.84490211]]
[[13.28576415 69.03304711 -0.38084181  7.47738749 -3.70684813 -0.84477747]]
[[13.28663137 69.03104649 -0.38184014  7.47727331 -3.70673526 -0.84513311]]
[[13.28701272 69.03407061 -0.39041297  7.47716696 -3.70679172 -0.84473625]]
[[13.28570604 69.03122065 -0.39129682  7.47693593 -3.70684374 -0.84502122]]
[[13.28503302 69.02692996 -0.39394641  7.47663524 -3.70672997 -0.84504629]]
[[13.2842711  69.02582004 -0.39720364  7.47647736 -3.70667663 -0.84460976]]
[[13.2872504  69.02546568 -0.3998438   7.4764073  -3.70665019 -0.84498587]]
[[13.28649198 69.02612379 -0.40420472  7.47626122 -3.70661762 -0.84474472]]
[[13.28624138 69.0219707  -0.41591244  7.47560843 -3.70656522 -0.84489629]]
[[13.28407683 69.0213584  -0.41940962  7.47583317 -3.70630961 -0.84478106]]
[[13.28533087 69.02433119 -0.42823178  7.47562621 -3.70659888 -0.84464101]]
[[13.28142153 69.01577075 -0.42885921  7.47519321 -3.70651754 -0.84457957]]
[[13.28337227 69.01470529 -0.43529262  7.47495597 -3.70643522 -0.84472644]]
[[13.28506215 69.01644903 -0.43737396  7.4750412  -3.70664443 -0.84450735]]
[[13.28392243 69.01571646 -0.44409633  7.47477325 -3.70654775 -0.84442011]]
[[13.28320605 69.01530365 -0.4536468   7.47417342 -3.70685636 -0.84442569]]
[[13.28179472 69.01086069 -0.45376313  7.47413488 -3.70650003 -0.84465189]]
[[13.28219221 69.01628604 -0.45917416  7.47421407 -3.70647758 -0.84441876]]
[[13.28437732 69.01465483 -0.46513679  7.47359762 -3.70695083 -0.84428579]]
[[13.27954921 69.01512609 -0.47464184  7.47327588 -3.70676334 -0.84424871]]
[[13.28192319 69.01227636 -0.47551431  7.47320325 -3.70689684 -0.84430054]]
[[13.28403295 69.01454263 -0.48274973  7.47306115 -3.70704535 -0.84438019]]
[[13.28235908 69.00996047 -0.48950279  7.47266686 -3.70717871 -0.84432971]]
[[13.28083603 69.00932688 -0.49331597  7.47263372 -3.70647148 -0.84443734]]
[[13.28269456 69.01150572 -0.50345166  7.47231123 -3.70683218 -0.84427847]]
[[13.2852835  69.01139888 -0.50924687  7.47205613 -3.70735193 -0.84424567]]
[[13.27950244 69.0100302  -0.51375728  7.47204635 -3.70661494 -0.84403014]]
[[13.28063551 69.00672917 -0.51551511  7.47158491 -3.70691311 -0.84416352]]
[[13.28124126 69.0072325  -0.52062156  7.47137251 -3.70726752 -0.84431815]]
[[13.28301584 69.00393993 -0.52170937  7.47116315 -3.70765523 -0.8444937 ]]
[[13.27932965 69.00155324 -0.52385876  7.47101802 -3.70702024 -0.84448003]]
[[13.27690187 69.00115346 -0.53735865  7.47077167 -3.70694949 -0.84429127]]
[[13.28130286 68.99579927 -0.5367571   7.47050018 -3.70742817 -0.84447405]]
[[13.286081   69.0032908  -0.54962364  7.47029947 -3.70778289 -0.84413258]]
[[13.282646   68.99962291 -0.55028281  7.47013702 -3.70705215 -0.84426879]]
[[13.28174874 69.00116256 -0.55534355  7.47001269 -3.7071655  -0.84410724]]
[[13.28288134 69.00135315 -0.55114606  7.47000472 -3.70732884 -0.8443567 ]]
[[13.28525044 69.0013269  -0.56088963  7.46957676 -3.7075483  -0.8442551 ]]
[[13.2812494  68.99560411 -0.5679592   7.46926949 -3.7070745  -0.84431682]]
[[13.27935978 69.00030651 -0.57373821  7.46933773 -3.70714777 -0.84381703]]
[[13.28152136 68.99945845 -0.57326475  7.469219   -3.70723767 -0.84385605]]
[[13.28236924 68.99545089 -0.57827818  7.4687053  -3.70729512 -0.84401657]]
[[13.28152569 68.99402204 -0.58016961  7.46846271 -3.70718879 -0.84418296]]
[[13.28167092 68.99645488 -0.58927211  7.46836164 -3.70757402 -0.84386194]]
[[13.27994347 68.99206923 -0.58969311  7.46825399 -3.70719554 -0.84401068]]
[[13.27923598 68.99300271 -0.60003221  7.46797301 -3.70726156 -0.84371677]]
[[13.28073481 68.98940417 -0.59975288  7.4676415  -3.70749741 -0.84428141]]
[[13.27897215 68.98530568 -0.60210357  7.46746921 -3.70764884 -0.84434436]]
[[13.27438039 68.98531361 -0.60460375  7.46748692 -3.70726321 -0.84395524]]
[[13.27737793 68.98049022 -0.60802236  7.46716565 -3.70742686 -0.84429014]]
[[13.27515883 68.98326601 -0.61447773  7.46709935 -3.70741508 -0.84373745]]
[[13.27484704 68.98243716 -0.61890932  7.46696921 -3.70718694 -0.84376904]]
[[13.27470701 68.97998556 -0.62363721  7.46675003 -3.70707187 -0.84408809]]
[[13.27330489 68.97961595 -0.6263431   7.46662909 -3.70717758 -0.84390789]]
[[13.27654861 68.97991453 -0.63278789  7.46623956 -3.70745821 -0.84385674]]
[[13.2742947  68.9743403  -0.63422943  7.46602097 -3.7073481  -0.84386814]]
[[13.27407126 68.97287678 -0.64290365  7.46598058 -3.70719552 -0.84421147]]
[[13.27517268 68.9732987  -0.64250156  7.46583802 -3.70744018 -0.84401335]]
[[13.27411553 68.97507992 -0.64394389  7.46556689 -3.70749186 -0.84384581]]
[[13.28170938 68.97084791 -0.646295    7.46495904 -3.70827539 -0.84402017]]
[[13.27765087 68.97402004 -0.64854959  7.46526295 -3.70789622 -0.84381907]]
[[13.27748765 68.9761629  -0.65644878  7.46500109 -3.70789543 -0.84374188]]
[[13.27610795 68.96946079 -0.6602467   7.4645452  -3.70781169 -0.84398594]]
[[13.27649778 68.96779719 -0.66183224  7.46457501 -3.70787971 -0.84381824]]
[[13.27523615 68.97043759 -0.66607848  7.4647526  -3.70741389 -0.84385433]]
[[13.27512292 68.97499704 -0.67791999  7.46436438 -3.70735548 -0.84363435]]
[[13.27672348 68.96933038 -0.67729789  7.46384842 -3.70772253 -0.84371583]]
[[13.27326689 68.97047682 -0.6726637   7.46400366 -3.70750479 -0.84365485]]
[[13.27272029 68.97065451 -0.67932975  7.46396981 -3.7071392  -0.84357895]]
[[13.27333689 68.96298282 -0.68279942  7.46337047 -3.70731106 -0.84372015]]
[[13.27133197 68.96430814 -0.6869989   7.46339994 -3.70693307 -0.84366246]]
[[13.27327361 68.96843552 -0.69082702  7.46343355 -3.70704044 -0.8435743 ]]
[[13.27251513 68.96497461 -0.69001156  7.46312268 -3.70712919 -0.84366261]]
[[13.27608964 68.96518528 -0.70298758  7.46257808 -3.70742831 -0.84342132]]
[[13.27195543 68.96301169 -0.69432411  7.46285915 -3.70715861 -0.8434534 ]]
[[13.27633843 68.96430393 -0.70021835  7.46264433 -3.70745424 -0.84355612]]
[[13.27112518 68.96433782 -0.70582941  7.46249243 -3.70667817 -0.84345082]]
[[13.27737139 68.96393064 -0.70811548  7.46207464 -3.70718866 -0.84351113]]
[[13.273256   68.96815111 -0.70862731  7.46237366 -3.70725962 -0.84325889]]
[[13.27543061 68.96511507 -0.71042806  7.46193491 -3.7072274  -0.84355733]]
[[13.27344079 68.95913959 -0.71684096  7.46152612 -3.70714939 -0.8436029 ]]
[[13.27504832 68.95825847 -0.71808882  7.46140565 -3.70732232 -0.84350521]]
[[13.27284443 68.9584035  -0.71892424  7.4614698  -3.7072456  -0.84346211]]
[[13.27435605 68.95791618 -0.73384877  7.46114357 -3.70676767 -0.84344427]]
[[13.26990671 68.95667934 -0.72836263  7.46112647 -3.70691612 -0.84326267]]
[[13.27262555 68.9576785  -0.73326851  7.46079238 -3.70723645 -0.84336677]]
[[13.27412001 68.95364895 -0.73388392  7.46054369 -3.70757078 -0.8434675 ]]
[[13.27277795 68.95904585 -0.73701828  7.46046367 -3.70720174 -0.843337  ]]
[[13.27031495 68.96027593 -0.7440109   7.46036845 -3.70687032 -0.84314375]]
[[13.27265744 68.95770112 -0.74256901  7.46015235 -3.70720433 -0.84324905]]
[[13.27728437 68.95411586 -0.74033743  7.46007095 -3.7073235  -0.8437261 ]]
[[13.27526354 68.95880565 -0.7504554   7.46000068 -3.7069783  -0.84351451]]
[[13.27353936 68.95336929 -0.74054045  7.45991826 -3.70651835 -0.84374893]]
[[13.27742855 68.95157847 -0.74572544  7.45968005 -3.70710223 -0.84375599]]
[[13.2755491  68.95368198 -0.75346662  7.45974976 -3.70654251 -0.84364437]]
[[13.27190551 68.95360522 -0.75703369  7.45952451 -3.70655705 -0.84323788]]
[[13.27353146 68.95007628 -0.75871992  7.45899953 -3.70707495 -0.84348465]]
[[13.27201938 68.95097876 -0.76183338  7.45909092 -3.70693711 -0.84341419]]
[[13.27184214 68.94799271 -0.76209709  7.45906496 -3.70664137 -0.84351352]]
[[13.27471282 68.95050015 -0.77258397  7.45876975 -3.70682103 -0.84323948]]
[[13.27819411 68.94661639 -0.77099111  7.45854416 -3.70719345 -0.84336156]]
[[13.27870091 68.95009174 -0.77832516  7.45842905 -3.70702604 -0.84339399]]
[[13.27855737 68.94764564 -0.77687044  7.45831884 -3.70703793 -0.84328447]]
[[13.28035779 68.94306012 -0.77762264  7.45802377 -3.70734012 -0.84348894]]
[[13.28046777 68.94203239 -0.78009337  7.45791378 -3.70759011 -0.84338115]]
[[13.28144631 68.94073184 -0.78488265  7.45770089 -3.70767007 -0.84330362]]
[[13.28523734 68.9396331  -0.78683798  7.45744582 -3.70802206 -0.84326442]]
[[13.2845492  68.93934438 -0.79054817  7.45745078 -3.70806166 -0.84320096]]
[[13.28482074 68.93808086 -0.79477911  7.4570891  -3.70814525 -0.84344507]]
[[13.28870952 68.93910687 -0.80432887  7.4568036  -3.70810586 -0.84368443]]
[[13.28104746 68.93985023 -0.8018581   7.45721533 -3.70747138 -0.84329891]]
[[13.28377939 68.93889047 -0.80277456  7.45704558 -3.70741964 -0.84349515]]
[[13.28445706 68.92868905 -0.80301403  7.45660993 -3.70754765 -0.84369108]]
[[13.28282717 68.93753179 -0.81286492  7.45678518 -3.70730986 -0.84338257]]
[[13.28413195 68.93533716 -0.80648711  7.45677244 -3.70741269 -0.843159  ]]
[[13.28477329 68.93256133 -0.80973305  7.45628783 -3.70765642 -0.84337653]]
[[13.28441168 68.93362092 -0.8187198   7.4561431  -3.70759334 -0.84338627]]
[[13.28389845 68.93202519 -0.81264564  7.45639596 -3.70759381 -0.84323935]]
[[13.29148834 68.93080584 -0.81656004  7.45595701 -3.70772659 -0.84349966]]
[[13.28479067 68.92314734 -0.81643436  7.45576725 -3.7074087  -0.84360615]]
[[13.28864557 68.92437702 -0.82033897  7.45561651 -3.70781463 -0.84326542]]
[[13.28390698 68.92673816 -0.81744827  7.45585042 -3.70728965 -0.84354368]]
[[13.28468227 68.92771806 -0.82707186  7.45549274 -3.70739673 -0.84339279]]
[[13.28615748 68.92240409 -0.83032361  7.45513011 -3.70755282 -0.84344024]]
[[13.28481321 68.92726075 -0.8332042   7.45536764 -3.70709358 -0.8434786 ]]
[[13.28682211 68.92900922 -0.83079805  7.45518803 -3.70748798 -0.84325924]]
[[13.28652573 68.925308   -0.83481676  7.45472378 -3.70763871 -0.84330943]]
[[13.28672717 68.92515193 -0.83941908  7.45459763 -3.70759432 -0.8433865 ]]
[[13.28967063 68.92564084 -0.84086516  7.4546137  -3.70764616 -0.84324262]]
[[13.28826095 68.92465089 -0.84714277  7.45447005 -3.70763409 -0.84313681]]
[[13.29232781 68.92200711 -0.85549377  7.45384908 -3.70801188 -0.84342475]]
[[13.28958079 68.9207845  -0.85559334  7.4541067  -3.7075938  -0.8432701 ]]
[[13.29225112 68.91951592 -0.84953868  7.45398795 -3.70791335 -0.84325895]]
[[13.29457552 68.92130427 -0.85762918  7.45357069 -3.70812009 -0.84336917]]
[[13.29015237 68.9187151  -0.86682857  7.45320527 -3.70792882 -0.8430882 ]]
[[13.28774734 68.9201221  -0.86261403  7.45351496 -3.70770413 -0.84302334]]
[[13.29044136 68.91752348 -0.86199913  7.45337026 -3.70770062 -0.84337163]]
[[13.29261879 68.91595844 -0.86966876  7.45291595 -3.70812133 -0.84309043]]
[[13.28737138 68.9165303  -0.87217538  7.45293419 -3.70770097 -0.84314744]]
[[13.28878882 68.9206635  -0.88251735  7.45289769 -3.70790411 -0.84300337]]
[[13.28433673 68.91603331 -0.88185051  7.45281642 -3.70763906 -0.84301847]]
[[13.28787256 68.91334519 -0.88524112  7.45239231 -3.70808104 -0.84327073]]
[[13.28860048 68.91004553 -0.88999334  7.45225212 -3.70787611 -0.8431277 ]]
[[13.28258596 68.91088692 -0.88640775  7.45253094 -3.70756969 -0.84315892]]
[[13.29121149 68.90951095 -0.8912215   7.4522243  -3.70810575 -0.84340398]]
[[13.28692855 68.90684638 -0.895172    7.4518374  -3.70804396 -0.8431916 ]]
[[13.2894526  68.90882581 -0.89429022  7.45170525 -3.70844904 -0.84343416]]
[[13.2920556  68.90602561 -0.89426713  7.45139466 -3.70864512 -0.84351145]]
[[13.29283222 68.90745802 -0.9048978   7.45111968 -3.70863049 -0.84319813]]
[[13.29354593 68.90868217 -0.90427766  7.4509463  -3.7087168  -0.84318892]]
[[13.29068369 68.90845103 -0.90679676  7.4510088  -3.7083987  -0.8431606 ]]
[[13.2944972  68.91056371 -0.91730743  7.45081977 -3.70880712 -0.84310168]]
[[13.2908624  68.90925813 -0.91222918  7.45090151 -3.70825223 -0.8429707 ]]
[[13.29166739 68.90514478 -0.91915978  7.45045897 -3.70815621 -0.84331653]]
[[13.29586816 68.91207889 -0.9242315   7.45036256 -3.70889706 -0.84315739]]
[[13.29677612 68.9077489  -0.92060762  7.45024988 -3.70895248 -0.84350459]]
[[13.29661548 68.90653041 -0.93274492  7.44996438 -3.70879763 -0.8429176 ]]
[[13.29453471 68.90412939 -0.92406446  7.449925   -3.70856725 -0.84329638]]
[[13.29539793 68.90592509 -0.92750406  7.44981242 -3.7088412  -0.84328862]]
[[13.29064603 68.90178995 -0.93496919  7.44966525 -3.70846651 -0.84315194]]
[[13.29411834 68.90749827 -0.93841301  7.449713   -3.7086295  -0.8429979 ]]
[[13.29392658 68.90686139 -0.9394092   7.44971594 -3.70839122 -0.84328175]]
[[13.28862879 68.90475568 -0.94473731  7.44955303 -3.70806276 -0.84329736]]
[[13.2907287  68.90117087 -0.94468623  7.44934542 -3.70824605 -0.84323238]]
[[13.29303571 68.90189959 -0.94763256  7.44924256 -3.70832823 -0.8432213 ]]
[[13.29572535 68.9011604  -0.95066882  7.4490346  -3.70825647 -0.84338671]]
[[13.29407932 68.89962479 -0.95035918  7.44884246 -3.70821201 -0.84348262]]
[[13.29141393 68.89600097 -0.94956689  7.4487956  -3.70812477 -0.84327646]]
[[13.29136081 68.90126202 -0.95270221  7.44881983 -3.70831153 -0.84299334]]
[[13.29050804 68.90087837 -0.95392933  7.4484753  -3.70870742 -0.84269395]]
[[13.28371573 68.89831034 -0.9588998   7.44795117 -3.70915638 -0.84193247]]
[[13.28321359 68.90120089 -0.96116807  7.44799828 -3.70932146 -0.84150808]]
[[13.28400008 68.90313457 -0.95691479  7.44806883 -3.70933769 -0.84157704]]
[[13.27956427 68.90269218 -0.97117964  7.44762765 -3.70922469 -0.84115924]]
[[13.2805767  68.89854222 -0.97428711  7.44731908 -3.70936995 -0.84121884]]
[[13.27687566 68.90053936 -0.96551641  7.44776659 -3.70881599 -0.84095104]]
[[13.27707955 68.90155346 -0.96837254  7.44758914 -3.70900443 -0.84090371]]
[[13.27679192 68.89960866 49.02345872  7.44696217 -3.7092075  -0.84110555]]
[[13.27672356 68.89912694 49.01967249  7.44694152 -3.70917195 -0.84089901]]
[[13.27887379 68.90187791 49.02014586  7.44705416 -3.70944399 -0.84061227]]
[[13.27554478 68.89316474 49.02565942  7.44685046 -3.70917379 -0.84074148]]
[[13.27554588 68.8935678  49.01392709  7.44647723 -3.70927526 -0.84085054]]
[[13.2780762  68.89154048 49.02322593  7.44667216 -3.70918692 -0.84095618]]
[[13.27589026 68.89454285 49.02389656  7.44667051 -3.70937279 -0.84084109]]
[[13.27271121 68.89112004 49.01399818  7.44619828 -3.70916591 -0.840927  ]]
[[13.27395608 68.89031357 49.01082825  7.44585403 -3.70939818 -0.84072227]]
[[13.27316248 68.8913411  49.01874675  7.44636804 -3.70887325 -0.84097462]]
[[13.27433463 68.8933238  49.00866799  7.44591844 -3.70916441 -0.84049888]]
[[13.27246753 68.8876658  49.00890397  7.44589097 -3.70869362 -0.8407046 ]]
[[13.2734912  68.89168081 49.00488235  7.44580228 -3.7085227  -0.84075859]]
[[13.27509693 68.88997473 49.00509859  7.44555735 -3.70892053 -0.8407341 ]]
[[13.27327525 68.89170256 49.00014244  7.44545066 -3.70901056 -0.840605  ]]
[[13.27073478 68.88922979 49.00038678  7.44535018 -3.70849924 -0.8405819 ]]
[[13.27438986 68.88875322 48.99747632  7.44513859 -3.70875344 -0.8406856 ]]
[[13.27366572 68.88904195 48.99545414  7.44506012 -3.70916527 -0.84042894]]
[[13.27213631 68.88522275 48.98841242  7.44501389 -3.70857952 -0.84056092]]
[[13.27365399 68.88281733 48.99191713  7.44488792 -3.70853487 -0.84071207]]
[[13.27102931 68.88022109 48.99512501  7.44487981 -3.70842004 -0.84075848]]
[[13.27414505 68.87874716 48.98983474  7.44452336 -3.70873088 -0.8408023 ]]
[[13.27821393 68.88264239 48.98451927  7.44439138 -3.70901353 -0.8404207 ]]
[[13.27609987 68.88655772 48.97812413  7.44438005 -3.70854024 -0.84042691]]
[[13.27656244 68.88088554 48.97950723  7.44411477 -3.70876109 -0.84057874]]
[[13.27950262 68.88210697 48.97767271  7.44403887 -3.70923327 -0.84067292]]
[[13.26788594 68.87979292 48.97420223  7.44432496 -3.70784448 -0.84032625]]
[[13.2756877  68.88161998 48.97406786  7.44404887 -3.70833926 -0.84066336]]
[[13.27293114 68.88557103 48.97049189  7.44413224 -3.70842341 -0.84027614]]
[[13.2792415  68.87920963 48.96738472  7.44361306 -3.7086334  -0.84077521]]
[[13.27720147 68.88589324 48.96066432  7.44378006 -3.70809172 -0.84059371]]
[[13.27373787 68.88259687 48.96065696  7.44374035 -3.70796765 -0.84049501]]
[[13.27688282 68.88420357 48.95908917  7.44354522 -3.70824712 -0.84034436]]
[[13.27287289 68.88432896 48.96092345  7.44372937 -3.70769032 -0.84032913]]
[[13.27435317 68.88877368 48.95145279  7.44346861 -3.70786031 -0.84008116]]
[[13.27165763 68.87918494 48.95561111  7.44320624 -3.70805206 -0.8404296 ]]
[[13.27093952 68.87773989 48.95037577  7.4431647  -3.70759738 -0.84035202]]
[[13.27397671 68.884211   48.94385709  7.44328086 -3.70756458 -0.84031357]]
[[13.26888682 68.8818338  48.94608783  7.443174   -3.70730008 -0.84045111]]
[[13.26749834 68.87705086 48.93944101  7.44277156 -3.70742595 -0.84061353]]
[[13.27353743 68.87569945 48.9381613   7.44266268 -3.70786488 -0.84051508]]
[[13.26840273 68.88151722 48.93422093  7.4430315  -3.70734308 -0.83995587]]
[[13.2695629  68.87821015 48.92844861  7.44243702 -3.70765006 -0.83993974]]
[[13.26658385 68.87417598 48.9304039   7.4422403  -3.70752984 -0.84020695]]
[[13.27050167 68.88216981 48.92918738  7.44250867 -3.70760761 -0.84010946]]
[[13.27164355 68.88209532 48.93569614  7.44253796 -3.7074635  -0.8401792 ]]
[[13.2651756  68.87706586 48.93247637  7.44204211 -3.70741358 -0.84004689]]
[[13.26696974 68.87818164 48.92861625  7.44190433 -3.70737607 -0.83996908]]
[[13.26918124 68.88186837 48.93173778  7.44222194 -3.70729598 -0.83998108]]
[[13.26617284 68.87960516 48.9294397   7.44207872 -3.7072225  -0.83981105]]
[[13.27040714 68.87577001 48.91868567  7.44115673 -3.70803528 -0.83999747]]
[[13.26898193 68.87651444 48.91869864  7.44127869 -3.70776295 -0.84000035]]
[[13.26680044 68.87777156 48.92786615  7.44177314 -3.70744276 -0.84004097]]
[[13.27075724 68.87630456 48.92040298  7.44094256 -3.70792832 -0.84014429]]
[[13.26607289 68.87558489 48.91512954  7.44088357 -3.70751539 -0.84009075]]
[[13.26892888 68.88110664 48.91366499  7.44109708 -3.70772976 -0.83964319]]
[[13.2648602  68.87676536 48.91850613  7.4411933  -3.70719199 -0.83990292]]
[[13.2630976  68.87364918 48.91002994  7.44075194 -3.70718141 -0.83992815]]
[[13.2650576  68.87379295 48.90707572  7.44067111 -3.70718844 -0.83985858]]
[[13.26590897 68.87645719 48.90670075  7.44081173 -3.70690255 -0.83985242]]
[[13.26519374 68.87277095 48.90649874  7.44056857 -3.70716499 -0.83983596]]
[[13.26266628 68.87290804 48.90278162  7.440543   -3.70669904 -0.84003734]]
[[13.25979076 68.87378762 48.8998116   7.44068567 -3.70621743 -0.83997671]]
[[13.26322887 68.87236673 48.89414111  7.44031758 -3.70659336 -0.83953895]]
[[13.26281218 68.86783815 48.88850809  7.44009548 -3.7066057  -0.83966447]]
[[13.26236995 68.86858622 48.88027032  7.43999591 -3.70600078 -0.83959218]]
[[13.26137037 68.86735345 48.88041995  7.43992069 -3.70631749 -0.83955046]]
[[13.2591473  68.86579723 48.87803628  7.4397377  -3.70664542 -0.8395501 ]]
[[13.25988758 68.86655463 48.87050856  7.43949564 -3.70661679 -0.83936554]]
[[13.25702683 68.86472885 48.87175984  7.43951331 -3.70623639 -0.83930045]]
[[13.25915221 68.86427092 48.86985007  7.43937578 -3.70684926 -0.83959688]]
[[13.25737005 68.86320429 48.864618    7.43908159 -3.70708925 -0.83929428]]
[[13.25919735 68.86375147 48.85680045  7.43889376 -3.70680097 -0.83919578]]
[[13.25675717 68.86136809 48.85260797  7.43866494 -3.70666238 -0.83915532]]
[[13.25655446 68.85128115 48.82132379  7.43722912 -3.70786796 -0.83945875]]
[[13.2603776  68.84302156 48.78731032  7.43591745 -3.70850149 -0.83942401]]
[[13.25905706 68.83962388 48.76419056  7.43516001 -3.70856829 -0.8393688 ]]
[[13.26080683 68.83725857 48.74250178  7.43433937 -3.7091937  -0.83915413]]
[[13.25982062 68.83026637 48.72313585  7.43347696 -3.70944845 -0.83963525]]
[[13.26219607 68.82893814 48.71261772  7.43311872 -3.70958312 -0.83955557]]
[[13.26183982 68.82974403 48.70493755  7.43290927 -3.70956206 -0.83937687]]
[[13.26941542 68.82094689 48.69955975  7.4319394  -3.71067894 -0.83950147]]
[[13.26373072 68.82290779 48.68658581  7.43178996 -3.71048628 -0.8392354 ]]
[[13.2608388  68.82021625 48.68006631  7.43189272 -3.70992071 -0.83910826]]
[[13.26264261 68.82151593 48.67537994  7.43155269 -3.71009985 -0.83940114]]
[[13.26349956 68.819443   48.66737523  7.43112492 -3.71055668 -0.83942363]]
[[13.26425457 68.81784871 48.66347762  7.43089015 -3.7106087  -0.83919673]]
[[13.26466893 68.82016542 48.6635145   7.43103324 -3.71031946 -0.8393565 ]]
[[13.2620677  68.8192597  48.66055629  7.4309844  -3.70998984 -0.83933732]]
[[13.26037148 68.81438558 48.65673828  7.43070605 -3.7100457  -0.83923765]]
[[13.26347593 68.8197487  48.65224883  7.43075251 -3.71000305 -0.83941936]]
[[13.25907468 68.81901892 48.65112424  7.4308696  -3.70959925 -0.83905727]]
[[13.2618163  68.81708881 48.64340833  7.43066217 -3.70916864 -0.83927858]]
[[13.2634196  68.81953819 48.64002156  7.43052822 -3.70977404 -0.8392373 ]]
[[13.25991199 68.81301795 48.64217714  7.43051285 -3.70913407 -0.83945104]]
[[13.26052822 68.81420457 48.63659577  7.43015689 -3.70945767 -0.83919267]]
[[13.26250325 68.81181677 48.63542088  7.43016439 -3.70957983 -0.83937252]]
[[13.26000258 68.81141061 48.62724805  7.43005229 -3.70945038 -0.83905215]]
[[13.26857101 68.81374758 48.62509747  7.42947384 -3.71039043 -0.8392109 ]]
[[13.26733149 68.81336832 48.6197519   7.42925496 -3.71060719 -0.83940763]]
[[13.26164462 68.81035597 48.61210605  7.42927136 -3.70998808 -0.83920411]]
[[13.26578404 68.815078   48.60971598  7.42927563 -3.71020257 -0.83917865]]
[[13.26338524 68.81599853 48.60740544  7.42924274 -3.71024833 -0.83906935]]
[[13.26452306 68.81146164 48.60611681  7.42873272 -3.71034001 -0.83928294]]
[[13.26008565 68.8086527  48.60736382  7.42889767 -3.70993352 -0.83915049]]
[[13.26173433 68.81118758 48.60649175  7.42903526 -3.71006848 -0.83907416]]
[[13.2656834  68.81258231 48.60278921  7.42875119 -3.71032474 -0.83906399]]
[[13.26191248 68.80538065 48.60349505  7.4283417  -3.71025033 -0.83926819]]
[[13.26273621 68.80745956 48.59784586  7.4284194  -3.71017406 -0.83895765]]
[[13.26609813 68.81111841 48.60099107  7.42849461 -3.71037381 -0.83918109]]
[[13.26556032 68.80831734 48.59600276  7.42822546 -3.71031377 -0.83908025]]
[[13.26005873 68.80210965 48.59829992  7.42812504 -3.70981969 -0.83925284]]
[[13.26582478 68.80401194 48.59531027  7.42799244 -3.71037732 -0.83918296]]
[[13.25992485 68.80308863 48.59904175  7.42822524 -3.71008285 -0.83898312]]
[[13.26125625 68.79891101 48.59462832  7.42788712 -3.71004615 -0.83935851]]
[[13.25810202 68.80382346 48.58305438  7.42772308 -3.70979127 -0.83890029]]
[[13.26467165 68.80534512 48.58518457  7.42758526 -3.71045373 -0.83893473]]
[[13.26483658 68.80418359 48.58658319  7.42756943 -3.71060938 -0.83895918]]
[[13.26480197 68.80047334 48.58284504  7.42728378 -3.71025374 -0.83908045]]
[[13.26469276 68.80062381 48.579674    7.42722663 -3.71008201 -0.83907935]]
[[13.26449292 68.80422501 48.58131884  7.42740277 -3.71001628 -0.83904865]]
[[13.26686723 68.80375255 48.57452383  7.42698077 -3.71076254 -0.83890154]]
[[13.26314224 68.80037162 48.5731439   7.4269454  -3.71029894 -0.8388909 ]]
[[13.2675356  68.80168643 48.56968012  7.42662704 -3.7106655  -0.83874765]]
[[13.26839114 68.80076421 48.572453    7.42679802 -3.71067067 -0.83928332]]
[[13.26830345 68.7950458  48.57088792  7.42621967 -3.71097639 -0.83905782]]
[[13.26186558 68.7980454  48.56602376  7.42652087 -3.71017655 -0.83892694]]
[[13.2632614  68.79974956 48.56220057  7.42636168 -3.71015794 -0.83906079]]
[[13.26206215 68.79455496 48.5584946   7.42615552 -3.71017222 -0.83917951]]
[[13.26051253 68.79774254 48.55117231  7.42616323 -3.71029068 -0.83900174]]
[[13.2647917  68.79517238 48.54942328  7.42589606 -3.71017028 -0.83917176]]
[[13.26412007 68.79130151 48.55205315  7.42575764 -3.71035685 -0.83897186]]
[[13.26770131 68.79109407 48.54903014  7.42557837 -3.71070361 -0.83927005]]
[[13.26532161 68.790217   48.54497066  7.42555647 -3.71044842 -0.83893821]]
[[13.26528015 68.78817314 48.54510778  7.42533105 -3.71060232 -0.83901364]]
[[13.26986624 68.79055975 48.5422456   7.42502099 -3.7111147  -0.83916321]]
[[13.26508621 68.78778969 48.54745849  7.42509323 -3.71075019 -0.83909807]]
[[13.26543488 68.79533648 48.54313596  7.4251204  -3.71067992 -0.83886051]]
[[13.26644322 68.7922124  48.54112261  7.4247552  -3.7106855  -0.83916381]]
[[13.26880462 68.78894831 48.53858733  7.42457373 -3.71097973 -0.83932557]]
[[13.26764792 68.79204597 48.53940838  7.42493958 -3.71065894 -0.83908555]]
[[13.26386435 68.78960995 48.53798201  7.42489218 -3.7101856  -0.83889555]]
[[13.27029781 68.78566504 48.53488736  7.42435564 -3.71096191 -0.83917125]]
[[13.27210563 68.79188798 48.53141164  7.42442747 -3.71088527 -0.83891644]]
[[13.26468356 68.79077717 48.53385635  7.42476527 -3.71009992 -0.83890308]]
[[13.27199768 68.79255881 48.53284218  7.42432173 -3.71101858 -0.83884184]]
[[13.26753998 68.78970729 48.53237637  7.42426593 -3.71054846 -0.83882665]]
[[13.26811548 68.79175963 48.53051945  7.42449024 -3.71018889 -0.83885121]]
[[13.26739836 68.79198891 48.53549354  7.42453928 -3.71020203 -0.83877294]]
[[13.26633277 68.78818464 48.52825309  7.42426581 -3.71018597 -0.83867228]]
[[13.26959372 68.78642511 48.53220056  7.4240129  -3.71044656 -0.83885125]]
[[13.27118605 68.78838266 48.53123798  7.42413244 -3.71025684 -0.83895602]]
[[13.26603472 68.78715484 48.52599319  7.42413883 -3.70995682 -0.83896482]]
[[13.27331602 68.78304541 48.52765743  7.42354625 -3.71089556 -0.83920415]]
[[13.26515108 68.78352702 48.52554051  7.42370188 -3.71003725 -0.83909739]]
[[13.26892425 68.78783899 48.5230275   7.42366584 -3.71017319 -0.83899477]]
[[13.26864107 68.78566689 48.52683309  7.42377754 -3.71019455 -0.8388868 ]]
[[13.26620293 68.78817892 48.52043285  7.42359599 -3.70993287 -0.83881466]]
[[13.26505074 68.78554543 48.51755986  7.42357073 -3.70967595 -0.83877961]]
[[13.26795049 68.78591245 48.51786232  7.42355791 -3.70996418 -0.83873433]]
[[13.2688832  68.78470293 48.5189533   7.42354738 -3.70997747 -0.83899104]]
[[13.2698256  68.78320583 48.51801716  7.42318794 -3.71026446 -0.83882877]]
[[13.26665177 68.7827003  48.51300771  7.42331475 -3.70964331 -0.83878483]]
[[13.26901717 68.78570583 48.51409832  7.42329492 -3.70995169 -0.83875855]]
[[13.27005201 68.78303192 48.51206785  7.42294188 -3.71049446 -0.83878217]]
[[13.26377018 68.78018334 48.50811147  7.4229904  -3.70971638 -0.83878657]]
[[13.26655157 68.78111872 48.50551567  7.42282409 -3.70967755 -0.83889211]]
[[13.26350897 68.77947754 48.51241518  7.42303969 -3.70978266 -0.83875253]]
[[13.26546559 68.77824402 48.51000553  7.42268996 -3.7099667  -0.83885937]]
[[13.26618541 68.77793423 48.50545358  7.42249658 -3.70959865 -0.83914828]]
[[13.26825749 68.78073929 48.50115905  7.42265553 -3.70971981 -0.83879535]]
[[13.26778288 68.78128979 48.49714686  7.42255823 -3.70983668 -0.83868519]]
[[13.26705607 68.77422891 48.50213784  7.42229237 -3.70973491 -0.83907978]]
[[13.26576625 68.77893647 48.49566622  7.42246408 -3.70948869 -0.8384859 ]]
[[13.27007414 68.7770612  48.50134007  7.42227235 -3.70989128 -0.83900525]]
[[13.2649493  68.77542538 48.50003803  7.4222988  -3.70951622 -0.83905211]]
[[13.27020753 68.77399582 48.49914262  7.42182723 -3.71006993 -0.83893661]]
[[13.26660422 68.78144897 48.493452    7.42206124 -3.70946669 -0.83869629]]
[[13.26945336 68.78127395 48.49043916  7.42185408 -3.70991454 -0.8386095 ]]
[[13.26747887 68.77665263 48.49158246  7.42173868 -3.71000105 -0.83874347]]
[[13.26817862 68.78066547 48.48314719  7.4218256  -3.70937521 -0.83888616]]
[[13.27172574 68.78311618 48.48306691  7.42174954 -3.70964309 -0.83881047]]
[[13.2727622  68.77813983 48.48635347  7.42135437 -3.71028325 -0.8388842 ]]
[[13.2704375  68.77619769 48.48252349  7.42136166 -3.70982816 -0.83875022]]
[[13.26828475 68.77714202 48.49348155  7.42184905 -3.70922946 -0.83898566]]
[[13.26824079 68.77729558 48.48587247  7.42133698 -3.7096233  -0.83890054]]
[[13.27443722 68.77556258 48.47351743  7.42076739 -3.71015569 -0.83893748]]
[[13.27677614 68.77984343 48.47456546  7.4210699  -3.71007266 -0.83881342]]
[[13.27313892 68.77659497 48.47520013  7.42100981 -3.70961375 -0.83895246]]
[[13.2730757  68.77261452 48.4674989   7.42065848 -3.70978297 -0.83873239]]
[[13.27333681 68.77464933 48.46375419  7.42060241 -3.71007789 -0.83866947]]
[[13.2715709  68.77776679 48.45965734  7.42087829 -3.70942623 -0.83858317]]
[[13.27186778 68.77135073 48.46522026  7.42039543 -3.70983561 -0.83858987]]
[[13.27750067 68.76837795 48.4608602   7.41989182 -3.71049684 -0.8388127 ]]
[[13.26995328 68.76832698 48.45863003  7.42013102 -3.70954299 -0.8385591 ]]
[[13.2717244  68.77162525 48.45772249  7.42026918 -3.70920399 -0.83856317]]
[[13.27718522 68.76664223 48.45763036  7.4197017  -3.71011378 -0.83887848]]
[[13.27303594 68.76273395 48.45174154  7.41942424 -3.70981701 -0.8389279 ]]
[[13.27671557 68.76699428 48.44955371  7.41943884 -3.70996969 -0.8388293 ]]
[[13.27278996 68.76873923 48.45342894  7.41988835 -3.7093881  -0.83859496]]
[[13.26951801 68.76241436 48.45321324  7.41967364 -3.7092833  -0.83867898]]
[[13.27044259 68.76130211 48.44522252  7.41931164 -3.70924313 -0.83862532]]
[[13.27090419 68.76747499 48.44377782  7.41964363 -3.70881435 -0.83849203]]
[[13.27363425 68.76785328 48.45105992  7.41943536 -3.70969438 -0.83852161]]
[[13.26978102 68.76401379 48.44659511  7.41916032 -3.70943668 -0.838627  ]]
[[13.26827351 68.76267373 48.44000379  7.4190651  -3.70907947 -0.83856478]]
[[13.27033942 68.76429487 48.43979311  7.4192996  -3.70913234 -0.83870785]]
[[13.26619303 68.76446154 48.43658058  7.41940517 -3.70878139 -0.83827256]]
[[13.26831057 68.7617863  48.43624396  7.41885108 -3.7092435  -0.83829503]]
[[13.26787982 68.76130097 48.43163681  7.41879028 -3.70894123 -0.83848303]]
[[13.26927587 68.7655913  48.43177375  7.41911177 -3.70888589 -0.83824901]]
[[13.27484891 68.76559151 48.43096532  7.41868521 -3.70957874 -0.83830091]]
[[13.27044427 68.76130082 48.43158624  7.41868486 -3.70888429 -0.83841904]]
[[13.26738474 68.76213739 48.43325385  7.41878044 -3.70847161 -0.83828936]]
[[13.27131685 68.76766901 48.4367537   7.41905507 -3.70921384 -0.83812601]]
[[13.27339503 68.76119627 48.4391965   7.41834295 -3.70970521 -0.83827202]]
[[13.27271766 68.7566989  48.43992731  7.4180889  -3.70957417 -0.83828165]]
[[13.27254286 68.7610196  48.43638637  7.41842543 -3.70912729 -0.83850649]]
[[13.26878244 68.76292116 48.43143351  7.41842783 -3.70869529 -0.83839411]]
[[13.26791547 68.75850883 48.42355208  7.41788633 -3.70864355 -0.83828057]]
[[13.26838184 68.76101051 48.42163656  7.41790154 -3.70842088 -0.83816337]]
[[13.26585082 68.76404242 48.41870761  7.41795679 -3.70848963 -0.83810356]]
[[13.26651722 68.75898344 48.41790683  7.41764623 -3.70834962 -0.83834101]]
[[13.26844247 68.75890545 48.4190108   7.41763501 -3.70885513 -0.83814146]]
[[13.26513048 68.76164444 48.42231525  7.41768776 -3.70837899 -0.83796399]]
[[13.27229465 68.7584535  48.41625592  7.41715198 -3.7092512  -0.83795019]]
[[13.26702428 68.75424451 48.41366661  7.41730543 -3.7086728  -0.83812707]]
[[13.27069322 68.75693007 48.4034845   7.41731524 -3.70838434 -0.8380143 ]]
[[13.26827614 68.75819065 48.40800712  7.41738877 -3.70833977 -0.83791347]]
[[13.26872123 68.75339057 48.40739186  7.41693811 -3.70838276 -0.83824617]]
[[13.26139651 68.75124871 48.40550017  7.41717827 -3.70776657 -0.83786913]]
[[13.2673407  68.75165774 48.41102481  7.41718237 -3.70822385 -0.83797944]]
[[13.2656094  68.74758327 48.4033276   7.41682533 -3.70830546 -0.83799667]]
[[13.26556461 68.74264917 48.39887887  7.416628   -3.70811688 -0.83807082]]
[[13.2660344  68.75229798 48.40091709  7.41701032 -3.70818259 -0.83782858]]
[[13.26490554 68.75004391 48.39737089  7.41672626 -3.70816576 -0.83805817]]
[[13.26378612 68.74880625 48.39177208  7.41651448 -3.70811202 -0.83783313]]
[[13.2691635  68.74499211 48.39470154  7.41636001 -3.7085083  -0.83787071]]
[[13.27114217 68.74905964 48.38789075  7.41624692 -3.70849103 -0.83779574]]
[[13.26539055 68.74853954 48.38730606  7.41652463 -3.70809737 -0.83807196]]
[[13.26795785 68.74375544 48.38493748  7.41607238 -3.70799814 -0.83831066]]
[[13.26893432 68.74677641 48.38306258  7.41605393 -3.7079934  -0.83805144]]
[[13.26484294 68.74809131 48.38546634  7.41633337 -3.70801012 -0.8377523 ]]
[[13.26559039 68.74251206 48.38140646  7.41598867 -3.70801195 -0.8380996 ]]
[[13.26449953 68.74116603 48.37603142  7.41572499 -3.70798101 -0.83781587]]
[[13.2609366  68.74219867 48.38025742  7.41607152 -3.70755552 -0.83788389]]
[[13.26364596 68.74578245 48.37412116  7.41590378 -3.70782725 -0.8379142 ]]
[[13.26041222 68.74490265 48.3713083   7.41580418 -3.70735863 -0.83775896]]
[[13.26372999 68.74165719 48.37119829  7.41560573 -3.70757909 -0.83786581]]
[[13.26418724 68.74208966 48.37088531  7.41592747 -3.70723148 -0.8378436 ]]
[[13.26022203 68.74373134 48.37223716  7.41592293 -3.70738333 -0.83765753]]
[[13.26166769 68.73329669 48.36902312  7.41526931 -3.70761304 -0.83796007]]
[[13.26374534 68.73566761 48.36238071  7.41517132 -3.70763608 -0.83789225]]
[[13.2669453  68.73899797 48.35828325  7.41531739 -3.70791915 -0.83771385]]
[[13.26548324 68.73284135 48.35785376  7.41509518 -3.70787249 -0.83788997]]
[[13.26866049 68.72911392 48.35377269  7.4146364  -3.70814128 -0.83792432]]
[[13.26499755 68.72968611 48.35365584  7.41486194 -3.70736657 -0.83820078]]
[[13.2680587  68.73450842 48.34667242  7.4149354  -3.70795073 -0.83752359]]
[[13.26561424 68.73024611 48.34597355  7.41466163 -3.70776689 -0.83786231]]
[[13.26348773 68.73109934 48.33740351  7.4144183  -3.70733669 -0.83764095]]
[[13.26691157 68.72727865 48.34301648  7.41446545 -3.70763192 -0.83804215]]
[[13.27044058 68.72834738 48.33899655  7.41435292 -3.70776107 -0.83810315]]
[[13.26516745 68.72412644 48.33457798  7.41413836 -3.70717594 -0.83792209]]
[[13.26864231 68.72679124 48.32936809  7.41404392 -3.70749779 -0.83772029]]
[[13.26971754 68.72936203 48.32791263  7.41405112 -3.70746062 -0.83788772]]
[[13.26992215 68.72600576 48.32174724  7.41367036 -3.70755292 -0.83799879]]
[[13.26988079 68.72514196 48.31839414  7.41364849 -3.70738021 -0.83797692]]
[[13.27401651 68.72545255 48.31870459  7.41346985 -3.70789016 -0.83809009]]
[[13.26583103 68.72374085 48.31918663  7.41344952 -3.70751322 -0.83784673]]
[[13.26796818 68.72192952 48.31613499  7.41316694 -3.70761255 -0.83828777]]
[[13.2681006  68.72252988 48.31208022  7.41329002 -3.70745333 -0.83829287]]
[[13.2644238  68.72324855 48.3071632   7.41316306 -3.70726907 -0.83771463]]
[[13.26937343 68.72156413 48.30250225  7.41282898 -3.70775588 -0.83817018]]
[[13.26613433 68.72360836 48.30475335  7.41301251 -3.70757406 -0.83780611]]
[[13.264183   68.72826097 48.30447227  7.41315488 -3.70709343 -0.8378065 ]]
[[13.26764661 68.72208054 48.29985169  7.41265867 -3.70755907 -0.83800407]]
[[13.26373706 68.72147784 48.29881358  7.41267124 -3.70759112 -0.8379109 ]]
[[13.26440798 68.72366297 48.30084917  7.41291363 -3.70719433 -0.83793179]]
[[13.26416489 68.72434151 48.30118023  7.4125924  -3.70730197 -0.83797121]]
[[13.26482387 68.72198523 48.29656084  7.41225927 -3.70747818 -0.83817867]]
[[13.26943351 68.71864174 48.29658187  7.4121838  -3.70784691 -0.83834441]]
[[13.26407066 68.72119481 48.29799069  7.4125022  -3.70705536 -0.83801385]]
[[13.26169882 68.72155768 48.29026868  7.41220012 -3.70730822 -0.8376744 ]]
[[13.26235709 68.71697696 48.28793388  7.41197449 -3.7076036  -0.83812647]]
[[13.27325242 68.71822995 48.28817967  7.41167945 -3.70825643 -0.83790302]]
[[13.26536442 68.72170625 48.28813091  7.41216138 -3.70712366 -0.83786693]]
[[13.26760813 68.71626653 48.28135201  7.41161069 -3.70752268 -0.83785271]]
[[13.27013793 68.71707267 48.28005792  7.41151412 -3.70767956 -0.83817263]]
[[13.27220144 68.71918186 48.28379788  7.41180566 -3.70757423 -0.83788363]]
[[13.26746883 68.7238784  48.27769542  7.41199927 -3.70717041 -0.83768619]]
[[13.26788662 68.71659947 48.28054468  7.41143516 -3.7075838  -0.83804749]]
[[13.26563651 68.71383016 48.27961991  7.41152673 -3.70727256 -0.83809871]]
[[13.26922603 68.71778711 48.27951753  7.41182187 -3.70695783 -0.83801506]]
[[13.26788736 68.71675874 48.27613748  7.41158187 -3.70730136 -0.83772087]]
[[13.26266927 68.71286814 48.27075813  7.41140788 -3.70678994 -0.83782517]]
[[13.26211695 68.71202361 48.27003476  7.41144928 -3.7068166  -0.83790685]]
[[13.2641222  68.71854303 48.26604918  7.41158667 -3.70691588 -0.83772994]]
[[13.26594139 68.71284788 48.26760184  7.41119338 -3.70709787 -0.83784278]]
[[13.26184384 68.71352427 48.26531525  7.41114122 -3.70671146 -0.83775282]]
[[13.26449945 68.71295982 48.26559451  7.41103542 -3.7069454  -0.83792277]]
[[13.26163404 68.71683664 48.26595257  7.41129763 -3.70682989 -0.83782368]]
[[13.26383644 68.71454628 48.26301824  7.41081747 -3.70695828 -0.83779205]]
[[13.26701193 68.71227293 48.25300349  7.4103547  -3.70700947 -0.83779869]]
[[13.26589165 68.71499202 48.26740536  7.41092294 -3.70720796 -0.83772741]]
[[13.26332683 68.71400391 48.26509827  7.41102699 -3.70652632 -0.83775069]]
[[13.26517683 68.71289345 48.25514294  7.41070693 -3.70632895 -0.83785865]]
[[13.26221958 68.71536776 48.25086708  7.41064207 -3.70637996 -0.83764098]]
[[13.2642509  68.70876635 48.25817741  7.41072532 -3.70659789 -0.83791449]]
[[13.26531851 68.71313145 48.2534388   7.41040982 -3.70681218 -0.83784285]]
[[13.26241314 68.71032776 48.24805082  7.41012042 -3.70682482 -0.83773279]]
[[13.26305435 68.71803142 48.2395503   7.41062375 -3.70596885 -0.83769126]]
[[13.26883721 68.71562459 48.24870384  7.4100102  -3.70743522 -0.83765622]]
[[13.26385495 68.70579148 48.23739925  7.40960424 -3.70731241 -0.83767509]]
[[13.26231188 68.71332705 48.23735893  7.40964219 -3.70746862 -0.83718033]]
[[13.26542027 68.71182204 48.24562644  7.40985395 -3.70745546 -0.83741504]]
[[13.26798328 68.70611819 48.23478624  7.40936785 -3.70750489 -0.83791812]]
[[13.26391522 68.70398362 48.2307739   7.40911999 -3.70697648 -0.83745629]]
[[13.26534189 68.70868639 48.2343798   7.4095118  -3.70712387 -0.83761546]]
[[13.26302977 68.70989319 48.23357823  7.40956926 -3.7068094  -0.83779467]]
[[13.26199596 68.70159057 48.22729969  7.40887608 -3.70678343 -0.83793576]]
[[13.25950162 68.70097377 48.22801632  7.4090886  -3.70676915 -0.83769045]]
[[13.2648883  68.70885607 48.2227323   7.40901101 -3.70733677 -0.83753925]]
[[13.26509135 68.70488008 48.22503578  7.40869333 -3.70743689 -0.83753527]]
[[13.2615322  68.70240936 48.21401861  7.40859231 -3.70718366 -0.83761515]]
[[13.26202029 68.70256999 48.22148035  7.40877441 -3.70684225 -0.83765101]]
[[13.26302066 68.69999489 48.2149617   7.40830086 -3.70683481 -0.83752655]]
[[13.26858438 68.69616783 48.21078335  7.40795014 -3.7077157  -0.83765868]]
[[13.26451688 68.70255886 48.20693038  7.40825275 -3.70731083 -0.83749915]]
[[13.265547   68.69369683 48.1951639   7.40766216 -3.70678123 -0.83759471]]
[[13.26916365 68.68973934 48.1946174   7.40710501 -3.70795777 -0.8381149 ]]
[[13.26458188 68.6895104  48.19182669  7.40730962 -3.70750222 -0.83779658]]
[[13.27339721 68.69160011 48.18892575  7.40715432 -3.70799195 -0.83788808]]
[[13.27290463 68.69790488 48.18815972  7.4073055  -3.70856298 -0.83760672]]
[[13.2699015  68.68161468 48.17724552  7.4063032  -3.70807724 -0.8379986 ]]
[[13.27613453 68.68240723 48.17019505  7.40617053 -3.70826689 -0.83808599]]
[[13.27277575 68.69105827 48.17376455  7.40646742 -3.70816575 -0.83778329]]
[[13.27403508 68.68191233 48.18807439  7.40480255 -3.71175134 -0.83765102]]
[[13.20279564 68.69967791 48.13759473  7.40440743 -3.70918644 -0.83014389]]
[[13.1753081  68.72472534 48.1479327   7.40382602 -3.7130637  -0.82552144]]
[[13.15395969 68.72179301 48.11312409  7.40222188 -3.71387858 -0.82263402]]
[[13.13560739 68.71623699 48.10947872  7.40115886 -3.71451862 -0.82090926]]
[[13.1257236  68.73112472 48.10958193  7.4016604  -3.7149201  -0.8194    ]]
[[13.11602856 68.72995449 48.09145633  7.40111283 -3.714462   -0.81867484]]
[[13.11361054 68.73251283 48.09213489  7.40090657 -3.71519059 -0.81857691]]
[[13.10542106 68.72924618 48.08481812  7.40040472 -3.71501211 -0.81809475]]
[[13.10507602 68.72191192 48.07560137  7.39989876 -3.71485419 -0.81806252]]
[[13.10413888 68.7306835  48.08398039  7.40029493 -3.71542781 -0.81771283]]
[[13.10491041 68.7283311  48.07367168  7.40008154 -3.71545478 -0.81764843]]
[[13.10877457 68.72438241 48.07907244  7.39981617 -3.71546177 -0.81777928]]
[[13.10746413 68.73122647 48.0754755   7.4000362  -3.71495845 -0.81765553]]
[[13.10600749 68.72532972 48.06569547  7.39976242 -3.7145128  -0.81774676]]
[[13.10653    68.73139527 48.06816484  7.39989508 -3.71482586 -0.81732771]]
[[13.11174588 68.73105184 48.07126592  7.39967919 -3.71466758 -0.81778751]]
[[13.1163488  68.73034416 48.069836    7.39955838 -3.71491753 -0.81794811]]
[[13.11470764 68.73294886 48.0697478   7.39959007 -3.71500805 -0.81800628]]
[[13.10996423 68.72760887 48.06155045  7.39931899 -3.71463327 -0.81761139]]
[[13.11648947 68.73096179 48.06085454  7.39919982 -3.71502364 -0.81775392]]
[[13.11157921 68.72896609 48.06626461  7.3993232  -3.71473692 -0.81788239]]
[[13.11432792 68.72525341 48.06498603  7.39876471 -3.7151516  -0.81784253]]
[[13.11468723 68.72772885 48.06450729  7.39877925 -3.7151016  -0.81806099]]
[[13.11827954 68.73065571 48.06446826  7.39896806 -3.71486114 -0.81820875]]
[[13.11984828 68.73093674 48.06155731  7.39856614 -3.71516155 -0.81790273]]
[[13.11932745 68.72522197 48.06212956  7.39833313 -3.71500414 -0.81833499]]
[[13.11881195 68.72842315 48.05762093  7.39853973 -3.71483522 -0.81837174]]
[[13.12033443 68.73174264 48.06165115  7.39874151 -3.71479494 -0.81814437]]
[[13.12194082 68.72538314 48.06618345  7.39794434 -3.71571714 -0.81840842]]
[[13.11744012 68.72235336 48.06646286  7.39811436 -3.71523175 -0.81860653]]
[[13.12078275 68.72687729 48.06310293  7.39840687 -3.7151131  -0.81827957]]
[[13.11692443 68.72698082 48.06543408  7.39848815 -3.71446608 -0.8184193 ]]
[[13.12101231 68.72373324 48.05878639  7.39795483 -3.71474537 -0.8186849 ]]
[[13.12566115 68.72117984 48.06398644  7.39752945 -3.71605771 -0.81863311]]
[[13.12284777 68.71852721 48.05384709  7.39778725 -3.71517985 -0.81855946]]
[[13.12451138 68.72071748 48.05942697  7.39789316 -3.7154951  -0.81856565]]
[[13.12972711 68.71058814 48.05157783  7.39694387 -3.71542364 -0.81886495]]
[[13.12588558 68.71347141 48.04751219  7.3972645  -3.7148231  -0.81890589]]
[[13.13069876 68.72152784 48.06784668  7.39761161 -3.71575549 -0.81860439]]
[[13.12834296 68.70469414 48.05744045  7.39638703 -3.71604617 -0.81892865]]
[[13.13285634 68.71432147 48.06591071  7.39750807 -3.71590081 -0.81889883]]
[[13.1278599  68.71441983 48.06029913  7.39725519 -3.71523292 -0.818764  ]]
[[13.12795762 68.70435031 48.0526988   7.39677562 -3.7154215  -0.81883441]]
[[13.13344085 68.71060442 48.06253201  7.3967182  -3.71622621 -0.81887761]]
[[13.13177347 68.7070535  48.05112528  7.39662388 -3.71524981 -0.81860372]]
[[13.13510019 68.70656316 48.05726773  7.39662242 -3.71533723 -0.8190733 ]]
[[13.136912   68.71364829 48.06279705  7.39680212 -3.71604132 -0.81869876]]
[[13.13533371 68.70799082 48.05061658  7.39621974 -3.71534374 -0.81876106]]
[[13.13640123 68.70783613 48.05603376  7.3962932  -3.7158482  -0.81880532]]
[[13.13627441 68.70610889 48.05327879  7.39625933 -3.7156942  -0.81870163]]
[[13.13327011 68.69970966 48.05279678  7.3959437  -3.71533043 -0.81882631]]
[[13.1341596  68.70710833 48.05396647  7.39589149 -3.71569029 -0.81872024]]
[[13.13731673 68.70683885 48.05643657  7.395471   -3.71641174 -0.8187816 ]]
[[13.1361632  68.70355913 48.05978677  7.39542835 -3.71621013 -0.8189457 ]]
[[13.13814005 68.70853243 48.06235226  7.395261   -3.71653545 -0.81867832]]
[[13.13988211 68.70339648 48.06468865  7.39480977 -3.71670329 -0.81876129]]
[[13.13792494 68.70453988 48.06743249  7.39482766 -3.71663664 -0.81873066]]
[[13.14075479 68.70979569 48.06090533  7.39484059 -3.71667207 -0.81867528]]
[[13.1442199  68.70742561 48.06189252  7.39455827 -3.71654931 -0.81870046]]
[[13.08726736 68.70362025 47.88725801  7.39108537 -3.70755631 -0.79719072]]
[[13.05249573 68.64421312 47.1948667   7.37482126 -3.6736391  -0.74945967]]
[[13.22616786 68.38334201 45.42006787  7.33221422 -3.58766214 -0.70877542]]
[[13.59267967 67.44690287 39.72097253  7.21687025 -3.11590367 -0.69678381]]
[[13.33716857 65.47189318 30.29103692  6.94922984 -2.52386423 -0.64956399]]
[[12.7657875  57.11301168 17.22489221  6.15648027 -2.13110331 -0.56555828]]
[[10.72921889 40.02898646  3.96712373  4.53785429 -1.71411897 -0.41869027]]
[[ 7.29004131 27.13500565 -2.55216999  3.08180919 -1.21275177 -0.28469585]]
[[ 4.85541265 18.59470276 -6.59247024  2.10376347 -0.86519404 -0.19481943]]
[[ 3.15733141 12.72608851 -9.16968482  1.42592033 -0.62502162 -0.13315354]]
[[  1.98365735   8.7716625  -10.93341458   0.96813911  -0.46130431
   -0.09050849]]
[[  1.14572436   6.01185754 -12.20681725   0.65095821  -0.34594021
   -0.06034869]]
[[  0.57104647   4.15949188 -12.95285629   0.43683907  -0.26582496
   -0.04081019]]
[[  0.16742727   2.87186534 -13.48760253   0.28944702  -0.21011721
   -0.02685138]]
[[ -0.10926969   1.99941512 -13.85053207   0.19018827  -0.17285871
   -0.01717359]]
[[-3.18515221e-01  1.40475516e+00 -1.39956694e+01  1.21805749e-01
  -1.42348628e-01 -1.08553843e-02]]
[[-4.59444950e-01  1.00917659e+00 -1.40979811e+01  7.56582230e-02
  -1.23891763e-01 -5.86468267e-03]]
[[-5.39745406e-01  7.43781107e-01 -1.42587188e+01  4.61896628e-02
  -1.16676598e-01 -1.39283324e-03]]
[[-5.61777375e-01  5.83077926e-01 -1.44362714e+01  2.70942132e-02
  -1.22580608e-01  2.56771929e-03]]
[[-5.68221874e-01  4.70345600e-01 -1.45704014e+01  1.37511918e-02
  -1.29103300e-01  5.47094966e-03]]
[[-5.74250823e-01  3.89108965e-01 -1.46957230e+01  5.91384230e-03
  -1.33720693e-01  7.58670700e-03]]
[[-5.82870543e-01  3.29405119e-01 -1.47683807e+01  5.28853312e-04
  -1.36671652e-01  8.92763343e-03]]
[[-5.91564454e-01  2.84964726e-01 -1.47936553e+01 -4.06629196e-03
  -1.38901411e-01  9.80282919e-03]]
[[-5.97797325e-01  2.51107194e-01 -1.47996124e+01 -7.23834225e-03
  -1.39930985e-01  1.04307886e-02]]
[[-6.06384204e-01  2.22506299e-01 -1.48112872e+01 -8.74451006e-03
  -1.40240241e-01  1.08402286e-02]]
[[-6.15343211e-01  2.02689790e-01 -1.48083729e+01 -9.86989406e-03
  -1.40620045e-01  1.11560915e-02]]
[[-6.23889596e-01  1.81705452e-01 -1.47594371e+01 -1.20606730e-02
  -1.40661658e-01  1.12506720e-02]]
[[-6.28796800e-01  1.68045085e-01 -1.47279912e+01 -1.31949723e-02
  -1.40698038e-01  1.14317071e-02]]
[[-6.32310599e-01  1.59075563e-01 -1.47111277e+01 -1.34489817e-02
  -1.40826197e-01  1.15420744e-02]]
[[-6.40127957e-01  1.47330352e-01 -1.46717595e+01 -1.45533833e-02
  -1.41031833e-01  1.15346259e-02]]
[[-6.48221011e-01  1.36195613e-01 -1.46370745e+01 -1.54457448e-02
  -1.41162683e-01  1.15271909e-02]]
[[-6.53431913e-01  1.25449840e-01 -1.46116150e+01 -1.57859653e-02
  -1.41010888e-01  1.14910697e-02]]
[[-6.59458033e-01  1.15272230e-01 -1.45844628e+01 -1.63875863e-02
  -1.40982219e-01  1.15127279e-02]]
[[-6.66372541e-01  1.04179151e-01 -1.45522530e+01 -1.72541887e-02
  -1.41562824e-01  1.13743682e-02]]
[[-6.71052829e-01  9.71526046e-02 -1.45271742e+01 -1.77131129e-02
  -1.41757791e-01  1.14332152e-02]]
[[-6.75390907e-01  9.25711873e-02 -1.45100184e+01 -1.78003459e-02
  -1.41645184e-01  1.15249559e-02]]
[[-6.79647495e-01  8.46125189e-02 -1.44784514e+01 -1.85613186e-02
  -1.42119601e-01  1.16280719e-02]]
[[-6.82347627e-01  7.23294972e-02 -1.44339534e+01 -1.98396160e-02
  -1.42672754e-01  1.17190551e-02]]
[[-6.84017569e-01  6.23046507e-02 -1.44143752e+01 -2.02493288e-02
  -1.42935174e-01  1.18818302e-02]]
[[-6.85081157e-01  5.44879795e-02 -1.43777543e+01 -2.10782793e-02
  -1.43067360e-01  1.19750302e-02]]
[[-6.89455546e-01  4.69147833e-02 -1.43280016e+01 -2.26799754e-02
  -1.43518896e-01  1.20403794e-02]]
[[-6.90258572e-01  4.02528738e-02 -1.43187629e+01 -2.28243349e-02
  -1.44139127e-01  1.22283075e-02]]
[[-6.87886658e-01  3.84313833e-02 -1.43168013e+01 -2.25917184e-02
  -1.44120313e-01  1.23958611e-02]]
[[-6.90400671e-01  3.19363132e-02 -1.42962925e+01 -2.31610134e-02
  -1.44476994e-01  1.25753872e-02]]
[[-6.90606569e-01  2.31163585e-02 -1.42753350e+01 -2.40858631e-02
  -1.45401708e-01  1.26482328e-02]]
[[-6.88753896e-01  1.67498543e-02 -1.42741721e+01 -2.44512872e-02
  -1.46040638e-01  1.28519012e-02]]
[[-6.82556238e-01  1.62452494e-02 -1.42804207e+01 -2.42956517e-02
  -1.47260860e-01  1.31027587e-02]]
[[-6.82683518e-01  1.04029546e-02 -1.42603444e+01 -2.51371303e-02
  -1.48438449e-01  1.32080741e-02]]
[[-6.78545445e-01  1.27986071e-03 -1.42410693e+01 -2.61404121e-02
  -1.49402952e-01  1.33429905e-02]]
[[-6.79020739e-01  4.03119180e-04 -1.42641584e+01 -2.54501686e-02
  -1.50277012e-01  1.35411997e-02]]
[[-6.78886525e-01 -4.10337241e-03 -1.42643454e+01 -2.56139581e-02
  -1.50982620e-01  1.36040852e-02]]
[[-6.80985205e-01 -1.20147515e-02 -1.42453806e+01 -2.66379930e-02
  -1.51817884e-01  1.36213765e-02]]
[[-6.77987438e-01 -1.87512617e-02 -1.42514141e+01 -2.68880952e-02
  -1.52416433e-01  1.37752459e-02]]
[[-6.77977685e-01 -2.10815588e-02 -1.42732122e+01 -2.63436378e-02
  -1.53002791e-01  1.39348155e-02]]
[[-6.79152708e-01 -2.36380480e-02 -1.42749454e+01 -2.63931765e-02
  -1.53632465e-01  1.39722952e-02]]
[[-6.84383136e-01 -2.95562423e-02 -1.42638981e+01 -2.68209927e-02
  -1.54152691e-01  1.39439359e-02]]
[[-6.83264065e-01 -3.47906016e-02 -1.42566075e+01 -2.71198874e-02
  -1.54115451e-01  1.40034551e-02]]
[[-6.85967676e-01 -3.36031797e-02 -1.42700519e+01 -2.66816725e-02
  -1.54460963e-01  1.40125347e-02]]
[[-6.87912680e-01 -3.51103288e-02 -1.42750552e+01 -2.66779138e-02
  -1.55067029e-01  1.39847545e-02]]
[[-6.91437031e-01 -3.99209658e-02 -1.42672617e+01 -2.70615956e-02
  -1.55309791e-01  1.39190170e-02]]
[[-6.94253761e-01 -4.11745882e-02 -1.42618016e+01 -2.72512800e-02
  -1.55204923e-01  1.38721868e-02]]
[[-6.95701654e-01 -4.19505695e-02 -1.42620871e+01 -2.71315013e-02
  -1.55389177e-01  1.38048514e-02]]
[[-6.96524058e-01 -4.56140803e-02 -1.42670733e+01 -2.71415367e-02
  -1.55887089e-01  1.37580705e-02]]
[[-6.98451897e-01 -4.85260067e-02 -1.42587592e+01 -2.73545372e-02
  -1.55852330e-01  1.37707900e-02]]
[[-7.00943882e-01 -5.21951807e-02 -1.42443728e+01 -2.76149320e-02
  -1.55710314e-01  1.37663536e-02]]
[[-7.03092134e-01 -5.51231737e-02 -1.42503077e+01 -2.74836447e-02
  -1.56034220e-01  1.38089869e-02]]
[[-7.03364559e-01 -5.74646415e-02 -1.42502018e+01 -2.75621626e-02
  -1.56307448e-01  1.38389371e-02]]
[[-7.05719176e-01 -6.11721018e-02 -1.42377217e+01 -2.79956401e-02
  -1.56063382e-01  1.38294583e-02]]
[[-7.08587194e-01 -6.25577808e-02 -1.42367881e+01 -2.79950865e-02
  -1.56226048e-01  1.38514467e-02]]
[[-7.10053569e-01 -6.57568324e-02 -1.42347185e+01 -2.82061382e-02
  -1.56484274e-01  1.38281323e-02]]
[[-7.11907423e-01 -6.94435942e-02 -1.42214750e+01 -2.87198933e-02
  -1.56313725e-01  1.38131571e-02]]
[[-7.15031672e-01 -6.97782886e-02 -1.42109929e+01 -2.88856653e-02
  -1.56269378e-01  1.38697374e-02]]
[[-7.15991587e-01 -7.01627015e-02 -1.41968472e+01 -2.93482770e-02
  -1.56153732e-01  1.38493692e-02]]
[[-7.15552724e-01 -7.30695083e-02 -1.41939666e+01 -2.94788963e-02
  -1.56339864e-01  1.38627088e-02]]
[[-7.17300108e-01 -7.41167028e-02 -1.41892423e+01 -2.95884259e-02
  -1.56299406e-01  1.38867082e-02]]
[[-7.19979196e-01 -7.68279761e-02 -1.41756155e+01 -2.99451295e-02
  -1.55760267e-01  1.38800047e-02]]
[[-7.20942075e-01 -7.77073858e-02 -1.41763537e+01 -2.99175183e-02
  -1.55834388e-01  1.39323240e-02]]
[[-7.21936080e-01 -7.87640872e-02 -1.41771754e+01 -2.99734583e-02
  -1.56194723e-01  1.39047653e-02]]
[[-7.22048737e-01 -7.92554040e-02 -1.41740346e+01 -3.01325496e-02
  -1.55865021e-01  1.39176304e-02]]
[[-7.23740616e-01 -8.14538854e-02 -1.41650872e+01 -3.02340298e-02
  -1.55664383e-01  1.40717624e-02]]
[[-7.27228308e-01 -8.27402523e-02 -1.41490313e+01 -3.08889560e-02
  -1.55587103e-01  1.40342763e-02]]
[[-7.29165210e-01 -8.94401216e-02 -1.41374328e+01 -3.13050214e-02
  -1.55343256e-01  1.41358863e-02]]
[[ -0.72966508  -0.08667182 -14.15023156  -0.03065655  -0.15489751
    0.01432755]]
[[ -0.73120859  -0.09257654 -14.11371415  -0.0317764   -0.1541937
    0.01442382]]
[[ -0.73029722  -0.09488563 -14.11376633  -0.03172054  -0.15446361
    0.01455398]]
[[ -0.7313295   -0.09589513 -14.13467816  -0.03083323  -0.15449061
    0.01478227]]
[[ -0.73281602  -0.09655125 -14.10864086  -0.0316217   -0.15374128
    0.01482885]]
[[ -0.73411445  -0.0961075  -14.10497829  -0.03157714  -0.15400892
    0.01489896]]
[[ -0.73450933  -0.09647279 -14.10820932  -0.03150604  -0.15403971
    0.01499965]]
[[ -0.73634231  -0.09435074 -14.12510619  -0.03075503  -0.15361941
    0.01518232]]
[[ -0.73618058  -0.09399971 -14.12368728  -0.0306471   -0.15364691
    0.01525317]]
[[ -0.73879421  -0.10171672 -14.08164086  -0.03235587  -0.15317328
    0.01528372]]
[[ -0.73928972  -0.10099311 -14.08964436  -0.03182014  -0.1529976
    0.01553936]]
[[ -0.7377191   -0.09899232 -14.10539415  -0.03113929  -0.15290524
    0.01577258]]
[[ -0.73742317  -0.10400599 -14.09048814  -0.03174134  -0.15281978
    0.01586426]]
[[ -0.73773535  -0.10545334 -14.09055234  -0.03180553  -0.15299964
    0.01586493]]
[[ -0.73747492  -0.10750524 -14.08689485  -0.03185649  -0.15237873
    0.01586099]]
[[ -0.73929231  -0.10995307 -14.08971786  -0.0318751   -0.15235478
    0.01580836]]
[[ -0.74213489  -0.11019683 -14.09583029  -0.0318755   -0.15284933
    0.01566908]]
[[ -0.74107279  -0.11244471 -14.08926115  -0.03213285  -0.15257526
    0.01560318]]
[[ -0.74183091  -0.11216762 -14.09407793  -0.03192527  -0.15244302
    0.01555807]]
[[ -0.74435407  -0.11305016 -14.08921381  -0.03231069  -0.15270793
    0.01557326]]
[[ -0.74522807  -0.11659848 -14.09263588  -0.03242064  -0.15293089
    0.01555824]]
[[ -0.74336546  -0.11372345 -14.10147735  -0.03207515  -0.15269529
    0.0155723 ]]
[[ -0.74572187  -0.11485849 -14.09582315  -0.03249419  -0.152718
    0.01547206]]
[[ -0.74417563  -0.11884596 -14.10129262  -0.03253022  -0.15317429
    0.01544142]]
[[ -0.74460188  -0.1159899  -14.11514678  -0.03205111  -0.15325088
    0.01548125]]
[[ -0.74391794  -0.11719483 -14.10291774  -0.03244502  -0.15286899
    0.01547777]]
[[ -0.74403481  -0.11679943 -14.10241312  -0.03265537  -0.15317681
    0.01551733]]
[[ -0.74343701  -0.11854329 -14.11591128  -0.03237804  -0.15357411
    0.01564125]]
[[ -0.74057373  -0.11903456 -14.11626754  -0.03239873  -0.15326147
    0.01567085]]
[[ -0.7430443   -0.12157706 -14.10595673  -0.03282431  -0.15328306
    0.01573512]]
[[ -0.74436667  -0.12458618 -14.11260082  -0.03282684  -0.15359109
    0.01579967]]
[[ -0.74359164  -0.12294956 -14.12975083  -0.03239749  -0.15377595
    0.01589512]]
[[ -0.743027    -0.12417229 -14.12708748  -0.03267938  -0.15377673
    0.01592497]]
[[ -0.74380541  -0.12639737 -14.12233063  -0.03309311  -0.15405951
    0.01591745]]
[[ -0.7417477   -0.12330939 -14.1380525   -0.03281535  -0.15439041
    0.01602115]]
[[ -0.74008279  -0.12285945 -14.15050482  -0.03256467  -0.15446813
    0.01611508]]
[[ -0.73908074  -0.12503681 -14.14148298  -0.03305164  -0.15440844
    0.01612873]]
[[ -0.7384994   -0.12333332 -14.14845151  -0.03303449  -0.15479706
    0.01614222]]
[[ -0.73792237  -0.12382775 -14.15678227  -0.03283227  -0.15485046
    0.01624668]]
[[ -0.73484235  -0.12314117 -14.16771583  -0.03253989  -0.15478315
    0.01631117]]
[[ -0.73517435  -0.12306133 -14.16774476  -0.03268773  -0.15492067
    0.016356  ]]
[[ -0.73559383  -0.12601597 -14.16273006  -0.03312656  -0.15510839
    0.01640401]]
[[ -0.73450553  -0.12490762 -14.17430681  -0.03290902  -0.15527125
    0.0165097 ]]
[[ -0.73451221  -0.12404864 -14.1923753   -0.03239863  -0.15536097
    0.01652366]]
[[ -0.73567725  -0.12607066 -14.18766918  -0.03265655  -0.15549124
    0.01654115]]
[[ -0.73946275  -0.12810635 -14.18168556  -0.033073    -0.15566923
    0.01653069]]
[[ -0.73843713  -0.12800413 -14.19355462  -0.03288962  -0.15572335
    0.0165846 ]]
[[ -0.73640026  -0.12874451 -14.21127863  -0.03227063  -0.15583542
    0.01665472]]
[[ -0.7357357   -0.12914956 -14.20199946  -0.03268151  -0.15591272
    0.0165854 ]]
[[ -0.73721616  -0.12762929 -14.19433343  -0.03313197  -0.15576204
    0.01660395]]
[[ -0.7353616   -0.12529621 -14.22025879  -0.03218909  -0.15603439
    0.01680089]]
[[ -0.73432713  -0.12721936 -14.22280683  -0.03216599  -0.15623122
    0.01695614]]
[[ -0.73298277  -0.12927828 -14.20504988  -0.03293535  -0.15653948
    0.01690525]]
[[ -0.73233536  -0.13113004 -14.21096629  -0.0328478   -0.15676367
    0.01697455]]
[[ -0.72858276  -0.12893243 -14.23002656  -0.03217179  -0.15692293
    0.01711951]]
[[ -0.72941813  -0.12743064 -14.22873592  -0.03226654  -0.15716723
    0.01717733]]
[[ -0.7284079   -0.1274132  -14.20621209  -0.03311208  -0.1572023
    0.01721505]]
[[ -0.72798705  -0.12778931 -14.21506204  -0.03289627  -0.15738841
    0.0173237 ]]
[[ -0.72429157  -0.1244063  -14.24512077  -0.03180005  -0.15797368
    0.01748836]]
[[ -0.72396576  -0.12399352 -14.22488032  -0.03260243  -0.15787593
    0.01748979]]
[[ -0.72283373  -0.12571195 -14.22308348  -0.03284823  -0.15810981
    0.01756668]]
[[ -0.71947296  -0.12206104 -14.25260035  -0.03196602  -0.15857918
    0.01773773]]
[[ -0.71884727  -0.12201637 -14.26182107  -0.03175411  -0.1588538
    0.01784004]]
[[ -0.71844189  -0.1236457  -14.24820818  -0.03248534  -0.1591294
    0.01789992]]
[[ -0.71709063  -0.12381443 -14.25795233  -0.03227592  -0.15925646
    0.01791959]]
[[ -0.71434204  -0.12201771 -14.28006723  -0.03144872  -0.15951987
    0.01795859]]
[[ -0.71489828  -0.12265225 -14.27242123  -0.03176643  -0.15974059
    0.01791709]]
[[ -0.71756824  -0.12592667 -14.25227793  -0.03254029  -0.15962037
    0.01789967]]
[[ -0.71246493  -0.12285072 -14.273832    -0.03194535  -0.15975393
    0.01804442]]
[[ -0.71170275  -0.11913127 -14.29900543  -0.03117622  -0.16033036
    0.01812871]]
[[ -0.71856902  -0.12218511 -14.26580717  -0.0323009   -0.15953806
    0.01809117]]
[[ -0.71121327  -0.1184974  -14.28468414  -0.03164596  -0.1600938
    0.01842766]]
[[ -0.71077256  -0.11117986 -14.31976899  -0.03002811  -0.15990272
    0.01863323]]
[[ -0.70999023  -0.10675875 -14.32896843  -0.02952559  -0.15971857
    0.01869679]]
[[ -0.71175865  -0.10713593 -14.3303498   -0.02951543  -0.15971876
    0.01866871]]
[[ -0.71027651  -0.10401211 -14.3434556   -0.02891791  -0.15970426
    0.01871789]]
[[ -0.70802081  -0.10458916 -14.35019192  -0.02866206  -0.15962413
    0.01869375]]
[[ -0.70611088  -0.10053389 -14.35694362  -0.02838855  -0.16009565
    0.01865495]]
[[ -0.7054396   -0.10339034 -14.33942105  -0.02911699  -0.15960842
    0.01863514]]
[[ -0.70490234  -0.09995574 -14.35406001  -0.02864348  -0.16024806
    0.01862628]]
[[ -0.7013213   -0.09941096 -14.36278348  -0.02866268  -0.16090881
    0.01866153]]
[[ -0.70062334  -0.10226946 -14.357963    -0.02892413  -0.16098361
    0.01865878]]
[[ -0.69937563  -0.10125448 -14.34764445  -0.02933979  -0.16086593
    0.01859925]]
[[ -0.70045015  -0.10449501 -14.34607682  -0.02960998  -0.16129744
    0.01849647]]
[[ -0.70063522  -0.10387457 -14.37173403  -0.028995    -0.1620121
    0.01857459]]
[[ -0.85225854  -0.07826019 -13.87666202  -0.01784857  -0.12802118
    0.01678558]]
[[-1.96398420e+00  6.81659352e-02 -1.07853559e+01  1.51743545e-02
   9.62200725e-02  3.30715636e-03]]
[[-4.01554681e+00  4.68706662e-01 -5.94256637e+00  4.76823388e-02
   4.87746767e-01 -5.30526847e-03]]
[[-6.16039755  1.28094162 -2.27226031  0.16058657  0.899697   -0.01076475]]
[[-7.59356999  2.02089505 -0.40068693  0.29260735  1.18319283 -0.01163206]]
[[-8.55668828  2.45536922  0.99096185  0.36733065  1.37033561 -0.01191852]]
[[-9.26092907  2.76754108  1.97331262  0.42256276  1.50698167 -0.01227941]]
[[-9.86502851e+00  2.99029011e+00  2.56597960e+00  4.65267602e-01
   1.60417414e+00 -8.99405859e-03]]
[[-1.03275064e+01  3.14791102e+00  2.94921922e+00  4.96555908e-01
   1.67167535e+00 -4.99153284e-03]]
[[-1.06667324e+01  3.25711072e+00  3.20726123e+00  5.19022320e-01
   1.71852881e+00 -1.57299257e-03]]
[[-1.08766258e+01  3.31983489e+00  3.41654185e+00  5.32424121e-01
   1.74954934e+00  1.34854870e-04]]
[[-1.10023124e+01  3.35973446e+00  3.56250225e+00  5.40661874e-01
   1.76959251e+00  1.02240061e-03]]
[[-1.10839550e+01  3.38142565e+00  3.68810982e+00  5.45280837e-01
   1.78265611e+00  1.36102373e-03]]
[[-1.11375016e+01  3.39269499e+00  3.79630328e+00  5.47447588e-01
   1.79195556e+00  1.61998912e-03]]
[[-1.11748823e+01  3.40203996e+00  3.87250613e+00  5.49514705e-01
   1.79831701e+00  1.75250493e-03]]
[[-1.11870564e+01  3.40017112e+00  3.94714991e+00  5.49530082e-01
   1.80207992e+00  1.55867125e-03]]
[[-1.11863607e+01  3.39394419e+00  4.00799409e+00  5.48709286e-01
   1.80370683e+00  1.03610650e-03]]
[[-1.11895262e+01  3.39105085e+00  4.05556774e+00  5.48181097e-01
   1.80516935e+00  9.46408931e-04]]
[[-1.12050632e+01  3.39156353e+00  4.07402566e+00  5.48789181e-01
   1.80656614e+00  1.26870468e-03]]
[[-1.12406673e+01  3.39636140e+00  4.06215670e+00  5.50719977e-01
   1.80799657e+00  1.93369211e-03]]
[[-1.13088968e+01  3.40384740e+00  4.06530990e+00  5.52760576e-01
   1.81143183e+00  4.01925494e-03]]
[[-1.15042486e+01  3.42064132e+00  3.99428986e+00  5.60786975e-01
   1.82035424e+00  9.74845961e-03]]
[[-11.64254767   3.4086338    3.80842298   0.56558163   1.81542136
    0.01532524]]
[[-11.61225717   3.3564556    3.70732073   0.5598402    1.79985423
    0.01622608]]
[[-11.5363322    3.26985411   3.68219054   0.54650208   1.7832088
    0.01428275]]
[[-11.44354932   3.23698191   3.4935105    0.54124156   1.75838103
    0.01392952]]
[[-11.46440699   3.26847585   3.11665303   0.55007673   1.73773692
    0.01656103]]
[[-11.60079826   3.28711646   2.84237452   0.56222796   1.72961444
    0.02240136]]
[[-11.40638855   3.14003244   2.82352465   0.55849811   1.70786664
    0.0182062 ]]
[[-11.27683357   3.00097984   2.79095611   0.55877984   1.69308985
    0.0150828 ]]
[[-11.32976183   2.95401196   2.64857623   0.56858829   1.68953549
    0.01665717]]
[[-11.52892492   2.93087559   2.54272771   0.58049238   1.69539085
    0.02256326]]
[[-11.72367006   2.90563624   2.52622358   0.58982899   1.70519456
    0.02803941]]
[[-11.8274987    2.88506288   2.51926508   0.59670642   1.71012993
    0.03109237]]
[[-11.37990577   2.80932008   2.58024729   0.59134808   1.69209049
    0.01967015]]
[[-11.1734021    2.76796346   2.55593178   0.59380533   1.68589655
    0.01434012]]
[[-11.28506838   2.76645783   2.49354923   0.6034851    1.69316375
    0.0187294 ]]
[[-11.46005469   2.76453395   2.46229774   0.61359032   1.70498476
    0.02421246]]
[[-11.56921269   2.75941992   2.46150037   0.61969144   1.71204121
    0.02750127]]
[[-11.59750397   2.7455334    2.49531655   0.62120785   1.71423443
    0.02868012]]
[[-11.6000643    2.73457021   2.5220317    0.62198219   1.7148803
    0.02886563]]
[[-11.59490218   2.72490619   2.54261547   0.62202748   1.71467361
    0.02888059]]
[[-11.58872359   2.71615077   2.56032578   0.62185269   1.71410463
    0.02876503]]
[[-11.58060756   2.71037287   2.57537596   0.62174335   1.71404586
    0.02880588]]
[[-11.57454512   2.70583944   2.58874526   0.62146062   1.71402898
    0.02871536]]
[[-11.5696416    2.70277907   2.59211233   0.62134222   1.71330075
    0.02863685]]
[[-11.56541315   2.69939113   2.59854631   0.62107554   1.71301343
    0.02843106]]
[[-11.56302554   2.69739129   2.60758728   0.62093495   1.71298508
    0.02842726]]
[[-11.55937402   2.69401742   2.61956452   0.62055119   1.71286654
    0.02825991]]
[[-11.55837827   2.69174414   2.6287185    0.62020699   1.71246998
    0.02827299]]
[[-11.55706954   2.69091833   2.63236497   0.62023389   1.7126067
    0.02827362]]
[[-11.55698992   2.68869056   2.63491834   0.62031243   1.71259773
    0.02815466]]
[[-11.55655081   2.68437448   2.646572     0.61974039   1.71277711
    0.02829429]]
[[-11.54591856   2.68293719   2.65125436   0.61929684   1.71247362
    0.02864999]]
[[-11.43785186   2.67793808   2.63522525   0.6152905    1.70415878
    0.0252805 ]]
[[-11.38854237   2.67962259   2.60315316   0.61418377   1.70019178
    0.02405564]]
[[-11.3566465    2.68145965   2.59261177   0.61327762   1.69755478
    0.02340185]]
[[-11.33562349   2.67874603   2.59140659   0.61254055   1.69628031
    0.02268443]]
[[-11.32136906   2.68126266   2.57621827   0.61259905   1.69493623
    0.0224586 ]]
[[-11.3128245    2.68041601   2.56237532   0.6126273    1.69370443
    0.02214669]]
[[-11.30759789   2.68021411   2.5786474    0.61206196   1.69369309
    0.02189831]]
[[-11.30195488   2.67932241   2.58165857   0.61204694   1.69371226
    0.02184003]]
[[-11.2961056    2.67904052   2.5800681    0.61200904   1.69350975
    0.02164135]]
[[-11.29600869   2.67914625   2.57824232   0.6120935    1.69322062
    0.02173288]]
[[-11.29668415   2.67879123   2.58741168   0.61191398   1.69353674
    0.02148217]]
[[-11.29503618   2.676142     2.5957151    0.61165091   1.69357119
    0.021632  ]]
[[-11.29248725   2.67483443   2.5884989    0.61148932   1.69251344
    0.02164833]]
[[-11.29034707   2.66942636   2.60432657   0.6106124    1.6926831
    0.02171314]]
[[-11.290639     2.66519065   2.63187923   0.60949568   1.69299586
    0.0218    ]]
[[-11.28944603   2.66599279   2.615382     0.60987367   1.69209188
    0.02164887]]
[[-11.29064761   2.66929431   2.59680956   0.61051108   1.6921269
    0.02157715]]
[[-11.2950444    2.66966769   2.60380517   0.61076111   1.69320665
    0.02158969]]
[[-11.29680108   2.66903809   2.6063427    0.61097452   1.69382397
    0.02146387]]
[[-11.29689483   2.6699434    2.59002359   0.61185447   1.69373941
    0.02150442]]
[[-11.29858017   2.67163442   2.58091374   0.61238812   1.69389365
    0.02138399]]
[[-11.30061769   2.67183152   2.5924118    0.6122285    1.69436274
    0.02130197]]
[[-11.30169106   2.66927174   2.59680921   0.61216423   1.69434992
    0.02140444]]
[[-11.3002267    2.6682819    2.58797182   0.61200793   1.69379542
    0.0215806 ]]
[[-11.29855869   2.66754036   2.60637193   0.6111666    1.69354339
    0.0216234 ]]
[[-11.29666653   2.66311747   2.62807883   0.60985022   1.69349839
    0.02174374]]
[[-11.29508182   2.6603323    2.62876053   0.60951713   1.69283132
    0.02174561]]
[[-11.29401564   2.6616398    2.61486757   0.60992736   1.69211564
    0.0219461 ]]
[[-11.29129037   2.65887065   2.62845625   0.60912333   1.6923972
    0.02187503]]
[[-11.29103102   2.65557422   2.64491432   0.6085531    1.69283618
    0.02180925]]
[[-11.29190783   2.6594398    2.62194692   0.60938575   1.69258849
    0.02181038]]
[[-11.29510307   2.65881617   2.61723673   0.60960326   1.69301869
    0.0217282 ]]
[[-11.29899205   2.65826089   2.62627687   0.60951628   1.69383841
    0.02165568]]
[[-1.13018638e+01  2.65944140e+00  3.26184307e+01  6.10057402e-01
   1.69441267e+00  2.16108117e-02]]
[[-1.13029399e+01  2.66312285e+00  3.25888064e+01  6.11237655e-01
   1.69443734e+00  2.15922209e-02]]
[[-1.13049364e+01  2.66633906e+00  3.25863890e+01  6.11536378e-01
   1.69488289e+00  2.15826249e-02]]
[[-1.13077627e+01  2.66557322e+00  3.25984863e+01  6.11261225e-01
   1.69561178e+00  2.15293354e-02]]
[[-1.13049546e+01  2.66939325e+00  3.25834500e+01  6.11908952e-01
   1.69532960e+00  2.16225889e-02]]
[[-1.13062108e+01  2.66943016e+00  3.25681024e+01  6.12406434e-01
   1.69500905e+00  2.15133882e-02]]
[[-1.13067795e+01  2.66533802e+00  3.25787292e+01  6.11910028e-01
   1.69533551e+00  2.15361905e-02]]
[[-1.13045628e+01  2.66355955e+00  3.25763291e+01  6.11743754e-01
   1.69473805e+00  2.16102640e-02]]
[[-1.13038594e+01  2.66262612e+00  3.25740395e+01  6.11560636e-01
   1.69435040e+00  2.15458332e-02]]
[[-1.13011118e+01  2.66210947e+00  3.25673133e+01  6.11400386e-01
   1.69393084e+00  2.15636501e-02]]
[[-1.13011370e+01  2.65970473e+00  3.25714615e+01  6.11025931e-01
   1.69388484e+00  2.15684994e-02]]
[[-1.12985263e+01  2.66010721e+00  3.25731554e+01  6.10912869e-01
   1.69364992e+00  2.16201191e-02]]
[[-1.12984280e+01  2.65930219e+00  3.25762229e+01  6.10632846e-01
   1.69346621e+00  2.17944322e-02]]
[[-1.12969348e+01  2.66001517e+00  3.25733388e+01  6.10648160e-01
   1.69315146e+00  2.16130721e-02]]
[[-1.12971913e+01  2.65836940e+00  3.25723281e+01  6.10590639e-01
   1.69323911e+00  2.16868289e-02]]
[[-1.12968089e+01  2.65591053e+00  3.25869523e+01  6.10076372e-01
   1.69326552e+00  2.17089814e-02]]
[[-1.12930609e+01  2.65498559e+00  3.25849003e+01  6.09939341e-01
   1.69305878e+00  2.16716645e-02]]
[[-1.12936714e+01  2.65566916e+00  3.25663588e+01  6.10471805e-01
   1.69266507e+00  2.17336414e-02]]
[[-1.12939624e+01  2.65527752e+00  3.25698647e+01  6.10247021e-01
   1.69320598e+00  2.17328679e-02]]
[[-1.12943689e+01  2.65500646e+00  3.25699698e+01  6.10219783e-01
   1.69361072e+00  2.18950073e-02]]
[[-1.12957881e+01  2.65499307e+00  3.25717611e+01  6.09936256e-01
   1.69353053e+00  2.18331182e-02]]
[[-1.12950521e+01  2.65442957e+00  3.25644405e+01  6.10191807e-01
   1.69355758e+00  2.18245150e-02]]
[[-1.10368347e+01  2.64678153e+00  3.18406064e+01  6.10010616e-01
   1.63648485e+00  2.34114892e-02]]
[[-1.07680246e+01  2.51857856e+00  3.15530774e+01  5.82685278e-01
   1.58106012e+00  2.51232484e-02]]
[[-1.05398731e+01  2.35268534e+00  3.15547948e+01  5.43906213e-01
   1.53374128e+00  2.76324478e-02]]
[[-1.03862746e+01  2.14230111e+00  3.19100421e+01  4.91484664e-01
   1.49901798e+00  2.91277212e-02]]
[[-1.02260100e+01  1.90996123e+00  3.24885362e+01  4.30757624e-01
   1.46357088e+00  3.15256836e-02]]
[[-8.08357983  1.48565397 32.11335025  0.35926862  1.08905291  0.03846342]]
[[-6.16114456  1.04467831 31.74710916  0.28471044  0.75533167  0.04302028]]
[[-4.87082571  0.75301063 31.49209939  0.23541693  0.53290965  0.04595526]]
[[-3.97473655  0.54806172 31.32471855  0.20102135  0.37878845  0.04769404]]
[[-3.35680678  0.40396668 31.2013741   0.17791501  0.27397647  0.04881625]]
[[-2.9170655   0.28559114 31.14593135  0.16301461  0.2036478   0.04864726]]
[[-2.51497594  0.10367968 31.18884897  0.15536239  0.15528568  0.04444728]]
[[-2.23170644e+00 -2.70414667e-02  3.12184849e+01  1.50022345e-01
   1.22219088e-01  4.12696199e-02]]
[[-2.03183132 -0.11506292 31.22863176  0.14649104  0.09919883  0.03915019]]
[[-1.89977807 -0.17422407 31.23915107  0.14398094  0.08447341  0.03769026]]
[[-1.80773377 -0.21431974 31.23992852  0.14228102  0.07432708  0.03668413]]
[[-1.7372226  -0.23828891 31.22765528  0.14129865  0.06672584  0.03602959]]
[[-1.68934548 -0.26014012 31.22915289  0.14006773  0.06145968  0.035546  ]]
[[-1.65772911 -0.27798269 31.23232831  0.13892896  0.05880221  0.03514586]]
[[-1.63226164 -0.28303489 31.22280498  0.13890891  0.05687501  0.03492429]]
[[-1.61265017 -0.2879535  31.21117213  0.13841185  0.05519614  0.03480877]]
[[-1.59194555 -0.3012739  31.21937244  0.13672188  0.05342184  0.03471837]]
[[-1.58130691 -0.29565047 31.19313763  0.13773005  0.05345373  0.03482894]]
[[-1.56944094 -0.30577039 31.19933427  0.13610389  0.05194791  0.03477153]]
[[-1.5666683  -0.30860236 31.19481054  0.13614386  0.05223593  0.03475878]]
[[-1.5568775  -0.31368692 31.18284696  0.1355413   0.05126113  0.03482081]]
[[-1.5554568  -0.3151382  31.17220235  0.13563153  0.0514488   0.03489525]]
[[-1.54981112 -0.31795358 31.16174974  0.13526999  0.05145961  0.03488132]]
[[-1.54509163 -0.32233398 31.15705988  0.13522263  0.05170726  0.03493452]]
[[-1.5388268  -0.33006989 31.1583505   0.1340312   0.05096985  0.0349087 ]]
[[-1.53916492 -0.32937555 31.15380095  0.13412086  0.05159327  0.03477423]]
[[-1.53137568 -0.32685623 31.13605969  0.13483004  0.05120522  0.03483218]]
[[-1.52528738 -0.32740085 31.12754809  0.13511656  0.05140945  0.03483587]]
[[-1.52479065 -0.33298971 31.1268968   0.13470259  0.05166217  0.03474277]]
[[-1.52285035 -0.34118589 31.12612677  0.13425119  0.05201379  0.03474765]]
[[-1.5161627  -0.34694969 31.12110454  0.13385066  0.05144958  0.03479527]]
[[-1.51494174 -0.35028165 31.12712406  0.13354386  0.05200047  0.03473596]]
[[-1.51338182 -0.35280603 31.12900455  0.1332066   0.05193251  0.03480061]]
[[-1.50813397 -0.35444517 31.13112693  0.13288537  0.05180386  0.03481106]]
[[-1.50511433 -0.35754951 31.1239566   0.1324646   0.05148464  0.03483976]]
[[-1.5018987  -0.36336733 31.12354994  0.13185731  0.05120107  0.03490122]]
[[-1.48819876 -0.37468533 31.14366179  0.13244213  0.05146115  0.03441502]]
[[-1.47348034 -0.38595774 31.13901577  0.13259276  0.05162156  0.03391966]]
[[-1.46271494 -0.39386375 31.1440613   0.13270157  0.05158287  0.03361366]]
[[-1.45650234 -0.40090747 31.13685961  0.13299184  0.0517894   0.0333672 ]]
[[-1.45294165 -0.40529207 31.14218345  0.13276902  0.05206593  0.03318007]]
[[-1.4454244  -0.40486129 31.1298198   0.13309232  0.05166734  0.03308695]]
[[-1.44386247 -0.40346541 31.13251552  0.13324539  0.05205506  0.03303946]]
[[-1.44045237 -0.40718829 31.12945785  0.13313732  0.05206495  0.03301866]]
[[-1.43871493 -0.41013737 31.13581091  0.13292535  0.05228438  0.03298741]]
[[-1.43479045 -0.40595908 31.12507609  0.13330283  0.05208675  0.03302324]]
[[-1.43474186 -0.40777112 31.1300032   0.13313909  0.05230328  0.03295003]]
[[-1.43123836 -0.40867379 31.1226503   0.13312861  0.05236603  0.03296816]]
[[-1.43017377 -0.41157593  1.12462736  0.13309267  0.05236036  0.03298458]]
[[-1.42921592 -0.40793358  1.11726307  0.13326463  0.05239784  0.032928  ]]
[[-1.42906277 -0.409011    1.12209206  0.13318108  0.05251466  0.03290568]]
[[-1.42606539 -0.4095962   1.1201784   0.13310954  0.05250881  0.0329513 ]]
[[-1.42649215 -0.40842102  1.12142646  0.13313527  0.05252736  0.03288525]]
[[-1.42440011 -0.40897276  1.11864969  0.13327132  0.05254699  0.0329039 ]]
[[-1.42588627 -0.40921845  1.12225538  0.1332038   0.05267249  0.03291294]]
[[-1.42475469 -0.40887993  1.12087699  0.13308647  0.05247017  0.03296987]]
[[-1.42654192 -0.40863825  1.12162086  0.13313242  0.05269519  0.03302456]]
[[-1.42294739 -0.40847135  1.11754554  0.13323332  0.05253339  0.0329794 ]]
[[-1.4237979  -0.41052096  1.12274112  0.13303713  0.05261731  0.03302463]]
[[-1.4227759  -0.40886869  1.12093815  0.13312706  0.05282709  0.03298191]]
[[-1.4208797  -0.40885636  1.12325615  0.13305997  0.05290428  0.03294843]]
[[-1.41882258 -0.40698719  1.11742631  0.13313743  0.05276579  0.03295995]]
[[-1.41661654 -0.40781968  1.11956658  0.13302044  0.05280539  0.03293861]]
[[-1.41528039 -0.40755831  1.11731449  0.13297826  0.0527779   0.03299797]]
[[-1.41795129 -0.40812354  1.12180816  0.13295591  0.0531032   0.03301028]]
[[-1.41679784 -0.40751259  1.11781863  0.13300926  0.05286077  0.03301033]]
[[-1.41652705 -0.41131246  1.11991886  0.132945    0.05280087  0.03305915]]
[[-1.4182601  -0.41165825  1.12245798  0.13274718  0.05288081  0.03302597]]
[[-1.41683038 -0.41152682  1.12248919  0.13277681  0.05283347  0.03295615]]
[[-1.41521142 -0.40912754  1.11606783  0.13301576  0.05271419  0.03300271]]
[[-1.41008661 -0.41635721  1.11985284  0.13232097  0.05206969  0.03303597]]
[[-1.41484294 -0.42047608  1.1158769   0.13243439  0.05201561  0.03304595]]
[[-1.41684019 -0.43496701  1.13220767  0.13097536  0.05116601  0.03323384]]
[[-1.41968827 -0.45729313  1.15004132  0.12931109  0.05090246  0.03338237]]
[[-1.41642342 -0.47897776  1.17026608  0.12676413  0.04946772  0.03384065]]
[[-1.41268764 -0.51299311  1.20927373  0.12266955  0.04736535  0.03373545]]
[[-1.40213542 -0.55835082  1.25208664  0.11784299  0.04473824  0.03432819]]
[[-1.3936145  -0.59916438  1.28739063  0.11361388  0.04083801  0.03486853]]
[[-1.39212527 -0.65771562  1.35215605  0.10745183  0.03757564  0.03512453]]
[[-1.38981902 -0.7381528   1.44165018  0.09857319  0.03415378  0.03533852]]
[[-1.32321551 -0.84423196  1.54945874  0.09344578  0.03138798  0.0328905 ]]
[[-1.2341509  -0.96585382  1.65704659  0.08672871  0.02468218  0.03087461]]
[[-1.18231359 -1.09097224  1.78057997  0.0783929   0.02102742  0.02905014]]
[[-1.11518027 -1.2062507   1.8796013   0.06885862  0.01268066  0.02783014]]
[[-1.05474038 -1.32245114  1.99513822  0.05889758  0.00727213  0.02684651]]
[[-9.81581713e-01 -1.44496472e+00  2.11956318e+00  4.73516033e-02
   1.18958854e-03  2.57028742e-02]]
[[-0.90922766 -1.58166933  2.26343217  0.03365592 -0.00606649  0.02422496]]
[[-0.83657267 -1.71209623  2.37780132  0.02144486 -0.0139932   0.02321036]]
[[-0.76230983 -1.87019938  2.54076821  0.00597238 -0.02294896  0.02134149]]
[[-0.6975848  -2.02528724  2.68029434 -0.00839645 -0.03037154  0.01991281]]
[[-0.63849817 -2.19229785  2.82847179 -0.02405892 -0.04014166  0.0179703 ]]
[[-0.57829639 -2.37512903  2.99083035 -0.04052407 -0.05050297  0.01567492]]
[[-0.52677434 -2.5567988   3.14731819 -0.05517579 -0.05978632  0.01329155]]
[[-0.49356817 -2.76106124  3.31402962 -0.07336179 -0.07225597  0.01087128]]
[[-0.48215668 -2.95976828  3.47555994 -0.08933665 -0.08034995  0.00853428]]
[[-0.4430077  -3.16262531  3.62625823 -0.10652196 -0.09272979  0.00545386]]
[[-4.13719128e-01 -3.38391355e+00  3.79200513e+00 -1.23018305e-01
  -1.03064508e-01  2.45181003e-03]]
[[-3.89686675e-01 -3.60119719e+00  3.95468867e+00 -1.38914011e-01
  -1.11622261e-01 -6.44099859e-04]]
[[-0.33850392 -3.81081143  4.10760723 -0.15488937 -0.12289087 -0.00450549]]
[[-0.25427943 -4.02792731  4.27849478 -0.17179292 -0.13277729 -0.00900582]]
[[-0.17185047 -4.22300781  4.4228649  -0.18633408 -0.14230838 -0.01338415]]
[[-0.08672576 -4.45278976  4.59576626 -0.20318447 -0.15404284 -0.0186385 ]]
[[-0.0204409  -4.67979374  4.75654806 -0.21903796 -0.1629085  -0.02335278]]
[[ 0.04524397 -4.89667233  4.90380957 -0.23383488 -0.17302273 -0.0283935 ]]
[[ 0.1025231  -5.12158562  5.05754102 -0.24977    -0.18319289 -0.03360532]]
[[ 0.1765775  -5.36357541  5.21650746 -0.26588571 -0.19543998 -0.03971791]]
[[ 0.23072292 -5.59913162  5.3650811  -0.27999393 -0.20267729 -0.04521658]]
[[ 0.29125108 -5.84238625  5.51292455 -0.29535935 -0.21323315 -0.05115118]]
[[ 0.35156445 -6.09605451  5.66467625 -0.31070629 -0.2241008  -0.05789845]]
[[ 0.39969313 -6.35309856  5.8113856  -0.32545841 -0.23237831 -0.06396613]]
[[ 0.44795972 -6.61383941  5.9453727  -0.34013379 -0.2436988  -0.07063035]]
[[ 0.49317543 -6.88106449  6.07376062 -0.35415596 -0.25379564 -0.07747176]]
[[ 0.52972024 -7.16656891  6.22430067 -0.36908114 -0.26250178 -0.08421132]]
[[ 0.58277357 -7.44808904  6.36213603 -0.38384361 -0.27214741 -0.09146812]]
[[ 0.65351142 -7.70530214  6.48353348 -0.39724649 -0.28222382 -0.09927545]]
[[ 0.7238689  -7.97809925  6.61289572 -0.41197005 -0.29259674 -0.10740184]]
[[ 0.78557853 -8.2552267   6.74416877 -0.42514683 -0.30024729 -0.11473358]]
[[ 0.85333184 -8.53440338  6.8568105  -0.43881854 -0.30988057 -0.12306169]]
[[ 0.92473854 -8.8338601   6.99731425 -0.45347294 -0.31869826 -0.13145322]]
[[ 1.00017923 -9.12187634  7.11440339 -0.46685361 -0.32772904 -0.13997405]]
[[ 1.06742582 -9.41591488  7.22698098 -0.47930653 -0.33550626 -0.14847475]]
[[ 1.14356942 -9.71849723  7.33883721 -0.49233226 -0.34397587 -0.15737447]]
[[  1.22190283 -10.02886907   7.44272522  -0.50497325  -0.35257781
   -0.16676063]]
[[  1.29742341 -10.34119809   7.55687557  -0.51776707  -0.36048449
   -0.17567024]]
[[  1.37195287 -10.65766256   7.66224922  -0.53036776  -0.36808994
   -0.18505357]]
[[  1.45118419 -10.97356602   7.76895588  -0.5430185   -0.37596632
   -0.19446167]]
[[  1.53285896 -11.28041306   7.8608164   -0.55445192  -0.38392862
   -0.20426417]]
[[  1.61204148 -11.60949231   7.96029998  -0.56718894  -0.39046424
   -0.21374606]]
[[  1.70440355 -11.92923833   8.04805016  -0.57907648  -0.39926216
   -0.2242634 ]]
[[  1.78435142 -12.25791347   8.14120907  -0.59149563  -0.40582628
   -0.23411161]]
[[  1.8801387  -12.57583255   8.21680376  -0.60266     -0.41348351
   -0.24440948]]
[[  1.96655753 -12.90390211   8.28790486  -0.61392178  -0.42003356
   -0.25469691]]
[[  2.03810073 -13.23751655   8.35709825  -0.62567594  -0.42494123
   -0.26398809]]
[[  2.13068642 -13.57093665   8.43003269  -0.63736786  -0.43353605
   -0.27532545]]
[[  2.20015175 -13.90700538   8.48631331  -0.64882113  -0.43945609
   -0.28552481]]
[[  2.28473694 -14.25232192   8.54616731  -0.65991667  -0.446227
   -0.29615769]]
[[  2.3545207  -14.59212927   8.59888938  -0.67078492  -0.45206966
   -0.30610144]]
[[  2.42635734 -14.92326733   8.63794235  -0.68183543  -0.45798044
   -0.31631996]]
[[  2.50568746 -15.25889485   8.69020312  -0.69255867  -0.46513586
   -0.32697029]]
[[  2.57801431 -15.57753129   8.75220565  -0.70291322  -0.46883397
   -0.33548175]]
[[  2.65801797 -15.88229941   8.80724171  -0.71274803  -0.47300387
   -0.34437758]]
[[  2.74586943 -16.1639205    8.85769449  -0.72161746  -0.47813085
   -0.35353738]]
[[  2.82126083 -16.43804857   8.90301463  -0.73017518  -0.48266769
   -0.36200272]]
[[  2.88420602 -16.71446994   8.94359997  -0.73843891  -0.48546229
   -0.3691878 ]]
[[  2.94616143 -16.96734614   8.986686    -0.74599535  -0.489473
   -0.3765345 ]]
[[  3.00770149 -17.19530633   9.0199293   -0.75315918  -0.4937395
   -0.3836086 ]]
[[  3.0511874  -17.40426812   9.05574053  -0.75943437  -0.49554164
   -0.38880902]]
[[  3.09398644 -17.60120256   9.08719238  -0.76534767  -0.49810229
   -0.39434599]]
[[  3.13706408 -17.78675184   9.11379654  -0.77121125  -0.50231185
   -0.40035118]]
[[  3.16493453 -17.93759606   9.13012399  -0.776238    -0.50492681
   -0.40491131]]
[[  3.17808479 -18.09423023   9.15008754  -0.78159877  -0.50562947
   -0.40772316]]
[[  3.18857065 -18.20166533   9.16356755  -0.78521862  -0.50854327
   -0.41133816]]
[[  3.19829773 -18.32252774   9.18973315  -0.79063404  -0.51024227
   -0.41348007]]
[[  3.19671855 -18.39363708   9.20832252  -0.79352583  -0.51192678
   -0.41549443]]
[[  3.19206298 -18.45578847   9.22712266  -0.79604315  -0.51349155
   -0.41740411]]
[[  3.18626768 -18.51399361   9.24960588  -0.79868754  -0.51410808
   -0.41758042]]
[[  3.18094803 -18.5558505    9.26984141  -0.80066812  -0.51491352
   -0.41828164]]
[[  3.17310507 -18.5780215    9.28059356  -0.80189905  -0.51525877
   -0.41844032]]
[[  3.17335951 -18.59415758   9.29167443  -0.80272609  -0.51628349
   -0.41906502]]
[[  3.16766237 -18.60905411   9.29972403  -0.80342046  -0.51642849
   -0.41912035]]
[[  3.16768846 -18.61464374   9.30018145  -0.80379695  -0.51671221
   -0.41929659]]
[[  3.16639858 -18.62224337   9.30726608  -0.80412662  -0.51694551
   -0.41936187]]
[[  3.16810358 -18.62864664   9.31477709  -0.80438161  -0.51721219
   -0.41953014]]
[[  3.16561723 -18.63289331   9.3176887   -0.80451256  -0.51730521
   -0.41960292]]
[[  3.16458514 -18.63845147   9.31719409  -0.80474456  -0.51731092
   -0.41962409]]
[[  3.16285192 -18.64124844   9.31911605  -0.80487866  -0.51737167
   -0.41970428]]
[[  3.16275514 -18.6412726    9.32334991  -0.80483421  -0.51765974
   -0.41979857]]
[[  3.1597996  -18.64806942   9.32998894  -0.80501393  -0.51752696
   -0.41967302]]
[[  3.15960181 -18.65536863   9.33429749  -0.80523963  -0.51746743
   -0.41965645]]
[[  3.16064868 -18.65455024   9.33225812  -0.80513002  -0.5177593
   -0.41987907]]
[[  3.16081632 -18.6532319    9.33140774  -0.80515519  -0.51794821
   -0.42002463]]
[[  3.15779465 -18.65831875   9.33562575  -0.80541694  -0.51778837
   -0.4198112 ]]
[[  3.15919077 -18.66075485   9.33620902  -0.80544248  -0.51781412
   -0.41994996]]
[[  3.15813203 -18.66070973   9.33488737  -0.80542467  -0.51789007
   -0.42010569]]
[[  3.15732196 -18.66147021   9.33736893  -0.80544398  -0.51801759
   -0.42020391]]
[[  3.15443155 -18.66690364   9.34126586  -0.80564703  -0.51788923
   -0.419907  ]]
[[  3.15202617 -18.66709844   9.34213773  -0.80562219  -0.5180708
   -0.41999137]]
[[  3.15413714 -18.66604996   9.34027023  -0.80551475  -0.51823628
   -0.42013461]]
[[  3.15271723 -18.66903257   9.34146508  -0.80561587  -0.51828724
   -0.42007701]]
[[  3.15011237 -18.67567187   9.34190477  -0.80576919  -0.51802583
   -0.41998449]]
[[  3.14753598 -18.6762264    9.34543815  -0.8057799   -0.5182621
   -0.4201185 ]]
[[  3.14757051 -18.67674734   9.34771764  -0.80581424  -0.5183348
   -0.42018679]]
[[  3.14636536 -18.67882619   9.34964588  -0.8058681   -0.51838027
   -0.42007804]]
[[  3.14423163 -18.6819539    9.35276552  -0.80593309  -0.51834739
   -0.42009363]]
[[  3.14455537 -18.68455734   9.35493201  -0.80601466  -0.51823834
   -0.42011473]]
[[  3.14405363 -18.68242167   9.35488639  -0.80596287  -0.51852237
   -0.42020503]]
[[  3.14141077 -18.68665523   9.35369596  -0.80600107  -0.51817472
   -0.4200647 ]]
[[  3.14066883 -18.69106345   9.35888152  -0.80617782  -0.51837284
   -0.42012911]]
[[  3.140806   -18.69076908   9.3601611   -0.80621917  -0.51835011
   -0.42010402]]
[[  3.1405868  -18.68438982   9.35771517  -0.80603641  -0.51858504
   -0.42018177]]
[[  3.13738436 -18.69093649   9.35929696  -0.80629468  -0.51842735
   -0.42016379]]
[[  3.13805479 -18.6956354    9.36155157  -0.80635505  -0.51848918
   -0.4201978 ]]
[[  3.13852163 -18.69439045   9.35860761  -0.80626097  -0.51853017
   -0.42024516]]
[[  3.13849366 -18.69090114   9.35833468  -0.80626113  -0.5185338
   -0.42020691]]
[[  3.13749318 -18.69829646   9.36227809  -0.8064755   -0.51860868
   -0.42028477]]
[[  3.13871957 -18.69945979   9.36120342  -0.80649611  -0.5185155
   -0.42027522]]
[[  3.14135784 -18.6958816    9.3600389   -0.80642359  -0.51861554
   -0.42020368]]
[[  3.13832162 -18.69857584   9.36356083  -0.80658112  -0.51860628
   -0.42023662]]
[[  3.13861233 -18.70173083   9.36898091  -0.80673837  -0.51868522
   -0.42023194]]
[[  3.13855228 -18.6984577    9.366056    -0.80663281  -0.5186281
   -0.42025248]]
[[  3.13905837 -18.6958259    9.36331182  -0.80656867  -0.5187208
   -0.42033426]]
[[  3.13826734 -18.69919767   9.36774734  -0.80674547  -0.51868141
   -0.42033457]]
[[  3.13701838 -18.70139222   9.36753773  -0.80680678  -0.51877477
   -0.42036083]]
[[  3.1350717  -18.69793094   9.36698258  -0.80670583  -0.51874996
   -0.42030712]]
[[  3.13625006 -18.69874451   9.36917984  -0.80682363  -0.51887386
   -0.42032828]]
[[  3.13754282 -18.70095548   9.37028006  -0.80686349  -0.51891195
   -0.42035631]]
[[  3.13730887 -18.69944791   9.37194724  -0.80682259  -0.51886553
   -0.42031791]]
[[  3.13646137 -18.69875316   9.37295074  -0.80687922  -0.51879032
   -0.42029259]]
[[  3.136747   -18.69967873   9.37356948  -0.80685387  -0.51895088
   -0.42047926]]
[[  3.13712572 -18.69866208   9.37686758  -0.80696532  -0.51903424
   -0.4205063 ]]
[[  3.13375672 -18.70141161   9.37808347  -0.80705458  -0.5187902
   -0.42037323]]
[[  3.13534833 -18.70317268   9.37845505  -0.80709176  -0.51889061
   -0.42058392]]
[[  3.13523007 -18.70117621   9.38185144  -0.80703177  -0.51904029
   -0.4205796 ]]
[[  3.13434642 -18.70123044   9.3798344   -0.80703715  -0.51913206
   -0.4206259 ]]
[[  3.13168181 -18.70417443   9.38036501  -0.80712111  -0.51889388
   -0.4205184 ]]
[[  3.13027174 -18.7029475    9.38245471  -0.80720046  -0.51898802
   -0.42060641]]
[[  3.13096897 -18.70009462   9.38327418  -0.80709961  -0.51922863
   -0.4207117 ]]
[[  3.13061746 -18.70266125   9.38772311  -0.80716023  -0.51913707
   -0.42068671]]
[[  3.13099899 -18.70775419   9.38971198  -0.80723917  -0.51890139
   -0.42048207]]
[[  3.13242285 -18.70499914   9.390707    -0.8071521   -0.51913282
   -0.4206628 ]]
[[  3.1327247  -18.70786667   9.39636193  -0.80715186  -0.5192444
   -0.42068707]]
[[  3.12904722 -18.71407009   9.39846354  -0.80722604  -0.519015
   -0.42060168]]
[[  3.1287119  -18.71799505   9.40587246  -0.80734766  -0.51903469
   -0.42050995]]
[[  3.12904947 -18.71860548   9.40692939  -0.80723978  -0.51919109
   -0.4207128 ]]
[[  3.12758168 -18.7202464    9.4076185   -0.80707921  -0.5192479
   -0.42078872]]
[[  3.12526303 -18.7289203    9.41481902  -0.80733269  -0.51908582
   -0.42069781]]
[[  3.12436508 -18.72911008   9.41780569  -0.80722213  -0.51920562
   -0.42072807]]
[[  3.12687765 -18.72687066   9.41909599  -0.80703965  -0.51941467
   -0.42087148]]
[[  3.12453447 -18.73254256   9.42498306  -0.80728895  -0.51919044
   -0.42073837]]
[[  3.12290367 -18.73772383   9.43217329  -0.80734019  -0.51904288
   -0.42068628]]
[[  3.12270965 -18.73876079   9.43924856  -0.80731757  -0.51936004
   -0.42068349]]
[[  3.12358732 -18.73853204   9.4386353   -0.80717726  -0.51944017
   -0.42083712]]
[[  3.12331182 -18.74356017   9.44370505  -0.80733192  -0.51927033
   -0.42070717]]
[[  3.12212662 -18.74872517   9.44890677  -0.80744815  -0.51921567
   -0.42070739]]
[[  3.121506   -18.74443618   9.44772232  -0.80729693  -0.51931465
   -0.42076385]]
[[  3.12280671 -18.74767188   9.44854032  -0.80726769  -0.51945104
   -0.4209001 ]]
[[  3.11919132 -18.75307002   9.45214082  -0.80747626  -0.51920742
   -0.42066878]]
[[  3.12142384 -18.75215278   9.45463577  -0.80752448  -0.51934216
   -0.42084686]]
[[  3.12391967 -18.75005917   9.45582446  -0.80737969  -0.51947713
   -0.42094556]]
[[  3.12298303 -18.75386563   9.45708122  -0.80743349  -0.5193317
   -0.42096894]]
[[  3.12393504 -18.75859268   9.46331306  -0.8075774   -0.51922271
   -0.42077133]]
[[  3.12409067 -18.76030473   9.46572384  -0.80757217  -0.51929423
   -0.42077177]]
[[  3.12366019 -18.75926692   9.4668424   -0.80749828  -0.51945085
   -0.42087422]]
[[  3.12329935 -18.76383421   9.47025854  -0.80758163  -0.51933869
   -0.4208385 ]]
[[  3.12385798 -18.76541989   9.47266288  -0.80764089  -0.51934678
   -0.4208536 ]]
[[  3.12443107 -18.76583612   9.48018183  -0.80768554  -0.51945953
   -0.42087045]]
[[  3.12531774 -18.76589046   9.4814611   -0.80755304  -0.519471
   -0.42087167]]
[[  3.12356173 -18.76807697   9.48546827  -0.80761068  -0.51942656
   -0.42077665]]
[[  3.12123234 -18.77538507   9.49204355  -0.80780413  -0.51936316
   -0.42078115]]
[[  3.12128894 -18.77589518   9.49182234  -0.8077256   -0.51939149
   -0.42078696]]
[[  3.1217271  -18.77294051   9.49153299  -0.80763814  -0.51944324
   -0.4207978 ]]
[[  3.11934847 -18.77778078   9.49835403  -0.80779323  -0.5194785
   -0.42082238]]
[[  3.12130761 -18.78159253   9.49962617  -0.8077968   -0.51956661
   -0.42086108]]
[[  3.11994637 -18.77925089   9.49997293  -0.80770851  -0.51944184
   -0.42090777]]
[[  3.12083801 -18.7781097    9.50365916  -0.80768144  -0.51952013
   -0.42091334]]
[[  3.12060706 -18.78269535   9.50759907  -0.80773577  -0.51960728
   -0.42097895]]
[[  3.11870747 -18.78462995   9.50759917  -0.80776232  -0.51949181
   -0.42086202]]
[[  3.11833621 -18.78454518   9.50811762  -0.80761028  -0.51955875
   -0.42090069]]
[[  3.11573172 -18.78642183   9.51283598  -0.80765806  -0.51969646
   -0.42106448]]
[[  3.11509655 -18.78869449   9.51755839  -0.80773775  -0.51966289
   -0.420975  ]]
[[  3.11918492 -18.78845943   9.51778174  -0.80760084  -0.51967505
   -0.42085641]]
[[  3.1164251  -18.78973363   9.52165876  -0.80767825  -0.51951654
   -0.42083537]]
[[  3.11708731 -18.78836952   9.52580173  -0.8076697   -0.51972812
   -0.42089209]]
[[  3.11628255 -18.78954623   9.52771122  -0.80758813  -0.51973717
   -0.42094122]]
[[  3.11510791 -18.79350801   9.52963868  -0.80766646  -0.51963881
   -0.42080759]]
[[  3.11455563 -18.79442659   9.52870086  -0.80768751  -0.51964597
   -0.4209035 ]]
[[  3.11673123 -18.79482816   9.52770643  -0.80752812  -0.51984686
   -0.42101901]]
[[  3.11606293 -18.79497886   9.52560481  -0.80748059  -0.51979432
   -0.42098095]]
[[  3.11419945 -18.80044898   9.52999239  -0.80763435  -0.51966327
   -0.42101073]]
[[  3.11490253 -18.80150734   9.52985279  -0.80763044  -0.5196581
   -0.42088535]]
[[  3.11652555 -18.79584062   9.52954007  -0.80731702  -0.51995644
   -0.42103462]]
[[  3.11769868 -18.80074694   9.53467348  -0.80743444  -0.51999331
   -0.42101152]]
[[  3.1162851  -18.80893253   9.53801101  -0.80763589  -0.51972014
   -0.42097087]]
[[  3.11531303 -18.80630956   9.54022733  -0.80752642  -0.51988053
   -0.42097706]]
[[  3.11409445 -18.80434299   9.54235397  -0.80747452  -0.51984546
   -0.42093721]]
[[  3.11307903 -18.81063558   9.5480478   -0.80758383  -0.52006341
   -0.42110009]]
[[  3.11381918 -18.81528206   9.55039196  -0.80760915  -0.5200185
   -0.42106525]]
[[  3.11299173 -18.81380268   9.55126443  -0.80736786  -0.52011804
   -0.42108032]]
[[  3.1136674  -18.81571064   9.54997614  -0.807351    -0.52016986
   -0.42124249]]
[[  3.11345958 -18.81742727   9.5557333   -0.8074681   -0.52009988
   -0.42106766]]
[[  3.1133805  -18.82004053   9.55773924  -0.8075366   -0.52006728
   -0.42105146]]
[[  3.11231036 -18.82051935   9.55817209  -0.80741315  -0.52016526
   -0.42114721]]
[[  3.11374825 -18.82359353   9.55832206  -0.80742408  -0.52025471
   -0.42119262]]
[[  3.1121639  -18.82922387   9.56038147  -0.80745831  -0.5200147
   -0.42108656]]
[[  3.1105092  -18.83050837   9.56256439  -0.80749777  -0.52013685
   -0.42117631]]
[[  3.11145474 -18.8290065    9.56402237  -0.80739324  -0.52025294
   -0.42122838]]
[[  3.11397025 -18.83087819   9.56515924  -0.80746493  -0.5202864
   -0.42120899]]
[[  3.11213949 -18.83175795   9.56573147  -0.80748749  -0.5202241
   -0.42120485]]
[[  3.11189771 -18.83406843   9.56550275  -0.80764251  -0.52013489
   -0.42120948]]
[[  3.11185951 -18.83219979   9.56683126  -0.80747399  -0.52037797
   -0.42126299]]
[[  3.11267719 -18.83382667   9.56948945  -0.80744705  -0.5203606
   -0.42132636]]
[[  3.11107662 -18.83802242   9.57346105  -0.80771819  -0.52015899
   -0.42116649]]
[[  3.11192871 -18.83829007   9.57403941  -0.80764989  -0.52020637
   -0.42110968]]
[[  3.11049029 -18.83719006   9.57636051  -0.80755471  -0.52027339
   -0.42114184]]
[[  3.10917873 -18.8379536    9.57728365  -0.8076286   -0.52028239
   -0.42120877]]
[[  3.10665215 -18.84537663   9.57892106  -0.80773873  -0.52022731
   -0.42132729]]
[[  3.10812496 -18.84427768   9.57768123  -0.8076056   -0.52020732
   -0.42132685]]
[[  3.10844298 -18.84233623   9.57928467  -0.807598    -0.5203282
   -0.42126137]]
[[  3.10836795 -18.84696978   9.58160559  -0.80764656  -0.52039823
   -0.4212903 ]]
[[  3.1077271  -18.84812019   9.58548873  -0.8077435   -0.52026234
   -0.42118594]]
[[  3.10802538 -18.84845617   9.58613609  -0.8076495   -0.52034743
   -0.42119177]]
[[  3.10866266 -18.84921372   9.58834711  -0.80764699  -0.52039585
   -0.42128837]]
[[  3.10609893 -18.85365742   9.59377791  -0.80770984  -0.52029185
   -0.42119619]]
[[  3.10579367 -18.85620359   9.59369207  -0.80775467  -0.52026121
   -0.42127584]]
[[  3.10570429 -18.85204562   9.59595732  -0.80766652  -0.52033319
   -0.42118586]]
[[  3.10659551 -18.85700579   9.5972736   -0.80771744  -0.52042271
   -0.42123546]]
[[  3.10597414 -18.85566297   9.59899723  -0.80771733  -0.52043388
   -0.42130643]]
[[  3.10640826 -18.85607379   9.60007861  -0.80770289  -0.52023032
   -0.42123464]]
[[  3.10544917 -18.859416     9.60524236  -0.80774127  -0.52021009
   -0.42122566]]
[[  3.10606598 -18.85595563   9.60689538  -0.80763341  -0.52031966
   -0.42125285]]
[[  3.10487747 -18.85786553   9.60678662  -0.80764566  -0.52013055
   -0.42112389]]
[[  3.10921148 -18.85989096   9.6075379   -0.80772417  -0.52071411
   -0.42155514]]
[[  3.10534273 -18.85671255   9.60434895  -0.80761504  -0.52038853
   -0.42127339]]
[[  3.10227683 -18.85897568   9.60428419  -0.80763233  -0.5205218
   -0.42144901]]
[[  3.10208883 -18.85898266   9.60790363  -0.80767078  -0.52047451
   -0.42141458]]
[[  3.10294153 -18.86207823   9.60691204  -0.80778199  -0.52043504
   -0.42138854]]
[[  3.1043297  -18.86058412   9.60873604  -0.80767006  -0.52033465
   -0.42130061]]
[[  3.10531967 -18.85940746   9.60939107  -0.8075859   -0.52056204
   -0.42151946]]
[[  3.10433812 -18.86415715   9.61292028  -0.80770651  -0.52035811
   -0.42140914]]
[[  3.10419501 -18.86450165   9.6128596   -0.80779138  -0.52040514
   -0.4213508 ]]
[[  3.10380151 -18.86213221   9.61258232  -0.80765747  -0.52039405
   -0.4213352 ]]
[[  3.10493122 -18.86351267   9.61411914  -0.80762942  -0.52065803
   -0.42153258]]
[[  3.1046631  -18.86867786   9.61823751  -0.80775874  -0.52043959
   -0.42127456]]
[[  3.10510702 -18.86766374   9.61609442  -0.80772233  -0.52051647
   -0.42145757]]
[[  3.10716257 -18.8663243    9.61324157  -0.8076013   -0.52056406
   -0.42139438]]
[[  3.10710348 -18.86963553   9.61760821  -0.80770693  -0.52079436
   -0.42158634]]
[[  3.1070493  -18.86834524   9.6185331   -0.80767534  -0.52060683
   -0.4213964 ]]
[[  3.10516762 -18.87082586   9.61904698  -0.80776801  -0.52061073
   -0.42144923]]
[[  3.10518857 -18.87187888   9.61742164  -0.80777619  -0.5206202
   -0.42150325]]
[[  3.10610161 -18.86819562   9.61815072  -0.80767544  -0.52087612
   -0.42152996]]
[[  3.10473544 -18.8708469    9.62186206  -0.80778352  -0.5206422
   -0.42137528]]
[[  3.10480548 -18.8747939    9.62178666  -0.80787943  -0.52057597
   -0.42145871]]
[[  3.10750072 -18.87474802   9.62201047  -0.80784009  -0.52069772
   -0.4214639 ]]
[[  3.10758643 -18.87287185   9.62115113  -0.80783651  -0.52081092
   -0.42147957]]
[[  3.1089344  -18.87185475   9.62017173  -0.80782075  -0.52061903
   -0.42132898]]
[[  3.10858537 -18.87414066   9.62300914  -0.80795112  -0.52083548
   -0.42155826]]
[[  3.10854891 -18.87180434   9.62214874  -0.80798835  -0.52070392
   -0.42155588]]
[[  3.10975061 -18.86786527   9.62009723  -0.80781647  -0.52090679
   -0.42157112]]
[[  3.10883889 -18.87615638   9.62236661  -0.80813295  -0.52049525
   -0.42145919]]
[[  3.10948472 -18.87549071   9.62078459  -0.80807893  -0.52070043
   -0.4215529 ]]
[[  3.10994029 -18.86661743   9.61804733  -0.80775306  -0.52092109
   -0.4216354 ]]
[[  3.11062581 -18.87144281   9.62395744  -0.8080004   -0.52077246
   -0.42140389]]
[[  3.1091463  -18.87863231   9.62692312  -0.80819841  -0.52055871
   -0.42131687]]
[[  3.10980632 -18.87411009   9.62778118  -0.80809667  -0.52077077
   -0.42143637]]
[[  3.11097562 -18.86935651   9.62397158  -0.80794054  -0.52082488
   -0.42153315]]
[[  3.11063077 -18.87513146   9.62605346  -0.80808998  -0.52068305
   -0.42152744]]
[[  3.11159191 -18.87674738   9.62819412  -0.80826396  -0.52060359
   -0.42154885]]
[[  3.11151145 -18.87002623   9.62556342  -0.80804901  -0.5207631
   -0.42162764]]
[[  3.10985908 -18.8711581    9.62662342  -0.80808379  -0.52084934
   -0.42166514]]
[[  3.10864368 -18.87818005   9.62764816  -0.80841344  -0.52059461
   -0.42146487]]
[[  3.11136993 -18.87385208   9.62577698  -0.8082823   -0.52077554
   -0.42155183]]
[[  3.11144762 -18.87419537   9.62505603  -0.80830802  -0.52083184
   -0.4216202 ]]
[[  3.1082042  -18.87749158   9.62469467  -0.80840981  -0.52071638
   -0.42154989]]
[[  3.1102127  -18.87726664   9.62045935  -0.8083974   -0.52086624
   -0.42163536]]
[[  3.10653105 -18.87842914   9.61868825  -0.80846872  -0.52082059
   -0.42161085]]
[[  3.10766048 -18.87336079   9.61893389  -0.80842378  -0.52086074
   -0.42148075]]
[[  3.10618702 -18.87289261   9.61836032  -0.80853072  -0.52104141
   -0.42166351]]
[[  3.10529389 -18.87518511   9.61879741  -0.8086651   -0.52099042
   -0.42157346]]
[[  3.10745838 -18.87391199   9.61560632  -0.80860827  -0.52092323
   -0.42158168]]
[[  3.10652229 -18.87738329   9.61793641  -0.80880698  -0.52091842
   -0.42153997]]
[[  3.10821706 -18.87312373   9.61629142  -0.80862234  -0.52100508
   -0.42151312]]
[[  3.10882199 -18.86960999   9.6169904   -0.80861185  -0.5211623
   -0.4216328 ]]
[[  3.10672778 -18.87649302   9.61611975  -0.80890782  -0.52101336
   -0.42167969]]
[[  3.10800773 -18.86845679   9.61166844  -0.80878828  -0.52094508
   -0.42150046]]
[[  3.11096817 -18.8667512    9.61320903  -0.808689    -0.52137655
   -0.42177876]]
[[  3.10760688 -18.8686121    9.612698    -0.80885503  -0.52101536
   -0.42154941]]
[[  3.10764599 -18.8682601    9.60944536  -0.80885593  -0.52111348
   -0.4216495 ]]
[[  3.10926529 -18.86871076   9.6120627   -0.80897762  -0.5212993
   -0.42174853]]
[[  3.1087819  -18.86550084   9.61032255  -0.8089351   -0.52120201
   -0.42166606]]
[[  3.1085212  -18.86755984   9.61398738  -0.80905825  -0.52110341
   -0.42157975]]
[[  3.10734633 -18.86737556   9.61175359  -0.80913291  -0.52107468
   -0.42152381]]
[[  3.10801765 -18.86327672   9.60858297  -0.80906189  -0.52118751
   -0.42156464]]
[[  3.11041337 -18.8624771    9.6086396   -0.80906419  -0.52140047
   -0.42171472]]
[[  3.10788733 -18.86403125   9.60994213  -0.80914573  -0.52118961
   -0.42159372]]
[[  3.10598078 -18.86523411   9.60875709  -0.80927105  -0.52108463
   -0.42161042]]
[[  3.10730812 -18.86050203   9.60780127  -0.80912114  -0.52129544
   -0.4217501 ]]
[[  3.10392811 -18.86230609   9.60824908  -0.80924638  -0.52121852
   -0.42171581]]
[[  3.10496815 -18.86253003   9.60791721  -0.80930503  -0.52117204
   -0.4215985 ]]
[[  3.10693862 -18.86295378   9.60690015  -0.8092705   -0.52127963
   -0.42172791]]
[[  3.10729453 -18.863433     9.60433559  -0.80925597  -0.52140216
   -0.42182422]]
[[  3.10664757 -18.86129737   9.60329991  -0.80923141  -0.52123042
   -0.42162694]]
[[  3.10549807 -18.86514539   9.60662307  -0.80943811  -0.52118302
   -0.42161267]]
[[  3.10589935 -18.86303269   9.60623786  -0.80934602  -0.52134303
   -0.42174287]]
[[  3.10504355 -18.85782968   9.6060646   -0.80929829  -0.5214783
   -0.42187789]]
[[  3.10393828 -18.86626414   9.60802471  -0.80955593  -0.52107374
   -0.42161193]]
[[  3.10531879 -18.86040319   9.60664704  -0.80947349  -0.52125231
   -0.4216961 ]]
[[  3.10521904 -18.86030149   9.6052828   -0.80942693  -0.52129667
   -0.42167452]]
[[  3.10356768 -18.85879443   9.60156116  -0.80942315  -0.52141681
   -0.42186038]]
[[  3.10291562 -18.85565052   9.6004334   -0.80947224  -0.52134663
   -0.42175636]]
[[  3.10216003 -18.86019604   9.60355997  -0.80969758  -0.52126522
   -0.42164862]]
[[  3.10669133 -18.85299594   9.59781461  -0.80938412  -0.52148204
   -0.4217623 ]]
[[  3.10697935 -18.85074304   9.60144325  -0.80950827  -0.52163096
   -0.42181278]]
[[  3.10221182 -18.85322183   9.6019087   -0.80969636  -0.52131788
   -0.42164998]]
[[  3.10412346 -18.85327043   9.60092325  -0.80972526  -0.52148958
   -0.42159866]]
[[  3.10208135 -18.85085171   9.60092708  -0.80962443  -0.5215677
   -0.42172929]]
[[  3.1024416  -18.85145514   9.59879739  -0.80957678  -0.52159302
   -0.42176992]]
[[  3.0996291  -18.85850154   9.60270195  -0.80981786  -0.52128357
   -0.42167904]]
[[  3.1027038  -18.85320177   9.59977018  -0.80975306  -0.52149074
   -0.42179749]]
[[  3.103577   -18.85076744   9.59841787  -0.80961648  -0.52152771
   -0.42187328]]
[[  3.10170047 -18.8544994    9.59925739  -0.80981878  -0.52147516
   -0.42188461]]
[[  3.10076746 -18.85459899   9.5994478   -0.80988771  -0.52128702
   -0.42172224]]
[[  3.10309203 -18.85457726   9.59953611  -0.8098798   -0.5215351
   -0.42189045]]
[[  3.1022412  -18.85180175   9.59830038  -0.80979813  -0.52156243
   -0.42178548]]
[[  3.09892536 -18.85374679   9.59518388  -0.80989775  -0.52149994
   -0.42186604]]
[[  3.09792567 -18.8576617    9.59526151  -0.81004276  -0.52131189
   -0.4218094 ]]
[[  3.09921871 -18.85198789   9.59359506  -0.80985714  -0.52154878
   -0.42184932]]
[[  3.10154415 -18.85005531   9.59501298  -0.8099009   -0.52152657
   -0.42183563]]
[[  3.09890512 -18.85337355   9.59698122  -0.8100735   -0.52128735
   -0.42179195]]
[[  3.0996289  -18.85058323   9.59411965  -0.81003652  -0.52138638
   -0.42176326]]
[[  3.1000978  -18.85020003   9.59301439  -0.809943    -0.52152033
   -0.42176211]]
[[  3.09993829 -18.85053235   9.59030421  -0.80996114  -0.52140005
   -0.42175413]]
[[  3.09694288 -18.85268029   9.59584331  -0.81009647  -0.52137353
   -0.42160541]]
[[  3.09854668 -18.85117149   9.59252008  -0.81008188  -0.52133436
   -0.42178962]]
[[  3.10125323 -18.84782074   9.59263149  -0.80999067  -0.52147651
   -0.42174908]]
[[  3.09948581 -18.84983057   9.59395154  -0.81006427  -0.52141443
   -0.42168759]]
[[  3.09932877 -18.85070973   9.59166398  -0.81017022  -0.52127284
   -0.42163744]]
[[  3.10178174 -18.84875907   9.59557114  -0.81017638  -0.52142579
   -0.42164926]]
[[  3.10074682 -18.8474812    9.59469607  -0.81010625  -0.52144536
   -0.4215969 ]]
[[  3.10121432 -18.84995553   9.59474127  -0.81020435  -0.52132014
   -0.42158408]]
[[  3.09900888 -18.84967339   9.59788184  -0.8102996   -0.52124602
   -0.42160647]]
[[  3.10090605 -18.8521967    9.59937598  -0.8103345   -0.52128998
   -0.42162364]]
[[  3.10102439 -18.84941889   9.59845997  -0.81025825  -0.5213642
   -0.42164899]]
[[  3.09968385 -18.85057363   9.59590147  -0.81019458  -0.5214491
   -0.4217067 ]]
[[  3.0997394  -18.85340997   9.59798208  -0.81036     -0.52141947
   -0.42150186]]
[[  3.09704703 -18.85663857   9.59686454  -0.81033092  -0.52131809
   -0.42159736]]
[[  3.10050081 -18.85247136   9.59367328  -0.81012349  -0.52146786
   -0.42166327]]
[[  3.09954535 -18.8544129    9.59563779  -0.81024894  -0.52144627
   -0.42162588]]
[[  3.09955283 -18.85884009   9.59854396  -0.81040424  -0.52135175
   -0.42158608]]
[[  3.10101372 -18.85530609   9.59639439  -0.81027135  -0.52141988
   -0.42161084]]
[[  3.09995168 -18.85411904   9.59540179  -0.81020317  -0.52140734
   -0.42164888]]
[[  3.10109783 -18.85530158   9.59695904  -0.81030587  -0.52139919
   -0.42164689]]
[[  3.0981949  -18.85690385   9.59944489  -0.81042586  -0.521296
   -0.42167815]]
[[  3.09906315 -18.85342042   9.5996316   -0.81030515  -0.52133502
   -0.42156618]]
[[  3.09944335 -18.84966947   9.60138209  -0.8101978   -0.52141501
   -0.42165072]]
[[  3.09834778 -18.85510935   9.60387864  -0.8103326   -0.52138729
   -0.42166322]]
[[  3.09630651 -18.85718874   9.60382774  -0.81039077  -0.52125599
   -0.42154521]]
[[  3.09754213 -18.85106723   9.60196554  -0.81015539  -0.52147676
   -0.42167828]]
[[  3.09841766 -18.85172736   9.60526947  -0.81019408  -0.52147794
   -0.42172315]]
[[  3.09691513 -18.85537845   9.60588761  -0.81031826  -0.52143453
   -0.42162576]]
[[  3.09566232 -18.85418395   9.60285137  -0.81025826  -0.52138885
   -0.4216637 ]]
[[  3.09661517 -18.85308421   9.60404841  -0.81018453  -0.52141693
   -0.42156947]]
[[  3.09684753 -18.85327633   9.60498857  -0.81017268  -0.52151861
   -0.42166889]]
[[  3.09612283 -18.85425371   9.60933563  -0.81025987  -0.5214253
   -0.42157207]]
[[  3.09488041 -18.85173935   9.60721152  -0.8102257   -0.52134703
   -0.42151231]]
[[  3.09567655 -18.85226535   9.60777386  -0.81017535  -0.52143297
   -0.42161091]]
[[  3.0950614  -18.8548389    9.61234858  -0.81025353  -0.52139943
   -0.42158472]]
[[  3.09611112 -18.85540828   9.61218494  -0.81027091  -0.52126678
   -0.42153819]]
[[  3.09812838 -18.85609745   9.61271863  -0.81026215  -0.52120289
   -0.42146548]]
[[  3.09772401 -18.85727757   9.61528495  -0.81022638  -0.52141578
   -0.42160871]]
[[  3.09788263 -18.85485816   9.61428362  -0.81011351  -0.52141495
   -0.42161058]]
[[  3.09561329 -18.8573963    9.61157904  -0.81023     -0.52131294
   -0.42148963]]
[[  3.09619848 -18.85858294   9.61484323  -0.81033598  -0.52117857
   -0.42130156]]
[[  3.0960009  -18.85654709   9.61646371  -0.81020029  -0.52136073
   -0.42143697]]
[[  3.09655864 -18.8559331    9.62070377  -0.81010345  -0.52160365
   -0.42148544]]
[[  3.09527026 -18.86174639   9.62067674  -0.81024723  -0.52119719
   -0.42142288]]
[[  3.09426912 -18.86550936   9.62842678  -0.81029884  -0.52132792
   -0.42141397]]
[[  3.09509773 -18.86820423   9.6304567   -0.81021497  -0.52140251
   -0.4215401 ]]
[[  3.09527982 -18.86592881   9.62903888  -0.81008374  -0.52144613
   -0.42156646]]
[[  3.09292663 -18.87169915   9.63352669  -0.81022944  -0.52124969
   -0.42149613]]
[[  3.09245465 -18.87411365   9.63603989  -0.81037764  -0.52128644
   -0.42139679]]
[[  3.09206701 -18.87098671   9.6364774   -0.81018329  -0.52138621
   -0.42147834]]
[[  3.09215182 -18.87319584   9.63791224  -0.81018705  -0.52140153
   -0.42145857]]
[[  3.09062258 -18.88031114   9.63992258  -0.81040333  -0.52116702
   -0.42131309]]
[[  3.094593   -18.87828541   9.63828886  -0.81023915  -0.52143514
   -0.42152103]]
[[  3.09392279 -18.87589537   9.6361225   -0.81007473  -0.52150168
   -0.42149037]]
[[  3.09330748 -18.8788764    9.63971237  -0.81009385  -0.5214444
   -0.42147024]]
[[  3.09130842 -18.88515746   9.64233072  -0.81024731  -0.52130608
   -0.42146195]]
[[  3.09296494 -18.88051578   9.64076126  -0.81007675  -0.52138882
   -0.42162557]]
[[  3.09302054 -18.87720389   9.64040557  -0.80998188  -0.52152316
   -0.42159096]]
[[  3.0918211  -18.8843825    9.64447351  -0.81024128  -0.52143553
   -0.42153253]]
[[  3.0889929  -18.88551185   9.64416267  -0.8102145   -0.52138032
   -0.42139681]]
[[  3.09129665 -18.88061235   9.64474857  -0.81010981  -0.52159119
   -0.42155133]]
[[  3.09242777 -18.88132754   9.64610856  -0.81011842  -0.52149072
   -0.42151907]]
[[  3.09082593 -18.88439069   9.64661887  -0.81018994  -0.52135835
   -0.42154799]]
[[  3.09347358 -18.88799456   9.64758296  -0.81016416  -0.52144693
   -0.42153602]]
[[  3.09436646 -18.88712633   9.64657987  -0.81011827  -0.52153701
   -0.4214828 ]]
[[  3.09467545 -18.88545864   9.64703408  -0.81007186  -0.52147948
   -0.42150045]]
[[  3.09299999 -18.88951181   9.64790519  -0.81011809  -0.52146318
   -0.42155594]]
[[  3.09294887 -18.89308263   9.64866173  -0.81013889  -0.52141313
   -0.42158393]]
[[  3.09450841 -18.88742091   9.64659029  -0.81000309  -0.52154953
   -0.42154785]]
[[  3.09544588 -18.88987327   9.64939094  -0.81001363  -0.52161225
   -0.42158735]]
[[  3.09537009 -18.89074828   9.65628304  -0.8102104   -0.5215855
   -0.42162059]]
[[  3.09590745 -18.88992611   9.65326147  -0.81013301  -0.52141943
   -0.42152768]]
[[  3.09517428 -18.88757149   9.65448247  -0.81007348  -0.52155141
   -0.42155323]]
[[  3.09526026 -18.89152027   9.65558021  -0.81014238  -0.52147482
   -0.42144586]]
[[  3.09582439 -18.89255808   9.65413284  -0.81025367  -0.52156315
   -0.421621  ]]
[[  3.09385841 -18.88882952   9.65352221  -0.81012959  -0.5215309
   -0.42155118]]
[[  3.09455502 -18.88901197   9.65515271  -0.8101888   -0.52165828
   -0.42156082]]
[[  3.0959363  -18.89225      9.65567697  -0.81020695  -0.52171367
   -0.42173177]]
[[  3.09369344 -18.89460205   9.65480706  -0.81025992  -0.52151116
   -0.42168843]]
[[  3.0933634  -18.89286857   9.65361398  -0.81023197  -0.52148016
   -0.42154781]]
[[  3.09435595 -18.89103      9.65195088  -0.81018301  -0.52163453
   -0.42170978]]
[[  3.09375848 -18.89282931   9.65306616  -0.81026531  -0.52165308
   -0.42167116]]
[[  3.09290617 -18.89399338   9.64924792  -0.81036573  -0.52143985
   -0.42162867]]
[[  3.09248142 -18.89213707   9.65247907  -0.8102748   -0.52151159
   -0.42153793]]
[[  3.09623708 -18.89293808   9.65426635  -0.81035537  -0.5216722
   -0.42166469]]
[[  3.09586464 -18.89249749   9.65215589  -0.81037757  -0.52157033
   -0.42159866]]
[[  3.09443482 -18.89192489   9.655248    -0.81036269  -0.5214404
   -0.42145686]]
[[  3.09475663 -18.89063713   9.65646747  -0.81033207  -0.52165084
   -0.42156182]]
[[  3.09433386 -18.89181702   9.65453912  -0.81034658  -0.52162977
   -0.42161155]]
[[  3.09504589 -18.89346595   9.6560689   -0.81036733  -0.52162418
   -0.4215396 ]]
[[  3.09210267 -18.8920087    9.65303889  -0.81034645  -0.52145832
   -0.42151376]]
[[  3.09529188 -18.89402474   9.65567032  -0.81041353  -0.52183983
   -0.42175033]]
[[  3.09334462 -18.89630118   9.65719952  -0.8105539   -0.5214133
   -0.42153296]]
[[  3.09574097 -18.88996073   9.65960025  -0.81036007  -0.52177669
   -0.42166484]]
[[  3.09173514 -18.89823482   9.66373841  -0.81070042  -0.52132595
   -0.42137274]]
[[  3.0935115  -18.89408882   9.66210413  -0.81062314  -0.5216828
   -0.421572  ]]
[[  3.09353689 -18.89126841   9.66460087  -0.81043616  -0.52172486
   -0.42157727]]
[[  3.09251439 -18.89824989   9.66647898  -0.81076241  -0.52145974
   -0.42145955]]
[[  3.09469651 -18.89755883   9.66813181  -0.8106747   -0.5214993
   -0.42150376]]
[[  3.09489707 -18.89564343   9.66854016  -0.81050881  -0.52179475
   -0.42167148]]
[[  3.09396449 -18.89631627   9.668349    -0.81046274  -0.52172124
   -0.42160179]]
[[  3.09194501 -18.90244841   9.6724733   -0.81071149  -0.52153775
   -0.42154532]]
[[  3.09165072 -18.90182373   9.67352483  -0.8106624   -0.52155949
   -0.42156331]]
[[  3.09618072 -18.89673751   9.67336009  -0.81048052  -0.52187412
   -0.42163949]]
[[  3.09391873 -18.90112649   9.67363854  -0.81054986  -0.52165969
   -0.42155856]]
[[  3.09108929 -18.90604054   9.67611859  -0.81069986  -0.52151345
   -0.42152151]]
[[  3.09362106 -18.90390573   9.67704653  -0.81052672  -0.5217458
   -0.42158162]]
[[  3.09255406 -18.90113823   9.67973892  -0.81042437  -0.52182488
   -0.42168243]]
[[  3.08899096 -18.90534599   9.68476712  -0.81061705  -0.52167805
   -0.42147114]]
[[  3.09062064 -18.90937017   9.69023481  -0.81066675  -0.52169941
   -0.42147779]]
[[  3.0892855  -18.90555436   9.69071933  -0.810505    -0.52170835
   -0.42158031]]
[[  3.08793289 -18.9070588    9.69589694  -0.81056735  -0.52166108
   -0.4215746 ]]
[[  3.08946658 -18.91184145   9.69757916  -0.81065291  -0.52163488
   -0.42153033]]
[[  3.08651724 -18.91133887   9.69658077  -0.81065284  -0.52154564
   -0.42152856]]
[[  3.08923386 -18.90987919   9.69607858  -0.81054939  -0.52188326
   -0.42176045]]
[[  3.08910245 -18.91124068   9.69615891  -0.8104701   -0.52165144
   -0.42157987]]
[[  3.08933263 -18.91409688   9.69874994  -0.81055092  -0.52179434
   -0.42169344]]
[[  3.0868875  -18.91739023   9.69984043  -0.81054834  -0.52164011
   -0.42154411]]
[[  3.08824985 -18.9127538    9.69880636  -0.81043765  -0.52192586
   -0.421728  ]]
[[  3.08863032 -18.91278025   9.69978574  -0.81036986  -0.52185407
   -0.42162726]]
[[  3.08814787 -18.91588305   9.69997561  -0.81056521  -0.52172974
   -0.42166691]]
[[  3.09060014 -18.91667396   9.70093971  -0.81052314  -0.52164363
   -0.42157836]]
[[  3.09070849 -18.91231225   9.70087322  -0.81046321  -0.52166942
   -0.42163452]]
[[  3.08990483 -18.90795855   9.69937822  -0.81032086  -0.52164573
   -0.42160328]]
[[  3.09147133 -18.9104875    9.7036665   -0.81047377  -0.52182958
   -0.42168368]]
[[  3.0901571  -18.91317552   9.70227386  -0.81046804  -0.52165665
   -0.42156978]]
[[  3.08938822 -18.91138078   9.70065124  -0.81043728  -0.52167782
   -0.42162799]]
[[  3.09082102 -18.91063265   9.70057708  -0.810333    -0.5217056
   -0.421595  ]]
[[  3.08990046 -18.91197371   9.70326115  -0.81044398  -0.52171549
   -0.42160379]]
[[  3.08851429 -18.91154024   9.70493697  -0.81049298  -0.52152526
   -0.42148057]]
[[  3.08844944 -18.91064233   9.70903039  -0.81046069  -0.52166127
   -0.42149997]]
[[  3.09025208 -18.91074199   9.70826532  -0.81039244  -0.52173997
   -0.42153505]]
[[  3.09207777 -18.9125231    9.7094447   -0.81047285  -0.52156492
   -0.42141351]]
[[  3.09276409 -18.91126205   9.71055742  -0.81054603  -0.52153984
   -0.42138603]]
[[  3.09063915 -18.91069914   9.71231341  -0.81057108  -0.52162207
   -0.42146633]]
[[  3.09148662 -18.91114798   9.71054886  -0.81056584  -0.52160827
   -0.42149768]]
[[  3.09089283 -18.90948996   9.71155203  -0.8104725   -0.52173625
   -0.42150647]]
[[  3.09006513 -18.91147882   9.71375979  -0.81060546  -0.52153227
   -0.42142643]]
[[  3.08911859 -18.91356568   9.71454397  -0.81065899  -0.52155289
   -0.42145142]]
[[  3.09277591 -18.90879901   9.71289826  -0.81048282  -0.52174134
   -0.42159253]]
[[  3.09270685 -18.90907925   9.71228548  -0.81048575  -0.52163463
   -0.42141676]]
[[  3.09099737 -18.91355565   9.71388309  -0.81059511  -0.52144349
   -0.42145988]]
[[  3.0921375  -18.91425371   9.71532055  -0.81062377  -0.52157739
   -0.42157301]]
[[  3.09331981 -18.90964478   9.715992    -0.81049977  -0.52161279
   -0.42154214]]
[[  3.09231411 -18.91273905   9.7180586   -0.81060478  -0.52145493
   -0.42139303]]
[[  3.09230071 -18.9176824    9.71950081  -0.81072633  -0.52142202
   -0.42138055]]
[[  3.09380017 -18.9146186    9.71633559  -0.81065459  -0.52155397
   -0.42138862]]
[[  3.09418682 -18.91170368   9.71513635  -0.810541    -0.52167266
   -0.42146343]]
[[  3.09151287 -18.915465     9.71853231  -0.81076784  -0.52154718
   -0.42137621]]
[[  3.090909   -18.91466407   9.71906479  -0.81075772  -0.5215646
   -0.42134358]]
[[  3.09231418 -18.91318584   9.71380552  -0.81051605  -0.52183565
   -0.42159817]]
[[  3.08999296 -18.91023617   9.71486377  -0.81058852  -0.52151207
   -0.42133342]]
[[  3.08963671 -18.91755879   9.71697039  -0.81081323  -0.52153474
   -0.42143512]]
[[  3.0909749  -18.91176337   9.71516705  -0.81060002  -0.52161922
   -0.4214215 ]]
[[  3.0945476  -18.9096702    9.71514727  -0.81049421  -0.52185122
   -0.42151786]]
[[  3.09238011 -18.91425861   9.71820109  -0.81059921  -0.52152311
   -0.42136857]]
[[  3.09083177 -18.91936662   9.72142995  -0.81074252  -0.52151552
   -0.42139296]]
[[  3.08890234 -18.91737419   9.71920325  -0.81068165  -0.52158684
   -0.42138375]]
[[  3.09114335 -18.91247537   9.72012403  -0.81056292  -0.52171564
   -0.42152071]]
[[  3.08805463 -18.91549695   9.72060734  -0.81063977  -0.52152432
   -0.42145807]]
[[  3.08658697 -18.91733532   9.72341223  -0.81083499  -0.52156263
   -0.42152768]]
[[  3.08567113 -18.91325116   9.72002417  -0.81059415  -0.52154217
   -0.42136482]]
[[  3.08776964 -18.91270248   9.72246944  -0.81063073  -0.52173494
   -0.42138565]]
[[  3.08785358 -18.91294213   9.72243218  -0.81065177  -0.52161012
   -0.42126073]]
[[  3.08749307 -18.91387261   9.72242574  -0.8107375   -0.52157918
   -0.42131049]]
[[  3.08760657 -18.91189444   9.7191255   -0.81060339  -0.52164145
   -0.42134554]]
[[  3.0855912  -18.90921279   9.7177465   -0.81054814  -0.52170209
   -0.42135336]]
[[  3.08560577 -18.91004437   9.71817143  -0.81060436  -0.5216176
   -0.42137348]]
[[  3.08481919 -18.90972524   9.71840151  -0.81064536  -0.52167911
   -0.42135784]]
[[  3.08611624 -18.90504341   9.71638557  -0.81061962  -0.52199347
   -0.42165558]]
[[  3.08372738 -18.90536056   9.71586789  -0.81066576  -0.52163709
   -0.42138186]]
[[  3.08295505 -18.91005239   9.71521366  -0.81071553  -0.52149846
   -0.421338  ]]
[[  3.08297582 -18.91033249   9.71926038  -0.81069004  -0.52141337
   -0.4212527 ]]
[[  3.08236647 -18.91002262   9.71878603  -0.81064493  -0.52139711
   -0.42127354]]
[[  3.0829414  -18.90954253   9.72095596  -0.8106824   -0.5215052
   -0.42130461]]
[[  3.08154943 -18.91097234   9.72352764  -0.81066945  -0.52162523
   -0.4213601 ]]
[[  3.08267642 -18.9121283    9.72456802  -0.81077286  -0.52152033
   -0.42128348]]
[[  3.08328173 -18.91212267   9.72378038  -0.81084803  -0.52143268
   -0.42113818]]
[[  3.08656072 -18.90597993   9.72143697  -0.81064875  -0.52168714
   -0.42125218]]
[[  3.08455897 -18.90853466   9.72419346  -0.81073911  -0.52166274
   -0.42127837]]
[[  3.08370333 -18.91121784   9.72577345  -0.81079109  -0.52159347
   -0.42127873]]
[[  3.08571907 -18.90934731   9.72379197  -0.81068974  -0.52151714
   -0.42123079]]
[[  3.09031522 -18.90528535   9.72568714  -0.81059478  -0.52175214
   -0.42137932]]
[[  3.08994919 -18.9075351    9.72665721  -0.81056544  -0.52177664
   -0.4214415 ]]
[[  3.08589696 -18.91031546   9.72614574  -0.81077674  -0.52137919
   -0.421244  ]]
[[  3.08388549 -18.91141425   9.72732019  -0.8107723   -0.52146212
   -0.42121383]]
[[  3.08621974 -18.90894958   9.72432881  -0.81063774  -0.52172794
   -0.42142743]]
[[  3.08749873 -18.90887577   9.7264936   -0.81067196  -0.52158414
   -0.42124718]]
[[  3.08629239 -18.91251682   9.72632107  -0.81079277  -0.52146174
   -0.42129554]]
[[  3.08705469 -18.9081011    9.72857945  -0.81072693  -0.52155592
   -0.42129382]]
[[  3.08956157 -18.90953152   9.73121561  -0.81068755  -0.52165969
   -0.42136528]]
[[  3.08867878 -18.9074267    9.73502201  -0.81069426  -0.52157912
   -0.42123954]]
[[  3.08695668 -18.91179135   9.73454482  -0.81076336  -0.52146172
   -0.42110719]]
[[  3.08748594 -18.91303322   9.73604001  -0.81079002  -0.52154122
   -0.4213194 ]]
[[  3.08628678 -18.9090436    9.73613566  -0.81066511  -0.52164441
   -0.4214011 ]]
[[  3.08642001 -18.91133645   9.73787217  -0.81068754  -0.52155116
   -0.42129779]]
[[  3.08474793 -18.91673623   9.73848865  -0.81078394  -0.52150592
   -0.42130819]]
[[  3.08696321 -18.91425117   9.7380923   -0.81069039  -0.52163698
   -0.42137385]]
[[  3.08693137 -18.91291585   9.73614029  -0.81056955  -0.52160978
   -0.42141455]]
[[  3.0875743  -18.91447233   9.73789737  -0.8105923   -0.52162577
   -0.42137193]]
[[  3.08544367 -18.9189748    9.74053168  -0.81071694  -0.52151722
   -0.42128759]]
[[  3.08914818 -18.91785344   9.74054624  -0.81063636  -0.52166687
   -0.42137516]]
[[  3.08730583 -18.91616884   9.74007149  -0.8105166   -0.52167245
   -0.42124404]]
[[  3.08587822 -18.91869456   9.74337994  -0.81065719  -0.52173414
   -0.42127219]]
[[  3.08469008 -18.92081863   9.74761771  -0.81076543  -0.52164293
   -0.42127599]]
[[  3.08663947 -18.91817887   9.74616528  -0.81066978  -0.5215745
   -0.42125423]]
[[  3.08972328 -18.91577652   9.74554306  -0.81045407  -0.52166154
   -0.42123687]]
[[  3.0876074  -18.92033971   9.75113852  -0.81066618  -0.52171946
   -0.42135164]]
[[  3.08317341 -18.92267848   9.75307951  -0.81073278  -0.52144664
   -0.42128475]]
[[  3.08403438 -18.91894308   9.75083821  -0.81053573  -0.52163321
   -0.42139289]]
[[  3.08216038 -18.91882095   9.75195847  -0.81057429  -0.52168575
   -0.42147486]]
[[  3.08325165 -18.91991613   9.75305286  -0.81061934  -0.52162639
   -0.4214703 ]]
[[  3.08144502 -18.92022962   9.75565723  -0.81056423  -0.52149093
   -0.42133342]]
[[  3.08335277 -18.91984445   9.75591243  -0.81057671  -0.52157145
   -0.42128882]]
[[  3.08258708 -18.91808231   9.75420631  -0.81050138  -0.5216571
   -0.42142075]]
[[  3.08283296 -18.91999569   9.75585206  -0.81053297  -0.52172351
   -0.42144022]]
[[  3.08098659 -18.92306716   9.76005594  -0.81058562  -0.52149493
   -0.42128445]]
[[  3.0820391  -18.92325548   9.76063677  -0.81051664  -0.52162484
   -0.42141789]]
[[  3.08242418 -18.92373381   9.76218095  -0.81042289  -0.5216118
   -0.42142849]]
[[  3.08061672 -18.92385033   9.7650343   -0.81035085  -0.52165712
   -0.42144727]]
[[  3.08097588 -18.92898229   9.76981124  -0.81053397  -0.52148602
   -0.42119961]]
[[  3.0794198  -18.93124484   9.77146587  -0.81054545  -0.52142029
   -0.42127552]]
[[  3.08127678 -18.92794993   9.76909831  -0.81027506  -0.52160304
   -0.42132759]]
[[  3.08083591 -18.93333566   9.77201715  -0.81040536  -0.52155325
   -0.42133846]]
[[  3.07884223 -18.93789569   9.7751673   -0.81056556  -0.52133685
   -0.42120998]]
[[  3.08070227 -18.93468712   9.77452953  -0.81039126  -0.52157387
   -0.42123972]]
[[  3.08125601 -18.934128     9.77594332  -0.81029545  -0.5217384
   -0.42131361]]
[[  3.08051176 -18.9375325    9.77818665  -0.8104435   -0.52166809
   -0.42127412]]
[[  3.0788355  -18.94032344   9.78006656  -0.81044133  -0.52152855
   -0.42121405]]
[[  3.07863405 -18.93718412   9.78147571  -0.81029525  -0.52177212
   -0.42128246]]
[[  3.0778186  -18.93819998   9.78343297  -0.81021412  -0.52172904
   -0.42120423]]
[[  3.0763356  -18.94299561   9.78406726  -0.81042314  -0.52160922
   -0.42109971]]
[[  3.07589612 -18.94266013   9.78314152  -0.81033704  -0.52162529
   -0.42113055]]
[[  3.07735962 -18.93970396   9.78434527  -0.81025048  -0.52175861
   -0.42115659]]
[[  3.07703875 -18.94030878   9.78481313  -0.81033722  -0.52155645
   -0.42107622]]
[[  3.07935397 -18.93848885   9.78092346  -0.81032365  -0.52153534
   -0.42117333]]
[[  3.08030504 -18.93592069   9.78089161  -0.81028688  -0.52160244
   -0.42117648]]
[[  3.07934567 -18.9364641    9.78164311  -0.81039738  -0.52159369
   -0.42115622]]
[[  3.08126651 -18.93559168   9.7797593   -0.81035617  -0.52167389
   -0.42126825]]
[[  3.08120964 -18.93455618   9.78032577  -0.81034537  -0.52167057
   -0.42131392]]
[[  3.081842   -18.93494173   9.78371144  -0.81043809  -0.52180251
   -0.42135629]]
[[  3.07529472 -18.93433447   9.78071499  -0.81054498  -0.52113442
   -0.42098791]]
[[  3.08159576 -18.93074882   9.78025117  -0.81026716  -0.52201152
   -0.42155016]]
[[  3.07776562 -18.93303864   9.77799128  -0.810499    -0.52135142
   -0.42108527]]
[[  3.08328216 -18.93397649   9.77979769  -0.81049747  -0.52201334
   -0.42148585]]
[[  3.07814312 -18.93163437   9.78142457  -0.81039936  -0.52157532
   -0.42116139]]
[[  3.08116528 -18.92997953   9.77767992  -0.81037724  -0.52201863
   -0.42147489]]
[[  3.07822205 -18.93064085   9.78139549  -0.81047843  -0.52167534
   -0.42129586]]
[[  3.08026675 -18.92986507   9.77897504  -0.81054625  -0.52173807
   -0.42132564]]
[[  3.07970012 -18.92472038   9.77529416  -0.81040032  -0.52164563
   -0.42131776]]
[[  3.08312206 -18.92285359   9.77758165  -0.8104416   -0.52193947
   -0.421524  ]]
[[  3.08109582 -18.9266548    9.77711723  -0.81056264  -0.52166843
   -0.42135248]]
[[  3.0818889  -18.9247954    9.77354773  -0.81057742  -0.52178038
   -0.42138634]]
[[  3.07859608 -18.92053499   9.77149911  -0.81044012  -0.52180417
   -0.42141086]]
[[  3.08027018 -18.92087118   9.77230455  -0.8104955   -0.52199811
   -0.42150161]]
[[  3.07732287 -18.92366988   9.77457696  -0.81059906  -0.52167681
   -0.42132405]]
[[  3.07769879 -18.92227728   9.77473817  -0.8106294   -0.52175424
   -0.42142158]]
[[  3.07846385 -18.91802414   9.77538747  -0.81039304  -0.5217914
   -0.42140957]]
[[  3.07780297 -18.92349927   9.7790792   -0.81057274  -0.52195439
   -0.42143523]]
[[  3.07545171 -18.92838979   9.78308009  -0.81066561  -0.52163814
   -0.42120904]]
[[  3.07696727 -18.92456432   9.78328741  -0.81063416  -0.52170753
   -0.42133551]]
[[  3.07734786 -18.92437336   9.7854747   -0.81053263  -0.52191048
   -0.42142612]]
[[  3.07751547 -18.92544701   9.78872573  -0.81058514  -0.52189181
   -0.42148933]]
[[  3.07515044 -18.93060075   9.78901512  -0.81063566  -0.52166577
   -0.42131679]]
[[  3.07804385 -18.9328249    9.79076778  -0.81055768  -0.52182739
   -0.42143254]]
[[  3.07767311 -18.93243126   9.79083411  -0.81050552  -0.52180247
   -0.42139613]]
[[  3.07670678 -18.93336661   9.79459556  -0.81051842  -0.52190435
   -0.42146006]]
[[  3.07598948 -18.9362653    9.7975044   -0.81045642  -0.52192339
   -0.42139719]]
[[  3.07314615 -18.94358689   9.80042304  -0.81071006  -0.52140522
   -0.42109039]]
[[  3.07590886 -18.93639844   9.8051395   -0.81042673  -0.5220165
   -0.42150009]]
[[  3.07453136 -18.93796683   9.80606063  -0.81036812  -0.52184227
   -0.42140281]]
[[  3.07440732 -18.94471736   9.81019609  -0.81057559  -0.52199648
   -0.42154672]]
[[  3.0715002  -18.94309742   9.81087371  -0.81051242  -0.52171881
   -0.42121265]]
[[  3.07572304 -18.94160137   9.80974199  -0.81042146  -0.5221194
   -0.42154869]]
[[  3.07124102 -18.943682     9.80997102  -0.81046721  -0.5216123
   -0.42130341]]
[[  3.07639146 -18.94303212   9.81137696  -0.81045934  -0.52199197
   -0.42147928]]
[[  3.07280467 -18.94743425   9.81298157  -0.81061686  -0.52169307
   -0.42130135]]
[[  3.07569485 -18.94622721   9.81212301  -0.81038369  -0.52200274
   -0.4214352 ]]
[[  3.07387043 -18.94991577   9.81120597  -0.81047473  -0.52165783
   -0.42124547]]
[[  3.0753851  -18.95224826   9.81335157  -0.81056133  -0.5218723
   -0.42147735]]
[[  3.07721878 -18.94620812   9.81266616  -0.81039015  -0.52173295
   -0.42132829]]
[[  3.07771763 -18.94547341   9.81319194  -0.81042129  -0.52192305
   -0.42139038]]
[[  3.07541846 -18.94700699   9.81719612  -0.81051869  -0.52180323
   -0.42128523]]
[[  3.07685367 -18.94879266   9.81628097  -0.81058792  -0.52186517
   -0.42129456]]
[[  3.07579319 -18.9478576    9.81281281  -0.81055135  -0.52174205
   -0.42116118]]
[[  3.0765114  -18.9436173    9.81608746  -0.81052885  -0.52190193
   -0.42123299]]
[[  3.07770477 -18.94524584   9.81835729  -0.81054625  -0.52197426
   -0.42134473]]
[[  3.07883739 -18.94289069   9.81574106  -0.8105298   -0.52185498
   -0.4213139 ]]
[[  3.0747458  -18.94534683   9.81856676  -0.81063096  -0.52168767
   -0.42121612]]
[[  3.07744626 -18.94294709   9.81705989  -0.81058441  -0.52193994
   -0.42133804]]
[[  3.07895435 -18.94097866   9.81715588  -0.81046505  -0.52200157
   -0.42131076]]
[[  3.07811773 -18.94444523   9.81902597  -0.81053387  -0.52184428
   -0.42121179]]
[[  3.07663828 -18.94619017   9.81866499  -0.81065016  -0.52170696
   -0.42116236]]
[[  3.07820838 -18.93962973   9.81496009  -0.81044437  -0.52203588
   -0.42127645]]
[[  3.07644491 -18.94234303   9.81749863  -0.81049196  -0.52188637
   -0.42129871]]
[[  3.07358721 -18.94434466   9.81880215  -0.81068242  -0.52182089
   -0.42131354]]
[[  3.07834198 -18.93938349   9.81750759  -0.81046812  -0.52213589
   -0.42140748]]
[[  3.0752911  -18.9376521    9.81500444  -0.81051072  -0.52179301
   -0.42114468]]
[[  3.07542106 -18.9434957    9.82006758  -0.81062575  -0.52180136
   -0.42112968]]
[[  3.07675267 -18.94188668   9.8215739   -0.81054352  -0.52196296
   -0.42133711]]
[[  3.0732922  -18.94269292   9.81891239  -0.81061492  -0.52165298
   -0.42122563]]
[[  3.0763552  -18.94148467   9.81793675  -0.81047954  -0.52185985
   -0.42140094]]
[[  3.0774944  -18.94483108   9.8224732   -0.8106485   -0.52189154
   -0.4212983 ]]
[[  3.07779625 -18.94530879   9.81847598  -0.81073483  -0.5215174
   -0.42107971]]
[[  3.07952266 -18.93909279   9.81547228  -0.81044284  -0.52203961
   -0.42141991]]
[[  3.07717373 -18.94051804   9.81655962  -0.81053034  -0.52184913
   -0.42137208]]
[[  3.07469983 -18.94286745   9.81481336  -0.81058743  -0.52175348
   -0.42126904]]
[[  3.07479555 -18.94086859   9.81466056  -0.81056957  -0.5219644
   -0.42135775]]
[[  3.07556836 -18.94024284   9.81707739  -0.81057825  -0.52199105
   -0.42132243]]
[[  3.07717409 -18.93932756   9.81810477  -0.8105191   -0.52194933
   -0.42125746]]
[[  3.07767531 -18.94021118   9.81985832  -0.81057454  -0.52197146
   -0.42125979]]
[[  3.07706292 -18.94123427   9.81932484  -0.81057509  -0.52196465
   -0.42120241]]
[[  3.07607352 -18.94223203   9.82218806  -0.81065271  -0.52194328
   -0.42121   ]]
[[  3.07626989 -18.93944915   9.82284631  -0.81062278  -0.52190884
   -0.42123191]]
[[  3.07522637 -18.93748253   9.82264119  -0.81057982  -0.52193523
   -0.42125652]]
[[  3.07668711 -18.93897523   9.81929028  -0.81061617  -0.52197951
   -0.42130754]]
[[  3.0766339  -18.94289968   9.81967149  -0.81071181  -0.52177134
   -0.42127745]]
[[  3.07857161 -18.93697863   9.81842124  -0.8105335   -0.52200909
   -0.42128968]]
[[  3.07885232 -18.93721912   9.81671455  -0.81052936  -0.52204303
   -0.42129519]]
[[  3.07556503 -18.94386462   9.81586138  -0.81081941  -0.52175725
   -0.4212311 ]]
[[  3.0751328  -18.93784466   9.81424288  -0.81065846  -0.52178358
   -0.42120242]]
[[  3.07843371 -18.93597117   9.81320114  -0.8105653   -0.52208666
   -0.42138488]]
[[  3.07647758 -18.94175874   9.81606327  -0.81072959  -0.5218855
   -0.42127511]]
[[  3.07427204 -18.94344548   9.81414416  -0.81084531  -0.52170383
   -0.42124333]]
[[  3.07339239 -18.94049079   9.81314342  -0.8107642   -0.52177439
   -0.4212447 ]]
[[  3.07212134 -18.9385112    9.81357481  -0.81073997  -0.52196858
   -0.42132568]]
[[  3.07226403 -18.94030811   9.81390548  -0.81088682  -0.52185724
   -0.42133211]]
[[  3.07136444 -18.93796981   9.80998019  -0.8109187   -0.52159766
   -0.42116604]]
[[  3.07292118 -18.93566546   9.81186055  -0.81088959  -0.52190302
   -0.4213664 ]]
[[  3.07456525 -18.93556425   9.81269184  -0.81090402  -0.52201259
   -0.42132111]]
[[  3.07303702 -18.93644889   9.81103106  -0.81093115  -0.5219613
   -0.42127255]]
[[  3.07144236 -18.93952428   9.80981369  -0.81095203  -0.52182536
   -0.42123356]]
[[  3.07073991 -18.93882827   9.81056266  -0.81107725  -0.52189358
   -0.42129785]]
[[  3.06930769 -18.93827065   9.80717297  -0.81095538  -0.52186354
   -0.42129023]]
[[  3.07119204 -18.93557173   9.80614455  -0.81093159  -0.52197868
   -0.42133441]]
[[  3.06751723 -18.94041345   9.80313708  -0.81110412  -0.52170616
   -0.42126021]]
[[  3.07070413 -18.93830666   9.80219471  -0.81106533  -0.52190103
   -0.42136728]]
[[  3.0711944  -18.93352575   9.80034203  -0.81095292  -0.52184107
   -0.42126798]]
[[  3.07077985 -18.93109474   9.80052265  -0.81104393  -0.52195995
   -0.4213334 ]]
[[  3.06993721 -18.9363324    9.80271837  -0.81119275  -0.52180238
   -0.42124751]]
[[  3.07137507 -18.93297144   9.80190846  -0.81125179  -0.52204688
   -0.42143589]]
[[  3.07200455 -18.9267967    9.79903057  -0.81106273  -0.52202201
   -0.42134178]]
[[  3.07319775 -18.93145766   9.80383618  -0.81129614  -0.52200639
   -0.42137562]]
[[  3.07310911 -18.93204429   9.80194379  -0.81130642  -0.5217691
   -0.42118514]]
[[  3.07473567 -18.92459514   9.79952306  -0.81110196  -0.5220989
   -0.42129456]]
[[  3.07146374 -18.92258389   9.79743163  -0.81111638  -0.52189591
   -0.42124867]]
[[  3.0741856  -18.93418289   9.80126256  -0.81163102  -0.52193595
   -0.42140814]]
[[  3.07537816 -18.92490753   9.79512686  -0.81138038  -0.52182182
   -0.42127815]]
[[  3.0759171  -18.92558821   9.79449992  -0.8112893   -0.52183986
   -0.42138519]]
[[  3.07565342 -18.92742187   9.79559714  -0.81137212  -0.52188118
   -0.42132881]]
[[  3.07527672 -18.925828     9.79518894  -0.81130474  -0.52191651
   -0.42140002]]
[[  3.07284894 -18.92871454   9.7977945   -0.81151068  -0.52186216
   -0.42138625]]
[[  3.07472477 -18.9202372    9.79396765  -0.81138145  -0.52192809
   -0.42133326]]
[[  3.07701792 -18.91984599   9.79472451  -0.8113689   -0.52216447
   -0.42150404]]
[[  3.07668275 -18.92216768   9.79692509  -0.81150281  -0.52212175
   -0.42147977]]
[[  3.07459663 -18.92088957   9.7968048   -0.81147536  -0.52207487
   -0.42133761]]
[[  3.07369096 -18.91878123   9.79595713  -0.81144874  -0.5218814
   -0.42121555]]
[[  3.07751722 -18.92151639   9.7970457   -0.81151532  -0.52212141
   -0.42141724]]
[[  3.08131105 -18.92709989   9.80463843  -0.81178371  -0.52224826
   -0.42152706]]
[[  3.07741628 -18.92392073   9.80445198  -0.81172082  -0.52169442
   -0.42101498]]
[[  3.07760477 -18.92476651   9.80702781  -0.81165404  -0.52200258
   -0.42135552]]
[[  3.07522438 -18.92466943   9.80755314  -0.81174152  -0.52184501
   -0.42119641]]
[[  3.07637011 -18.92643548   9.80715096  -0.81171494  -0.5221209
   -0.42132988]]
[[  3.07301834 -18.92902521   9.80858814  -0.81174964  -0.52184378
   -0.42120062]]
[[  3.07681954 -18.92337367   9.80374503  -0.81140449  -0.5223268
   -0.42146206]]
[[  3.07760665 -18.92499909   9.80868674  -0.81142838  -0.52259552
   -0.42168776]]
[[  3.07340887 -18.92941535   9.80979626  -0.81166084  -0.52224874
   -0.42146931]]
[[  3.07528333 -18.92477066   9.80662844  -0.81147789  -0.52213251
   -0.42139634]]
[[  3.07830452 -18.92416889   9.80849299  -0.81154208  -0.522524
   -0.42168055]]
[[  3.07517746 -18.92983687   9.80928904  -0.811795    -0.52201319
   -0.42142451]]
[[  3.07701672 -18.93080499   9.81283429  -0.8117739   -0.52218159
   -0.42153464]]
[[  3.07129397 -18.92909665   9.81345765  -0.81169179  -0.52169733
   -0.42124637]]
[[  3.0749214  -18.93394349   9.81577134  -0.81193542  -0.52216901
   -0.42155761]]
[[  3.07519763 -18.92561255   9.81276645  -0.81169273  -0.52226158
   -0.42148464]]
[[  3.07544911 -18.92699395   9.81095616  -0.81183235  -0.52219046
   -0.42146743]]
[[  3.07107003 -18.93141031   9.81344503  -0.81194254  -0.52172213
   -0.42121548]]
[[  3.07583119 -18.92023109   9.80622591  -0.81167587  -0.5223655
   -0.42166637]]
[[  3.07857366 -18.91730347   9.80665277  -0.81148317  -0.52253546
   -0.42165791]]
[[  3.07570118 -18.92630927   9.8111757   -0.81192693  -0.52223896
   -0.42151602]]
[[  3.07457184 -18.92487864   9.81057142  -0.8117069   -0.52218651
   -0.42141966]]
[[  3.07745368 -18.92480009   9.81358663  -0.81173105  -0.52253764
   -0.42175838]]
[[  3.07141375 -18.92222499   9.81387898  -0.81159946  -0.52181833
   -0.42125755]]
[[  3.07448876 -18.93121294   9.82128887  -0.81195022  -0.52213497
   -0.42150288]]
[[  3.07481122 -18.92648731   9.81811726  -0.81182391  -0.52188452
   -0.42126406]]
[[  3.08078218 -18.92176145   9.81671272  -0.81174165  -0.52243393
   -0.42166682]]
[[  3.07568711 -18.93094824   9.82096131  -0.81204514  -0.52164687
   -0.42119187]]
[[  3.07852284 -18.92662881   9.82001951  -0.81189852  -0.52221296
   -0.42157375]]
[[  3.0777171  -18.9221284    9.82188606  -0.81170713  -0.52202624
   -0.42134737]]
[[  3.07811526 -18.92468134   9.82488407  -0.81183575  -0.52199814
   -0.42135919]]
[[  3.0778256  -18.92389936   9.8262693   -0.81178453  -0.52216572
   -0.42134074]]
[[  3.07789427 -18.92759191   9.83005071  -0.81189181  -0.52222916
   -0.42147237]]
[[  3.07701195 -18.92498412   9.82837895  -0.81185566  -0.52216926
   -0.42147377]]
[[  3.07730782 -18.92273068   9.82744022  -0.81164115  -0.5221469
   -0.42141375]]
[[  3.07431096 -18.92976485   9.833601    -0.81193193  -0.52190421
   -0.42122875]]
[[  3.07375862 -18.93124862   9.83417403  -0.81196332  -0.52187358
   -0.4212965 ]]
[[  3.07445421 -18.92561868   9.83436792  -0.81175505  -0.52204402
   -0.42137519]]
[[  3.07359447 -18.92848778   9.83881531  -0.81192562  -0.52203551
   -0.4213538 ]]
[[  3.07422707 -18.92851903   9.83937405  -0.8118865   -0.52208432
   -0.42134817]]
[[  3.07324908 -18.93081324   9.83998329  -0.81182556  -0.52179596
   -0.42122839]]
[[  3.07535392 -18.92799931   9.83719832  -0.8116692   -0.52206554
   -0.42144167]]
[[  3.07399483 -18.92966176   9.84021104  -0.81168539  -0.52189325
   -0.42134663]]
[[  3.07797996 -18.92931018   9.8413507   -0.81179331  -0.52205165
   -0.42135355]]
[[  3.07301171 -18.9279865    9.84157885  -0.81165437  -0.52193648
   -0.42134031]]
[[  3.07283286 -18.93168169   9.84172976  -0.81170688  -0.52182288
   -0.42119773]]
[[  3.07306787 -18.93352938   9.84487623  -0.81165927  -0.52188042
   -0.42127634]]
[[  3.07754488 -18.93481935   9.84662979  -0.8116697   -0.52210574
   -0.42139114]]
[[  3.07694865 -18.92914094   9.84345883  -0.81152581  -0.52183749
   -0.42119617]]
[[  3.07773931 -18.93216726   9.84504971  -0.81146363  -0.52226879
   -0.42151514]]
[[  3.07584759 -18.93620425   9.84874511  -0.81155167  -0.52197338
   -0.42127766]]
[[  3.07577807 -18.94039733   9.85459987  -0.81168685  -0.52192227
   -0.42121056]]
[[  3.07574455 -18.93727143   9.85524927  -0.81149537  -0.52189368
   -0.42121158]]
[[  3.07512751 -18.9374419    9.85710005  -0.81137357  -0.52214294
   -0.42152039]]
[[  3.07269971 -18.95004393   9.87182002  -0.81173651  -0.52195787
   -0.42130916]]
[[  3.0777029  -18.93699155   9.86162351  -0.81130691  -0.52232188
   -0.42148481]]
[[  3.07300717 -18.94466      9.87096855  -0.8113703   -0.52186243
   -0.42120146]]
[[  3.07371433 -18.95268306   9.87784762  -0.81153455  -0.52217786
   -0.42147765]]
[[  3.07156766 -18.94887187   9.87387207  -0.81126956  -0.52171924
   -0.42112004]]
[[  3.07323671 -18.9570326    9.88403208  -0.81164229  -0.52216044
   -0.42149198]]
[[  3.06763139 -18.94641483   9.87883665  -0.8112719   -0.5216948
   -0.42112183]]
[[  3.07495114 -18.9488263    9.88590153  -0.8113211   -0.52240385
   -0.42161879]]
[[  3.06998433 -18.95239212   9.88623349  -0.81134351  -0.52195594
   -0.42133314]]
[[  3.07162617 -18.95179923   9.88634445  -0.81125182  -0.52205071
   -0.42141052]]
[[  3.06972612 -18.95523592   9.88887938  -0.81120139  -0.52197607
   -0.4213458 ]]
[[  3.0714912  -18.95333214   9.88853654  -0.81112523  -0.52206943
   -0.42140655]]
[[  3.07084259 -18.95353614   9.89160885  -0.81106916  -0.52205945
   -0.42136465]]
[[  3.06978934 -18.96111501   9.89668741  -0.81140397  -0.52193486
   -0.42129894]]
