[[0. 0. 0. 0. 0. 0.]]
[[ 0.00308122  0.00078264  0.00249975 -0.00109212  0.00029428  0.0012192 ]]
[[ 0.00056832  0.00443832  0.00359323 -0.00128805  0.00093927 -0.00155661]]
[[ 0.00046526  0.00464978  0.00333349 -0.00127654  0.00103378 -0.00172866]]
[[-0.00155173  0.00358118  0.00461134 -0.00217649  0.00173137 -0.00227179]]
[[-0.00153459  0.00367749  0.00463256 -0.00180655  0.00150988 -0.00228717]]
[[-0.00039311  0.00265592  0.00658283 -0.0034472   0.00210567 -0.00123689]]
[[-0.00064599  0.00353575  0.00793947 -0.0044003   0.00322388 -0.00173643]]
[[ 0.00035088  0.00560084  0.00815444 -0.00317504  0.00337789 -0.00218712]]
[[ 0.00159386  0.00632607  0.00948605 -0.00359427  0.00345353 -0.00169904]]
[[ 0.00085511  0.00469676  0.0107722  -0.00510291  0.00423536 -0.00138303]]
[[ 0.00416243  0.00642884  0.01219749 -0.00546113  0.00444758 -0.00042671]]
[[ 0.00336574  0.00733785  0.01143327 -0.00450495  0.00435057 -0.00125816]]
[[ 0.00292333  0.00609956  0.0120176  -0.00528075  0.00493877 -0.00094591]]
[[ 0.00406572  0.00713724  0.01466561 -0.00652289  0.0055777  -0.00081909]]
[[ 0.00477518  0.00505616  0.01463385 -0.00671246  0.00553403  0.00044251]]
[[ 0.00507184  0.00715489  0.01501174 -0.00631783  0.00560363 -0.00034277]]
[[ 0.0069136   0.00642442  0.01606328 -0.00745617  0.00580465  0.00096082]]
[[ 0.00964114  0.00601275  0.01594772 -0.00723234  0.00519054  0.00256264]]
[[ 0.01022079  0.00585907  0.0173117  -0.00789029  0.00582319  0.00288824]]
[[ 0.00973917  0.00823339  0.01638828 -0.00706718  0.00598001  0.00161065]]
[[ 0.01087744  0.00797257  0.01512053 -0.00647147  0.00515269  0.00232941]]
[[ 0.01233825  0.00665806  0.01571466 -0.00640188  0.0049238   0.00357163]]
[[ 0.01084969  0.00739351  0.01767444 -0.00784129  0.00598506  0.00257311]]
[[ 0.01096448  0.00725675  0.01718086 -0.00821096  0.00590426  0.00279677]]
[[ 0.01159134  0.00808204  0.01819863 -0.00804479  0.00617403  0.00272187]]
[[ 0.01369201  0.00921981  0.01881315 -0.00803414  0.0062178   0.00326419]]
[[ 1.34003535e-02  1.04279390e-02 -9.97052686e+00 -1.27426258e-02
   1.04830629e-02  2.61757436e-03]]
[[ 0.01630108 -0.01260694 -9.94192739 -0.04912407  0.01863547  0.01572135]]
[[ 4.25729389e-03 -3.98028360e-02 -9.34352610e+00 -4.91756818e-01
   2.59063685e-01  1.67084229e-02]]
[[-0.08437392 -0.28035746 -6.99882991 -2.34951178  1.22383888  0.06194291]]
[[-0.15427844 -0.51835433 -5.15010507 -3.84926634  1.9860749   0.11816914]]
[[-0.22368544 -0.8010703  -6.09250842 -3.56741664  1.66609756  0.18826664]]
[[-0.22409207 -0.74067862 -7.14043393 -2.79393881  1.26287264  0.16176438]]
[[-0.16591416 -0.51102153 -8.02086197 -1.93336672  0.88341567  0.10232189]]
[[-0.11112033 -0.32874439 -8.61503507 -1.32906783  0.61698178  0.06100041]]
[[-0.10160399 -0.22525592 -9.00063806 -0.97696944  0.46359393  0.02169893]]
[[-0.17000253 -0.35314249 -9.0485659  -1.1209974   0.4995838   0.03039223]]
[[-0.29557184 -0.64458474 -8.89260809 -1.6023621   0.65607641  0.07081636]]
[[-0.43159885 -0.96548105 -8.67751374 -2.14558292  0.8410721   0.11716762]]
[[-0.5337129  -1.16398625 -8.5494339  -2.47175611  0.97082193  0.13424115]]
[[-0.54664327 -1.13501232 -8.59826513 -2.39144955  0.96527186  0.11399724]]
[[-0.52245455 -1.03382556 -8.71129493 -2.19321134  0.90429557  0.08661195]]
[[-0.48192395 -0.88334893 -8.85908515 -1.9146306   0.81722884  0.04879405]]
[[-0.44822779 -0.76605023 -8.95749401 -1.71557315  0.75521014  0.02047066]]
[[-0.5015238  -0.85128436 -8.87508881 -1.89098694  0.83187667  0.02184538]]
[[-0.5673842  -0.93947997 -8.75603789 -2.08425098  0.93629795  0.01481002]]
[[-5.74443803e-01 -9.09174176e-01 -8.77297704e+00 -2.03652583e+00
   9.36937532e-01 -2.18808704e-03]]
[[-0.55239921 -0.84222734 -8.82179906 -1.92415367  0.90045384 -0.01672389]]
[[-0.54338422 -0.77176125 -8.86216138 -1.81895425  0.88197266 -0.04095765]]
[[-0.54274036 -0.73204714 -8.87329586 -1.77351332  0.88103643 -0.05831122]]
[[-0.59477551 -0.77831247 -8.80160647 -1.88601576  0.95603286 -0.07278511]]
[[-0.63422216 -0.8153484  -8.78898063 -1.94796108  0.99674153 -0.08256059]]
[[-0.61044599 -0.67468332 -9.03573402 -1.61267872  0.88375255 -0.12752763]]
[[-0.54266073 -0.49744598 -9.29496034 -1.22957259  0.72900104 -0.16020751]]
[[-0.45194193 -0.3186348  -9.4794344  -0.89218113  0.58091108 -0.17787404]]
[[-0.36430492 -0.16820076 -9.60873048 -0.63528039  0.45897292 -0.18619823]]
[[-0.35919956 -0.1724328  -9.68072348 -0.60770147  0.42615073 -0.18205119]]
[[-0.37100046 -0.23155106 -9.72010549 -0.65269189  0.41990625 -0.16524176]]
[[-0.40568042 -0.37154611 -9.69653125 -0.85243928  0.44993055 -0.12960165]]
[[-0.03682467  0.91844414 -2.1452126  -4.37023404  3.21395161 -0.42855018]]
[[ 0.33258621  2.1562193   3.92715561 -6.94887098  5.41416945 -0.70888179]]
[[ 0.32461266  2.00728611  1.04837835 -5.23517332  4.28545568 -0.65997531]]
[[ 0.35236486  1.80301334 -2.36719148 -3.19976753  2.88633847 -0.56722515]]
[[ 0.54831682  2.90766551 -2.70863332 -1.59847238  2.65485257 -0.91991711]]
[[ 1.24957863  5.40948108  2.87430767 -2.29478218  4.4732861  -1.53395538]]
[[ 2.44252665  6.71205892  4.09068789 -1.46506939  3.97547756 -1.32864467]]
[[ 3.25811841  6.45170716  0.29380202  0.82984203  1.6557618  -0.71139719]]
[[ 3.72627702  5.70550137 -2.93056926  2.08510876 -0.15967599 -0.09986966]]
[[ 3.76963746  4.80753507 -4.92520235  2.26736138 -1.09169277  0.30522897]]
[[ 3.71030632  4.09484453 -4.48236717  1.02323156 -0.93520015  0.57862718]]
[[ 3.70654478  3.73169362 -1.78218278 -1.31188585  0.1067767   0.7411744 ]]
[[ 3.51244694  3.65613714  1.10316342 -3.38390496  1.45443109  0.65256232]]
[[ 3.04793365  3.46780177  1.33053465 -3.78614422  1.9863384   0.43164986]]
[[ 2.59549978  3.28012181 -0.30612857 -2.92543081  1.74504033  0.21371545]]
[[ 2.38020901  3.32511745 -1.5762699  -2.01643965  1.43932192  0.04928701]]
[[ 2.5185668   3.90863768 -0.70455043 -1.90002391  1.71348752 -0.11658746]]
[[ 2.85400004  4.51297652  0.31941416 -1.86499739  1.8617573  -0.16705884]]
[[ 3.22505822  4.618825   -0.38805455 -1.25407431  1.23282119  0.02261166]]
[[ 3.57387943  4.52545484 -1.17230116 -0.83784793  0.56792707  0.28793827]]
[[ 3.71546552  4.25593264 -1.59437996 -0.91126413  0.23126373  0.49711485]]
[[ 3.6269988   3.94376136 -1.51689185 -1.38803821  0.31532535  0.57807555]]
[[ 3.33910283  3.72252367 -1.06873436 -1.99867345  0.74769361  0.48982754]]
[[ 2.965392    3.79731943 -0.10628289 -2.58682579  1.51211035  0.21705612]]
[[ 2.68612983  3.93375885  0.0295674  -2.52654791  1.85315137 -0.0262618 ]]
[[ 2.58800018  3.9621081  -0.91977634 -1.85252576  1.56136608 -0.1065982 ]]
[[ 2.75216788  4.19962264 -1.15564405 -1.3956027   1.32592927 -0.10817641]]
[[ 3.06952067  4.55090245 -0.62710523 -1.3276596   1.27079228 -0.05801019]]
[[ 3.33172472  4.624873   -0.7657993  -1.15295633  0.97109456  0.07810664]]
[[ 3.43271304  4.46717981 -1.27614468 -1.01201353  0.64879463  0.2109571 ]]
[[ 3.46836166  4.24156211 -1.39978093 -1.2277316   0.54014965  0.33316733]]
[[ 3.43657697  4.06349444 -0.99392366 -1.74926464  0.71197883  0.39163891]]
[[ 3.30923804  3.9693599  -0.62933451 -2.13369044  0.96861636  0.3518184 ]]
[[ 3.07617647  3.93289921 -0.53917517 -2.25123335  1.23087532  0.21570409]]
[[ 2.86362096  3.93666551 -0.7063117  -2.14789915  1.37099502  0.07392057]]
[[ 2.75288877  4.0519515  -0.75460634 -1.97921705  1.46426956 -0.05070828]]
[[ 2.82067328  4.26868061 -0.52433512 -1.87684444  1.50463453 -0.1024174 ]]
[[ 3.01736515  4.450316   -0.61083647 -1.60054611  1.29713431 -0.05880855]]
[[ 3.21484844  4.50696079 -1.00837282 -1.2650175   0.95417389  0.04088338]]
[[ 3.3316075   4.48309186 -1.14728405 -1.21760512  0.781447    0.1253954 ]]
[[ 3.36737839  4.39977665 -1.02907555 -1.42241972  0.78290319  0.1852734 ]]
[[ 3.33327599  4.2603538  -0.87955725 -1.71351143  0.85584733  0.2245933 ]]
[[ 3.25335196  4.13830887 -0.79202814 -1.94408188  0.95566445  0.22698663]]
[[ 3.14343601  4.0603615  -0.85700767 -2.00970924  1.03192439  0.18989939]]
[[ 3.01658218  4.05956664 -0.95651832 -1.95400195  1.11625907  0.10664639]]
[[ 2.91738189  4.11102899 -1.19421242 -1.73583085  1.1194208   0.01769925]]
[[ 2.85861113  4.18212267 -1.27085127 -1.61120193  1.15308775 -0.05356823]]
[[ 2.84297818  4.32288291 -1.08700685 -1.57593661  1.25150911 -0.12757849]]
[[ 2.93086475  4.51783667 -0.86626527 -1.49686002  1.27268851 -0.1580128 ]]
[[ 3.1006702   4.58287561 -1.04068053 -1.30309766  1.04457339 -0.08052539]]
[[ 3.20679096  4.50267613 -1.27080619 -1.25887437  0.84096791  0.02354565]]
[[ 3.21144732  4.38877692 -1.26829441 -1.42163181  0.82661524  0.07648958]]
[[ 3.18298117  4.3074557  -1.11900465 -1.64683313  0.90579861  0.09462527]]
[[ 3.17210344  4.28252216 -0.99939291 -1.76815172  0.96398715  0.09749666]]
[[ 3.15290705  4.2467859  -1.09273191 -1.75494688  0.93959833  0.09840867]]
[[ 3.11544943  4.24805517 -1.08400699 -1.77118356  0.98235013  0.07153652]]
[[ 3.06981107  4.32411457 -0.84672954 -1.85887639  1.12549448  0.00871664]]
[[ 3.03228688  4.38094873 -0.85849183 -1.78589346  1.16399176 -0.04170922]]
[[ 3.03456284  4.38140899 -1.18299851 -1.57455721  1.03076204 -0.04312454]]
[[ 3.07918333  4.41795152 -1.34350863 -1.4326118   0.92564029 -0.03330463]]
[[ 3.10507376  4.42930694 -1.50192608 -1.31825271  0.83524394 -0.02425369]]
[[ 3.08895868  4.41057747 -1.65713788 -1.25046254  0.78527061 -0.02812464]]
[[ 3.04769277  4.40644259 -1.47497073 -1.40627441  0.89462765 -0.05066762]]
[[ 3.01297347  4.42839218 -1.23617079 -1.56040455  1.02588881 -0.08258915]]
[[ 3.06291395  4.46181294 -1.05964224 -1.65021532  1.05147778 -0.0656959 ]]
[[ 3.17123234e+00  4.48775968e+00 -9.01901930e-01 -1.73594295e+00
   1.00528340e+00 -4.47971788e-03]]
[[ 3.18791846  4.412117   -1.15109512 -1.66911141  0.88639522  0.0369008 ]]
[[ 3.1313936   4.33531242 -1.35757258 -1.63358942  0.85168004  0.03256419]]
[[ 3.06293891  4.38282671 -1.02973898 -1.82274923  1.04985118 -0.02965314]]
[[ 3.02601649  4.47286258 -0.71907257 -1.94005416  1.2176412  -0.09453164]]
[[ 2.9995906   4.52090502 -1.01560732 -1.68857422  1.12670838 -0.13746653]]
[[ 2.99323374  4.52441011 -1.60504566 -1.28173414  0.89678753 -0.14828722]]
[[ 2.99998071  4.51928534 -1.8225806  -1.15290588  0.80056466 -0.14133486]]
[[ 3.03380414  4.57018857 -1.42647691 -1.38418836  0.92248578 -0.13862299]]
[[ 3.1179308   4.61776532 -0.86036816 -1.73725978  1.07169671 -0.10240735]]
[[ 3.20796846  4.57626819 -0.74559663 -1.87146168  1.01961292 -0.02509619]]
[[ 3.14240675  4.40838341 -1.32542603 -1.69372914  0.8373314   0.00455116]]
[[ 2.99250155  4.27180631 -1.6469723  -1.65319706  0.83886439 -0.0344867 ]]
[[ 2.87957613  4.32788751 -1.41897174 -1.75984652  1.04266393 -0.13194626]]
[[ 2.82013202  4.48025497 -0.90987999 -1.94536706  1.31579003 -0.23558663]]
[[ 2.8164785   4.63065436 -0.68787104 -1.9256955   1.41953006 -0.30623424]]
[[ 2.92775212  4.82009894 -0.57608354 -1.77034591  1.37190573 -0.31734858]]
[[ 3.00222787  4.80844882 -0.96700871 -1.46563342  1.14020075 -0.24169133]]
[[ 3.02024138  4.5423025  -2.05391264 -0.96976523  0.67299153 -0.12682903]]
[[ 3.11964352  4.43936321 -2.17651793 -0.99197511  0.50996271 -0.01606489]]
[[ 3.336293    4.57059243 -1.01876519 -1.6388022   0.77249756  0.06730924]]
[[ 3.3597624   4.52156422 -0.66690321 -1.97584036  0.88455349  0.10656121]]
[[ 3.16047351  4.26097612 -1.51805941 -1.76440369  0.71649113  0.08549144]]
[[ 2.94376697e+00  4.13511867e+00 -1.63263691e+00 -1.85145230e+00
   8.60761418e-01  3.59831175e-03]]
[[ 2.83767607  4.24628378 -0.83979506 -2.27457591  1.27039312 -0.0937784 ]]
[[ 2.7851769   4.34586453 -0.50319029 -2.38401575  1.45137295 -0.15626526]]
[[ 2.80316714  4.33758474 -1.08775488 -1.98062818  1.21288816 -0.16489279]]
[[ 2.84437023  4.31147596 -1.87049689 -1.45011947  0.88106136 -0.15811263]]
[[ 2.89486951  4.49429097 -1.69541825 -1.37106132  0.91978355 -0.21346227]]
[[ 2.97011879  4.63072484 -1.35845484 -1.51618681  0.98368693 -0.21922751]]
[[ 3.0458004   4.67395588 -1.21332723 -1.62820668  0.96431848 -0.18575307]]
[[ 3.07243023  4.82700817 -0.66207991 -1.86370127  1.14160792 -0.20421587]]
[[ 3.02071156  4.65124738 -0.98800021 -1.81507222  1.04192142 -0.15123949]]
[[ 2.91559581  4.38773212 -1.30253777 -1.80971148  0.97380744 -0.08688328]]
[[ 2.88688341  4.40539384 -1.06746699 -1.93163605  1.10177055 -0.10018124]]
[[ 2.97947557  4.55316208 -1.37431544 -1.64144851  0.9783549  -0.13637692]]
[[ 3.06748321  4.58295305 -2.18219266 -1.17096116  0.64103509 -0.13714643]]
[[ 3.08926933  4.73390215 -1.81883577 -1.29217706  0.75329528 -0.17364629]]
[[ 3.08312298  4.92448977 -0.95022005 -1.67086881  1.08155181 -0.23194652]]
[[ 2.99267201  4.75954571 -1.24040983 -1.64895879  1.0219834  -0.21203417]]
[[ 2.91133107  4.66128484 -1.46018393 -1.63073851  0.9927748  -0.23575741]]
[[ 2.96162672  4.73010924 -1.04358056 -1.87235643  1.10446236 -0.23915708]]
[[ 2.97286393  4.79853487 -0.90874036 -1.89048378  1.13925797 -0.26063455]]
[[ 2.87059149  4.71029862 -1.60561665 -1.52150685  0.94593005 -0.29006864]]
[[ 2.77212449  4.59531526 -2.17099561 -1.28093751  0.79875924 -0.29698498]]
[[ 2.84494014  4.73280991 -1.50294442 -1.60947476  0.99084387 -0.2945965 ]]
[[ 3.02901794  4.82642007 -0.93913043 -1.89262119  1.03716229 -0.20950531]]
[[ 3.13017627  4.71862068 -1.1133739  -1.9098152   0.85024904 -0.09065386]]
[[ 3.18035335  4.55318397 -1.24448475 -2.0199076   0.73478335  0.01183569]]
[[ 3.1287242   4.48620634 -1.25905874 -2.10538552  0.77023351  0.01416685]]
[[ 2.9670473   4.42150841 -1.60204293 -1.96290811  0.78464728 -0.0589044 ]]
[[ 2.89997145  4.56557167 -1.41753191 -1.95048636  0.93113052 -0.15825733]]
[[ 2.94071221  4.77748208 -1.07207765 -1.9576632   1.05930803 -0.24311114]]
[[ 2.96683547  4.96957511 -0.86708645 -1.88448198  1.14743327 -0.33214609]]
[[ 3.0345211   5.17217422 -0.34845165 -2.00010283  1.30878311 -0.3833958 ]]
[[ 3.11231997  5.25902944 -0.03158152 -2.09247366  1.38640479 -0.38435792]]
[[ 3.15547936  5.28933592  0.15137912 -2.15398402  1.42789318 -0.37764658]]
[[ 3.18606115  5.31548962  0.26605212 -2.18174066  1.45514015 -0.38228408]]
[[ 3.18987035  5.33313671  0.21036144 -2.15561759  1.42900366 -0.39042809]]
[[ 3.13297512  5.21057403 -0.29460461 -1.97217324  1.26950086 -0.36822901]]
[[ 3.02738712  4.9780555  -1.14350897 -1.66256243  1.01249415 -0.3336954 ]]
[[ 2.94443109  4.7975874  -1.77306015 -1.43749627  0.82903278 -0.3087754 ]]
[[ 2.9548433   4.89782889 -1.44429854 -1.55557944  0.94669769 -0.34211361]]
[[ 2.99164297  5.04007714 -0.951672   -1.7354659   1.11326924 -0.3740472 ]]
[[ 3.04124467  5.12715589 -0.63371971 -1.86304101  1.200767   -0.38865285]]
[[ 3.06782586  5.20894056 -0.38329247 -1.95281644  1.27737874 -0.40753092]]
[[ 3.08365524  5.26599205 -0.21506317 -2.01244677  1.33113717 -0.4224233 ]]
[[ 3.08716439  5.27804368 -0.18282758 -2.0236378   1.34208679 -0.4255486 ]]
[[ 3.09016292  5.29185469 -0.15258923 -2.0337727   1.35031869 -0.42905288]]
[[ 3.09649055  5.30523099 -0.10710214 -2.05013193  1.36336308 -0.43120624]]
[[ 3.10368278  5.33291225 -0.02784763 -2.07723674  1.3890486  -0.43898986]]
[[ 3.10540201  5.33938551 -0.01177783 -2.08181668  1.39452031 -0.44112168]]
[[ 3.10655193  5.34187372 -0.01868964 -2.07801738  1.39112809 -0.44120574]]
[[ 3.11109899e+00  5.34954029e+00  2.14190850e-03 -2.08401167e+00
   1.39641429e+00 -4.42267953e-01]]
[[ 3.11034542e+00  5.34865879e+00 -1.81626631e-03 -2.08103498e+00
   1.39608865e+00 -4.42948385e-01]]
[[ 3.11174692  5.35376653  0.00616646 -2.08259708  1.3988064  -0.44467593]]
[[ 3.11088880e+00  5.35444793e+00  3.95981575e-03 -2.08090378e+00
   1.39664123e+00 -4.44954782e-01]]
[[ 3.11061414  5.35808228  0.00981128 -2.08262319  1.39866711 -0.44664848]]
[[ 3.10988455  5.36046198  0.01257323 -2.08333619  1.39867888 -0.44766797]]
[[ 3.10338303  5.32950403 -0.09285697 -2.04560211  1.36463989 -0.43832178]]
[[ 3.11188992  5.3693541   0.03033387 -2.0877686   1.40540605 -0.4511706 ]]
[[ 3.11179879  5.37340396  0.04987978 -2.09636532  1.41345288 -0.45248286]]
[[ 3.10242616  5.32649732 -0.10117547 -2.04411686  1.3597977  -0.4365201 ]]
[[ 3.10870474  5.33462271 -0.06320827 -2.05811519  1.3698989  -0.43628257]]
[[ 3.09891433  5.30571563 -0.15851279 -2.02386398  1.34271194 -0.42978285]]
[[ 3.10496478  5.33346191 -0.06561581 -2.05754237  1.37352316 -0.43821742]]
[[ 3.1045753   5.31559752 -0.11982895 -2.03940327  1.35178778 -0.42980019]]
[[ 3.09941849  5.2941438  -0.18739157 -2.01601623  1.32869227 -0.42293548]]
[[ 3.09707649  5.29731992 -0.17545359 -2.01975918  1.33621275 -0.42633497]]
[[ 3.09382834  5.28536015 -0.21345475 -2.00628889  1.32396997 -0.422432  ]]
[[ 3.09525304  5.27736794 -0.23507134 -1.99969247  1.31442495 -0.41743374]]
[[ 3.09407353  5.27339566 -0.25460823 -1.99335448  1.30803307 -0.41583059]]
[[ 3.09138179  5.26015316 -0.28365919 -1.98344354  1.30001979 -0.41249448]]
[[ 3.09375129  5.26410477 -0.26865281 -1.98874834  1.30404341 -0.41306272]]
[[ 3.10823373  5.30457817 -0.13300008 -2.03705422  1.34584155 -0.42282329]]
[[ 3.10302783  5.27994834 -0.21924832 -2.00712013  1.31765411 -0.41435729]]
[[ 3.08013135  5.20342421 -0.46750997 -1.92053633  1.2382723  -0.39347408]]
[[ 3.17918871  5.44535823  0.39342673 -2.23874073  1.50001407 -0.43439174]]
[[ 3.16824641  5.34201413  0.08492766 -2.14432567  1.37799217 -0.39318431]]
[[ 3.13138038  5.24893733 -0.21949334 -2.03809396  1.27996418 -0.37834062]]
[[ 2.92321435  4.84025678 -1.74365676 -1.44502671  0.84349373 -0.3406329 ]]
[[ 2.60896427  4.49276431 -3.56187007 -0.57873895  0.39093464 -0.40368288]]
[[ 2.52988527  4.55640331 -3.78410403 -0.34039114  0.38449214 -0.48741298]]
[[ 2.23553204  4.37363054 -5.32237008  0.51689325  0.03456939 -0.60818333]]
[[ 2.81261176  5.4028996  -1.68309412 -0.83721344  1.00639689 -0.66721441]]
[[ 3.45577208  6.38292188  2.26857772 -2.46708714  2.03819761 -0.6642193 ]]
[[ 3.99015865  6.81210313  4.69021295 -3.66167567  2.51714791 -0.49245871]]
[[ 4.36975189  6.80172515  5.54850166 -4.2706166   2.48456926 -0.22880702]]
[[ 4.49893434  6.466599    5.10444042 -4.34615071  2.16087276  0.00898677]]
[[ 4.66369772  6.5212967   5.70948538 -4.71460796  2.23866482  0.09154216]]
[[ 4.77456504  6.53015296  6.0533277  -4.93806516  2.270261    0.15869049]]
[[ 4.79006427  6.35338868  5.6981074  -4.89055942  2.10452947  0.24814432]]
[[ 4.81747129  6.28270348  5.61621237 -4.91276575  2.03783898  0.29523984]]
[[ 4.82887156  6.27029137  5.67731447 -4.96877094  2.04303267  0.30597646]]
[[ 4.8093422   6.19458482  5.49764325 -4.92315173  1.97861171  0.32521056]]
[[ 4.79994669  6.08506927  5.21291083 -4.84313168  1.86639007  0.36832783]]
[[ 4.81426786  6.02519611  5.06591911 -4.80371267  1.79097169  0.40434821]]
[[ 4.84791311  6.07662951  5.26282305 -4.8836099   1.83831509  0.40280984]]
[[ 4.95484737  6.36921744  6.21226931 -5.22418312  2.13205667  0.33804201]]
[[ 5.06274757  6.69841611  7.29694917 -5.61228481  2.48149519  0.25969454]]
[[ 5.18733318  6.95015799  8.25255716 -5.98159222  2.75800271  0.2303623 ]]
[[ 5.20682097  6.90377783  8.30137361 -6.05857251  2.76099454  0.268007  ]]
[[ 5.15739947  6.67308027  7.70945387 -5.90119764  2.56516592  0.34429395]]
[[ 5.05710921  6.35630834  6.78697464 -5.61801612  2.2831035   0.42320823]]
[[ 4.9831636   6.15754112  6.21144529 -5.44025997  2.11294615  0.46305915]]
[[ 4.95885366  6.12356375  6.09821088 -5.40103243  2.08793844  0.45875096]]
[[ 4.93374524  6.08808314  5.92137652 -5.31751754  2.03889102  0.45602548]]
[[ 4.95220746  6.14380175  6.04271644 -5.34096832  2.07037284  0.44169996]]
[[ 4.97441283  6.23234417  6.27633908 -5.40614296  2.14669461  0.41419494]]
[[ 5.01094195  6.33821783  6.56383237 -5.48759261  2.23266284  0.38835273]]
[[ 5.05299457  6.47418322  6.94482755 -5.60376056  2.35241028  0.3535064 ]]
[[ 5.07826835  6.53203684  7.10015506 -5.64643503  2.39578277  0.34332202]]
[[ 5.09145331  6.55844712  7.1658626  -5.66081221  2.41304533  0.33954552]]
[[ 5.06188071  6.48289187  6.90714775 -5.56209201  2.33629461  0.35384538]]
[[ 5.05924179  6.47667693  6.87581923 -5.54939068  2.32503314  0.35604964]]
[[ 5.09948109  6.57041931  7.18627553 -5.66392966  2.41819257  0.3404604 ]]
[[ 5.18567686  6.73995776  7.71019939 -5.83633569  2.56024751  0.31881979]]
[[ 3.91653282  5.99922836  5.51666483 -5.23559713  2.86328138 -0.17082039]]
[[ 2.67415773  5.16277161  2.78079753 -4.30092363  2.90307344 -0.60568502]]
[[ 1.76459249  4.4748305  -0.39141198 -2.86487247  2.44977436 -0.89468415]]
[[ 1.2210948   3.88572524 -3.30238639 -1.47485525  1.74881201 -1.00298994]]
[[ 0.85727486  3.34495305 -5.5257495  -0.5469731   1.1491867  -1.00612867]]
[[ 6.17231372e-01  2.95172399e+00 -6.90950737e+00 -2.71820244e-03
   8.11097345e-01 -9.84448155e-01]]
[[ 0.55177097  2.71412178 -7.504512    0.21687714  0.64493514 -0.93096471]]
[[ 0.46648405  2.69182691 -7.80957596  0.43998575  0.58856742 -0.97583908]]
[[ 0.40146218  2.54253668 -7.65321288  0.26752831  0.71933909 -0.95073968]]
[[ 0.51631635  2.29435587 -7.23729188 -0.17341514  0.75697868 -0.76905769]]
[[ 0.64668939  2.30990645 -6.85770543 -0.37302802  0.78455488 -0.72408417]]
[[ 0.26004802  2.20759936 -6.60830593 -0.53649895  1.25705339 -0.88084114]]
[[ 0.37265975  1.96527146 -6.60593921 -0.70039502  1.11996342 -0.71671249]]
[[ 0.15205     1.81991353 -6.65143224 -0.76630863  1.30905252 -0.7725607 ]]
[[ 0.09566765  1.60087704 -6.71540181 -0.90076754  1.31174852 -0.70385198]]
[[-0.00962801  1.32805379 -7.09484439 -0.91421114  1.24360586 -0.65614842]]
[[ 0.04984485  1.19374175 -7.64473314 -0.66565925  0.97879946 -0.55936052]]
[[ 0.1088484   1.17560451 -8.16680804 -0.35116516  0.72874404 -0.50772169]]
[[ 0.18713364  1.05335281 -8.51563658 -0.22303101  0.52066968 -0.39315604]]
[[-0.0212089   1.03523165 -8.77413079 -0.14266684  0.59918693 -0.52339852]]
[[ 0.02537949  0.98675728 -9.07606375  0.03955281  0.4279017  -0.46302668]]
[[-6.20221141e-03  9.83077769e-01 -9.21666265e+00  1.25795525e-01
   4.13913152e-01 -4.81300362e-01]]
[[-0.30103697  0.94610601 -9.22476431  0.07486618  0.68155038 -0.64566675]]
[[-0.69595744  0.99987199 -7.78243878 -0.77895528  1.56542402 -0.89631185]]
[[-0.9226155   1.12703218 -5.47119121 -2.08604569  2.61485109 -1.08182279]]
[[-1.40511848  1.69205578 -4.41527429 -2.30852304  3.45924392 -1.61723622]]
[[-1.62522348  1.72137325 -3.70991538 -2.75077422  3.89660358 -1.74101986]]
[[-1.28023739  1.88304482 -3.24364441 -2.94060959  3.7660194  -1.62940089]]
[[-1.09784436  1.7483817  -2.67428868 -3.47814442  3.84327455 -1.45350867]]
[[-0.83103397  1.47308733 -2.74756517 -3.65374032  3.55422267 -1.17152196]]
[[-0.52304748  1.07772424 -3.8834687  -3.24840317  2.81494475 -0.83065814]]
[[-0.31439601  0.80204378 -5.48786288 -2.43444729  2.0223999  -0.58190886]]
[[-0.19626882  0.65122299 -6.8000492  -1.63611436  1.40666854 -0.43915028]]
[[-0.14868838  0.65525681 -7.55223103 -1.13734554  1.08566994 -0.41584453]]
[[-0.10108777  0.60914688 -8.19062188 -0.75723092  0.81373726 -0.36259895]]
[[-1.74189807e-04  5.77843261e-01 -8.68857387e+00 -4.49741517e-01
   5.50349120e-01 -2.83659462e-01]]
[[ 0.07585389  0.57935356 -8.98832907 -0.24336649  0.3780213  -0.23448098]]
[[ 0.16891171  0.59595635 -9.17502279 -0.09771715  0.2401115  -0.18358718]]
[[ 0.16778233  0.62510514 -9.34515373  0.04903215  0.18056364 -0.19263579]]
[[ 0.19790143  0.59973938 -9.47470481  0.10857139  0.10379227 -0.16197626]]
[[ 0.24830435  0.58325052 -9.57019734  0.15351005  0.033152   -0.12487378]]
[[ 0.22537994  0.58226137 -9.63303359  0.18868699  0.02620185 -0.13682037]]
[[ 0.18482191  0.57853536 -9.66981532  0.20787336  0.0345293  -0.15830153]]
[[ 0.18912856  0.57975617 -9.69346465  0.22087423  0.02002243 -0.15577879]]
[[ 2.14067446e-01  5.75987512e-01 -9.71055618e+00  2.29847330e-01
  -5.33349269e-03 -1.39705345e-01]]
[[ 2.07747098e-01  5.77078695e-01 -9.72003703e+00  2.35535033e-01
  -5.10451296e-03 -1.43782438e-01]]
[[ 0.16902171  0.56948569 -9.72322966  0.23199547  0.02052641 -0.16275361]]
[[ 1.91392508e-01  5.63413310e-01 -9.73237934e+00  2.32987298e-01
   3.51834130e-04 -1.46829314e-01]]
[[ 0.20859415  0.56734423 -9.73727719  0.23916115 -0.01270672 -0.13884337]]
[[ 2.01233378e-01  5.64755194e-01 -9.73800549e+00  2.37530532e-01
  -7.41318179e-03 -1.41975078e-01]]
[[ 1.93128486e-01  5.59085006e-01 -9.73856748e+00  2.33634790e-01
  -5.07013059e-04 -1.44225042e-01]]
[[ 1.92012316e-01  5.59444406e-01 -9.73655464e+00  2.33265227e-01
  -5.65606221e-04 -1.44814486e-01]]
[[ 2.02626890e-01  5.65326024e-01 -9.73930894e+00  2.40196676e-01
  -8.66251647e-03 -1.41593588e-01]]
[[ 1.97253667e-01  5.57134180e-01 -9.74059892e+00  2.36330588e-01
  -4.29679020e-03 -1.41252812e-01]]
[[ 1.98868442e-01  5.52090158e-01 -9.73980970e+00  2.31124109e-01
  -5.53119003e-03 -1.37832209e-01]]
[[ 1.99362511e-01  5.53865777e-01 -9.73897419e+00  2.32200279e-01
  -5.94322683e-03 -1.38308266e-01]]
[[ 2.04345375e-01  5.58186643e-01 -9.73989848e+00  2.35655299e-01
  -9.51022070e-03 -1.37401654e-01]]
[[ 0.20675317  0.55534536 -9.73790203  0.23280093 -0.01010006 -0.13473823]]
[[ 0.21918327  0.54578327 -9.73849543  0.22895287 -0.01875578 -0.1233834 ]]
[[ 0.21714441  0.55702353 -9.73682262  0.23588936 -0.01652824 -0.12980056]]
[[ 0.21658704  0.55548155 -9.7385339   0.23462044 -0.01579805 -0.1294679 ]]
[[ 1.94545197e-01  5.70544803e-01 -9.72699382e+00  2.36722005e-01
   2.71533907e-03 -1.48736359e-01]]
[[ 1.92513506e-01  5.59155641e-01 -9.73187629e+00  2.31453948e-01
   1.49128782e-03 -1.44567268e-01]]
[[ 1.87149920e-01  5.78610919e-01 -9.72453310e+00  2.41064344e-01
   8.42483738e-03 -1.56686199e-01]]
[[ 1.93123750e-01  5.81612500e-01 -9.71804465e+00  2.39263831e-01
   7.99495475e-03 -1.54731165e-01]]
[[ 1.92785123e-01  5.77520775e-01 -9.71696561e+00  2.36734607e-01
   9.32920280e-03 -1.53262296e-01]]
[[ 0.18397044  0.5756573  -9.71528968  0.23439456  0.01743848 -0.15761829]]
[[ 0.19009469  0.57037    -9.72064773  0.23310482  0.01043973 -0.15148209]]
[[ 1.92929274e-01  5.72563295e-01 -9.72133153e+00  2.35562844e-01
   6.13415497e-03 -1.50592260e-01]]
[[ 2.00608098e-01  5.71648338e-01 -9.72266327e+00  2.36753799e-01
   2.00411095e-03 -1.46047711e-01]]
[[ 2.08673961e-01  5.74401784e-01 -9.71789158e+00  2.34648107e-01
  -4.14979550e-03 -1.42159977e-01]]
[[ 2.23272387e-01  5.81179995e-01 -9.70338647e+00  2.26251444e-01
  -9.65234317e-03 -1.35841181e-01]]
[[ 0.25648478  0.57547994 -9.72716304  0.24247842 -0.03966077 -0.11521599]]
[[ 0.26006018  0.54778539 -9.73001308  0.22196671 -0.04455833 -0.09997952]]
[[ 0.25442575  0.53272686 -9.74235503  0.21961661 -0.04739732 -0.09619677]]
[[ 0.18581252  0.61983933 -9.70534517  0.257971    0.01057792 -0.17535967]]
[[ 0.14875521  0.56519127 -9.71507297  0.22360881  0.03399139 -0.17167384]]
[[ 0.12730124  0.56851035 -9.72421108  0.23605666  0.04827952 -0.1865657 ]]
[[ 0.17724724  0.54368659 -9.67232181  0.17793531  0.03588419 -0.14602755]]
[[ 0.1982014   0.45280581 -9.40610156 -0.05208486  0.11911845 -0.09599864]]
[[ 0.43150488  0.70358048 -8.6864015  -0.15244346  0.22318098 -0.07842602]]
[[-0.0174422   0.39847444 -8.19456508 -0.7759653   0.78332753 -0.18404195]]
[[ 0.1048742   0.6827364  -7.70708497 -0.73933823  0.87474327 -0.22927856]]
[[ 0.18185686  0.88006334 -7.64152294 -0.57493322  0.84748478 -0.26962635]]
[[ 0.18699372  0.95123107 -7.82781245 -0.40136308  0.78089139 -0.29426473]]
[[ 0.12457956  0.95991322 -8.0017479  -0.29962126  0.76650875 -0.3312168 ]]
[[ 0.13532979  0.90236395 -8.38143055 -0.15769803  0.60319943 -0.30367031]]
[[ 0.15060941  0.80876293 -8.79479927 -0.03285607  0.4196207  -0.26096168]]
[[ 0.16451213  0.72713513 -9.09886819  0.05012875  0.28295135 -0.22209981]]
[[ 0.16942052  0.67833156 -9.29282936  0.1048535   0.19745066 -0.20104021]]
[[ 0.18153326  0.64718462 -9.42937817  0.14633353  0.13293902 -0.18291502]]
[[ 0.18760018  0.62451633 -9.52081835  0.17202115  0.09161597 -0.17120667]]
[[ 0.18743117  0.60584302 -9.58033702  0.18747898  0.0669022  -0.16437649]]
[[ 0.18765109  0.59715007 -9.62132829  0.19982434  0.04898301 -0.16097669]]
[[ 0.19149125  0.58908585 -9.64935993  0.20812506  0.03481458 -0.1558608 ]]
[[ 0.19011453  0.5849404  -9.66856155  0.21366587  0.02734389 -0.15507596]]
[[ 0.19053028  0.57958013 -9.68075225  0.21614348  0.02225202 -0.15284827]]
[[ 0.19117234  0.57948882 -9.68710403  0.2180613   0.01820571 -0.15241334]]
[[ 0.18769494  0.57778282 -9.69279859  0.21955631  0.01698155 -0.15359859]]
[[ 0.18781565  0.57554228 -9.6966096   0.22022143  0.01599527 -0.15271723]]
[[ 0.18886231  0.57668719 -9.6976531   0.22062388  0.01495407 -0.15263152]]
[[ 0.1894021   0.57483591 -9.70125561  0.22183821  0.0131459  -0.15161536]]
[[ 0.18895017  0.57417335 -9.70109256  0.22147376  0.01335959 -0.15165291]]
[[ 0.18926402  0.57309595 -9.70131954  0.22106903  0.01377898 -0.15107843]]
[[ 0.19134929  0.57201847 -9.70092762  0.2209692   0.01311599 -0.14950814]]
[[ 0.18884639  0.57296753 -9.70106834  0.22111132  0.01359456 -0.15119588]]
[[ 0.1898904   0.56994066 -9.7010512   0.22034804  0.01357143 -0.14941838]]
[[ 0.19031643  0.57036284 -9.70100155  0.22114045  0.01234788 -0.14923836]]
[[ 0.18807333  0.57068124 -9.70010817  0.22018791  0.01400382 -0.15053539]]
[[ 0.18815583  0.56959145 -9.69961768  0.21904894  0.01478176 -0.15002787]]
[[ 0.19298715  0.57113148 -9.7005126   0.22081661  0.01168181 -0.14806421]]
[[ 0.19259303  0.56981873 -9.69999156  0.22041036  0.01283951 -0.14788992]]
[[ 0.19193243  0.56881452 -9.69803455  0.21823817  0.01535896 -0.14797805]]
[[ 0.1925428   0.56945967 -9.69643427  0.21826563  0.01537354 -0.14793474]]
[[ 0.19221975  0.56986207 -9.69618224  0.21837023  0.01483324 -0.14826746]]
[[ 0.19079372  0.56927695 -9.69663444  0.21810176  0.01599621 -0.14890059]]
[[ 0.1890413   0.5692414  -9.6946906   0.21708899  0.0164822  -0.14969967]]
[[ 0.19130206  0.5708537  -9.69451546  0.21753498  0.01575017 -0.14909476]]
[[ 0.19118014  0.57028254 -9.69497679  0.21755397  0.01611772 -0.14901281]]
[[ 0.18959176  0.56952222 -9.69329005  0.21625571  0.01748443 -0.14948101]]
[[ 0.1912417   0.57107298 -9.6911841   0.21588451  0.0171149  -0.14917993]]
[[ 0.19064418  0.57179143 -9.69068567  0.21547114  0.0177001  -0.14976652]]
[[ 0.1893426   0.57003399 -9.69075475  0.21491319  0.01877606 -0.14981118]]
[[ 0.19013911  0.57111908 -9.69000659  0.21541738  0.01797865 -0.14969378]]
[[ 0.18914766  0.57120254 -9.69044899  0.21517353  0.01863631 -0.15035164]]
[[ 0.18970284  0.57127818 -9.68901105  0.21423977  0.01934778 -0.15007698]]
[[ 0.19204     0.57190647 -9.6857822   0.21320894  0.01932769 -0.14902901]]
[[ 0.19423176  0.57216947 -9.68337961  0.21193993  0.02044722 -0.14805378]]
[[ 0.19312954  0.57488994 -9.68005983  0.21033407  0.02279578 -0.14986024]]
[[ 0.19535207  0.57483519 -9.67789658  0.20944856  0.02262958 -0.14860411]]
[[ 0.19465021  0.57538667 -9.67538853  0.20823001  0.02342163 -0.14913398]]
[[ 0.1938661   0.57459329 -9.67323437  0.20677655  0.02501701 -0.14930114]]
[[ 0.19577435  0.57547171 -9.67196082  0.20653542  0.02464914 -0.14859937]]
[[ 0.19767069  0.57503708 -9.67026183  0.20574822  0.02511421 -0.14757513]]
[[ 0.19515808  0.57478634 -9.67014095  0.20563808  0.02586379 -0.14877166]]
[[ 0.19706256  0.57381719 -9.66890931  0.2046863   0.02593813 -0.14732053]]
[[ 0.19729406  0.57536348 -9.66422961  0.20263607  0.02734693 -0.14778885]]
[[ 0.19533841  0.57509959 -9.66323885  0.20210426  0.02845535 -0.1486713 ]]
[[ 0.19510397  0.57429244 -9.66307438  0.20200361  0.02858261 -0.14845704]]
[[ 0.19516208  0.57539809 -9.65987334  0.20073225  0.02927589 -0.14883867]]
[[ 0.19283507  0.57392062 -9.65923404  0.19977623  0.03045779 -0.14946301]]
[[ 0.19261065  0.5708538  -9.65740666  0.19892992  0.0311256  -0.14833528]]
[[ 0.19174558  0.57289393 -9.65687047  0.19887111  0.03115151 -0.14958719]]
[[ 0.19177149  0.57412968 -9.65625496  0.19859775  0.03198632 -0.15011242]]
[[ 0.19249053  0.57424044 -9.65738319  0.19917253  0.03099589 -0.14980409]]
[[ 0.19292762  0.57473468 -9.65474359  0.19782046  0.03160012 -0.14969497]]
[[ 0.19171527  0.57338166 -9.65524935  0.19768825  0.03132309 -0.14967991]]
[[ 0.19228402  0.57265695 -9.65660029  0.19827015  0.03136234 -0.14921021]]
[[ 0.19499354  0.57285218 -9.65542961  0.1981066   0.03058609 -0.14790134]]
[[ 0.19502015  0.57235272 -9.65385593  0.19729317  0.03197859 -0.14780199]]
[[ 0.184425    0.5681187  -9.65535205  0.19636234  0.03732036 -0.15191561]]
[[ 0.18134278  0.57162624 -9.65009371  0.19518026  0.04145817 -0.1552393 ]]
[[ 0.19245725  0.57502676 -9.64797233  0.19589498  0.03398542 -0.15022225]]
[[ 0.19317789  0.57547891 -9.6448318   0.19459795  0.03649116 -0.1502536 ]]
[[ 0.18605953  0.57561813 -9.64452536  0.1943497   0.04264633 -0.15464699]]
[[ 0.19135589  0.57403357 -9.63728269  0.18971691  0.04203457 -0.15083416]]
[[ 0.19458428  0.57784097 -9.6360603   0.19145459  0.04049216 -0.15069714]]
[[ 0.1855503   0.57876587 -9.63790086  0.19342405  0.04789326 -0.15672659]]
[[ 0.1922111   0.57871137 -9.63491864  0.19091879  0.04398091 -0.15281901]]
[[ 0.19433359  0.58516934 -9.63338668  0.19473415  0.04582285 -0.15494474]]
[[ 0.18925891  0.57366903 -9.63268303  0.18653989  0.05025176 -0.15267988]]
[[ 0.19526767  0.57615472 -9.62712853  0.18440311  0.04731518 -0.15011446]]
[[ 0.20891985  0.58288655 -9.62512514  0.18821039  0.03915002 -0.14537534]]
[[ 0.20663569  0.57814696 -9.62355464  0.18444624  0.0420577  -0.14460921]]
[[ 0.20263324  0.57406649 -9.62235243  0.17945934  0.04561068 -0.1448735 ]]
[[ 0.20522526  0.57632636 -9.62136306  0.18171073  0.04463221 -0.14452795]]
[[ 0.21199619  0.58239599 -9.61748694  0.18279076  0.04049053 -0.14319699]]
[[ 0.21270965  0.57828225 -9.61447667  0.1782939   0.04135247 -0.14096647]]
[[ 0.20705756  0.57578062 -9.6096425   0.17424964  0.04809693 -0.14319444]]
[[ 0.21323832  0.57607152 -9.6067654   0.17427621  0.04662933 -0.14019174]]
[[ 0.21785991  0.57948788 -9.60559612  0.17548794  0.04489727 -0.1391687 ]]
[[ 0.21556901  0.5779916  -9.60560215  0.17424342  0.04801832 -0.14001699]]
[[ 0.21552099  0.57949279 -9.60279796  0.17281365  0.04880085 -0.14048828]]
[[ 0.21811826  0.58068996 -9.5990794   0.17151887  0.04860083 -0.13948654]]
[[ 0.21598763  0.58102204 -9.5973105   0.17090393  0.05089691 -0.14096586]]
[[ 0.21491886  0.58145368 -9.59683799  0.17073682  0.05229907 -0.1417457 ]]
[[ 0.21603756  0.58275538 -9.59597461  0.17099099  0.05132008 -0.14164648]]
[[ 0.21667596  0.58171319 -9.59395284  0.16969785  0.05204216 -0.14081764]]
[[ 0.21532696  0.57818296 -9.58954431  0.16615741  0.055535   -0.14021766]]
[[ 0.21360438  0.58176559 -9.5859984   0.16591785  0.05743975 -0.14268069]]
[[ 0.21447933  0.58142826 -9.58463786  0.16561782  0.05785622 -0.1422208 ]]
[[ 0.21136583  0.58151576 -9.58187058  0.16378181  0.06013843 -0.1438145 ]]
[[ 0.21175405  0.58102867 -9.58031174  0.16307749  0.06001051 -0.14338976]]
[[ 0.21296568  0.5801975  -9.58095929  0.16298401  0.05949003 -0.14234242]]
[[ 0.21278452  0.58294994 -9.57880749  0.16257692  0.06095687 -0.14368179]]
[[ 0.21345709  0.5825094  -9.57697932  0.16134177  0.06195806 -0.14321053]]
[[ 0.21473978  0.58393176 -9.57521901  0.1608841   0.06208263 -0.14311561]]
[[ 0.2158254   0.58233242 -9.57450175  0.15964409  0.06109733 -0.14174236]]
[[ 0.21974321  0.58134053 -9.57277615  0.15888019  0.0610435  -0.13942814]]
[[ 0.21957651  0.57913362 -9.56866878  0.15678996  0.06304057 -0.13862373]]
[[ 0.21981942  0.58295712 -9.56447746  0.15526636  0.06451727 -0.14004151]]
[[ 0.22172555  0.58170156 -9.56296151  0.15355503  0.06446387 -0.13843889]]
[[ 0.22282116  0.58397851 -9.56036413  0.15280847  0.0654266  -0.13881585]]
[[ 0.2249988   0.58387042 -9.5595788   0.15286456  0.06491939 -0.13763216]]
[[ 0.22508408  0.58459441 -9.55818174  0.15221597  0.06493577 -0.13780762]]
[[ 0.22198244  0.58570376 -9.55590108  0.15181282  0.06819523 -0.14014279]]
[[ 0.22259293  0.58433501 -9.55325905  0.14904549  0.07029472 -0.13929617]]
[[ 0.22182516  0.58475011 -9.55160004  0.14898059  0.07119964 -0.13989802]]
[[ 0.22446262  0.58580892 -9.55282293  0.14939635  0.06916639 -0.13887339]]
[[ 0.22074927  0.58538671 -9.55303257  0.14918288  0.07087872 -0.14062586]]
[[ 0.21963677  0.58629657 -9.55170133  0.14868884  0.07118613 -0.14158154]]
[[ 0.22225525  0.58744341 -9.55129172  0.14910179  0.07010284 -0.14062711]]
[[ 0.22056865  0.58856755 -9.54850389  0.1477819   0.07251209 -0.14204498]]
[[ 0.22126047  0.58590572 -9.54815785  0.14610048  0.07259465 -0.14053856]]
[[ 0.22523195  0.5869094  -9.54778156  0.14660186  0.07062876 -0.13879757]]
[[ 0.22238752  0.58781396 -9.54494517  0.14582179  0.07352334 -0.14088638]]
[[ 0.22003042  0.59080421 -9.54083881  0.14612374  0.07690469 -0.14373998]]
[[ 0.22943006  0.58978361 -9.53995654  0.14518942  0.07125353 -0.13793167]]
[[ 0.23413813  0.58688528 -9.54201377  0.1448905   0.06694706 -0.13388713]]
[[ 0.23742651  0.5792298  -9.54213183  0.13940237  0.06497067 -0.12847861]]
[[ 0.24421923  0.57969071 -9.54181134  0.14017224  0.06178123 -0.12501807]]
[[ 0.25309743  0.58239318 -9.53999652  0.14239946  0.0556871  -0.12120362]]
[[ 0.24802747  0.5776599  -9.5382661   0.13786326  0.06015676 -0.12196122]]
[[ 0.23203364  0.57735934 -9.53858037  0.13850457  0.07038527 -0.13107279]]
[[ 0.23069238  0.58074111 -9.53663283  0.13986457  0.0716748  -0.1333566 ]]
[[ 0.23163191  0.58385721 -9.53747948  0.14155723  0.06958345 -0.13404405]]
[[ 0.22810455  0.58297634 -9.53906527  0.14251896  0.0707456  -0.1356559 ]]
[[ 0.22408215  0.57977693 -9.53634734  0.13990683  0.07331545 -0.13644905]]
[[ 0.22424679  0.57992669 -9.53527837  0.13924405  0.07311404 -0.13630392]]
[[ 0.22472538  0.5803224  -9.53339065  0.13881049  0.07339387 -0.13627117]]
[[ 0.22484647  0.57997891 -9.52998566  0.13684179  0.07536462 -0.13608801]]
[[ 0.22439118  0.5793467  -9.52820776  0.1360203   0.07600533 -0.1360255 ]]
[[ 0.22611692  0.58169912 -9.52766965  0.13658992  0.07538632 -0.13608181]]
[[ 0.22405738  0.58283212 -9.52561633  0.13561009  0.07741047 -0.13766539]]
[[ 0.21901561  0.58166072 -9.52362658  0.1337505   0.08071904 -0.13985768]]
[[ 0.2190359   0.58327139 -9.51929466  0.13250074  0.08257572 -0.14057935]]
[[ 0.22242981  0.58263344 -9.51901115  0.13295189  0.0808902  -0.13846545]]
[[ 0.22281684  0.58293978 -9.51694548  0.13125583  0.08257373 -0.13842057]]
[[ 0.22271662  0.58346534 -9.51545905  0.13015802  0.08333361 -0.13861295]]
[[ 0.2221294   0.58398824 -9.51483951  0.13081982  0.08286421 -0.13903711]]
[[ 0.22186897  0.58511201 -9.51457782  0.13064892  0.08325656 -0.13972466]]
[[ 0.21988544  0.58454623 -9.51435042  0.13012692  0.08429909 -0.14052022]]
[[ 0.22341018  0.5858437  -9.51201268  0.12904872  0.08376091 -0.13915782]]
[[ 0.22515436  0.5868782  -9.50958069  0.12785397  0.08400683 -0.13861587]]
[[ 0.2248364   0.58696252 -9.50892439  0.12716257  0.0856934  -0.13902041]]
[[ 0.22899295  0.58886428 -9.50737855  0.12751727  0.0849666  -0.13770262]]
[[ 0.23331531  0.58952694 -9.50464053  0.1264455   0.08473513 -0.13567131]]
[[ 0.22950703  0.58702104 -9.50460885  0.12531561  0.08695809 -0.13670376]]
[[ 0.23165968  0.58395327 -9.50289111  0.1241583   0.08715087 -0.13442314]]
[[ 0.2347691   0.58322035 -9.50182551  0.1236724   0.08534171 -0.13229797]]
[[ 0.23399247  0.58292654 -9.50057115  0.12301744  0.08571849 -0.13261383]]
[[ 0.23194539  0.58301564 -9.499308    0.12242384  0.08737948 -0.13384529]]
[[ 0.23044505  0.58044831 -9.50240276  0.12335727  0.08671729 -0.13358855]]
[[ 0.23210943  0.5824255  -9.50168403  0.12326403  0.08622383 -0.1334661 ]]
[[ 0.23248989  0.58240977 -9.50099451  0.12331018  0.08599018 -0.13326566]]
[[ 0.23188756  0.57939448 -9.50250052  0.12320686  0.08589133 -0.13231565]]
[[ 0.23295441  0.57982277 -9.50166602  0.12321145  0.08610831 -0.13194431]]
[[ 0.23419846  0.58003919 -9.50222354  0.12338823  0.0861708  -0.13149205]]
[[ 0.23400413  0.58086442 -9.50326919  0.12397418  0.08636473 -0.13202345]]
[[ 0.23400747  0.58149147 -9.5017338   0.12299508  0.08676221 -0.13227846]]
[[ 0.23547025  0.58283014 -9.50120413  0.12373063  0.08682365 -0.13215348]]
[[ 0.23474706  0.58098668 -9.49988034  0.12235991  0.08776698 -0.13177834]]
[[ 0.23721142  0.58085344 -9.4980425   0.1224869   0.08577208 -0.13016353]]
[[ 0.24254064  0.57728769 -9.49755847  0.11835263  0.08284785 -0.12533344]]
[[ 0.24847467  0.57756338 -9.49659179  0.11923938  0.08052987 -0.1224113 ]]
[[ 0.24496499  0.57758875 -9.48979935  0.11489501  0.08502632 -0.12426336]]
[[ 0.24720049  0.56806848 -9.49475871  0.11061083  0.08123953 -0.11851764]]
[[ 0.2769842   0.56605261 -9.50134795  0.11611299  0.05865189 -0.10085513]]
[[ 0.244222    0.59981213 -9.47050791  0.11794241  0.09123047 -0.13447266]]
[[ 0.22222349  0.59658295 -9.47408723  0.1193105   0.10757323 -0.14631728]]
[[ 0.21348751  0.58229875 -9.47758229  0.1115525   0.10954908 -0.14438333]]
[[ 0.18843812  0.6087602  -9.47774381  0.13178739  0.12892028 -0.17147172]]
[[ 0.20946984  0.58489736 -9.47505893  0.11166223  0.11472852 -0.14795423]]
[[ 0.23232841  0.60047203 -9.47419464  0.12340084  0.09549741 -0.14157896]]
[[ 0.2201144   0.60380102 -9.47411777  0.12578865  0.10441808 -0.15026896]]
[[ 0.20606171  0.60095032 -9.46872148  0.12019169  0.11559313 -0.1568694 ]]
[[ 0.20373632  0.60199919 -9.46718254  0.12040691  0.11860992 -0.15890956]]
[[ 0.20783013  0.60161644 -9.46936534  0.1226738   0.11270984 -0.15621663]]
[[ 0.20247794  0.60182656 -9.4722079   0.12496488  0.11506082 -0.15939373]]
[[ 0.2046224   0.6053094  -9.47220316  0.12533749  0.11546193 -0.15970525]]
[[ 0.20675775  0.6058696  -9.46940308  0.12318465  0.11516059 -0.15867987]]
[[ 0.21259642  0.60242603 -9.46940458  0.12237038  0.11047796 -0.15385003]]
[[ 0.210276    0.60328654 -9.47065648  0.12315508  0.11248192 -0.15564986]]
[[ 0.20968849  0.60842135 -9.46436885  0.12294458  0.11361468 -0.15813489]]
[[ 0.20730937  0.60900752 -9.4622501   0.12170616  0.11756728 -0.15989702]]
[[ 0.19735849  0.60571855 -9.4613301   0.11887038  0.12370255 -0.16402073]]
[[ 0.2027033   0.60468559 -9.46297023  0.11992967  0.11940928 -0.16054741]]
[[ 0.20844744  0.61225794 -9.4625698   0.12351898  0.11482338 -0.16043718]]
[[ 0.22385101  0.60890994 -9.46452491  0.12154172  0.10421346 -0.15003563]]
[[ 0.20561231  0.60565177 -9.46380881  0.11880559  0.11779459 -0.159171  ]]
[[ 0.2144961   0.60670362 -9.46229243  0.11846259  0.11138743 -0.1543718 ]]
[[ 0.21997358  0.61000645 -9.46354153  0.12094624  0.10674637 -0.152613  ]]
[[ 0.20552392  0.60824853 -9.46344555  0.11969154  0.11741586 -0.16011064]]
[[ 0.20906025  0.60909893 -9.46074992  0.11878215  0.11590763 -0.158368  ]]
[[ 0.21767588  0.61001325 -9.46016804  0.12068059  0.11004913 -0.15403966]]
[[ 0.22112203  0.60693846 -9.45976596  0.11678444  0.10626224 -0.1501832 ]]
[[ 0.21263759  0.60851089 -9.4575653   0.11771999  0.11425263 -0.1560155 ]]
[[ 0.20947809  0.61150492 -9.45449833  0.11734148  0.11820066 -0.15918287]]
[[ 0.21391232  0.60957935 -9.45482321  0.11661269  0.11387086 -0.15564968]]
[[ 0.21345058  0.611401   -9.45348945  0.11632655  0.11434842 -0.15662711]]
[[ 0.20597406  0.61357286 -9.45029163  0.11512049  0.12093745 -0.16181834]]
[[ 0.20526394  0.61299715 -9.45001712  0.11494095  0.1206021  -0.16196511]]
[[ 0.20758889  0.61354682 -9.44917413  0.11515862  0.118594   -0.16073886]]
[[ 0.20660707  0.61199804 -9.44929262  0.11490232  0.11890002 -0.1606728 ]]
[[ 0.2026999   0.61090075 -9.44909521  0.11354599  0.12187068 -0.16236595]]
[[ 0.19950138  0.61546176 -9.44724835  0.11502876  0.12397363 -0.16607192]]
[[ 0.19202331  0.61547464 -9.44630771  0.11359938  0.13089177 -0.17053989]]
[[ 0.19515103  0.61708588 -9.44474082  0.11438906  0.1300794  -0.16955968]]
[[ 0.20148003  0.61949584 -9.44444615  0.1159475   0.12715112 -0.16726335]]
[[ 0.19755667  0.61794039 -9.4443651   0.1143353   0.12991356 -0.16874   ]]
[[ 0.19437843  0.61959026 -9.43878792  0.11194704  0.13554545 -0.17145493]]
[[ 0.19554127  0.62018351 -9.43731233  0.11072762  0.13593049 -0.1709207 ]]
[[ 0.20386102  0.62341562 -9.43952299  0.11348795  0.1281785  -0.16733717]]
[[ 0.2017949   0.61896448 -9.43857917  0.11025997  0.13046497 -0.16657663]]
[[ 0.19475292  0.61773227 -9.43889542  0.11016934  0.13609401 -0.17023169]]
[[ 0.21050289  0.61974115 -9.44104051  0.11353521  0.12337542 -0.16211714]]
[[ 0.20751625  0.61857442 -9.44156674  0.11158707  0.12550327 -0.1631362 ]]
[[ 0.19966253  0.61453477 -9.44409339  0.11076353  0.12915752 -0.16587088]]
[[ 0.20912508  0.62124411 -9.44095233  0.11475194  0.12374704 -0.16364898]]
[[ 0.21062691  0.61929388 -9.44047767  0.1123193   0.12404539 -0.16188447]]
[[ 0.20225246  0.61475765 -9.43918975  0.10854502  0.13064157 -0.16460229]]
[[ 0.2067411   0.61815963 -9.43842201  0.11025234  0.12674708 -0.16345532]]
[[ 0.21260262  0.62209534 -9.43475396  0.11102823  0.12400057 -0.1618325 ]]
[[ 0.20538607  0.61859947 -9.43629193  0.10835904  0.12855718 -0.16438886]]
[[ 0.19939593  0.61894508 -9.43322777  0.10696397  0.13408461 -0.16793602]]
[[ 0.21305724  0.62320817 -9.43423031  0.10939508  0.12385544 -0.16182418]]
[[ 0.20662043  0.62280415 -9.43317788  0.10840986  0.12871137 -0.16533512]]
[[ 0.20561944  0.62166463 -9.43410793  0.10764241  0.12800153 -0.16510397]]
[[ 0.20942491  0.62167042 -9.43059097  0.1068062   0.1281789  -0.16327047]]
[[ 0.22006088  0.62356025 -9.42714934  0.10549926  0.12441132 -0.1581632 ]]
[[ 0.21381474  0.6204058  -9.42626236  0.10294911  0.12857606 -0.1602999 ]]
[[ 0.21909936  0.62409509 -9.42627481  0.10567524  0.12450877 -0.15879538]]
[[ 0.2208185   0.61862065 -9.42757274  0.10290443  0.12383818 -0.15550783]]
[[ 0.21431357  0.62267297 -9.42639678  0.1063625   0.12979527 -0.16144892]]
[[ 0.21867727  0.62074245 -9.42389654  0.10311136  0.1266448  -0.15770149]]
[[ 0.21090793  0.62110569 -9.42262887  0.10262651  0.13316927 -0.16251015]]
[[ 0.20872453  0.61899636 -9.42424748  0.10235932  0.13418725 -0.16278587]]
[[ 0.21402234  0.62275954 -9.42259012  0.10487295  0.13085156 -0.16142614]]
[[ 0.21776641  0.62166331 -9.42114772  0.10271361  0.12929622 -0.15877778]]
[[ 0.20379989  0.61879346 -9.42020962  0.10030288  0.13993874 -0.16565007]]
[[ 0.20501341  0.62156956 -9.41938373  0.10165312  0.14041447 -0.16639577]]
[[ 0.21854793  0.62402727 -9.41797121  0.10305688  0.13059585 -0.15961558]]
[[ 0.22542212  0.62511921 -9.41929378  0.10299518  0.12551639 -0.15605926]]
[[ 0.20560768  0.62557211 -9.41813559  0.10117731  0.14132516 -0.16774754]]
[[ 0.21129712  0.62649986 -9.41660287  0.10094225  0.13851262 -0.16493568]]
[[ 0.20773879  0.62768372 -9.41473854  0.10203302  0.14299702 -0.16784415]]
[[ 0.21954879  0.62506052 -9.41385311  0.1002988   0.13506593 -0.15994242]]
[[ 0.2143345   0.62385367 -9.41290255  0.0988949   0.13728118 -0.16218872]]
[[ 0.21207205  0.62975786 -9.4128195   0.10258288  0.13899385 -0.16616329]]
[[ 0.21180721  0.6248484  -9.41091697  0.09869841  0.14061714 -0.16417448]]
[[ 0.2145376   0.61995122 -9.41257854  0.09665397  0.13716917 -0.16022855]]
[[ 0.21420866  0.62270157 -9.41085598  0.09789918  0.13725659 -0.16157176]]
[[ 0.22149763  0.62609816 -9.40981276  0.10028664  0.13265777 -0.15894882]]
[[ 0.21805709  0.61974472 -9.40800424  0.09370996  0.13455296 -0.15774139]]
[[ 0.21016152  0.62299112 -9.40779105  0.09564513  0.14186022 -0.16395665]]
[[ 0.21119475  0.62549723 -9.40429707  0.09567911  0.14242436 -0.1644877 ]]
[[ 0.21487526  0.62288135 -9.40299155  0.09349323  0.14007993 -0.16125289]]
[[ 0.22009989  0.61849425 -9.4046266   0.09123644  0.13546961 -0.15619288]]
[[ 0.2047867   0.62232313 -9.40524516  0.09401915  0.14605791 -0.16679749]]
[[ 0.2132339   0.62412105 -9.40777453  0.09711391  0.13968822 -0.16286415]]
[[ 0.22377782  0.62042902 -9.40796902  0.09452859  0.13276546 -0.15514472]]
[[ 0.21785011  0.61638617 -9.40670623  0.09201801  0.13755404 -0.15680743]]
[[ 0.2034992   0.620043   -9.40431897  0.09299915  0.1485244  -0.16669467]]
[[ 0.21674616  0.61900732 -9.40576003  0.094161    0.13856635 -0.15860651]]
[[ 0.21976931  0.61923899 -9.40373133  0.09261052  0.13603237 -0.15669929]]
[[ 0.21703224  0.61602252 -9.4017895   0.08954402  0.13860287 -0.15683736]]
[[ 0.2185139   0.62015814 -9.40273391  0.09383832  0.13693497 -0.15805288]]
[[ 0.2048264   0.61930023 -9.40326856  0.09358929  0.14509016 -0.16543967]]
[[ 0.2094198   0.61698043 -9.40306343  0.09068504  0.14157668 -0.16150932]]
[[ 0.20820681  0.62157562 -9.40180076  0.09286837  0.14349433 -0.16437022]]
[[ 0.21104658  0.6188983  -9.401986    0.09176846  0.14130735 -0.16153634]]
[[ 0.21375114  0.61945795 -9.40160573  0.09294845  0.1390218  -0.16016041]]
[[ 0.2079349   0.62090222 -9.40232674  0.09287823  0.14323364 -0.1639811 ]]
[[ 0.20741105  0.61763488 -9.40107926  0.09044935  0.14329795 -0.16279903]]
[[ 0.19513531  0.61751602 -9.40175806  0.08909605  0.15328152 -0.16982657]]
[[ 0.2115171   0.62223233 -9.40144551  0.09278041  0.141499   -0.16262629]]
[[ 0.22883374  0.62519906 -9.40415575  0.09408709  0.12988157 -0.15391211]]
[[ 0.22331776  0.62283194 -9.40257897  0.09190555  0.13458506 -0.15608276]]
[[ 0.19224177  0.61799473 -9.40209062  0.08776156  0.15820669 -0.17209341]]
[[ 0.20038847  0.63289488 -9.39360579  0.09355811  0.15674473 -0.17420682]]
[[ 0.21626056  0.63402186 -9.39546799  0.09560813  0.14495918 -0.16569304]]
[[ 0.23895557  0.62928991 -9.40883613  0.10077497  0.1197119  -0.14997874]]
[[ 0.17045981  0.61542701 -9.40392365  0.08934941  0.17324906 -0.18373087]]
[[ 0.1940535   0.61282301 -9.4034277   0.08792222  0.15659597 -0.16886131]]
[[ 0.2541626   0.61507214 -9.41042987  0.09217392  0.10730817 -0.13449445]]
[[ 0.21663041  0.62388778 -9.40660729  0.09912011  0.13901728 -0.16115942]]
[[ 0.20714565  0.61631946 -9.40402961  0.09129055  0.14552026 -0.16288998]]
[[ 0.20953467  0.61160732 -9.40192319  0.08590455  0.14471824 -0.15927292]]
[[ 0.22274875  0.62144919 -9.40428104  0.09464653  0.13284742 -0.15596805]]
[[ 0.21363556  0.62240906 -9.4026692   0.09334463  0.14080319 -0.16160572]]
[[ 0.20795667  0.61614944 -9.40328503  0.08862996  0.14464713 -0.16195529]]
[[ 0.22493865  0.61885843 -9.40664165  0.09273241  0.13140734 -0.15340808]]
[[ 0.23201466  0.62550733 -9.40700229  0.09808373  0.12666333 -0.15257216]]
[[ 0.21464819  0.61791264 -9.40915917  0.09387787  0.13920792 -0.15935787]]
[[ 0.21391482  0.61372143 -9.40629046  0.08810987  0.14004187 -0.15746256]]
[[ 0.223646    0.61951705 -9.40827338  0.09514264  0.13130063 -0.15454435]]
[[ 0.22110906  0.62152718 -9.41030182  0.09766792  0.13146158 -0.15692481]]
[[ 0.21169438  0.61507426 -9.40992069  0.09247769  0.13827279 -0.15933228]]
[[ 0.21954098  0.61672925 -9.41058931  0.09425412  0.13240579 -0.15561188]]
[[ 0.22225428  0.61893829 -9.41169158  0.09652671  0.13062249 -0.15519048]]
[[ 0.21171474  0.61806908 -9.41228098  0.09653671  0.13662814 -0.1607878 ]]
[[ 0.21334871  0.6182204  -9.41167416  0.09540189  0.13650764 -0.15984604]]
[[ 0.21864266  0.61676918 -9.41308975  0.09573211  0.13269092 -0.15629298]]
[[ 0.24266781  0.62042541 -9.41472687  0.09907531  0.11373756 -0.14384635]]
[[ 0.2113786   0.60949426 -9.41303616  0.09016765  0.13660225 -0.15686676]]
[[ 0.19842872  0.63353009 -9.4007815   0.09950712  0.15282043 -0.17551828]]
[[ 0.18677032  0.63226326 -9.40731723  0.10114654  0.14965789 -0.18059192]]
[[ 0.18107831  0.60923836 -9.41645297  0.09340976  0.15535011 -0.17421541]]
[[ 0.22274575  0.60519799 -9.40507269  0.08092272  0.13106009 -0.14785109]]
[[ 0.21747469  0.61025397 -9.40828704  0.09002316  0.13449086 -0.15396825]]
[[ 0.19320395  0.59567294 -9.41091379  0.07962304  0.15057982 -0.16114656]]
[[-0.04151056  0.39795056 -9.59179168 -0.03720249  0.27877832 -0.20041139]]
[[-8.77603766e-03  3.59421742e-01 -9.56103990e+00 -7.99252217e-02
   2.53838551e-01 -1.65494519e-01]]
[[-0.13148948  0.36167316 -9.44713048 -0.14215376  0.40224533 -0.23362087]]
[[-0.14293811  0.3936439  -9.39583656 -0.12366793  0.41840323 -0.24888892]]
[[ 8.23562140e-02  3.30576340e-01 -9.72266733e+00 -1.28768226e-03
   1.06641489e-01 -1.00824417e-01]]
[[ 0.12965428  0.39818394 -9.7213437   0.06539454  0.07032822 -0.1087748 ]]
[[ 0.17224413  0.45668471 -9.62282018  0.06748643  0.07810663 -0.11035696]]
[[ 0.38185344  0.2388601  -9.51064729 -0.26451394 -0.08742314  0.10708024]]
[[ 0.34777811  0.32022711 -9.48138353 -0.1808046  -0.03306233  0.05252618]]
[[ 0.29523359  0.40861355 -9.45951908 -0.09768301  0.02823597 -0.01759836]]
[[ 0.28378388  0.4675599  -9.44060995 -0.04792207  0.05234413 -0.0500192 ]]
[[ 2.75281449e-01  5.13012748e-01 -9.43448230e+00 -5.25687036e-03
   6.71501815e-02 -7.52758571e-02]]
[[ 0.25400958  0.53877591 -9.42872328  0.01836395  0.08726516 -0.09871241]]
[[ 0.25051213  0.56089488 -9.41962131  0.03374433  0.0969664  -0.11049074]]
[[ 0.24917566  0.57823459 -9.41365214  0.0458688   0.10256512 -0.11896534]]
[[ 0.23517639  0.5820818  -9.41141161  0.04959031  0.1160388  -0.12900353]]
[[ 0.23259234  0.59117938 -9.41126456  0.05870179  0.11642968 -0.1343331 ]]
[[ 0.23590114  0.59746547 -9.40798671  0.06266255  0.11419435 -0.13484351]]
[[ 0.22620871  0.59813651 -9.40957089  0.06389797  0.12009953 -0.14053155]]
[[ 0.22225169  0.59974124 -9.4100226   0.06652162  0.12297656 -0.14361278]]
[[ 0.23161302  0.6028676  -9.40851878  0.06906517  0.11729189 -0.13965019]]
[[ 0.2340095   0.60182276 -9.40623834  0.06745263  0.11764447 -0.13782665]]
[[ 0.22239033  0.60386804 -9.40923761  0.07212416  0.12457142 -0.14572434]]
[[ 0.22198588  0.60339975 -9.40888828  0.07041913  0.1232905  -0.14526344]]
[[ 0.22946503  0.60722999 -9.40691171  0.07251844  0.11955202 -0.14287549]]
[[ 0.2220393   0.60501711 -9.40510872  0.06983639  0.12644849 -0.14624834]]
[[ 0.21667925  0.60512254 -9.40663744  0.07132885  0.12921106 -0.1493646 ]]
[[ 0.22594364  0.60861146 -9.40894851  0.0761918   0.12046844 -0.14557884]]
[[ 0.21955192  0.6098177  -9.40627813  0.07386448  0.1242552  -0.14935723]]
[[ 0.20863912  0.59212934 -9.41092768  0.07292034  0.12933075 -0.14791684]]
[[ 0.20687401  0.59504783 -9.40723882  0.06901315  0.13106564 -0.14980493]]
[[ 0.19342516  0.61070966 -9.40957051  0.07928501  0.13624201 -0.164419  ]]
[[ 0.19648118  0.61305438 -9.40664596  0.07672772  0.13282273 -0.16312813]]
[[ 0.18939156  0.60579807 -9.40824137  0.06714943  0.13558437 -0.16306293]]
[[ 0.20358091  0.62635323 -9.40231532  0.07906436  0.12756725 -0.16428191]]
[[ 0.20740501  0.61995681 -9.40449683  0.07519825  0.12329434 -0.15893623]]
[[ 0.19756255  0.6120118  -9.40663184  0.06908627  0.13005245 -0.16082766]]
[[ 0.20710164  0.61652352 -9.40929298  0.07473632  0.12258073 -0.1575715 ]]
[[ 0.22662644  0.62069713 -9.40696453  0.07575268  0.11047637 -0.14813725]]
[[ 0.2158591   0.61551563 -9.40950636  0.07096961  0.11714482 -0.15171872]]
[[ 0.17787796  0.61469556 -9.40997488  0.07187426  0.14322081 -0.17335964]]
[[ 0.19724289  0.62171894 -9.41371103  0.08254745  0.12899322 -0.16597354]]
[[ 0.21624822  0.61685899 -9.41258444  0.07790543  0.11634458 -0.15265212]]
[[ 0.19993459  0.61144797 -9.41577818  0.07743108  0.12860624 -0.16018888]]
[[ 0.19634949  0.60809524 -9.4171369   0.07635564  0.13089875 -0.16081345]]
[[ 0.21268124  0.61383827 -9.41744757  0.0810065   0.11875671 -0.15394434]]
[[ 0.20152161  0.60948472 -9.41569544  0.07705765  0.12758084 -0.1585179 ]]
[[ 0.19652133  0.60867857 -9.41385877  0.07598024  0.13288045 -0.16122346]]
[[ 0.20947543  0.60966419 -9.41453243  0.07897154  0.12297625 -0.15434375]]
[[ 0.20840656  0.60705997 -9.41640185  0.07727003  0.12341409 -0.15373675]]
[[ 0.1990882   0.60355493 -9.41686231  0.07616703  0.13008147 -0.15773546]]
[[ 0.20657945  0.60856963 -9.4163014   0.08007815  0.12427392 -0.15570541]]
[[ 0.20979861  0.60569619 -9.41354822  0.0781418   0.12351351 -0.15283047]]
[[ 0.19795882  0.60279893 -9.41445731  0.07535456  0.13068375 -0.15808839]]
[[ 0.20190603  0.6050074  -9.4144151   0.07653021  0.12749057 -0.15664376]]
[[ 0.21000516  0.60493703 -9.41484806  0.07728286  0.12192706 -0.15200028]]
[[ 0.20237319  0.60571712 -9.41796974  0.07864163  0.12602269 -0.15669939]]
[[ 0.19812473  0.60534227 -9.41607815  0.07796363  0.1295376  -0.15902935]]
[[ 0.20850105  0.60698767 -9.41482912  0.0780786   0.12384291 -0.15385638]]
[[ 0.20984275  0.60349167 -9.4123591   0.07344449  0.12403094 -0.15143872]]
[[ 0.20674516  0.60578021 -9.41274639  0.07599534  0.12657779 -0.15442415]]
[[ 0.20120969  0.6063705  -9.41240859  0.07703571  0.13001257 -0.15783817]]
[[ 0.20578247  0.6035586  -9.41361714  0.07558798  0.1263182  -0.15388269]]
[[ 0.20927838  0.60326857 -9.41140462  0.07456537  0.12571829 -0.15191501]]
[[ 0.20590664  0.60199861 -9.41077055  0.07380477  0.12963344 -0.15354437]]
[[ 0.21497564  0.60193951 -9.41133917  0.07505335  0.1247174  -0.14855824]]
[[ 0.22180442  0.60023054 -9.40886056  0.07304217  0.12134965 -0.14390677]]
[[ 0.21832513  0.59864922 -9.40651438  0.06961668  0.12546971 -0.1451655 ]]
[[ 0.21184391  0.60016536 -9.40785409  0.07159108  0.12870845 -0.14954524]]
[[ 0.21210002  0.60210003 -9.40554776  0.07264457  0.12907902 -0.15033091]]
[[ 0.21026255  0.60296496 -9.40716698  0.07366126  0.12835121 -0.15151545]]
[[ 0.2080837   0.59918987 -9.40468436  0.06985177  0.1305762  -0.15102919]]
[[ 0.21217776  0.60232775 -9.40667516  0.07255296  0.12769553 -0.1501746 ]]
[[ 0.21757035  0.60243858 -9.40534218  0.07154136  0.12568254 -0.14724843]]
[[ 0.21925835  0.60322322 -9.4051311   0.07145915  0.12481752 -0.14664017]]
[[ 0.21220943  0.60118682 -9.40167439  0.06767789  0.13068181 -0.14966658]]
[[ 0.21357571  0.60441355 -9.39956383  0.06973673  0.13017609 -0.15035746]]
[[ 0.21303654  0.60403596 -9.39914828  0.06834502  0.12961256 -0.15023059]]
[[ 0.2100296   0.60454946 -9.3964273   0.06621591  0.13297333 -0.15209955]]
[[ 0.21426839  0.60562178 -9.39690979  0.06866897  0.13006399 -0.15032701]]
[[ 0.21422396  0.60534317 -9.39369757  0.06618247  0.13177855 -0.15018809]]
[[ 0.21009708  0.60347053 -9.39437462  0.06516938  0.13297062 -0.15145621]]
[[ 0.21231077  0.60590987 -9.39513236  0.06706829  0.13054912 -0.15120751]]
[[ 0.21005226  0.60661544 -9.38996164  0.06550135  0.1339304  -0.15289692]]
[[ 0.20724318  0.6050121  -9.38805049  0.06295101  0.13673128 -0.15372785]]
[[ 0.21097307  0.60429201 -9.38316723  0.06025442  0.13641924 -0.15131805]]
[[ 0.21411038  0.60563815 -9.3809      0.06028942  0.13558847 -0.15017081]]
[[ 0.21163614  0.60481286 -9.37907639  0.05917191  0.138636   -0.15132745]]
[[ 0.21221733  0.60579604 -9.38096196  0.05973688  0.13702694 -0.15133114]]
[[ 0.21081072  0.60643597 -9.37913158  0.05859154  0.13716503 -0.15210762]]
[[ 0.203889    0.6030061  -9.38184316  0.05750462  0.14066543 -0.15445713]]
[[ 0.20333408  0.60694922 -9.3781593   0.05941749  0.14257294 -0.15675885]]
[[ 0.20903702  0.60949081 -9.37351298  0.05834485  0.14164029 -0.15474081]]
[[ 0.19956372  0.60398142 -9.36855825  0.05174528  0.15054748 -0.15768592]]
[[ 0.20353184  0.61065599 -9.37392759  0.05907197  0.14580556 -0.15852068]]
[[ 0.2056502   0.61385029 -9.37316221  0.0615885   0.14492508 -0.15893735]]
[[ 0.20521828  0.59504058 -9.37713375  0.05218451  0.14364133 -0.15062959]]
[[ 0.22424217  0.61034115 -9.37340982  0.06225177  0.13161995 -0.14676033]]
[[ 0.22922763  0.59845509 -9.37457849  0.05344181  0.12801186 -0.1383538 ]]
[[ 0.2129555   0.59451229 -9.37512872  0.05105133  0.13982788 -0.14605508]]
[[ 0.21941674  0.60045743 -9.37727622  0.05697918  0.13401558 -0.14501256]]
[[ 0.22525575  0.60038684 -9.37985286  0.05831763  0.12884602 -0.14162274]]
[[ 0.2154898   0.59827973 -9.38043686  0.05554653  0.13562786 -0.14620899]]
[[ 0.21165812  0.5985942  -9.38100422  0.05676546  0.13674741 -0.14848116]]
[[ 0.21782062  0.60356434 -9.38213494  0.05961749  0.13171829 -0.14702619]]
[[ 0.21231595  0.60330012 -9.37881305  0.05698882  0.13654262 -0.15007629]]
[[ 0.21024358  0.60110851 -9.37604555  0.0540724   0.1400964  -0.15035052]]
[[ 0.21768807  0.60471884 -9.37390427  0.05542404  0.13655869 -0.14773783]]
[[ 0.19083096  0.63938113 -9.53381808  0.21011476  0.11236176 -0.17770832]]
[[ 0.19664853  0.61450475 -9.48144834  0.14408287  0.12217802 -0.1624287 ]]
[[ 0.20518435  0.63192921 -9.45276995  0.13850278  0.12366744 -0.16682483]]
[[ 0.21070484  0.6136013  -9.4206136   0.09733036  0.12905564 -0.15482325]]
[[ 0.20372538  0.6125635  -9.40238498  0.08333039  0.13857379 -0.15863744]]
[[ 0.2096004   0.61477181 -9.38934983  0.07647606  0.13895701 -0.15667738]]
[[ 0.2127747   0.60994971 -9.3784767   0.06549795  0.14109441 -0.15280164]]
[[ 0.21273952  0.6062406  -9.37064853  0.05664076  0.14460371 -0.15118959]]
[[ 0.21652807  0.60927662 -9.36228457  0.05342879  0.14561128 -0.15061222]]
[[ 0.21906351  0.60995546 -9.35796687  0.05084334  0.14622771 -0.14963878]]
[[ 0.21847544  0.60962742 -9.35370607  0.04702656  0.14929133 -0.14995815]]
[[ 0.22335096  0.6090022  -9.34795947  0.04407068  0.14917916 -0.14704504]]
[[ 0.22304025  0.6104213  -9.34037978  0.04032493  0.15170881 -0.14772568]]
[[ 0.21880534  0.61034384 -9.33536002  0.03681432  0.15632962 -0.15001459]]
[[ 0.21847533  0.60858953 -9.33324549  0.03591199  0.15608007 -0.14940982]]
[[ 0.22115799  0.6087708  -9.33162179  0.03585104  0.15497667 -0.1480727 ]]
[[ 0.21874508  0.60512651 -9.33075171  0.03405365  0.15700611 -0.14798436]]
[[ 0.21986613  0.60664599 -9.32779012  0.03276052  0.15762389 -0.14792445]]
[[ 0.22016361  0.60626785 -9.3259244   0.03208009  0.15717082 -0.14752648]]
[[ 0.21608258  0.60637531 -9.32216821  0.02959101  0.16092321 -0.14978982]]
[[ 0.21457552  0.6045974  -9.32042206  0.02824822  0.16224364 -0.14983163]]
[[ 0.21892037  0.60726545 -9.31977754  0.03048549  0.16010257 -0.14874514]]
[[ 0.21578918  0.60646952 -9.31906771  0.02830056  0.16285254 -0.15010145]]
[[ 0.21465193  0.60632008 -9.31826039  0.027574    0.16389177 -0.15069661]]
[[ 0.21806457  0.61000221 -9.31552772  0.02780625  0.16356708 -0.15046287]]
[[ 0.21806555  0.60920952 -9.31465206  0.02667701  0.16475842 -0.15015883]]
[[ 0.21734298  0.60821854 -9.31258076  0.02500188  0.16488261 -0.14991152]]
[[ 0.2192853   0.60999969 -9.31078942  0.02511038  0.16418061 -0.14953355]]
[[ 0.21684199  0.60831697 -9.30829205  0.02380468  0.16667299 -0.15030486]]
[[ 0.21748567  0.60972582 -9.31156184  0.02583908  0.16488299 -0.15050513]]
[[ 0.22028861  0.60839807 -9.30885379  0.02386077  0.16505975 -0.14846305]]
[[ 0.22090821  0.60673363 -9.30761277  0.02225532  0.16609609 -0.14743537]]
[[ 0.22111708  0.60597335 -9.30466319  0.0204768   0.16673001 -0.14695103]]
[[ 0.22227482  0.60763182 -9.30223494  0.02053596  0.16695745 -0.1470618 ]]
[[ 0.22132499  0.60754539 -9.30144678  0.01967792  0.16827426 -0.14758572]]
[[ 0.22251177  0.60893751 -9.30107897  0.01969823  0.16760948 -0.14737503]]
[[ 0.22545303  0.61006291 -9.29697548  0.01781067  0.16817813 -0.14624338]]
[[ 0.22431833  0.60993357 -9.29392411  0.01565411  0.17035245 -0.14682148]]
[[ 0.22494081  0.61068932 -9.29103457  0.01454613  0.17116153 -0.14679481]]
[[ 0.22469509  0.61326761 -9.29033489  0.01515516  0.17037657 -0.14780437]]
[[ 0.22545067  0.61353282 -9.28933612  0.01407128  0.17120387 -0.14764717]]
[[ 0.22811744  0.61254582 -9.28699398  0.01277637  0.1715859  -0.14593517]]
[[ 0.2291717   0.61247475 -9.28409089  0.01149655  0.17232113 -0.14532229]]
[[ 0.23052964  0.61251001 -9.28111799  0.00994459  0.17405983 -0.1447557 ]]
[[ 0.23135956  0.61432954 -9.27950165  0.00989528  0.17477712 -0.14514531]]
[[ 2.32481418e-01  6.15065430e-01 -9.27670663e+00  8.72232333e-03
   1.75279130e-01 -1.44839559e-01]]
[[ 2.32505797e-01  6.14496725e-01 -9.27214357e+00  5.91901997e-03
   1.77170874e-01 -1.44537808e-01]]
[[ 2.32135658e-01  6.14091446e-01 -9.27144664e+00  5.26160830e-03
   1.77611158e-01 -1.44575115e-01]]
[[ 2.33588683e-01  6.16183730e-01 -9.26663309e+00  3.60915730e-03
   1.79514646e-01 -1.44788042e-01]]
[[ 2.32956852e-01  6.15777682e-01 -9.26416949e+00  2.08887749e-03
   1.80883652e-01 -1.44948674e-01]]
[[ 2.32071515e-01  6.16326677e-01 -9.26304397e+00  1.68771892e-03
   1.81501673e-01 -1.45654196e-01]]
[[ 2.32310504e-01  6.18028236e-01 -9.26188122e+00  1.88086707e-03
   1.81535755e-01 -1.46221335e-01]]
[[ 2.31432025e-01  6.18180984e-01 -9.25961750e+00  5.36801416e-04
   1.83010739e-01 -1.46735599e-01]]
[[ 2.31636315e-01  6.18323291e-01 -9.25468985e+00 -1.62509370e-03
   1.85056172e-01 -1.46739654e-01]]
[[ 2.33829782e-01  6.18674568e-01 -9.25095495e+00 -3.38708446e-03
   1.85993038e-01 -1.45650911e-01]]
[[ 2.33355578e-01  6.19125661e-01 -9.24656563e+00 -5.83164147e-03
   1.88115964e-01 -1.46021467e-01]]
[[ 2.32961883e-01  6.16599397e-01 -9.24610285e+00 -6.33399465e-03
   1.88802245e-01 -1.45331296e-01]]
[[ 2.34076075e-01  6.18492648e-01 -9.24503717e+00 -6.21845277e-03
   1.88557369e-01 -1.45449169e-01]]
[[ 2.32648623e-01  6.19151420e-01 -9.24371345e+00 -6.64566762e-03
   1.88933330e-01 -1.46534220e-01]]
[[ 2.33134640e-01  6.17143260e-01 -9.24440562e+00 -6.72731317e-03
   1.89463038e-01 -1.45568655e-01]]
[[ 2.33393224e-01  6.17582085e-01 -9.24306816e+00 -7.36615014e-03
   1.89536301e-01 -1.45545639e-01]]
[[ 2.34172557e-01  6.17243428e-01 -9.24209644e+00 -7.60830564e-03
   1.89691562e-01 -1.44972141e-01]]
[[ 0.23058714  0.61821841 -9.23869057 -0.00931407  0.19217015 -0.14723415]]
[[ 0.23239982  0.61961405 -9.23536787 -0.01070266  0.19284835 -0.14675998]]
[[ 0.23564193  0.62223473 -9.23118046 -0.01255741  0.193523   -0.14610869]]
[[ 0.23449664  0.61959588 -9.22708302 -0.01515938  0.1959825  -0.1457648 ]]
[[ 0.23436466  0.61910336 -9.22457674 -0.01647012  0.19679283 -0.14560939]]
[[ 0.23588821  0.61970377 -9.22084933 -0.01782777  0.19722489 -0.14499933]]
[[ 0.23462635  0.62134131 -9.21785875 -0.01920631  0.19911942 -0.1462816 ]]
[[ 0.23498172  0.62144565 -9.21704202 -0.01978116  0.1994776  -0.14612381]]
[[ 0.23717578  0.62101768 -9.21852101 -0.0186888   0.19802242 -0.14484447]]
[[ 0.23637942  0.62029229 -9.21821003 -0.01944624  0.19880094 -0.14499087]]
[[ 0.23953371  0.62049778 -9.21414069 -0.02122836  0.19973588 -0.14354314]]
[[ 0.23961684  0.62353764 -9.21235448 -0.02168385  0.20015064 -0.14466669]]
[[ 0.23749249  0.62082214 -9.21062057 -0.0228745   0.20147781 -0.14463747]]
[[ 0.23839689  0.6194707  -9.2065996  -0.02499988  0.20252921 -0.14363027]]
[[ 0.23686799  0.61783898 -9.2063685  -0.02535629  0.20253451 -0.14367565]]
[[ 0.2334079   0.6158312  -9.20727113 -0.02534342  0.20297218 -0.14460048]]
[[ 0.23303724  0.61489256 -9.20763241 -0.02510965  0.20258527 -0.14438811]]
[[ 0.23172927  0.61600116 -9.20773279 -0.02497194  0.20248904 -0.14547052]]
[[ 0.23147704  0.61527126 -9.20429441 -0.02675946  0.20407906 -0.14539542]]
[[ 0.22847166  0.61498551 -9.20222662 -0.02767259  0.20549773 -0.14681365]]
[[ 0.22878763  0.61496905 -9.20479086 -0.02687467  0.20447381 -0.1465896 ]]
[[ 0.23061434  0.61320119 -9.20764643 -0.02572841  0.20271555 -0.14493909]]
[[ 0.22909229  0.61334654 -9.208171   -0.02509417  0.20297209 -0.14576153]]
[[ 0.23001407  0.6136961  -9.21077685 -0.02357825  0.20207092 -0.14557981]]
[[ 0.23138311  0.61382594 -9.20958074 -0.02407857  0.20189692 -0.1449082 ]]
[[ 0.23130994  0.61318475 -9.20675756 -0.02614613  0.20331206 -0.14461166]]
[[ 0.23240948  0.61298501 -9.20450139 -0.02766512  0.20483322 -0.14405218]]
[[ 0.23228952  0.61579557 -9.20343674 -0.02712153  0.20476461 -0.14527319]]
[[ 0.23222021  0.616373   -9.20363139 -0.02689302  0.20462492 -0.14556016]]
[[ 0.23430576  0.61579226 -9.20220716 -0.02757955  0.20490406 -0.14420231]]
[[ 0.23369568  0.61468814 -9.19937787 -0.02959335  0.20615881 -0.14405484]]
[[ 0.23293128  0.61509122 -9.19909407 -0.02974886  0.20654014 -0.14459542]]
[[ 0.23406023  0.61637203 -9.20025201 -0.02866856  0.20584404 -0.14459748]]
[[ 0.23204411  0.61417579 -9.20109266 -0.02838085  0.20592046 -0.14468702]]
[[ 0.23244843  0.61531239 -9.19901017 -0.02944941  0.2062551  -0.14489425]]
[[ 0.23292985  0.61423252 -9.19746307 -0.03067877  0.20680973 -0.14419273]]
[[ 0.23299225  0.61609276 -9.19470491 -0.03233907  0.20865013 -0.14497766]]
[[ 0.23186256  0.61974425 -9.19151697 -0.03294682  0.20941793 -0.14692509]]
[[ 0.23693993  0.62017033 -9.18903165 -0.03378462  0.20950015 -0.14451312]]
[[ 0.23707473  0.61783184 -9.18554978 -0.03629368  0.21100678 -0.14345493]]
[[ 0.2381977   0.61987097 -9.18525395 -0.03630948  0.21091958 -0.14369855]]
[[ 0.23971221  0.62098315 -9.18362647 -0.03671457  0.21105029 -0.14333867]]
[[ 0.23923793  0.61946896 -9.18097751 -0.03829187  0.21258738 -0.1430573 ]]
[[ 0.23827993  0.61905262 -9.18047406 -0.03851097  0.21245005 -0.1433365 ]]
[[ 0.2411147   0.62012609 -9.18010445 -0.03802737  0.21193835 -0.14240523]]
[[ 0.23826229  0.61850024 -9.17965591 -0.03942426  0.21325302 -0.14319438]]
[[ 0.2414305   0.62058578 -9.17812867 -0.03992751  0.21279102 -0.14237078]]
[[ 0.2429191   0.62220902 -9.17669917 -0.04028313  0.21291351 -0.14231858]]
[[ 0.23987359  0.62168674 -9.17562278 -0.04082467  0.2145532  -0.14373677]]
[[ 0.24148096  0.62160025 -9.17476881 -0.04063864  0.21410082 -0.14295617]]
[[ 0.24073975  0.61929242 -9.17149594 -0.04292591  0.21514719 -0.14227954]]
[[ 0.24159867  0.6203736  -9.17088185 -0.04303744  0.21563568 -0.14234516]]
[[ 0.2421968   0.6209515  -9.16967835 -0.04388174  0.21625389 -0.14225823]]
[[ 0.24296015  0.62136463 -9.17028579 -0.04336792  0.21560557 -0.14201272]]
[[ 0.24218253  0.62077014 -9.16899593 -0.04425954  0.21629452 -0.14218963]]
[[ 0.24156127  0.62188488 -9.16518158 -0.04588959  0.21814924 -0.1429188 ]]
[[ 0.24179748  0.62207718 -9.16426843 -0.04639802  0.2188452  -0.14295936]]
[[ 0.2434612   0.62233891 -9.16415269 -0.0463106   0.21852378 -0.142194  ]]
[[ 0.24249766  0.6239474  -9.16397364 -0.04580606  0.21880378 -0.14334273]]
[[ 0.24020822  0.62225774 -9.16273116 -0.04666471  0.22060863 -0.14395247]]
[[ 0.24122858  0.62108044 -9.16152589 -0.0472348   0.22076438 -0.14300939]]
[[ 0.24305276  0.62026966 -9.16105261 -0.0481478   0.22038442 -0.1416488 ]]
[[ 0.24242145  0.6199996  -9.15940533 -0.04911436  0.22146543 -0.14187733]]
[[ 0.24305329  0.62106855 -9.1582177  -0.04846115  0.22168016 -0.14206901]]
[[ 0.24412603  0.62206717 -9.1577446  -0.04888572  0.22152022 -0.1418502 ]]
[[ 0.24314803  0.62198639 -9.15492703 -0.05055705  0.22393589 -0.14245989]]
[[ 0.24191905  0.62093816 -9.15522203 -0.05103728  0.22401778 -0.1426525 ]]
[[ 0.24127679  0.61966601 -9.15368227 -0.05180413  0.22461309 -0.14238325]]
[[ 0.24027378  0.62142253 -9.15501647 -0.04958294  0.22382069 -0.14376152]]
[[ 0.23937455  0.61994237 -9.15440198 -0.05116855  0.22517722 -0.14355772]]
[[ 0.23949026  0.61619467 -9.15274805 -0.05223682  0.22515392 -0.14186696]]
[[ 0.24496106  0.6160685  -9.14871796 -0.05499243  0.22373998 -0.13876049]]
[[ 0.24801074  0.61517403 -9.14992467 -0.05503505  0.22126628 -0.13667593]]
[[ 0.24288939  0.6164701  -9.14854037 -0.05517084  0.22518048 -0.1401507 ]]
[[ 0.20766506  0.61022159 -9.13924079 -0.05782636  0.23311559 -0.15591452]]
[[ 0.22356127  0.615128   -9.13844713 -0.05753384  0.2304992  -0.14970479]]
[[ 0.22418875  0.61528439 -9.13638352 -0.06127932  0.23473886 -0.14956011]]
[[ 0.22265548  0.62375787 -9.14057329 -0.05309693  0.23662733 -0.15467406]]
[[ 0.22218468  0.61710334 -9.14382315 -0.05585607  0.23743894 -0.15211635]]
[[ 0.23700533  0.61861801 -9.14108864 -0.05725802  0.22817895 -0.14407648]]
[[ 0.23655653  0.62056296 -9.14219591 -0.05609901  0.22924863 -0.14544408]]
[[ 0.22025384  0.62019688 -9.1431864  -0.0568481   0.24189862 -0.15484401]]
[[ 0.23556634  0.61764985 -9.1445592  -0.05677182  0.23144334 -0.14497484]]
[[ 0.24649286  0.62350686 -9.14054399 -0.0548394   0.22557761 -0.14132667]]
[[ 0.2333998   0.62210318 -9.13811931 -0.05830129  0.23606694 -0.14812798]]
[[ 0.23058453  0.61713619 -9.1383611  -0.06072021  0.23807606 -0.14756133]]
[[ 0.26236704  0.61513853 -9.13490502 -0.06635743  0.21764353 -0.12791564]]
[[ 0.26419767  0.63018723 -9.14003235 -0.05105126  0.21661297 -0.13435185]]
[[ 0.24174975  0.61367656 -9.14138037 -0.06229233  0.23168177 -0.1397028 ]]
[[ 0.24981887  0.61456145 -9.1386955  -0.0644754   0.22513935 -0.134968  ]]
[[ 0.26529721  0.62516447 -9.13792962 -0.0556045   0.21525211 -0.13124169]]
[[ 0.2492727   0.61947388 -9.13968945 -0.05924286  0.22576918 -0.1378221 ]]
[[ 0.2416029   0.6138899  -9.14000926 -0.06270849  0.22989549 -0.13952724]]
[[ 0.25841091  0.62407207 -9.13932614 -0.05711518  0.21862109 -0.13431135]]
[[ 0.24814435  0.62130267 -9.13805243 -0.0593901   0.22686073 -0.13917379]]
[[ 0.23812716  0.61807632 -9.13793609 -0.06229687  0.23194104 -0.1430926 ]]
[[ 0.25136275  0.62555084 -9.13595299 -0.05874049  0.22404345 -0.13893255]]
[[ 0.24813088  0.62418257 -9.13588998 -0.05927592  0.22685433 -0.14030918]]
[[ 0.23970595  0.61849604 -9.13479482 -0.06280018  0.23340402 -0.14271927]]
[[ 0.24815855  0.62094449 -9.13519352 -0.06097071  0.22777043 -0.13908056]]
[[ 0.24783716  0.62117616 -9.13605693 -0.05992318  0.22769981 -0.13940087]]
[[ 0.23829018  0.62029726 -9.13644293 -0.06145388  0.23333156 -0.14430257]]
[[ 0.24163468  0.62349806 -9.13636347 -0.05926221  0.22967601 -0.14365071]]
[[ 0.24466847  0.62459735 -9.13563377 -0.05904809  0.2291808  -0.14257903]]
[[ 0.23822011  0.62305853 -9.13508916 -0.06109151  0.23397905 -0.14543367]]
[[ 0.24362804  0.62400749 -9.13391905 -0.060891    0.23152688 -0.14279909]]
[[ 0.24695777  0.62638142 -9.13272687 -0.0603753   0.22969436 -0.14202692]]
[[ 0.2435218   0.62458866 -9.13217872 -0.06196879  0.23368786 -0.14334974]]
[[ 0.24239782  0.62480045 -9.13167909 -0.06185843  0.2334561  -0.14395691]]
[[ 0.24466056  0.62738137 -9.13106231 -0.06096961  0.23123011 -0.14363037]]
[[ 0.24084776  0.62700522 -9.13055258 -0.0623198   0.23396607 -0.14553266]]
[[ 0.24332648  0.62659956 -9.12960978 -0.06353189  0.23429156 -0.14413544]]
[[ 0.2437438   0.6272974  -9.13076918 -0.06233171  0.23194021 -0.14393638]]
[[ 0.24369428  0.6286966  -9.1304414  -0.06207052  0.23269073 -0.14467963]]
[[ 0.24236335  0.62615837 -9.1298477  -0.06376473  0.23320546 -0.14424856]]
[[ 0.24476837  0.62484666 -9.12944367 -0.06240916  0.23171981 -0.14254147]]
[[ 0.23905066  0.62245999 -9.12916061 -0.06384326  0.23476995 -0.1446142 ]]
[[ 0.2418553   0.62338232 -9.12807314 -0.06390206  0.2335567  -0.14337869]]
[[ 0.24443817  0.62388003 -9.12558191 -0.06531339  0.23267622 -0.14207386]]
[[ 0.24342016  0.62260808 -9.12456695 -0.06698793  0.23400841 -0.14205066]]
[[ 0.24436147  0.62520246 -9.12324693 -0.06653075  0.23432805 -0.14271363]]
[[ 0.24520904  0.62742651 -9.12179825 -0.06622713  0.2342427  -0.1432438 ]]
[[ 0.24499083  0.62836008 -9.11893736 -0.06786719  0.23621158 -0.14376388]]
[[ 0.24491487  0.6265085  -9.11905232 -0.06894457  0.23577325 -0.14289049]]
[[ 0.24624752  0.62555292 -9.11650024 -0.07004003  0.2360016  -0.14174878]]
[[ 0.24756381  0.62419518 -9.11609948 -0.07028055  0.23699561 -0.1407508 ]]
[[ 0.24580239  0.62407105 -9.1158241  -0.06952966  0.2374855  -0.14165763]]
[[ 0.2472465   0.6256854  -9.11425893 -0.07012288  0.23748082 -0.14149482]]
[[ 0.24611533  0.62552257 -9.11323705 -0.07078626  0.23876054 -0.14214156]]
[[ 0.24755164  0.62492235 -9.11197179 -0.07175505  0.2392748  -0.14121115]]
[[ 0.24782663  0.62513965 -9.1106302  -0.07282111  0.23948624 -0.14103562]]
[[ 0.24712229  0.62659683 -9.11062868 -0.07217629  0.23962976 -0.14201628]]
[[ 0.24745437  0.62628675 -9.11081261 -0.07167769  0.23828472 -0.14159777]]
[[ 0.24660336  0.62559329 -9.10753962 -0.07406827  0.24006458 -0.14176439]]
[[ 0.24805508  0.62570776 -9.10455803 -0.07572999  0.24158263 -0.14107983]]
[[ 0.24969319  0.62608246 -9.10303361 -0.07601272  0.24140467 -0.1404187 ]]
[[ 0.24861294  0.62649633 -9.1023315  -0.07621738  0.24202019 -0.14116149]]
[[ 0.24994854  0.62701631 -9.10013643 -0.07735045  0.24303128 -0.1407532 ]]
[[ 0.25014626  0.62690085 -9.09710569 -0.07854384  0.24357328 -0.14053166]]
[[ 0.25223263  0.63002823 -9.09207715 -0.08091154  0.24559795 -0.14072811]]
[[ 0.25300186  0.62929927 -9.08709906 -0.08385043  0.24778221 -0.14002259]]
[[ 0.25348274  0.63224929 -9.08470353 -0.08383239  0.24823471 -0.14102221]]
[[ 0.25372628  0.63078397 -9.08511956 -0.08392685  0.24888307 -0.14045453]]
[[ 0.25211114  0.63065915 -9.08388804 -0.08491593  0.24959088 -0.14112846]]
[[ 0.25191387  0.63236948 -9.08317385 -0.08443971  0.24891611 -0.14186789]]
[[ 0.24881368  0.63247521 -9.08109145 -0.08576162  0.25079696 -0.14352536]]
[[ 0.24834493  0.63141364 -9.08022304 -0.08651806  0.25101576 -0.14322916]]
[[ 0.24985597  0.63294582 -9.0777083  -0.08759079  0.25132082 -0.14302877]]
[[ 0.24905124  0.63235818 -9.07543655 -0.08910843  0.25248303 -0.14319233]]
[[ 0.24768431  0.63203029 -9.07587016 -0.08878584  0.25341084 -0.14389723]]
[[ 0.24735686  0.6345975  -9.0736352  -0.08923683  0.25412551 -0.14509121]]
[[ 0.24604823  0.63716128 -9.07314971 -0.08865134  0.25411963 -0.14674108]]
[[ 0.24713164  0.63507756 -9.07056917 -0.09040384  0.25472979 -0.14528011]]
[[ 0.25105048  0.63593749 -9.06818289 -0.09187286  0.25413198 -0.1434769 ]]
[[ 0.25217587  0.63227264 -9.06402319 -0.09551551  0.25662616 -0.14145656]]
[[ 0.2534579   0.63382982 -9.06034896 -0.0966284   0.25722553 -0.14147635]]
[[ 0.25204382  0.63459778 -9.05711491 -0.09776787  0.25854903 -0.14248995]]
[[ 0.25069253  0.63404199 -9.0550055  -0.09932195  0.26067322 -0.14294564]]
[[ 0.25553955  0.63818249 -9.05317835 -0.09767106  0.25917121 -0.14216675]]
[[ 0.25557075  0.63571315 -9.05326136 -0.09905151  0.25959675 -0.14107106]]
[[ 0.25381484  0.63504961 -9.05397164 -0.10004927  0.2610508  -0.14175267]]
[[ 0.25375131  0.63516596 -9.05473434 -0.09893038  0.25976383 -0.1416805 ]]
[[ 0.25410582  0.63626772 -9.05565873 -0.09693932  0.25873504 -0.14204654]]
[[ 0.25162728  0.63345995 -9.05620042 -0.09777052  0.26017034 -0.14231307]]
[[ 0.2521665   0.63496082 -9.05296758 -0.09907173  0.26055716 -0.14253255]]
[[ 0.25018778  0.63431716 -9.05213007 -0.09959043  0.2613174  -0.14325243]]
[[ 0.24910252  0.63655359 -9.04968663 -0.10076264  0.2635518  -0.14492718]]
[[ 0.25015519  0.63684694 -9.04646004 -0.10198469  0.26441634 -0.14448865]]
[[ 0.2502297   0.63543757 -9.04671838 -0.10194989  0.26436204 -0.14385303]]
[[ 0.24967239  0.63792514 -9.04490739 -0.10258448  0.26537916 -0.14520396]]
[[ 0.25151471  0.64063619 -9.04259945 -0.10343645  0.2658309  -0.14534689]]
[[ 0.25237507  0.64017467 -9.03940982 -0.10503303  0.26734355 -0.14480385]]
[[ 0.25336126  0.64076688 -9.04061978 -0.10401288  0.26696537 -0.14460566]]
[[ 0.2542187   0.63951483 -9.04125975 -0.10398851  0.26596505 -0.14353819]]
[[ 0.2522356   0.64120649 -9.03969306 -0.10463773  0.2670457  -0.14517583]]
[[ 0.25326639  0.64222655 -9.03800707 -0.10545692  0.26809417 -0.14503938]]
[[ 0.25189715  0.64223249 -9.03748651 -0.10584578  0.26809971 -0.14575608]]
[[ 0.25496939  0.64254728 -9.03775933 -0.10585595  0.26719751 -0.14424099]]
[[ 0.25468197  0.6437364  -9.03847934 -0.10508614  0.26694931 -0.14483795]]
[[ 0.25567494  0.64117963 -9.03935217 -0.10479596  0.26666286 -0.1433251 ]]
[[ 0.2542604   0.64232913 -9.04068134 -0.10396564  0.26589149 -0.1445134 ]]
[[ 0.25498068  0.64393345 -9.0392057  -0.10497479  0.2664528  -0.14481801]]
[[ 0.25326766  0.64256804 -9.03956094 -0.10501257  0.26666896 -0.14510271]]
[[ 0.25526717  0.643138   -9.04004975 -0.10413358  0.2656993  -0.14429741]]
[[ 0.25525255  0.64235523 -9.03787483 -0.105856    0.26688665 -0.14399666]]
[[ 0.25390118  0.6406403  -9.03893209 -0.10559323  0.26684337 -0.14401377]]
[[ 0.25368538  0.64069411 -9.0366703  -0.10680633  0.26757375 -0.14410653]]
[[ 0.25419355  0.64219077 -9.03542224 -0.10654819  0.26764063 -0.14447562]]
[[ 0.25320191  0.64041991 -9.0338334  -0.10736133  0.26862731 -0.14433314]]
[[ 0.25443739  0.6402468  -9.03271368 -0.10835404  0.26883745 -0.1435649 ]]
[[ 0.25629294  0.63978122 -9.03228237 -0.10876122  0.26865015 -0.14241532]]
[[ 0.25668887  0.63939573 -9.0315745  -0.10918602  0.26900302 -0.14208162]]
[[ 0.25578351  0.63912825 -9.03217141 -0.10905054  0.2690916  -0.1424567 ]]
[[ 0.25830611  0.63704197 -9.03259592 -0.1086963   0.26852599 -0.14040747]]
[[ 0.25921979  0.63642504 -9.03409855 -0.10820233  0.26783557 -0.13967432]]
[[ 0.25763084  0.63608849 -9.03463867 -0.10817779  0.26829639 -0.14036747]]
[[ 0.25851629  0.6370301  -9.03648267 -0.10716704  0.26745282 -0.1402956 ]]
[[ 0.25981514  0.63865751 -9.03471726 -0.1075319   0.26760948 -0.1402487 ]]
[[ 0.25823128  0.63857732 -9.03437654 -0.10791396  0.26810399 -0.14107278]]
[[ 0.25838197  0.63751705 -9.03707037 -0.10644497  0.26668963 -0.14058636]]
[[ 0.25556213  0.63704213 -9.03662853 -0.10657959  0.26709893 -0.14178659]]
[[ 0.25491116  0.63668288 -9.03550175 -0.10782327  0.26801247 -0.14191441]]
[[ 0.25668735  0.63842641 -9.03270759 -0.10890171  0.26830551 -0.14163878]]
[[ 0.25697027  0.63918146 -9.03316563 -0.10844584  0.26814172 -0.14189708]]
[[ 0.25918473  0.6395596  -9.03234655 -0.1089297   0.26856607 -0.14095656]]
[[ 0.2602804   0.63830815 -9.03021628 -0.10980392  0.26905014 -0.13992502]]
[[ 0.25963055  0.63733046 -9.03023854 -0.11003866  0.26936705 -0.13992946]]
[[ 0.2568678   0.63714264 -9.02871029 -0.11098238  0.27057582 -0.14120472]]
[[ 0.25615753  0.63670916 -9.03011717 -0.11039273  0.26971514 -0.14130546]]
[[ 0.25660659  0.63752976 -9.02952768 -0.11033309  0.27010118 -0.14145165]]
[[ 0.25552414  0.63668875 -9.027999   -0.11126732  0.27125502 -0.14171488]]
[[ 0.25693694  0.6367351  -9.02938972 -0.11039528  0.2704015  -0.14103532]]
[[ 0.25788521  0.63730173 -9.03063847 -0.1095825   0.26985567 -0.14080483]]
[[ 0.258805    0.6371465  -9.03206194 -0.10899771  0.26953585 -0.14034535]]
[[ 0.2581709   0.63547559 -9.03051951 -0.10976732  0.26997086 -0.13994489]]
[[ 0.25530901  0.63475202 -9.02881549 -0.1110465   0.27084398 -0.14095502]]
[[ 0.25251192  0.63584815 -9.0303008  -0.11030764  0.27085948 -0.14277803]]
[[ 0.25289311  0.63581339 -9.02842811 -0.11127659  0.27120485 -0.14257406]]
[[ 0.2545487   0.63655619 -9.02658875 -0.11186635  0.27140414 -0.14205692]]
[[ 0.25598318  0.63415261 -9.02711355 -0.11185892  0.27164556 -0.14051962]]
[[ 0.25768967  0.6345075  -9.02584741 -0.1123139   0.27163161 -0.13974351]]
[[ 0.25879512  0.63287805 -9.02733754 -0.11162933  0.27067892 -0.13840372]]
[[ 0.25868219  0.63404089 -9.02430508 -0.11343127  0.27261363 -0.13901946]]
[[ 0.25864716  0.63593917 -9.02406678 -0.11327505  0.27236401 -0.13974321]]
[[ 0.25920072  0.63717216 -9.02328196 -0.11331166  0.27185683 -0.13989591]]
[[ 0.25837779  0.63780539 -9.02452495 -0.1131553   0.27206818 -0.14058718]]
[[ 0.25857894  0.63818411 -9.0237461  -0.11350185  0.27237118 -0.14067267]]
[[ 0.26104232  0.63894948 -9.02360234 -0.11314391  0.27138887 -0.13970421]]
[[ 0.2615603   0.63818777 -9.02268627 -0.1140226   0.2723708  -0.13914972]]
[[ 0.26062918  0.63683743 -9.02304591 -0.11399478  0.27192424 -0.13910731]]
[[ 0.26394788  0.63683273 -9.02348953 -0.11373755  0.27092087 -0.13730115]]
[[ 0.26232955  0.63695954 -9.02333025 -0.1141324   0.2718937  -0.13821069]]
[[ 0.26131484  0.63561418 -9.02172919 -0.11465066  0.27260356 -0.1382725 ]]
[[ 0.26008637  0.63597443 -9.02140979 -0.1150288   0.27209586 -0.13890869]]
[[ 0.25897456  0.63589096 -9.02283072 -0.11437158  0.27185038 -0.13943425]]
[[ 0.25813382  0.63465386 -9.02052613 -0.11591033  0.27328343 -0.13944476]]
[[ 0.25659032  0.63691213 -9.02060171 -0.1151288   0.27317389 -0.14105175]]
[[ 0.25332618  0.63708453 -9.02156375 -0.11466491  0.27397957 -0.1428142 ]]
[[ 0.25493923  0.63770149 -9.02064712 -0.11499324  0.27373573 -0.14224292]]
[[ 0.25524395  0.63749806 -9.01965764 -0.11539322  0.27356109 -0.14195802]]
[[ 0.25467299  0.63650889 -9.0184387  -0.11616041  0.27515298 -0.1419886 ]]
[[ 0.25326185  0.637699   -9.01395656 -0.1180889   0.2770817  -0.14317705]]
[[ 0.2555861   0.63838702 -9.01489297 -0.11751072  0.27584417 -0.14218575]]
[[ 0.2563956   0.63983215 -9.01377842 -0.11825987  0.27647644 -0.142379  ]]
[[ 0.25698409  0.63880052 -9.01374734 -0.11819386  0.27662709 -0.14169343]]
[[ 0.25896852  0.63919246 -9.015472   -0.11687358  0.27517783 -0.14086345]]
[[ 0.2575143   0.63836836 -9.01253233 -0.11852128  0.27669296 -0.14127288]]
[[ 0.25803302  0.63856361 -9.01114437 -0.11950923  0.27734317 -0.14110187]]
[[ 0.25979675  0.63618847 -9.00870597 -0.12081814  0.27774932 -0.13928452]]
[[ 0.26077931  0.63881545 -9.00686555 -0.12127237  0.27764803 -0.13971202]]
[[ 0.26083882  0.63835163 -9.00431737 -0.12304375  0.27882404 -0.13947982]]
[[ 0.26195907  0.63941259 -9.00226216 -0.12406051  0.28050182 -0.13942274]]
[[ 0.26053223  0.64069493 -9.00273493 -0.12274261  0.28016268 -0.14070578]]
[[ 0.25904618  0.64034875 -9.0042648  -0.12224014  0.2794327  -0.14116758]]
[[ 0.25728585  0.6399501  -9.00282074 -0.12295035  0.28046454 -0.14198058]]
[[ 0.25985409  0.64010145 -9.00189278 -0.12360363  0.28017894 -0.14069726]]
[[ 0.26022782  0.64024519 -9.00197502 -0.12362271  0.28014439 -0.14051934]]
[[ 0.25943895  0.64020403 -9.00076777 -0.12444574  0.28110625 -0.14088699]]
[[ 0.26007721  0.63999551 -8.99966419 -0.12459577  0.28119285 -0.14048653]]
[[ 0.25891974  0.63997765 -8.99907023 -0.12462428  0.28182876 -0.14112983]]
[[ 0.26039674  0.63995315 -8.99841523 -0.12504732  0.28190594 -0.14044   ]]
[[ 0.26159052  0.64136807 -8.99747267 -0.12520202  0.281679   -0.14032021]]
[[ 0.26142908  0.64087524 -8.99658613 -0.12594066  0.28258406 -0.14025472]]
[[ 0.26095638  0.64122472 -8.99543043 -0.12641331  0.28314838 -0.14066522]]
[[ 0.26183843  0.63994943 -8.99341881 -0.12778157  0.28367288 -0.13968945]]
[[ 0.26095806  0.64085148 -8.99213799 -0.12836133  0.28440569 -0.14049811]]
[[ 0.26080668  0.64149513 -8.99178185 -0.12844341  0.2848886  -0.14083964]]
[[ 0.2541245   0.64838944 -9.04355948 -0.08781492  0.27512555 -0.14755304]]
[[ 0.24152292  0.65787576 -9.05971495 -0.07170693  0.27819703 -0.15880051]]
[[ 0.24896703  0.65266267 -9.03599661 -0.09234253  0.28071642 -0.15224642]]
[[ 0.2561905   0.64946324 -9.01904802 -0.10625458  0.28060983 -0.14662965]]
[[ 0.09430631  0.59858474 -9.11254134 -0.09600863  0.35429614 -0.21900306]]
[[-2.34931959e-03  5.47357370e-01 -9.16099789e+00 -1.22422709e-01
   4.05640948e-01 -2.46089503e-01]]
[[ 0.07827295  0.55799884 -9.12742782 -0.13139201  0.3572356  -0.20503111]]
[[ 0.10992001  0.57836959 -9.08631297 -0.13356117  0.35097111 -0.19748955]]
[[ 0.16336036  0.59154211 -9.06354495 -0.13368209  0.32093781 -0.1734371 ]]
[[ 0.19501905  0.61236617 -9.2061338  -0.01565646  0.24560957 -0.16761037]]
[[ 0.16749217  0.66863628 -9.43539964  0.18997882  0.18090779 -0.20797861]]
[[ 0.20055943  0.68480466 -9.42775105  0.19768894  0.15382374 -0.1971117 ]]
[[ 0.27414053  0.70518211 -9.49786361  0.26088849  0.07097588 -0.16269228]]
[[ 0.30935944  0.69967588 -9.47477382  0.23754953  0.0549276  -0.13871756]]
[[ 0.27749818  0.65659166 -9.3138357   0.09762805  0.1441848  -0.13877689]]
[[ 0.28214025  0.64532448 -9.20239227  0.01228969  0.18471298 -0.13006679]]
[[ 0.2834007   0.66105741 -9.13584908 -0.01868721  0.21144049 -0.13704208]]
[[ 0.26258883  0.64747313 -9.08480786 -0.06181494  0.24782022 -0.14288681]]
[[ 0.26332886  0.64507545 -9.04998207 -0.08743772  0.26076811 -0.14110393]]
[[ 0.27189166  0.65117862 -9.02683877 -0.0981366   0.26489236 -0.13903274]]
[[ 0.26075827  0.64639088 -9.01363014 -0.10955502  0.27736143 -0.14330676]]
[[ 0.25494644  0.64334373 -9.00411583 -0.11855868  0.28409677 -0.14505445]]
[[ 0.26480751  0.6465555  -8.99456869 -0.12187218  0.28064278 -0.14078488]]
[[ 0.25573419  0.64590869 -8.98896657 -0.12764477  0.28925866 -0.14560049]]
[[ 0.25311919  0.64772461 -8.98589682 -0.12941475  0.29259735 -0.14790712]]
[[ 0.26002302  0.65018917 -8.98338928 -0.12887179  0.28717753 -0.14478767]]
[[ 0.25972547  0.64510413 -8.98592483 -0.13090525  0.28718446 -0.14280725]]
[[ 0.25626312  0.64094802 -8.98603759 -0.13451048  0.28896812 -0.142692  ]]
[[ 0.26848598  0.64906336 -8.98420222 -0.12932093  0.28181908 -0.13953513]]
[[ 0.26302942  0.64809041 -8.98330894 -0.13010827  0.2864672  -0.14234409]]
[[ 0.2459319   0.62314161 -8.98728514 -0.15406648  0.29958256 -0.13859813]]
[[ 0.24260056  0.61137054 -8.98679299 -0.16439178  0.30154746 -0.13404438]]
[[ 0.24951927  0.61903767 -8.98312447 -0.15794702  0.29637855 -0.13443623]]
[[ 0.20509246  0.59108747 -8.87347879 -0.25075376  0.39197768 -0.14407974]]
[[ 0.2324769   0.5924053  -8.88058254 -0.24106786  0.36265745 -0.12992032]]
[[ 0.25026426  0.60737751 -8.90046934 -0.21785849  0.33785702 -0.12753056]]
[[ 0.23703198  0.56299014 -8.87148322 -0.28292335  0.36060018 -0.11306144]]
[[ 0.27888038  0.59157875 -8.71451578 -0.34516595  0.39961137 -0.10466363]]
[[ 0.38839793  0.66762495 -8.41201506 -0.44880172  0.46173178 -0.08204577]]
[[ 0.25106985  0.60316772 -8.24146787 -0.61138163  0.65974886 -0.12559666]]
[[ 0.22222962  0.565766   -8.33197333 -0.59123403  0.63271537 -0.12519191]]
[[ 0.29829402  0.59872022 -8.47443732 -0.4718545   0.49838301 -0.09738056]]
[[ 0.29953872  0.62125986 -8.32996562 -0.51695133  0.55992374 -0.10644872]]
[[ 0.42988473  0.49760067 -7.92419694 -0.87441038  0.62708034  0.0225835 ]]
[[ 0.38428829  0.36294877 -7.52196455 -1.21944358  0.8470466   0.06156848]]
[[ 0.44891736  0.22868139 -7.26464352 -1.49402962  0.90440644  0.17849884]]
[[ 0.63109053  0.23739995 -7.38511063 -1.44773462  0.69315803  0.27673884]]
[[ 0.64664215  0.06499948 -7.49752851 -1.60235275  0.61972798  0.35807846]]
[[ 0.52816409  0.20731399 -7.67733071 -1.34525116  0.64379204  0.21131401]]
[[ 0.31982118  0.31374744 -7.79941587 -1.17905802  0.77128125  0.04153447]]
[[ 2.86728180e-01  3.82405322e-01 -8.02966362e+00 -9.78675763e-01
   7.06544538e-01 -7.06683411e-03]]
[[ 0.27900443  0.36178855 -8.04246602 -0.99179939  0.70489504  0.00837273]]
[[ 0.34348355  0.42214876 -8.20368984 -0.82288743  0.57885101  0.0190083 ]]
[[ 0.34248025  0.44717268 -8.26075972 -0.77039671  0.55966011  0.00833162]]
[[ 0.32059095  0.47684448 -8.18851539 -0.79133454  0.61394771 -0.01915144]]
[[ 0.35154585  0.50346964 -8.33569286 -0.66245056  0.51143807 -0.01561198]]
[[ 0.35965433  0.55074514 -8.4668471  -0.52403031  0.4388991  -0.03719758]]
[[ 0.36394033  0.58855495 -8.62554956 -0.39511759  0.36894251 -0.05439341]]
[[ 0.22989802  0.49936159 -8.68732528 -0.47313442  0.44641859 -0.1035511 ]]
[[ 0.21936426  0.48512808 -8.73836564 -0.44065886  0.42297977 -0.10008626]]
[[ 0.15048867  0.46472295 -8.7067364  -0.48360407  0.47872719 -0.13788349]]
[[ 0.07453571  0.42137481 -8.68166521 -0.54976407  0.55247374 -0.16910759]]
[[ 0.15517169  0.48194538 -8.70074695 -0.47233826  0.47637105 -0.14706571]]
[[ 0.23292594  0.5035044  -8.70576145 -0.44612764  0.41320615 -0.1079772 ]]
[[ 0.15608097  0.52667268 -8.67128812 -0.44103221  0.48989323 -0.1594601 ]]
[[ 0.2252664   0.53309561 -8.72734999 -0.40066594  0.40725888 -0.11872904]]
[[ 0.2563037   0.56016201 -8.80131855 -0.32466085  0.35689564 -0.11156463]]
[[ 0.24757702  0.57826937 -8.85186703 -0.27241059  0.3424378  -0.12297508]]
[[ 0.21342013  0.58533681 -8.79032662 -0.3066086   0.39716319 -0.14658821]]
[[ 0.21544494  0.6009724  -8.80177115 -0.28487863  0.39015853 -0.15231257]]
[[ 0.17315546  0.63325285 -8.70554166 -0.30910462  0.46607391 -0.18936249]]
[[ 0.0975143   0.68425827 -8.60809789 -0.3187295   0.57159565 -0.25409246]]
[[ 0.11027751  0.65853517 -8.68622112 -0.30223265  0.53330656 -0.23796637]]
[[ 0.14841091  0.659995   -8.77537117 -0.242742    0.46021563 -0.2158441 ]]
[[ 0.16168332  0.64213896 -8.8304072  -0.22357302  0.42291458 -0.19886665]]
[[ 0.20702341  0.64642412 -8.86616886 -0.19966522  0.37400632 -0.17407771]]
[[ 0.22977249  0.64955076 -8.89487533 -0.17961503  0.34501442 -0.16228091]]
[[ 0.22513928  0.64133497 -8.91305707 -0.17391557  0.33946654 -0.16108936]]
[[ 0.23784077  0.64270023 -8.92284361 -0.16696352  0.32527062 -0.15414383]]
[[ 0.25263435  0.64576922 -8.93339035 -0.15861951  0.30927103 -0.14690889]]
[[ 0.24239723  0.64107053 -8.93912257 -0.15891149  0.31321923 -0.15039634]]
[[ 0.25086028  0.64291343 -8.94182988 -0.15547465  0.30611031 -0.14633303]]
[[ 0.26053532  0.64544421 -8.94580053 -0.15073507  0.29752798 -0.1419105 ]]
[[ 0.2500549   0.640655   -8.94701581 -0.1535551   0.30389646 -0.14583505]]
[[ 0.25040908  0.64074539 -8.94721184 -0.15342464  0.30307592 -0.14555339]]
[[ 0.25792884  0.64478069 -8.94967794 -0.14920107  0.29579654 -0.14296262]]
[[ 0.25143434  0.64338367 -8.95095803 -0.14981997  0.29907987 -0.14591927]]
[[ 0.1610247   0.61948814 -8.91126522 -0.20331926  0.38532743 -0.19362139]]
[[ 0.13256018  0.59804156 -8.87361629 -0.25298419  0.43148096 -0.20406158]]
[[ 0.13397242  0.6246102  -8.82052884 -0.25645378  0.44809499 -0.21298843]]
[[ 0.15227279  0.61166124 -8.7988176  -0.27735113  0.43933346 -0.19256651]]
[[ 0.15126255  0.66515994 -8.78828475 -0.23545579  0.45100939 -0.21826229]]
[[ 0.12318346  0.64580302 -8.75294527 -0.28350393  0.48551833 -0.22672493]]
[[ 0.16725943  0.6018032  -8.84450248 -0.26689734  0.40563173 -0.17987076]]
[[ 0.1946867   0.58792724 -8.83780359 -0.2880708   0.38753837 -0.15884684]]
[[ 0.11748452  0.50856974 -8.7230799  -0.44648698  0.48557513 -0.17918752]]
[[ 0.17634455  0.49251327 -8.69233268 -0.47739412  0.44769541 -0.13347091]]
[[ 0.21697443  0.56607007 -8.71943766 -0.38078207  0.41022652 -0.14228746]]
[[ 0.23173584  0.6326367  -8.72251336 -0.31145071  0.39758908 -0.15930249]]
[[ 0.21735169  0.64584793 -8.69099899 -0.31546051  0.4232505  -0.16776039]]
[[ 0.24258009  0.67820828 -8.67174066 -0.29453148  0.41308033 -0.16365757]]
[[ 0.27106558  0.70768422 -8.70303035 -0.24785301  0.37994091 -0.15926482]]
[[ 0.29224912  0.70159713 -8.64539539 -0.28460455  0.38194889 -0.14162701]]
[[ 0.29328361  0.6828261  -8.71551988 -0.25900236  0.35704419 -0.13354214]]
[[ 0.27091352  0.68083132 -8.76139707 -0.2356919   0.36394704 -0.1473233 ]]
[[ 0.25780856  0.67013106 -8.79520323 -0.22699223  0.36084524 -0.15175995]]
[[ 0.25006696  0.63644185 -8.80605887 -0.25134256  0.36129354 -0.14101725]]
[[ 0.24472406  0.6443675  -8.75572218 -0.2788449   0.39365672 -0.14787888]]
[[ 0.23469833  0.57769041 -8.66491821 -0.39727128  0.44451913 -0.11956587]]
[[ 0.21580668  0.55548391 -8.52716886 -0.49382836  0.51228359 -0.11893646]]
[[ 0.2659728   0.61333041 -8.66990894 -0.34925819  0.41102679 -0.11977621]]
[[ 0.28225093  0.61914642 -8.75603662 -0.29316898  0.36380765 -0.11413556]]
[[ 0.23860313  0.62573235 -8.82227709 -0.24566386  0.36698302 -0.14352194]]
[[ 0.24617388  0.6319964  -8.86350304 -0.21467282  0.34278899 -0.14235961]]
[[ 0.26725539  0.64330485 -8.89191872 -0.18938973  0.3162988  -0.13574087]]
[[ 0.24668487  0.639896   -8.91410445 -0.17782721  0.32199741 -0.1464927 ]]
[[ 0.24167614  0.64099704 -8.92716788 -0.1681554   0.31925431 -0.14998548]]
[[ 0.26103902  0.64727055 -8.93610931 -0.157504    0.30302143 -0.14206281]]
[[ 0.25549879  0.64634117 -8.94149731 -0.15564668  0.30485867 -0.14482364]]
[[ 0.24458265  0.64257212 -8.94776694 -0.15445529  0.31059831 -0.14959161]]
[[ 0.25684318  0.64876635 -8.94987826 -0.14855188  0.30106068 -0.14543735]]
[[ 0.26071526  0.64814629 -8.95229444 -0.14735434  0.29913067 -0.14324166]]
[[ 0.25249476  0.6430821  -8.95446178 -0.14962833  0.30487253 -0.14580761]]
[[ 0.25804717  0.64775366 -8.9565185  -0.14591521  0.29958818 -0.14455672]]
[[ 0.26235107  0.6479143  -8.9584295  -0.14361041  0.29617516 -0.14224835]]
[[ 0.25252292  0.64286963 -8.95767874 -0.14687025  0.3022815  -0.14553532]]
[[ 0.25621674  0.641481   -8.95861325 -0.14560649  0.29887638 -0.14292115]]
[[ 0.26213019  0.64577704 -8.95805906 -0.1441955   0.29560671 -0.14144615]]
[[ 0.25652644  0.64258098 -8.9592773  -0.14593623  0.29936499 -0.14325005]]
[[ 0.26052262  0.64393312 -8.95981514 -0.14473917  0.29767549 -0.14176903]]
[[ 0.26405506  0.64534185 -8.96091157 -0.14310827  0.29429014 -0.14036432]]
[[ 0.25902951  0.6419657  -8.95952208 -0.14540924  0.29795063 -0.14175698]]
[[ 0.25869227  0.642361   -8.95988975 -0.14555629  0.29813721 -0.1419914 ]]
[[ 0.26199189  0.64479449 -8.95946045 -0.14442272  0.29555148 -0.14117742]]
[[ 0.26187548  0.64249443 -8.960818   -0.14426085  0.2960939  -0.14047938]]
[[ 0.25833255  0.64064674 -8.95832014 -0.14583435  0.29832184 -0.14159403]]
[[ 0.26344974  0.64134848 -8.95528216 -0.14700182  0.29763026 -0.1391295 ]]
[[ 0.26384923  0.64006824 -8.95630903 -0.14697889  0.2974196  -0.13844507]]
[[ 0.26223828  0.64011195 -8.95602599 -0.1474723   0.29798256 -0.13926119]]
[[ 0.26282739  0.63999246 -8.9550721  -0.14775378  0.29713946 -0.13876162]]
[[ 0.25938212  0.63897863 -8.95508139 -0.1475906   0.29817515 -0.14024595]]
[[ 0.25896092  0.64004417 -8.9544373  -0.14827906  0.29895645 -0.14092655]]
[[ 0.26249578  0.63964582 -8.95246325 -0.14869175  0.29812741 -0.13887002]]
[[ 0.2619177   0.63906293 -8.95244676 -0.14917897  0.29867928 -0.1389497 ]]
[[ 0.26150968  0.63947551 -8.95004487 -0.15060413  0.30076057 -0.13943814]]
[[ 0.26319536  0.63970835 -8.95024198 -0.1499246   0.29969248 -0.13861617]]
[[ 0.26343741  0.6391897  -8.94949608 -0.15013832  0.30025947 -0.13834065]]
[[ 0.2635924   0.63969679 -8.94767955 -0.1510982   0.30145256 -0.13855544]]
[[ 0.26477761  0.6411151  -8.94805843 -0.15104366  0.30052702 -0.13834812]]
[[ 0.26280089  0.64000271 -8.94965519 -0.15057933  0.29991022 -0.13879026]]
[[ 0.2619449   0.64032555 -8.94709539 -0.15202378  0.30120947 -0.13932264]]
[[ 0.01611386  0.54844591 -8.85718701 -0.31307276  0.55193721 -0.23804209]]
[[ 0.07818462  0.57946675 -8.87880261 -0.26391139  0.48483976 -0.21635451]]
[[ 0.20404414  0.57427487 -8.89847036 -0.25456953  0.36830499 -0.1415003 ]]
[[ 0.22056324  0.61534373 -8.91778016 -0.19954048  0.34745649 -0.15197104]]
[[ 0.22384169  0.61006032 -8.92486084 -0.19681377  0.33921721 -0.14720865]]
[[ 0.2376446   0.61802842 -8.92933206 -0.18612263  0.32647202 -0.14267384]]
[[ 0.25536024  0.6403042  -8.93568725 -0.16287184  0.31004356 -0.14296259]]
[[ 0.25619718  0.6330061  -8.93497527 -0.16851314  0.30918478 -0.13891109]]
[[ 0.25607676  0.63374775 -8.9376896  -0.16453844  0.30926606 -0.13960752]]
[[ 0.26918483  0.63768169 -8.9314821  -0.16550638  0.30174508 -0.13359532]]
[[ 0.28170641  0.64299896 -8.93867064 -0.15355086  0.29223303 -0.12961986]]
[[ 0.26943524  0.63515276 -8.93950542 -0.16036311  0.29976618 -0.13284174]]
[[ 0.26768978  0.63713414 -8.93586212 -0.16179382  0.30159412 -0.13450728]]
[[ 0.27940668  0.64263702 -8.93813998 -0.15648081  0.2932981  -0.13035799]]
[[ 0.27393419  0.64465332 -8.93674521 -0.15584498  0.29864667 -0.1345958 ]]
[[ 0.26661523  0.64117079 -8.93433123 -0.15997675  0.30468203 -0.1371072 ]]
[[ 0.27308219  0.64226328 -8.93523496 -0.15819325  0.29909686 -0.13381506]]
[[ 0.27446225  0.64319629 -8.93367793 -0.15867717  0.29931891 -0.13354758]]
[[ 0.26943069  0.64316411 -8.9312261  -0.16001771  0.30361234 -0.13643358]]
[[ 0.24591354  0.64575038 -8.9142454  -0.16921076  0.32551249 -0.15218013]]
[[ 0.2429065   0.64306598 -8.90328327 -0.17865394  0.33116032 -0.15288136]]
[[ 0.25221536  0.64554261 -8.90648673 -0.17517954  0.32475777 -0.14821523]]
[[ 0.25855083  0.64890189 -8.91133968 -0.16995933  0.3193735  -0.14589513]]
[[ 0.26629537  0.64969376 -8.91416439 -0.16717757  0.31401804 -0.14176464]]
[[ 0.2655164   0.64631826 -8.91444888 -0.16834755  0.31361398 -0.14042245]]
[[ 0.26554324  0.64432509 -8.91272804 -0.16970995  0.31397778 -0.13936831]]
[[ 0.27013435  0.64677678 -8.91132381 -0.16910934  0.31217048 -0.13784104]]
[[ 0.26845003  0.64648986 -8.91308531 -0.16803071  0.31205253 -0.13860442]]
[[ 0.26818581  0.64483367 -8.91241906 -0.16860111  0.31234004 -0.13804888]]
[[ 0.27201926  0.64533149 -8.91055546 -0.16903889  0.31121811 -0.13614709]]
[[ 0.27149439  0.64690392 -8.90943181 -0.16960368  0.31209418 -0.13702651]]
[[ 0.27132947  0.64644621 -8.90908478 -0.17032865  0.31272841 -0.13696352]]
[[ 0.27212777  0.64537776 -8.91053117 -0.16943972  0.31143062 -0.13601805]]
[[ 0.2721216   0.64729854 -8.91107464 -0.16895648  0.31147089 -0.13681025]]
[[ 0.26831149  0.64626454 -8.91035456 -0.16917211  0.31278396 -0.13843719]]
[[ 0.26706381  0.6475892  -8.91203769 -0.16763787  0.31198392 -0.13956753]]
[[ 0.26787165  0.64649334 -8.91394482 -0.16701165  0.31113307 -0.13872689]]
[[ 0.26630234  0.64721136 -8.91372462 -0.16768712  0.31166864 -0.13976891]]
[[ 0.26683713  0.64723058 -8.91426642 -0.16736272  0.31108004 -0.13947141]]
[[ 0.26707884  0.64740893 -8.9135309  -0.1671666   0.3112895  -0.13950855]]
[[ 0.26884539  0.64691953 -8.91347869 -0.16745056  0.3112982  -0.13840061]]
[[ 0.26765965  0.64851767 -8.91176715 -0.16820816  0.31171692 -0.1396781 ]]
[[ 0.26730482  0.6485074  -8.91199741 -0.16830402  0.31187063 -0.13984364]]
[[ 0.26281728  0.65082252 -8.90885693 -0.16888536  0.31620423 -0.14337854]]
[[ 0.26235001  0.64975066 -8.90977946 -0.16900513  0.31656694 -0.14325727]]
[[ 0.26626755  0.65269211 -8.90931239 -0.16809723  0.3143019  -0.14224324]]
[[ 0.26632505  0.65040772 -8.9094018  -0.16850364  0.31431675 -0.14134852]]
[[ 0.26596835  0.64840111 -8.91002717 -0.16908634  0.31510065 -0.14075936]]
[[ 0.26984777  0.64948014 -8.90886191 -0.16896461  0.31380869 -0.13913012]]
[[ 0.27075458  0.64885044 -8.90825035 -0.16884981  0.31332266 -0.13837388]]
[[ 0.26894223  0.64681139 -8.9083902  -0.17004422  0.31481908 -0.1385579 ]]
[[ 0.26927252  0.64587363 -8.90614724 -0.17128697  0.31538523 -0.13797784]]
[[ 0.27298503  0.64759189 -8.9063229  -0.17057617  0.31354726 -0.13672586]]
[[ 0.26988101  0.64795632 -8.90644018 -0.17082729  0.31507708 -0.13854693]]
[[ 0.27164585  0.64712707 -8.90540671 -0.17152486  0.31529894 -0.13735768]]
[[ 0.27376937  0.64953442 -8.90398053 -0.17123415  0.31410704 -0.13710455]]
[[ 0.27375488  0.64973575 -8.90415102 -0.17203174  0.31478314 -0.1371279 ]]
[[ 0.27193338  0.64916382 -8.90219612 -0.17330842  0.31651756 -0.13789722]]
[[ 0.27451261  0.65088127 -8.90116293 -0.17276225  0.31541991 -0.1372559 ]]
[[ 0.27389782  0.65108169 -8.89963278 -0.17390016  0.31584422 -0.13749741]]
[[ 0.27205595  0.65157518 -8.8977955  -0.17478651  0.31783426 -0.13877691]]
[[ 0.27221489  0.65245152 -8.89604822 -0.17513866  0.31782936 -0.13905759]]
[[ 0.27307319  0.65381877 -8.89423867 -0.17598102  0.31828183 -0.13919993]]
[[ 0.27112957  0.65348675 -8.89390676 -0.1764742   0.31940626 -0.14007462]]
[[ 0.2730482   0.65471418 -8.89342376 -0.17631083  0.31878496 -0.13950726]]
[[ 0.27417907  0.65403825 -8.89282603 -0.17665439  0.318472   -0.1385257 ]]
[[ 0.27287482  0.6544525  -8.89073032 -0.17768909  0.32009492 -0.13939461]]
[[ 0.27131508  0.65389118 -8.88990809 -0.17825767  0.32031077 -0.13989093]]
[[ 0.27048827  0.65320819 -8.89041031 -0.17770882  0.31968258 -0.14007307]]
[[ 0.26969955  0.65199212 -8.89103186 -0.17790823  0.31996224 -0.13996676]]
[[ 0.2704125   0.65179484 -8.89010124 -0.17842474  0.32021914 -0.13952834]]
[[ 0.27120737  0.65179593 -8.89010576 -0.17825526  0.31965018 -0.13909831]]
[[ 0.27088324  0.65228073 -8.8890814  -0.17901755  0.32075146 -0.13957585]]
[[ 0.27158857  0.65151689 -8.88914245 -0.17877133  0.32075512 -0.13893878]]
[[ 0.27440124  0.65412279 -8.88496538 -0.18034651  0.32159043 -0.13853301]]
[[ 0.2740057   0.65321869 -8.88469165 -0.18087763  0.32173938 -0.13831961]]
[[ 0.27286998  0.65374868 -8.8829352  -0.1817401   0.32291877 -0.13920388]]
[[ 0.27057838  0.65333518 -8.88017748 -0.1830692   0.32393826 -0.14007198]]
[[ 0.27019688  0.65473575 -8.88054346 -0.18267974  0.32374623 -0.14075865]]
[[ 0.26954392  0.65469769 -8.87731882 -0.18436561  0.3255516  -0.14108369]]
[[ 0.27181514  0.65593512 -8.87656205 -0.18450765  0.32548707 -0.14044397]]
[[ 0.27435179  0.65574538 -8.87475351 -0.18534602  0.32556115 -0.13911076]]
[[ 0.27536627  0.65674142 -8.87279585 -0.18663174  0.32657238 -0.13898873]]
[[ 0.27515057  0.65564378 -8.87311472 -0.18639876  0.32641935 -0.13871142]]
[[ 0.27528822  0.65437281 -8.87053666 -0.18762369  0.32742702 -0.13810009]]
[[ 0.27372718  0.6529824  -8.86883952 -0.18839724  0.3288288  -0.13844207]]
[[ 0.27456318  0.65365475 -8.86822032 -0.18884279  0.32871088 -0.13827771]]
[[ 0.27458332  0.65674553 -8.86614903 -0.18937663  0.32935319 -0.13946084]]
[[ 0.27455673  0.65754707 -8.86469256 -0.19044291  0.33014079 -0.13976389]]
[[ 0.27210532  0.65847924 -8.86264301 -0.1911605   0.33170531 -0.14139612]]
[[ 0.27199848  0.65949753 -8.86183743 -0.19061195  0.33202909 -0.14199955]]
[[ 0.27097248  0.65730055 -8.86173761 -0.19224584  0.33287649 -0.14157071]]
[[ 0.26863249  0.65853609 -8.85942773 -0.19190469  0.33576236 -0.14366694]]
[[ 0.27399434  0.65816284 -8.85750398 -0.19362354  0.33380264 -0.14040396]]
[[ 0.26255576  0.66823224 -8.85398124 -0.18658311  0.34483577 -0.15214291]]
[[ 0.25425954  0.65494325 -8.84824764 -0.20098351  0.35039905 -0.15024184]]
[[ 0.2587533   0.66168935 -8.85093695 -0.1932319   0.34727722 -0.15107066]]
[[ 0.26586737  0.6644817  -8.84673524 -0.19335168  0.34365991 -0.1482099 ]]
[[ 0.26167923  0.65935872 -8.84581197 -0.19816352  0.34668708 -0.14818676]]
[[ 0.26055238  0.65980377 -8.84354183 -0.19928804  0.34743542 -0.14883919]]
[[ 0.26422237  0.66283163 -8.84202668 -0.19790409  0.34456897 -0.14806171]]
[[ 0.2655301   0.66223387 -8.84604307 -0.19662058  0.34264875 -0.14705267]]
[[ 0.26604926  0.6633851  -8.84172877 -0.19946896  0.34514238 -0.14730492]]
[[ 0.27068996  0.66455383 -8.83941453 -0.19999525  0.34322258 -0.14514039]]
[[ 0.27138797  0.66346399 -8.83899639 -0.20091775  0.34417098 -0.14444753]]
[[ 0.27222012  0.66186101 -8.83729833 -0.20191328  0.34496273 -0.14336718]]
[[ 0.27259046  0.66281058 -8.83702544 -0.20095644  0.3436     -0.1434791 ]]
[[ 0.27186537  0.66057502 -8.83688523 -0.20247606  0.34408724 -0.1428117 ]]
[[ 0.27148632  0.65950864 -8.83684437 -0.20342472  0.34384552 -0.14237588]]
[[ 0.27503075  0.66108328 -8.83819993 -0.20256689  0.34063667 -0.14093155]]
[[ 0.27129     0.65966595 -8.84029606 -0.2009852   0.34201661 -0.14256037]]
[[ 0.24268179  0.65161365 -8.82042705 -0.21864678  0.37468649 -0.1547012 ]]
[[ 0.25481249  0.65295026 -8.82280687 -0.21735196  0.36499451 -0.14845754]]
[[ 0.23500823  0.64892137 -8.79028327 -0.23831782  0.39505486 -0.15708397]]
[[ 0.23848798  0.65164725 -8.80843394 -0.22493788  0.38232012 -0.15677495]]
[[ 0.25268143  0.65690641 -8.81701358 -0.21723984  0.36671344 -0.15106934]]
[[ 0.26136042  0.65656645 -8.82282733 -0.21388108  0.35838665 -0.14621311]]
[[ 0.2559435   0.54136048 -8.77510568 -0.35288485  0.37680215 -0.09903894]]
[[ 0.42671497  0.68475196 -8.42608064 -0.41564861  0.3983439  -0.06651821]]
[[ 0.52788262  0.74665494 -8.13083353 -0.51920687  0.44894733 -0.03644652]]
[[ 0.43627609  0.70789906 -8.34022836 -0.43750496  0.43090837 -0.0706444 ]]
[[ 0.36280242  0.69473625 -8.24641175 -0.51118912  0.53492507 -0.1055878 ]]
[[ 0.54793342  0.76282322 -7.03559721 -1.15213549  0.91524745 -0.02838993]]
[[ 0.94027602  0.98515419 -5.95814767 -1.54730592  1.07428744  0.09226098]]
[[ 0.98683996  1.07336124 -5.86423968 -1.49508096  1.08719538  0.08001081]]
[[ 0.75052486  0.89930098 -6.80801109 -1.12420249  0.86142412  0.02449938]]
[[ 0.60729504  0.84361857 -7.45137141 -0.8138883   0.69384178 -0.03343805]]
[[ 0.50707534  0.77699083 -7.89485848 -0.61857757  0.57318576 -0.06058924]]
[[ 0.39003285  0.70418336 -8.17575112 -0.50670029  0.51273932 -0.09215428]]
[[ 0.24362836  0.58371164 -8.17525631 -0.52653145  0.55674988 -0.11988111]]
[[ 0.2825956   0.61503317 -8.08257074 -0.56275123  0.58946388 -0.11426734]]
[[ 0.3654812   0.66843423 -8.04503465 -0.57400186  0.59811431 -0.09535012]]
[[ 0.44747814  0.65684535 -7.74840373 -0.72257772  0.71270062 -0.0539185 ]]
[[ 0.56047482  0.68972979 -7.5969987  -0.78559737  0.76022809 -0.01397619]]
[[ 0.59086231  0.66498339 -7.52047554 -0.82319374  0.7756733   0.01139139]]
[[ 5.39909638e-01  6.43099943e-01 -7.68497796e+00 -7.47480071e-01
   7.27357806e-01 -5.52305160e-03]]
[[ 0.46175063  0.64525656 -8.04261045 -0.58013764  0.60826874 -0.04412983]]
[[ 0.40738658  0.64503334 -8.29711434 -0.4613234   0.5222987  -0.07023637]]
[[ 0.37489728  0.64711774 -8.46946892 -0.37844458  0.46155383 -0.08647185]]
[[ 0.35623051  0.65036975 -8.58737437 -0.32073544  0.41583162 -0.09617559]]
[[ 0.32706523  0.64903977 -8.66353226 -0.28647304  0.39776285 -0.11063027]]
[[ 0.30535332  0.6453326  -8.71979743 -0.26209122  0.38562056 -0.12033592]]
[[ 0.3174763   0.65142997 -8.7512833  -0.24285938  0.36113859 -0.11535527]]
[[ 0.32219111  0.64911982 -8.77347206 -0.23656183  0.34681804 -0.11075978]]
[[ 0.29473276  0.64749822 -8.7900143  -0.22874069  0.35891612 -0.1258567 ]]
[[ 0.29938833  0.65122231 -8.79766757 -0.2222453   0.35131112 -0.12460089]]
[[ 0.31363836  0.6511108  -8.80031023 -0.22145257  0.3401246  -0.11624149]]
[[ 0.2940278   0.64921688 -8.80372337 -0.22213315  0.35193495 -0.12643223]]
[[ 0.28990915  0.6519702  -8.80700026 -0.21859401  0.3522003  -0.12985354]]
[[ 0.30045099  0.65647968 -8.80916626 -0.21325138  0.34194138 -0.12570278]]
[[ 0.28434568  0.65121106 -8.80623065 -0.22078311  0.35330734 -0.13220534]]
[[ 0.27019744  0.52981917 -8.82131804 -0.34920801  0.34580949 -0.08788192]]
[[ 0.27464416  0.50725016 -8.76419433 -0.39741291  0.36283325 -0.07600659]]
[[ 0.32644451  0.48045828 -8.73639911 -0.44139134  0.32801924 -0.03224148]]
[[ 0.30239053  0.5222125  -8.73999702 -0.39086217  0.34985532 -0.06492842]]
[[ 0.30553099  0.49181933 -8.72782794 -0.4383794   0.34669715 -0.04953115]]
[[ 0.42273211  0.40721831 -8.70421416 -0.53679333  0.24761206  0.05731856]]
[[ 0.35925253  0.39607165 -8.75127432 -0.52451335  0.28992838  0.02171895]]
[[ 0.37756006  0.24274044 -8.7751702  -0.68511727  0.24561621  0.09529268]]
[[ 0.42375489  0.09958546 -8.78572035 -0.84362925  0.19174334  0.18018158]]
[[ 0.39319401  0.20613471 -8.78148903 -0.70983574  0.227934    0.11651523]]
[[ 0.33554751  0.32952185 -8.77269955 -0.57577587  0.29385842  0.0325435 ]]
[[ 0.28881413  0.41474709 -8.79018826 -0.47480477  0.33285186 -0.03392127]]
[[ 0.19376763  0.46196652 -8.78670314 -0.42181363  0.41656943 -0.10558588]]
[[ 0.02261946  0.41826188 -8.80140899 -0.44018726  0.52654477 -0.1731347 ]]
[[ 0.14382996  0.51449225 -8.79066594 -0.36170921  0.44723297 -0.14813749]]
[[ 0.16951674  0.55192287 -8.81089887 -0.31431838  0.42636719 -0.15185371]]
[[ 0.16307092  0.55734689 -8.80033564 -0.31020604  0.43547217 -0.15795363]]
[[ 0.1889891   0.59067726 -8.7923343  -0.28427934  0.42119496 -0.15855718]]
[[ 0.25700822  0.62290917 -8.79373589 -0.25424491  0.37251406 -0.13440079]]
[[ 0.25635349  0.63610953 -8.79430614 -0.24031873  0.37507006 -0.14144426]]
[[ 0.22495034  0.62037214 -8.78721663 -0.25842842  0.39883322 -0.15162565]]
[[ 0.25153588  0.64885236 -8.78617798 -0.23517281  0.37986177 -0.14959439]]
[[ 0.27235983  0.66288876 -8.78613008 -0.22443231  0.36639552 -0.14414717]]
[[ 0.25258488  0.64456469 -8.78249156 -0.2410196   0.38110862 -0.14683294]]
[[ 0.25687106  0.65311164 -8.78156112 -0.23562015  0.37685276 -0.14804595]]
[[ 0.27441117  0.66454582 -8.78398351 -0.2241191   0.36463796 -0.14352463]]
[[ 0.26293881  0.65517959 -8.77956592 -0.23499446  0.37533011 -0.14569731]]
[[ 0.26251301  0.65798643 -8.78190846 -0.23158858  0.37448003 -0.14718875]]
[[ 0.28613605  0.66636906 -8.78280571 -0.22458341  0.35806774 -0.1375473 ]]
[[ 0.27180674  0.65974219 -8.78215324 -0.23036725  0.36913418 -0.14282709]]
[[ 0.2576177   0.65304343 -8.78251609 -0.23374246  0.37840873 -0.14800319]]
[[ 0.28018959  0.65842124 -8.78094129 -0.22963752  0.36351517 -0.13759167]]
[[ 0.28546251  0.6616483  -8.77973218 -0.22865922  0.3615939  -0.13606216]]
[[ 0.27278539  0.65501831 -8.77751072 -0.23553557  0.37169574 -0.14031955]]
[[ 0.27717839  0.65793871 -8.77605269 -0.23405849  0.36907105 -0.1390602 ]]
[[ 0.28832071  0.66231786 -8.77619772 -0.23114518  0.36083458 -0.13460055]]
[[ 0.27754463  0.65792102 -8.77331165 -0.23603366  0.37058947 -0.1389562 ]]
[[ 0.27476847  0.65655366 -8.7736298  -0.23632437  0.37047923 -0.13971819]]
[[ 0.28634082  0.66179171 -8.77262597 -0.23310894  0.36332004 -0.13544392]]
[[ 0.28030263  0.65879264 -8.76937371 -0.23730064  0.36978234 -0.13769692]]
[[ 0.27702962  0.65851855 -8.77033414 -0.23706724  0.37140903 -0.1394203 ]]
[[ 0.28477085  0.66154959 -8.76906129 -0.23510942  0.36636031 -0.1364218 ]]
[[ 0.28448502  0.6578152  -8.76940171 -0.23709152  0.36669959 -0.13491107]]
[[ 0.27976509  0.65537417 -8.76900163 -0.23883225  0.37015464 -0.13656528]]
[[ 0.28150622  0.65833774 -8.76700683 -0.23741294  0.36846582 -0.13679201]]
[[ 0.28144316  0.65649025 -8.76613782 -0.23831251  0.36880348 -0.1361398 ]]
[[ 0.27646671  0.65458296 -8.76575046 -0.23937968  0.37147558 -0.13812027]]
[[ 0.27924005  0.65401849 -8.76879475 -0.23805471  0.36867558 -0.13621726]]
[[ 0.28031583  0.65634903 -8.76872895 -0.23687827  0.36799791 -0.13671069]]
[[ 0.2769504   0.65725815 -8.76878492 -0.23735145  0.37013894 -0.13897248]]
[[ 0.277285    0.65952583 -8.76669842 -0.23780857  0.36994858 -0.13955394]]
[[ 0.27877184  0.66176519 -8.76545505 -0.23762318  0.3685821  -0.13945698]]
[[ 0.278777    0.66099371 -8.76383259 -0.23939943  0.37029694 -0.13923528]]
[[ 0.27968317  0.66130033 -8.76156341 -0.24061402  0.37133237 -0.13885924]]
[[ 0.28335047  0.66231974 -8.75847619 -0.24124831  0.37072416 -0.13732838]]
[[ 0.28167888  0.66303643 -8.75706603 -0.24192034  0.37276477 -0.13859413]]
[[ 0.28052431  0.66142086 -8.75791792 -0.24170155  0.37378983 -0.13876015]]
[[ 0.28170944  0.66301955 -8.75665815 -0.24178309  0.37297814 -0.13863928]]
[[ 0.28106069  0.66370751 -8.75662024 -0.24160708  0.37302249 -0.13927157]]
[[ 0.27996682  0.66198779 -8.7567744  -0.24258355  0.37448279 -0.13913093]]
[[ 0.28263241  0.66417003 -8.75688956 -0.24152155  0.37288579 -0.13853799]]
[[ 0.28166997  0.66400367 -8.75625815 -0.24175683  0.37352411 -0.13897512]]
[[ 0.27827181  0.66387358 -8.75397947 -0.24289241  0.37551485 -0.14072496]]
[[ 0.28182429  0.66362607 -8.75295253 -0.24359229  0.37446539 -0.13871221]]
[[ 0.28278812  0.66242175 -8.7515148  -0.24489496  0.37508477 -0.13779855]]
[[ 0.28216736  0.66429128 -8.75128509 -0.24466037  0.37585334 -0.13889113]]
[[ 0.28265234  0.66430672 -8.75218679 -0.24388911  0.37515949 -0.13859733]]
[[ 0.28104758  0.66262613 -8.7484153  -0.24628752  0.37701126 -0.13876435]]
[[ 0.28028287  0.66336829 -8.74692433 -0.24655881  0.3774205  -0.13941683]]
[[ 0.28084954  0.66206891 -8.74759312 -0.24643775  0.37711254 -0.13869251]]
[[ 0.27979525  0.66476128 -8.74726862 -0.24623261  0.37727797 -0.14029312]]
[[ 0.27930551  0.66517452 -8.74781271 -0.24626986  0.377266   -0.14065862]]
[[ 0.28047889  0.66466833 -8.74576627 -0.24712946  0.37758777 -0.13990632]]
[[ 0.2790435   0.66570739 -8.74405656 -0.24785054  0.37857274 -0.14107906]]
[[ 0.27802591  0.66394435 -8.74497182 -0.24842297  0.37911407 -0.14092541]]
[[ 0.27901841  0.66536977 -8.74611908 -0.24734664  0.37788679 -0.14091529]]
[[ 0.27937344  0.6659888  -8.74461558 -0.24767787  0.37856988 -0.14099654]]
[[ 0.27951945  0.66728391 -8.74378408 -0.24804173  0.3795323  -0.1415849 ]]
[[ 0.27943164  0.66643184 -8.74280438 -0.24849748  0.37953522 -0.14118401]]
[[ 0.28071531  0.66609915 -8.74177343 -0.24888028  0.37977264 -0.14037123]]
[[ 0.27965331  0.66493583 -8.738937   -0.25107775  0.38136476 -0.14038839]]
[[ 0.27999491  0.66842093 -8.7388587  -0.2501837   0.38176809 -0.14168356]]
[[ 0.27832175  0.66679063 -8.73790826 -0.25092934  0.3817508  -0.14177624]]
[[ 0.27644732  0.66865527 -8.73702878 -0.2508934   0.38196563 -0.14339822]]
[[ 0.27476329  0.66562471 -8.73764729 -0.25153496  0.38295127 -0.14308828]]
[[ 0.27429318  0.66819149 -8.73684217 -0.25131866  0.38300214 -0.14434604]]
[[ 0.2770766   0.66733352 -8.73679554 -0.25103405  0.38186116 -0.14264296]]
[[ 0.27530004  0.66813888 -8.73650059 -0.25161492  0.38329962 -0.14400679]]
[[ 0.27433432  0.6697886  -8.73779543 -0.25101037  0.38285838 -0.14510319]]
[[ 0.27758876  0.67289958 -8.73854779 -0.24977849  0.38125116 -0.14461438]]
[[ 0.27687766  0.67293242 -8.73775216 -0.2506743   0.38199069 -0.14502388]]
[[ 0.26039087  0.66371149 -8.73622535 -0.25645639  0.38977617 -0.14991943]]
[[ 2.71458232e-04  6.34493068e-01 -8.50256844e+00 -4.03308329e-01
   6.14656354e-01 -2.78342454e-01]]
[[ 0.10530754  0.64894208 -8.58394027 -0.34451285  0.52313426 -0.22718094]]
[[ 0.19583645  0.66347158 -8.62775632 -0.312691    0.4541637  -0.18312576]]
[[ 0.2109727   0.66660211 -8.65718105 -0.29610694  0.44347236 -0.1774858 ]]
[[ 0.21247824  0.65972969 -8.68030958 -0.28842246  0.43895517 -0.17433607]]
[[ 0.2515229   0.67012016 -8.69456484 -0.27335653  0.4072135  -0.15671645]]
[[ 0.26644385  0.67375887 -8.70196142 -0.26674078  0.39789028 -0.15047782]]
[[ 0.25489614  0.6677301  -8.70565754 -0.27031847  0.40672739 -0.15450621]]
[[ 0.26694811  0.67220565 -8.70854314 -0.26605474  0.39789579 -0.14965158]]
[[ 0.28129367  0.67885284 -8.71008016 -0.26107627  0.3893132  -0.14463386]]
[[ 0.26853365  0.67473672 -8.71077735 -0.26433051  0.39828124 -0.15018889]]
[[ 0.27244333  0.67598265 -8.71235449 -0.26268425  0.39578202 -0.14856752]]
[[ 0.28376852  0.68163339 -8.71198445 -0.26003005  0.38867904 -0.14464694]]
[[ 0.27449838  0.67913514 -8.71098522 -0.26286825  0.39557116 -0.14880282]]
[[ 0.27478686  0.67894606 -8.71022194 -0.26381912  0.39649731 -0.14860732]]
[[ 0.28191712  0.68187381 -8.70913964 -0.26126474  0.39157755 -0.14588562]]
[[ 0.27876293  0.68120364 -8.70871363 -0.26284297  0.3937668  -0.14726986]]
[[ 0.27578703  0.67701465 -8.70825221 -0.26434772  0.39756797 -0.1475216 ]]
[[ 0.28194913  0.67820614 -8.70777612 -0.26270378  0.39323585 -0.14459844]]
[[ 0.27792045  0.67827023 -8.70631262 -0.26408718  0.39561201 -0.14674915]]
[[ 0.27583207  0.67387281 -8.70866721 -0.26450593  0.39644954 -0.14618417]]
[[ 0.28021286  0.67737323 -8.70689478 -0.26382615  0.39428879 -0.14514931]]
[[ 0.28114537  0.67632053 -8.7069137  -0.26385694  0.39386519 -0.14420362]]
[[ 0.27610329  0.67493633 -8.70538644 -0.26557641  0.3974448  -0.14635523]]
[[ 0.27901575  0.67702444 -8.70619781 -0.26449484  0.39533778 -0.14557828]]
[[ 0.27921452  0.67966409 -8.70687018 -0.26367758  0.39431478 -0.14645786]]
[[ 0.27569441  0.67942744 -8.70320012 -0.26590191  0.39753116 -0.1482979 ]]
[[ 0.27750126  0.67935131 -8.70238559 -0.26562336  0.39685207 -0.14732524]]
[[ 0.28071031  0.67937955 -8.7017914  -0.26621221  0.39629642 -0.14563126]]
[[ 0.27857269  0.67893637 -8.70292924 -0.26644081  0.39687657 -0.14654707]]
[[ 0.28078925  0.68010006 -8.70425381 -0.26554521  0.39554153 -0.14587559]]
[[ 0.28101479  0.67913375 -8.70443048 -0.26512653  0.39483862 -0.14530061]]
[[ 0.2823535   0.67974651 -8.70129402 -0.26660734  0.39629652 -0.14486156]]
[[ 0.28164985  0.67955697 -8.70200425 -0.26632104  0.39598501 -0.14510757]]
[[ 0.27928708  0.67855524 -8.70518743 -0.26523378  0.3948015  -0.14583343]]
[[ 0.27870795  0.67637247 -8.70949973 -0.2635779   0.39338744 -0.14531879]]
[[ 0.2805196   0.67762972 -8.70971648 -0.2628599   0.39264557 -0.1448931 ]]
[[ 0.2814447   0.67785448 -8.71098603 -0.26160986  0.39201525 -0.14465291]]
[[ 0.28071174  0.67908354 -8.71147852 -0.26163577  0.39202871 -0.14548747]]
[[ 0.28284843  0.6799651  -8.70909122 -0.26308936  0.39221051 -0.14455757]]
[[ 0.28314806  0.67978669 -8.71014919 -0.26306801  0.39195499 -0.14429417]]
[[ 0.28298177  0.67869436 -8.70972943 -0.26338174  0.39289921 -0.14406085]]
[[ 0.28265987  0.68055071 -8.70910061 -0.26253395  0.39237629 -0.1449302 ]]
[[ 0.28024754  0.68023829 -8.70877399 -0.2626841   0.39285814 -0.14594011]]
[[ 0.28024705  0.68032478 -8.71043374 -0.26217702  0.39227978 -0.14599014]]
[[ 0.27876302  0.68106091 -8.7105676  -0.26244275  0.39187194 -0.14690577]]
[[ 0.27829829  0.68138264 -8.70777645 -0.26384062  0.39337166 -0.14730889]]
[[ 0.27955435  0.68209622 -8.70569475 -0.26431365  0.39400658 -0.14699816]]
[[ 0.27931076  0.68161343 -8.7057322  -0.26455313  0.39405485 -0.14694054]]
[[ 0.27943672  0.68478296 -8.70189551 -0.26584265  0.39570736 -0.14819034]]
[[ 0.28228516  0.68397119 -8.70145625 -0.26601985  0.39526698 -0.14636098]]
[[ 0.28094077  0.68386643 -8.70047371 -0.26726373  0.39634095 -0.14698143]]
[[ 0.28158332  0.68421308 -8.70076388 -0.26673585  0.39576513 -0.14674498]]
[[ 0.28073903  0.68659637 -8.69994602 -0.26645382  0.3960529  -0.14810654]]
[[ 0.27857969  0.68478924 -8.69844602 -0.26789619  0.39748146 -0.14851494]]
[[ 0.28053779  0.68364893 -8.69939618 -0.26709478  0.39640141 -0.14714514]]
[[ 0.28176677  0.684932   -8.69959    -0.26721863  0.39588307 -0.14696874]]
[[ 0.27850654  0.68406026 -8.69983608 -0.26699564  0.396742   -0.14832192]]
[[ 0.27863116  0.68286054 -8.70170075 -0.26628841  0.39620944 -0.14780137]]
[[ 0.27721582  0.68340239 -8.70204678 -0.26580408  0.39656776 -0.14879814]]
[[ 0.27822262  0.68381016 -8.70276071 -0.26567513  0.39622009 -0.14839538]]
[[ 0.28259434  0.68334131 -8.70206321 -0.26584686  0.39471752 -0.14586408]]
[[ 0.28183672  0.68239228 -8.70021936 -0.26722442  0.39609256 -0.14591191]]
[[ 0.28148691  0.68323587 -8.69862222 -0.26806053  0.39711981 -0.14641056]]
[[ 0.2828285   0.68366624 -8.69736934 -0.26814386  0.39683967 -0.14581741]]
[[ 0.28366933  0.68372123 -8.69695346 -0.2684167   0.39705452 -0.14545026]]
[[ 0.28334406  0.68154763 -8.6945224  -0.27010939  0.3982032  -0.14475129]]
[[ 0.28515486  0.68269692 -8.69131745 -0.27127944  0.39881758 -0.14429475]]
[[ 0.28645618  0.68242863 -8.69064536 -0.27169851  0.39904571 -0.14350511]]
[[ 0.28515071  0.68202747 -8.68904372 -0.27280419  0.40003979 -0.1440753 ]]
[[ 0.28534293  0.68281558 -8.68941017 -0.27266712  0.39983475 -0.14429932]]
[[ 0.28511359  0.68341588 -8.68928851 -0.27215486  0.39958951 -0.1446979 ]]
[[ 0.28476365  0.68270566 -8.69101191 -0.27146827  0.39946272 -0.1446285 ]]
[[ 0.28477642  0.68138912 -8.68875762 -0.2730289   0.40023331 -0.14403249]]
[[ 0.28845373  0.68358199 -8.68694287 -0.27320718  0.40013394 -0.14304239]]
[[ 0.28718387  0.68249824 -8.6879488  -0.27326738  0.40049453 -0.14332365]]
[[ 0.28793857  0.68321055 -8.68619709 -0.2741726   0.40108307 -0.14320429]]
[[ 0.28825344  0.68472545 -8.68574635 -0.27382345  0.40104376 -0.14366421]]
[[ 0.2877614   0.6847633  -8.68470481 -0.27467905  0.40207758 -0.14400023]]
[[ 0.28931953  0.68627365 -8.68381827 -0.27462596  0.40202197 -0.14381092]]
[[ 0.28821397  0.68630796 -8.68303194 -0.27509848  0.40231487 -0.14432632]]
[[ 0.28510415  0.68598491 -8.68290146 -0.27555958  0.40269335 -0.14571027]]
[[ 0.27902462  0.6831055  -8.68533256 -0.27471304  0.40613864 -0.14814535]]
[[ 0.2666583   0.68137026 -8.67993442 -0.27921036  0.41767055 -0.15459892]]
[[ 0.27623867  0.68738248 -8.67683736 -0.27602254  0.41332712 -0.15201265]]
[[ 0.27323739  0.6889144  -8.67442214 -0.27740158  0.41684874 -0.15429717]]
[[ 0.26692328  0.69413241 -8.66883911 -0.27696513  0.42238067 -0.16013471]]
[[ 0.26208094  0.6914664  -8.67388359 -0.27646162  0.42427838 -0.16181573]]
[[ 0.27669388  0.69573024 -8.6705661  -0.27639233  0.41556999 -0.15512096]]
[[ 0.31611877  0.70681188 -8.67358559 -0.26386288  0.38807159 -0.13800517]]
[[ 0.29651947  0.68335608 -8.67281095 -0.28398278  0.40310991 -0.13833691]]
[[ 0.28430888  0.68421011 -8.67511673 -0.28123737  0.41048706 -0.14590834]]
[[ 0.30288003  0.68923025 -8.67336217 -0.27790895  0.39746838 -0.13744032]]
[[ 0.30995974  0.6851852  -8.67047476 -0.28324872  0.39358189 -0.13123775]]
[[ 0.29921319  0.68451945 -8.67076226 -0.28240196  0.40179622 -0.13748406]]
[[ 0.29649841  0.68498752 -8.66939525 -0.28309765  0.40285597 -0.13895073]]
[[ 0.30440507  0.68822145 -8.66871538 -0.28174826  0.39767532 -0.13577111]]
[[ 0.29860857  0.68823752 -8.66668697 -0.28318359  0.40283442 -0.13904221]]
[[ 0.29301412  0.68699694 -8.66675289 -0.28365921  0.40623227 -0.14172302]]
[[ 0.30177243  0.68966905 -8.66467432 -0.28244167  0.40238956 -0.13808563]]
[[ 0.29891851  0.69047193 -8.66492665 -0.28263792  0.40416785 -0.14006692]]
[[ 0.29718601  0.68603493 -8.6640349  -0.28626811  0.4059165  -0.13905402]]
[[ 0.29875037  0.68852644 -8.662151   -0.2847547   0.40638355 -0.13948689]]
[[ 0.29704865  0.69009565 -8.66091632 -0.28397855  0.40673763 -0.14110522]]
[[ 0.29548707  0.68826687 -8.65764355 -0.28703436  0.40887207 -0.14115895]]
[[ 0.29701726  0.68885336 -8.65601126 -0.28898885  0.40997197 -0.14052099]]
[[ 0.29967456  0.68857691 -8.65293129 -0.28992053  0.40975788 -0.13901729]]
[[ 0.29459509  0.68766416 -8.65342795 -0.28896193  0.41316928 -0.14172807]]
[[ 0.29383769  0.68671232 -8.65129535 -0.2903215   0.41508708 -0.14186345]]
[[ 0.29556601  0.68591544 -8.65048566 -0.292938    0.4154767  -0.1404967 ]]
[[ 0.30201359  0.68880221 -8.65059838 -0.28965829  0.41066117 -0.13814619]]
[[ 0.30017717  0.68979011 -8.64993789 -0.28868536  0.41176711 -0.13968748]]
[[ 0.2899079   0.68671525 -8.64785454 -0.29158718  0.41892948 -0.14411101]]
[[ 0.28827455  0.67945624 -8.64804384 -0.29757715  0.41966944 -0.14154886]]
[[ 0.31083469  0.68652953 -8.6560038  -0.28619009  0.40207024 -0.13221941]]
[[ 0.30532397  0.69089468 -8.65236914 -0.28521237  0.40756171 -0.13737861]]
[[ 0.28391705  0.69201873 -8.6519248  -0.2852002   0.42184091 -0.15015196]]
[[ 0.26778307  0.69506544 -8.65099616 -0.28555506  0.43266164 -0.16056908]]
[[ 0.26524504  0.70696143 -8.64616819 -0.28025924  0.43631136 -0.16741822]]
[[ 0.26138739  0.72966281 -8.62383132 -0.27997674  0.44595777 -0.17934799]]
[[ 0.26289914  0.72353141 -8.64175537 -0.27071412  0.43983735 -0.17663818]]
[[ 0.26976093  0.69324102 -8.64535592 -0.29052922  0.43503184 -0.15879291]]
[[ 0.31750985  0.69706348 -8.65384011 -0.28276489  0.39802903 -0.13286071]]
[[ 0.32028224  0.70058005 -8.65109883 -0.28177354  0.39769077 -0.13291883]]
[[ 0.29808487  0.6882366  -8.65270154 -0.28912538  0.41284446 -0.14024164]]
[[ 0.28482061  0.69729839 -8.64771048 -0.28553126  0.42140751 -0.15175425]]
[[ 0.30483359  0.6772069  -8.64445196 -0.30279359  0.41348882 -0.13129231]]
[[ 0.31470965  0.69165458 -8.64653937 -0.29043176  0.40461217 -0.13230533]]
[[ 0.30944473  0.68823292 -8.64563271 -0.29590865  0.40651561 -0.13328601]]
[[ 0.30017228  0.68675304 -8.64167646 -0.29878707  0.41815184 -0.13841647]]
[[ 0.30513097  0.68002721 -8.64448589 -0.30055667  0.41229822 -0.13242664]]
[[ 0.31637967  0.68958264 -8.64042687 -0.29612274  0.407196   -0.13042525]]
[[ 0.3154422   0.68732223 -8.63919291 -0.29859915  0.40949149 -0.13007366]]
[[ 0.32070144  0.68606809 -8.63696486 -0.30124613  0.40638944 -0.12627651]]
[[ 0.30726545  0.69118301 -8.63537646 -0.29775653  0.4172603  -0.13661573]]
[[ 0.3096216   0.68816426 -8.63450753 -0.29998746  0.41577041 -0.13386807]]
[[ 0.31080215  0.68838966 -8.63299346 -0.30040964  0.41603861 -0.13336659]]
[[ 0.31811489  0.68800268 -8.63327934 -0.30048768  0.41024905 -0.12899359]]
[[ 0.31099467  0.68707792 -8.63304281 -0.30135515  0.41605297 -0.13268118]]
[[ 0.3104189   0.690139   -8.63158957 -0.30006941  0.41692171 -0.1343894 ]]
[[ 0.31765816  0.69099648 -8.63222699 -0.29934944  0.41224143 -0.13064359]]
[[ 0.31432529  0.68908042 -8.63063015 -0.30174879  0.41490566 -0.1316314 ]]
[[ 0.30791296  0.6846571  -8.62984045 -0.303721    0.41892995 -0.1333441 ]]
[[ 0.31470205  0.68870795 -8.63062788 -0.29988932  0.41306359 -0.13123971]]
[[ 0.30855126  0.68714982 -8.6262348  -0.3047472   0.42011903 -0.13404298]]
[[ 0.31513516  0.68570119 -8.62761641 -0.3056121   0.41490901 -0.12953941]]
[[ 0.31698692  0.69245917 -8.62628205 -0.30151994  0.41348646 -0.1314617 ]]
[[ 0.31562504  0.68906102 -8.62296575 -0.30634541  0.416308   -0.13070043]]
[[ 0.31696815  0.68567015 -8.62386445 -0.30720587  0.4147945  -0.12842953]]
[[ 0.31300457  0.68801507 -8.62066908 -0.30727651  0.41954057 -0.13192146]]
[[ 0.3144472   0.68788056 -8.61916324 -0.30804616  0.41995114 -0.1310556 ]]
[[ 0.32338769  0.68972735 -8.61651217 -0.30758874  0.41438672 -0.1267803 ]]
[[ 0.31893455  0.68987551 -8.61315073 -0.31082934  0.4198443  -0.12939213]]
[[ 0.30678768  0.69117086 -8.61172393 -0.31121629  0.42859579 -0.13698782]]
[[ 0.31546365  0.69131673 -8.61150201 -0.30962316  0.42175515 -0.13210248]]
[[ 0.30811504  0.69088956 -8.60739049 -0.31374295  0.42716476 -0.13575271]]
[[ 0.30584938  0.69213202 -8.60741486 -0.31259193  0.42892602 -0.1376895 ]]
[[ 0.31020229  0.69528201 -8.60443041 -0.3126778   0.4262794  -0.13641696]]
[[ 0.30175816  0.69366717 -8.60577838 -0.31328313  0.43061434 -0.14039761]]
[[ 0.30109808  0.6936323  -8.60546048 -0.31288944  0.4309677  -0.14081095]]
[[ 0.3059331   0.69389347 -8.60504337 -0.31323826  0.42721177 -0.13804549]]
[[ 0.31019868  0.69390985 -8.60758603 -0.31254394  0.42324973 -0.13551819]]
[[ 0.31142269  0.69486048 -8.60843258 -0.31160054  0.42227445 -0.13515938]]
[[ 0.30376414  0.69937696 -8.60934489 -0.30723385  0.42749055 -0.14190565]]
[[ 0.29882242  0.69231856 -8.61089168 -0.31095353  0.43013306 -0.14144837]]
[[ 0.30331202  0.69058093 -8.61075928 -0.31216794  0.42780769 -0.13817669]]
[[ 0.30452999  0.69058371 -8.6138222  -0.3108316   0.42387536 -0.13720153]]
[[ 0.30674943  0.69669545 -8.61374321 -0.30558313  0.42319024 -0.13901853]]
[[ 0.30358864  0.6955203  -8.61489583 -0.30708237  0.42381331 -0.13989907]]
[[ 0.30019928  0.69214618 -8.61516462 -0.30931558  0.42624158 -0.1403606 ]]
[[ 0.3058812   0.69094803 -8.61732267 -0.30861005  0.4213611  -0.13656228]]
[[ 0.30858709  0.69338371 -8.61952606 -0.30624582  0.4191252  -0.1360489 ]]
[[ 0.30632387  0.6929488  -8.62068915 -0.30644106  0.41945979 -0.13702274]]
[[ 0.30357429  0.69246374 -8.62000436 -0.3074319   0.42048011 -0.13819751]]
[[ 0.30631389  0.69417884 -8.6191556  -0.30642963  0.41909601 -0.13749011]]
[[ 0.30975083  0.69863882 -8.62062839 -0.30364174  0.41600024 -0.13742662]]
[[ 0.29886432  0.69404477 -8.61938124 -0.30756167  0.42298612 -0.14139612]]
[[ 0.29928998  0.69569372 -8.62057431 -0.30628205  0.42145931 -0.14174048]]
[[ 0.30530527  0.69476238 -8.62217879 -0.30554049  0.41645645 -0.13786969]]
[[ 0.30853678  0.69497091 -8.6217938  -0.30571673  0.41663907 -0.13643381]]
[[ 0.30483717  0.69328881 -8.62445349 -0.30452258  0.41727581 -0.13772705]]
[[ 0.30493106  0.69048877 -8.62598737 -0.30453286  0.41668235 -0.13652208]]
[[ 0.30366054  0.69136041 -8.62544731 -0.30442796  0.41725051 -0.13754375]]
[[ 0.30500018  0.69230203 -8.62420044 -0.30484743  0.41763529 -0.13723305]]
[[ 0.30456498  0.69225995 -8.62262433 -0.30513808  0.4186781  -0.13755339]]
[[ 0.30361571  0.69352615 -8.62173302 -0.30408072  0.41898248 -0.1386789 ]]
[[ 0.2985924   0.6919673  -8.62066201 -0.30614818  0.42278142 -0.14072861]]
[[ 0.30074603  0.69226465 -8.61717069 -0.30789431  0.42269546 -0.13957216]]
[[ 0.30205071  0.68984018 -8.61692858 -0.30897993  0.42069    -0.13758276]]
[[ 0.30205101  0.68991021 -8.61743703 -0.30755722  0.4199347  -0.1377929 ]]
[[ 0.29912679  0.68466104 -8.61813262 -0.30973643  0.42148657 -0.13716253]]
[[ 0.30020377  0.68708948 -8.62111412 -0.30611123  0.42012172 -0.13775761]]
[[ 0.30144143  0.6883646  -8.61975417 -0.30653706  0.4202649  -0.13762483]]
[[ 0.30102966  0.68784404 -8.61877207 -0.30780292  0.42038136 -0.13748917]]
[[ 0.29882084  0.68755388 -8.61919436 -0.30825556  0.41993475 -0.1382934 ]]
[[ 0.29816121  0.69021532 -8.61835866 -0.30727588  0.42062662 -0.13981601]]
[[ 0.29809524  0.68990455 -8.61904702 -0.3072906   0.41981907 -0.13954221]]
[[ 0.29666712  0.69143167 -8.61809195 -0.30843892  0.42228887 -0.14103697]]
[[ 0.30252656  0.6913482  -8.61772291 -0.30846163  0.41776792 -0.13752134]]
[[ 0.2950991   0.68928319 -8.62061049 -0.30717989  0.41973785 -0.14078166]]
[[ 0.2903958   0.6908475  -8.62336147 -0.30547545  0.42134787 -0.14409947]]
[[ 0.29121237  0.69156005 -8.62324443 -0.30498561  0.42141331 -0.14403376]]
[[ 0.29547308  0.69082604 -8.62410145 -0.30462157  0.41898254 -0.1414321 ]]
[[ 0.29821629  0.69048438 -8.62579157 -0.30372308  0.41646909 -0.13973362]]
[[ 0.29430156  0.69031601 -8.62723261 -0.30341811  0.41898543 -0.14195452]]
[[ 0.29547953  0.6909099  -8.62736763 -0.30367534  0.41760778 -0.14138306]]
[[ 0.29149613  0.69138902 -8.62863096 -0.30296218  0.4190504  -0.14378436]]
[[ 0.29552637  0.69079852 -8.63075764 -0.30133604  0.41534228 -0.14129393]]
[[ 0.29068509  0.68989399 -8.63131227 -0.30234996  0.41747737 -0.1434857 ]]
[[ 0.293342    0.69087349 -8.63142355 -0.30140117  0.41515857 -0.14236531]]
[[ 0.28814065  0.69282002 -8.6306337  -0.30164492  0.41856827 -0.14603366]]
[[ 0.29387631  0.69040175 -8.62835864 -0.30353695  0.41629974 -0.14181281]]
[[ 0.29415789  0.69129622 -8.62850561 -0.30353295  0.41720373 -0.14211956]]
[[ 0.29420512  0.69420876 -8.62770966 -0.30330614  0.41742541 -0.14330387]]
[[ 0.29073967  0.69280316 -8.62725803 -0.30405864  0.41997159 -0.14466085]]
[[ 0.28988289  0.69511727 -8.62596084 -0.3034572   0.41981715 -0.1460233 ]]
[[ 0.291721    0.69330967 -8.62605785 -0.3041001   0.41847177 -0.14415633]]
[[ 0.29047196  0.6953112  -8.62431883 -0.30434701  0.42047329 -0.14584745]]
[[ 0.29018766  0.69262944 -8.62389864 -0.30543171  0.42061007 -0.14483812]]
[[ 0.29305009  0.69251901 -8.62135247 -0.30649716  0.4194783  -0.14319793]]
[[ 0.29262138  0.69276607 -8.61974021 -0.30612599  0.42036315 -0.14356695]]
[[ 0.28851122  0.68826236 -8.620057   -0.30746993  0.42454386 -0.14431981]]
[[ 0.29305587  0.68748914 -8.61940717 -0.3082973   0.4230401  -0.14151219]]
[[ 0.29463865  0.68801539 -8.61735941 -0.30869241  0.42297646 -0.14088808]]
[[ 0.29714772  0.69003085 -8.61631851 -0.30861495  0.42228752 -0.14038849]]
[[ 0.299393    0.68946439 -8.61663234 -0.3082692   0.4208679  -0.13892964]]
[[ 0.2980619   0.6902357  -8.61562351 -0.30945282  0.4225643  -0.13990279]]
[[ 0.29862038  0.68909518 -8.61464118 -0.31067624  0.42294391 -0.1390978 ]]
[[ 0.29603287  0.68947062 -8.61359672 -0.31078068  0.4243341  -0.14061896]]
[[ 0.29752814  0.68878013 -8.60986535 -0.3122135   0.42622774 -0.13979774]]
[[ 0.30064437  0.68655489 -8.61016003 -0.3127008   0.42411021 -0.13710381]]
[[ 0.30125762  0.6871712  -8.60717806 -0.31408621  0.42532125 -0.13709248]]
[[ 0.29760876  0.68557252 -8.60514213 -0.31540358  0.42722797 -0.13835318]]
[[ 0.29675692  0.68753938 -8.60439573 -0.31564498  0.42811824 -0.13954419]]
[[ 0.29955289  0.68806648 -8.6039304  -0.31500148  0.42659436 -0.13826104]]
[[ 0.30235837  0.68785978 -8.60036081 -0.3166926   0.42647554 -0.13668501]]
[[ 0.29445079  0.68785097 -8.59783566 -0.31805073  0.43350499 -0.14132337]]
[[ 0.29617517  0.688181   -8.59522329 -0.3195992   0.43298745 -0.14040034]]
[[ 0.29905572  0.69107173 -8.59277045 -0.32040041  0.43218275 -0.13999325]]
[[ 0.30096022  0.68831926 -8.59453656 -0.31981426  0.43094875 -0.13788599]]
[[ 0.30442774  0.68816055 -8.59454211 -0.32038459  0.42898715 -0.135869  ]]
[[ 0.30319747  0.68883066 -8.59083522 -0.32185057  0.43044103 -0.1367178 ]]
[[ 0.30070545  0.68822336 -8.58724722 -0.32481832  0.4339334  -0.13773736]]
[[ 0.3022303   0.69051598 -8.58604637 -0.32459187  0.43372289 -0.13790045]]
[[ 0.2996975   0.69086429 -8.58434445 -0.32471118  0.43567561 -0.13948742]]
[[ 0.30139369  0.69029462 -8.58007947 -0.326911    0.43762636 -0.13851469]]
[[ 0.30413032  0.69162426 -8.57794919 -0.32802989  0.43620912 -0.13741632]]
[[ 0.30180388  0.69001296 -8.57798629 -0.32853347  0.43646611 -0.13782718]]
[[ 0.30181339  0.6925036  -8.57278943 -0.33071678  0.43885204 -0.13880444]]
[[ 0.29800812  0.69225868 -8.56918311 -0.33307277  0.44330732 -0.14094467]]
[[ 0.29821938  0.69288922 -8.56852011 -0.33311086  0.44292145 -0.14103715]]
[[ 0.30125376  0.69636932 -8.56638884 -0.33213285  0.4420254  -0.14091856]]
[[ 0.30450766  0.69464552 -8.56576421 -0.33357108  0.44058785 -0.13832853]]
[[ 0.30095271  0.69474729 -8.56432648 -0.33457407  0.44349038 -0.1404238 ]]
[[ 0.29806017  0.69465558 -8.56431483 -0.33460966  0.44492025 -0.14197498]]
[[ 0.29834443  0.69559657 -8.562734   -0.33493787  0.44496927 -0.14207764]]
[[ 0.30244269  0.69802126 -8.56208841 -0.33474409  0.44224835 -0.14068201]]
[[ 0.30096204  0.69821239 -8.55827947 -0.3360933   0.44485706 -0.14158899]]
[[ 0.29837439  0.69660287 -8.55677022 -0.33864963  0.44765583 -0.14240733]]
[[ 0.29679801  0.6980397  -8.55300828 -0.33984753  0.45030963 -0.14399007]]
[[ 0.30083359  0.70081436 -8.55277946 -0.33858744  0.44744341 -0.14273659]]
[[ 0.30054931  0.70129564 -8.55097087 -0.33929616  0.44882263 -0.14319518]]
[[ 0.30072989  0.69811712 -8.55110039 -0.34070319  0.44838236 -0.14164473]]
[[ 0.30150303  0.69967564 -8.54754132 -0.34165081  0.44994488 -0.1420601 ]]
[[ 0.30140119  0.7014591  -8.54644556 -0.34198837  0.4506863  -0.1428566 ]]
[[ 0.3031157   0.70066382 -8.5443644  -0.34371213  0.45044345 -0.14152594]]
[[ 0.30357431  0.7026962  -8.54082356 -0.34457618  0.45202837 -0.1421312 ]]
[[ 0.30344092  0.70034981 -8.53693311 -0.34701222  0.45326509 -0.14115593]]
[[ 0.3020812   0.70223735 -8.53350126 -0.34771227  0.4558372  -0.14283639]]
[[ 0.30588252  0.70404857 -8.53101647 -0.34864601  0.45671735 -0.14164602]]
[[ 0.30080526  0.7054836  -8.52515001 -0.35080061  0.46216315 -0.14522991]]
[[ 0.30701309  0.69953538 -8.52927953 -0.35274531  0.45606198 -0.13882773]]
[[ 0.32136049  0.69358491 -8.52939995 -0.35655779  0.44841541 -0.12804304]]
[[ 0.30624962  0.71079733 -8.52997912 -0.34438403  0.45346002 -0.14413488]]
[[ 0.27647174  0.70985073 -8.52031463 -0.35297629  0.48104487 -0.16113109]]
[[ 0.28600996  0.71115038 -8.52885396 -0.34624649  0.46858651 -0.15609247]]
[[ 0.28181171  0.703425   -8.53506792 -0.34683945  0.47242868 -0.15551323]]
[[ 0.28161989  0.71551335 -8.52566127 -0.3498584   0.47354829 -0.15992983]]
[[ 0.35924555  0.72224489 -8.5373269  -0.33558173  0.41487802 -0.11848901]]
[[ 0.31970899  0.71017291 -8.54028449 -0.34134197  0.44241642 -0.13619081]]
[[ 0.32074861  0.69350624 -8.54449697 -0.35327318  0.43808363 -0.12735573]]
[[ 0.30662197  0.7100303  -8.53957549 -0.34306546  0.4509689  -0.14342311]]
[[ 0.31573646  0.70727532 -8.54010212 -0.34633797  0.44365851 -0.13654462]]
[[ 0.31149116  0.70870581 -8.53939768 -0.34623046  0.44775541 -0.13978652]]
[[ 0.29940213  0.70665678 -8.53820626 -0.34691726  0.45646749 -0.14588996]]
[[ 0.29937927  0.70635298 -8.54143802 -0.34540674  0.45316353 -0.14551938]]
[[ 0.30157299  0.71260093 -8.54033346 -0.34221982  0.45219804 -0.14690748]]
[[ 0.3079324   0.7133665  -8.54008477 -0.3404818   0.4482738  -0.14392205]]
[[ 0.30080136  0.70508716 -8.53600164 -0.34999992  0.4544475  -0.14396719]]
[[ 0.30161077  0.70681761 -8.53737393 -0.34775743  0.45437776 -0.14453862]]
[[ 0.32203249  0.7096937  -8.54110438 -0.34236946  0.43969944 -0.13434161]]
[[ 0.31550582  0.70739768 -8.54157377 -0.34475104  0.44457006 -0.13701593]]
[[ 0.30497892  0.70994613 -8.54084124 -0.34388078  0.45005999 -0.14396874]]
[[ 0.30613365  0.7115825  -8.54016405 -0.34176688  0.45044355 -0.14432875]]
[[ 0.27216101  0.69950589 -8.5391291  -0.35333675  0.47262145 -0.15780802]]
[[ 0.31306857  0.72121918 -8.54473569 -0.33206945  0.44161079 -0.14441542]]
[[ 0.31389711  0.70682667 -8.54201398 -0.34639988  0.44162031 -0.1368684 ]]
[[ 0.29297579  0.70729941 -8.53984397 -0.34588447  0.45788794 -0.14945751]]
[[ 0.30294251  0.71037932 -8.53923814 -0.34364954  0.45114654 -0.14525467]]
[[ 0.29927725  0.70597822 -8.53892601 -0.34863087  0.45262003 -0.14503364]]
[[ 0.31187842  0.7104405  -8.53594365 -0.34747594  0.44770456 -0.13997812]]
[[ 0.31539947  0.71648463 -8.53681519 -0.341964    0.44384007 -0.14069919]]
[[ 0.31004915  0.71973802 -8.53439667 -0.34105575  0.45003161 -0.14551605]]
[[ 0.28960289  0.70363855 -8.53154879 -0.35560137  0.46641835 -0.149795  ]]
[[ 0.31180234  0.7185849  -8.53289918 -0.34255839  0.45196209 -0.14438257]]
[[ 0.30723939  0.713839   -8.5292803  -0.34848148  0.45556038 -0.14449214]]
[[ 0.30684186  0.71249195 -8.52781028 -0.34893853  0.45642328 -0.14414357]]
[[ 0.30235836  0.70831403 -8.52632097 -0.35457864  0.46026997 -0.14458871]]
[[ 0.31749552  0.71952289 -8.52931714 -0.34263636  0.44979387 -0.14154591]]
[[ 0.3263884   0.70957706 -8.53042159 -0.34903437  0.44274816 -0.13174214]]
[[ 0.29707459  0.71077108 -8.52519833 -0.35082267  0.46688421 -0.14945734]]
[[ 0.30950417  0.71091094 -8.52532016 -0.34972117  0.45749487 -0.14245726]]
[[ 0.31942403  0.71027921 -8.52262594 -0.35237518  0.45115024 -0.13622963]]
[[ 0.29665053  0.70780984 -8.52257256 -0.35434939  0.46791953 -0.14835988]]
[[ 0.32180873  0.71332513 -8.52519996 -0.34901802  0.44942994 -0.13636554]]
[[ 0.3117425   0.70865931 -8.52611577 -0.35271065  0.45673601 -0.14004478]]
[[ 0.29698867  0.71031918 -8.5238874  -0.35332881  0.46750146 -0.14918474]]
[[ 0.32646478  0.71377159 -8.52783455 -0.34839654  0.44443964 -0.13362515]]
[[ 0.31629632  0.69905144 -8.52606807 -0.36213974  0.45044211 -0.13207211]]
[[ 0.34626446  0.72684953 -8.51994117 -0.3451078   0.4323372  -0.12781871]]
[[ 0.32495903  0.72104925 -8.52345979 -0.34807979  0.4469915  -0.13751531]]
[[ 0.27935255  0.71579557 -8.52694442 -0.34799405  0.47853299 -0.16201519]]
[[ 0.27883896  0.72559482 -8.52037787 -0.34486103  0.48158721 -0.16669025]]
[[ 0.29799937  0.71670934 -8.5173417  -0.35491006  0.46882911 -0.15125495]]
[[ 0.27524002  0.72146784 -8.51970454 -0.34971208  0.48403045 -0.16673385]]
[[ 0.28751458  0.72770745 -8.5226953  -0.34115127  0.47430957 -0.16284245]]
[[ 0.30845244  0.71243011 -8.51729942 -0.35963117  0.46032167 -0.1427648 ]]
[[ 0.30541831  0.72724007 -8.52065088 -0.34390864  0.46128123 -0.15187204]]
[[ 0.29339132  0.71858415 -8.51697593 -0.35312666  0.47116099 -0.15466197]]
[[ 0.30157726  0.71967753 -8.51653199 -0.35287976  0.46333449 -0.15015049]]
[[ 0.28621834  0.71628311 -8.51295601 -0.35813982  0.47665393 -0.15751594]]
[[ 0.28624159  0.72302685 -8.50991616 -0.35490377  0.47826096 -0.16055341]]
[[ 0.32566884  0.73057817 -8.50764361 -0.34957871  0.45109453 -0.14152345]]
[[ 0.31253832  0.7254348  -8.50379045 -0.35700143  0.46471174 -0.14679423]]
[[ 0.29882492  0.72409431 -8.50516274 -0.35456804  0.47436017 -0.15449427]]
[[ 0.31942478  0.71649755 -8.50675414 -0.35910086  0.45835832 -0.13890531]]
[[ 0.30605968  0.71532881 -8.50649607 -0.36098574  0.46598573 -0.14583726]]
[[ 0.29029582  0.71327775 -8.50382698 -0.36219333  0.47857282 -0.15424131]]
[[ 0.30611849  0.71343524 -8.50588056 -0.36057266  0.46496809 -0.14493211]]
[[ 0.32126115  0.71992119 -8.50315937 -0.35882346  0.45812996 -0.13925854]]
[[ 0.32886176  0.7274334  -8.50176525 -0.35499357  0.4512351  -0.13797386]]
[[ 0.32422231  0.70683074 -8.49530286 -0.37393764  0.46020231 -0.13118076]]
[[ 0.29004379  0.7355031  -8.49468224 -0.35282761  0.48337309 -0.16428316]]
[[ 0.29881611  0.71315055 -8.50262114 -0.367347    0.46870559 -0.1476241 ]]
[[ 0.30641214  0.71976267 -8.49562873 -0.36589666  0.46980864 -0.14705297]]
[[ 0.31886307  0.72432924 -8.4990801  -0.35892054  0.45758091 -0.14186088]]
[[ 0.31506615  0.71564038 -8.4896195  -0.37380164  0.46660892 -0.13999804]]
[[ 0.31862533  0.72062906 -8.49011505 -0.36688449  0.46423341 -0.14068536]]
[[ 0.31612162  0.70888633 -8.50053074 -0.36708096  0.46109948 -0.13700733]]
[[ 0.31911102  0.71686483 -8.48898342 -0.37011636  0.46298348 -0.13853512]]
[[ 0.32560905  0.70597711 -8.5033687  -0.36738256  0.45441299 -0.13037335]]
[[ 0.30254955  0.71464575 -8.49271915 -0.36729222  0.47376306 -0.14744965]]
[[ 0.31252573  0.70784508 -8.49401564 -0.37252702  0.46656929 -0.13834904]]
[[ 0.31545926  0.72208202 -8.49045703 -0.36398188  0.46654105 -0.14345222]]
[[ 0.30084537  0.71715551 -8.49156798 -0.36682407  0.47570214 -0.14954096]]
[[ 0.29435828  0.71529829 -8.48520473 -0.37167407  0.48278144 -0.15238988]]
[[ 0.30466257  0.72011055 -8.48716337 -0.36792507  0.47332178 -0.14838175]]
[[ 0.30013243  0.72045838 -8.48846859 -0.3682378   0.47528743 -0.1509699 ]]
[[ 0.29458193  0.71671538 -8.48881055 -0.37092522  0.4790082  -0.15241921]]
[[ 0.30331909  0.7174623  -8.4895975  -0.36791884  0.47298567 -0.14800494]]
[[ 0.30597849  0.71861428 -8.48769536 -0.36851224  0.47305304 -0.14708113]]
[[ 0.29945993  0.71359784 -8.48829688 -0.37123442  0.47736831 -0.14868296]]
[[ 0.30417844  0.71610123 -8.48891357 -0.36922083  0.47402921 -0.14711982]]
[[ 0.30637416  0.71799702 -8.48790202 -0.36822673  0.47277453 -0.14676568]]
[[ 0.30213991  0.71537824 -8.48735123 -0.37101458  0.47627347 -0.14797401]]
[[ 0.30368252  0.71660459 -8.48487399 -0.37118451  0.47586719 -0.14765435]]
[[ 0.30752762  0.71859325 -8.4805281  -0.37270653  0.47540533 -0.14630565]]
[[ 0.30356389  0.71908272 -8.47976137 -0.37316333  0.4785639  -0.14884206]]
[[ 0.29826244  0.72094713 -8.47794981 -0.37265486  0.48235938 -0.15269232]]
[[ 0.29375042  0.71700259 -8.47544123 -0.37622889  0.48559677 -0.15344633]]
[[ 0.29374236  0.72181086 -8.47269883 -0.37536502  0.48634816 -0.15547325]]
[[ 0.29219639  0.72022366 -8.47019101 -0.37844864  0.48837469 -0.15547894]]
[[ 0.30233725  0.71976235 -8.47032785 -0.37664082  0.48489049 -0.15001558]]
[[ 0.2984137   0.72220731 -8.46816124 -0.37675806  0.48799077 -0.15329572]]
[[ 0.29557463  0.71896723 -8.46644152 -0.3809535   0.48941773 -0.15318345]]
[[ 0.30133768  0.72206542 -8.46314968 -0.380447    0.4864978  -0.15120758]]
[[ 0.29806881  0.71822394 -8.45972365 -0.38485651  0.4905422  -0.15136317]]
[[ 0.30702839  0.72579208 -8.45937001 -0.37902467  0.48477242 -0.14982127]]
[[ 0.30513153  0.72143641 -8.4561454  -0.38519587  0.48756881 -0.14875192]]
[[ 0.30621797  0.71831234 -8.45534322 -0.38780983  0.48747498 -0.1467111 ]]
[[ 0.31105915  0.71601515 -8.45680251 -0.38677443  0.48375038 -0.14303626]]
[[ 0.31066535  0.71969132 -8.45590435 -0.383832    0.48443268 -0.14518206]]
[[ 0.31142323  0.71645681 -8.45576748 -0.38615892  0.48486761 -0.14342487]]
[[ 0.31162488  0.71774138 -8.45406509 -0.38732095  0.48460589 -0.14361488]]
[[ 0.31195927  0.71874698 -8.45406607 -0.38647422  0.48526079 -0.1439834 ]]
[[ 0.3091402   0.71648303 -8.45160843 -0.38815153  0.48724186 -0.14462545]]
[[ 0.30844275  0.71844043 -8.45279852 -0.38674786  0.48578628 -0.14565486]]
[[ 0.30827449  0.7198825  -8.45249209 -0.38687636  0.48587519 -0.14627039]]
[[ 0.3060813   0.72016057 -8.45271325 -0.38749984  0.48706293 -0.14745726]]
[[ 0.30600581  0.72017112 -8.45432779 -0.38632771  0.4862048  -0.14747496]]
[[ 0.30575784  0.72237681 -8.45248049 -0.38641344  0.48616916 -0.14844664]]
[[ 0.30644168  0.72303198 -8.45237159 -0.38700679  0.48621068 -0.14828707]]
[[ 0.3053023   0.72317519 -8.45333407 -0.38645511  0.48611449 -0.14898155]]
[[ 0.305634    0.72307269 -8.45209781 -0.38680666  0.48693942 -0.14891127]]
[[ 0.3062      0.72331196 -8.45003076 -0.38770212  0.48765956 -0.14868882]]
[[ 0.30664543  0.72187795 -8.45257763 -0.38675689  0.48649459 -0.14784414]]
[[ 0.30808803  0.71918139 -8.45152522 -0.38766457  0.48649028 -0.14596285]]
[[ 0.30974965  0.71866859 -8.4502731  -0.38799319  0.48708182 -0.14505684]]
[[ 0.3093385   0.72009071 -8.44948228 -0.3881808   0.48771458 -0.1458214 ]]
[[ 0.31080896  0.71955865 -8.44912129 -0.38852107  0.48727127 -0.14481295]]
[[ 0.31181414  0.71933172 -8.44809417 -0.38918756  0.48743197 -0.14413675]]
[[ 0.30983637  0.71883453 -8.44658367 -0.38999468  0.48848616 -0.14501141]]
[[ 0.31127521  0.72115688 -8.44445424 -0.39065545  0.48920386 -0.14526389]]
[[ 0.30905613  0.7198575  -8.44270817 -0.39168062  0.49002281 -0.14584714]]
[[ 0.30969246  0.7185171  -8.44139058 -0.39256106  0.49061234 -0.1449873 ]]
[[ 0.30941076  0.71821967 -8.44091385 -0.39292006  0.49114275 -0.14510901]]
[[ 0.30976565  0.71771692 -8.43686288 -0.39510523  0.4925862  -0.14474109]]
[[ 0.30955402  0.71738022 -8.43465206 -0.39604043  0.49331083 -0.14469952]]
[[ 0.30986647  0.71655771 -8.43260104 -0.39694999  0.49416189 -0.14424182]]
[[ 0.31015222  0.71585373 -8.43086321 -0.39801405  0.49464135 -0.14382598]]
[[ 0.30897907  0.71723152 -8.42784603 -0.39957123  0.49604697 -0.14490397]]
[[ 0.31108421  0.71793039 -8.42676664 -0.39997856  0.49621178 -0.14412468]]
[[ 0.30933022  0.71917156 -8.42585787 -0.40028789  0.49700009 -0.14555996]]
[[ 0.3097305   0.71809454 -8.42553885 -0.40076981  0.49717457 -0.1449246 ]]
[[ 0.30764517  0.71831147 -8.42447473 -0.40101424  0.49774491 -0.14605916]]
[[ 0.30848671  0.71837341 -8.42208016 -0.4020227   0.49861404 -0.14572716]]
[[ 0.30966399  0.72007363 -8.42083246 -0.40273755  0.49934893 -0.14587479]]
[[ 0.31181983  0.7188252  -8.42050006 -0.40304427  0.4990074  -0.14420792]]
[[ 0.31132345  0.71736989 -8.41828482 -0.40414467  0.49979391 -0.14388414]]
[[ 0.31092467  0.71573508 -8.41906151 -0.4041041   0.49989372 -0.14340968]]
[[ 0.31032563  0.71559163 -8.41567975 -0.40581286  0.50107124 -0.14363601]]
[[ 0.31009383  0.71579235 -8.41198626 -0.40742243  0.50270513 -0.14380205]]
[[ 0.31048091  0.71362156 -8.41263144 -0.40739465  0.50247541 -0.1427998 ]]
[[ 0.30871607  0.71390677 -8.41390243 -0.40667898  0.50177677 -0.14370675]]
[[ 0.30924908  0.71444624 -8.41400975 -0.40662386  0.50143243 -0.14363122]]
[[ 0.30912695  0.71426179 -8.41330993 -0.40739825  0.50254549 -0.14357951]]
[[ 0.31096633  0.71484419 -8.4136801  -0.40673994  0.50205789 -0.14296097]]
[[ 0.30934971  0.71628277 -8.41419751 -0.40592343  0.50189615 -0.14440298]]
[[ 0.30883674  0.71411841 -8.41449678 -0.40670253  0.50207173 -0.14378081]]
[[ 0.3100888   0.71413897 -8.41387855 -0.40698475  0.5016562  -0.14312519]]
[[ 0.30828916  0.71558117 -8.41305059 -0.4076686   0.50222486 -0.14456197]]
[[ 0.30965203  0.71501382 -8.41463806 -0.40683621  0.50182096 -0.14377339]]
[[ 0.31247445  0.71548934 -8.41464253 -0.40621979  0.50071158 -0.14249947]]
[[ 0.31152549  0.71659677 -8.41480454 -0.40657661  0.50125232 -0.14342574]]
[[ 0.3103112   0.71510965 -8.41295476 -0.40759775  0.50231573 -0.14345394]]
[[ 0.31275764  0.71785589 -8.41218767 -0.40700244  0.50159344 -0.14329964]]
[[ 0.31188487  0.71755648 -8.41171919 -0.40752005  0.50247301 -0.14366471]]
[[ 0.31284808  0.71870338 -8.41232919 -0.40746293  0.50225628 -0.14356273]]
[[ 0.31316536  0.72000443 -8.41307954 -0.4066136   0.50146139 -0.14386146]]
[[ 0.31166252  0.71836443 -8.41370817 -0.4065092   0.50196771 -0.14406646]]
[[ 0.30989286  0.71894054 -8.41342751 -0.40662842  0.50236058 -0.1451168 ]]
[[ 0.31123753  0.72063718 -8.41539546 -0.40548223  0.50076015 -0.14508812]]
[[ 0.30983791  0.7208368  -8.41569385 -0.40531986  0.50100707 -0.14589079]]
[[ 0.30889914  0.71806917 -8.4175761  -0.40487256  0.5007392  -0.14525806]]
[[ 0.30899123  0.71777315 -8.41785183 -0.40429109  0.50003651 -0.14505977]]
[[ 0.30892444  0.71653138 -8.41767306 -0.40458336  0.5005297  -0.14467298]]
[[ 0.30744203  0.71513263 -8.41761172 -0.40492242  0.50116207 -0.14493166]]
[[ 0.30886625  0.71551045 -8.41938067 -0.40371974  0.49968908 -0.14437546]]
[[ 0.30787384  0.71576377 -8.41920489 -0.40385546  0.49992137 -0.14495112]]
[[ 0.30959983  0.71639896 -8.41827428 -0.404386    0.50022179 -0.14431428]]
[[ 0.30856747  0.71609329 -8.41885523 -0.40403684  0.49990826 -0.14470113]]
[[ 0.30735286  0.71657224 -8.41581642 -0.40556331  0.50162247 -0.1455221 ]]
[[ 0.30712576  0.71609466 -8.41582559 -0.40578552  0.50142452 -0.1453599 ]]
[[ 0.30789547  0.71600422 -8.41316416 -0.40696465  0.50218952 -0.14490173]]
[[ 0.30780221  0.71585365 -8.41190331 -0.4078125   0.50308477 -0.14490171]]
[[ 0.30826525  0.71609105 -8.41107269 -0.40825039  0.50313946 -0.14475125]]
[[ 0.30823738  0.71830902 -8.41165114 -0.40739969  0.50274398 -0.14567332]]
[[ 0.30780049  0.71614469 -8.4119371  -0.40760788  0.50291368 -0.14503458]]
[[ 0.30762836  0.71429411 -8.41214181 -0.40781326  0.50273137 -0.14435387]]
[[ 0.30784773  0.71444603 -8.41026252 -0.40886105  0.50338054 -0.14437822]]
[[ 0.3077142   0.71196851 -8.4125423  -0.40762352  0.502816   -0.1435281 ]]
[[ 0.30727402  0.71135589 -8.41063199 -0.40881126  0.5035974  -0.14347457]]
[[ 0.30874545  0.71234304 -8.41156581 -0.40827378  0.5028699  -0.14306573]]
[[ 0.3107607   0.71330054 -8.41041016 -0.40873397  0.50298382 -0.14237678]]
[[ 0.31015043  0.71351902 -8.40884729 -0.40957619  0.50367336 -0.14275469]]
[[ 0.31155813  0.71407447 -8.40781087 -0.41001024  0.50405615 -0.14231366]]
[[ 0.31006469  0.71373103 -8.40628606 -0.41068684  0.50461462 -0.14287732]]
[[ 0.30895678  0.71246728 -8.40616697 -0.4112792   0.50470052 -0.14286522]]
[[ 0.30910083  0.71164296 -8.40674343 -0.41099341  0.50431677 -0.14248333]]
[[ 0.30991166  0.71016374 -8.4061055  -0.41153311  0.50475108 -0.14158558]]
[[ 0.31015361  0.71120165 -8.40314034 -0.41293388  0.5060639  -0.14188583]]
[[ 0.30745373  0.71196451 -8.40000965 -0.41442919  0.50746412 -0.14350915]]
[[ 0.30928725  0.7132805  -8.39981002 -0.41414105  0.50754962 -0.14315855]]
[[ 0.30793075  0.71315194 -8.39975577 -0.414041    0.50774051 -0.14376835]]
[[ 0.30799594  0.71278508 -8.39826026 -0.41513853  0.50821456 -0.14360094]]
[[ 0.3105437   0.71281428 -8.39724178 -0.41574748  0.50849046 -0.14238265]]
[[ 0.30991688  0.71452125 -8.39634405 -0.41591945  0.50897365 -0.14332044]]
[[ 0.31031688  0.71298107 -8.39567903 -0.41632945  0.50896562 -0.14252037]]
[[ 0.3093862   0.7130676  -8.39313257 -0.41762841  0.5102741  -0.14306456]]
[[ 0.30973584  0.71185951 -8.39097191 -0.41885128  0.51123468 -0.14241605]]
[[ 0.31241264  0.71219499 -8.39037302 -0.41899842  0.51141788 -0.1413132 ]]
[[ 0.31270134  0.71359081 -8.38735654 -0.42026233  0.51234811 -0.14159166]]
[[ 0.31114013  0.71582015 -8.38711274 -0.42010046  0.51270359 -0.14324302]]
[[ 0.31374704  0.71568808 -8.38611123 -0.42077134  0.51240716 -0.14184175]]
[[ 0.31344984  0.71592485 -8.38317885 -0.42224047  0.51362594 -0.142074  ]]
[[ 0.31282136  0.71523855 -8.38610501 -0.42205079  0.51360975 -0.14216975]]
[[ 0.30978332  0.71798782 -8.38567472 -0.42133899  0.51422126 -0.14478533]]
[[ 0.3097904   0.72881335 -8.38158542 -0.41474365  0.514985   -0.14979861]]
[[ 0.30468196  0.72119446 -8.38088617 -0.4209044   0.51786115 -0.14903581]]
[[ 0.31200558  0.7139672  -8.38377045 -0.42435091  0.50993178 -0.14111157]]
[[ 0.31725061  0.72289662 -8.38532855 -0.41802513  0.50566559 -0.14203186]]
[[ 0.30909332  0.72425091 -8.38304165 -0.41716807  0.51282916 -0.14763402]]
[[ 0.30409618  0.71686521 -8.38474648 -0.42148832  0.51506843 -0.14710064]]
[[ 0.31070385  0.72016452 -8.38101268 -0.42122029  0.51318807 -0.14494578]]
[[ 0.30780308  0.72037134 -8.38090665 -0.42148944  0.51526635 -0.14671184]]
[[ 0.30289575  0.71747086 -8.3819243  -0.42126705  0.51780198 -0.14826158]]
[[ 0.30658665  0.72158885 -8.38238985 -0.41907585  0.51417169 -0.1478806 ]]
[[ 0.3062887   0.71995513 -8.38395864 -0.41953014  0.5139991  -0.14732348]]
[[ 0.30071015  0.71926318 -8.38281009 -0.42123219  0.51750952 -0.15006691]]
[[ 0.30330151  0.71941381 -8.38411408 -0.41927413  0.51533191 -0.14875702]]
[[ 0.30401682  0.72260558 -8.38423703 -0.41817708  0.5144637  -0.14962949]]
[[ 0.30136349  0.71996048 -8.38484181 -0.41918387  0.51629737 -0.15006118]]
[[ 0.30121985  0.71965524 -8.38368176 -0.41994677  0.51661177 -0.15000657]]
[[ 0.30105383  0.7194553  -8.38362457 -0.41985859  0.51557615 -0.14986616]]
[[ 0.30049649  0.71756443 -8.38249613 -0.42060032  0.51704376 -0.1495383 ]]
[[ 0.30004199  0.7174797  -8.38170548 -0.42102385  0.51751112 -0.14968729]]
[[ 0.3030216   0.71738763 -8.38061147 -0.42111063  0.51686838 -0.14806232]]
[[ 0.30272405  0.71683646 -8.38091679 -0.42109152  0.51751233 -0.1481619 ]]
[[ 0.30069493  0.7176119  -8.3792496  -0.42212872  0.51910934 -0.14953664]]
[[ 0.30126676  0.7175204  -8.37904335 -0.42239663  0.51852299 -0.14907144]]
[[ 0.30108735  0.71663722 -8.38082976 -0.42138957  0.51784845 -0.1488494 ]]
[[ 0.29796889  0.71646646 -8.38041281 -0.42149455  0.51907534 -0.15049946]]
[[ 0.30003269  0.71844318 -8.38015295 -0.42056833  0.51841191 -0.15019342]]
[[ 0.3015499   0.71447055 -8.37728419 -0.42552148  0.51789618 -0.14728948]]
[[ 0.30448665  0.71363271 -8.37761833 -0.4245502   0.51669981 -0.14555651]]
[[ 0.30351313  0.71494771 -8.3761163  -0.42546357  0.51850054 -0.14673353]]
[[ 0.31418491  0.72408008 -8.37632515 -0.41825346  0.51265026 -0.14513627]]
[[ 0.30020576  0.7103805  -8.37258375 -0.43159882  0.52313119 -0.14661911]]
[[ 0.30083156  0.71636299 -8.37164231 -0.42684354  0.52361922 -0.14926936]]
[[ 0.31893783  0.71875544 -8.37370681 -0.4232254   0.51131685 -0.14012991]]
[[ 0.30688453  0.7132849  -8.3702717  -0.42978379  0.52021076 -0.14434527]]
[[ 0.2980045   0.71637651 -8.36611799 -0.43112373  0.52759662 -0.15065151]]
[[ 0.30873678  0.71886653 -8.36673022 -0.42765092  0.52069263 -0.14589625]]
[[ 0.31076663  0.72058107 -8.36630906 -0.42790452  0.51992992 -0.14537935]]
[[ 0.30393426  0.71510133 -8.36510198 -0.43135256  0.52422841 -0.14683747]]
[[ 0.30482793  0.71623695 -8.36309121 -0.43134761  0.52348203 -0.14671009]]
[[ 0.30612724  0.71918006 -8.36264237 -0.43001129  0.52333072 -0.14732089]]
[[ 0.30226807  0.71763215 -8.36372158 -0.43023797  0.52642012 -0.14896318]]
[[ 0.30494669  0.72113488 -8.36325716 -0.42909504  0.52435979 -0.14880129]]
[[ 0.30549586  0.72042661 -8.36303097 -0.4304404   0.52389378 -0.14806219]]
[[ 0.30527291  0.72329634 -8.36272107 -0.4301604   0.52538464 -0.14956188]]
[[ 0.3050429   0.72259919 -8.36260615 -0.43059339  0.52517695 -0.14928665]]
[[ 0.30500528  0.72197855 -8.36138292 -0.43118443  0.52554889 -0.14907896]]
[[ 0.3056394   0.72320488 -8.36035949 -0.43068419  0.5260784  -0.14928518]]
[[ 0.30436738  0.72173769 -8.36006097 -0.43084104  0.52653443 -0.14935498]]
[[ 0.30570688  0.71860393 -8.35937427 -0.43198871  0.5262709  -0.14737642]]
[[ 0.30607307  0.71749496 -8.35804489 -0.43254207  0.52604543 -0.14671002]]
[[ 0.30612437  0.71743092 -8.35465506 -0.43453887  0.52805529 -0.14670192]]
[[ 0.30764446  0.71633379 -8.35387125 -0.43515602  0.52795332 -0.14537218]]
[[ 0.30879936  0.71770977 -8.35234433 -0.43629678  0.52782167 -0.14520064]]
[[ 0.30501652  0.71982897 -8.35268479 -0.43490445  0.52975732 -0.14833019]]
[[ 0.29942237  0.72251756 -8.35021767 -0.43526385  0.53451327 -0.15277956]]
[[ 0.29983346  0.72039104 -8.35212896 -0.43667653  0.5339775  -0.15144367]]
[[ 0.30959303  0.72422609 -8.35221306 -0.4328312   0.52611899 -0.14756506]]
[[ 0.30806366  0.71958021 -8.35163173 -0.43605738  0.52685244 -0.14624396]]
[[ 0.30348248  0.71620184 -8.35117372 -0.4379701   0.53068453 -0.14750165]]
[[ 0.30633612  0.7204628  -8.35110762 -0.43615033  0.52919701 -0.14780652]]
[[ 0.31067854  0.72095343 -8.35091875 -0.43569475  0.52679775 -0.14557292]]
[[ 0.30673609  0.71729135 -8.34857756 -0.43884008  0.53024162 -0.14618062]]
[[ 0.30850195  0.71951041 -8.34711214 -0.43904944  0.53044333 -0.14618415]]
[[ 0.31104691  0.71890627 -8.34542819 -0.43871652  0.52926197 -0.14462086]]
[[ 0.31016694  0.71790394 -8.34365704 -0.44070834  0.53160556 -0.14481637]]
[[ 0.30860579  0.71900209 -8.34111405 -0.44201578  0.53292458 -0.14598508]]
[[ 0.31244245  0.71922598 -8.33790557 -0.44285592  0.53253105 -0.14405448]]
[[ 0.30944124  0.71745598 -8.33652289 -0.44375978  0.53401753 -0.14490584]]
[[ 0.30826851  0.71742184 -8.33440205 -0.44514975  0.5352884  -0.14544346]]
[[ 0.30969062  0.71828083 -8.33369529 -0.44503617  0.53471605 -0.1450558 ]]
[[ 0.31081796  0.71809516 -8.3313999  -0.44661544  0.53559213 -0.14432702]]
[[ 0.31116973  0.71841054 -8.3296643  -0.44765564  0.53662331 -0.1442829 ]]
[[ 0.31241378  0.71997887 -8.32886723 -0.4474831   0.53618738 -0.14427312]]
[[ 0.31286057  0.71840161 -8.32966052 -0.44734874  0.53550442 -0.14338558]]
[[ 0.31345948  0.71826088 -8.32799383 -0.44828535  0.53665344 -0.143153  ]]
[[ 0.31245246  0.71892742 -8.32773566 -0.44850439  0.53667455 -0.14384424]]
[[ 0.31103378  0.7196502  -8.32704477 -0.44877757  0.53682901 -0.1447865 ]]
[[ 0.30981863  0.72010916 -8.32673314 -0.44915683  0.53685017 -0.14552865]]
[[ 0.31064811  0.71977323 -8.32608998 -0.44892138  0.53694572 -0.14509972]]
[[ 0.31073532  0.72107141 -8.32585617 -0.44920899  0.53749781 -0.14557002]]
[[ 0.31008408  0.71930376 -8.32805595 -0.44831086  0.53655806 -0.14520016]]
[[ 0.30942843  0.72093647 -8.32673528 -0.44862762  0.53705614 -0.14612217]]
[[ 0.31086071  0.72017956 -8.32599409 -0.44928637  0.5375429  -0.14509017]]
[[ 0.31039628  0.72163175 -8.32397983 -0.45006917  0.53840244 -0.14588673]]
[[ 0.31393797  0.72193049 -8.32244041 -0.45057611  0.53821643 -0.1442232 ]]
[[ 0.31231123  0.72243657 -8.32201541 -0.45092573  0.53906981 -0.145327  ]]
[[ 0.31324381  0.7219284  -8.32233628 -0.45070946  0.53905509 -0.14469374]]
[[ 0.31444915  0.72173219 -8.32177207 -0.451266    0.53881456 -0.14399658]]
[[ 0.31665714  0.72116127 -8.32110965 -0.45159928  0.53897058 -0.1427434 ]]
[[ 0.31858979  0.72177563 -8.32057894 -0.4514116   0.53890481 -0.14209909]]
[[ 0.32183739  0.72237951 -8.31697368 -0.45286226  0.53992252 -0.14067462]]
[[ 0.32170218  0.72206839 -8.3118816  -0.45560835  0.54216493 -0.14063383]]
[[ 0.32404639  0.72011156 -8.31648741 -0.45402089  0.53958432 -0.13858158]]
[[ 0.32425867  0.71992061 -8.31725272 -0.45370885  0.53916422 -0.13828563]]
[[ 0.32401141  0.72106668 -8.31636494 -0.45389562  0.53990753 -0.13893768]]
[[ 0.32434853  0.72043117 -8.31838025 -0.45280832  0.53900264 -0.13854193]]
[[ 0.32407423  0.72100528 -8.31985135 -0.45183596  0.53806481 -0.13888425]]
[[ 0.3239862   0.72095459 -8.32156504 -0.45117671  0.53729709 -0.13890632]]
[[ 0.3242979   0.72221335 -8.32094642 -0.45149315  0.5376992  -0.13927228]]
[[ 0.32540234  0.72170316 -8.32054148 -0.45231946  0.53609634 -0.13822516]]
[[ 0.32547743  0.72249431 -8.32072743 -0.45118052  0.53623099 -0.13865263]]
[[ 0.32096539  0.72028153 -8.32049674 -0.45308321  0.53992504 -0.14030752]]
[[ 0.32393995  0.72009065 -8.32129784 -0.45219545  0.53725718 -0.1384425 ]]
[[ 0.32849763  0.72556254 -8.31833927 -0.45074687  0.53514473 -0.13817538]]
[[ 0.32241765  0.72426822 -8.31536565 -0.45268913  0.54023084 -0.1410952 ]]
[[ 0.32120831  0.69916113 -8.26637414 -0.50466447  0.55970436 -0.13151959]]
[[ 0.13212344  0.524019   -8.5306988  -0.54908516  0.60523278 -0.15187303]]
[[ 0.05897071  0.55454699 -8.96643862 -0.28968876  0.48349782 -0.20250764]]
[[ 0.11854696  0.59651807 -9.26737414 -0.08656962  0.30916237 -0.1879089 ]]
[[ 0.3010716   0.72962551 -9.37744441  0.11229412  0.11610416 -0.14957218]]
[[ 4.34818680e-01  8.48262247e-01 -9.41010404e+00  2.51144501e-01
  -2.24126497e-03 -1.31141274e-01]]
[[ 0.54154267  0.92456814 -9.43343052  0.34294113 -0.09535805 -0.10807   ]]
[[ 0.63599714  0.99186701 -9.47050325  0.42719207 -0.18630138 -0.08830451]]
[[ 0.58363408  0.87655424 -9.63926132  0.38656831 -0.21288158 -0.06665885]]
[[ 0.4482782   0.70180885 -9.82040954  0.29923828 -0.18536055 -0.06276882]]
[[ 0.39917612  0.61895452 -9.93554794  0.2719538  -0.19704826 -0.05329   ]]
[[  0.37461541   0.55874949 -10.01893961   0.25561103  -0.21535906
   -0.04072468]]
[[  0.35193355   0.54781428 -10.01527542   0.24259909  -0.19469753
   -0.04820638]]
[[  0.38123921   0.57520904 -10.00069911   0.26529853  -0.21321699
   -0.04499339]]
[[  0.41067596   0.60997769 -10.05150638   0.32465682  -0.25501568
   -0.04417417]]
[[  0.19626754   0.4122154  -10.27725677   0.23269763  -0.17880854
   -0.07139312]]
[[  0.17139112   0.39512292 -10.1145523    0.13368319  -0.09596468
   -0.07835301]]
[[ -0.0951383    0.0804042  -10.15442828  -0.17269506   0.09684903
   -0.08168583]]
[[ -0.05840287   0.10048217 -10.05297935  -0.19676747   0.10775879
   -0.06879259]]
[[ -0.31880589  -0.17211277 -10.15092686  -0.42422838   0.26659301
   -0.08732993]]
[[ -0.21292981  -0.03949382 -10.00919524  -0.35388676   0.23991128
   -0.08810928]]
[[-0.11208604  0.06468948 -9.59251576 -0.4543579   0.33112846 -0.08132962]]
[[ 0.00963333  0.21194223 -9.24942421 -0.48007332  0.37767377 -0.08446338]]
[[-0.28661487  0.30609301 -9.02287328 -0.49730284  0.73854808 -0.27831066]]
[[-0.14906618  0.4398523  -8.77225897 -0.49156154  0.72387504 -0.26859437]]
[[-0.07988822  0.48223326 -8.62306735 -0.54115969  0.72222905 -0.25852771]]
[[ 0.07659158  0.53539703 -8.50958404 -0.53762262  0.64690834 -0.19324782]]
[[ 0.13664359  0.59348129 -8.44200487 -0.5120577   0.62766799 -0.18672864]]
[[ 0.17138212  0.63162652 -8.39663009 -0.49732377  0.61817378 -0.1849786 ]]
[[ 0.22759249  0.65899048 -8.36013648 -0.49353242  0.59214558 -0.16666311]]
[[ 0.26136068  0.6787814  -8.33528312 -0.48631221  0.5773239  -0.15625351]]
[[ 0.25202233  0.68058247 -8.31770099 -0.49063218  0.59027398 -0.16231314]]
[[ 0.27837439  0.69831266 -8.30486299 -0.48128762  0.57554048 -0.15517636]]
[[ 0.30748823  0.70835698 -8.29884881 -0.47356512  0.55837969 -0.1434645 ]]
[[ 0.28387969  0.71625439 -8.28291718 -0.47451912  0.58436204 -0.16095215]]
[[ 0.2652468   0.70386431 -8.25574334 -0.51719491  0.61715024 -0.16959112]]
[[ 0.29001365  0.70184954 -8.26835751 -0.49960312  0.58836061 -0.15327786]]
[[ 0.28826159  0.70585166 -8.25640314 -0.50552441  0.59305873 -0.15448656]]
[[ 0.30230018  0.71385506 -8.26991723 -0.486903    0.57769436 -0.1502681 ]]
[[ 0.29593479  0.70060106 -8.26098183 -0.50520299  0.58856637 -0.14870041]]
[[ 0.30676139  0.71746238 -8.26442634 -0.48678709  0.57699917 -0.1497502 ]]
[[ 0.30906559  0.71211498 -8.27145351 -0.48316866  0.57182529 -0.14575395]]
[[ 0.31374913  0.70982846 -8.26974251 -0.48665156  0.56747919 -0.1412853 ]]
[[ 0.33230822  0.70561198 -8.27519891 -0.4865732   0.55114937 -0.12809736]]
[[ 0.3352525   0.72017073 -8.27522892 -0.47480665  0.54926971 -0.13309388]]
[[ 0.32311432  0.71493432 -8.27639403 -0.47726879  0.55702481 -0.13763808]]
[[ 0.32353867  0.71163207 -8.28114597 -0.47679838  0.55454113 -0.13571494]]
[[ 0.33222683  0.71872022 -8.27794078 -0.47426777  0.5488669  -0.13375106]]
[[ 0.32639876  0.71893234 -8.28004861 -0.47332776  0.55226461 -0.13714599]]
[[ 0.32541161  0.71564165 -8.28091763 -0.47497504  0.55352086 -0.1362867 ]]
[[ 0.33427219  0.72083784 -8.27872299 -0.47401554  0.54872695 -0.13347992]]
[[ 0.33289488  0.72186048 -8.27826093 -0.47240324  0.55047845 -0.13495648]]
[[ 0.33999062  0.71427156 -8.27878067 -0.4777638   0.5462406  -0.12739378]]
[[ 0.34615635  0.72084652 -8.28176037 -0.4701948   0.54008874 -0.12694454]]
[[ 0.33350796  0.71413926 -8.27190887 -0.47736155  0.55654167 -0.13233028]]
[[ 0.31391244  0.72271251 -8.27803547 -0.46508845  0.56693919 -0.14779126]]
[[ 0.31793073  0.69734519 -8.27060642 -0.49465149  0.56424995 -0.13213183]]
[[ 0.3445862   0.73299546 -8.28061212 -0.45877203  0.54186654 -0.13390892]]
[[ 0.32579358  0.71786888 -8.27491967 -0.47539782  0.55674989 -0.13740844]]
[[ 0.30718859  0.70873741 -8.27273837 -0.48391584  0.56951788 -0.14365814]]
[[ 0.33237206  0.72221937 -8.27655128 -0.47066703  0.54979662 -0.13542356]]
[[ 0.33383958  0.7164239  -8.27665303 -0.47515123  0.54879881 -0.13192148]]
[[ 0.31358131  0.71624356 -8.27524423 -0.47593106  0.56473264 -0.1437918 ]]
[[ 0.33255971  0.71795523 -8.27932481 -0.47247995  0.54972251 -0.1335445 ]]
[[ 0.34321945  0.71907203 -8.27517418 -0.47413445  0.54454135 -0.127878  ]]
[[ 0.32792207  0.71041084 -8.27564719 -0.48034894  0.55597886 -0.1328811 ]]
[[ 0.33044252  0.71377011 -8.27436083 -0.47829276  0.55606599 -0.13312568]]
[[ 0.34362606  0.71734591 -8.2766712  -0.47348639  0.54551676 -0.12735269]]
[[ 0.33849282  0.71268586 -8.27725572 -0.47757638  0.5495359  -0.12810336]]
[[ 0.33178815  0.71200045 -8.27434469 -0.48006485  0.55588404 -0.13166696]]
[[ 0.34177738  0.71828009 -8.27342227 -0.47644954  0.54820716 -0.12858528]]
[[ 0.33715991  0.71673379 -8.27570316 -0.47509145  0.54992848 -0.13061337]]
[[ 0.32968219  0.72461455 -8.27367283 -0.4791731   0.55630096 -0.1409544 ]]
[[ 0.30652395  0.61256309 -8.24622106 -0.62402012  0.58506178 -0.10640501]]
[[ 0.29504843  0.63518246 -8.25619241 -0.58322642  0.58670475 -0.12451766]]
[[ 0.31574039  0.6472256  -8.2583144  -0.56511426  0.57049531 -0.11554165]]
[[ 0.33165852  0.68852663 -8.27098119 -0.51531906  0.55595917 -0.12422503]]
[[ 0.31800028  0.69124978 -8.26700848 -0.51189002  0.56788983 -0.13188752]]
[[ 0.32385644  0.69640785 -8.2759267  -0.50079881  0.56027078 -0.12998246]]
[[ 0.33552487  0.70915364 -8.28325175 -0.48238606  0.55000496 -0.12890016]]
[[ 0.3031289   0.71806704 -8.25912746 -0.49080092  0.58967753 -0.15234253]]
[[ 0.25141209  0.66413703 -8.17488683 -0.6231431   0.67010354 -0.16312229]]
[[ 0.23900139  0.65753987 -8.18263375 -0.61376126  0.67238453 -0.16703477]]
[[ 0.27589422  0.67881528 -8.2115791  -0.56883776  0.62895277 -0.15299537]]
[[ 0.31168218  0.70201489 -8.23110561 -0.53248059  0.59539802 -0.14155655]]
[[ 0.30906645  0.70063389 -8.24387651 -0.5209827   0.59005695 -0.14111515]]
[[ 0.31015888  0.7136094  -8.25431344 -0.49979149  0.58477908 -0.14621719]]
[[ 0.32247347  0.71109092 -8.25715755 -0.49885164  0.5741311  -0.13715706]]
[[ 0.33684539  0.71879884 -8.26212512 -0.48943155  0.56096046 -0.13182737]]
[[ 0.32790036  0.71881842 -8.26423949 -0.48623004  0.56518692 -0.1367613 ]]
[[ 0.33083618  0.71950156 -8.26546141 -0.48353472  0.56352952 -0.13541407]]
[[ 0.33930285  0.72270014 -8.26331965 -0.48241266  0.5572858  -0.13164723]]
[[ 0.33463385  0.72359167 -8.26089013 -0.48336427  0.56082532 -0.1345402 ]]
[[ 0.32917047  0.72060453 -8.2593316  -0.48480223  0.56525805 -0.13646332]]
[[ 0.33766062  0.72465635 -8.25920875 -0.48190928  0.56032827 -0.13356761]]
[[ 0.33879006  0.7234398  -8.25835663 -0.48220263  0.5599083  -0.13245466]]
[[ 0.33368146  0.72130003 -8.25694445 -0.48464833  0.56450895 -0.13446323]]
[[ 0.33598054  0.72258935 -8.25409412 -0.48516681  0.56358729 -0.13357024]]
[[ 0.33732885  0.72569282 -8.25110931 -0.48564623  0.56341633 -0.13405511]]
[[ 0.33400085  0.72450709 -8.25012807 -0.48691592  0.5665591  -0.1354462 ]]
[[ 0.33449887  0.72498274 -8.24873709 -0.48711304  0.56609688 -0.13525351]]
[[ 0.3362485   0.725888   -8.24777928 -0.48664726  0.56528668 -0.13470872]]
[[ 0.33462609  0.72386368 -8.24723297 -0.48796123  0.56766704 -0.13488564]]
[[ 0.33264653  0.72459129 -8.2472672  -0.48797318  0.56710415 -0.13598477]]
[[ 0.33607105  0.7253895  -8.24385777 -0.48925967  0.56708515 -0.13446927]]
[[ 0.33665651  0.72642149 -8.2441427  -0.48939148  0.56810111 -0.13476912]]
[[ 0.33683465  0.72544456 -8.24366977 -0.48940951  0.56833514 -0.13438445]]
[[ 0.33609771  0.72400001 -8.24518203 -0.4883078   0.56703246 -0.13410667]]
[[ 0.33522875  0.72551218 -8.24381108 -0.48965299  0.56813226 -0.13512327]]
[[ 0.3357306   0.72458058 -8.24454352 -0.48944609  0.56795613 -0.13448142]]
[[ 0.33568304  0.72400993 -8.24484725 -0.48901429  0.56721038 -0.13421815]]
[[ 0.33596313  0.72359399 -8.24591774 -0.48853379  0.56682668 -0.1338713 ]]
[[ 0.3366215   0.72284463 -8.24377614 -0.48986324  0.56740942 -0.13324119]]
[[ 0.33812445  0.72305282 -8.24365091 -0.48992422  0.56712631 -0.1325726 ]]
[[ 0.3388484   0.72281019 -8.24152071 -0.49141976  0.56804528 -0.13204558]]
[[ 0.3402052   0.72282561 -8.24029105 -0.49158057  0.56826809 -0.13140454]]
[[ 0.34148323  0.72149855 -8.23993726 -0.49184234  0.56774255 -0.13014171]]
[[ 0.33916846  0.72091765 -8.24020947 -0.49174504  0.5678335  -0.13106292]]
[[ 0.33905883  0.72187951 -8.23793111 -0.49278191  0.56890874 -0.13150784]]
[[ 0.33899281  0.72053475 -8.23681354 -0.49405264  0.5692336  -0.13094214]]
[[ 0.33999711  0.719537   -8.23620985 -0.4940664   0.56905444 -0.13016979]]
[[ 0.33968392  0.7202835  -8.2356607  -0.49440521  0.56963808 -0.13059535]]
[[ 0.34083793  0.72082129 -8.23567286 -0.49429218  0.56945703 -0.13022726]]
[[ 0.34286897  0.72106152 -8.23497733 -0.49430162  0.56882484 -0.12924202]]
[[ 0.34124422  0.72177926 -8.2353662  -0.49443192  0.56925273 -0.13027643]]
[[ 0.34209094  0.72109717 -8.23495746 -0.49504328  0.56934963 -0.12958217]]
[[ 0.341498    0.72247084 -8.23304797 -0.49527466  0.56946144 -0.13041612]]
[[ 0.342841    0.72408099 -8.23295272 -0.49516157  0.56954741 -0.13041494]]
[[ 0.34271499  0.72267397 -8.23139467 -0.49642966  0.57052856 -0.12993174]]
[[ 0.34180031  0.72228122 -8.23075729 -0.49699452  0.57014706 -0.13010499]]
[[ 0.34108426  0.72332252 -8.23060346 -0.4966418   0.57110224 -0.13109863]]
[[ 0.34074286  0.72374276 -8.22811993 -0.49794002  0.57269689 -0.13152148]]
[[ 0.34282653  0.72533696 -8.2278169  -0.49756543  0.57174122 -0.13102182]]
[[ 0.34192965  0.72689325 -8.22888759 -0.49714301  0.57151668 -0.13201527]]
[[ 0.34041091  0.72676013 -8.22825248 -0.49763114  0.57267232 -0.13283559]]
[[ 0.34184543  0.72743422 -8.22662736 -0.49826709  0.57291631 -0.13232046]]
[[ 0.34434732  0.72849407 -8.22497098 -0.4986404   0.57310526 -0.13150346]]
[[ 0.34331024  0.72746778 -8.2229554  -0.49988736  0.57442089 -0.13157802]]
[[ 0.34313226  0.72979691 -8.21993053 -0.50087654  0.575448   -0.13263505]]
[[ 0.34292109  0.73081856 -8.21800306 -0.50172296  0.57599532 -0.13312852]]
[[ 0.34420518  0.73160057 -8.21157236 -0.50509365  0.57909759 -0.13290161]]
[[ 0.34704819  0.73192243 -8.20878383 -0.50628804  0.57960732 -0.13163478]]
[[ 0.34920918  0.73397793 -8.20658985 -0.50687678  0.57977165 -0.13134072]]
[[ 0.34824429  0.73313366 -8.20573916 -0.5074013   0.58048306 -0.13149227]]
[[ 0.34893471  0.73492167 -8.20473144 -0.50762927  0.58079654 -0.13189065]]
[[ 0.3468449   0.73406406 -8.20533773 -0.50747664  0.58099059 -0.13255561]]
[[ 0.34573538  0.73422016 -8.20881816 -0.50590535  0.57985171 -0.13317598]]
[[ 0.34526537  0.73550523 -8.20651746 -0.50688723  0.58056338 -0.13385518]]
[[ 0.34501981  0.73798269 -8.20627578 -0.50632934  0.58033227 -0.13506644]]
[[ 0.34434545  0.73877542 -8.20562976 -0.50684477  0.5809215  -0.13568102]]
[[ 0.34286302  0.74045607 -8.20439037 -0.50730731  0.58136978 -0.13700145]]
[[ 0.34366323  0.73930782 -8.2036257  -0.50748612  0.58184787 -0.13622785]]
[[ 0.34332469  0.74145906 -8.20320352 -0.50766585  0.58201187 -0.1372226 ]]
[[ 0.34223732  0.74203623 -8.2022872  -0.5084514   0.58224803 -0.1377993 ]]
[[ 0.34286625  0.74250319 -8.20166622 -0.50845013  0.58222113 -0.1377086 ]]
[[ 0.34237641  0.74303718 -8.20257916 -0.50769298  0.58201926 -0.13813383]]
[[ 0.34198705  0.744196   -8.20169391 -0.50747021  0.58279192 -0.1388559 ]]
[[ 0.34185035  0.74435257 -8.20229544 -0.50752417  0.58273855 -0.13897008]]
[[ 0.34381791  0.74194777 -8.20279875 -0.5075832   0.58182652 -0.13693928]]
[[ 0.3430852   0.74125369 -8.20146922 -0.50821811  0.58271329 -0.13708177]]
[[ 0.34156289  0.74322591 -8.19930026 -0.50899413  0.58432898 -0.13873201]]
[[ 0.34378852  0.74416072 -8.20037961 -0.50840722  0.58304768 -0.13794414]]
[[ 0.34286982  0.74237835 -8.20188437 -0.50792085  0.58221297 -0.13758073]]
[[ 0.34264255  0.74414881 -8.19972437 -0.50876076  0.58350589 -0.13845506]]
[[ 0.34288565  0.74446955 -8.19889296 -0.50865806  0.58347349 -0.13852457]]
[[ 0.34115204  0.74263177 -8.19708501 -0.51005328  0.58435769 -0.1386383 ]]
[[ 0.34346461  0.74259607 -8.19383444 -0.51206357  0.58574294 -0.13748709]]
[[ 0.34031249  0.74361789 -8.19187694 -0.51268754  0.58689546 -0.13946367]]
[[ 0.34220354  0.74386023 -8.19009157 -0.5130672   0.58768668 -0.13869082]]
[[ 0.34372175  0.74236572 -8.18830025 -0.51409221  0.5881119  -0.1373308 ]]
[[ 0.34246066  0.74415359 -8.18622019 -0.51471945  0.58896565 -0.13867355]]
[[ 0.34339595  0.74225335 -8.18363958 -0.51627388  0.5896831  -0.13746092]]
[[ 0.34496168  0.74524935 -8.18083793 -0.51768732  0.59084962 -0.13791353]]
[[ 0.34599724  0.7444943  -8.17857304 -0.51899065  0.5917821  -0.13710522]]
[[ 0.34460876  0.74576247 -8.17778608 -0.51887877  0.59218328 -0.13831342]]
[[ 0.34583642  0.74652356 -8.17823473 -0.51834939  0.59221695 -0.1380292 ]]
[[ 0.34700719  0.74426051 -8.1792292  -0.51844842  0.59165045 -0.13653084]]
[[ 0.3455929   0.74359215 -8.17865954 -0.51901642  0.59186979 -0.13696678]]
[[ 0.34629162  0.74413657 -8.17598957 -0.52025114  0.5931247  -0.13691976]]
[[ 0.34775704  0.74354391 -8.1751004  -0.52048009  0.59309602 -0.13591514]]
[[ 0.3476074   0.74408615 -8.17499584 -0.52055729  0.59296187 -0.13617731]]
[[ 0.34554868  0.74377578 -8.17301948 -0.5221029   0.59401453 -0.13699725]]
[[ 0.34568223  0.745226   -8.17274643 -0.5219653   0.59455562 -0.13759503]]
[[ 0.34467098  0.74341732 -8.17342986 -0.52193459  0.59433821 -0.1374085 ]]
[[ 0.34465424  0.74181551 -8.17428152 -0.5214835   0.59390257 -0.13672721]]
[[ 0.34568049  0.74214138 -8.17485166 -0.52139568  0.59343221 -0.13626446]]
[[ 0.34499568  0.74336851 -8.1738347  -0.52182593  0.5938669  -0.13703224]]
[[ 0.34559655  0.74413377 -8.17247048 -0.52243455  0.5945353  -0.13705844]]
[[ 0.34520573  0.74434538 -8.17096403 -0.52255463  0.5953451  -0.13742884]]
[[ 0.34666868  0.74320084 -8.17042074 -0.52275621  0.59546954 -0.13628647]]
[[ 0.34551724  0.74378288 -8.17102962 -0.521707    0.59566171 -0.13727947]]
[[ 0.34460155  0.74208216 -8.16812891 -0.52582867  0.59742342 -0.13682068]]
[[ 0.34576318  0.74559302 -8.16790845 -0.5243413   0.59638596 -0.13761935]]
[[ 0.34389734  0.74830271 -8.16841423 -0.52270932  0.59659005 -0.1398069 ]]
[[ 0.34599971  0.74639137 -8.16864585 -0.5243483   0.59568582 -0.13767958]]
[[ 0.34697523  0.74668395 -8.16671329 -0.52506411  0.59478409 -0.13710437]]
[[ 0.3439605   0.74706333 -8.16683875 -0.52448849  0.59611997 -0.1388757 ]]
[[ 0.34341757  0.74585335 -8.16600233 -0.52516502  0.59709398 -0.13875763]]
[[ 0.34675187  0.74543704 -8.16455773 -0.52593826  0.59613997 -0.13678394]]
[[ 0.34736826  0.74579849 -8.16256004 -0.52685618  0.59652483 -0.13650908]]
[[ 0.34572322  0.74532207 -8.16241801 -0.52736875  0.59772989 -0.13729663]]
[[ 0.34359029  0.74643764 -8.1611793  -0.52656817  0.59873    -0.13893656]]
[[ 0.34414732  0.74655222 -8.15771121 -0.52920297  0.59887108 -0.13847533]]
[[ 0.3432964   0.74488298 -8.1571856  -0.53099048  0.59944085 -0.13809017]]
[[ 0.33809562  0.74803348 -8.15303951 -0.53069189  0.60452844 -0.14256298]]
[[ 0.33995973  0.74752459 -8.152396   -0.52987654  0.60498091 -0.14165363]]
[[ 0.33856723  0.74548207 -8.15104379 -0.53283137  0.60556087 -0.14127847]]
[[ 0.33975633  0.74840762 -8.15059456 -0.5305159   0.60479583 -0.14203737]]
[[ 0.3377851   0.74577165 -8.14851062 -0.53475417  0.60770767 -0.14192129]]
[[ 0.33732495  0.74995108 -8.14793563 -0.5315944   0.60877256 -0.14422321]]
[[ 0.33877433  0.75008907 -8.14858662 -0.53156926  0.60706793 -0.14337177]]
[[ 0.33950171  0.74778005 -8.14798201 -0.53350192  0.6068413  -0.14188938]]
[[ 0.34255772  0.74744561 -8.14838047 -0.53308729  0.60560475 -0.14014231]]
[[ 0.34202403  0.74777137 -8.14645611 -0.53374517  0.60681995 -0.14059483]]
[[ 0.3430843   0.7466278  -8.14341494 -0.53571787  0.60809161 -0.13960972]]
[[ 0.34549616  0.74698249 -8.14335514 -0.53547876  0.6071386  -0.13850619]]
[[ 0.34991811  0.74834288 -8.14211953 -0.53596329  0.60632799 -0.13679096]]
[[ 0.34735124  0.74953051 -8.13960121 -0.53762832  0.6081391  -0.13848394]]
[[ 0.34733422  0.75004037 -8.14122386 -0.53661127  0.60658324 -0.13852864]]
[[ 0.34935605  0.74929662 -8.14101553 -0.53663347  0.60592094 -0.13720731]]
[[ 0.34773482  0.75000252 -8.13883219 -0.53769376  0.60762433 -0.13838218]]
[[ 0.34993052  0.74930911 -8.13620441 -0.53931141  0.60776311 -0.13689254]]
[[ 0.35216425  0.74742634 -8.13675098 -0.53950881  0.60659552 -0.13488792]]
[[ 0.35191908  0.75193732 -8.13738888 -0.53698021  0.60684605 -0.13702449]]
[[ 0.35156851  0.75032375 -8.13776944 -0.53832044  0.60640954 -0.13637164]]
[[ 0.35363565  0.74899501 -8.13665436 -0.53977019  0.6058047  -0.1346105 ]]
[[ 0.35354839  0.74867058 -8.13507156 -0.5405031   0.60664426 -0.13453159]]
[[ 0.35272235  0.74805418 -8.13481331 -0.53999266  0.60767296 -0.1349428 ]]
[[ 0.35230177  0.74749678 -8.13522193 -0.53975827  0.6075992  -0.13495692]]
[[ 0.35428834  0.74668078 -8.13706301 -0.53896335  0.60549577 -0.13343287]]
[[ 0.35267508  0.74522738 -8.13528654 -0.54025577  0.6068848  -0.1337028 ]]
[[ 0.35134821  0.7438205  -8.13388805 -0.54157791  0.60823725 -0.13385594]]
[[ 0.35496152  0.74545769 -8.13379176 -0.54098735  0.6069993  -0.13261393]]
[[ 0.35513252  0.74529795 -8.1334448  -0.54120363  0.60728058 -0.1324297 ]]
[[ 0.35540795  0.74214879 -8.13224411 -0.54218784  0.60814595 -0.13111503]]
[[ 0.35677743  0.74266028 -8.13230383 -0.54191831  0.60721569 -0.1306409 ]]
[[ 0.35626959  0.7403011  -8.130169   -0.54387576  0.60840334 -0.12990322]]
[[ 0.35494735  0.74132669 -8.12879663 -0.54419652  0.60976268 -0.13110409]]
[[ 0.35435658  0.741045   -8.12907264 -0.54359964  0.60930671 -0.13135623]]
[[ 0.35402725  0.74160566 -8.12627643 -0.5448197   0.61029221 -0.1317953 ]]
[[ 0.35217232  0.74091317 -8.12500436 -0.54603044  0.6113553  -0.13238858]]
[[ 0.35429346  0.74235737 -8.1237077  -0.54644957  0.61131491 -0.13189715]]
[[ 0.35464553  0.74042016 -8.12326607 -0.54699699  0.61157801 -0.13100193]]
[[ 0.35308222  0.73920965 -8.12242924 -0.54754551  0.61249996 -0.13133571]]
[[ 0.35229441  0.73917253 -8.12265522 -0.54734203  0.61195732 -0.13165505]]
[[ 0.34980285  0.74042377 -8.12250563 -0.54745308  0.612692   -0.1333962 ]]
[[ 0.35161341  0.7391061  -8.12273612 -0.54762804  0.61208037 -0.13190005]]
[[ 0.35505821  0.73789592 -8.12118564 -0.54987817  0.61159893 -0.12945792]]
[[ 0.35603259  0.74016809 -8.11942001 -0.5492237   0.61077838 -0.12979069]]
[[ 0.35364085  0.74097096 -8.11765263 -0.54807706  0.61464055 -0.1319188 ]]
[[ 0.34909179  0.73726509 -8.11825186 -0.5512688   0.61674049 -0.13263754]]
[[ 0.34943719  0.73470076 -8.11859383 -0.55236835  0.61549618 -0.13116057]]
[[ 0.3531773   0.73808202 -8.11869093 -0.54900464  0.61048476 -0.13038577]]
[[ 0.35278027  0.73965581 -8.11900127 -0.54879693  0.61091885 -0.13122561]]
[[ 0.34698773  0.74034165 -8.11649797 -0.55046983  0.61619509 -0.13474488]]
[[ 0.35064344  0.74160439 -8.11455587 -0.55090782  0.61543247 -0.13332049]]
[[ 0.35143896  0.74141228 -8.11254761 -0.55273328  0.61506016 -0.13258035]]
[[ 0.35925859  0.74143496 -8.11558976 -0.55186257  0.61058537 -0.12832259]]
[[ 0.36122936  0.7402714  -8.11777964 -0.55142834  0.60710766 -0.12647186]]
[[ 0.35540808  0.74136302 -8.1141555  -0.5527211   0.61235383 -0.13028742]]
[[ 0.35050866  0.74061531 -8.11253378 -0.5541761   0.61604349 -0.13276432]]
[[ 0.35540198  0.74341611 -8.11371334 -0.55184513  0.6120073  -0.13117141]]
[[ 0.35424746  0.74194987 -8.11209055 -0.55366381  0.61427168 -0.131306  ]]
[[ 0.34909401  0.74140859 -8.11114745 -0.55368692  0.61804367 -0.13404378]]
[[ 0.3537291   0.7439356  -8.10819194 -0.55380932  0.61621861 -0.13245194]]
[[ 0.35624631  0.74373961 -8.11028772 -0.55344556  0.61423582 -0.13089965]]
[[ 0.35373978  0.74193778 -8.10983444 -0.55475245  0.61662515 -0.13165498]]
[[ 0.35435485  0.7418513  -8.10695279 -0.55563888  0.61717443 -0.13136132]]
[[ 0.35571217  0.74352675 -8.10681722 -0.55529836  0.61640443 -0.13130841]]
[[ 0.35408353  0.74419082 -8.10658118 -0.55578302  0.6176533  -0.13244813]]
[[ 0.3548738   0.74585504 -8.10489979 -0.5561632   0.61853794 -0.13272323]]
[[ 0.35528111  0.74769537 -8.10493943 -0.55545     0.61781604 -0.13321571]]
[[ 0.35237196  0.74785683 -8.10643797 -0.5549202   0.6180177  -0.13475852]]
[[ 0.35378545  0.74785242 -8.1045169  -0.55615686  0.61915399 -0.13411346]]
[[ 0.35733628  0.74825924 -8.10466754 -0.55606363  0.6183604  -0.13248695]]
[[ 0.35737681  0.74823438 -8.10542591 -0.5555718   0.61800474 -0.13250025]]
[[ 0.35665229  0.74667967 -8.10373433 -0.55643718  0.6192677  -0.13231115]]
[[ 0.35895489  0.74616261 -8.10206989 -0.55704718  0.61925452 -0.13085694]]
[[ 0.35950665  0.74714337 -8.09884598 -0.55875527  0.62045211 -0.13094104]]
[[ 0.35785198  0.74663904 -8.09726791 -0.55983038  0.62191172 -0.13163712]]
[[ 0.35802866  0.74501439 -8.0947649  -0.56106885  0.62272284 -0.1309161 ]]
[[ 0.35778743  0.74529149 -8.09411714 -0.56113951  0.62281038 -0.13116231]]
[[ 0.35664757  0.74613723 -8.09602012 -0.56013291  0.62273917 -0.13215511]]
[[ 0.35753416  0.74679054 -8.09689863 -0.55932252  0.62219282 -0.1319766 ]]
[[ 0.35704895  0.74824339 -8.09704732 -0.5593875   0.62205009 -0.13270911]]
[[ 0.35724056  0.7455619  -8.09907599 -0.5589398   0.62146888 -0.13155281]]
[[ 0.3566395   0.74485379 -8.0988757  -0.55875132  0.62127494 -0.13162342]]
[[ 0.35621287  0.74455944 -8.09797773 -0.55917223  0.6213796  -0.13171464]]
[[ 0.35611595  0.74340792 -8.09608879 -0.56072383  0.62236421 -0.13126952]]
[[ 0.35655755  0.74388046 -8.09529567 -0.56090753  0.62232704 -0.13119037]]
[[ 0.35701095  0.74488754 -8.09270075 -0.56222176  0.62369888 -0.131378  ]]
[[ 0.35903466  0.74603367 -8.09176381 -0.56258709  0.62405345 -0.13090041]]
[[ 0.36175511  0.74780546 -8.09067386 -0.56250178  0.62367107 -0.13021724]]
[[ 0.3649132   0.74816067 -8.08848504 -0.56390665  0.62448519 -0.12876147]]
[[ 0.36449937  0.74749996 -8.08656492 -0.56476597  0.62524819 -0.12863608]]
[[ 0.36562515  0.75007621 -8.08375059 -0.56575771  0.62600541 -0.12911036]]
[[ 0.36307295  0.75323287 -8.08200023 -0.56661988  0.62726503 -0.13167689]]
[[ 0.36979641  0.7490181  -8.0829031  -0.56820208  0.62264122 -0.12604024]]
[[ 0.37833591  0.75593981 -8.08117609 -0.56441639  0.61865735 -0.12439061]]
[[ 0.37104729  0.75142932 -8.07988962 -0.56827803  0.62366593 -0.1264218 ]]
[[ 0.36572099  0.75060684 -8.07915492 -0.5702291   0.62749081 -0.12898168]]
[[ 0.37295447  0.75389406 -8.08070311 -0.56681895  0.62155826 -0.12631357]]
[[ 0.37257284  0.75384073 -8.08235592 -0.56667721  0.62166065 -0.12651207]]
[[ 0.36633294  0.75393956 -8.08349376 -0.56668767  0.62514883 -0.13002721]]
[[ 0.36829144  0.75662505 -8.07930078 -0.56745018  0.6240223  -0.12985871]]
[[ 0.3631881   0.7553037  -8.07757557 -0.56950388  0.6284374  -0.13219044]]
[[ 0.35422075  0.7545666  -8.07838127 -0.56896026  0.63351172 -0.13703232]]
[[ 0.36477769  0.75503068 -8.07804111 -0.56830039  0.62645468 -0.1311986 ]]
[[ 0.37284266  0.75667979 -8.07531671 -0.56824601  0.62179918 -0.1273266 ]]
[[ 0.36260377  0.75570497 -8.07351666 -0.57130157  0.63072441 -0.13279621]]
[[ 0.35774311  0.75415789 -8.07094098 -0.572942    0.63418132 -0.13476547]]
[[ 0.37052073  0.76199612 -8.06797166 -0.57031315  0.62750855 -0.13101945]]
[[ 0.36544315  0.76078743 -8.06560059 -0.57324609  0.63134025 -0.13318547]]
[[ 0.35990815  0.75722202 -8.06603136 -0.57509382  0.63541854 -0.13485992]]
[[ 0.36503794  0.75962104 -8.06205592 -0.57532963  0.63294403 -0.13287261]]
[[ 0.36631748  0.76162172 -8.06128568 -0.57498979  0.63207027 -0.13297811]]
[[ 0.36109611  0.7583838  -8.06172765 -0.57610748  0.63540805 -0.1345301 ]]
[[ 0.36369045  0.75921579 -8.06227541 -0.57522836  0.63412906 -0.13356977]]
[[ 0.36490034  0.76172005 -8.06242987 -0.5743993   0.6325128  -0.13379063]]
[[ 0.3622854   0.75835007 -8.06377984 -0.57605176  0.63445672 -0.13379017]]
[[ 0.36250989  0.75853021 -8.06339846 -0.57498089  0.63396171 -0.13375931]]
[[ 0.3642998   0.76005158 -8.06559398 -0.5726472   0.63134818 -0.13345389]]
[[ 0.36128256  0.76001803 -8.06484771 -0.57405676  0.63375682 -0.13513954]]
[[ 0.36119858  0.75766968 -8.06530129 -0.57435759  0.63343258 -0.13422683]]
[[ 0.36382859  0.75704952 -8.06707747 -0.57262957  0.6309493  -0.13255245]]
[[ 0.36012049  0.75483856 -8.06876424 -0.57275223  0.632053   -0.1336559 ]]
[[ 0.36128928  0.75425772 -8.06803092 -0.57307545  0.63203586 -0.13276788]]
[[ 0.36077721  0.75538833 -8.06928855 -0.57156526  0.6308102  -0.13340847]]
[[ 0.36008562  0.75443873 -8.07010687 -0.57173215  0.63132852 -0.13347894]]
[[ 0.35849023  0.75339539 -8.06960888 -0.57253692  0.63234395 -0.13385292]]
[[ 0.35986619  0.75365732 -8.06835257 -0.57253466  0.63151284 -0.13322016]]
[[ 0.36065984  0.75414566 -8.07137305 -0.57117381  0.63087267 -0.1331071 ]]
[[ 0.35981784  0.75350045 -8.07057066 -0.57169236  0.63145745 -0.13325393]]
[[ 0.3613258   0.7521149  -8.07152815 -0.57093738  0.63010692 -0.13189269]]
[[ 0.35979607  0.75156151 -8.07259571 -0.57078039  0.63015641 -0.13240597]]
[[ 0.35892732  0.75212205 -8.07375836 -0.57031226  0.63020273 -0.13308242]]
[[ 0.35671681  0.75259541 -8.07302307 -0.57038318  0.63075459 -0.13441995]]
[[ 0.35830605  0.75356688 -8.07512109 -0.56958728  0.63017227 -0.13403766]]
[[ 0.35822669  0.75462783 -8.07819399 -0.56784136  0.6285405  -0.13439547]]
[[ 0.35801624  0.75539768 -8.07813401 -0.56750716  0.62839088 -0.13476144]]
[[ 0.35515755  0.75675063 -8.07845869 -0.56726822  0.62915044 -0.13682993]]
[[ 0.26203906  0.71183689 -8.09919299 -0.61370026  0.70666736 -0.17729266]]
[[ 0.26717505  0.68675845 -8.09335674 -0.64107514  0.70208853 -0.1634644 ]]
[[ 0.30540445  0.71604514 -8.09313385 -0.60701144  0.66848366 -0.1524278 ]]
[[ 0.31524368  0.7317554  -8.08506302 -0.59426617  0.66204951 -0.15222013]]
[[ 0.32361947  0.73357693 -8.07967164 -0.59321378  0.6568653  -0.14709187]]
[[ 0.33911343  0.74110989 -8.0768735  -0.58525966  0.64438755 -0.14076619]]
[[ 0.34761782  0.74880781 -8.07645912 -0.57740246  0.63792427 -0.13898141]]
[[ 0.3444349   0.75307882 -8.07524524 -0.57553422  0.63950662 -0.1422224 ]]
[[ 0.34903206  0.75674875 -8.07395222 -0.57376369  0.63566622 -0.14074318]]
[[ 0.35264365  0.75669895 -8.07282566 -0.57319881  0.63310329 -0.13841967]]
[[ 0.31940314  0.79316071 -8.03248657 -0.55477002  0.68359319 -0.17418792]]
[[ 0.31247981  0.84850689 -7.97410315 -0.52544261  0.71521099 -0.19981621]]
[[ 0.29276222  0.90202631 -7.8988919  -0.51381554  0.77044976 -0.2354537 ]]
[[ 0.20376227  0.93418973 -7.81093909 -0.54040429  0.88763967 -0.30384572]]
[[ 0.23576933  0.87441594 -7.88191769 -0.56448294  0.8219388  -0.25866815]]
[[ 0.27893232  0.83890824 -7.94121164 -0.56687742  0.75682117 -0.21740078]]
[[ 0.29928674  0.81668976 -7.98216149 -0.56841177  0.71854091 -0.1953764 ]]
[[ 0.31036464  0.80059534 -8.00632688 -0.57049836  0.69798661 -0.18200918]]
[[ 0.32489683  0.78758215 -8.02543297 -0.57020132  0.67653963 -0.16788396]]
[[ 0.33315903  0.77798291 -8.03705942 -0.57290346  0.66387675 -0.15869333]]
[[ 0.3379061   0.77024937 -8.0448897  -0.57428461  0.6557517  -0.15257252]]
[[ 0.34350022  0.76671728 -8.05195744 -0.57272061  0.64841583 -0.14784852]]
[[ 0.34554674  0.76648141 -8.05335587 -0.57350674  0.64557953 -0.14643746]]
[[ 0.35918925  0.8186185  -8.04522087 -0.51425826  0.63940273 -0.15969511]]
[[ 0.35859263  0.80183693 -8.04376312 -0.53443588  0.64159001 -0.15265265]]
[[ 0.35135775  0.78981872 -8.04728919 -0.54933519  0.64560787 -0.15204349]]
[[ 0.34561081  0.7805042  -8.05570989 -0.55386742  0.64575913 -0.15187538]]
[[ 0.35486112  0.77517683 -8.0588006  -0.55798199  0.63705648 -0.14449984]]
[[ 0.35312247  0.76792713 -8.06113194 -0.56404795  0.63667768 -0.14235109]]
[[ 0.34649644  0.7614477  -8.06231644 -0.56931126  0.64065474 -0.14341959]]
[[ 0.35167069  0.76258312 -8.06089339 -0.57002995  0.63774975 -0.1411371 ]]
[[ 0.35509206  0.76078083 -8.06333458 -0.5693021   0.63451639 -0.13860466]]
[[ 0.35095733  0.75577194 -8.06193573 -0.57332519  0.63879364 -0.13894431]]
[[ 0.35153362  0.75500961 -8.06084544 -0.57437262  0.63802697 -0.13823445]]
[[ 0.35241628  0.75455593 -8.06242127 -0.57359536  0.63595783 -0.13746914]]
[[ 0.3490509   0.75437245 -8.06338198 -0.57432549  0.6381993  -0.13927545]]
[[ 0.35061539  0.75616209 -8.06359819 -0.57355876  0.63708085 -0.13912842]]
[[ 0.35177952  0.75596899 -8.06265392 -0.57393818  0.63582455 -0.13827822]]
[[ 0.34786439  0.75509728 -8.0614405  -0.57552842  0.63845919 -0.14007793]]
[[ 0.34979675  0.75398589 -8.05993504 -0.57629338  0.63826683 -0.13858024]]
[[ 0.35405     0.75568997 -8.0559618  -0.57777544  0.63816766 -0.13702078]]
[[ 0.35396086  0.75596893 -8.05688622 -0.57782374  0.63810445 -0.13715452]]
[[ 0.35509174  0.75724788 -8.05687684 -0.57703738  0.63804253 -0.13716361]]
[[ 0.35530532  0.75452291 -8.05605218 -0.57790301  0.63825617 -0.13589946]]
[[ 0.35459517  0.75496741 -8.05259432 -0.57972528  0.63988575 -0.13648507]]
[[ 0.35410955  0.7534115  -8.0538297  -0.57919798  0.64005466 -0.13627119]]
[[ 0.35471185  0.75453504 -8.05260745 -0.57962219  0.6402785  -0.1362984 ]]
[[ 0.3537229   0.74720562 -8.04709677 -0.59215548  0.6428671  -0.13275149]]
[[ 0.34887465  0.76248039 -8.05408889 -0.57148752  0.64387657 -0.14352352]]
[[ 0.35887268  0.75816194 -8.04699752 -0.58111594  0.6403728  -0.13546629]]
[[ 0.3579403   0.74669354 -8.0434198  -0.59314439  0.6424049  -0.13051363]]
[[ 0.35808463  0.75729577 -8.04676579 -0.58221795  0.64192669 -0.13563575]]
[[ 0.36037737  0.76094862 -8.04726172 -0.57705513  0.63993057 -0.1362872 ]]
[[ 0.36118268  0.75205983 -8.04791305 -0.5836749   0.63947975 -0.13165359]]
[[ 0.36106206  0.75400234 -8.04596923 -0.58406334  0.64210564 -0.13272539]]
[[ 0.36140951  0.75621102 -8.04488966 -0.58261597  0.64180054 -0.13347106]]
[[ 0.36055822  0.75592539 -8.04400714 -0.5836971   0.64262145 -0.13383258]]
[[ 0.35890204  0.75669108 -8.04304377 -0.58498752  0.64288315 -0.13475936]]
[[ 0.3610104   0.75816255 -8.04257832 -0.58442644  0.6421494  -0.13430592]]
[[ 0.36210115  0.75492299 -8.04156535 -0.58546648  0.64301062 -0.132501  ]]
[[ 0.36152724  0.75674883 -8.04015044 -0.58559314  0.64385754 -0.13356471]]
[[ 0.36263942  0.7579262  -8.03721563 -0.58708877  0.64443841 -0.13346125]]
[[ 0.36231792  0.75759014 -8.03779226 -0.58626474  0.64425187 -0.13358446]]
[[ 0.36080688  0.76156763 -8.04072528 -0.5795829   0.64354811 -0.13647641]]
[[ 0.36723558  0.75242039 -8.03053845 -0.59750939  0.64340693 -0.12775216]]
[[ 0.36617171  0.76583214 -8.03388494 -0.58323692  0.64502367 -0.13534516]]
[[ 0.36251821  0.77273448 -8.03945331 -0.57064933  0.64359446 -0.14101915]]
[[ 0.37454223  0.75149734 -8.02647928 -0.59902701  0.64041455 -0.12339082]]
[[ 0.36587536  0.76048137 -8.02977863 -0.58847831  0.64510606 -0.13290105]]
[[ 0.36065942  0.75160118 -8.02969224 -0.59395077  0.64823477 -0.13186416]]
[[ 0.36807448  0.76114965 -8.02769624 -0.59087731  0.64437356 -0.13169072]]
[[ 0.38097089  0.75140232 -8.02742536 -0.59787334  0.63563821 -0.11973473]]
[[ 0.3914253   0.73110631 -8.01907091 -0.61761625  0.63077045 -0.10402204]]
[[ 0.38040589  0.76718487 -8.03087812 -0.57966948  0.63540707 -0.12809604]]
[[ 0.37843216  0.7503013  -8.02378613 -0.59848146  0.63751921 -0.12073566]]
[[ 0.37885089  0.75159015 -8.02506832 -0.59569559  0.63748138 -0.12136063]]
[[ 0.38142854  0.74720119 -8.0211402  -0.60170243  0.63829025 -0.1178319 ]]
[[ 0.37528911  0.75436062 -8.02080697 -0.59564577  0.64249029 -0.12485929]]
[[ 0.37049261  0.75483718 -8.01939268 -0.59619308  0.64525867 -0.12767718]]
[[ 0.37407165  0.75388372 -8.01712715 -0.59783605  0.644377   -0.12532016]]
[[ 0.36924958  0.75494988 -8.01481774 -0.59846086  0.64845617 -0.12853104]]
[[ 0.36705273  0.75497519 -8.01383282 -0.59892267  0.65026708 -0.12979404]]
[[ 0.37030013  0.75701843 -8.0128731  -0.59871852  0.64877363 -0.12881063]]
[[ 0.36882049  0.75554291 -8.0105262  -0.59998275  0.65087419 -0.12908312]]
[[ 0.36300074  0.75507761 -8.00825294 -0.60129865  0.6538747  -0.13199198]]
[[ 0.36410055  0.7567052  -8.00815419 -0.60074435  0.6532806  -0.13205642]]
[[ 0.36505262  0.7566425  -8.00497596 -0.60238987  0.65453124 -0.13158861]]
[[ 0.36343142  0.75682881 -8.00406649 -0.60321942  0.65607926 -0.13255288]]
[[ 0.36403236  0.75758875 -8.00428632 -0.60307716  0.65466647 -0.13243053]]
[[ 0.36542635  0.75664616 -8.00414716 -0.60298022  0.65391368 -0.13129469]]
[[ 0.36342516  0.75408304 -8.00461378 -0.60326962  0.65594764 -0.13150392]]
[[ 0.36424942  0.75582783 -8.00345917 -0.60329172  0.65594891 -0.13179175]]
[[ 0.36475103  0.75581228 -8.00408076 -0.60270395  0.65474673 -0.13142965]]
[[ 0.36177825  0.7557466  -8.00500831 -0.60309785  0.65604316 -0.13298942]]
[[ 0.36036185  0.75685501 -8.00538655 -0.6024202   0.65619402 -0.13419892]]
[[ 0.36129526  0.83128967 -7.83263522 -0.63250942  0.72737822 -0.1645817 ]]
[[ 0.4013424   0.79773089 -7.5918543  -0.83385704  0.77873203 -0.12514855]]
[[ 0.3691662   0.76088254 -7.73109578 -0.77712711  0.75380286 -0.12995607]]
[[ 0.37399459  0.7549027  -7.82321411 -0.72151779  0.71474989 -0.12473363]]
[[ 0.37753797  0.76213846 -7.88037758 -0.67836951  0.69173236 -0.12648784]]
[[ 0.36358071  0.75886066 -7.92078687 -0.65496579  0.68753691 -0.13328826]]
[[ 0.35846138  0.75355016 -7.95171535 -0.63987262  0.67836778 -0.13373705]]
[[ 0.36758045  0.75552696 -7.97067037 -0.62484823  0.66587908 -0.12972266]]
[[ 0.36483978  0.75609089 -7.98323731 -0.61536539  0.66367477 -0.13176274]]
[[ 0.33880368  0.6315238  -7.96618406 -0.75323875  0.68270111 -0.09353516]]
[[ 0.36086877  0.6732711  -7.98594731 -0.69415005  0.65966778 -0.09988092]]
[[ 0.37763449  0.69815935 -7.9954256  -0.66465137  0.6467277  -0.10036399]]
[[ 0.35250267  0.71404516 -7.99923799 -0.64562078  0.66482477 -0.12153997]]
[[ 0.34790569  0.72383765 -7.99907453 -0.63682569  0.66708515 -0.12767078]]
[[ 0.3722546   0.74367622 -8.00723544 -0.61466223  0.64838357 -0.12262721]]
[[ 0.36308006  0.74579537 -8.00784904 -0.6120684   0.6552609  -0.12859813]]
[[ 0.35333038  0.7417752  -8.00994859 -0.6116844   0.6612781  -0.13232157]]
[[ 0.36546846  0.75238432 -8.01048547 -0.60429326  0.65280713 -0.12992033]]
[[ 0.36939275  0.75525349 -8.01098024 -0.60160595  0.65127718 -0.12907344]]
[[ 0.35953948  0.75156207 -8.00936334 -0.60469316  0.65977326 -0.13308017]]
[[ 0.37019671  0.75508967 -8.00962523 -0.60080787  0.6525176  -0.12858829]]
[[ 0.36980481  0.75536727 -8.008324   -0.60110137  0.65213409 -0.12877559]]
[[ 0.36173014  0.75094907 -8.0063317  -0.60460569  0.65939198 -0.13162254]]
[[ 0.36514651  0.7521262  -8.00681955 -0.60248483  0.65704437 -0.1303263 ]]
[[ 0.3724223   0.75345953 -8.00874783 -0.59969264  0.65169854 -0.12686924]]
[[ 0.36664093  0.75181284 -8.00713399 -0.60246754  0.65680901 -0.12939808]]
[[ 0.36733543  0.75384792 -8.00503595 -0.60353831  0.65702688 -0.12978125]]
[[ 0.37076458  0.75717414 -8.0024582  -0.6028441   0.65512001 -0.12924542]]
[[ 0.36697017  0.75572812 -8.0026256  -0.60392024  0.65822426 -0.13082772]]
[[ 0.36650091  0.75540718 -8.00150785 -0.60454942  0.65888066 -0.13097637]]
[[ 0.36965885  0.75401522 -8.00189426 -0.60371681  0.65628396 -0.12865018]]
[[ 0.36747489  0.75683712 -7.99792287 -0.60563578  0.65936249 -0.13101215]]
[[ 0.36383654  0.7566841  -7.99528854 -0.60754356  0.66194261 -0.13279001]]
[[ 0.3689045   0.75857947 -7.99219705 -0.60796769  0.6611101  -0.13091348]]
[[ 0.36940846  0.75808895 -7.99266571 -0.60832119  0.66122974 -0.13041957]]
[[ 0.36514386  0.75660001 -7.99157588 -0.60903085  0.66297235 -0.13209371]]
[[ 0.36718206  0.75554151 -7.99193584 -0.60852179  0.66192548 -0.13058602]]
[[ 0.36752385  0.75609954 -7.98953017 -0.60965741  0.66274518 -0.13063293]]
[[ 0.36571043  0.7566092  -7.98663785 -0.61171475  0.66468129 -0.13173259]]
[[ 0.36753009  0.75731395 -7.98422343 -0.6123296   0.66528432 -0.13110373]]
[[ 0.36766566  0.75801751 -7.98278572 -0.61302935  0.66581402 -0.13132237]]
[[ 0.36693     0.75894509 -7.98170789 -0.61337877  0.66678559 -0.13214286]]
[[ 0.36729641  0.76050648 -7.97904328 -0.61445304  0.6675349  -0.13257789]]
[[ 0.3689348   0.75810082 -7.97668919 -0.61580997  0.66826862 -0.13080506]]
[[ 0.36785231  0.75952335 -7.97560962 -0.61648678  0.66953175 -0.13197224]]
[[ 0.36786804  0.75895327 -7.97606129 -0.61641644  0.66897727 -0.13168182]]
[[ 0.36806228  0.7601926  -7.97266621 -0.61783762  0.67000476 -0.13202022]]
[[ 0.36622869  0.76138543 -7.97155318 -0.61732554  0.67075622 -0.13348342]]
[[ 0.36526865  0.75919631 -7.96946994 -0.619725    0.67302914 -0.13329275]]
[[ 0.36131806  0.76079479 -7.96541492 -0.62055156  0.67738471 -0.1362525 ]]
[[ 0.36412209  0.75844293 -7.96282455 -0.62168961  0.67655855 -0.1337419 ]]
[[ 0.37311845  0.75968995 -7.96141536 -0.62333325  0.67143041 -0.12895801]]
[[ 0.30675414  0.75179077 -7.93487253 -0.64896876  0.7392291  -0.16598564]]
[[ 0.31506142  0.75227064 -7.93672785 -0.64852375  0.73123803 -0.16127306]]
[[ 0.35044112  0.76688783 -7.94401697 -0.63183302  0.69782765 -0.14661607]]
[[ 0.3350563   0.76973753 -7.92511865 -0.64041042  0.71663035 -0.15651349]]
[[ 0.32317758  0.76719277 -7.91450196 -0.64931304  0.72882133 -0.16179152]]
[[ 0.34315904  0.76642709 -7.92621484 -0.6411244   0.70767142 -0.14956588]]
[[ 0.35419894  0.76412033 -7.9337757  -0.63821329  0.69690603 -0.14207533]]
[[ 0.36043117  0.76226782 -7.93834757 -0.63583599  0.69054005 -0.13758338]]
[[ 0.35831337  0.76141773 -7.9381793  -0.63596894  0.69183495 -0.13830842]]
[[ 0.35768804  0.76734304 -7.94126603 -0.62823073  0.68987884 -0.14155353]]
[[ 0.3564822   0.7562231  -7.94757936 -0.63331269  0.6863211  -0.13683228]]
[[ 0.36494512  0.7572781  -7.94203547 -0.63470708  0.68321297 -0.13242268]]
[[ 0.36957763  0.76197775 -7.94246273 -0.63102759  0.68073311 -0.13200245]]
[[ 0.37198737  0.75420562 -7.94738743 -0.63339739  0.6764939  -0.12697843]]
[[ 0.37022537  0.75544762 -7.94770145 -0.63263044  0.67752678 -0.12848481]]
[[ 0.37488869  0.75955262 -7.94492322 -0.63166009  0.6739067  -0.1273649 ]]
[[ 0.37295612  0.75639128 -7.94761826 -0.63228112  0.67552483 -0.12727838]]
[[ 0.37205455  0.75485599 -7.95055959 -0.63089528  0.67518295 -0.12719659]]
[[ 0.38333709  0.75635431 -7.95043478 -0.62986725  0.66896182 -0.12162714]]
[[ 0.37693729  0.75537093 -7.94991556 -0.63124972  0.67209163 -0.12460735]]
[[ 0.37337974  0.75396063 -7.95070166 -0.63135852  0.67506497 -0.12614855]]
[[ 0.37456999  0.75489452 -7.95261464 -0.62906319  0.67287754 -0.12593023]]
[[ 0.37448564  0.75560721 -7.95386908 -0.62783192  0.67199246 -0.12629502]]
[[ 0.37126637  0.75345661 -7.95653358 -0.6274755   0.67277812 -0.12714536]]
[[ 0.36917708  0.7545302  -7.95227547 -0.62885838  0.67502522 -0.12867789]]
[[ 0.37220628  0.75386319 -7.95403379 -0.62854427  0.67313611 -0.12677347]]
[[ 0.37168076  0.75421707 -7.95260856 -0.62939558  0.67489502 -0.12729948]]
[[ 0.3713748   0.75329586 -7.95526417 -0.62775625  0.67360494 -0.12708909]]
[[ 0.36848342  0.75167097 -7.95386913 -0.62877999  0.67529719 -0.12804603]]
[[ 0.37265343  0.75348453 -7.95163425 -0.62903867  0.67462429 -0.12661556]]
[[ 0.37046419  0.75480595 -7.9502876  -0.63019029  0.67595191 -0.1282165 ]]
[[ 0.36804279  0.75424593 -7.94855398 -0.63193368  0.67894922 -0.12937756]]
[[ 0.3727088   0.75436236 -7.94975567 -0.6303267   0.67571786 -0.12689398]]
[[ 0.36856119  0.75590257 -7.94983267 -0.62990191  0.67666806 -0.12961204]]
[[ 0.36620839  0.75588812 -7.94748914 -0.63162645  0.67946978 -0.13097579]]
[[ 0.36589777  0.756409   -7.94966679 -0.63032853  0.67787281 -0.13121729]]
[[ 0.36628854  0.75511565 -7.95045602 -0.62995302  0.67698646 -0.13049881]]
[[ 0.3653536   0.75575263 -7.95278992 -0.62925347  0.67682253 -0.13118103]]
[[ 0.36460556  0.75924414 -7.95199397 -0.62882323  0.67694918 -0.1330148 ]]
[[ 0.36530816  0.75989029 -7.95268493 -0.62804063  0.6764198  -0.1329363 ]]
[[ 0.36345586  0.75801182 -7.95662797 -0.62719151  0.67576126 -0.13303797]]
[[ 0.36227907  0.7569703  -7.95710362 -0.62689654  0.67549837 -0.13318861]]
[[ 0.36396936  0.75912429 -7.95577081 -0.62681894  0.67531987 -0.13314058]]
[[ 0.36426812  0.75938337 -7.95525073 -0.62723219  0.67573683 -0.13311385]]
[[ 0.36557686  0.75701181 -7.95740934 -0.62655663  0.67451008 -0.13146132]]
[[ 0.3645338   0.75827925 -7.95792305 -0.62635804  0.6749605  -0.13247071]]
[[ 0.3655303   0.75986476 -7.95801882 -0.62538585  0.6751041  -0.13277121]]
[[ 0.36705998  0.7592817  -7.95689528 -0.62605195  0.67541495 -0.13179692]]
[[ 0.36358755  0.7602298  -7.95576852 -0.62654391  0.6766086  -0.13400249]]
[[ 0.36562769  0.75818218 -7.95529186 -0.62646638  0.67596858 -0.13218695]]
[[ 0.36422558  0.75779907 -7.95503517 -0.62636155  0.67656369 -0.13279565]]
[[ 0.36449214  0.75511176 -7.95633712 -0.62741436  0.67684087 -0.1314472 ]]
[[ 0.3680145   0.75830525 -7.94956434 -0.62858787  0.67799851 -0.13098632]]
[[ 0.37292877  0.76163252 -7.95020209 -0.62504081  0.6751201  -0.12995649]]
[[ 0.350752    0.7448059  -7.94552248 -0.6449908   0.69447747 -0.1341868 ]]
[[ 0.32683625  0.72691161 -7.93611404 -0.66896123  0.71685235 -0.13817323]]
[[ 0.34520501  0.74144428 -7.93121723 -0.65903721  0.70490028 -0.13525603]]
[[ 0.34113808  0.73363678 -7.84427131 -0.71063288  0.74304807 -0.13416196]]
[[ 0.34963945  0.71255343 -7.83530893 -0.73829211  0.73703503 -0.12112309]]
[[ 0.34941753  0.71363505 -7.83627468 -0.73594138  0.73467777 -0.12218584]]
[[ 0.34956002  0.71721208 -7.85702576 -0.72049813  0.72581977 -0.12339685]]
[[ 0.35745738  0.73234776 -7.88250822 -0.69308101  0.71158287 -0.12564021]]
[[ 0.36223345  0.74307142 -7.90098155 -0.67299605  0.70130795 -0.12772124]]
[[ 0.36104866  0.74709451 -7.91146532 -0.66244953  0.69844024 -0.13015041]]
[[ 0.36352019  0.75178183 -7.91764453 -0.65477334  0.69476008 -0.13081194]]
[[ 0.36332424  0.75477262 -7.92062206 -0.65056228  0.69231277 -0.13196885]]
[[ 0.36286298  0.75488746 -7.92506446 -0.64671778  0.69071149 -0.13231016]]
[[ 0.36425807  0.75602965 -7.9291485  -0.64310592  0.68777035 -0.13196664]]
[[ 0.36165995  0.7578215  -7.93235391 -0.64044642  0.68726531 -0.13408633]]
[[ 0.35887784  0.7565075  -7.93549414 -0.63958559  0.68719216 -0.13491133]]
[[ 0.36601254  0.7579167  -7.93555965 -0.63757578  0.68272536 -0.13156751]]
[[ 0.36717221  0.76046218 -7.93427606 -0.63779957  0.68232074 -0.13193122]]
[[ 0.36897854  0.75739778 -7.93824442 -0.6367457   0.6795965  -0.12956895]]
[[ 0.36637532  0.75496604 -7.93746746 -0.63862938  0.68218833 -0.12996458]]
[[ 0.36721166  0.75698153 -7.93684057 -0.63804371  0.68077076 -0.13018443]]
[[ 0.36724441  0.75539969 -7.93961318 -0.63681254  0.67970868 -0.12961554]]
[[ 0.36598017  0.75655052 -7.93760356 -0.6372983   0.68111357 -0.13076631]]
[[ 0.36834313  0.75755792 -7.93810458 -0.63653397  0.67956846 -0.12987464]]
[[ 0.36604974  0.75550906 -7.93564455 -0.63864105  0.68253671 -0.1303625 ]]
[[ 0.36556728  0.75414179 -7.93963187 -0.63736376  0.68087362 -0.13001466]]
[[ 0.36988318  0.75576912 -7.93714595 -0.6382868   0.67944771 -0.12824256]]
[[ 0.36938962  0.75532523 -7.9373194  -0.6377392   0.68010287 -0.12846189]]
[[ 0.36931766  0.75565795 -7.93728039 -0.63643706  0.67994015 -0.12875363]]
[[ 0.37115943  0.75308424 -7.93473776 -0.63960997  0.67793215 -0.12630613]]
[[ 0.37353288  0.7544275  -7.9343263  -0.64006188  0.67788784 -0.12561472]]
[[ 0.3673985   0.75504469 -7.93366171 -0.64001126  0.68100059 -0.12917994]]
[[ 0.36662755  0.75704957 -7.93537548 -0.63779768  0.6807572  -0.13056535]]
[[ 0.37026376  0.75797467 -7.93468344 -0.6378409   0.67908232 -0.12892053]]
[[ 0.36859104  0.75542614 -7.93585915 -0.63902455  0.67996013 -0.12877229]]
[[ 0.36696547  0.75732286 -7.93319094 -0.6397998   0.68192599 -0.13045111]]
[[ 0.36797506  0.75976314 -7.93373923 -0.63749578  0.68174905 -0.13113772]]
[[ 0.36358962  0.75866431 -7.93094268 -0.6403385   0.68565967 -0.13308202]]
[[ 0.36422589  0.76118304 -7.93148248 -0.63787369  0.68482723 -0.1339159 ]]
[[ 0.36468604  0.75854324 -7.93303044 -0.63845497  0.68254604 -0.13237428]]
[[ 0.35997902  0.75941135 -7.93017767 -0.64047802  0.68637964 -0.13529216]]
[[ 0.35780817  0.75620964 -7.92927139 -0.64207029  0.68838019 -0.13516766]]
[[ 0.35973246  0.7614933  -7.92780315 -0.63980189  0.68728772 -0.13633414]]
[[ 0.35918075  0.75907823 -7.92693046 -0.64098075  0.68803347 -0.13565395]]
[[ 0.36416177  0.76606069 -7.91443282 -0.65544231  0.69871658 -0.13949583]]
[[ 0.30913044  0.65731015 -7.86035444 -0.80089649  0.75666331 -0.12238799]]
[[ 0.27387479  0.6759711  -7.85547525 -0.77646745  0.78447494 -0.15169225]]
[[ 0.28284506  0.63795626 -7.80931226 -0.83404054  0.79518412 -0.12676978]]
[[ 0.31499949  0.68357285 -7.83750676 -0.77369334  0.76108806 -0.12855312]]
[[ 0.30978389  0.70024769 -7.8655378  -0.73576376  0.75176708 -0.13872531]]
[[ 0.3324798   0.71496946 -7.88085603 -0.71190735  0.72769209 -0.13140457]]
[[ 0.35708418  0.73996809 -7.89612842 -0.68129147  0.70594748 -0.12868151]]
[[ 0.34413398  0.73839562 -7.90520891 -0.6738705   0.71028686 -0.1352673 ]]
[[ 0.34363813  0.74159799 -7.9096018  -0.66732334  0.70779351 -0.13668604]]
[[ 0.36313048  0.75564875 -7.91504196 -0.65296397  0.69206181 -0.13186706]]
[[ 0.35774314  0.7523115  -7.91781316 -0.65232306  0.69502024 -0.13360286]]
[[ 0.35004799  0.75105441 -7.91931034 -0.65267811  0.69989122 -0.13726136]]
[[ 0.2211072   0.76349985 -7.75720108 -0.76801681  0.94592278 -0.23792731]]
[[ 0.15805025  0.66743998 -7.76275447 -0.86903903  0.98475293 -0.23291526]]
[[ 0.10707994  0.63432625 -7.83081264 -0.82772545  0.95855231 -0.23870597]]
[[ 0.17664034  0.68126923 -7.86305304 -0.76054285  0.86816626 -0.21378546]]
[[ 0.16694023  0.72587785 -7.82048752 -0.76678004  0.91311886 -0.24730704]]
[[-0.21763101  0.73692147 -8.02750079 -0.64181613  1.16760107 -0.48959714]]
[[-0.01055895  0.72770379 -8.1063921  -0.57548696  0.9432836  -0.34501632]]
[[ 0.03284225  0.7198574  -7.79537203 -0.78729328  1.02333759 -0.3194055 ]]
[[-0.15052047  0.7365416  -7.72318507 -0.84035338  1.21166899 -0.44372837]]
[[ 0.09965826  0.66287769 -7.52638382 -1.04797403  1.04520052 -0.24631625]]
[[-0.06347414  0.68368941 -7.44722042 -1.07685301  1.21474845 -0.34789569]]
[[-0.02687599  0.70153392 -7.65935614 -0.91020409  1.09556754 -0.32741634]]
[[ 0.29667372  0.70999916 -7.86532915 -0.74878189  0.73539067 -0.13492001]]
[[ 0.68105703  0.72318936 -7.88370573 -0.70592034  0.39752959  0.09371801]]
[[ 1.02557322  0.71905731 -7.72698764 -0.80805141  0.20181977  0.29396606]]
[[ 0.86228143  0.71314326 -7.71366618 -0.82220332  0.34353558  0.19730972]]
[[ 0.76115801  0.6953553  -7.82436571 -0.75862135  0.37953649  0.14142299]]
[[ 5.72619641e-01  7.51513580e-01 -7.92732004e+00 -6.38414539e-01
   5.21365535e-01 -3.12993603e-03]]
[[ 0.30519263  0.79398014 -8.08736215 -0.49959298  0.69355435 -0.18893033]]
[[ 0.30934976  0.80043439 -8.07946307 -0.4955185   0.68825741 -0.18695727]]
[[ 0.26103295  0.82894403 -8.17390597 -0.39869435  0.69999163 -0.22959445]]
[[ 0.22757779  0.87307793 -8.22053893 -0.30134964  0.71620023 -0.26318045]]
[[ 0.22912094  0.91425549 -8.16449278 -0.28609299  0.73475652 -0.272464  ]]
[[ 0.29238707  0.92092994 -8.0083089  -0.38452046  0.73226925 -0.23444204]]
[[ 0.27675614  0.92146739 -7.89364995 -0.46994497  0.78786803 -0.24559784]]
[[ 0.32599067  0.94813463 -7.82510411 -0.48264314  0.77882464 -0.2292208 ]]
[[ 0.30609434  0.94015705 -7.86344105 -0.46739521  0.77570298 -0.23831483]]
[[ 0.37088261  0.93299822 -7.76416578 -0.54794884  0.7596505  -0.19571842]]
[[ 0.33805039  0.95576848 -7.61679294 -0.62225863  0.83757759 -0.22537445]]
[[ 0.21575498  0.85870853 -7.66539658 -0.69995174  0.9278725  -0.26932712]]
[[ 0.01344741  0.88184876 -7.78445985 -0.55491283  1.073563   -0.40933417]]
[[-0.22364483  0.89355533 -7.87726325 -0.44387018  1.24685854 -0.57020575]]
[[-0.04646983  0.88595409 -7.78517438 -0.55974734  1.09255735 -0.47329983]]
[[ 0.18925534  0.8214866  -7.7587045  -0.71769626  0.83290148 -0.33707469]]
[[ 0.41794691  0.77352409 -7.79963997 -0.75937629  0.60041924 -0.18835645]]
[[ 0.59163697  0.79109701 -7.99181293 -0.60642965  0.39541946 -0.07088146]]
[[ 6.86734189e-01  8.06081164e-01 -8.08952413e+00 -5.17384425e-01
   2.96401401e-01  3.83726515e-03]]
[[ 0.78313829  0.77980623 -8.06256593 -0.55745622  0.23661225  0.09143328]]
[[ 0.80627186  0.76565059 -8.00870059 -0.60222885  0.24697297  0.12166466]]
[[ 0.81477389  0.78590377 -8.00906725 -0.57380437  0.24944941  0.12512359]]
[[ 0.81583498  0.81772155 -7.99963883 -0.5370945   0.26003764  0.11685607]]
[[ 0.88667124  0.85706954 -7.96100028 -0.51241886  0.2196294   0.148986  ]]
[[ 0.94249656  0.89294048 -7.86923109 -0.52602338  0.20909894  0.17256563]]
[[ 0.9784875   0.91803818 -7.78996194 -0.55083736  0.21195198  0.18525328]]
[[ 0.98666685  0.94576417 -7.76705193 -0.5378508   0.22058603  0.1772833 ]]
[[ 0.80745245  0.90184744 -7.81289905 -0.5577667   0.36091543  0.08316015]]
[[ 0.67113019  0.85775821 -7.84371819 -0.58746933  0.46745609  0.01579173]]
[[ 0.58438676  0.82937473 -7.87251696 -0.60049631  0.53187645 -0.02712176]]
[[ 0.50646141  0.80732562 -7.89661942 -0.60909094  0.58595165 -0.06599754]]
[[ 0.46277057  0.79505949 -7.90988831 -0.61483525  0.61882712 -0.08839073]]
[[ 0.43937085  0.78551253 -7.92079976 -0.61831489  0.6353423  -0.09935383]]
[[ 0.41647642  0.77743702 -7.92460776 -0.62422649  0.65383933 -0.11025434]]
[[ 0.39908023  0.77278508 -7.92679014 -0.62762848  0.6671696  -0.11896387]]
[[ 0.39583639  0.77366317 -7.93007925 -0.62623887  0.66945395 -0.12175052]]
[[ 0.38597565  0.77267159 -7.93024241 -0.62864667  0.67689272 -0.12716992]]
[[ 0.37654699  0.76976187 -7.93122561 -0.63093171  0.68292282 -0.13141331]]
[[ 0.37911456  0.77046334 -7.93027622 -0.63120617  0.68273655 -0.13052132]]
[[ 0.37817347  0.76916    -7.92967332 -0.63217381  0.68439006 -0.13072942]]
[[ 0.37191071  0.76875187 -7.92869991 -0.63401874  0.68841125 -0.13399069]]
[[ 0.37229588  0.76785384 -7.92913824 -0.6334911   0.68764986 -0.13346081]]
[[ 0.37385904  0.76840099 -7.92889435 -0.63333952  0.68640798 -0.13273673]]
[[ 0.37446685  0.76586337 -7.92721983 -0.63557816  0.68850741 -0.1315192 ]]
[[ 0.37612456  0.76785579 -7.92263791 -0.63716099  0.69028704 -0.13158636]]
[[ 0.37757138  0.76785564 -7.92100584 -0.63813987  0.68966571 -0.13065963]]
[[ 0.37598666  0.76633957 -7.91966427 -0.63946396  0.69118857 -0.1309803 ]]
[[ 0.37404303  0.76813982 -7.91921803 -0.63972076  0.69271456 -0.13279829]]
[[ 0.37717435  0.7717563  -7.91803939 -0.63780251  0.69012438 -0.13253106]]
[[ 0.37884593  0.77041267 -7.91915381 -0.6378325   0.68902094 -0.13104178]]
[[ 0.37409124  0.76589447 -7.91843951 -0.64151139  0.69354282 -0.13186805]]
[[ 0.37520231  0.7649612  -7.91629317 -0.64222193  0.69353371 -0.13083321]]
[[ 0.37876027  0.76799484 -7.91304943 -0.64114471  0.69244541 -0.1302186 ]]
[[ 0.37216553  0.76375926 -7.91293343 -0.64441227  0.69741765 -0.13207635]]
[[ 0.3759541   0.76635525 -7.91437667 -0.64114564  0.69359046 -0.13104692]]
[[ 0.38180817  0.7681308  -7.91477237 -0.63951014  0.68968396 -0.12856082]]
[[ 0.37503307  0.76675215 -7.91388354 -0.64140239  0.6953118  -0.13185595]]
[[ 0.37163023  0.76476379 -7.91381693 -0.64326046  0.69731297 -0.13283328]]
[[ 0.3775303   0.76783457 -7.91395768 -0.6408655   0.69244125 -0.1308054 ]]
[[ 0.38200479  0.76824799 -7.91091103 -0.64323575  0.69178151 -0.12847351]]
[[ 0.37642645  0.76621722 -7.91243974 -0.64414847  0.69408808 -0.13057746]]
[[ 0.37537915  0.76840887 -7.91078018 -0.64318651  0.6958441  -0.13222131]]
[[ 0.37494804  0.7689133  -7.91163272 -0.64165538  0.69445667 -0.13265097]]
[[ 0.37088125  0.7666052  -7.91002476 -0.64341439  0.69740196 -0.13396834]]
[[ 0.37043503  0.76457402 -7.91148659 -0.6442195   0.69745709 -0.13331138]]
[[ 0.37202712  0.76759345 -7.91018692 -0.64328886  0.69580586 -0.13356195]]
[[ 0.37197032  0.76870959 -7.90971247 -0.64315106  0.69647578 -0.1340973 ]]
[[ 0.37105537  0.76729252 -7.91241676 -0.64243777  0.6967833  -0.13411415]]
[[ 0.3709466   0.76891593 -7.91296923 -0.6415322   0.69557906 -0.13471877]]
[[ 0.37157803  0.77059675 -7.91159723 -0.64246457  0.69634719 -0.13503897]]
[[ 0.36970501  0.7703171  -7.90996738 -0.64356312  0.69851258 -0.13605404]]
[[ 0.37129333  0.7705047  -7.910668   -0.64270285  0.6970153  -0.13526419]]
[[ 0.37216288  0.77215448 -7.9113852  -0.64231334  0.69637505 -0.13543804]]
[[ 0.37059506  0.77054037 -7.91161869 -0.64265261  0.69797516 -0.13575474]]
[[ 0.36887115  0.77199537 -7.91118334 -0.64215561  0.69751422 -0.13713262]]
[[ 0.36969738  0.7725348  -7.91106117 -0.64215501  0.69725863 -0.13692314]]
[[ 0.36921189  0.77127873 -7.91152743 -0.64237219  0.69788214 -0.13675554]]
[[ 0.36878341  0.77254853 -7.91094436 -0.64248144  0.69813435 -0.13741565]]
[[ 0.36869071  0.77222865 -7.91115832 -0.6424449   0.69774527 -0.13730625]]
[[ 0.36842676  0.77092308 -7.91135196 -0.64220704  0.69825484 -0.13695129]]
[[ 0.3705229   0.77355615 -7.91095363 -0.64175718  0.69836896 -0.13702959]]
[[ 0.37271159  0.777043   -7.90642371 -0.64391998  0.69969    -0.13731046]]
[[ 0.37574323  0.77572872 -7.90411532 -0.64507295  0.7002545  -0.13525124]]
[[ 0.37438219  0.7758815  -7.90501376 -0.64481068  0.70092599 -0.13610269]]
[[ 0.37448635  0.77659291 -7.90259824 -0.6456566   0.70161006 -0.1362452 ]]
[[ 0.37458681  0.77902082 -7.90115814 -0.6458779   0.70147464 -0.13708357]]
[[ 0.37589028  0.77909057 -7.8998917  -0.64716596  0.7029674  -0.13661366]]
[[ 0.37653855  0.7801198  -7.89691963 -0.64844349  0.70412643 -0.13676476]]
[[ 0.37771421  0.78152342 -7.89604264 -0.64824853  0.70380362 -0.136707  ]]
[[ 0.37663189  0.78341536 -7.89271434 -0.64946191  0.70567551 -0.13803069]]
[[ 0.37832189  0.78151852 -7.89159355 -0.65025468  0.70599576 -0.13643067]]
[[ 0.37941691  0.78457401 -7.8922817  -0.64925993  0.70465574 -0.13697392]]
[[ 0.37742698  0.78362396 -7.89211139 -0.6501883   0.70552422 -0.13754852]]
[[ 0.37784536  0.78442624 -7.8918035  -0.65020925  0.70557991 -0.13771635]]
[[ 0.37973164  0.78704953 -7.89349107 -0.64855499  0.7037304  -0.13779858]]
[[ 0.37747727  0.78549921 -7.88917306 -0.65161671  0.70671511 -0.13836992]]
[[ 0.38244261  0.78783737 -7.88914587 -0.65137785  0.70528729 -0.13672615]]
[[ 0.38310978  0.78990612 -7.88912219 -0.64964154  0.70392955 -0.13714033]]
[[ 0.37838075  0.78776591 -7.88807304 -0.65197945  0.70710552 -0.13885384]]
[[ 0.37789204  0.78739949 -7.88801255 -0.65217871  0.70715916 -0.13890422]]
[[ 0.38169661  0.78989284 -7.89019943 -0.64959636  0.70386659 -0.13774212]]
[[ 0.38018932  0.78910162 -7.8870502  -0.65212769  0.70709697 -0.13833985]]
[[ 0.37981693  0.78949249 -7.88612925 -0.65227715  0.70670534 -0.13852872]]
[[ 0.38108542  0.79370381 -7.88351091 -0.65103024  0.70717433 -0.13979043]]
[[ 0.37362515  0.7914933  -7.88303589 -0.65336263  0.71227617 -0.1430428 ]]
[[ 0.3788074   0.79097903 -7.88093028 -0.65456478  0.70970273 -0.13981861]]
[[ 0.38238894  0.79202547 -7.8773204  -0.65605604  0.70874629 -0.13817458]]
[[ 0.3781044   0.79072775 -7.87610671 -0.65730412  0.71308898 -0.14019544]]
[[ 0.38002047  0.79263513 -7.87402446 -0.65701644  0.71233708 -0.13992144]]
[[ 0.38524202  0.79306598 -7.87092292 -0.65795797  0.71011663 -0.13718271]]
[[ 0.38153746  0.79259634 -7.86708798 -0.66159727  0.71440284 -0.13890369]]
[[ 0.37913936  0.79368713 -7.86633014 -0.66194451  0.71594565 -0.14068707]]
[[ 0.38378215  0.79632641 -7.86599718 -0.66041786  0.71301934 -0.13922069]]
[[ 0.38278046  0.79404368 -7.8624579  -0.66297439  0.71520602 -0.13889812]]
[[ 0.37875371  0.79357521 -7.85878184 -0.66560477  0.7191729  -0.14091007]]
[[ 0.38057949  0.79532598 -7.85552091 -0.66610988  0.71864817 -0.14059048]]
[[ 0.37955593  0.79684856 -7.85419846 -0.66646092  0.71950398 -0.14170254]]
[[ 0.37661079  0.79790747 -7.85352653 -0.66768156  0.72177048 -0.14377776]]
[[ 0.38002722  0.79834805 -7.8514753  -0.6677748   0.72028823 -0.14211555]]
[[ 0.3829789   0.79824724 -7.85033922 -0.6683073   0.71991656 -0.14052525]]
[[ 0.37961082  0.7968063  -7.85037861 -0.66902491  0.72235987 -0.14178613]]
[[ 0.38136081  0.79772095 -7.84927729 -0.66901515  0.7213125  -0.14108169]]
[[ 0.38453197  0.79788995 -7.84812384 -0.66940179  0.72018694 -0.13940859]]
[[ 0.38201901  0.79810805 -7.84516192 -0.67121926  0.72289289 -0.14084937]]
[[ 0.38107409  0.79592622 -7.84306755 -0.67255514  0.72423985 -0.14051734]]
[[ 0.3802952   0.79802142 -7.84563203 -0.66986376  0.72231358 -0.14181755]]
[[ 0.37718109  0.79851073 -7.84803432 -0.6691832   0.72265789 -0.14366832]]
[[ 0.37795345  0.79790576 -7.84996448 -0.66898678  0.72221937 -0.14302481]]
[[ 0.37753924  0.7996146  -7.84957211 -0.66919344  0.72158011 -0.14376346]]
[[ 0.37711445  0.79584366 -7.84905804 -0.66965741  0.72208695 -0.1425421 ]]
[[ 0.37789544  0.79454324 -7.85057301 -0.66871676  0.72113937 -0.1416355 ]]
[[ 0.37956231  0.79458695 -7.84981688 -0.66870178  0.72033165 -0.14077418]]
[[ 0.38089437  0.79115673 -7.84962616 -0.66979775  0.72054089 -0.13872958]]
[[ 0.37963811  0.79244004 -7.84631841 -0.67207506  0.72270681 -0.13986334]]
[[ 0.38500978  0.7946533  -7.84466554 -0.67178052  0.72112113 -0.13791948]]
[[ 0.38571851  0.79520689 -7.84495657 -0.67087499  0.72069579 -0.13781811]]
[[ 0.38198513  0.79374539 -7.84345713 -0.67303237  0.72269048 -0.1390204 ]]
[[ 0.38576333  0.79273542 -7.84236204 -0.67357362  0.72164339 -0.13661896]]
[[ 0.38617496  0.79318796 -7.84137465 -0.67370403  0.72175718 -0.13660933]]
[[ 0.38439755  0.79238107 -7.83991708 -0.67505024  0.72354485 -0.13723346]]
[[ 0.38694262  0.79222602 -7.84106788 -0.67413833  0.72075606 -0.13562788]]
[[ 0.38740687  0.79113599 -7.84321011 -0.67268553  0.71899399 -0.13490442]]
[[ 0.38490451  0.78988199 -7.84275508 -0.6738782   0.72136006 -0.13579426]]
[[ 0.38483175  0.79074496 -7.84456189 -0.67268186  0.72040753 -0.13619508]]
[[ 0.38603539  0.79229379 -7.84667598 -0.67096887  0.71828078 -0.1361789 ]]
[[ 0.38270771  0.79007391 -7.84773538 -0.67087617  0.72002934 -0.13714499]]
[[ 0.38231949  0.79099717 -7.84889088 -0.67033653  0.7194607  -0.13768488]]
[[ 0.38572008  0.7934621  -7.84988007 -0.66964382  0.71681907 -0.13669166]]
[[ 0.38434744  0.7935671  -7.84958024 -0.67047494  0.71832756 -0.13753307]]
[[ 0.38117022  0.79147813 -7.85120604 -0.66961972  0.71903406 -0.13843341]]
[[ 0.38302043  0.79422944 -7.85148883 -0.66802064  0.71724349 -0.13852406]]
[[ 0.38363167  0.79293175 -7.85220679 -0.66828448  0.71713538 -0.13768621]]
[[ 0.38176408  0.79071278 -7.85104064 -0.67083078  0.7192314  -0.13773984]]
[[ 0.38420336  0.79288943 -7.84903653 -0.6704688   0.71888987 -0.13744646]]
[[ 0.38223771  0.79196231 -7.8500032  -0.67013296  0.71977081 -0.13818396]]
[[ 0.38474214  0.78982238 -7.84902129 -0.67125191  0.71945624 -0.13598551]]
[[ 0.38711505  0.79109399 -7.8468562  -0.6707001   0.7190392  -0.13532996]]
[[ 0.38502295  0.79145973 -7.84367591 -0.67351102  0.72283654 -0.13665414]]
[[ 0.38343987  0.79214476 -7.83982547 -0.67457218  0.72466953 -0.13783429]]
[[ 0.38723835  0.79259447 -7.83862521 -0.67506989  0.72364856 -0.13595164]]
[[ 0.38872944  0.79358523 -7.83792136 -0.6749864   0.72419372 -0.13570352]]
[[ 0.38781769  0.79316613 -7.83886843 -0.67496193  0.72432012 -0.13595582]]
[[ 0.3894716   0.79462705 -7.83702698 -0.67552025  0.7247156  -0.13572491]]
[[ 0.39139399  0.79374446 -7.83468176 -0.67732857  0.72571529 -0.13441681]]
[[ 0.39228744  0.7920787  -7.83478849 -0.67744702  0.72596843 -0.13338659]]
[[ 0.39105397  0.79521533 -7.8337242  -0.67697057  0.72619093 -0.13522398]]
[[ 0.39167748  0.79492317 -7.83349299 -0.67723966  0.72614678 -0.1348587 ]]
[[ 0.38882518  0.79134439 -7.83019103 -0.67992934  0.72900311 -0.1350221 ]]
[[ 0.38937548  0.79230429 -7.82878359 -0.67984844  0.72892515 -0.13509038]]
[[ 0.39051601  0.79305838 -7.82652729 -0.68079251  0.7294764  -0.13485004]]
[[ 0.39033348  0.79164956 -7.82445446 -0.68239164  0.7308576  -0.13436907]]
[[ 0.39101468  0.79277047 -7.82151537 -0.68379631  0.73091369 -0.13431707]]
[[ 0.39005094  0.79271033 -7.82292425 -0.68308609  0.7304359  -0.13475221]]
[[ 0.38828643  0.79261577 -7.82325687 -0.68304899  0.73236053 -0.13586446]]
[[ 0.38936607  0.79474885 -7.82249023 -0.68291004  0.73166686 -0.13605858]]
[[ 0.39363786  0.7948555  -7.82246061 -0.68226797  0.72884704 -0.13370659]]
[[ 0.39148653  0.79312997 -7.82247114 -0.68361225  0.73093382 -0.13425177]]
[[ 0.39092737  0.79237706 -7.82075319 -0.68466719  0.73161022 -0.13418311]]
[[ 0.39813299  0.7953036  -7.82249822 -0.68265948  0.72778752 -0.13154575]]
[[ 0.39570097  0.79388416 -7.82221679 -0.6832815   0.72949401 -0.1323423 ]]
[[ 0.39394414  0.79384731 -7.82004031 -0.68459315  0.730745   -0.13319657]]
[[ 0.39702654  0.79379132 -7.81872398 -0.68502891  0.72943299 -0.13138747]]
[[ 0.3941998   0.79238202 -7.81695103 -0.68666294  0.73113902 -0.13227525]]
[[ 0.39225058  0.79189852 -7.81610299 -0.6870681   0.73227871 -0.13315623]]
[[ 0.39422633  0.79248416 -7.81454016 -0.68680196  0.73134953 -0.13236454]]
[[ 0.39192665  0.79298039 -7.81467797 -0.68677005  0.73206328 -0.13375303]]
[[ 0.39167404  0.79243759 -7.81440669 -0.6876987   0.73276608 -0.13364329]]
[[ 0.39514246  0.79209061 -7.81470514 -0.68789064  0.73084282 -0.13155413]]
[[ 0.39718069  0.7945815  -7.81598215 -0.68641037  0.72888314 -0.13137297]]
[[ 0.39421384  0.79304885 -7.81516409 -0.68739865  0.73075129 -0.13242345]]
[[ 0.39212139  0.7936548  -7.81286237 -0.68847646  0.73231314 -0.13373556]]
[[ 0.39568748  0.79446848 -7.80989229 -0.68962886  0.73160252 -0.13212516]]
[[ 0.39470924  0.79621798 -7.81041462 -0.68945253  0.7319762  -0.13333842]]
[[ 0.3937887   0.79663684 -7.8074574  -0.69092522  0.73438214 -0.13413256]]
[[ 0.39296377  0.79702423 -7.80658778 -0.69109373  0.73412871 -0.13461444]]
[[ 0.39235572  0.79914499 -7.8047723  -0.69080385  0.73416611 -0.13580536]]
[[ 0.38984248  0.79471522 -7.80482207 -0.69269149  0.73605531 -0.1352863 ]]
[[ 0.38901743  0.79437042 -7.80792076 -0.69144781  0.73525156 -0.13559157]]
[[ 0.38752676  0.79562375 -7.80958434 -0.68936055  0.73476618 -0.1369518 ]]
[[ 0.38926728  0.79732498 -7.81032502 -0.6883173   0.73331099 -0.1367192 ]]
[[ 0.38798105  0.79563255 -7.81034992 -0.68880381  0.7337742  -0.13668152]]
[[ 0.3867007   0.79459245 -7.81060649 -0.6890752   0.73473833 -0.13695962]]
[[ 0.3873934   0.79446891 -7.81023244 -0.68937296  0.73369313 -0.1363626 ]]
[[ 0.38689039  0.79163558 -7.81375286 -0.68820634  0.73238501 -0.13550241]]
[[ 0.38352781  0.79256251 -7.81496964 -0.68791473  0.73424548 -0.1377523 ]]
[[ 0.3877867   0.79422636 -7.81641846 -0.68571456  0.73184123 -0.13626374]]
[[ 0.3889582   0.79596388 -7.8187702  -0.68420212  0.73044934 -0.1363266 ]]
[[ 0.38904306  0.797131   -7.82165313 -0.68349548  0.73032831 -0.136755  ]]
[[ 0.38793633  0.79669439 -7.82252468 -0.683008    0.73038018 -0.13710836]]
[[ 0.38926946  0.79698764 -7.82423972 -0.68207509  0.72881488 -0.136559  ]]
[[ 0.38775065  0.79548899 -7.82529463 -0.68192717  0.72904234 -0.13677571]]
[[ 0.38849808  0.79315124 -7.83084236 -0.67898205  0.72652114 -0.13546083]]
[[ 0.38791337  0.79439942 -7.82988257 -0.67914437  0.72675785 -0.13625729]]
[[ 0.38367817  0.79389254 -7.82932653 -0.68040547  0.72884031 -0.13826735]]
[[ 0.38652338  0.79409888 -7.82959743 -0.67996989  0.72778497 -0.13682777]]
[[ 0.3915952   0.79618341 -7.82813436 -0.67977039  0.72635238 -0.13502527]]
[[ 0.38760884  0.79590776 -7.82830434 -0.68025306  0.72788808 -0.13700821]]
[[ 0.38587104  0.79756445 -7.83032683 -0.67901226  0.72759898 -0.13857864]]
[[ 0.38885925  0.79620164 -7.82992329 -0.67887203  0.72649773 -0.13647077]]
[[ 0.38855934  0.79629403 -7.82866771 -0.6800814   0.72737972 -0.13668472]]
[[ 0.38492527  0.79351771 -7.82892367 -0.68081513  0.72826961 -0.13735876]]
[[ 0.38550619  0.79332261 -7.83082013 -0.67833074  0.72663404 -0.13707093]]
[[ 0.38423266  0.79129481 -7.83204173 -0.67870924  0.72712282 -0.13685414]]
[[ 0.38481067  0.79096176 -7.83307713 -0.67848138  0.7263059  -0.13637576]]
[[ 0.38806552  0.79007008 -7.83488316 -0.67730074  0.7249134  -0.13443792]]
[[ 0.38704792  0.79142939 -7.83504186 -0.67758024  0.72651534 -0.13561818]]
[[ 0.38542166  0.7888761  -7.83790352 -0.67696495  0.7262694  -0.13545316]]
[[ 0.38831475  0.78778052 -7.83606556 -0.67676493  0.72541916 -0.13348048]]
[[ 0.37014595  0.79052595 -7.83255524 -0.67685456  0.73975141 -0.14529817]]
[[ 0.36872637  0.78941461 -7.82682841 -0.68225026  0.743726   -0.14552239]]
[[ 0.42186518  0.79867875 -7.82681427 -0.67440913  0.70898195 -0.11940951]]
[[ 0.40135022  0.7868868  -7.82512422 -0.68607999  0.72373564 -0.12570996]]
[[ 0.7638812   0.70401488 -7.84883198 -0.75908979  0.38536305  0.12907072]]
[[ 0.64724078  0.63722415 -7.84668986 -0.82735679  0.48408565  0.09060975]]
[[ 0.69627247  0.57940202 -7.89445044 -0.86359744  0.41360649  0.14384135]]
[[ 0.66173508  0.57504079 -7.87880105 -0.87832025  0.45552219  0.12313852]]
[[ 0.70653808  0.48762287 -7.77503897 -1.04806245  0.44177034  0.18758055]]
[[ 0.61195324  0.51560502 -7.7403726  -1.03415143  0.54541653  0.11855478]]
[[ 0.55061499  0.59901088 -7.78085886 -0.91929345  0.58808966  0.04407104]]
[[ 0.55099638  0.58316143 -7.75653292 -0.9538012   0.59662432  0.05195576]]
[[ 5.06649942e-01  6.34156312e-01 -7.75395029e+00 -8.97004654e-01
   6.42424870e-01  3.23350279e-03]]
[[ 0.46574734  0.6801298  -7.77826821 -0.82798318  0.67244327 -0.0411574 ]]
[[ 0.44282147  0.70932764 -7.78908076 -0.78857044  0.6900725  -0.06687531]]
[[ 0.43388745  0.73186724 -7.79996882 -0.75646556  0.69537695 -0.08198291]]
[[ 0.41336171  0.74901708 -7.80572135 -0.73372883  0.71132174 -0.1017347 ]]
[[ 0.39638838  0.75030229 -7.81014634 -0.72682575  0.72185907 -0.11167572]]
[[ 0.39827882  0.76374706 -7.81303157 -0.71239169  0.71975136 -0.11648875]]
[[ 0.39217956  0.77081271 -7.81252355 -0.70516078  0.72539087 -0.12322279]]
[[ 0.38585353  0.77150639 -7.81643034 -0.7016624   0.72903073 -0.12705667]]
[[ 0.38501545  0.77086189 -7.81884648 -0.69984603  0.72887152 -0.12722593]]
[[ 0.38685031  0.77671417 -7.81947249 -0.6936083   0.72797273 -0.12899473]]
[[ 0.38659578  0.77559597 -7.82175084 -0.69209236  0.72713336 -0.12867574]]
[[ 0.38220921  0.77221535 -7.82285479 -0.6935732   0.72988761 -0.12961523]]
[[ 0.38307703  0.77255747 -7.82212734 -0.69284618  0.72861282 -0.12916918]]
[[ 0.39421287  0.77665281 -7.82417877 -0.68838111  0.72052739 -0.12473937]]
[[ 0.39160146  0.77259918 -7.82677736 -0.69048004  0.72263135 -0.12445011]]
[[ 0.38111935  0.7707602  -7.82662247 -0.69234828  0.72965369 -0.12952609]]
[[ 0.28205632  0.66247081 -7.77948335 -0.85503732  0.83820984 -0.14655496]]
[[ 0.30447988  0.7105736  -7.8008199  -0.78758166  0.80848863 -0.15523145]]
[[ 0.33332862  0.72941927 -7.79906546 -0.7628834   0.78481324 -0.14469729]]
[[ 0.33945236  0.74100152 -7.80458507 -0.7463441   0.77522079 -0.14420093]]
[[ 0.34122424  0.75004124 -7.80730435 -0.73060636  0.76976056 -0.14611596]]
[[ 0.36967402  0.76187401 -7.81157673 -0.71551983  0.74657528 -0.1341507 ]]
[[ 0.34743152  0.77180178 -7.80025911 -0.71093813  0.77082125 -0.15168907]]
[[ 0.33346191  0.75415074 -7.77549047 -0.75110015  0.79117266 -0.15283802]]
[[ 0.3606161   0.76554089 -7.79850638 -0.72013571  0.75920935 -0.14169031]]
[[ 0.35849508  0.76414726 -7.80172716 -0.71680211  0.75655736 -0.14114399]]
[[ 0.35671141  0.76565399 -7.80545912 -0.71094207  0.75609543 -0.14246584]]
[[ 0.36389231  0.76849696 -7.809128   -0.70571814  0.74855682 -0.13920021]]
[[ 0.37530074  0.774346   -7.81652845 -0.69514806  0.73728721 -0.13522307]]
[[ 0.37725892  0.77431546 -7.81722332 -0.69391701  0.73599902 -0.13409718]]
[[ 0.37558453  0.76974362 -7.81786647 -0.69679633  0.73738975 -0.13283208]]
[[ 0.38107435  0.77160184 -7.81968927 -0.69380514  0.73314179 -0.13051598]]
[[ 0.38520298  0.77396451 -7.82044    -0.69102996  0.730047   -0.12917442]]
[[ 0.38235713  0.77509755 -7.82089261 -0.69101748  0.73204668 -0.13120183]]
[[ 0.38507518  0.77204805 -7.82044429 -0.69187804  0.7311551  -0.1284428 ]]
[[ 0.38692875  0.77222336 -7.82166408 -0.69102794  0.72869476 -0.12737873]]
[[ 0.38326262  0.77312547 -7.82393447 -0.69028627  0.72892307 -0.12957979]]
[[ 0.38361945  0.77265829 -7.82294101 -0.6906525   0.72930757 -0.12927798]]
[[ 0.38587556  0.77348189 -7.82175857 -0.68976785  0.72828119 -0.12847354]]
[[ 0.38732682  0.7720066  -7.82227652 -0.69042212  0.72845978 -0.12714135]]
[[ 0.38581236  0.77133413 -7.82047408 -0.69227619  0.72957413 -0.12758812]]
[[ 0.38730566  0.77148872 -7.81776016 -0.69301116  0.72912524 -0.12672537]]
[[ 0.38500177  0.77263869 -7.81914111 -0.69209362  0.72952117 -0.12843466]]
[[ 0.38296983  0.77348968 -7.81848268 -0.69279717  0.7304242  -0.12982477]]
[[ 0.38528214  0.77557505 -7.81684674 -0.69265861  0.72924931 -0.12933545]]
[[ 0.38683284  0.77503423 -7.81753425 -0.69258371  0.72938914 -0.12838487]]
[[ 0.38623156  0.77425116 -7.81687537 -0.69375705  0.73090828 -0.12845551]]
[[ 0.38755712  0.77737495 -7.81553608 -0.69345528  0.73013446 -0.1289263 ]]
[[ 0.38648429  0.77699661 -7.81655881 -0.69257317  0.72946103 -0.12930594]]
[[ 0.38265481  0.7753289  -7.81538613 -0.69394321  0.73101341 -0.13053381]]
[[ 0.38456835  0.77536407 -7.81515728 -0.69391414  0.73008721 -0.12955136]]
[[ 0.38158581  0.77486622 -7.81359248 -0.69483962  0.73278081 -0.13099713]]
[[ 0.3797062   0.77495628 -7.81427632 -0.69520065  0.73428595 -0.13210507]]
[[ 0.38496683  0.77832618 -7.8143259  -0.69273832  0.73074951 -0.1306356 ]]
[[ 0.38769435  0.76414758 -7.81502121 -0.70905809  0.72787934 -0.1230512 ]]
[[ 0.38022132  0.75308475 -7.81444766 -0.72176386  0.7334459  -0.12338956]]
[[ 0.38043388  0.7166794  -7.81147977 -0.76437471  0.73201736 -0.1081254 ]]
[[ 0.36955972  0.68269355 -7.81372075 -0.80192185  0.73823094 -0.10111595]]
[[ 0.32558181  0.58639929 -7.83976892 -0.89658779  0.76041102 -0.08836488]]
[[ 0.28582695  0.52029148 -7.77854499 -1.0066121   0.8171897  -0.08572197]]
[[ 0.31584923  0.31079235 -7.9036417  -1.16046873  0.71651744  0.02254373]]
[[ 0.35036685 -0.1517929  -8.01068692 -1.59239982  0.60649055  0.24525787]]
[[ 0.62567709 -0.22157043 -8.20302846 -1.51617103  0.2755219   0.4399131 ]]
[[ 0.67471299  0.01492851 -8.08647985 -1.31865787  0.30913726  0.3672622 ]]
[[ 0.58139191  0.24216342 -7.9951021  -1.13148919  0.44922846  0.21457835]]
[[ 0.51681222  0.41083187 -7.93249948 -0.99154836  0.54472942  0.10359612]]
[[ 0.75030848  0.20229734 -7.99586083 -1.0674774   0.37199237  0.34340362]]
[[ 0.63794702  0.39474568 -7.94320723 -0.93045985  0.4858884   0.18878574]]
[[ 0.5488492   0.50685909 -7.89661167 -0.86074223  0.57461862  0.08586084]]
[[ 0.50087787  0.57943122 -7.86556071 -0.82038385  0.62409853  0.02563078]]
[[ 0.46680744  0.65396576 -7.84366184 -0.77283199  0.6587996  -0.02799311]]
[[ 0.44791972  0.68114517 -7.82720881 -0.76117545  0.67925557 -0.05065432]]
[[ 0.43500393  0.71623217 -7.81923181 -0.73791243  0.69443518 -0.07424696]]
[[ 0.42085657  0.73448725 -7.81391814 -0.72577793  0.7064446  -0.09064841]]
[[ 0.40959769  0.74565634 -7.80629786 -0.72229939  0.71737849 -0.10196949]]
[[ 0.39870501  0.75513941 -7.80153697 -0.71743869  0.72681355 -0.112458  ]]
[[ 0.39909522  0.76275971 -7.79554768 -0.71444051  0.72887584 -0.11566794]]
[[ 0.39364875  0.76962982 -7.78820452 -0.71417883  0.73518563 -0.12180064]]
[[ 0.38763384  0.77207239 -7.78764798 -0.71367245  0.73804168 -0.12605783]]
[[ 0.38658852  0.77744607 -7.78598588 -0.71219349  0.73930815 -0.12883016]]
[[ 0.38800682  0.78262713 -7.78221289 -0.71168835  0.74036718 -0.13028556]]
[[ 0.38718841  0.78101359 -7.78070592 -0.71288497  0.74192411 -0.13016176]]
[[ 0.38475931  0.78154857 -7.77937095 -0.71302115  0.74368944 -0.13168199]]
[[ 0.38648687  0.78418963 -7.77765197 -0.71307152  0.74354992 -0.13185296]]
[[ 0.38528834  0.78357886 -7.77580015 -0.71370801  0.74513742 -0.13229195]]
[[ 0.38224738  0.78299758 -7.77333883 -0.7150994   0.74600348 -0.13355962]]
[[ 0.38448307  0.78467737 -7.7730668  -0.71477439  0.7455455  -0.13311721]]
[[ 0.38364247  0.78497518 -7.77090102 -0.71585356  0.74688185 -0.13368995]]
[[ 0.38290285  0.78841548 -7.77126367 -0.71537581  0.74692193 -0.13536455]]
[[ 0.38224749  0.79046898 -7.7708181  -0.71513409  0.74732477 -0.13650425]]
[[ 0.38357093  0.78883031 -7.77277064 -0.71374551  0.74739572 -0.13544199]]
[[ 0.38202471  0.78651153 -7.76934041 -0.71803539  0.750165   -0.13517029]]
[[ 0.39038004  0.79176639 -7.77243802 -0.71183339  0.74333208 -0.13288633]]
[[ 0.38997919  0.78969994 -7.7710013  -0.71378646  0.74391166 -0.13207789]]
[[ 0.38064617  0.78511764 -7.76771478 -0.71955868  0.7524598  -0.13544018]]
[[ 0.36974538  0.80201692 -7.76331649 -0.7091316   0.76164306 -0.14972041]]
[[ 0.35027274  0.79405174 -7.75995459 -0.71737544  0.77604542 -0.15714644]]
[[ 0.36453426  0.79736247 -7.76391166 -0.71263738  0.76441679 -0.15041751]]
[[ 0.36621333  0.7978443  -7.76361938 -0.7123198   0.76328145 -0.14970937]]
[[ 0.36630924  0.79238014 -7.7654893  -0.71688785  0.76153796 -0.14679296]]
[[ 0.37634254  0.7956266  -7.76640012 -0.7136906   0.75372191 -0.14244225]]
[[ 0.38683238  0.79457756 -7.76826179 -0.71335413  0.74620444 -0.1359427 ]]
[[ 0.38421916  0.7890421  -7.76676451 -0.71772309  0.75036364 -0.13514894]]
[[ 0.38972335  0.79006752 -7.76617877 -0.71714043  0.74698516 -0.13244143]]
[[ 0.38890758  0.79537753 -7.7681592  -0.71497236  0.74624951 -0.13503032]]
[[ 0.3888143   0.79379968 -7.76602055 -0.71709711  0.74858139 -0.1346319 ]]
[[ 0.38940532  0.79447383 -7.76678308 -0.71588653  0.74735032 -0.13448556]]
[[ 0.38842838  0.79332113 -7.76449328 -0.71756301  0.74808044 -0.13433139]]
[[ 0.39001764  0.79446008 -7.76301374 -0.7168638   0.74733429 -0.13392578]]
[[ 0.38569122  0.79532816 -7.76242143 -0.71703014  0.74960971 -0.13663086]]
[[ 0.38406892  0.79281291 -7.76407553 -0.71722463  0.74898984 -0.13641177]]
[[ 0.38287536  0.79394731 -7.76317668 -0.71742807  0.74971843 -0.13751372]]
[[ 0.38420904  0.79571316 -7.76432696 -0.71667021  0.74858122 -0.13742203]]
[[ 0.38182438  0.79748777 -7.76399561 -0.71589817  0.74973895 -0.13952542]]
[[ 0.37865291  0.79690461 -7.76422688 -0.71642296  0.75136954 -0.14100483]]
[[ 0.37929855  0.79727956 -7.76459005 -0.71585692  0.75164007 -0.14089791]]
[[ 0.37955425  0.80082873 -7.76225871 -0.71649399  0.75218239 -0.14215694]]
[[ 0.38445704  0.79993847 -7.76128485 -0.71667293  0.75047042 -0.13924267]]
[[ 0.38264506  0.79646397 -7.7619244  -0.71821449  0.75154127 -0.13880008]]
[[ 0.38198308  0.79675024 -7.76408291 -0.71651968  0.75103755 -0.13928712]]
[[ 0.38151487  0.80105234 -7.76416942 -0.71477567  0.75205762 -0.14151802]]
[[ 0.3844154   0.79756732 -7.76404457 -0.71725952  0.75037016 -0.13818642]]
[[ 0.38560099  0.79921562 -7.76226734 -0.71764314  0.74874124 -0.13799589]]
[[ 0.38441136  0.79927913 -7.76020623 -0.7184355   0.75033003 -0.13865618]]
[[ 0.38310423  0.79847863 -7.75992155 -0.71909662  0.75159134 -0.13908538]]
[[ 0.38248588  0.79978211 -7.75946195 -0.71867213  0.75194445 -0.13995899]]
[[ 0.38308845  0.800404   -7.75493946 -0.72084931  0.75383058 -0.13992907]]
[[ 0.38424734  0.8020783  -7.75158063 -0.72190814  0.75490253 -0.14010446]]
[[ 0.38173311  0.80305146 -7.751029   -0.72236169  0.75756533 -0.14197887]]
[[ 0.38252797  0.80199762 -7.75025312 -0.72363131  0.75785189 -0.14106733]]
[[ 0.38414157  0.80284844 -7.74914233 -0.7232367   0.75631803 -0.14035806]]
[[ 0.38599579  0.8025071  -7.74870423 -0.72328738  0.75575823 -0.13933172]]
[[ 0.38431542  0.80198994 -7.74693256 -0.7249163   0.75855258 -0.14020701]]
[[ 0.3864503   0.80435193 -7.7498969  -0.72275905  0.75595511 -0.13992885]]
[[ 0.39062681  0.80361457 -7.74679022 -0.72399999  0.7543288  -0.13729518]]
[[ 0.38665052  0.80245219 -7.74503515 -0.72544906  0.75777704 -0.1390431 ]]
[[ 0.38676088  0.80056213 -7.74756042 -0.72559814  0.75751341 -0.13813801]]
[[ 0.38865071  0.81034157 -7.73931854 -0.72407701  0.75862489 -0.14134722]]
[[ 0.37491627  0.80169897 -7.74076966 -0.72942276  0.76763057 -0.14534219]]
[[ 0.37281113  0.79901858 -7.74049947 -0.73125724  0.76779486 -0.14522994]]
[[ 0.38251842  0.81083131 -7.73844045 -0.72503063  0.76046279 -0.14474343]]
[[ 0.38542111  0.81051228 -7.73634495 -0.72668984  0.76033079 -0.14301936]]
[[ 0.37550473  0.8053085  -7.73748476 -0.72937204  0.76751836 -0.14653138]]
[[ 0.38146755  0.80565845 -7.73633757 -0.7296501   0.7647187  -0.14338846]]
[[ 0.39406642  0.80989521 -7.73357282 -0.72861928  0.75769444 -0.13813428]]
[[ 0.38732865  0.80564814 -7.73272394 -0.73312243  0.76349224 -0.14005951]]
[[ 0.38218955  0.80660541 -7.72886255 -0.73353607  0.76763451 -0.1433816 ]]
[[ 0.39096971  0.80901558 -7.72782251 -0.73194251  0.76141569 -0.1394294 ]]
[[ 0.3885935   0.80824317 -7.726356   -0.73312412  0.76332913 -0.14033333]]
[[ 0.38045731  0.80336213 -7.72608394 -0.73696482  0.76884344 -0.14271817]]
[[ 0.388193    0.80676942 -7.72479422 -0.73498792  0.76522867 -0.14000164]]
[[ 0.39487488  0.80484944 -7.72482795 -0.73442339  0.76184341 -0.13565556]]
[[ 0.38907516  0.80220822 -7.72480835 -0.73562802  0.76513722 -0.13778823]]
[[ 0.38696903  0.80364965 -7.72487931 -0.73464914  0.76614102 -0.13957343]]
[[ 0.39066321  0.80212474 -7.72348222 -0.73631703  0.76437917 -0.13678115]]
[[ 0.39401859  0.80045575 -7.7236643  -0.73775334  0.76171336 -0.1340722 ]]
[[ 0.39564225  0.80567301 -7.72464255 -0.73393697  0.75983741 -0.13544468]]
[[ 0.39307739  0.80224337 -7.72541969 -0.73482404  0.76236729 -0.13560556]]
[[ 0.39103559  0.80235762 -7.7214939  -0.73681162  0.76486899 -0.13674277]]
[[ 0.39473636  0.80280691 -7.71957172 -0.73877784  0.76414032 -0.13475617]]
[[ 0.39536416  0.80696416 -7.71859727 -0.73758901  0.7638995  -0.13619249]]
[[ 0.39243058  0.80745577 -7.71859539 -0.73723748  0.76553133 -0.13813138]]
[[ 0.39064897  0.80616616 -7.71608543 -0.73902655  0.76841247 -0.13866502]]
[[ 0.39347072  0.80722859 -7.71777037 -0.73891739  0.76497003 -0.13721076]]
[[ 0.39505861  0.80752961 -7.71848763 -0.73814474  0.76449068 -0.13659896]]
[[ 0.38369859  0.80587637 -7.72062159 -0.73809174  0.77067218 -0.14225932]]
[[ 0.39439908  0.80411858 -7.71934467 -0.73850525  0.7635232  -0.13537523]]
[[ 0.40017197  0.80779013 -7.7174651  -0.73759837  0.76152282 -0.13378645]]
[[ 0.40361528  0.80645949 -7.71610707 -0.73932668  0.76082221 -0.13127171]]
[[ 0.39587246  0.80247749 -7.71777273 -0.74231974  0.76410197 -0.13362132]]
[[ 0.4010253   0.80363297 -7.71784807 -0.74144311  0.76026944 -0.13112324]]
[[ 0.40440065  0.80526238 -7.71903459 -0.73882257  0.75756772 -0.13001736]]
[[ 0.40280329  0.80546007 -7.71851766 -0.74015926  0.75939158 -0.13107442]]
[[ 0.400243    0.80544155 -7.71657602 -0.74272635  0.76108362 -0.13227665]]
[[ 0.40490336  0.80685644 -7.71714611 -0.74074058  0.75903569 -0.13053256]]
[[ 0.40221393  0.80409171 -7.71667737 -0.74138389  0.76123984 -0.13103034]]
[[ 0.39996751  0.80305045 -7.71736452 -0.74145116  0.76182801 -0.13178762]]
[[ 0.40265994  0.80386383 -7.71320009 -0.74253174  0.76261102 -0.13074437]]
[[ 0.40226945  0.80358375 -7.71180943 -0.74379414  0.76269949 -0.13069935]]
[[ 0.39634665  0.80239684 -7.71457419 -0.74367052  0.76494843 -0.13346158]]
[[ 0.39663497  0.80465721 -7.71544026 -0.74191753  0.76490625 -0.13436453]]
[[ 0.39905519  0.80478494 -7.71347913 -0.7416115   0.76495678 -0.1332307 ]]
[[ 0.40110717  0.80107651 -7.71466368 -0.74171947  0.76413572 -0.13068178]]
[[ 0.39663645  0.80140866 -7.7155728  -0.74201832  0.76519389 -0.13309101]]
[[ 0.39899225  0.80222986 -7.71369853 -0.74279468  0.76506679 -0.13218895]]
[[ 0.40423967  0.80420199 -7.71301819 -0.74099781  0.76273599 -0.13033227]]
[[ 0.39906088  0.80073821 -7.71622081 -0.74232413  0.7655297  -0.13169681]]
[[ 0.39895071  0.80012103 -7.71509894 -0.74260789  0.7667117  -0.13169193]]
[[ 0.40280783  0.80404369 -7.71458569 -0.73966599  0.76357566 -0.13129315]]
[[ 0.40254743  0.8005303  -7.71557369 -0.7404649   0.76305071 -0.12985711]]
[[ 0.39472835  0.79905406 -7.71412764 -0.7434029   0.76862393 -0.13353103]]
[[ 0.39846611  0.8000071  -7.71352831 -0.74326742  0.76616253 -0.13177322]]
[[ 0.4052203   0.80229882 -7.7118532  -0.74212554  0.76282803 -0.12907385]]
[[ 0.4002753   0.80506107 -7.70551767 -0.74524821  0.76964487 -0.13304216]]
[[ 0.39171704  0.80659659 -7.70850917 -0.74369419  0.77429068 -0.13864719]]
[[ 0.38745987  0.80470249 -7.70862553 -0.74464507  0.77678094 -0.140215  ]]
[[ 0.38661502  0.81372904 -7.70589347 -0.74013908  0.77739754 -0.14468725]]
[[ 0.38716911  0.81140264 -7.69961505 -0.74670196  0.77999285 -0.1431349 ]]
[[ 0.39101206  0.80838116 -7.69964298 -0.74836556  0.77771448 -0.13962971]]
[[ 0.38329117  0.81191503 -7.69789575 -0.74619502  0.7848375  -0.14590321]]
[[ 0.39305625  0.81009819 -7.69862566 -0.74666137  0.77889323 -0.1396039 ]]
[[ 0.39602313  0.80542529 -7.69801838 -0.74927411  0.77683847 -0.13571803]]
[[ 0.39753211  0.80627837 -7.69900274 -0.74813581  0.77593267 -0.13531556]]
[[ 0.40552476  0.80434885 -7.70106857 -0.74696914  0.76962521 -0.13002111]]
[[ 0.40557241  0.80374151 -7.7047594  -0.7456068   0.76746005 -0.12959975]]
[[ 0.39287327  0.8005184  -7.70186154 -0.75079996  0.77725955 -0.13524107]]
[[ 0.40092858  0.80534376 -7.69993064 -0.74704448  0.77243832 -0.13287809]]
[[ 0.41036728  0.80723503 -7.69939088 -0.74551386  0.76691265 -0.1285248 ]]
[[ 0.39682494  0.80422291 -7.69717433 -0.75059001  0.77807107 -0.13491616]]
[[ 0.39704581  0.80287156 -7.69793755 -0.74922928  0.77774554 -0.13438062]]
[[ 0.40901508  0.80677336 -7.69638866 -0.74766319  0.76979868 -0.12921004]]
[[ 0.40790736  0.80703523 -7.69576529 -0.74771314  0.7712174  -0.13007081]]
[[ 0.40114022  0.8015525  -7.69362448 -0.75333945  0.77644962 -0.13132276]]
[[ 0.40650136  0.80313387 -7.69420647 -0.75200612  0.77260734 -0.12896647]]
[[ 0.41110341  0.80846268 -7.69190803 -0.7495393   0.77132857 -0.12883884]]
[[ 0.40110994  0.80664265 -7.69122885 -0.75152884  0.77921801 -0.13388887]]
[[ 0.40252544  0.80294398 -7.69015139 -0.75416069  0.77932389 -0.13155164]]
[[ 0.41110743  0.8047693  -7.69421959 -0.74961813  0.7712495  -0.12745843]]
[[ 0.40758794  0.80314477 -7.69337225 -0.75090479  0.77338503 -0.12876001]]
[[ 0.40363113  0.7982696  -7.69642162 -0.75172666  0.77639234 -0.12902224]]
[[ 0.40832054  0.80194187 -7.69740133 -0.74935099  0.77363019 -0.12802138]]
[[ 0.40677942  0.80098477 -7.69818807 -0.74961804  0.77304455 -0.12830046]]
[[ 0.40474397  0.80147385 -7.70118844 -0.74737817  0.77315604 -0.12972678]]
[[ 0.40549475  0.79932234 -7.70241191 -0.74788548  0.7720891  -0.12841441]]
[[ 0.40739192  0.79967923 -7.70314294 -0.74865341  0.77146968 -0.1274166 ]]
[[ 0.40753391  0.79981828 -7.70306001 -0.74704123  0.77030342 -0.12749928]]
[[ 0.40772545  0.80041    -7.70211632 -0.74735866  0.77070295 -0.12768883]]
[[ 0.40747612  0.79988902 -7.70328592 -0.74750511  0.77070128 -0.12752742]]
[[ 0.40694778  0.7984663  -7.70222039 -0.7488603   0.77101548 -0.12712512]]
[[ 0.41025528  0.80019279 -7.70254292 -0.74799951  0.76949577 -0.12603649]]
[[ 0.40744187  0.7994274  -7.70256209 -0.74824497  0.77050992 -0.12726375]]
[[ 0.40619993  0.79789266 -7.70171559 -0.74865354  0.77182017 -0.12739636]]
[[ 0.40717172  0.79926503 -7.69943193 -0.74973778  0.77142169 -0.1272924 ]]
[[ 0.4080511   0.79836748 -7.70118739 -0.74879439  0.77005752 -0.12646808]]
[[ 0.40456498  0.80121394 -7.70117774 -0.74826708  0.77301551 -0.12975104]]
[[ 0.40510332  0.7987143  -7.70276263 -0.74778577  0.77191214 -0.12838844]]
[[ 0.4083354   0.8007483  -7.70306215 -0.74738126  0.76997389 -0.12739215]]
[[ 0.41010361  0.79981625 -7.70315391 -0.74741792  0.77036057 -0.12617975]]
[[ 0.40676536  0.79860428 -7.70798326 -0.74564499  0.77010411 -0.1274705 ]]
[[ 0.40704042  0.79779092 -7.70734811 -0.74617983  0.76981256 -0.12693911]]
[[ 0.40968483  0.79731561 -7.70687318 -0.745697    0.76860965 -0.12540284]]
[[ 0.40804736  0.79531762 -7.7072909  -0.74618678  0.76929396 -0.12544461]]
[[ 0.40976997  0.7961476  -7.70462221 -0.74752632  0.76982498 -0.12490109]]
[[ 0.41235423  0.79735662 -7.70499002 -0.74703414  0.76773675 -0.12381134]]
[[ 0.41285418  0.79592874 -7.70310493 -0.74850287  0.76817645 -0.1229294 ]]
[[ 0.40950855  0.7936044  -7.70361775 -0.74871155  0.76945481 -0.12380871]]
[[ 0.40880293  0.79346421 -7.70639154 -0.74664604  0.76833299 -0.12420103]]
[[ 0.40997756  0.79452516 -7.70596308 -0.74628241  0.76758034 -0.12393704]]
[[ 0.40766614  0.79677843 -7.70342015 -0.74815278  0.76991063 -0.12607492]]
[[ 0.40786628  0.79570958 -7.70159239 -0.7497256   0.77094299 -0.12556423]]
[[ 0.413868    0.79739369 -7.70418181 -0.74786287  0.76683333 -0.1229713 ]]
[[ 0.41316861  0.80029136 -7.70329674 -0.74690424  0.76715335 -0.12454414]]
[[ 0.40878561  0.80089385 -7.69986082 -0.74941042  0.77090402 -0.12711679]]
[[ 0.41139425  0.79996664 -7.69972191 -0.74992655  0.77055882 -0.1254156 ]]
[[ 0.4104658   0.79960199 -7.70183139 -0.74817961  0.77002054 -0.1258594 ]]
[[ 0.4079414   0.79916406 -7.70022398 -0.74926747  0.77170331 -0.12700909]]
[[ 0.41114252  0.79992558 -7.69931454 -0.7495209   0.7703588  -0.12552385]]
[[ 0.40934256  0.80019792 -7.69995815 -0.74810823  0.77169737 -0.12686489]]
[[ 0.41032476  0.79804807 -7.6996382  -0.74915553  0.77027714 -0.12514958]]
[[ 0.41104978  0.79725532 -7.69474073 -0.75345495  0.7716881  -0.1241575 ]]
[[ 0.41700262  0.79916244 -7.69541415 -0.75122924  0.76790323 -0.12164157]]
[[ 0.41684021  0.79904337 -7.69327576 -0.7525893   0.76982424 -0.12182889]]
[[ 0.41221148  0.80000401 -7.69150942 -0.75337411  0.77242649 -0.12476037]]
[[ 0.41667961  0.80209893 -7.690959   -0.752942    0.76892199 -0.1230051 ]]
[[ 0.41547802  0.80272565 -7.69017054 -0.75369763  0.7708038  -0.12402128]]
[[ 0.40968543  0.80156471 -7.68787017 -0.75580681  0.77613432 -0.12689392]]
[[ 0.41403159  0.80346415 -7.68395831 -0.7566884   0.77400818 -0.12510152]]
[[ 0.41376057  0.8081201  -7.682744   -0.75568663  0.7749733  -0.12734654]]
[[ 0.40803463  0.80822367 -7.68159356 -0.75533618  0.7788498  -0.13072558]]
[[ 0.40992087  0.8091306  -7.67885547 -0.75682743  0.77791076 -0.12985537]]
[[ 0.41384936  0.80803125 -7.67861871 -0.75653386  0.77656996 -0.12741559]]
[[ 0.40866172  0.80889619 -7.67834566 -0.75662247  0.78088115 -0.13071935]]
[[ 0.40534304  0.80409522 -7.67812089 -0.75978178  0.78287637 -0.13042644]]
[[ 0.4101442   0.80846294 -7.67822603 -0.75687543  0.77822996 -0.12944257]]
[[ 0.40811021  0.81122373 -7.67898751 -0.75368158  0.77903928 -0.13197493]]
[[ 0.39947864  0.80550229 -7.68082719 -0.75733777  0.78329713 -0.13417931]]
[[ 0.40082383  0.80580541 -7.67946891 -0.75852933  0.7824582  -0.13334145]]
[[ 0.40534973  0.8099676  -7.67876755 -0.7567018   0.7800775  -0.13265752]]
[[ 0.40491188  0.81075769 -7.67746471 -0.75674148  0.78181186 -0.13339568]]
[[ 0.40471181  0.8090936  -7.67592229 -0.75798149  0.78216637 -0.13272464]]
[[ 0.41028499  0.80781231 -7.67634218 -0.75876135  0.77968521 -0.12910575]]
[[ 0.4089553   0.80760604 -7.67544652 -0.75906063  0.78025024 -0.12962535]]
[[ 0.40818775  0.80656863 -7.67581471 -0.75975741  0.78139246 -0.12965134]]
[[ 0.40969462  0.80480691 -7.67585186 -0.75900212  0.78067246 -0.12830245]]
[[ 0.41449486  0.80493492 -7.67570278 -0.75882794  0.77856946 -0.12575446]]
[[ 0.41321793  0.80390312 -7.67490483 -0.75987795  0.77948866 -0.12607557]]
[[ 0.41245491  0.80255769 -7.67557535 -0.76068063  0.78037614 -0.12594043]]
[[ 0.41605527  0.80336594 -7.67502242 -0.76011028  0.77909524 -0.12435827]]
[[ 0.4148113   0.80454763 -7.67272127 -0.76024394  0.77925551 -0.125475  ]]
[[ 0.41349549  0.8062448  -7.67179667 -0.76037034  0.78055343 -0.12672038]]
[[ 0.40744069  0.80524136 -7.6860747  -0.75159396  0.78207073 -0.12985608]]
[[ 0.39692539  0.81881044 -7.79436672 -0.67133998  0.75153047 -0.14079582]]
[[ 0.40802686  0.81702864 -7.76413251 -0.69298122  0.75506134 -0.13341998]]
[[ 0.41365027  0.81094962 -7.73565776 -0.71530316  0.75919847 -0.12783664]]
[[ 0.40781145  0.81426559 -7.71377752 -0.72681622  0.76958441 -0.13299337]]
[[ 0.40815422  0.81296102 -7.70019517 -0.73874247  0.77355474 -0.13211378]]
[[ 0.40840456  0.80452264 -7.68355939 -0.75572666  0.78028939 -0.12819315]]
[[ 0.4184875   0.81607521 -7.68214212 -0.74504153  0.77563122 -0.12861357]]
[[ 0.41359719  0.81332222 -7.67530945 -0.75222347  0.78192616 -0.13022915]]
[[ 0.41336169  0.79092276 -7.6706516  -0.77231141  0.78254041 -0.11965764]]
[[ 0.4129645   0.81010518 -7.6704607  -0.75624255  0.78292851 -0.12925593]]
[[ 0.42863225  0.80833645 -7.66133166 -0.76493455  0.77411199 -0.11889114]]
[[ 0.44512907  0.78760046 -7.67851777 -0.76912459  0.75941922 -0.10039542]]
[[ 0.40214361  0.77512553 -7.59409092 -0.84162627  0.82883903 -0.11853649]]
[[ 0.3896803   0.75260668 -7.58214602 -0.86661895  0.84250939 -0.11500423]]
[[ 0.3964024   0.77708788 -7.60561282 -0.82898554  0.82386301 -0.1226462 ]]
[[ 0.40529043  0.78352843 -7.62649981 -0.80795383  0.80622703 -0.12059769]]
[[ 0.04173164  0.52546239 -7.67350738 -0.90130028  0.91877024 -0.2090961 ]]
[[-0.01148391  0.6107909  -7.80781868 -0.77456308  0.88363061 -0.27293998]]
[[ 0.14270785  0.67167786 -7.75759236 -0.77589901  0.83758421 -0.21421201]]
[[ 0.23575044  0.7193163  -7.73283439 -0.76513038  0.80978365 -0.1843666 ]]
[[ 0.18962973  0.49215292 -7.75289113 -0.84014403  0.81697777 -0.12253316]]
[[ 0.13798557  0.41896116 -7.79732337 -0.87282886  0.83203612 -0.11762511]]
[[ 0.22711295  0.55873167 -7.76113028 -0.81999     0.81262015 -0.12760397]]
[[ 0.31493015  0.65191362 -7.73056363 -0.78864866  0.7838788  -0.11792139]]
[[ 0.32152083  0.66377513 -7.71008267 -0.80131512  0.79814321 -0.11963324]]
[[ 0.33751605  0.70143491 -7.69476569 -0.79625611  0.80170437 -0.12561624]]
[[ 0.36999845  0.7419523  -7.68451941 -0.77981403  0.78918979 -0.12446351]]
[[ 0.38323283  0.76069687 -7.6804311  -0.77396014  0.78608228 -0.12469336]]
[[ 0.38076975  0.76920415 -7.67266624 -0.77648838  0.79423218 -0.12936917]]
[[ 0.39585214  0.78365958 -7.66860972 -0.77127341  0.78835409 -0.12713181]]
[[ 0.40218978  0.79317122 -7.66378821 -0.76952777  0.78678824 -0.12745435]]
[[ 0.39580631  0.79596158 -7.66236095 -0.77092215  0.79262541 -0.13206825]]
[[ 0.39910298  0.79952369 -7.66026223 -0.76990086  0.79139214 -0.13168011]]
[[ 0.40905053  0.80502043 -7.65641682 -0.7690786   0.78795887 -0.12860502]]
[[ 0.40608991  0.80235699 -7.65418838 -0.77163955  0.79261207 -0.12935318]]
[[ 0.40728213  0.80214877 -7.65262272 -0.77234812  0.79284969 -0.12855474]]
[[ 0.41253927  0.80676029 -7.65202868 -0.77014173  0.78954992 -0.12747464]]
[[ 0.41088307  0.80433146 -7.64904102 -0.77272953  0.79299012 -0.12751047]]
[[ 0.40493459  0.80452299 -7.64619625 -0.77476082  0.79585061 -0.13056012]]
[[ 0.41004781  0.8073574  -7.64380575 -0.77435612  0.79318515 -0.12887359]]
[[ 0.4107658   0.80875867 -7.64149633 -0.77556328  0.79550998 -0.12925313]]
[[ 0.40784109  0.80822486 -7.63865566 -0.77763512  0.79829092 -0.13067526]]
[[ 0.40882647  0.80924948 -7.63492609 -0.77852169  0.79794853 -0.13043607]]
[[ 0.40754349  0.8096604  -7.63378485 -0.77914351  0.79890017 -0.13132471]]
[[ 0.40421306  0.81003603 -7.63243995 -0.78039693  0.80122841 -0.13323327]]
[[ 0.40789708  0.81093095 -7.63121784 -0.78031361  0.79980784 -0.13162465]]
[[ 0.40718639  0.81045686 -7.63071458 -0.78073554  0.80029555 -0.13174633]]
[[ 0.40349355  0.80922072 -7.62852039 -0.78224271  0.8029147  -0.13328979]]
[[ 0.40353268  0.81108367 -7.62528524 -0.78313741  0.80329875 -0.13390767]]
[[ 0.40582127  0.80960383 -7.62305582 -0.78402573  0.80349905 -0.13212617]]
[[ 0.40317963  0.80753808 -7.62226265 -0.78542932  0.80516807 -0.13268892]]
[[ 0.40357662  0.8096522  -7.62074823 -0.78544847  0.80507488 -0.13329345]]
[[ 0.4014121   0.81141172 -7.62014143 -0.78516282  0.80598368 -0.13514703]]
[[ 0.39847277  0.80936933 -7.62091874 -0.78589051  0.8073577  -0.1359622 ]]
[[ 0.40018503  0.81048992 -7.61994524 -0.78594227  0.80665224 -0.13542717]]
[[ 0.40123756  0.81010169 -7.61927105 -0.78568108  0.8071174  -0.13483957]]
[[ 0.39767143  0.80812935 -7.61926379 -0.78589621  0.80873437 -0.13593829]]
[[ 0.39883412  0.80894291 -7.62059822 -0.78569276  0.8078643  -0.13559913]]
[[ 0.39993911  0.81037525 -7.62036436 -0.78527944  0.80668479 -0.13550752]]
[[ 0.39569816  0.81123322 -7.62073386 -0.78533924  0.80910517 -0.13822514]]
[[ 0.39435218  0.81054846 -7.62270083 -0.78401734  0.80844158 -0.13867549]]
[[ 0.37605571  0.8101778  -7.56616788 -0.81432707  0.83938722 -0.1470705 ]]
[[ 0.36079724  0.69894239 -7.43702917 -0.94603853  0.89940792 -0.10890677]]
[[ 0.36053253  0.75110592 -7.50451255 -0.87070072  0.87368076 -0.13319982]]
[[ 0.3992695   0.76165288 -7.53522252 -0.85649345  0.83678027 -0.11446851]]
[[ 0.39227709  0.78375296 -7.56726883 -0.82538958  0.83189723 -0.12876157]]
[[ 0.38142703  0.78957749 -7.58172974 -0.81691943  0.83473827 -0.13724156]]
[[ 0.40210013  0.7964366  -7.59532255 -0.80545889  0.81501307 -0.12824543]]
[[ 0.40623917  0.8048277  -7.60164417 -0.79776447  0.81014676 -0.12951038]]
[[ 0.39165536  0.80341415 -7.60702516 -0.79599245  0.81963422 -0.1374835 ]]
[[ 0.39763903  0.8045031  -7.61005065 -0.793541    0.81430322 -0.13445653]]
[[ 0.41006907  0.8114607  -7.61127585 -0.78840425  0.80481951 -0.13041034]]
[[ 0.40121695  0.8076849  -7.61426274 -0.78943328  0.81043199 -0.13380903]]
[[ 0.43833702  0.8362227  -7.51569208 -0.82540747  0.83298646 -0.12666187]]
[[ 0.43766991  0.8897653  -7.38935344 -0.8614734   0.88389422 -0.1483052 ]]
[[ 0.43231203  0.86595815 -7.45779925 -0.83937046  0.85921939 -0.14131579]]
[[ 0.41408125  0.85343126 -7.50666903 -0.82001474  0.85013141 -0.14657077]]
[[ 0.39953962  0.83209997 -7.53560326 -0.81988438  0.84722333 -0.14518485]]
[[ 0.41046379  0.83366059 -7.56096502 -0.80199618  0.82940311 -0.14025957]]
[[ 0.41013313  0.82598498 -7.57621852 -0.79766476  0.82250741 -0.13717294]]
[[ 0.39894508  0.81371157 -7.58852794 -0.80001544  0.82480338 -0.13795101]]
[[ 0.40745736  0.81363596 -7.59626154 -0.79445037  0.81594303 -0.13329536]]
[[ 0.40951847  0.81486244 -7.59932813 -0.79171577  0.81336105 -0.13275834]]
[[ 0.40031826  0.80973893 -7.60248839 -0.79396258  0.81770581 -0.13561797]]
[[ 0.40140175  0.80899665 -7.60204169 -0.79413004  0.81669896 -0.13471642]]
[[ 0.41022357  0.80877492 -7.60233079 -0.79318898  0.81141282 -0.12976309]]
[[ 0.40423316  0.80607816 -7.60166462 -0.79546907  0.81564979 -0.1320016 ]]
[[ 0.40723638  0.80738318 -7.59649525 -0.79784912  0.8165517  -0.13094248]]
[[ 0.41296367  0.80808335 -7.59434973 -0.79754842  0.81368001 -0.1280855 ]]
[[ 0.41000829  0.8066583  -7.59309561 -0.79953612  0.81632628 -0.12911315]]
[[ 0.40879726  0.80765736 -7.59010075 -0.80173168  0.8185561  -0.13011983]]
[[ 0.41175015  0.80935616 -7.58943721 -0.80041375  0.81597902 -0.12914381]]
[[ 0.40923493  0.80840302 -7.58678631 -0.80219391  0.81828059 -0.13007851]]
[[ 0.40543706  0.80619255 -7.58343358 -0.80496557  0.82135319 -0.13115483]]
[[ 0.40784852  0.80888986 -7.5807301  -0.80514817  0.81982375 -0.1308703 ]]
[[ 0.40805649  0.80664363 -7.57910817 -0.80657335  0.82071469 -0.12988028]]
[[ 0.40407929  0.80589722 -7.5800868  -0.80684225  0.82212201 -0.13172218]]
[[ 0.40365765  0.8069403  -7.57898766 -0.80671217  0.82240135 -0.13236524]]
[[ 0.4032723   0.8081625  -7.57819467 -0.80634517  0.82219947 -0.13302163]]
[[ 0.40413742  0.80708271 -7.58008099 -0.80596961  0.82148662 -0.13210287]]
[[ 0.40406326  0.80568876 -7.57869811 -0.8071029   0.82202915 -0.13154212]]
[[ 0.40311139  0.80509051 -7.5797689  -0.80661788  0.82112283 -0.13167944]]
[[ 0.40432533  0.80677086 -7.57922091 -0.80660541  0.82180763 -0.13185726]]
[[ 0.40374243  0.80675972 -7.58078452 -0.805803    0.82127662 -0.13209998]]
[[ 0.40597037  0.80576452 -7.583081   -0.80436301  0.81950068 -0.1305647 ]]
[[ 0.40547354  0.80488696 -7.58171566 -0.80536311  0.82070532 -0.13043359]]
[[ 0.40604143  0.80482451 -7.58212359 -0.80505133  0.82074593 -0.13021706]]
[[ 0.40696534  0.80534357 -7.5817504  -0.80518853  0.82017186 -0.12988848]]
[[ 0.40611289  0.80555275 -7.58359273 -0.80467879  0.8201249  -0.13040546]]
[[ 0.40646082  0.80386757 -7.58229016 -0.80531513  0.82076486 -0.12963028]]
[[ 0.40508444  0.8044071  -7.58306008 -0.80430036  0.82018436 -0.13048501]]
[[ 0.40625265  0.80351819 -7.58107648 -0.80566817  0.82143698 -0.12963042]]
[[ 0.40618412  0.80454203 -7.57777232 -0.80715297  0.82256644 -0.13007464]]
[[ 0.40773565  0.80444646 -7.5780731  -0.80699726  0.8221015  -0.12926261]]
[[ 0.40747573  0.80370826 -7.58004496 -0.80636895  0.82164057 -0.12909831]]
[[ 0.40796778  0.80246253 -7.57808462 -0.80764002  0.82253631 -0.12833713]]
[[ 0.40718199  0.80487479 -7.57664168 -0.80766948  0.82297614 -0.12963257]]
[[ 0.40577059  0.80556041 -7.57517937 -0.80822237  0.82411161 -0.13071594]]
[[ 0.40610462  0.80810189 -7.57543452 -0.80782277  0.82397947 -0.13153114]]
[[ 0.40720014  0.80968803 -7.57257557 -0.80913776  0.82456371 -0.13161957]]
[[ 0.40648673  0.81096776 -7.57462013 -0.80839073  0.82423914 -0.13244209]]
[[ 0.40509456  0.81174024 -7.57406982 -0.80872188  0.8243353  -0.13342315]]
[[ 0.40614833  0.81159085 -7.57681938 -0.80733925  0.82342858 -0.13281616]]
[[ 0.40689546  0.81100524 -7.57595006 -0.80748761  0.82380763 -0.13230319]]
[[ 0.41011335  0.81061111 -7.57325055 -0.80864573  0.82427523 -0.13052699]]
[[ 0.41000612  0.81074048 -7.57204102 -0.80944632  0.82503842 -0.13059827]]
[[ 0.40880668  0.8099727  -7.57151013 -0.80986523  0.82546531 -0.13085828]]
[[ 0.40976395  0.81050404 -7.57038309 -0.81038176  0.82558853 -0.13049439]]
[[ 0.40863759  0.81066289 -7.57017684 -0.81027461  0.82601875 -0.13120325]]
[[ 0.40992696  0.8132818  -7.56960087 -0.81010988  0.8260856  -0.13170583]]
[[ 0.40802617  0.80983883 -7.57081179 -0.80979618  0.8255157  -0.13121927]]
[[ 0.40953192  0.81147099 -7.56934193 -0.81061988  0.82581375 -0.13106313]]
[[ 0.40950149  0.80958478 -7.57143904 -0.81004635  0.82497477 -0.13030893]]
[[ 0.40662101  0.81019027 -7.57132413 -0.80994524  0.82550134 -0.13206971]]
[[ 0.4065099   0.80985848 -7.57172019 -0.80963745  0.82552955 -0.13195646]]
[[ 0.40666065  0.80867079 -7.57270845 -0.80926701  0.8249213  -0.13134115]]
[[ 0.40527114  0.81034488 -7.57212118 -0.80897339  0.82519697 -0.13274457]]
[[ 0.40524008  0.81024757 -7.57078375 -0.80980192  0.82606655 -0.13277373]]
[[ 0.40381729  0.81076519 -7.56913994 -0.81078932  0.82674973 -0.1336339 ]]
[[ 0.40231543  0.80971428 -7.56698483 -0.8118423   0.82774952 -0.13394768]]
[[ 0.40251694  0.80964859 -7.56726029 -0.81188983  0.82759637 -0.13384051]]
[[ 0.40193478  0.81077984 -7.56695068 -0.81196688  0.82752122 -0.13457951]]
[[ 0.40032006  0.81102778 -7.56517985 -0.81267637  0.82860758 -0.1355574 ]]
[[ 0.39907428  0.80962862 -7.56544306 -0.81262197  0.82881504 -0.13563885]]
[[ 0.39965345  0.80828984 -7.56592764 -0.81238409  0.8283676  -0.13479185]]
[[ 0.40085847  0.80891325 -7.56693558 -0.81206848  0.8280846  -0.1343999 ]]
[[ 0.39955371  0.81053115 -7.56581292 -0.8127657   0.8288169  -0.13561674]]
[[ 0.40109059  0.81175577 -7.56642855 -0.81199348  0.82807276 -0.13532039]]
[[ 0.40012451  0.8126341  -7.5654241  -0.81227185  0.82870969 -0.13622622]]
[[ 0.40039578  0.81491316 -7.56331092 -0.81353681  0.82964719 -0.13696999]]
[[ 0.40460494  0.81176511 -7.56353585 -0.81407489  0.82698132 -0.13331901]]
[[ 0.40037602  0.81353919 -7.55923139 -0.81516274  0.83083236 -0.13645948]]
[[ 0.4020354   0.81199084 -7.55945571 -0.81610307  0.83123784 -0.13502219]]
[[ 0.40669393  0.81270628 -7.55984163 -0.81402077  0.8285177  -0.13287462]]
[[ 0.4029843   0.81692267 -7.55382729 -0.81490472  0.83430364 -0.1370659 ]]
[[ 0.39290937  0.81423854 -7.55047954 -0.81982681  0.84259071 -0.14145787]]
[[ 0.40523736  0.81613037 -7.55102834 -0.81892138  0.83428009 -0.13509119]]
[[ 0.41201356  0.81826343 -7.54881504 -0.81860981  0.83180351 -0.13246486]]
[[ 0.41233831  0.81390047 -7.55004563 -0.82157306  0.83118696 -0.13015745]]
[[ 0.41015968  0.81034888 -7.55179618 -0.82176474  0.83200368 -0.12987823]]
[[ 0.42225699  0.80933968 -7.5487174  -0.82423271  0.82428314 -0.12233949]]
[[ 0.42166742  0.81907261 -7.54468094 -0.81967162  0.82580341 -0.12715565]]
[[ 0.40553461  0.80299227 -7.54964036 -0.82981588  0.83584013 -0.12886694]]
[[ 0.43504992  0.82889083 -7.54843508 -0.8066798   0.81603001 -0.12454785]]
[[ 0.38878698  0.82714175 -7.53462657 -0.82026364  0.8509592  -0.14954095]]
[[ 0.40417039  0.80187279 -7.54053031 -0.83350753  0.83865503 -0.12915645]]
[[ 0.39135028  0.816598   -7.53591232 -0.82365372  0.85108812 -0.14391206]]
[[ 0.40676306  0.8248574  -7.53076311 -0.8223895   0.84227454 -0.13855154]]
[[ 0.41260951  0.81799119 -7.5310992  -0.82850183  0.83863454 -0.1319568 ]]
[[ 0.40626733  0.81459191 -7.53137225 -0.83081924  0.84247077 -0.13404409]]
[[ 0.40571518  0.81640649 -7.53173183 -0.82938967  0.84296446 -0.13514435]]
[[ 0.41738547  0.81817934 -7.53096739 -0.82823934  0.83525297 -0.12926544]]
[[ 0.41789288  0.82335499 -7.52564587 -0.82916145  0.83667625 -0.13106474]]
[[ 0.41222804  0.8174626  -7.52430813 -0.83384036  0.84228518 -0.13183786]]
[[ 0.41426769  0.81469037 -7.52696239 -0.83307184  0.83922491 -0.12938369]]
[[ 0.43203463  0.81554705 -7.52337325 -0.83407073  0.83049374 -0.11983279]]
[[ 0.42051488  0.81409075 -7.52657857 -0.83504652  0.83670644 -0.1257687 ]]
[[ 0.31961349  0.84232093 -7.5538708  -0.81278363  0.85758837 -0.1888516 ]]
[[ 0.13334763  0.91111482 -7.63144434 -0.75944586  0.87270805 -0.30860331]]
[[ 0.1740935   0.94695651 -7.63037839 -0.74401987  0.85928252 -0.30151304]]
[[ 0.24596268  0.90043773 -7.59230021 -0.77788236  0.85719074 -0.24714646]]
[[ 0.30550709  0.8740314  -7.5657127  -0.79805899  0.84972152 -0.20654767]]
[[ 0.35454723  0.85310381 -7.55671145 -0.80723772  0.83542085 -0.172944  ]]
[[ 0.34022194  0.8444205  -7.54202334 -0.81484337  0.86099469 -0.17993848]]
[[ 0.37795275  0.82688634 -7.52770657 -0.83342294  0.85076549 -0.15195705]]
[[ 0.42710093  0.83708026 -7.52821982 -0.82139686  0.82150779 -0.12975516]]
[[ 0.42469042  0.82930102 -7.5232293  -0.82641076  0.82993913 -0.12880315]]
[[ 0.42980406  0.81404564 -7.52106502 -0.83857619  0.82777678 -0.11905463]]
[[ 0.40859335  0.82370027 -7.51765321 -0.83353089  0.84592527 -0.13607787]]
[[ 0.41030519  0.82430508 -7.51649156 -0.83117007  0.846027   -0.13599401]]
[[ 0.41971302  0.82236076 -7.51501888 -0.834127    0.840727   -0.12956742]]
[[ 0.404148    0.82228328 -7.51177662 -0.83641328  0.85348937 -0.13865379]]
[[ 0.39911502  0.81786744 -7.51350516 -0.83924782  0.85573971 -0.1394379 ]]
[[ 0.40208662  0.82131456 -7.51457156 -0.8359977   0.85318706 -0.13939104]]
[[ 0.37553757  0.89307399 -7.54302325 -0.79401289  0.84707359 -0.18234993]]
[[ 0.39143388  0.87060517 -7.59038585 -0.77440496  0.82254869 -0.16474186]]
[[ 0.40005094  0.84364698 -7.58439122 -0.79099347  0.8210254  -0.14846634]]
[[ 0.39663033  0.83718444 -7.58302693 -0.79397944  0.82554797 -0.14829063]]
[[ 0.41385426  0.83829796 -7.56211743 -0.80362276  0.82516782 -0.13946404]]
[[ 0.41423886  0.80129919 -7.61918962 -0.78919243  0.79870568 -0.12217374]]
[[ 0.42073096  0.80213313 -7.61449172 -0.78953658  0.79960973 -0.11950931]]
[[ 0.42782037  0.81091338 -7.60788428 -0.78659687  0.80070614 -0.11997492]]
[[ 0.42959548  0.78140043 -7.6163223  -0.79750443  0.79282654 -0.10487624]]
[[ 0.42715232  0.79872757 -7.58440452 -0.80532616  0.80918516 -0.11469183]]
[[ 0.42340938  0.80153613 -7.56219819 -0.81903953  0.82090747 -0.11804114]]
[[ 0.41188912  0.80824739 -7.54483883 -0.82630467  0.83612469 -0.12775466]]
[[ 0.41752782  0.8193386  -7.53523551 -0.82624048  0.8359725  -0.12943488]]
[[ 0.41659995  0.8210035  -7.52768581 -0.82994943  0.839519   -0.13080255]]
[[ 0.42125237  0.8170588  -7.52468158 -0.83335109  0.83718806 -0.12635813]]
[[ 0.41256191  0.81834189 -7.52048963 -0.83541138  0.84370572 -0.1316606 ]]
[[ 0.40432636  0.83488665 -7.51083616 -0.82916138  0.85509838 -0.14443961]]
[[ 0.42128185  0.82263359 -7.51269616 -0.83731144  0.84226641 -0.12893532]]
[[ 0.3996702   0.82255104 -7.51064537 -0.83723752  0.85882662 -0.14174438]]
[[ 0.37333201  0.81856409 -7.50540096 -0.84421208  0.8779557  -0.15467061]]
[[ 0.41343731  0.83317166 -7.502819   -0.83495845  0.84940484 -0.13801251]]
[[ 0.40984479  0.83365737 -7.49762595 -0.83873841  0.85649096 -0.14045085]]
[[ 0.45166783  0.82696852 -7.49863746 -0.84242764  0.82580518 -0.11317492]]
[[ 0.42406068  0.82892089 -7.50053052 -0.83766202  0.849583   -0.13104514]]
[[ 0.43401369  0.81275555 -7.50286076 -0.84925585  0.84175315 -0.11752329]]
[[ 0.43164007  0.81046029 -7.50174836 -0.85319499  0.84090235 -0.11727182]]
[[ 0.4387043   0.82748876 -7.49648575 -0.8418942   0.83814445 -0.12126439]]
[[ 0.45076249  0.82846421 -7.49538657 -0.84239276  0.83234226 -0.11490179]]
[[ 0.42572085  0.83209581 -7.49012851 -0.84274602  0.85211912 -0.13116754]]
[[ 0.39656172  0.81477072 -7.48946541 -0.85473148  0.87376017 -0.14027612]]
[[ 0.40609536  0.82598687 -7.48825902 -0.84631662  0.86591461 -0.13988331]]
[[ 0.41175808  0.8270309  -7.48582958 -0.84706066  0.86266547 -0.1370143 ]]
[[ 0.39127248  0.83079489 -7.47894711 -0.8511711   0.87951891 -0.15020213]]
[[ 0.38752724  0.82447473 -7.48197395 -0.85242493  0.88163595 -0.14980847]]
[[ 0.38968419  0.82981739 -7.47914645 -0.85065115  0.88093725 -0.15089834]]
[[ 0.40088856  0.84029816 -7.48164634 -0.84176944  0.87355788 -0.14943996]]
[[ 0.38597319  0.82498215 -7.47963607 -0.8535066   0.88348189 -0.15078644]]
[[ 0.38475941  0.81906604 -7.47882447 -0.85916766  0.88418697 -0.1485354 ]]
[[ 0.40279383  0.83436826 -7.48030883 -0.8481229   0.87222388 -0.14533609]]
[[ 0.41539535  0.84077042 -7.48007657 -0.84339836  0.86355933 -0.14112955]]
[[ 0.41168871  0.82570901 -7.47850304 -0.85451673  0.86560277 -0.13610921]]
[[ 0.3841651   0.82195526 -7.47454004 -0.85966589  0.88670098 -0.15039235]]
[[ 0.42287225  0.8353028  -7.47500654 -0.84956977  0.85850434 -0.13405829]]
[[ 0.41060328  0.83203614 -7.4743402  -0.8517523   0.87045955 -0.14012519]]
[[ 0.42070057  0.81848429 -7.47702583 -0.85910944  0.86016908 -0.12777808]]
[[ 0.4092033   0.81809705 -7.4751245  -0.86155071  0.87006296 -0.13417723]]
[[ 0.42439313  0.83061182 -7.47705156 -0.85037993  0.85819375 -0.13133113]]
[[ 0.43942942  0.83268761 -7.47420976 -0.85110369  0.84922672 -0.12369272]]
[[ 0.44902212  0.82410755 -7.47656021 -0.85599016  0.84139484 -0.11402165]]
[[ 0.43262443  0.81896836 -7.4694232  -0.86426833  0.85783163 -0.12127081]]
[[ 0.44310972  0.82580717 -7.47066475 -0.85822312  0.84828502 -0.11824751]]
[[ 0.43439203  0.82375403 -7.47306417 -0.85789176  0.85578875 -0.12270543]]
[[ 0.42857563  0.80574557 -7.46970426 -0.87418247  0.86020578 -0.1171617 ]]
[[ 0.45687043  0.83253553 -7.46511698 -0.85821455  0.84392853 -0.11331952]]
[[ 0.47044497  0.83467273 -7.46930815 -0.85327076  0.83210751 -0.10656051]]
[[ 0.44905988  0.82330635 -7.46587659 -0.86390149  0.84866521 -0.11361996]]
[[ 0.43257136  0.82159265 -7.46485714 -0.86542725  0.86124805 -0.12246735]]
[[ 0.43471127  0.82612421 -7.46316653 -0.86140652  0.86003074 -0.12354958]]
[[ 0.44195513  0.83000463 -7.4615007  -0.86005902  0.85658737 -0.12129222]]
[[ 0.44233289  0.82893071 -7.46100331 -0.86094108  0.85493239 -0.12042783]]
[[ 0.42091977  0.8285142  -7.46060083 -0.86247619  0.87050466 -0.1325508 ]]
[[ 0.42135299  0.8271022  -7.46085248 -0.86240439  0.86973385 -0.1317008 ]]
[[ 0.42671687  0.82674862 -7.46057745 -0.86362748  0.86562511 -0.12824479]]
[[ 0.43079635  0.83154992 -7.45782093 -0.86293811  0.86355157 -0.12791873]]
[[ 0.43250171  0.83182493 -7.45807777 -0.86323216  0.86247469 -0.12706831]]
[[ 0.42492484  0.83121085 -7.45832168 -0.86451357  0.86718659 -0.13090125]]
[[ 0.42589541  0.83256373 -7.45589512 -0.86403482  0.86795441 -0.13114673]]
[[ 0.43436182  0.83206002 -7.45766286 -0.86271151  0.86193514 -0.1261367 ]]
[[ 0.42863186  0.83277751 -7.45588033 -0.86410231  0.86517743 -0.12954541]]
[[ 0.42648647  0.83288754 -7.45256633 -0.86625996  0.86724637 -0.13067449]]
[[ 0.42816975  0.83321941 -7.45294371 -0.86692201  0.86721074 -0.12993827]]
[[ 0.42428458  0.83501768 -7.45432618 -0.8646851   0.8696842  -0.13307354]]
[[ 0.43065899  0.83601754 -7.45178422 -0.86521569  0.86571628 -0.12981808]]
[[ 0.428875    0.83535579 -7.45150036 -0.86671171  0.86789509 -0.13051679]]
[[ 0.42972364  0.83428174 -7.45023113 -0.86818574  0.86814735 -0.12960997]]
[[ 0.43221773  0.83572695 -7.44969334 -0.86702861  0.86650795 -0.12893972]]
[[ 0.42833911  0.83704196 -7.44978808 -0.86573953  0.86940407 -0.13187966]]
[[ 0.42851869  0.83466401 -7.45027749 -0.86780199  0.86773188 -0.13041039]]
[[ 0.42510188  0.83400844 -7.45030973 -0.86785035  0.87035882 -0.13208718]]
[[ 0.4357599   0.83513206 -7.45053017 -0.86726755  0.86360445 -0.12660093]]
[[ 0.4308484   0.83655749 -7.45191208 -0.86527946  0.86735112 -0.13023985]]
[[ 0.42973717  0.83625837 -7.45170855 -0.86631441  0.86808072 -0.13062702]]
[[ 0.43001431  0.83490115 -7.45017822 -0.86756353  0.86782833 -0.12982797]]
[[ 0.42761384  0.83646624 -7.4525857  -0.86497504  0.86795319 -0.13183451]]
[[ 0.43023861  0.83597363 -7.45059228 -0.86639156  0.86817636 -0.13023356]]
[[ 0.43551777  0.83481997 -7.44992563 -0.86629678  0.86471872 -0.12680931]]
[[ 0.44131978  0.83184488 -7.45013089 -0.86799584  0.86202094 -0.122253  ]]
[[ 0.43914595  0.83277016 -7.44938579 -0.86811217  0.8651591  -0.12410148]]
[[ 0.43574387  0.83337496 -7.44832327 -0.86763977  0.8667567  -0.12632758]]
[[ 0.43499918  0.83221231 -7.45040431 -0.86809342  0.86609668 -0.1260473 ]]
[[ 0.43108789  0.83118618 -7.44801595 -0.86948576  0.87107367 -0.12808676]]
[[ 0.44017772  0.83096509 -7.44815959 -0.8687393   0.86447558 -0.1226903 ]]
[[ 0.44205934  0.82932098 -7.44790459 -0.86902556  0.86318485 -0.12096914]]
[[ 0.4325274   0.83170569 -7.44545875 -0.86866343  0.87136968 -0.12763674]]
[[ 0.43582759  0.83048774 -7.44656616 -0.87021656  0.86778692 -0.1249211 ]]
[[ 0.43756726  0.83184423 -7.44741491 -0.86890164  0.86703904 -0.12464939]]
[[ 0.4341785   0.83210003 -7.44466139 -0.87024711  0.86902454 -0.12659082]]
[[ 0.43489616  0.83129705 -7.44638521 -0.86935226  0.86662203 -0.12569309]]
[[ 0.43184783  0.83079998 -7.44659911 -0.86889189  0.86988308 -0.12748484]]
[[ 0.43324892  0.82830002 -7.44818512 -0.86957692  0.86731383 -0.12538151]]
[[ 0.42994819  0.82842921 -7.44820014 -0.86883745  0.86878384 -0.12727908]]
[[ 0.43243999  0.83137513 -7.44856318 -0.86788014  0.86616449 -0.12695214]]
[[ 0.43177363  0.83212161 -7.44460367 -0.86985109  0.86917619 -0.12773006]]
[[ 0.43096397  0.82835946 -7.44498793 -0.8710283   0.86965545 -0.12660536]]
[[ 0.43345256  0.82880282 -7.4473401  -0.87003726  0.86604353 -0.12518594]]
[[ 0.44055666  0.83272515 -7.44775411 -0.86780962  0.861463   -0.12291836]]
[[ 0.43097921  0.83057864 -7.4474956  -0.86973882  0.86945262 -0.12761748]]
[[ 0.43099685  0.83155912 -7.445529   -0.87056283  0.87064377 -0.12808914]]
[[ 0.43375215  0.83301644 -7.44827701 -0.86716305  0.86799887 -0.12724363]]
[[ 0.43303947  0.83410999 -7.44867037 -0.86497943  0.86640791 -0.12807234]]
[[ 0.42597475  0.82720786 -7.4491229  -0.8694967   0.87072652 -0.12891013]]
[[ 0.42259175  0.82573608 -7.44938832 -0.86986703  0.87355271 -0.13035627]]
[[ 0.42947616  0.82942048 -7.44887349 -0.86719375  0.86841686 -0.12800737]]
[[ 0.43002251  0.8315796  -7.44779273 -0.8664085   0.86829654 -0.12864946]]
[[ 0.42679836  0.82511761 -7.4477424  -0.87098801  0.87221129 -0.12773412]]
[[ 0.425415    0.83113286 -7.4428647  -0.86994612  0.87456909 -0.1312468 ]]
[[ 0.4180935   0.8369663  -7.43983693 -0.86822673  0.88188558 -0.13818527]]
[[ 0.41928261  0.83255049 -7.43956743 -0.87194605  0.88252548 -0.13555447]]
[[ 0.42900225  0.83147207 -7.43619366 -0.87404579  0.8758795  -0.1293446 ]]
[[ 0.42920954  0.83304049 -7.43241654 -0.87508919  0.87721727 -0.12990419]]
[[ 0.43370927  0.8330475  -7.43420083 -0.87394117  0.87387278 -0.12732575]]
[[ 0.42978059  0.83009762 -7.43342763 -0.87612842  0.87722856 -0.12830412]]
[[ 0.43365958  0.83260533 -7.43132246 -0.87500053  0.87571793 -0.12730404]]
[[ 0.4316365   0.8302507  -7.43053914 -0.87802339  0.87747175 -0.12733082]]
[[ 0.43341922  0.83001549 -7.43139986 -0.87649859  0.8769801  -0.12648977]]
[[ 0.43437797  0.83416293 -7.43154364 -0.87370957  0.8769593  -0.128013  ]]
[[ 0.44010978  0.83256393 -7.42876003 -0.87659149  0.87336468 -0.12377902]]
[[ 0.42749416  0.82987893 -7.42852703 -0.87924314  0.88230065 -0.12981057]]
[[ 0.42901066  0.83198304 -7.42604831 -0.87935737  0.88090042 -0.12962425]]
[[ 0.43669506  0.83293443 -7.42613509 -0.87833157  0.8748918  -0.12559126]]
[[ 0.433008    0.83122145 -7.42715057 -0.87938712  0.87807749 -0.12701037]]
[[ 0.43269339  0.82925006 -7.42608387 -0.87967779  0.87816403 -0.12635463]]
[[ 0.42671036  0.82829081 -7.42613219 -0.87843684  0.88197982 -0.12949906]]
[[ 0.43574733  0.82574266 -7.42591256 -0.8793276   0.87638535 -0.12327791]]
[[ 0.43615346  0.82688534 -7.42409906 -0.8808999   0.87674687 -0.12344119]]
[[ 0.43772351  0.8274781  -7.42379013 -0.88197959  0.8752479  -0.12265905]]
[[ 0.43432334  0.82936173 -7.42599728 -0.87943363  0.87677405 -0.1254702 ]]
[[ 0.43141605  0.83072261 -7.42570253 -0.87897376  0.87737332 -0.12756488]]
[[ 0.43345646  0.82989938 -7.4274586  -0.87872788  0.87525259 -0.12600602]]
[[ 0.43200015  0.82956628 -7.4260541  -0.87947678  0.87792642 -0.12687907]]
[[ 0.43404153  0.82839109 -7.42564646 -0.87952342  0.87722854 -0.12528061]]
[[ 0.43617481  0.82966475 -7.42392765 -0.88010609  0.87740967 -0.1247508 ]]
[[ 0.43347274  0.8256239  -7.42716757 -0.88023851  0.87827242 -0.12457962]]
[[ 0.4347926   0.82668783 -7.42891722 -0.87846814  0.87646342 -0.12431909]]
[[ 0.43547566  0.82745467 -7.43073854 -0.87755851  0.87453035 -0.12406813]]
[[ 0.43430216  0.82611252 -7.43028766 -0.87779255  0.87666306 -0.12452459]]
[[ 0.43545636  0.82421366 -7.43099535 -0.87847597  0.8752874  -0.12284117]]
[[ 0.43640021  0.82447419 -7.42932846 -0.8790837   0.87443005 -0.12226796]]
[[ 0.43735668  0.82599997 -7.42936438 -0.87861259  0.8747204  -0.12247475]]
[[ 0.43541275  0.82501634 -7.42857607 -0.87967013  0.87650692 -0.1231594 ]]
[[ 0.4368259   0.82644758 -7.42923046 -0.87810385  0.87578455 -0.1231042 ]]
[[ 0.44205511  0.82860098 -7.4290625  -0.87740432  0.87340487 -0.12116433]]
[[ 0.44021672  0.82304796 -7.42962838 -0.87924388  0.87464598 -0.11994484]]
[[ 0.44049931  0.82252327 -7.42795446 -0.8797973   0.87628245 -0.11978863]]
[[ 0.44263247  0.82806903 -7.42824939 -0.87699676  0.8756026  -0.12112429]]
[[ 0.43484486  0.82474092 -7.42991326 -0.87862951  0.87819497 -0.12380358]]
[[ 0.43615062  0.82311539 -7.43046684 -0.87868778  0.87568972 -0.12218808]]
[[ 0.43884119  0.82503049 -7.42841236 -0.87826056  0.87530594 -0.12161668]]
[[ 0.43878029  0.8258124  -7.42910641 -0.87831253  0.87521743 -0.12191786]]
[[ 0.43599734  0.82647886 -7.42740663 -0.87920664  0.87706332 -0.12372286]]
[[ 0.43547683  0.82852191 -7.42661793 -0.87965857  0.87727606 -0.12480433]]
[[ 0.43327668  0.82959675 -7.4241128  -0.88065757  0.87894394 -0.12633749]]
[[ 0.43829214  0.83171704 -7.42338594 -0.88039729  0.87691106 -0.12442859]]
[[ 0.43230254  0.83222212 -7.42389875 -0.87955074  0.88120953 -0.12823479]]
[[ 0.44043714  0.83050075 -7.42579525 -0.87982861  0.87455858 -0.1226894 ]]
[[ 0.43592717  0.83059612 -7.42271466 -0.88129861  0.87779482 -0.12521049]]
[[ 0.43359519  0.82772802 -7.42261596 -0.88230775  0.87880655 -0.12525226]]
[[ 0.43911848  0.82667454 -7.42166286 -0.88226438  0.8748213  -0.12162456]]
[[ 0.43764481  0.82639428 -7.41919557 -0.88276498  0.87789124 -0.12250137]]
[[ 0.43524611  0.82340581 -7.42064371 -0.88350189  0.87839255 -0.12250946]]
[[ 0.43570521  0.8219844  -7.42142449 -0.88320651  0.8778358  -0.12168323]]
[[ 0.43354852  0.82340744 -7.42059611 -0.88248392  0.8791992  -0.12352998]]
[[ 0.43746132  0.82306478 -7.41951394 -0.88231452  0.8766372  -0.12116979]]
[[ 0.43421963  0.82388483 -7.41650279 -0.88482271  0.88140743 -0.12339862]]
[[ 0.43525296  0.82300345 -7.41615644 -0.88526267  0.88045114 -0.12231411]]
[[ 0.43790521  0.82463296 -7.4146939  -0.88513176  0.87955627 -0.12156435]]
[[ 0.44028782  0.82540687 -7.41427276 -0.88575826  0.87881377 -0.12053295]]
[[ 0.43899381  0.82407364 -7.41486576 -0.88638593  0.87919523 -0.12063821]]
[[ 0.43673475  0.82281722 -7.41454436 -0.88680505  0.88071071 -0.12140438]]
[[ 0.43752885  0.82726371 -7.41533031 -0.88457719  0.87958031 -0.12283116]]
[[ 0.43684497  0.82587275 -7.41616238 -0.88470152  0.87922602 -0.12258723]]
[[ 0.43479376  0.82622443 -7.41607512 -0.88460658  0.88037879 -0.12392428]]
[[ 0.43464509  0.8271456  -7.418178   -0.88383594  0.87892805 -0.12424093]]
[[ 0.43110457  0.82541596 -7.42126309 -0.88231789  0.87999571 -0.1255796 ]]
[[ 0.42865586  0.82841674 -7.4208075  -0.88110027  0.88212666 -0.12833123]]
[[ 0.43725489  0.83094558 -7.42159084 -0.87943371  0.87692566 -0.12464646]]
[[ 0.43371747  0.82783    -7.42350724 -0.88099509  0.87755719 -0.12502315]]
[[ 0.43290517  0.82716133 -7.42140437 -0.88264198  0.8792641  -0.12521915]]
[[ 0.43561956  0.82777742 -7.42200627 -0.88257674  0.87714393 -0.12384909]]
[[ 0.43758684  0.82761784 -7.42351409 -0.88199879  0.87478658 -0.12251577]]
[[ 0.43995728  0.82884893 -7.42118453 -0.88156124  0.87429325 -0.12195413]]
[[ 0.43349138  0.82620444 -7.42213834 -0.88317538  0.87807666 -0.12436982]]
[[ 0.43014009  0.82631438 -7.42324427 -0.8811012   0.88115577 -0.12664495]]
[[ 0.4391197   0.82939043 -7.4216111  -0.88103545  0.87536379 -0.1227461 ]]
[[ 0.43633246  0.82976958 -7.4191939  -0.88251079  0.87932426 -0.12453255]]
[[ 0.43234311  0.83461388 -7.41520546 -0.88195712  0.88460095 -0.12922552]]
[[ 0.42959195  0.82956211 -7.41715649 -0.88518239  0.8827143  -0.12796183]]
[[ 0.42326806  0.832028   -7.41338565 -0.88650989  0.89082173 -0.13285465]]
[[ 0.44057704  0.83540518 -7.41529453 -0.88256979  0.87786244 -0.12447176]]
[[ 0.43306279  0.83205006 -7.41483479 -0.88357623  0.88372103 -0.12748413]]
[[ 0.43102035  0.83006654 -7.41313069 -0.88666004  0.88591222 -0.12771631]]
[[ 0.43426835  0.82971927 -7.41268243 -0.8868334   0.88281927 -0.12550111]]
[[ 0.44155779  0.83602725 -7.41265222 -0.88261197  0.87897807 -0.124234  ]]
[[ 0.44342184  0.83207437 -7.41181183 -0.88502109  0.8783723  -0.12151395]]
[[ 0.43181965  0.83021432 -7.40893628 -0.88788174  0.88711286 -0.12723907]]
[[ 0.42948153  0.82988919 -7.40616325 -0.88875306  0.88990051 -0.12856366]]
[[ 0.43427741  0.83222622 -7.40280247 -0.88923014  0.88764326 -0.12683442]]
[[ 0.43412992  0.83123369 -7.40064895 -0.89075294  0.88908723 -0.12655847]]
[[ 0.43018382  0.82891719 -7.40068308 -0.89225794  0.89122091 -0.12769885]]
[[ 0.43400006  0.8311062  -7.40028593 -0.89148736  0.88910599 -0.12650667]]
[[ 0.43396159  0.82994117 -7.40216049 -0.89064488  0.88844285 -0.1261022 ]]
[[ 0.4310995   0.83202718 -7.39837465 -0.89212668  0.89188971 -0.12864139]]
[[ 0.43115707  0.82991577 -7.39797421 -0.89295833  0.89054664 -0.1274963 ]]
[[ 0.4342882   0.83205175 -7.39778066 -0.89239375  0.88919012 -0.12673005]]
[[ 0.43256771  0.83069744 -7.39786967 -0.89335601  0.8893699  -0.12692418]]
[[ 0.43320727  0.83424631 -7.39719299 -0.89195088  0.88901202 -0.12804865]]
[[ 0.43124638  0.83340773 -7.39705735 -0.8929819   0.88941737 -0.12858039]]
[[ 0.43158811  0.83126993 -7.39447056 -0.89532385  0.89005082 -0.12744055]]
[[ 0.43114377  0.82979309 -7.39381161 -0.89506766  0.89087462 -0.12727337]]
[[ 0.42945526  0.82956148 -7.392328   -0.89601088  0.89237906 -0.12809061]]
[[ 0.43226626  0.83238138 -7.39517139 -0.89294867  0.88943986 -0.12770141]]
[[ 0.42504827  0.83334496 -7.3934887  -0.89295792  0.89403147 -0.13215373]]
[[ 0.42470552  0.82948987 -7.39457685 -0.8943681   0.89321257 -0.13059947]]
[[ 0.42363042  0.82884061 -7.39388485 -0.89496185  0.89249154 -0.13068436]]
[[ 0.42565592  0.82852208 -7.3932791  -0.896822    0.89144813 -0.12920195]]
[[ 0.42482035  0.83263762 -7.39298195 -0.89451554  0.89239096 -0.13152267]]
[[ 0.42887013  0.83251027 -7.39130363 -0.89441501  0.89055935 -0.12923027]]
[[ 0.43598725  0.83395186 -7.39055773 -0.89446515  0.88694313 -0.12595676]]
[[ 0.40865868  0.83513114 -7.38749792 -0.89622458  0.90790203 -0.1423537 ]]
[[ 0.39294301  0.84232714 -7.38883472 -0.89149988  0.91738366 -0.15452517]]
[[ 0.4268431   0.84083352 -7.38664701 -0.89314745  0.89530643 -0.13432402]]
[[ 0.40649826  0.83467508 -7.3881482  -0.896489    0.91066397 -0.14358397]]
[[ 0.42424307  0.8318389  -7.39168965 -0.89584206  0.89487    -0.13183555]]
[[ 0.42813002  0.83169377 -7.39060352 -0.89573894  0.89386145 -0.1297061 ]]
[[ 0.43142955  0.82414372 -7.39397103 -0.90005954  0.88937507 -0.12405254]]
[[ 0.42693701  0.83218473 -7.39147629 -0.89454872  0.89562512 -0.13085623]]
[[ 0.45993156  0.84628601 -7.38450625 -0.89082949  0.87309536 -0.11764864]]
[[ 0.42996381  0.84342494 -7.3822163  -0.89590059  0.89540663 -0.13346438]]
[[ 0.41228824  0.83843569 -7.39044025 -0.89223889  0.90315327 -0.14155619]]
[[ 0.40372219  0.8312203  -7.38922601 -0.89828535  0.91048324 -0.1432701 ]]
[[ 0.43323563  0.83335435 -7.39089831 -0.89488244  0.8875871  -0.12705375]]
[[ 0.43553136  0.82811387 -7.39000085 -0.89965237  0.88720209 -0.12339538]]
[[ 0.463768    0.82408814 -7.39336841 -0.89962979  0.86834554 -0.10558533]]
[[ 0.45810818  0.81828954 -7.39356221 -0.90479725  0.87446708 -0.10627037]]
[[ 0.45481524  0.82070762 -7.39522858 -0.90103963  0.87676516 -0.1094518 ]]
[[ 0.47730424  0.82785642 -7.39670294 -0.89397131  0.85972601 -0.09978942]]
[[ 0.45013309  0.8144994  -7.39220334 -0.90889998  0.88109758 -0.10924553]]
[[ 0.43546257  0.8190633  -7.39210702 -0.90543308  0.89070537 -0.11980022]]
[[ 0.45034937  0.82789672 -7.38828043 -0.90036415  0.88245629 -0.115371  ]]
[[ 0.45972072  0.83081526 -7.38964003 -0.89713336  0.87523808 -0.11141201]]
[[ 0.43994478  0.82174164 -7.38622625 -0.90521944  0.89069185 -0.11878333]]
[[ 0.436613    0.81964824 -7.3874841  -0.90607934  0.89273351 -0.11964807]]
[[ 0.44616713  0.82809513 -7.38468449 -0.90270999  0.88885006 -0.11812025]]
[[ 0.45236357  0.83296217 -7.38748724 -0.89621384  0.88344967 -0.11692361]]
[[ 0.43633749  0.82721868 -7.38610305 -0.90123278  0.89413051 -0.12331153]]
[[ 0.44126911  0.82070901 -7.38543324 -0.9057634   0.8922257  -0.11769608]]
[[ 0.44514786  0.82477748 -7.38198844 -0.90420524  0.89114018 -0.1175005 ]]
[[ 0.4442471   0.82359265 -7.38376276 -0.9038888   0.89067836 -0.11749446]]
[[ 0.44440311  0.82084097 -7.38521663 -0.90477592  0.88944251 -0.11608124]]
[[ 0.45352179  0.82572145 -7.38351998 -0.90166705  0.88480334 -0.11330239]]
[[ 0.44511996  0.82056565 -7.38664003 -0.90468645  0.88934138 -0.11571846]]
[[ 0.44758328  0.81922755 -7.38619553 -0.9047799   0.88631043 -0.11351268]]
[[ 0.4348239   0.82195894 -7.38420895 -0.90418161  0.89655407 -0.12214913]]
[[ 0.44963075  0.81913952 -7.38623711 -0.90503692  0.88551847 -0.11232359]]
[[ 0.45563018  0.82096798 -7.38898564 -0.90149224  0.8826885  -0.11023479]]
[[ 0.46624729  0.81302488 -7.3925979  -0.90602735  0.87085601 -0.09990655]]
[[ 0.43668444  0.81640598 -7.39126135 -0.90607256  0.89239211 -0.11832341]]
[[ 0.4507223   0.81678403 -7.38978396 -0.90560329  0.88269118 -0.11038227]]
[[ 0.46583672  0.83237399 -7.38873938 -0.89438301  0.87152869 -0.10894518]]
[[ 0.4435377   0.8244001  -7.38706738 -0.90191115  0.88652444 -0.11783472]]
[[ 0.42160472  0.80314178 -7.38732263 -0.91770439  0.90352925 -0.12107445]]
[[ 0.45589144  0.83396982 -7.38215339 -0.89513738  0.88449285 -0.11607703]]
[[ 0.4923883   0.84643017 -7.38268712 -0.88646957  0.85853651 -0.10063201]]
[[ 0.44601036  0.81865734 -7.375956   -0.91363714  0.89303911 -0.11418967]]
[[ 0.3714398   0.81707022 -7.37993167 -0.91279265  0.94153415 -0.15633278]]
[[ 0.37802906  0.803734   -7.38552314 -0.91666343  0.93506696 -0.14634935]]
[[ 0.41730215  0.82274379 -7.37926996 -0.90836684  0.90996383 -0.13206666]]
[[ 0.46619912  0.8512737  -7.37294057 -0.89238621  0.87878337 -0.11711842]]
[[ 0.46233437  0.84824865 -7.38188229 -0.88632722  0.8815112  -0.11890114]]
[[ 0.47261084  0.80850122 -7.38634725 -0.91420101  0.87143634 -0.09417157]]
[[ 0.44702754  0.81007974 -7.38534372 -0.91317643  0.89149834 -0.10992959]]
[[ 0.4805342   0.81974651 -7.38780651 -0.90443482  0.86607193 -0.09490946]]
[[ 0.4745564   0.82536405 -7.38060013 -0.90548161  0.8741726  -0.10085112]]
[[ 0.47022756  0.82018018 -7.37953819 -0.90955707  0.87567038 -0.10073261]]
[[ 0.45320098  0.81830651 -7.38101691 -0.90981411  0.88626995 -0.10970919]]
[[ 0.45843288  0.82034356 -7.38048755 -0.90901064  0.88245703 -0.1074727 ]]
[[ 0.45936788  0.82246056 -7.3784887  -0.90853736  0.88313418 -0.1079435 ]]
[[ 0.46324777  0.82373051 -7.37850354 -0.90750588  0.88006748 -0.10631708]]
[[ 0.4541743   0.82060387 -7.37922103 -0.9092252   0.88620752 -0.11014678]]
[[ 0.44600008  0.82129773 -7.38024669 -0.90896566  0.89045062 -0.11494244]]
[[ 0.44840041  0.82373746 -7.37854127 -0.90779816  0.8900441  -0.11480969]]
[[ 0.45237673  0.82373859 -7.37628625 -0.90863516  0.88686565 -0.11241281]]
[[ 0.44725638  0.82181688 -7.37622419 -0.90984541  0.89121008 -0.11460934]]
[[ 0.44938551  0.82197417 -7.37639674 -0.91009587  0.88907183 -0.11332578]]
[[ 0.4493459   0.82245865 -7.37251753 -0.91202914  0.89081569 -0.11354651]]
[[ 0.45330115  0.82387825 -7.37312649 -0.91038034  0.88702128 -0.11181089]]
[[ 0.44702046  0.82440254 -7.36953166 -0.91181806  0.89168823 -0.11557977]]
[[ 0.44394276  0.82487551 -7.36809324 -0.91249934  0.89371327 -0.11742865]]
[[ 0.44368437  0.82456772 -7.3671991  -0.91356925  0.89469461 -0.11748556]]
[[ 0.44361799  0.82497297 -7.36855076 -0.91301749  0.89366016 -0.11756982]]
[[ 0.44363764  0.82615667 -7.36582875 -0.91314734  0.89542169 -0.11823236]]
[[ 0.44235412  0.82537836 -7.36657167 -0.9142417   0.89631062 -0.11850505]]
[[ 0.44246878  0.824362   -7.36619986 -0.91441666  0.89625436 -0.11806621]]
[[ 0.44967378  0.82448385 -7.3672417  -0.91325669  0.88993915 -0.11386438]]
[[ 0.43926866  0.82128145 -7.36598561 -0.91669552  0.89711847 -0.11821451]]
[[ 0.43990763  0.82701588 -7.36786318 -0.91200121  0.89564544 -0.12048137]]
[[ 0.43736274  0.82647113 -7.36745734 -0.91156884  0.89752243 -0.12175074]]
[[ 0.43710515  0.82575962 -7.36445052 -0.91420993  0.89918561 -0.12151728]]
[[ 0.44205875  0.82698596 -7.36436657 -0.91408036  0.89390499 -0.11889581]]
[[ 0.43284371  0.82612125 -7.36557479 -0.91391263  0.90145572 -0.12403307]]
[[ 0.43236435  0.83378912 -7.36169034 -0.91002688  0.90229809 -0.12785024]]
[[ 0.44402515  0.82253716 -7.3703818  -0.91354194  0.88894878 -0.11568746]]
[[ 0.4146449   0.82554312 -7.36761986 -0.91322925  0.91124793 -0.13412969]]
[[ 0.43346399  0.82082466 -7.37126073 -0.91437853  0.8962491  -0.12084734]]
[[ 0.43969018  0.82836829 -7.364788   -0.91195825  0.89886155 -0.12142122]]
[[ 0.44264974  0.8360085  -7.36119254 -0.90770787  0.89731553 -0.12311628]]
[[ 0.45940197  0.83953668 -7.35716141 -0.90886355  0.88693723 -0.1149022 ]]
[[ 0.45350489  0.85469746 -7.3525765  -0.90185715  0.89348516 -0.12535821]]
[[ 0.42468886  0.82145367 -7.36067349 -0.92047921  0.90992529 -0.12672539]]
[[ 0.42379435  0.82176088 -7.36272744 -0.91598936  0.90757818 -0.12738316]]
[[ 0.45853162  0.82766124 -7.36279439 -0.91369487  0.88377123 -0.10967174]]
[[ 0.4591255   0.83464471 -7.36410111 -0.90663686  0.88446122 -0.11287247]]
[[ 0.42080542  0.83928134 -7.35273674 -0.91153747  0.91439818 -0.13675457]]
[[ 0.37967391  0.84990884 -7.3456612  -0.90663873  0.94509302 -0.16563265]]
[[ 0.4020069   0.82650047 -7.35039388 -0.91956148  0.92666574 -0.14211087]]
[[ 0.42658807  0.82734765 -7.34446437 -0.92198535  0.91973783 -0.12908197]]
[[ 0.48886692  0.81270368 -7.36515018 -0.92185017  0.86180866 -0.0854145 ]]
[[ 0.47184208  0.84391251 -7.35490676 -0.9040808   0.8817725  -0.11034404]]
[[ 0.47685818  0.82399028 -7.35052406 -0.92379757  0.8780215  -0.09754406]]
[[ 0.45406451  0.82234314 -7.34841016 -0.92639219  0.89409051 -0.10990859]]
[[ 0.45582138  0.83690345 -7.34570832 -0.91695217  0.89461907 -0.11572534]]
[[ 0.4424736   0.83308986 -7.33759967 -0.92588855  0.90695134 -0.1214317 ]]
[[ 0.44011394  0.83210886 -7.33521485 -0.92765134  0.90835175 -0.12223034]]
[[ 0.43813997  0.83539671 -7.3327014  -0.92671127  0.91153242 -0.12501902]]
[[ 0.43628351  0.83473866 -7.33086863 -0.92842629  0.91305426 -0.12569745]]
[[ 0.44535994  0.83652437 -7.32830566 -0.92842367  0.90757117 -0.12125901]]
[[ 0.44620416  0.83715526 -7.32662205 -0.93007816  0.90810515 -0.1210371 ]]
[[ 0.44357697  0.83464202 -7.32519624 -0.93286305  0.91087187 -0.12144149]]
[[ 0.43761253  0.83467031 -7.32177486 -0.93378047  0.91660161 -0.1250747 ]]
[[ 0.44371779  0.83888564 -7.32004822 -0.93252026  0.91315115 -0.12342968]]
[[ 0.44128655  0.83832913 -7.3181298  -0.93376126  0.91510767 -0.12464295]]
[[ 0.44081858  0.83697057 -7.31888018 -0.93305649  0.9152075  -0.12431243]]
[[ 0.43882929  0.83549326 -7.31772939 -0.93454787  0.91736186 -0.12484096]]
[[ 0.43962981  0.83475031 -7.31620233 -0.93569639  0.91759105 -0.12408063]]
[[ 0.44664067  0.83648784 -7.31723416 -0.93428629  0.9128616  -0.12078716]]
[[ 0.44680631  0.83675662 -7.31772591 -0.93453329  0.91245963 -0.12067769]]
[[ 0.4451889   0.83701733 -7.31652342 -0.93468098  0.91470545 -0.12184873]]
[[ 0.43711172  0.83611811 -7.3145236  -0.93567435  0.9216628  -0.12621328]]
[[ 0.44601904  0.8356666  -7.31528467 -0.93499973  0.91519192 -0.12102185]]
[[ 0.43183692  0.83679665 -7.31105685 -0.93794277  0.924551   -0.12929895]]
[[ 0.45186769  0.83385674 -7.31415294 -0.93784621  0.91100809 -0.11646564]]
[[ 0.45374303  0.83703438 -7.31320413 -0.93696377  0.91143168 -0.11695398]]
[[ 0.43970779  0.8402489  -7.31368995 -0.93361333  0.9210487  -0.12664374]]
[[ 0.4508321   0.83595044 -7.31776902 -0.93383935  0.90890606 -0.11800757]]
[[ 0.43485241  0.83390853 -7.31480907 -0.93846597  0.92240706 -0.12622444]]
[[ 0.46526896  0.83430563 -7.31674928 -0.93611235  0.90200985 -0.10913794]]
[[ 0.44620076  0.83359503 -7.31382795 -0.93929536  0.91718185 -0.11966346]]
[[ 0.48141863  0.84898624 -7.31343384 -0.92752179  0.89305203 -0.10675378]]
[[ 0.46563221  0.84445122 -7.312577   -0.93348624  0.90554251 -0.11365193]]
[[ 0.40077856  0.83305795 -7.31346732 -0.93996165  0.94838661 -0.14588726]]
[[ 0.42910153  0.79399305 -7.31600819 -0.96651618  0.92482195 -0.1106825 ]]
[[ 0.44006084  0.85295577 -7.30861162 -0.92603004  0.92299422 -0.13238944]]
[[ 0.4922221   0.83712596 -7.31352228 -0.93649217  0.88336726 -0.09436523]]
[[ 0.47185878  0.84184454 -7.3096749  -0.93461404  0.90055496 -0.10857299]]
[[ 0.46255114  0.84673231 -7.3122209  -0.9281058   0.90568122 -0.11641614]]
[[ 0.44704715  0.83288659 -7.30660521 -0.94507794  0.92038501 -0.11865837]]
[[ 0.44191446  0.83854241 -7.30293132 -0.94216653  0.92395346 -0.12416297]]
[[ 0.45650262  0.84124904 -7.30594606 -0.93751417  0.91120772 -0.11693825]]
[[ 0.43913525  0.84514865 -7.29643095 -0.94024648  0.92685912 -0.12865817]]
[[ 0.44528802  0.85438664 -7.28805878 -0.9402072   0.92487126 -0.12909227]]
[[ 0.43780141  0.85466453 -7.29592683 -0.93365347  0.92947695 -0.13416441]]
[[ 0.41656565  0.83984219 -7.29357545 -0.94755295  0.94393185 -0.13910427]]
[[ 0.42403459  0.83909941 -7.2877604  -0.9512072   0.9425558  -0.13467805]]
[[ 0.44489117  0.85333805 -7.28667613 -0.94138138  0.92637842 -0.12892614]]
[[ 0.43909746  0.85036762 -7.28425732 -0.94478185  0.93354829 -0.13130601]]
[[ 0.41726283  0.84969521 -7.28332673 -0.94475529  0.94994266 -0.1438126 ]]
[[ 0.43209964  0.84217831 -7.28452276 -0.94989309  0.93760152 -0.13161698]]
[[ 0.42913099  0.83650057 -7.28417342 -0.95460751  0.94036009 -0.13059883]]
[[ 0.43327575  0.84788182 -7.28398931 -0.94562128  0.93779265 -0.13374197]]
[[ 0.43373913  0.84464561 -7.2805792  -0.94859112  0.94168646 -0.13241378]]
[[ 0.45192704  0.84277281 -7.28205946 -0.95119833  0.92626871 -0.12057624]]
[[ 0.42951672  0.83737031 -7.28124446 -0.95380742  0.94214345 -0.13127255]]
[[ 0.44428831  0.83278947 -7.27971821 -0.95989468  0.93278493 -0.12004045]]
[[ 0.48675443  0.8609775  -7.28207697 -0.93570561  0.90427689 -0.10918701]]
[[ 0.47802564  0.83879479 -7.27807783 -0.95555261  0.91437358 -0.10406515]]
[[ 0.49189611  0.83519188 -7.28317825 -0.95368678  0.90006549 -0.09448179]]
[[ 0.45348476  0.83435754 -7.2806689  -0.95533197  0.92828851 -0.1162624 ]]
[[ 0.45790273  0.83539167 -7.27869769 -0.95620999  0.92546602 -0.11394485]]
[[ 0.48267831  0.84904268 -7.27458343 -0.94972272  0.909336   -0.10594042]]
[[ 0.44487994  0.8384518  -7.27341997 -0.96122094  0.93677396 -0.12250309]]
[[ 0.44816172  0.84586052 -7.27732328 -0.9498587   0.93494633 -0.12477632]]
[[ 0.44983018  0.84126556 -7.27427734 -0.95626748  0.93338916 -0.12120062]]
[[ 0.49233517  0.85012275 -7.27411823 -0.94947362  0.90458717 -0.10100657]]
[[ 0.47757003  0.85281058 -7.27112637 -0.95075591  0.91739993 -0.11065977]]
[[ 0.43961421  0.84367259 -7.27536338 -0.95502436  0.94283923 -0.1283906 ]]
[[ 0.44002989  0.85364579 -7.28111035 -0.94344437  0.93783351 -0.13260641]]
[[ 0.43712107  0.84899682 -7.27439632 -0.95303117  0.94233704 -0.13178331]]
[[ 0.43757564  0.86475621 -7.26996741 -0.94431331  0.94440714 -0.13879073]]
[[ 0.43188896  0.83410192 -7.28179863 -0.95889556  0.9410611  -0.12765277]]
[[ 0.3755066   0.82767082 -7.27772713 -0.96667767  0.98168929 -0.15714657]]
[[ 0.40247073  0.85239257 -7.27337395 -0.94914126  0.96567916 -0.15348405]]
[[ 0.4426958   0.84973175 -7.26967136 -0.95537002  0.93864269 -0.1286282 ]]
[[ 0.44285265  0.86171686 -7.27060479 -0.94502911  0.94042392 -0.1345579 ]]
[[ 0.43977641  0.84882295 -7.27908498 -0.9469247   0.93789055 -0.1306286 ]]
[[ 0.43788352  0.844258   -7.26874808 -0.95938269  0.9428151  -0.12908749]]
[[ 0.43065378  0.84560959 -7.27264939 -0.95700145  0.94755252 -0.13402098]]
[[ 0.44277416  0.85461926 -7.27469357 -0.94699665  0.93787921 -0.13144779]]
[[ 0.43430009  0.84493363 -7.27086162 -0.95841905  0.94569107 -0.13161537]]
[[ 0.44195836  0.84724889 -7.26951512 -0.95766573  0.94128258 -0.1282139 ]]
[[ 0.45210855  0.85103353 -7.26800915 -0.9546582   0.93516084 -0.12423645]]
[[ 0.45397878  0.85270851 -7.26806154 -0.95322558  0.93390816 -0.12401975]]
[[ 0.44986477  0.85058684 -7.26798264 -0.95556788  0.93563901 -0.12516781]]
[[ 0.44538202  0.84803489 -7.26877956 -0.95749666  0.93901724 -0.12662589]]
[[ 0.44972     0.85376301 -7.26716182 -0.95495344  0.93615265 -0.12659616]]
[[ 0.45018643  0.85363954 -7.26486484 -0.95670645  0.93729329 -0.12634127]]
[[ 0.44948668  0.84945859 -7.26330349 -0.95932202  0.93918209 -0.12501903]]
[[ 0.45135763  0.85071456 -7.26269693 -0.95859161  0.93760371 -0.12454105]]
[[ 0.451778    0.85101412 -7.26094451 -0.95918389  0.93782686 -0.12435072]]
[[ 0.44828778  0.84959561 -7.26172075 -0.95874544  0.94068775 -0.12596107]]
[[ 0.45218731  0.84946766 -7.26202217 -0.95972133  0.93921642 -0.12374027]]
[[ 0.45296762  0.85068666 -7.2620069  -0.95941197  0.93787428 -0.12369636]]
[[ 0.45080733  0.85134031 -7.26067843 -0.95994692  0.93915902 -0.1250798 ]]
[[ 0.4558368   0.8530681  -7.26020253 -0.95898199  0.93631303 -0.12309095]]
[[ 0.45269202  0.85003432 -7.25897615 -0.96248126  0.93879876 -0.12339008]]
[[ 0.45300299  0.8490832  -7.2595508  -0.96170668  0.93842158 -0.12283965]]
[[ 0.4570073   0.85258681 -7.25825612 -0.95978491  0.93644061 -0.12213936]]
[[ 0.45714239  0.85290087 -7.25672108 -0.96058488  0.93743254 -0.1221811 ]]
[[ 0.45084569  0.84897312 -7.25519718 -0.96425393  0.94187189 -0.12397399]]
[[ 0.45053102  0.84906874 -7.25357041 -0.96403304  0.94267963 -0.12425767]]
[[ 0.45582022  0.85091913 -7.25245756 -0.96338812  0.94011722 -0.12214775]]
[[ 0.45502569  0.85028761 -7.25140928 -0.96461676  0.94062745 -0.12224752]]
[[ 0.45559292  0.84777785 -7.25186497 -0.96505704  0.94050625 -0.12095846]]
[[ 0.45596637  0.8468039  -7.25067882 -0.96618798  0.94137132 -0.12040659]]
[[ 0.45748393  0.85000139 -7.24940011 -0.96423187  0.94198486 -0.12118646]]
[[ 0.46017933  0.84891789 -7.25022082 -0.9647647   0.93992486 -0.11914025]]
[[ 0.45650506  0.84819353 -7.24923934 -0.96643253  0.94342118 -0.12095556]]
[[ 0.46064599  0.85017104 -7.24941078 -0.96652467  0.94135603 -0.11943946]]
[[ 0.45556252  0.85402326 -7.24833605 -0.96530512  0.94447647 -0.12389979]]
[[ 0.46040089  0.85593441 -7.24968182 -0.96464794  0.94006052 -0.12177367]]
[[ 0.457625    0.85518048 -7.24896919 -0.9651449   0.9427337  -0.12304547]]
[[ 0.45820438  0.85545186 -7.24455936 -0.9677384   0.94440376 -0.12291407]]
[[ 0.45867663  0.85344843 -7.24428319 -0.96891679  0.94381126 -0.12170074]]
[[ 0.45727437  0.856637   -7.24449442 -0.96737207  0.94520562 -0.12396783]]
[[ 0.4604843   0.85808422 -7.24452443 -0.96590504  0.94215113 -0.1226476 ]]
[[ 0.45676168  0.86135888 -7.24271066 -0.96617664  0.94505914 -0.12602776]]
[[ 0.45855675  0.85826283 -7.2430055  -0.96832436  0.94500771 -0.12377064]]
[[ 0.45849484  0.85696728 -7.24362036 -0.96806691  0.94440459 -0.12318449]]
[[ 0.46224842  0.85719114 -7.24405025 -0.96731191  0.94243955 -0.12128328]]
[[ 0.46342713  0.8578048  -7.24357943 -0.96793649  0.94193959 -0.12078305]]
[[ 0.46528585  0.85887579 -7.24238948 -0.96734946  0.94124237 -0.12039637]]
[[ 0.46764891  0.85612285 -7.24400692 -0.96949115  0.9399281  -0.11766844]]
[[ 0.46957213  0.86358112 -7.24153834 -0.96723941  0.94023764 -0.11987918]]
[[ 0.47038772  0.86169666 -7.24151762 -0.96869598  0.93991702 -0.11856298]]
[[ 0.46884646  0.86105882 -7.24204551 -0.96895019  0.94244807 -0.11941803]]
[[ 0.47161382  0.86490008 -7.24460377 -0.96525012  0.93827064 -0.11946935]]
[[ 0.47004223  0.86729131 -7.24161802 -0.96740416  0.94068903 -0.12126158]]
[[ 0.46760642  0.86622419 -7.24329575 -0.96794476  0.94223123 -0.12214351]]
[[ 0.45985494  0.86557309 -7.24482636 -0.96845993  0.94537944 -0.12588047]]
[[ 0.46665431  0.87147962 -7.24509835 -0.96313799  0.9410526  -0.12488128]]
[[ 0.47073386  0.87060425 -7.2466728  -0.96266554  0.93718022 -0.12206216]]
[[ 0.45649108  0.86595024 -7.24647835 -0.96585414  0.94691467 -0.12809536]]
[[ 0.46066436  0.86725014 -7.24699807 -0.96503799  0.94315138 -0.126156  ]]
[[ 0.46087947  0.87130348 -7.2467694  -0.96279003  0.942801   -0.12780639]]
[[ 0.46417646  0.87075707 -7.24880111 -0.9616898   0.93977568 -0.12574796]]
[[ 0.4603532   0.86800951 -7.24734867 -0.96531364  0.94278054 -0.12661048]]
[[ 0.45906094  0.87027633 -7.24772728 -0.96306339  0.94359309 -0.12847166]]
[[ 0.46110328  0.8714973  -7.25155738 -0.96022699  0.9410766  -0.12790957]]
[[ 0.46565046  0.8708303  -7.25207543 -0.96034243  0.93826826 -0.12497831]]
[[ 0.46252342  0.87138503 -7.25067492 -0.96118447  0.94220654 -0.12715678]]
[[ 0.46532476  0.87130404 -7.25166688 -0.96068324  0.93909728 -0.12540564]]
[[ 0.46270769  0.8691267  -7.2509128  -0.96116036  0.94079935 -0.12602748]]
[[ 0.46429794  0.86530929 -7.25233734 -0.9622671   0.93968915 -0.12351813]]
[[ 0.46338999  0.86606075 -7.25232299 -0.9616081   0.93963688 -0.12427462]]
[[ 0.46070744  0.86758563 -7.25230241 -0.96056283  0.94130615 -0.12656757]]
[[ 0.46242814  0.86605274 -7.25444896 -0.96054935  0.93919644 -0.12482948]]
[[ 0.46261673  0.86708642 -7.25407626 -0.95999054  0.93905275 -0.12514587]]
[[ 0.46109848  0.86638601 -7.25382587 -0.96033163  0.9384685  -0.12549716]]
[[ 0.45615479  0.8657394  -7.25577266 -0.95993945  0.94210236 -0.128223  ]]
[[ 0.45923888  0.86453029 -7.25606978 -0.9599005   0.93970795 -0.12587719]]
[[ 0.46703339  0.86684455 -7.2554445  -0.95790484  0.93539669 -0.12258758]]
[[ 0.46207048  0.86370105 -7.25432368 -0.96081223  0.93894997 -0.12394936]]
[[ 0.46068703  0.86153461 -7.25427146 -0.96172227  0.94138263 -0.12401438]]
[[ 0.46426782  0.86392612 -7.2543083  -0.96057467  0.93867543 -0.1229398 ]]
[[ 0.4575401   0.86428229 -7.25560936 -0.95906233  0.94307618 -0.12716117]]
[[ 0.46285452  0.86173473 -7.25629221 -0.95940466  0.93913912 -0.12304777]]
[[ 0.4604907   0.86247034 -7.25535992 -0.95968625  0.94257142 -0.1248187 ]]
[[ 0.45953615  0.8619402  -7.25552826 -0.95972836  0.94160758 -0.12497353]]
[[ 0.4613768   0.86192693 -7.25557086 -0.9591892   0.94008796 -0.1239673 ]]
[[ 0.46006457  0.8599613  -7.25508772 -0.96006362  0.94139729 -0.123904  ]]
[[ 0.46602822  0.85986738 -7.25515232 -0.96036639  0.93870588 -0.12063678]]
[[ 0.46700144  0.85918613 -7.25401558 -0.96127218  0.93872012 -0.11985215]]
[[ 0.46599483  0.85894989 -7.25402478 -0.96160666  0.93874483 -0.12017408]]
[[ 0.46446649  0.85982016 -7.25320467 -0.96143332  0.93979265 -0.12145847]]
[[ 0.46460416  0.85822773 -7.25581983 -0.9611141   0.9381805  -0.12056358]]
[[ 0.46534527  0.85683954 -7.25634072 -0.96113029  0.93886503 -0.11975238]]
[[ 0.46719846  0.85836005 -7.25548028 -0.96057766  0.93780567 -0.11940352]]
[[ 0.46682534  0.85791848 -7.25223806 -0.96250671  0.93927537 -0.11934584]]
[[ 0.46692687  0.85758254 -7.25046088 -0.96402086  0.93994819 -0.11910201]]
[[ 0.46692173  0.86040058 -7.246793   -0.96484653  0.94102869 -0.12029375]]
[[ 0.46833248  0.85909294 -7.24451305 -0.9666576   0.94177141 -0.11897476]]
[[ 0.46505663  0.86084932 -7.2439696  -0.96617187  0.94382183 -0.12149543]]
[[ 0.46931172  0.8619943  -7.24176133 -0.96671182  0.94181208 -0.11957807]]
[[ 0.46520337  0.8592105  -7.24168265 -0.96779056  0.94508402 -0.12083846]]
[[ 0.47324215  0.85777794 -7.24138498 -0.96904012  0.93978835 -0.11553524]]
[[ 0.47729996  0.85827982 -7.23947464 -0.96948835  0.9376212  -0.11338706]]
[[ 0.4739786   0.84897256 -7.23785532 -0.97795393  0.94282377 -0.11108284]]
[[ 0.51484748  0.85537099 -7.24354895 -0.96705902  0.91143662 -0.09072081]]
[[ 0.51360765  0.87144659 -7.23208604 -0.96311811  0.91753783 -0.09869521]]
[[ 0.50869286  0.87246916 -7.23578143 -0.96126898  0.92023031 -0.10222484]]
[[ 0.47892916  0.85925125 -7.242588   -0.96632918  0.93724399 -0.11334881]]
[[ 0.43221782  0.85028016 -7.23572348 -0.97855767  0.97299781 -0.13601594]]
[[ 0.46273235  0.86340463 -7.2314116  -0.97133578  0.95141818 -0.1241302 ]]
[[ 0.47450256  0.87542951 -7.23154647 -0.96360468  0.9452278  -0.12314609]]
[[ 0.46987202  0.86716742 -7.2310377  -0.97088527  0.94808216 -0.12168102]]
[[ 0.47879371  0.85990448 -7.23203393 -0.97493734  0.94085597 -0.11320083]]
[[ 0.48071577  0.86325214 -7.22908272 -0.9733698   0.94080124 -0.11366282]]
[[ 0.49394954  0.86678008 -7.2279048  -0.97155639  0.93219714 -0.10766721]]
[[ 0.47717701  0.86592084 -7.22711654 -0.97264951  0.94395003 -0.11701059]]
[[ 0.46878738  0.86328843 -7.22746407 -0.97309081  0.94935111 -0.12065688]]
[[ 0.474304    0.86366143 -7.22338799 -0.97455405  0.94463694 -0.11730344]]
[[ 0.46812781  0.86640881 -7.22102336 -0.97395386  0.95093456 -0.12222731]]
[[ 0.47281982  0.85713481 -7.21987719 -0.98179173  0.94672317 -0.11498131]]
[[ 0.47648274  0.87270828 -7.22277563 -0.96718755  0.94381205 -0.12048425]]
[[ 0.47747301  0.85605036 -7.2238989  -0.97974894  0.94075629 -0.11180172]]
[[ 0.46123551  0.86441687 -7.21772256 -0.97922066  0.95583536 -0.1250248 ]]
[[ 0.46971528  0.87019492 -7.22136877 -0.97214279  0.94783596 -0.12280381]]
[[ 0.47220621  0.87170166 -7.22406577 -0.97053479  0.9431903  -0.12170215]]
[[ 0.44872053  0.87480494 -7.21993984 -0.97111854  0.96454898 -0.13715459]]
[[ 0.47736975  0.86681572 -7.22806922 -0.97208393  0.93877257 -0.11658728]]
[[ 0.46378026  0.8657327  -7.22537452 -0.9757867   0.95204088 -0.12399476]]
[[ 0.50286659  0.87943639 -7.2239193  -0.96651639  0.92316693 -0.10745085]]
[[ 0.48289572  0.86873028 -7.22342277 -0.97505479  0.94040049 -0.11436646]]
[[ 0.48802999  0.87779182 -7.22266804 -0.96892114  0.93673276 -0.11567073]]
[[ 0.47979099  0.87577632 -7.22239676 -0.97095342  0.94445788 -0.11973581]]
[[ 0.44316013  0.87305218 -7.21744586 -0.97556384  0.97077757 -0.13944868]]
[[ 0.45694562  0.87289212 -7.22361803 -0.97360977  0.95390417 -0.13064981]]
[[ 0.43853325  0.87250741 -7.21795158 -0.9745972   0.97318289 -0.14181723]]
[[ 0.43166054  0.86995973 -7.22255192 -0.97224717  0.97471581 -0.14476513]]
[[ 0.48510277  0.8522898  -7.22168281 -0.98700643  0.93820827 -0.10539957]]
[[ 0.46309599  0.84358074 -7.22024528 -0.99256986  0.9557257  -0.11453204]]
[[ 0.44119871  0.87077166 -7.21911631 -0.9719376   0.96980364 -0.1397295 ]]
[[ 0.46015248  0.85445211 -7.22017577 -0.9871147   0.95584019 -0.12069989]]
[[ 0.46284015  0.87627829 -7.21866022 -0.9700193   0.95523947 -0.12958592]]
[[ 0.49820705  0.88066839 -7.22084494 -0.96641198  0.92891961 -0.1110444 ]]
[[ 0.46449286  0.86247774 -7.2175725  -0.98216535  0.95511947 -0.12219081]]
[[ 0.45177076  0.86516982 -7.21701141 -0.97872185  0.96221287 -0.13076286]]
[[ 0.47922272  0.87093656 -7.2188697  -0.97350897  0.94156307 -0.11740945]]
[[ 0.47465302  0.8712987  -7.21829343 -0.9761089   0.94618762 -0.12013703]]
[[ 0.45954975  0.86235789 -7.21936738 -0.9808018   0.95584919 -0.12493336]]
[[ 0.46882942  0.86392803 -7.21964694 -0.97754285  0.94929532 -0.12050688]]
[[ 0.46793479  0.86836889 -7.21666014 -0.97737546  0.95193395 -0.1230529 ]]
[[ 0.4696938   0.86778064 -7.21397085 -0.97981847  0.95166256 -0.12166992]]
[[ 0.46047486  0.86613978 -7.20983837 -0.98348773  0.96002405 -0.12620719]]
[[ 0.46531926  0.86748494 -7.20869545 -0.98257137  0.95677285 -0.12407932]]
[[ 0.47209629  0.87612286 -7.20635579 -0.9777419   0.95380119 -0.12419385]]
[[ 0.46747827  0.86654477 -7.20974931 -0.98168633  0.95312997 -0.12238833]]
[[ 0.45670047  0.85932155 -7.21086091 -0.98573725  0.96104976 -0.12541139]]
[[ 0.46503614  0.86415543 -7.21070529 -0.98041766  0.95505442 -0.12288471]]
[[ 0.46684319  0.86386554 -7.2100595  -0.98119477  0.95274005 -0.12148045]]
[[ 0.45662842  0.86005216 -7.20878746 -0.98446246  0.95989732 -0.12551694]]
[[ 0.45771466  0.86254988 -7.20693535 -0.9848062   0.95978685 -0.12591393]]
[[ 0.46433125  0.86282572 -7.20876808 -0.98226467  0.95446724 -0.122366  ]]
[[ 0.46293604  0.85989524 -7.21017646 -0.9828253   0.95404867 -0.12174581]]
[[ 0.45535216  0.85938636 -7.21063472 -0.98403626  0.95779208 -0.12556949]]
[[ 0.45942425  0.86314842 -7.20682655 -0.9846541   0.95787543 -0.12507372]]
[[ 0.45985549  0.86349915 -7.20342171 -0.98571695  0.95844417 -0.125016  ]]
[[ 0.4606646   0.86450203 -7.203242   -0.98539424  0.95874092 -0.12502285]]
[[ 0.4556921   0.86219115 -7.19994306 -0.98798105  0.96225815 -0.1267697 ]]
[[ 0.45905705  0.86408356 -7.20081935 -0.98642193  0.96071889 -0.12579623]]
[[ 0.45840095  0.86257707 -7.19952886 -0.98772771  0.96133005 -0.12544907]]
[[ 0.45542614  0.86266564 -7.20032755 -0.98785492  0.96404064 -0.12725629]]
[[ 0.45882312  0.86410916 -7.1989628  -0.98778248  0.96194574 -0.12585509]]
[[ 0.46146713  0.86422555 -7.198819   -0.98799462  0.96069796 -0.12440817]]
[[ 0.45851024  0.86445192 -7.19615508 -0.98937366  0.96412198 -0.1262862 ]]
[[ 0.46336277  0.86598067 -7.19601639 -0.98862924  0.96183787 -0.12430709]]
[[ 0.46176625  0.86442798 -7.19662927 -0.98884864  0.96146411 -0.12441261]]
[[ 0.4590943   0.86217379 -7.19699263 -0.98913479  0.96347382 -0.12509747]]
[[ 0.46073457  0.86264215 -7.19589277 -0.98910017  0.96232852 -0.12433635]]
[[ 0.4608731   0.86238508 -7.19754781 -0.98873452  0.96147382 -0.12409724]]
[[ 0.45880727  0.86109941 -7.19765775 -0.98906552  0.96375276 -0.12489953]]
[[ 0.46156267  0.86303535 -7.19765542 -0.98820665  0.96214718 -0.12415787]]
[[ 0.46202569  0.86443235 -7.19554547 -0.98947978  0.96279719 -0.12433882]]
[[ 0.45953517  0.86212726 -7.1913066  -0.99224479  0.965236   -0.12467577]]
[[ 0.46508487  0.86106991 -7.19071679 -0.99216552  0.96291504 -0.12131659]]
[[ 0.46334673  0.86077905 -7.18937902 -0.9933969   0.96457574 -0.12215509]]
[[ 0.46358151  0.86261601 -7.18671643 -0.99405508  0.96574442 -0.12282164]]
[[ 0.46420545  0.86263719 -7.1873751  -0.99408185  0.96434884 -0.12232735]]
[[ 0.45683364  0.86499522 -7.18462524 -0.99532568  0.9672996  -0.12705482]]
[[ 0.45919211  0.86513987 -7.18263136 -0.99588658  0.9674449  -0.125897  ]]
[[ 0.45701963  0.86646162 -7.18103739 -0.9965292   0.9687812  -0.12753055]]
[[ 0.45584215  0.86498352 -7.17873358 -0.99771703  0.97054549 -0.12774574]]
[[ 0.46062907  0.86566484 -7.17725502 -0.99830448  0.97006836 -0.12556763]]
[[ 0.46114585  0.86683004 -7.17347036 -1.00015656  0.9709665  -0.12561704]]
[[ 0.45895336  0.8663565  -7.17148035 -1.00172081  0.97239056 -0.12653955]]
[[ 0.46056271  0.86632238 -7.17099369 -1.0016175   0.9719973  -0.12579021]]
[[ 0.45369019  0.86589756 -7.16979314 -1.00236791  0.97529657 -0.12928658]]
[[ 0.45708675  0.86500743 -7.1687409  -1.00294761  0.97333215 -0.12692573]]
[[ 0.46577522  0.87012729 -7.16830384 -0.99967237  0.96793895 -0.12432536]]
[[ 0.45204877  0.85917491 -7.17101356 -1.00650362  0.97543274 -0.12702316]]
[[ 0.46914727  0.85572666 -7.16772965 -1.01039589  0.9652977  -0.11556503]]
[[ 0.50053722  0.87468555 -7.16932372 -0.99461985  0.94282341 -0.10635268]]
[[ 0.45604563  0.86638193 -7.17022504 -1.00057455  0.97652626 -0.12867196]]
[[ 0.44139393  0.85848114 -7.16922444 -1.00863542  0.98759477 -0.13339604]]
[[ 0.46429478  0.86000545 -7.1669043  -1.00769752  0.97205882 -0.1208017 ]]
[[ 0.52573544  0.86929908 -7.16590606 -1.00023753  0.93229551 -0.08989707]]
[[ 0.52701351  0.86112922 -7.17014463 -1.00297054  0.92900864 -0.08540482]]
[[ 0.46414702  0.85803443 -7.16863009 -1.00680068  0.97153655 -0.12010266]]
[[ 0.42016056  0.86934659 -7.16543764 -1.00101247  1.00213758 -0.15061096]]
[[ 0.47453342  0.85680668 -7.16694951 -1.00994568  0.96476106 -0.11342911]]
[[ 0.45658994  0.8672557  -7.15954565 -1.00510813  0.98353387 -0.12930422]]
[[ 0.49567374  0.86729017 -7.16067445 -1.00447837  0.95590311 -0.10654344]]
[[ 0.48190617  0.85681089 -7.16149024 -1.01227892  0.96636076 -0.10980991]]
[[ 0.4602674   0.85827952 -7.15948446 -1.01297917  0.98071628 -0.12274193]]
[[ 0.47114849  0.86505149 -7.15779827 -1.00892643  0.97234881 -0.11942273]]
[[ 0.46579088  0.86601894 -7.15573212 -1.00960351  0.97650074 -0.12290892]]
[[ 0.47325672  0.8606773  -7.15729646 -1.01247948  0.97168995 -0.11625662]]
[[ 0.46257593  0.86139661 -7.15523577 -1.01243973  0.97901231 -0.12267213]]
[[ 0.47094823  0.86561521 -7.15496136 -1.01054637  0.97373217 -0.11971502]]
[[ 0.47057859  0.86616974 -7.15466244 -1.0109906   0.97467123 -0.12023649]]
[[ 0.47457532  0.86431722 -7.15444379 -1.01338682  0.97212218 -0.11687238]]
[[ 0.47125314  0.86286722 -7.15517147 -1.01371339  0.97464709 -0.11818908]]
[[ 0.47274756  0.86316741 -7.15633104 -1.01187557  0.97256154 -0.11746886]]
[[ 0.4821784   0.86817518 -7.15332135 -1.01071074  0.96786153 -0.11438174]]
[[ 0.4750144   0.86925178 -7.1487438  -1.01411976  0.97468117 -0.11882531]]
[[ 0.47165358  0.86434502 -7.14948358 -1.01539036  0.9756345  -0.11853734]]
[[ 0.46671504  0.8666833  -7.14583928 -1.01540206  0.98086606 -0.12251642]]
[[ 0.47245206  0.86590584 -7.14372721 -1.01682506  0.97777502 -0.11892144]]
[[ 0.47477924  0.86748689 -7.14137758 -1.01703642  0.97707093 -0.11830157]]
[[ 0.46994095  0.86645003 -7.13903141 -1.0190976   0.98183375 -0.12063645]]
[[ 0.47398491  0.87012196 -7.14058948 -1.01767945  0.97842488 -0.11972124]]
[[ 0.47645412  0.86721942 -7.14305143 -1.01868396  0.97456298 -0.11680253]]
[[ 0.47888954  0.86599445 -7.1410924  -1.02073862  0.97382192 -0.11488939]]
[[ 0.45237849  0.87095056 -7.13746321 -1.01911113  0.99422928 -0.13255517]]
[[ 0.46951314  0.86494996 -7.14134242 -1.02132542  0.98168103 -0.11999768]]
[[ 0.47644654  0.88114344 -7.13762892 -1.01161629  0.97704523 -0.12324504]]
[[ 0.45255461  0.87749367 -7.13183378 -1.01749332  0.99895204 -0.13589767]]
[[ 0.45142924  0.87142204 -7.13613771 -1.01935602  0.99770723 -0.13375913]]
[[ 0.47681345  0.86411261 -7.1391004  -1.02323824  0.97972361 -0.11573866]]
[[ 0.51110475  0.87157379 -7.1375582  -1.01736094  0.957309   -0.09958114]]
[[ 0.48574806  0.87109288 -7.1354043  -1.0200814   0.9757885  -0.11382209]]
[[ 0.46871736  0.86676389 -7.13723762 -1.02253227  0.98544267 -0.12147502]]
[[ 0.46698145  0.87433087 -7.13213824 -1.01990555  0.98757831 -0.1258404 ]]
[[ 0.46754641  0.87768755 -7.13176245 -1.01888722  0.98867475 -0.12711232]]
[[ 0.4813072   0.88010425 -7.13209205 -1.0174387   0.98049754 -0.12044333]]
[[ 0.47206409  0.87136525 -7.13323214 -1.02183565  0.98630808 -0.12180913]]
[[ 0.48044252  0.86691458 -7.13740869 -1.02142429  0.97960036 -0.11516536]]
[[ 0.4813011   0.86919984 -7.13722118 -1.02061227  0.97867596 -0.11554615]]
[[ 0.47937465  0.87414088 -7.13445068 -1.01776536  0.98133295 -0.11911501]]
[[ 0.48529661  0.87096107 -7.13328761 -1.02079566  0.97861724 -0.11433024]]
[[ 0.47718794  0.86813318 -7.13357719 -1.02229043  0.98386094 -0.11770562]]
[[ 0.47160691  0.86903155 -7.13367725 -1.02116927  0.98678485 -0.12132358]]
[[ 0.47753896  0.86644278 -7.13317894 -1.02288989  0.982613   -0.11664766]]
[[ 0.51155991  0.864771   -7.13724394 -1.02215972  0.9570882  -0.09614212]]
[[ 0.48357812  0.86925942 -7.1343246  -1.01968871  0.98018805 -0.11476934]]
[[ 0.4839459   0.86754703 -7.13530478 -1.0215506   0.97831911 -0.1135522 ]]
[[ 0.47873353  0.87083121 -7.13309172 -1.01993515  0.98320173 -0.11815928]]
[[ 0.48176844  0.87260013 -7.13378446 -1.01874901  0.98015926 -0.11710561]]
[[ 0.47869684  0.87076684 -7.13202048 -1.02250929  0.98348169 -0.11794899]]
[[ 0.47696869  0.87104891 -7.13131028 -1.0234246   0.98421054 -0.11882318]]
[[ 0.48338287  0.87526112 -7.13161083 -1.0226143   0.98048582 -0.11697305]]
[[ 0.47348786  0.8808368  -7.12855441 -1.01981077  0.99023026 -0.12548964]]
[[ 0.48020054  0.87959279 -7.13075468 -1.0186357   0.98416759 -0.12107409]]
[[ 0.47724158  0.88173687 -7.12763253 -1.01920368  0.98795031 -0.12390152]]
[[ 0.48450613  0.88027331 -7.12957264 -1.02057995  0.98092703 -0.11874835]]
[[ 0.47606709  0.87899386 -7.12889107 -1.02252965  0.9886275  -0.12313151]]
[[ 0.47932287  0.8790258  -7.12890017 -1.02224467  0.98527478 -0.12115589]]
[[ 0.48684153  0.8822628  -7.12784298 -1.02083643  0.97953907 -0.1180872 ]]
[[ 0.48073894  0.88193988 -7.1263516  -1.02237888  0.98589323 -0.12151835]]
[[ 0.48220101  0.87937747 -7.12983164 -1.02282376  0.98259039 -0.11930307]]
[[ 0.46177918  0.88680867 -7.12607809 -1.02021435  0.99800964 -0.13454983]]
[[ 0.49786278  0.87940291 -7.12996192 -1.02254599  0.9716972  -0.11029166]]
[[ 0.47070416  0.88446938 -7.12535248 -1.02186654  0.99519575 -0.12861826]]
[[ 0.49357017  0.88148979 -7.13180534 -1.02119485  0.97390033 -0.11358852]]
[[ 0.4866814   0.88594861 -7.12512047 -1.02323719  0.98368701 -0.11965672]]
[[ 0.48652902  0.8875922  -7.12321847 -1.02315898  0.98350736 -0.12044072]]
[[ 0.47735463  0.88410487 -7.12223515 -1.02449956  0.98983081 -0.12430922]]
[[ 0.4904598   0.89298355 -7.1245361  -1.01621414  0.97717403 -0.12079833]]
[[ 0.45892567  0.89231436 -7.11811915 -1.02180668  1.00436249 -0.13862709]]
[[ 0.51978555  0.87763354 -7.13310044 -1.01985598  0.95542325 -0.09711149]]
[[ 0.4794343   0.87434637 -7.12654847 -1.02661673  0.98838968 -0.11901063]]
[[ 0.49585729  0.86972694 -7.13007899 -1.02856674  0.97279558 -0.10688181]]
[[ 0.48825857  0.88152959 -7.12719454 -1.02063214  0.9784153  -0.11679578]]
[[ 0.47239663  0.88646208 -7.12353161 -1.01945803  0.98929393 -0.12794702]]
[[ 0.46852862  0.88061696 -7.12043412 -1.02611018  0.99486024 -0.12761842]]
[[ 0.4775233   0.87920949 -7.11966279 -1.0283235   0.98919199 -0.1218148 ]]
[[ 0.48172135  0.88265499 -7.11977716 -1.02586897  0.9863759  -0.1209467 ]]
[[ 0.47784797  0.88361955 -7.11776669 -1.02619284  0.99148128 -0.12383255]]
[[ 0.4831037   0.88278285 -7.12058918 -1.02377688  0.98636268 -0.12060158]]
[[ 0.47400831  0.88775708 -7.11756036 -1.02185929  0.99563753 -0.1284955 ]]
[[ 0.5309037   0.88206013 -7.12280963 -1.02184706  0.95520888 -0.09309721]]
[[ 0.51860981  0.86786267 -7.12756396 -1.02996943  0.96033535 -0.09338057]]
[[ 0.5214116   0.87749108 -7.1249368  -1.02493041  0.9548553  -0.09588865]]
[[ 0.49293683  0.86630043 -7.12210164 -1.03482475  0.98286781 -0.10767165]]
[[ 0.49814999  0.877255   -7.13265844 -1.01768028  0.97048827 -0.10964235]]
[[ 0.47487712  0.87281057 -7.12707136 -1.02629191  0.99003962 -0.12087558]]
[[ 0.49291605  0.8763393  -7.12246794 -1.02710018  0.98034477 -0.11212152]]
[[ 0.48824394  0.88004701 -7.12563183 -1.0222818   0.98180711 -0.11643769]]
[[ 0.47147664  0.88063421 -7.12869436 -1.02038153  0.99122885 -0.12641813]]
[[ 0.47324482  0.87556868 -7.12768576 -1.0242546   0.98876157 -0.12288172]]
[[ 0.48061942  0.87935204 -7.12625776 -1.02240535  0.98559177 -0.12060559]]
[[ 0.48985641  0.87615425 -7.13046098 -1.02183398  0.97694324 -0.11381107]]
[[ 0.47556969  0.87338341 -7.12517391 -1.02665867  0.99034782 -0.12097907]]
[[ 0.49563266  0.87791278 -7.12237108 -1.02434941  0.97679617 -0.11142549]]
[[ 0.48379504  0.87744301 -7.11903741 -1.02546703  0.98758186 -0.11839238]]
[[ 0.48107914  0.87264628 -7.12179137 -1.02731094  0.98641934 -0.11747906]]
[[ 0.48846829  0.86986274 -7.12180451 -1.02871382  0.98081825 -0.11180925]]
[[ 0.48797248  0.87496386 -7.11827497 -1.02680562  0.98399821 -0.1146707 ]]
[[ 0.49075468  0.87452118 -7.11906331 -1.02629628  0.98173317 -0.11287208]]
[[ 0.47782583  0.8717332  -7.11763488 -1.03015563  0.99188404 -0.11900648]]
[[ 0.48477922  0.87499754 -7.11879452 -1.02691411  0.98605005 -0.11646433]]
[[ 0.4835079   0.87522629 -7.11605767 -1.02835853  0.98756847 -0.11716085]]
[[ 0.48142753  0.87357376 -7.11671955 -1.0288119   0.98930599 -0.11772219]]
[[ 0.50050222  0.87644764 -7.11729743 -1.02615698  0.97529473 -0.1079921 ]]
[[ 0.48094627  0.87977796 -7.11250552 -1.02606981  0.99291445 -0.1212225 ]]
[[ 0.48082051  0.86663721 -7.11622858 -1.03509191  0.98842266 -0.11454224]]
[[ 0.46634326  0.87229159 -7.11752442 -1.02989447  0.99737087 -0.12561517]]
[[ 0.46897355  0.87672083 -7.11688566 -1.02536762  0.99419783 -0.12617509]]
[[ 0.47972106  0.87767178 -7.11673925 -1.0246913   0.98813151 -0.12065415]]
[[ 0.47237751  0.8723476  -7.12017901 -1.0268011   0.99201386 -0.12236921]]
[[ 0.46972221  0.86969205 -7.11961146 -1.02890385  0.99448514 -0.12267135]]
[[ 0.46407127  0.87380216 -7.11906545 -1.02708322  0.99832575 -0.12768227]]
[[ 0.47658279  0.87434818 -7.12068574 -1.02479955  0.98835728 -0.12073252]]
[[ 0.4751619   0.87067075 -7.11977346 -1.02604137  0.9899398  -0.12017948]]
[[ 0.47471032  0.86372374 -7.12029437 -1.02958038  0.98985476 -0.11731062]]
[[ 0.47448609  0.8660943  -7.11865378 -1.0295057   0.99092108 -0.11847834]]
[[ 0.4786199   0.86674126 -7.11847411 -1.02811249  0.98710132 -0.11633966]]
[[ 0.47908536  0.86946022 -7.11758321 -1.02796374  0.98660012 -0.11714173]]
[[ 0.47328927  0.86635649 -7.11991734 -1.02876278  0.98871057 -0.11892046]]
[[ 0.47064024  0.86784297 -7.11873489 -1.02865598  0.99118371 -0.12110389]]
[[ 0.47495344  0.86628557 -7.12018733 -1.02752997  0.98916292 -0.11827992]]
[[ 0.47817239  0.86758025 -7.11898623 -1.02723241  0.98782651 -0.11712803]]
[[ 0.478453    0.86611531 -7.11817674 -1.02962824  0.98920177 -0.11630892]]
[[ 0.47751028  0.86594632 -7.11770957 -1.02998488  0.98952308 -0.11668801]]
[[ 0.47869985  0.86708802 -7.11858922 -1.02891193  0.98904876 -0.11659789]]
[[ 0.47718225  0.86651286 -7.11929052 -1.02891898  0.98827968 -0.11704186]]
[[ 0.47352608  0.86727527 -7.11933535 -1.02761122  0.98973181 -0.1195089 ]]
[[ 0.47409528  0.86626587 -7.11928889 -1.02785947  0.9885475  -0.11869596]]
[[ 0.47315974  0.86565429 -7.12000214 -1.0287571   0.98821381 -0.11881923]]
[[ 0.47256919  0.86518048 -7.11880338 -1.03021799  0.98893122 -0.11884368]]
[[ 0.47264488  0.86515393 -7.11629167 -1.03076494  0.9893428  -0.11881406]]
[[ 0.47578809  0.86606678 -7.11649903 -1.02957632  0.98798889 -0.11753724]]
[[ 0.47256427  0.86460868 -7.11436146 -1.03145808  0.99168481 -0.11885074]]
[[ 0.47352772  0.86171126 -7.1151937  -1.03261459  0.9901987  -0.11694807]]
[[ 0.47410436  0.86672772 -7.11528562 -1.02938464  0.98985623 -0.11890203]]
[[ 0.47570317  0.86742089 -7.11716855 -1.02950963  0.98726927 -0.11794159]]
[[ 0.45755974  0.86546368 -7.11365904 -1.0322559   1.0021527  -0.12774391]]
[[ 0.47400468  0.86347863 -7.1159355  -1.03257953  0.98839496 -0.11700276]]
[[ 0.46709236  0.86800223 -7.11388034 -1.03021177  0.99543099 -0.12338568]]
[[ 0.4778148   0.86855237 -7.11469275 -1.03048556  0.98754738 -0.11725523]]
[[ 0.47254116  0.86891948 -7.11318156 -1.03091726  0.99248596 -0.12054634]]
[[ 0.47214041  0.87014869 -7.11270812 -1.02974084  0.99314342 -0.12143566]]
[[ 0.48770116  0.86296099 -7.11419803 -1.03471236  0.98130924 -0.10885256]]
[[ 0.47238887  0.86893613 -7.10956061 -1.03312334  0.99571823 -0.12071727]]
[[ 0.48558142  0.86160461 -7.11260496 -1.03668927  0.98389129 -0.10949446]]
[[ 0.47093354  0.86861582 -7.10588525 -1.03543496  0.9987286  -0.12158758]]
[[ 0.48912886  0.86713727 -7.10724805 -1.03406294  0.98401667 -0.11041433]]
[[ 0.47954649  0.86562583 -7.10588912 -1.03525349  0.99256664 -0.11545039]]
[[ 0.48575707  0.85963156 -7.1054599  -1.03897673  0.98845806 -0.10905712]]
[[ 0.47620729  0.86382091 -7.10728626 -1.03574569  0.99281991 -0.1163496 ]]
[[ 0.46513848  0.86356382 -7.10484455 -1.03753405  1.00197557 -0.12260658]]
[[ 0.47430997  0.86677884 -7.10383773 -1.03544563  0.99492807 -0.1186551 ]]
[[ 0.4735568   0.86595328 -7.10561723 -1.03382885  0.99404934 -0.11871061]]
[[ 0.47221482  0.86268986 -7.10565025 -1.03560423  0.99543866 -0.11809168]]
[[ 0.47047346  0.86030743 -7.10424582 -1.03847851  0.99624717 -0.11776386]]
[[ 0.47236206  0.86084138 -7.10127981 -1.04035917  0.99591249 -0.11671617]]
[[ 0.47486514  0.86517864 -7.09991499 -1.03878991  0.9948533  -0.1171487 ]]
[[ 0.47359601  0.86498813 -7.09961622 -1.03879427  0.99610187 -0.11791452]]
[[ 0.47097986  0.86744542 -7.09532078 -1.03971705  1.00069671 -0.12066825]]
[[ 0.47265307  0.86591215 -7.09405718 -1.04077347  0.9998286  -0.11906256]]
[[ 0.47617033  0.86349733 -7.09193431 -1.04297052  0.9990993  -0.1161791 ]]
[[ 0.47503395  0.86380984 -7.0910166  -1.04368848  0.99996735 -0.1169642 ]]
[[ 0.47223179  0.8671456  -7.0908521  -1.04315807  1.00280712 -0.12000244]]
[[ 0.47497585  0.86666225 -7.09184183 -1.04185824  0.99934497 -0.11813401]]
[[ 0.47380734  0.86491079 -7.09051677 -1.04320111  1.0004507  -0.11803755]]
[[ 0.46806186  0.86055966 -7.09021562 -1.04449339  1.00390168 -0.11947809]]
[[ 0.47426015  0.85872005 -7.09288261 -1.04388049  0.99853153 -0.11517867]]
[[ 0.47019114  0.86192785 -7.09119986 -1.04267131  1.00243039 -0.11904431]]
[[ 0.46918147  0.86192944 -7.08934558 -1.04282311  1.00468427 -0.11985798]]
[[ 0.466075    0.85936363 -7.08712313 -1.04639147  1.007022   -0.12035305]]
[[ 0.46928164  0.85923653 -7.08468549 -1.04740234  1.00639518 -0.11857733]]
[[ 0.47211684  0.86278404 -7.08427532 -1.04523561  1.00477429 -0.11865228]]
[[ 0.47278798  0.86193298 -7.08668799 -1.04478686  1.00436729 -0.11801132]]
[[ 0.47091775  0.85977569 -7.08597216 -1.04639934  1.00639952 -0.11819213]]
[[ 0.47482286  0.86032567 -7.0834987  -1.04800063  1.00535692 -0.11614441]]
[[ 0.48111486  0.86335461 -7.08346645 -1.04694698  1.00092311 -0.11377054]]
[[ 0.47641114  0.86378787 -7.08098951 -1.04840686  1.00615312 -0.11674657]]
[[ 0.47368341  0.86263385 -7.07850257 -1.05105267  1.00762151 -0.11755475]]
[[ 0.47714917  0.86397927 -7.07504609 -1.05171722  1.00806795 -0.11632587]]
[[ 0.48284231  0.86726054 -7.07469455 -1.05032586  1.00455394 -0.11448503]]
[[ 0.48045879  0.86554202 -7.07357539 -1.05203495  1.00736959 -0.11513653]]
[[ 0.483854    0.86555748 -7.07034232 -1.05440617  1.00587629 -0.11298224]]
[[ 0.48594998  0.86579984 -7.07025305 -1.05443848  1.00377312 -0.11177104]]
[[ 0.47659215  0.86525484 -7.06780908 -1.05735413  1.01102585 -0.1167809 ]]
[[ 0.48778575  0.87263769 -7.06757899 -1.05107401  1.00449142 -0.11400686]]
[[ 0.4947012   0.87218213 -7.06646719 -1.05403592  1.0000609  -0.10941335]]
[[ 0.50382536  0.87765991 -7.06588612 -1.05068575  0.99576241 -0.10694186]]
[[ 0.50546487  0.85774006 -7.07351849 -1.05900335  0.99236141 -0.09712936]]
[[ 0.48418594  0.86055749 -7.07386709 -1.05952955  1.00345286 -0.10990229]]
[[ 0.48880067  0.8842111  -7.07132461 -1.04474321  0.99865368 -0.11767089]]
[[ 0.46965999  0.88552085 -7.06538317 -1.04784795  1.01635482 -0.12958571]]
[[ 0.45343694  0.87967856 -7.06548637 -1.05242566  1.02661657 -0.13602679]]
[[ 0.45814038  0.88618726 -7.06546985 -1.04809644  1.02435101 -0.13640867]]
[[ 0.48014679  0.88865087 -7.06656565 -1.04537874  1.00736912 -0.12475311]]
[[ 0.47240889  0.8871533  -7.06311279 -1.04855684  1.01564715 -0.12871853]]
[[ 0.47042928  0.8809601  -7.06222302 -1.05276945  1.0166811  -0.12698321]]
[[ 0.47848673  0.88552063 -7.06186973 -1.04897881  1.01124389 -0.12445065]]
[[ 0.47901194  0.88633785 -7.06117112 -1.04813221  1.01231898 -0.12470943]]
[[ 0.47260552  0.87657072 -7.06020485 -1.05568296  1.01703423 -0.12391761]]
[[ 0.48579224  0.87924512 -7.06159487 -1.05265958  1.00854466 -0.11770786]]
[[ 0.49630715  0.8851247  -7.06092633 -1.04844279  1.00094209 -0.11434931]]
[[ 0.50571363  0.87704852 -7.057296   -1.05778235  0.99807683 -0.10516855]]
[[ 0.51150484  0.8986277  -7.05806115 -1.04041889  0.99119643 -0.11161396]]
[[ 0.47876522  0.88133419 -7.0605357  -1.05139356  1.01319378 -0.12258607]]
[[ 0.44156849  0.87163833 -7.05823507 -1.05989003  1.03834743 -0.1393826 ]]
[[ 0.45679722  0.88111884 -7.0558658  -1.05352274  1.0291403  -0.13522079]]
[[ 0.47573279  0.89270178 -7.05578028 -1.0464724   1.0159634  -0.12953566]]
[[ 0.45530181  0.88123373 -7.05801717 -1.05380065  1.03083547 -0.13633375]]
[[ 0.4569433   0.87332614 -7.05915405 -1.05776277  1.02637464 -0.13137203]]
[[ 0.46802078  0.88429387 -7.05347018 -1.05363422  1.02203589 -0.13006959]]
[[ 0.48245363  0.8896513  -7.05365854 -1.05037083  1.01373168 -0.12435094]]
[[ 0.44685564  0.88855917 -7.04791425 -1.05478917  1.04072433 -0.14445474]]
[[ 0.43459586  0.90349279 -7.03450815 -1.05335466  1.05408332 -0.15806293]]
[[ 0.42490439  0.90005871 -7.04861586 -1.04703637  1.0559297  -0.16238872]]
[[ 0.48024181  0.87848462 -7.05488433 -1.05649453  1.01808244 -0.12094384]]
[[ 0.51696621  0.86877332 -7.06067707 -1.0629464   0.98920445 -0.09470168]]
[[ 0.49987904  0.87756352 -7.05483324 -1.05977078  1.00518305 -0.10901481]]
[[ 0.48768981  0.88105314 -7.05573717 -1.05796569  1.0108958  -0.11722561]]
[[ 0.48556502  0.88125028 -7.05313789 -1.05941452  1.01350513 -0.118593  ]]
[[ 0.47894721  0.88315434 -7.04973026 -1.05995056  1.02172135 -0.12362553]]
[[ 0.48761343  0.87304978 -7.05188237 -1.06558094  1.01443774 -0.11395842]]
[[ 0.4959696   0.87630715 -7.05009938 -1.06404347  1.01075856 -0.11073984]]
[[ 0.50180698  0.88026906 -7.04987644 -1.06108751  1.00718713 -0.10929981]]
[[ 0.50011135  0.87916029 -7.04892567 -1.06262025  1.00847688 -0.10964178]]
[[ 0.49141938  0.87885907 -7.04600123 -1.06446048  1.01433371 -0.11437671]]
[[ 0.49078272  0.8763981  -7.04761531 -1.0645899   1.01459284 -0.11376037]]
[[ 0.49562073  0.87829496 -7.04564127 -1.06447253  1.01029484 -0.11158076]]
[[ 0.49005355  0.8788705  -7.04216857 -1.06580177  1.01603001 -0.11515253]]
[[ 0.49179295  0.87645413 -7.04429324 -1.06578201  1.01402861 -0.11307133]]
[[ 0.48302453  0.87495607 -7.04513272 -1.06597374  1.01882101 -0.11741621]]
[[ 0.4911351   0.87501135 -7.04673741 -1.06427574  1.012834   -0.11285687]]
[[ 0.49244016  0.87600146 -7.04388781 -1.06475184  1.01269414 -0.1125006 ]]
[[ 0.49298195  0.87611556 -7.04090006 -1.06721569  1.01391318 -0.11219004]]
[[ 0.48990922  0.87647235 -7.03752273 -1.06965534  1.01719278 -0.11401891]]
[[ 0.4913273   0.87560492 -7.03714891 -1.06893621  1.01641307 -0.11290892]]
[[ 0.49288239  0.87745916 -7.03730451 -1.06814687  1.01472496 -0.11273229]]
[[ 0.49210466  0.87716679 -7.03584547 -1.06945006  1.01673256 -0.11305735]]
[[ 0.48936463  0.87848062 -7.03838318 -1.06711446  1.01743634 -0.11530606]]
[[ 0.48997209  0.87925127 -7.03765391 -1.06783257  1.01768444 -0.115258  ]]
[[ 0.49045367  0.88122579 -7.03732164 -1.06759585  1.01720894 -0.11574491]]
[[ 0.48745413  0.87899975 -7.03173979 -1.07212752  1.02135812 -0.11639491]]
[[ 0.48998607  0.87981515 -7.03136305 -1.07152651  1.01910428 -0.11523164]]
[[ 0.49210058  0.8804892  -7.03133344 -1.07157211  1.01946814 -0.11453078]]
[[ 0.49147822  0.88030574 -7.03173872 -1.07127937  1.01989232 -0.1149064 ]]
[[ 0.49555109  0.88303369 -7.03177387 -1.07057437  1.01770359 -0.11373555]]
[[ 0.49479573  0.88480982 -7.02900802 -1.07135613  1.01828135 -0.11471735]]
[[ 0.49442059  0.88383095 -7.02737525 -1.07314103  1.01897482 -0.11442525]]
[[ 0.48942149  0.88202423 -7.02442044 -1.07546779  1.02306007 -0.11648116]]
[[ 0.48722912  0.88348831 -7.02147593 -1.07572033  1.02449104 -0.11825667]]
[[ 0.49498878  0.88384546 -7.01965871 -1.07620493  1.02202024 -0.11424303]]
[[ 0.49354143  0.8864057  -7.01906472 -1.07650098  1.02424231 -0.11613726]]
[[ 0.49425767  0.88572985 -7.01856189 -1.07687835  1.02427397 -0.1154683 ]]
[[ 0.49811534  0.88514602 -7.014708   -1.07806348  1.02469476 -0.1133153 ]]
[[ 0.49901883  0.88400608 -7.01323201 -1.07973579  1.02576043 -0.1124146 ]]
[[ 0.49774734  0.88428464 -7.01094132 -1.08145974  1.02715986 -0.11316251]]
[[ 0.49981715  0.88699545 -7.01122655 -1.0804648   1.02536038 -0.11313277]]
[[ 0.49822815  0.8858202  -7.01161002 -1.08030626  1.02630522 -0.11350102]]
[[ 0.49572562  0.88732632 -7.01009709 -1.08030308  1.02790261 -0.11552565]]
[[ 0.49860005  0.88256516 -7.01242771 -1.08076952  1.02483082 -0.11191432]]
[[ 0.49115398  0.88266179 -7.01094331 -1.08119317  1.03115627 -0.11633386]]
[[ 0.49756132  0.88282309 -7.00963395 -1.08165012  1.02637281 -0.11250954]]
[[ 0.49900973  0.88392115 -7.00726168 -1.08192898  1.02631019 -0.11218874]]
[[ 0.49841476  0.88267938 -7.0053305  -1.08414958  1.02746874 -0.11193799]]
[[ 0.49962864  0.88344198 -7.00319079 -1.08512433  1.02855376 -0.11167496]]
[[ 0.50208018  0.88556649 -7.00132232 -1.08650772  1.02552097 -0.11080595]]
[[ 0.49528548  0.8882045  -6.99809712 -1.08673494  1.03254716 -0.1160355 ]]
[[ 0.50007822  0.8876371  -6.995615   -1.08838475  1.02998316 -0.11292201]]
[[ 0.49124162  0.88831012 -6.99216407 -1.08982586  1.03570753 -0.11809811]]
[[ 0.49633325  0.88948162 -6.9918383  -1.08979414  1.03206585 -0.11559569]]
[[ 0.49308816  0.88955585 -6.98822869 -1.09223862  1.03621851 -0.11746232]]
[[ 0.49454088  0.89082384 -6.99064844 -1.09028139  1.03400379 -0.11720965]]
[[ 0.48956252  0.89166325 -6.99013713 -1.0899707   1.03770486 -0.1204774 ]]
[[ 0.49051129  0.89022043 -6.99103695 -1.09007431  1.0363597  -0.11924624]]
[[ 0.49490723  0.89179064 -6.98980702 -1.0904754   1.03344483 -0.11726071]]
[[ 0.49316551  0.89316381 -6.98902345 -1.09079724  1.03496809 -0.11881429]]
[[ 0.4945683   0.89349212 -6.98941383 -1.09055268  1.03454032 -0.11821846]]
[[ 0.49321742  0.89510857 -6.98987626 -1.08964475  1.03616999 -0.11987018]]
[[ 0.49739223  0.89556399 -6.98868786 -1.09026419  1.03439951 -0.11773997]]
[[ 0.49736197  0.89408439 -6.9879306  -1.0918918   1.03516778 -0.11701975]]
[[ 0.49757732  0.8928362  -6.98801297 -1.09169474  1.03510574 -0.11646291]]
[[ 0.49615145  0.89392241 -6.9879777  -1.0910503   1.03708684 -0.11792522]]
[[ 0.49834085  0.89466038 -6.98510103 -1.09190041  1.03674656 -0.1170189 ]]
[[ 0.49995642  0.89556248 -6.98174011 -1.09369218  1.03854348 -0.11662124]]
[[ 0.50132586  0.89387464 -6.98178531 -1.09426397  1.03790428 -0.11516239]]
[[ 0.50379209  0.89500395 -6.98261956 -1.09286652  1.03567591 -0.11427189]]
[[ 0.50875887  0.89522659 -6.98350758 -1.09329267  1.03361306 -0.11157922]]
[[ 0.5062495   0.89604605 -6.9832658  -1.09404247  1.03557667 -0.11329775]]
[[ 0.50198739  0.90044986 -6.98322441 -1.09266166  1.03748337 -0.11746735]]
[[ 0.50723851  0.89791576 -6.98373547 -1.09220161  1.03324068 -0.11345301]]
[[ 0.50377531  0.8971421  -6.98141492 -1.093567    1.03643721 -0.11505405]]
[[ 0.50623517  0.89464606 -6.98328731 -1.09386003  1.03492441 -0.11267388]]
[[ 0.50425267  0.89772408 -6.98120673 -1.09399326  1.03786973 -0.11510533]]
[[ 0.5068913   0.89719445 -6.98212754 -1.09315054  1.03585253 -0.11348022]]
[[ 0.50340476  0.8957074  -6.98110011 -1.09399498  1.03970989 -0.11508764]]
[[ 0.50952048  0.89637275 -6.98104375 -1.09434412  1.03545123 -0.11170471]]
[[ 0.50536917  0.89775785 -6.98214744 -1.09162082  1.03829292 -0.1149727 ]]
[[ 0.50420225  0.89798719 -6.9841233  -1.09178378  1.03688342 -0.11545255]]
[[ 0.50132857  0.89858093 -6.98382853 -1.09116899  1.03891243 -0.11742597]]
[[ 0.50045897  0.89639298 -6.98711698 -1.09059193  1.03609626 -0.11669612]]
[[ 0.50059388  0.89853169 -6.98784517 -1.09036967  1.03483993 -0.11725624]]
[[ 0.4963764   0.89600863 -6.98974951 -1.09012995  1.03645953 -0.11856607]]
[[ 0.49648647  0.89739806 -6.99240439 -1.0876652   1.03582574 -0.11922459]]
[[ 0.49716743  0.89990983 -6.99322422 -1.08641708  1.03493338 -0.11989585]]
[[ 0.4994634   0.89868978 -6.9946314  -1.08675976  1.03267619 -0.11803836]]
[[ 0.49812631  0.8961033  -6.99514326 -1.08654069  1.03315478 -0.11770598]]
[[ 0.49699077  0.8958139  -6.99857597 -1.08598079  1.03256775 -0.11813811]]
[[ 0.49656991  0.8974277  -6.99694248 -1.08638313  1.03407357 -0.11917773]]
[[ 0.49772475  0.89781077 -6.99776026 -1.0853896   1.03237857 -0.11863334]]
[[ 0.49464299  0.89840184 -6.99569563 -1.08629788  1.03633635 -0.12069219]]
[[ 0.50619601  0.8982131  -6.99856395 -1.08582284  1.02727351 -0.11388719]]
[[ 0.50183403  0.90129884 -6.99831998 -1.08475478  1.03014509 -0.11771954]]
[[ 0.50033932  0.8986392  -7.00130154 -1.08433387  1.0302751  -0.11745957]]
[[ 0.49453935  0.89691592 -6.99977874 -1.08542441  1.03599038 -0.12029259]]
[[ 0.5064067   0.89479548 -7.00148155 -1.08631622  1.02636598 -0.1122762 ]]
[[ 0.50817127  0.89923899 -6.99951913 -1.08260115  1.02755658 -0.11370558]]
[[ 0.51023582  0.89597196 -6.99995651 -1.08496081  1.02452835 -0.11076626]]
[[ 0.50061817  0.89630459 -6.99724888 -1.08703367  1.03328513 -0.11651528]]
[[ 0.51164069  0.89700214 -6.99939428 -1.08506965  1.02523162 -0.11053742]]
[[ 0.50184975  0.89616967 -6.99743872 -1.08615379  1.03397597 -0.11606252]]
[[ 0.50506091  0.89538193 -6.9999268  -1.0846394   1.02971129 -0.11382683]]
[[ 0.50008827  0.89630696 -6.99939492 -1.08515287  1.03311323 -0.11699951]]
[[ 0.50602666  0.89401276 -7.00008434 -1.08534524  1.02732233 -0.11244269]]
[[ 0.50413723  0.89541624 -6.99932696 -1.08556134  1.03133856 -0.11441163]]
[[ 0.51394028  0.89674224 -6.99899721 -1.08430527  1.02591543 -0.10959673]]
[[ 0.50630985  0.89322378 -6.99887298 -1.08574557  1.03092588 -0.11246035]]
[[ 0.50459682  0.89094188 -6.99780945 -1.08703841  1.03105826 -0.11232362]]
[[ 0.50641301  0.89187689 -6.99486332 -1.08855177  1.03188685 -0.11172864]]
[[ 0.50598569  0.89376522 -6.99616287 -1.08706861  1.03014542 -0.11253595]]
[[ 0.50062323  0.89605936 -6.99305221 -1.08811731  1.03547039 -0.11664208]]
[[ 0.51212138  0.89385334 -6.9989138  -1.08511106  1.02507784 -0.10914607]]
[[ 0.5013828   0.8958354  -6.9962424  -1.08586474  1.03223657 -0.11603893]]
[[ 0.50457304  0.89062242 -7.00098321 -1.08517872  1.02797068 -0.11192762]]
[[ 0.50270267  0.89021484 -6.99998719 -1.08604397  1.03072217 -0.11297153]]
[[ 0.50533139  0.89142405 -6.99987539 -1.08527146  1.029229   -0.11205393]]
[[ 0.50360869  0.89312575 -7.00229806 -1.08369657  1.02989678 -0.11384392]]
[[ 0.50263239  0.89301371 -7.00221279 -1.08424762  1.03105527 -0.11438586]]
[[ 0.50577247  0.89534093 -7.00247272 -1.08318029  1.02881437 -0.11356535]]
[[ 0.50526091  0.89590588 -7.00257963 -1.08348687  1.03006393 -0.11412319]]
[[ 0.50477477  0.89668856 -7.00253135 -1.0831065   1.03031637 -0.11474873]]
[[ 0.50265929  0.89497657 -7.0014447  -1.08297313  1.03182947 -0.11540872]]
[[ 0.50488182  0.89504284 -7.00253682 -1.08345528  1.02990671 -0.11403264]]
[[ 0.50688507  0.89392162 -7.00261908 -1.08442106  1.02821854 -0.11231474]]
[[ 0.50563857  0.89884814 -7.00226266 -1.08303373  1.02895473 -0.11504192]]
[[ 0.50079331  0.89594997 -7.0014008  -1.08490612  1.03201642 -0.11646306]]
[[ 0.50696771  0.89562417 -7.00188927 -1.08448009  1.0277829  -0.11277629]]
[[ 0.50688575  0.90021258 -6.99967766 -1.08238468  1.02967935 -0.11498578]]
[[ 0.50928537  0.89786556 -7.00049885 -1.08335691  1.02884828 -0.11274621]]
[[ 0.50685435  0.8961312  -6.99895672 -1.08619384  1.03045961 -0.11316973]]
[[ 0.50807085  0.89530684 -6.99646394 -1.08669849  1.03199184 -0.11246653]]
[[ 0.50722144  0.89841718 -6.99431427 -1.08616307  1.03248376 -0.1141916 ]]
[[ 0.50803365  0.89990163 -6.9923805  -1.0869834   1.03282218 -0.11436957]]
[[ 0.50318366  0.89821378 -6.99176846 -1.08813138  1.03602063 -0.11637305]]
[[ 0.5053747   0.89850826 -6.98935792 -1.08907135  1.03495411 -0.11508966]]
[[ 0.50092357  0.89629785 -6.99227823 -1.08860233  1.03690612 -0.11668091]]
[[ 0.49995992  0.89914411 -6.98846179 -1.08857151  1.03767604 -0.11842291]]
[[ 0.50366422  0.89565143 -6.98812698 -1.09038347  1.03532607 -0.11472281]]
[[ 0.50396217  0.89498234 -6.98768442 -1.09048025  1.03611936 -0.11446958]]
[[ 0.5070634   0.8923077  -6.98653398 -1.09162492  1.03462561 -0.1116555 ]]
[[ 0.50867571  0.89082483 -6.98459533 -1.09284461  1.03500775 -0.11019578]]
[[ 0.50608949  0.89121757 -6.98299272 -1.09384278  1.03749436 -0.11187185]]
[[ 0.5055316   0.89035502 -6.98307588 -1.09376992  1.03679662 -0.11166189]]
[[ 0.50486684  0.89204201 -6.98363157 -1.09309572  1.03701957 -0.11273161]]
[[ 0.50603824  0.89163763 -6.98281302 -1.09341157  1.03676415 -0.11191561]]
[[ 0.50485765  0.89281832 -6.98191462 -1.09377327  1.03754046 -0.11301482]]
[[ 0.5022022   0.89453014 -6.9790676  -1.09464473  1.04060365 -0.11528914]]
[[ 0.5070128   0.89194723 -6.97788983 -1.09534414  1.03821851 -0.11159148]]
[[ 0.50121841  0.89250361 -6.97601405 -1.09647942  1.04227091 -0.11500249]]
[[ 0.50444571  0.89112448 -6.9760174  -1.09689399  1.03974382 -0.11250032]]
[[ 0.40722319  0.99597799 -7.13645834 -0.99855577  1.00757469 -0.20062878]]
[[ 0.42232263  1.01525224 -7.07226243 -1.00263568  1.03320089 -0.20527123]]
[[ 0.45153427  0.9713593  -7.03677777 -1.03923644  1.03340545 -0.17158036]]
[[ 0.46130756  0.9393111  -7.01104854 -1.0672701   1.04249454 -0.15353013]]
[[ 0.47774352  0.92826697 -7.00091289 -1.07244066  1.03870337 -0.14082294]]
[[ 0.48722668  0.91690663 -6.98962809 -1.08124684  1.04050028 -0.13164474]]
[[ 0.49243056  0.90650837 -6.98459515 -1.08932003  1.03954553 -0.12433562]]
[[ 0.49366581  0.89960519 -6.97951036 -1.09413777  1.04234947 -0.12111616]]
[[ 0.50313621  0.89928728 -6.97585132 -1.09395996  1.03874126 -0.11606758]]
[[ 0.50308488  0.89637102 -6.97278291 -1.09734233  1.04045654 -0.11491396]]
[[ 0.50064559  0.89421792 -6.97108716 -1.09927587  1.04421594 -0.11569928]]
[[ 0.50480165  0.89340744 -6.97197803 -1.09935519  1.0406835  -0.1128955 ]]
[[ 0.50459311  0.89156252 -6.9693109  -1.10121907  1.04157239 -0.11221433]]
[[ 0.50830846  0.89290218 -6.96617076 -1.10216244  1.04207835 -0.11092387]]
[[ 0.50988101  0.89267885 -6.96392206 -1.10276075  1.04317554 -0.11012884]]
[[ 0.50505078  0.89191285 -6.96220372 -1.1041134   1.04892314 -0.11279647]]
[[ 0.5120696   0.89523821 -6.96060888 -1.10352003  1.04430769 -0.11015913]]
[[ 0.50477508  0.89428946 -6.96117183 -1.10462293  1.0504535  -0.11402091]]
[[ 0.50553749  0.8950995  -6.96272353 -1.10309124  1.04857452 -0.11388831]]
[[ 0.51028725  0.89521277 -6.96415879 -1.102042    1.04498856 -0.11132464]]
[[ 0.5138408   0.89272495 -6.96558319 -1.10281765  1.04356238 -0.10830351]]
[[ 0.51285705  0.88985931 -6.97001031 -1.10091546  1.04212256 -0.10772635]]
[[ 0.51483799  0.89243536 -6.97028438 -1.09947412  1.0409962  -0.10773885]]
[[ 0.514068    0.88937749 -6.96970663 -1.1006348   1.04195041 -0.10694478]]
[[ 0.51637325  0.88976163 -6.9690908  -1.10010742  1.04157367 -0.10593704]]
[[ 0.5179098   0.88588737 -6.97133059 -1.10091544  1.040252   -0.10347138]]
[[ 0.51342195  0.88618865 -6.97047947 -1.10132712  1.04212652 -0.10597288]]
[[ 0.51379407  0.88539676 -6.97097743 -1.09989742  1.04130149 -0.10559122]]
[[ 0.51618547  0.88392708 -6.97172041 -1.10008187  1.03938044 -0.10358975]]
[[ 0.51147641  0.88465174 -6.97134408 -1.10092452  1.04198756 -0.10639394]]
[[ 0.51371683  0.88394783 -6.97381883 -1.09975298  1.0404579  -0.10497516]]
[[ 0.51413214  0.88695619 -6.97316155 -1.09910336  1.03965059 -0.10587703]]
[[ 0.51310067  0.88789232 -6.97328653 -1.09990147  1.04046177 -0.10676809]]
[[ 0.5102508   0.88758621 -6.97500336 -1.0984469   1.04107936 -0.10824625]]
[[ 0.50921615  0.88547862 -6.97742545 -1.09714113  1.03975969 -0.10792898]]
[[ 0.51077093  0.8850402  -6.97666697 -1.09771948  1.0397049  -0.10696844]]
[[ 0.51043063  0.88350052 -6.97660028 -1.09860991  1.04103322 -0.1066351 ]]
[[ 0.51043988  0.88473592 -6.97594613 -1.09765358  1.04095179 -0.10718067]]
[[ 0.51718669  0.88354645 -6.97728146 -1.09743351  1.03686534 -0.10290219]]
[[ 0.51313237  0.88141706 -6.97561805 -1.10002336  1.04199983 -0.10448884]]
[[ 0.52208025  0.88222248 -6.97486838 -1.09948158  1.0381292  -0.10009044]]
[[ 0.52462953  0.88323128 -6.97374498 -1.09950844  1.03765476 -0.09909523]]
[[ 0.52486597  0.88624182 -6.97060624 -1.10033757  1.0395566  -0.10035111]]
[[ 0.52464073  0.88476919 -6.97148854 -1.10109523  1.03951004 -0.09980226]]
[[ 0.52018588  0.88335684 -6.97290193 -1.1008987   1.04015364 -0.10158616]]
[[ 0.51921609  0.88629006 -6.97306739 -1.09938277  1.04099898 -0.10347916]]
[[ 0.52271913  0.88651881 -6.97435011 -1.0987456   1.03851163 -0.10155047]]
[[ 0.52470537  0.88691499 -6.9728225  -1.09969802  1.03858756 -0.10067439]]
[[ 0.52251573  0.88518303 -6.97531276 -1.09898401  1.03854743 -0.10117645]]
[[ 0.5228262   0.88575592 -6.976339   -1.09852807  1.03677897 -0.10104139]]
[[ 0.51987685  0.88825476 -6.97586125 -1.09833149  1.03900303 -0.10375146]]
[[ 0.52335675  0.88950944 -6.97701748 -1.09688564  1.03618122 -0.10236752]]
[[ 0.51863074  0.88930997 -6.97429836 -1.09876282  1.03966852 -0.10481256]]
[[ 0.51303965  0.91439263 -6.98220866 -1.08610707  1.03791706 -0.11790437]]
[[ 0.51987319  0.91657317 -7.00251506 -1.07395516  1.02683364 -0.11440905]]
[[ 0.55117957  0.89184825 -7.02691115 -1.06983302  1.0037632  -0.08629147]]
[[ 0.5378457   0.89367325 -7.00999602 -1.07739542  1.01837644 -0.09528011]]
[[ 0.54019095  0.89197727 -6.9971634  -1.08630618  1.02074594 -0.09322007]]
[[ 0.53255883  0.88784829 -6.9889222  -1.09170197  1.02844842 -0.09612445]]
[[ 0.5318936   0.88775441 -6.98685388 -1.09417032  1.03010124 -0.09648267]]
[[ 0.52882389  0.89251594 -6.98100015 -1.09286797  1.03446045 -0.10064429]]
[[ 0.52572889  0.89007018 -6.97525536 -1.09740003  1.03965353 -0.1014868 ]]
[[ 0.52863856  0.89311693 -6.97644587 -1.09635991  1.03557883 -0.10090324]]
[[ 0.52278513  0.89522609 -6.97656833 -1.09581927  1.04077262 -0.10545253]]
[[ 0.52246017  0.89606184 -6.9773734  -1.09412589  1.03966813 -0.1061349 ]]
[[ 0.5273615   0.89097192 -6.97982964 -1.09691084  1.0350853  -0.10071837]]
[[ 0.5286079   0.88992539 -6.97734606 -1.09891586  1.03445023 -0.09941147]]
[[ 0.52011431  0.89392114 -6.97784642 -1.09562224  1.03976102 -0.10624843]]
[[ 0.52644319  0.89336082 -6.98128487 -1.09328173  1.0343238  -0.10245181]]
[[ 0.51576916  0.89142065 -6.97967432 -1.09606048  1.04184679 -0.10759108]]
[[ 0.5200033   0.89070837 -6.97956411 -1.0967914   1.03821225 -0.10469623]]
[[ 0.51824435  0.89128601 -6.97937136 -1.09588557  1.04005666 -0.10606305]]
[[ 0.52416485  0.89362016 -6.97907526 -1.09461477  1.03698799 -0.10393697]]
[[ 0.52018543  0.89597566 -6.97861914 -1.09389185  1.03996322 -0.10724877]]
[[ 0.52058926  0.89059226 -6.98113721 -1.09605888  1.03774981 -0.10447536]]
[[ 0.52362893  0.88796279 -6.98202463 -1.09660542  1.03623894 -0.10167386]]
[[ 0.52487944  0.89044722 -6.98084755 -1.09552333  1.03533553 -0.10208152]]
[[ 0.53065284  0.8925402  -6.97819724 -1.09621951  1.0344905  -0.09984744]]
[[ 0.5282622   0.88986318 -6.97718596 -1.0989716   1.03687901 -0.09998599]]
[[ 0.52840609  0.8955163  -6.97549401 -1.09556265  1.03774299 -0.10252131]]
[[ 0.5279634   0.89389836 -6.9732529  -1.09784816  1.03885571 -0.10199613]]
[[ 0.52437654  0.89114615 -6.97120009 -1.10069107  1.04136721 -0.1027144 ]]
[[ 0.52612118  0.89117902 -6.97023815 -1.10010555  1.04064733 -0.1018498 ]]
[[ 0.52650339  0.89281974 -6.97148121 -1.09990954  1.04022088 -0.10222157]]
[[ 0.52913413  0.89122818 -6.97097641 -1.10044092  1.03739698 -0.09993233]]
[[ 0.52985648  0.89433366 -6.96808986 -1.10047349  1.03986469 -0.10110494]]
[[ 0.54101669  0.89515873 -6.96819012 -1.09880816  1.03263002 -0.09529101]]
[[ 0.52686645  0.89391797 -6.96840387 -1.10097337  1.04230265 -0.10273314]]
[[ 0.52143323  0.89437638 -6.96866969 -1.09951087  1.04681525 -0.10636122]]
[[ 0.52893778  0.89351387 -6.96890551 -1.09993437  1.04097277 -0.10158576]]
[[ 0.52951575  0.89487936 -6.96644623 -1.10054742  1.04378925 -0.10206553]]
[[ 0.54043968  0.89485469 -6.96685666 -1.10104377  1.03568311 -0.09567474]]
[[ 0.53392059  0.88975037 -6.96806515 -1.10318713  1.04048375 -0.09721031]]
[[ 0.53573303  0.88959306 -6.9696923  -1.10324332  1.03798036 -0.09590868]]
[[ 0.53646877  0.89551812 -6.96872212 -1.1001279   1.03788497 -0.09818048]]
[[ 0.53672647  0.8959316  -6.96838568 -1.09933161  1.03871523 -0.09844795]]
[[ 0.53690862  0.89576505 -6.96986646 -1.09972112  1.03844158 -0.09827354]]
[[ 0.53489039  0.89428094 -6.96664265 -1.10288847  1.0402748  -0.09857323]]
[[ 0.53920338  0.89683224 -6.96745642 -1.10230092  1.03731255 -0.09712751]]
[[ 0.53200446  0.90168393 -6.96480592 -1.10146656  1.0426491  -0.10321968]]
[[ 0.53901249  0.90168469 -6.9672897  -1.0997769   1.0385227  -0.09949061]]
[[ 0.53303464  0.90140176 -6.965957   -1.10031249  1.04256047 -0.10268709]]
[[ 0.53697605  0.9016833  -6.96723175 -1.09993628  1.0384892  -0.10038428]]
[[ 0.53251864  0.89919603 -6.96619818 -1.10290245  1.04241623 -0.10177648]]
[[ 0.53403932  0.90524218 -6.96517921 -1.10008946  1.04221691 -0.1037371 ]]
[[ 0.53654268  0.90547448 -6.96570854 -1.09940468  1.04057258 -0.10244186]]
[[ 0.53809063  0.90745243 -6.96733246 -1.09792345  1.03886223 -0.10242388]]
[[ 0.53077511  0.90278041 -6.96719779 -1.10189177  1.04413652 -0.10433532]]
[[ 0.53295898  0.90549616 -6.96634404 -1.10062731  1.04304107 -0.1043363 ]]
[[ 0.53862168  0.90683392 -6.96628419 -1.09949653  1.03857236 -0.10167196]]
[[ 0.53630576  0.90695875 -6.96479735 -1.10053725  1.04174318 -0.10312764]]
[[ 0.53296643  0.90738009 -6.96495192 -1.10055733  1.04245794 -0.10493244]]
[[ 0.53193903  0.90831041 -6.96589455 -1.09950843  1.04292213 -0.10596883]]
[[ 0.53625939  0.90647969 -6.96689738 -1.1002824   1.03825663 -0.10244683]]
[[ 0.53217373  0.90700013 -6.96754117 -1.09924625  1.04104503 -0.10508228]]
[[ 0.53154193  0.90761704 -6.96786108 -1.09838837  1.04046382 -0.10559377]]
[[ 0.52979738  0.90602621 -6.96739883 -1.09906124  1.04263901 -0.10595218]]
[[ 0.53311184  0.90416387 -6.9688641  -1.09848538  1.04020792 -0.10343207]]
[[ 0.53342403  0.90291772 -6.9671082  -1.09995192  1.04050958 -0.10270429]]
[[ 0.53319785  0.90117834 -6.96641933 -1.10089763  1.04011317 -0.10196887]]
[[ 0.53344123  0.90158084 -6.9675568  -1.10042443  1.04092575 -0.10215643]]
[[ 0.5339451   0.90311962 -6.96803651 -1.09917549  1.03987887 -0.10248967]]
[[ 0.53287768  0.90328346 -6.96753691 -1.098893    1.04012883 -0.10315623]]
[[ 0.53234565  0.90201749 -6.97013667 -1.09855124  1.03924499 -0.10286914]]
[[ 0.53155736  0.8999462  -6.97077016 -1.09866167  1.03953985 -0.10251719]]
[[ 0.52691181  0.90143826 -6.97168997 -1.09721324  1.04240678 -0.10584375]]
[[ 0.53765308  0.90019825 -6.97273742 -1.0971775   1.03468492 -0.09915935]]
[[ 0.53234351  0.9019095  -6.9697291  -1.09938342  1.04013727 -0.10289631]]
[[ 0.43558149  0.79303342 -6.98388696 -1.11814154  1.0590339  -0.10931232]]
[[ 0.37193554  0.80148644 -7.01496154 -1.09144043  1.06219537 -0.14736781]]
[[ 0.23000411  0.96926409 -7.00191857 -1.07141271  1.08358878 -0.28256543]]
[[ 0.32400397  0.9503523  -6.99144589 -1.07953111  1.07357367 -0.22798605]]
[[ 0.28925827  0.92884735 -6.9669666  -1.09545739  1.08195385 -0.2365725 ]]
[[ 0.30064187  0.93992338 -6.98719665 -1.08330625  1.0741439  -0.23456992]]
[[ 0.15910195  0.94156597 -7.05403906 -1.05247346  1.07646156 -0.30456076]]
[[ 0.07083109  0.985825   -7.04696707 -1.04355179  1.0692265  -0.3616281 ]]
[[-0.05744084  0.90110528 -6.98849348 -1.08711809  1.11442151 -0.39446793]]
[[-0.0543847   0.79689702 -6.92617905 -1.1406738   1.12985532 -0.35338784]]
[[-0.21354793  0.74350344 -6.93900218 -1.13838651  1.14577404 -0.41416487]]
[[-0.18718213  0.72745435 -6.94559322 -1.1282378   1.12967669 -0.39571909]]
[[-0.12913857  0.79844843 -6.93386296 -1.12681545  1.15662396 -0.39649241]]
[[ 0.1206828   0.7838483  -6.98155488 -1.13010493  1.06682614 -0.2565244 ]]
[[ 0.18819247  0.7516863  -7.02919411 -1.1254391   1.057425   -0.21058084]]
[[ 0.13589285  0.59936238 -7.06841489 -1.10708591  1.03185106 -0.18134938]]
[[-0.24930903  0.49433192 -7.18011115 -1.09295032  1.11543066 -0.34422297]]
[[-5.00847553e-03  6.23768709e-01 -7.10063104e+00 -1.10249975e+00
   1.10055935e+00 -2.69975733e-01]]
[[ 0.148869    0.72981258 -7.03515288 -1.10794619  1.09914054 -0.23353788]]
[[ 0.29669428  0.78570758 -6.9949308  -1.11711448  1.06868334 -0.17704579]]
[[ 0.36003153  0.82646641 -6.96500733 -1.11861957  1.07596976 -0.16201626]]
[[ 0.41224227  0.85708355 -6.93240823 -1.12864506  1.07902396 -0.14721277]]
[[ 0.43419984  0.9001563  -6.90080807 -1.12333309  1.09173047 -0.1552136 ]]
[[ 0.44431537  0.91562233 -6.88975481 -1.126885    1.09900673 -0.15661385]]
[[ 0.43340031  0.91782659 -6.8900992  -1.12903734  1.11232496 -0.16426564]]
[[ 0.48256205  0.90378503 -6.88158741 -1.14357077  1.08953544 -0.13031002]]
[[ 0.50822391  0.90012287 -6.86776668 -1.15462486  1.08558025 -0.114525  ]]
[[ 0.5541177   0.91201253 -6.86572085 -1.14765653  1.05290392 -0.09312242]]
[[ 0.52199419  0.9187321  -6.85577343 -1.15007448  1.08190652 -0.11491506]]
[[ 0.50616869  0.91646609 -6.85638295 -1.15185739  1.08976633 -0.1225724 ]]
[[ 0.49906286  0.91887466 -6.8524017  -1.15218931  1.09546381 -0.12774069]]
[[ 0.50040933  0.91707081 -6.84835732 -1.15483924  1.09735968 -0.12632605]]
[[ 0.51743035  0.91840462 -6.84896592 -1.15391043  1.08752085 -0.11733062]]
[[ 0.51902549  0.91645477 -6.85060267 -1.15456991  1.0856572  -0.11540739]]
[[ 0.52514782  0.91354635 -6.85031583 -1.15725352  1.08189744 -0.11051578]]
[[ 0.52825151  0.91360013 -6.84974065 -1.15609448  1.0802962  -0.10893141]]
[[ 0.53057956  0.91398162 -6.8484257  -1.1558942   1.07883952 -0.10768753]]
[[ 0.53335471  0.97648737 -6.89457987 -1.09880912  1.0585102  -0.13679187]]
[[ 0.64473713  0.99422785 -6.87986719 -1.10729066  1.01812683 -0.08002261]]
[[ 0.61332321  0.9732652  -6.86835331 -1.11980207  1.03876766 -0.08799989]]
[[ 0.58319482  0.96038861 -6.86588645 -1.12600639  1.05196449 -0.09905819]]
[[ 0.56211858  0.94365637 -6.86426234 -1.13569948  1.06033808 -0.10310566]]
[[ 0.54412245  0.93253695 -6.86367857 -1.14142153  1.06749519 -0.10798845]]
[[ 0.5337966   0.92654901 -6.86574544 -1.14191617  1.07187641 -0.11129737]]
[[ 0.53050109  0.92351065 -6.86699012 -1.14283781  1.07139931 -0.1116763 ]]
[[ 0.52380929  0.91943065 -6.86850998 -1.14409046  1.07472432 -0.11360593]]
[[ 0.52757425  0.91729139 -6.86903848 -1.144887    1.07126541 -0.1105026 ]]
[[ 0.51780528  0.91645936 -6.87324842 -1.1440419   1.07642333 -0.11570413]]
[[ 0.5189618   0.91280408 -6.87741759 -1.14320621  1.07507627 -0.11363913]]
[[ 0.49512144  0.92349122 -6.87591143 -1.1359188   1.09076761 -0.13244584]]
[[ 0.51477139  0.92310962 -6.87934053 -1.13496864  1.07334088 -0.12045175]]
[[ 0.49223763  0.91545032 -6.88148643 -1.13769028  1.08973092 -0.13035272]]
[[ 0.50505052  0.91274318 -6.88613458 -1.13741936  1.07581861 -0.12111862]]
[[ 0.28400622  0.68145709 -6.9788688  -1.11815498  1.08251495 -0.14206463]]
[[ 0.36751831  0.65760481 -6.87327913 -1.1661041   1.10641997 -0.09255399]]
[[ 0.26521244  0.73476853 -6.84147838 -1.17744966  1.13038104 -0.17199152]]
[[ 0.15071079  0.87802056 -6.84900493 -1.17367212  1.13514283 -0.27934681]]
[[ 0.06630416  0.86134019 -6.89145928 -1.13703872  1.12201616 -0.31812981]]
[[ 0.05355144  0.90045923 -6.93121822 -1.11720822  1.13080684 -0.34415189]]
[[ 0.10828568  0.99208453 -6.9419642  -1.09645808  1.10758676 -0.35062855]]
[[ 0.03112689  1.00707585 -6.92996972 -1.10197359  1.13396737 -0.39684087]]
[[ 0.19964612  0.98198419 -6.88832977 -1.13624513  1.1118122  -0.29898733]]
[[ 0.27300336  0.98429855 -6.89762912 -1.12240598  1.11268843 -0.26602693]]
[[ 0.10586646  0.94344187 -6.88550378 -1.13405146  1.1286481  -0.3366068 ]]
[[ 0.07826609  1.12731547 -6.88569926 -1.11594364  1.13133408 -0.41606303]]
[[ 0.04799529  1.0509877  -6.86018314 -1.13715746  1.14875785 -0.40320385]]
[[ 0.07887829  1.14257819 -6.91857444 -1.09358067  1.11668473 -0.42096481]]
[[ 0.19979527  1.10749359 -6.92212433 -1.09614966  1.09167425 -0.34591733]]
[[ 0.29135258  1.05684558 -6.90972451 -1.11021803  1.1021702  -0.28322151]]
[[ 0.39737301  1.01633658 -6.90680942 -1.12014055  1.07610502 -0.21263944]]
[[ 0.46152607  1.00347866 -6.90842648 -1.11208216  1.0659212  -0.17670957]]
[[ 0.48864342  0.98535788 -6.89960996 -1.11960134  1.07488383 -0.15743651]]
[[ 0.52231569  0.96049612 -6.89764936 -1.13231536  1.06881529 -0.12976108]]
[[ 0.5415345   0.95664503 -6.89814465 -1.13104943  1.06274402 -0.11856962]]
[[ 0.57566256  0.96064978 -6.89284327 -1.12534729  1.04965857 -0.10256195]]
[[ 0.54739414  0.95765103 -6.89411107 -1.12603095  1.07051897 -0.11794477]]
[[ 0.51841194  0.96534379 -6.88470312 -1.12314363  1.09448696 -0.13881798]]
[[ 0.5245621   0.95072995 -6.88469487 -1.13472982  1.09289803 -0.12869014]]
[[ 0.53295262  0.95322338 -6.88732106 -1.1290753   1.08726758 -0.12552733]]
[[ 0.5509971   0.94718991 -6.88644914 -1.13316525  1.0756966  -0.11257141]]
[[ 0.56424138  0.9504794  -6.88405397 -1.13191782  1.07019706 -0.10678083]]
[[ 0.57662941  0.94750495 -6.88269581 -1.13495523  1.06332055 -0.09842136]]
[[ 0.57182429  0.943673   -6.87869125 -1.13944486  1.06965786 -0.09962286]]
[[ 0.57753029  0.94059224 -6.88148971 -1.13924659  1.06215474 -0.09473976]]
[[ 0.57952917  0.94286168 -6.87845049 -1.13954799  1.06284412 -0.09477498]]
[[ 0.57915875  0.94707983 -6.87634572 -1.13903365  1.06247632 -0.09662622]]
[[ 0.56975621  0.94487377 -6.8745966  -1.14090053  1.07093012 -0.10129288]]
[[ 0.57736105  0.94407653 -6.87467914 -1.14190088  1.06432416 -0.09625432]]
[[ 0.57265338  0.94696892 -6.87132247 -1.14195864  1.07028745 -0.10046945]]
[[ 0.57659171  0.94764888 -6.87201142 -1.14085481  1.06635687 -0.0984538 ]]
[[ 0.56722863  0.9474235  -6.87208807 -1.14140706  1.07258405 -0.10362652]]
[[ 0.55850124  0.94839045 -6.8720766  -1.14150521  1.07814183 -0.10897975]]
[[ 0.55942653  0.95122305 -6.87335789 -1.13927812  1.07552831 -0.10948917]]
[[ 0.56298745  0.9528824  -6.87423408 -1.13750414  1.0737334  -0.10835324]]
[[ 0.5659141   0.95167993 -6.87678282 -1.1374091   1.07014588 -0.10603167]]
[[ 0.55689832  0.95078714 -6.87746478 -1.13873288  1.07645647 -0.11080081]]
[[ 0.56107016  0.95169912 -6.88113087 -1.13558737  1.07087496 -0.10874974]]
[[ 0.56255838  0.95114604 -6.88219222 -1.13398543  1.07078585 -0.10795136]]
[[ 0.5706695   0.94445726 -6.88533843 -1.13558643  1.06396686 -0.10030671]]
[[ 0.56837594  0.94189113 -6.88588703 -1.13668497  1.06677853 -0.1007191 ]]
[[ 0.56943676  0.93990025 -6.88796103 -1.13525725  1.06606464 -0.09950848]]
[[ 0.56882837  0.94162116 -6.88870391 -1.13320323  1.06556132 -0.10058759]]
[[ 0.57142767  0.93995068 -6.8907638  -1.1325821   1.06241471 -0.09835718]]
[[ 0.56927473  0.93816801 -6.89310102 -1.13211388  1.06265064 -0.09873968]]
[[ 0.56674113  0.93794392 -6.89825862 -1.13022234  1.06129378 -0.09987188]]
[[ 0.54465814  0.95773902 -6.90721505 -1.11706006  1.06929097 -0.12017578]]
[[ 0.55422265  0.9570298  -6.9089259  -1.11486166  1.06178613 -0.11472435]]
[[ 0.55530812  0.94773985 -6.9085838  -1.12166196  1.06214223 -0.10998808]]
[[ 0.55910139  0.94227416 -6.91007903 -1.12293799  1.06048527 -0.10576796]]
[[ 0.5598857   0.93991722 -6.91297467 -1.12150901  1.05888392 -0.1045245 ]]
[[ 0.56220025  0.93802142 -6.91700826 -1.1189748   1.0564211  -0.10265381]]
[[ 0.5630991   0.9382116  -6.91821465 -1.11885731  1.05720178 -0.10239045]]
[[ 0.56180122  0.93643438 -6.92065775 -1.11847331  1.05712627 -0.10238862]]
[[ 0.56454723  0.93378646 -6.92369492 -1.11700147  1.05426798 -0.09977845]]
[[ 0.56547899  0.93307044 -6.92677585 -1.11551169  1.0520015  -0.09890137]]
[[ 0.56720324  0.9328811  -6.9297617  -1.11389231  1.05002365 -0.09795187]]
[[ 0.56357473  0.93178781 -6.93156536 -1.11402584  1.05185631 -0.09950021]]
[[ 0.56041855  0.92956194 -6.93473855 -1.11325888  1.05174898 -0.10026156]]
[[ 0.56627629  0.92983529 -6.9405301  -1.11016309  1.04499919 -0.09695317]]
[[ 0.56704311  0.92893997 -6.94620667 -1.10753826  1.04270338 -0.0961464 ]]
[[ 0.56525827  0.92698937 -6.95052489 -1.10624228  1.04089441 -0.09623157]]
[[ 0.56341782  0.92509991 -6.95345636 -1.10506958  1.04212088 -0.09664461]]
[[ 0.56423865  0.92755369 -6.95677732 -1.10132066  1.03927642 -0.09717563]]
[[ 0.56461665  0.92517766 -6.96131185 -1.09989327  1.03736499 -0.0959265 ]]
[[ 0.56146547  0.92247092 -6.96157684 -1.10111868  1.03934584 -0.09655413]]
[[ 0.56469887  0.91983997 -6.96635312 -1.1013976   1.03487573 -0.09340564]]
[[ 0.56577737  0.92213233 -6.96819277 -1.09846852  1.03303844 -0.09386323]]
[[ 0.56616355  0.92450368 -6.96974742 -1.09597578  1.03216619 -0.09472025]]
[[ 0.56241907  0.92431673 -6.97230543 -1.09512885  1.0342356  -0.09675033]]
[[ 0.56626218  0.9205892  -6.97755638 -1.0937029   1.02943179 -0.09298996]]
[[ 0.55933357  0.91966898 -6.98338223 -1.09150903  1.03226345 -0.09657649]]
[[ 0.55543616  0.92087238 -6.98155659 -1.09156569  1.03482295 -0.09929845]]
[[ 0.57204095  0.92101182 -6.9853538  -1.09025856  1.02294317 -0.08989366]]
[[ 0.57352691  0.9102652  -6.98826727 -1.09611744  1.02107468 -0.08397767]]
[[ 0.55338499  0.92679459 -6.988261   -1.08331771  1.03598435 -0.10359417]]
[[ 0.54979244  0.91527504 -6.98860337 -1.09386471  1.036871   -0.09981607]]
[[ 0.57154182  0.93207927 -6.98679967 -1.08281658  1.02204707 -0.09486558]]
[[ 0.54904215  0.93886411 -6.98913084 -1.07544577  1.03695168 -0.11133543]]
[[ 0.54471698  0.9215369  -6.99449138 -1.08443541  1.0358977  -0.10567013]]
[[ 0.55545234  0.92664552 -6.99757007 -1.07993123  1.0283952  -0.10180616]]
[[ 0.56037563  0.9271121  -7.00042755 -1.07804193  1.02440828 -0.0993    ]]
[[ 0.55077833  0.92408787 -7.00457523 -1.07841194  1.02949602 -0.10345664]]
[[ 0.55592549  0.92813592 -7.00930049 -1.07366016  1.02324381 -0.1021429 ]]
[[ 0.5525435   0.92512231 -7.00925825 -1.07601785  1.02591068 -0.10276582]]
[[ 0.55102901  0.92344231 -7.01552744 -1.0742503   1.0233586  -0.10264928]]
[[ 0.54087276  0.92616973 -7.01817946 -1.07093919  1.02866887 -0.10970038]]
[[ 0.55342138  0.92822552 -7.0210892  -1.06784104  1.01828781 -0.10335352]]
[[ 0.55713709  0.9240384  -7.02255153 -1.06903069  1.01570909 -0.09944445]]
[[ 0.55463936  0.92308347 -7.02621114 -1.06819118  1.01594224 -0.10038368]]
[[ 0.55726545  0.92602726 -7.02929628 -1.06511153  1.0126022  -0.10008613]]
[[ 0.55242275  0.92329519 -7.03088478 -1.06417777  1.01539414 -0.10179783]]
[[ 0.55237001  0.92255934 -7.03176136 -1.06500259  1.01430233 -0.10129452]]
[[ 0.55410361  0.92180318 -7.03344813 -1.06317581  1.01259673 -0.10013972]]
[[ 0.55516196  0.92020578 -7.03540049 -1.0627052   1.01246679 -0.09905821]]
[[ 0.5558746   0.92236697 -7.03699734 -1.06155603  1.01181003 -0.09961403]]
[[ 0.55463845  0.92257547 -7.03816056 -1.06088248  1.01222475 -0.10039003]]
[[ 0.55328408  0.92465632 -7.03697876 -1.06131491  1.01301666 -0.10189471]]
[[ 0.55375883  0.92666228 -7.03682268 -1.06086702  1.01413208 -0.1026351 ]]
[[ 0.55293397  0.92748741 -7.03808711 -1.0600945   1.01332091 -0.10336073]]
[[ 0.55492267  0.92641471 -7.04074429 -1.05999564  1.01124989 -0.10164792]]
[[ 0.55459384  0.925396   -7.04243168 -1.0584213   1.01068632 -0.1014564 ]]
[[ 0.55165704  0.9234571  -7.04446748 -1.0583304   1.01078949 -0.10212161]]
[[ 0.55057102  0.92891351 -7.04551776 -1.05553046  1.01083357 -0.10505173]]
[[ 0.54762511  0.92682132 -7.04705612 -1.05549218  1.01158636 -0.10575041]]
[[ 0.55087475  0.92998325 -7.04762311 -1.05438775  1.00876165 -0.10513902]]
[[ 0.55161794  0.92522824 -7.04545885 -1.05766891  1.01057395 -0.10281136]]
[[ 0.55517039  0.92612927 -7.04561419 -1.05695131  1.00767826 -0.10112802]]
[[ 0.54819855  0.93020505 -7.04243993 -1.05723617  1.01364963 -0.10685211]]
[[ 0.55372187  0.92812933 -7.04449456 -1.05687469  1.00793822 -0.10269703]]
[[ 0.55543487  0.92576535 -7.04930269 -1.05479853  1.00374187 -0.10054096]]
[[ 0.56134577  0.92976934 -7.04735119 -1.05526838  1.00282879 -0.09888555]]
[[ 0.59432402  0.92394325 -7.05749073 -1.05034961  0.97590945 -0.07769854]]
[[ 0.60091269  0.90734854 -7.05441768 -1.06567848  0.969978   -0.06559003]]
[[ 0.57059751  0.91947404 -7.06263083 -1.05168919  0.98720794 -0.08861331]]
[[ 0.57392967  0.92669631 -7.05806574 -1.04988278  0.98642374 -0.09002394]]
[[ 0.55983918  0.91554117 -7.0528523  -1.06243103  0.99864633 -0.09271737]]
[[ 0.57571887  0.91960844 -7.05791964 -1.05507168  0.98535333 -0.08559476]]
[[ 0.56519515  0.93090791 -7.051342   -1.0494866   0.99503212 -0.09704297]]
[[ 0.55420743  0.91984966 -7.05451148 -1.05710982  0.99946012 -0.09784791]]
[[ 0.54328392  0.92810434 -7.04923995 -1.05426238  1.01001541 -0.10812419]]
[[ 0.54241857  0.93267939 -7.04638932 -1.05125355  1.01365807 -0.11124595]]
[[ 0.54432967  0.92041441 -7.04850288 -1.05973414  1.01102585 -0.10435296]]
[[ 0.55952937  0.92543333 -7.04801954 -1.05678779  1.00159542 -0.09783393]]
[[ 0.5699171   0.93415288 -7.04158617 -1.05487593  0.99748795 -0.09579644]]
[[ 0.5768007   0.9219619  -7.04854403 -1.05774124  0.98948057 -0.08637429]]
[[ 0.63076428  0.94518554 -7.04130611 -1.04641231  0.9528315  -0.06544455]]
[[ 0.59035064  0.94262808 -7.05565904 -1.03762575  0.97879213 -0.08853605]]
[[ 0.50926991  0.91956108 -7.04207887 -1.0663716   1.04163897 -0.12406064]]
[[ 0.54876851  0.92851014 -7.04634449 -1.05706092  1.01090336 -0.10538563]]
[[ 0.55642865  0.93285705 -7.04998471 -1.05153628  1.00469656 -0.10312959]]
[[ 0.54743694  0.92874157 -7.05032712 -1.05358068  1.01242842 -0.10678676]]
[[ 0.54806985  0.92853463 -7.04968629 -1.05451966  1.01061495 -0.10601343]]
[[ 0.55422473  0.92718786 -7.05005154 -1.05511265  1.00531533 -0.10171058]]
[[ 0.55142687  0.92514708 -7.05049099 -1.05486142  1.00774417 -0.10264767]]
[[ 0.54944567  0.92527053 -7.05005175 -1.05447188  1.00995071 -0.10399288]]
[[ 0.54965908  0.92390821 -7.04968616 -1.05460784  1.00984342 -0.10336321]]
[[ 0.55287914  0.92599888 -7.04975003 -1.05442139  1.00811677 -0.10243022]]
[[ 0.55343475  0.92514246 -7.04923645 -1.054702    1.00689036 -0.10171014]]
[[ 0.55152708  0.92179434 -7.04991252 -1.05697428  1.00838491 -0.10117851]]
[[ 0.54715295  0.92208384 -7.05163235 -1.05508094  1.01020615 -0.10398301]]
[[ 0.54897281  0.92472227 -7.05159501 -1.0528355   1.00929538 -0.10413345]]
[[ 0.54633626  0.92663647 -7.0503735  -1.05318284  1.0099374  -0.10615524]]
[[ 0.54718057  0.92144466 -7.04701168 -1.05843267  1.01188969 -0.10346658]]
[[ 0.55102169  0.92659578 -7.04657713 -1.05571425  1.01057657 -0.10364056]]
[[ 0.54915932  0.92296685 -7.04610413 -1.05665715  1.01183025 -0.10318692]]
[[ 0.55024812  0.92349621 -7.04340023 -1.05792271  1.01212614 -0.10273442]]
[[ 0.55248168  0.9213214  -7.04208081 -1.0613252   1.01072621 -0.100292  ]]
[[ 0.54894765  0.92459461 -7.04416841 -1.05715583  1.01192264 -0.1039214 ]]
[[ 0.54950286  0.92481155 -7.04357593 -1.0568021   1.01307442 -0.10398449]]
[[ 0.54734279  0.92443754 -7.03629042 -1.06210304  1.01708377 -0.10494883]]
[[ 0.54391659  0.92517349 -7.03556002 -1.06267597  1.01770563 -0.10688949]]
[[ 0.56256748  0.93109553 -7.03420191 -1.05943268  1.00674098 -0.09905427]]
[[ 0.5365474   0.92517017 -7.03305772 -1.06408806  1.02463125 -0.11129397]]
[[ 0.53188243  0.92990104 -7.0294497  -1.06140822  1.02941424 -0.11633846]]
[[ 0.55415997  0.92627642 -7.030076   -1.06449627  1.01402629 -0.10172302]]
[[ 0.54453313  0.92056524 -7.03019508 -1.06755916  1.02122252 -0.10474178]]
[[ 0.55100454  0.92589182 -7.02725075 -1.06429079  1.01850567 -0.10367205]]
[[ 0.55511702  0.92613151 -7.02555015 -1.0660803   1.01573249 -0.10118906]]
[[ 0.54632236  0.92080176 -7.02599421 -1.06938121  1.02130881 -0.10370741]]
[[ 0.54944163  0.92581808 -7.02487617 -1.06593892  1.01851787 -0.10413062]]
[[ 0.54893195  0.92473166 -7.02356222 -1.06727143  1.02027006 -0.10400666]]
[[ 0.54376897  0.92396439 -7.02056506 -1.07004745  1.02447303 -0.10643073]]
[[ 0.54480467  0.9230288  -7.02163257 -1.07141495  1.02394345 -0.1053372 ]]
[[ 0.54646454  0.92989213 -7.0200218  -1.06833929  1.02263433 -0.10732788]]
[[ 0.55091652  0.92888395 -7.02099469 -1.06817624  1.01961059 -0.10445287]]
[[ 0.54939814  0.92656558 -7.02138017 -1.06966734  1.01994008 -0.10416814]]
[[ 0.54435239  0.92777496 -7.01942004 -1.07119218  1.0234296  -0.10739112]]
[[ 0.5490659   0.9289261  -7.0170349  -1.07019856  1.02209588 -0.10548179]]
[[ 0.54847708  0.92710632 -7.01845693 -1.07066698  1.02261155 -0.10508199]]
[[ 0.55305723  0.93115579 -7.01822577 -1.07001265  1.02050316 -0.10421639]]
[[ 0.54861764  0.93344223 -7.01555406 -1.06978358  1.02502128 -0.10789488]]
[[ 0.55201797  0.93287042 -7.01740194 -1.06923964  1.02182422 -0.10567262]]
[[ 0.54778277  0.93113583 -7.01492804 -1.07185057  1.02640186 -0.10739928]]
[[ 0.54918579  0.9315242  -7.01495011 -1.07089499  1.0257094  -0.10682336]]
[[ 0.54972882  0.92863052 -7.01769364 -1.07102856  1.02531896 -0.1054189 ]]
[[ 0.5531917   0.93029991 -7.01664769 -1.06942844  1.02362456 -0.1043652 ]]
[[ 0.55495299  0.93252952 -7.01526809 -1.06925488  1.02389893 -0.10441388]]
[[ 0.55401495  0.93109705 -7.01524082 -1.070746    1.02402248 -0.10413432]]
[[ 0.55415905  0.92995188 -7.01283968 -1.07316881  1.02570662 -0.10355353]]
[[ 0.55892158  0.92944658 -7.01323551 -1.07302904  1.02217144 -0.10059879]]
[[ 0.56029476  0.93176999 -7.01102304 -1.07349443  1.02237692 -0.10084526]]
[[ 0.5539748   0.93361133 -7.01114625 -1.07055042  1.02726109 -0.10559495]]
[[ 0.55495872  0.93336961 -7.01076453 -1.07088248  1.02772613 -0.10509994]]
[[ 0.56289354  0.9318138  -7.01155688 -1.07149017  1.02067555 -0.09962412]]
[[ 0.55204181  0.927597   -7.00987999 -1.07604221  1.0297062  -0.10398927]]
[[ 0.56183349  0.93081402 -7.01116747 -1.07233866  1.02361661 -0.10014257]]
[[ 0.56270447  0.93000482 -7.01235703 -1.07085012  1.02234064 -0.09941921]]
[[ 0.55958685  0.92590575 -7.01423858 -1.07334742  1.02405744 -0.09931791]]
[[ 0.5605489   0.92487533 -7.01259782 -1.07458017  1.02423081 -0.09827637]]
[[ 0.56455682  0.92542744 -7.01751122 -1.06961775  1.01937099 -0.0964564 ]]
[[ 0.57008767  0.92463287 -7.01824967 -1.06980315  1.01672315 -0.0932043 ]]
[[ 0.56529979  0.92420215 -7.02091256 -1.07020036  1.01835663 -0.09552217]]
[[ 0.57277193  0.92274729 -7.02020987 -1.0706401   1.01356933 -0.09061518]]
[[ 0.56349453  0.92288085 -7.01930218 -1.07038173  1.01928179 -0.09596474]]
[[ 0.559923    0.92618509 -7.02100799 -1.06795556  1.02046088 -0.09936258]]
[[ 0.55828698  0.92359471 -7.01959737 -1.06999688  1.02343593 -0.09929304]]
[[ 0.56180639  0.92546489 -7.01825865 -1.0697018   1.02147153 -0.09803193]]
[[ 0.55556059  0.92570787 -7.02016567 -1.06971973  1.02338327 -0.10138628]]
[[ 0.55926576  0.91914022 -7.02448641 -1.07136427  1.0194215  -0.09632168]]
[[ 0.56634381  0.92528847 -7.02250509 -1.06847442  1.01559755 -0.09506958]]
[[ 0.57029196  0.92818958 -7.02009378 -1.06862162  1.0140747  -0.09401147]]
[[ 0.56596893  0.92692701 -7.0203083  -1.06956734  1.01773056 -0.09603787]]
[[ 0.5648031   0.92788854 -7.01839463 -1.07111677  1.02111921 -0.09728722]]
[[ 0.56507054  0.93081236 -7.01516998 -1.07092714  1.02113141 -0.09831024]]
[[ 0.56830684  0.93296925 -7.0153664  -1.07020542  1.0196737  -0.09742133]]
[[ 0.56224017  0.93092471 -7.01585494 -1.07185301  1.02255232 -0.0997913 ]]
[[ 0.55950945  0.93389886 -7.01325187 -1.07040609  1.02410398 -0.10266696]]
[[ 0.56713488  0.93089407 -7.01432899 -1.07151516  1.01885229 -0.09696554]]
[[ 0.56010583  0.93161892 -7.010422   -1.0740709   1.0254094  -0.10126345]]
[[ 0.55971602  0.92943861 -7.01190162 -1.07367178  1.02460668 -0.1005114 ]]
[[ 0.56176222  0.93323077 -7.01067905 -1.07260809  1.02279006 -0.10086057]]
[[ 0.55692955  0.93238831 -7.00968699 -1.07382773  1.02576612 -0.103133  ]]
[[ 0.5543375   0.93536199 -7.00719345 -1.07438899  1.02770617 -0.10571727]]
[[ 0.55628364  0.93534448 -7.00432182 -1.07559902  1.02791106 -0.10471925]]
[[ 0.55617866  0.93590309 -7.00316228 -1.07645091  1.02796843 -0.10490225]]
[[ 0.55496435  0.93576601 -7.00187901 -1.07694288  1.02912513 -0.10548604]]
[[ 0.55461351  0.93648704 -7.00054572 -1.07682729  1.02943957 -0.10594628]]
[[ 0.55355503  0.93633589 -6.99948188 -1.07740149  1.03032483 -0.10649128]]
[[ 0.5566624   0.94094609 -6.99727958 -1.07566192  1.03017055 -0.10691053]]
[[ 0.55440294  0.93451351 -6.99855593 -1.07773544  1.03109632 -0.10541532]]
[[ 0.54750415  0.93424311 -6.9965015  -1.079212    1.03621906 -0.1091612 ]]
[[ 0.55062723  0.93366667 -6.99408164 -1.08005987  1.03526618 -0.10718951]]
[[ 0.55168605  0.93534172 -6.98994861 -1.08292775  1.036076   -0.10715243]]
[[ 0.55845908  0.93700884 -6.99017111 -1.08135153  1.03143818 -0.10397973]]
[[ 0.55447329  0.93609629 -6.99221282 -1.08003262  1.03385049 -0.10606128]]
[[ 0.54774884  0.93407431 -6.9907657  -1.08241297  1.0393466  -0.10898051]]
[[ 0.55963274  0.93655974 -6.98841179 -1.08126361  1.03269149 -0.1033567 ]]
[[ 0.55532019  0.93599239 -6.98816874 -1.08338316  1.03581169 -0.10546994]]
[[ 0.55110745  0.93606556 -6.98771571 -1.08403706  1.03674649 -0.10756816]]
[[ 0.55372666  0.93835437 -6.98513962 -1.08310295  1.03615276 -0.10717779]]
[[ 0.55086507  0.93842911 -6.98417102 -1.08401991  1.03652247 -0.10855637]]
[[ 0.54941765  0.93814681 -6.98167428 -1.08557353  1.03919599 -0.10932385]]
[[ 0.55369898  0.93992077 -6.98060726 -1.08643053  1.03746388 -0.10763503]]
[[ 0.55302793  0.94082498 -6.97976761 -1.08651384  1.03811174 -0.10838168]]
[[ 0.55389959  0.94042529 -6.98037357 -1.08528299  1.0380722  -0.10793857]]
[[ 0.55324647  0.94252208 -6.97958744 -1.08538424  1.03773568 -0.10893444]]
[[ 0.55492949  0.94364771 -6.97722423 -1.08605662  1.03719734 -0.10847065]]
[[ 0.54942869  0.94376638 -6.9753274  -1.0877241   1.04000342 -0.11136149]]
[[ 0.55197743  0.94559331 -6.97548702 -1.08713486  1.03802358 -0.11061974]]
[[ 0.54900002  0.94464915 -6.97422286 -1.08852902  1.04020526 -0.11186706]]
[[ 0.54764631  0.94390819 -6.97223025 -1.09018611  1.04317924 -0.1124114 ]]
[[ 0.54915165  0.94519011 -6.97105132 -1.08984639  1.04317069 -0.1122504 ]]
[[ 0.54929985  0.94623235 -6.97075478 -1.08949046  1.04302827 -0.11257049]]
[[ 0.55028364  0.94632676 -6.97149137 -1.0890275   1.04165172 -0.11194633]]
[[ 0.54865765  0.94495501 -6.96940592 -1.09051185  1.04345446 -0.11218244]]
[[ 0.54881148  0.94800141 -6.96686251 -1.09108068  1.04425257 -0.11333348]]
[[ 0.55413971  0.94556839 -6.96844324 -1.09198309  1.04093546 -0.10921172]]
[[ 0.5493947   0.94577327 -6.96823078 -1.09262149  1.04344029 -0.11192704]]
[[ 0.54568154  0.94685394 -6.96621554 -1.0923578   1.04808054 -0.11482055]]
[[ 0.56787618  0.95426338 -6.96715931 -1.0868076   1.03094298 -0.10527037]]
[[ 0.54829555  0.94422922 -6.96671056 -1.09489408  1.04495952 -0.11190306]]
[[ 0.54859532  0.94275369 -6.96827992 -1.09399767  1.04468134 -0.11117892]]
[[ 0.55839372  0.94735977 -6.96850366 -1.08952484  1.0382618  -0.10778717]]
[[ 0.55359606  0.94736285 -6.96874157 -1.09016505  1.04181735 -0.11059993]]
[[ 0.55401802  0.94638162 -6.97065331 -1.09003344  1.04079626 -0.10999727]]
[[ 0.55131468  0.94622718 -6.96867015 -1.09144708  1.04328692 -0.11132866]]
[[ 0.55021269  0.94724853 -6.96928243 -1.09073103  1.04349071 -0.11237817]]
[[ 0.54903651  0.94774763 -6.96808059 -1.09083899  1.04519089 -0.11332683]]
[[ 0.5516961   0.94792323 -6.96743636 -1.09071844  1.04369294 -0.1119609 ]]
[[ 0.55293753  0.94737165 -6.96666801 -1.09117605  1.04366142 -0.11104788]]
[[ 0.55242518  0.94525891 -6.96355857 -1.09309149  1.04536993 -0.11054627]]
[[ 0.55375721  0.94617695 -6.96170834 -1.09365088  1.0448609  -0.11002626]]
[[ 0.54746573  0.9429763  -6.95822902 -1.09711134  1.05110517 -0.11233311]]
[[ 0.54559782  0.94320727 -6.9575415  -1.09707882  1.05184051 -0.11338801]]
[[ 0.56384124  0.95208819 -6.95910202 -1.09052767  1.04121397 -0.10721721]]
[[ 0.56853342  0.94815797 -6.95275641 -1.09753516  1.03997729 -0.10256539]]
[[ 0.5553553   0.94348962 -6.95352063 -1.1018916   1.0493291  -0.10789515]]
[[ 0.5483522   0.92912903 -6.95665782 -1.11048277  1.05370483 -0.10531967]]
[[ 0.56971575  0.94670471 -6.95005862 -1.09908876  1.0448129  -0.10164577]]
[[ 0.60582554  0.93199062 -6.94776142 -1.1133008   1.0169157  -0.07321704]]
[[ 0.60618714  0.94499037 -6.95804015 -1.09566955  1.01240976 -0.07940244]]
[[ 0.58333478  0.93982527 -6.95303622 -1.10350521  1.02876301 -0.09011529]]
[[ 0.55050763  0.93191595 -6.94865023 -1.10901945  1.0545127  -0.1056826 ]]
[[ 0.52525733  0.9372627  -6.94936286 -1.10577089  1.07095941 -0.12253374]]
[[ 0.55587019  0.95410489 -6.94101714 -1.09944691  1.05143849 -0.11216104]]
[[ 0.58103599  0.95534552 -6.94740404 -1.0930919   1.03057553 -0.09864935]]
[[ 0.50459744  0.93656782 -6.94748838 -1.10791729  1.08701619 -0.13437822]]
[[ 0.50511292  0.92754134 -6.94433319 -1.11774927  1.08434562 -0.12903554]]
[[ 0.56118044  0.95853232 -6.94711936 -1.09214766  1.04299945 -0.11088109]]
[[ 0.54366017  0.95368689 -6.94833077 -1.09494782  1.05658079 -0.1191068 ]]
[[ 0.53054492  0.97500221 -6.94396957 -1.08373677  1.06643817 -0.1364184 ]]
[[ 0.51885837  0.95028985 -6.94136038 -1.10371624  1.07758114 -0.13192122]]
[[ 0.53372716  0.93875993 -6.94489495 -1.10910476  1.06592172 -0.11809279]]
[[ 0.55100121  0.95134844 -6.94561788 -1.09753577  1.05206557 -0.11394105]]
[[ 0.54644185  0.9548612  -6.94207318 -1.09705338  1.0567529  -0.11813237]]
[[ 0.58070235  0.94517142 -6.94754289 -1.09943643  1.02976364 -0.09370044]]
[[ 0.5695048   0.93474029 -6.94487556 -1.10896433  1.03825046 -0.09531782]]
[[ 0.55274041  0.93548219 -6.94759291 -1.10758094  1.04755894 -0.10502743]]
[[ 0.53011067  0.93899017 -6.94227782 -1.10979284  1.06364272 -0.119347  ]]
[[ 0.54595197  0.9513598  -6.94036246 -1.09921316  1.0546245  -0.11636312]]
[[ 0.53464407  0.94834926 -6.93583467 -1.10411097  1.06306964 -0.12132145]]
[[ 0.53271518  0.9398525  -6.93355065 -1.11156675  1.06759224 -0.11878745]]
[[ 0.55906405  0.94278638 -6.93551872 -1.10780625  1.04750742 -0.1049264 ]]
[[ 0.55038652  0.94302973 -6.93285374 -1.10856284  1.05801715 -0.11044327]]
[[ 0.55876535  0.9637442  -6.93716728 -1.09053301  1.04930631 -0.11534783]]
[[ 0.54663142  0.92999284 -6.93415539 -1.11797732  1.05973549 -0.10656141]]
[[ 0.53063741  0.93069877 -6.93285964 -1.11703302  1.07230137 -0.11635339]]
[[ 0.56381159  0.94522729 -6.93567062 -1.10334965  1.04831855 -0.10414811]]
[[ 0.57364117  0.9439824  -6.93225105 -1.10759308  1.04385985 -0.09779672]]
[[ 0.55721733  0.93961936 -6.93323769 -1.11054526  1.05604436 -0.10549142]]
[[ 0.55672836  0.93690858 -6.93710736 -1.10791477  1.05467549 -0.10491382]]
[[ 0.55230152  0.9373784  -6.93398451 -1.11060416  1.05906994 -0.10760981]]
[[ 0.56509439  0.93615776 -6.93418878 -1.1118571   1.05014454 -0.0995352 ]]
[[ 0.56492412  0.94012422 -6.93526783 -1.10816741  1.05130065 -0.10175932]]
[[ 0.55633093  0.93874862 -6.93464058 -1.10974945  1.05627196 -0.10591447]]
[[ 0.55991436  0.93961644 -6.9359994  -1.10789904  1.05463919 -0.10452906]]
[[ 0.56376709  0.93738777 -6.93552479 -1.1095013   1.05256714 -0.10145816]]
[[ 0.56238962  0.93580816 -6.93915787 -1.10852235  1.05241856 -0.10148888]]
[[ 0.55659565  0.93641688 -6.93469538 -1.11179187  1.05880127 -0.10509171]]
[[ 0.5671661   0.93808451 -6.93393446 -1.11113494  1.05059159 -0.09946805]]
[[ 0.56737895  0.94283658 -6.93293714 -1.10869737  1.0517054  -0.10162904]]
[[ 0.56679936  0.94038632 -6.93530639 -1.10912476  1.05128418 -0.10085301]]
[[ 0.55643686  0.93724168 -6.93548665 -1.11077135  1.05941722 -0.105646  ]]
[[ 0.57075398  0.93833263 -6.93732575 -1.11008868  1.04989021 -0.0978588 ]]
[[ 0.56739281  0.94511661 -6.9355785  -1.10643827  1.05294433 -0.10293223]]
[[ 0.5708174   0.93682649 -6.93759464 -1.10878009  1.0496357  -0.09742317]]
[[ 0.5622273   0.9339065  -6.93603232 -1.11072422  1.05715409 -0.10127182]]
[[ 0.57598173  0.93359449 -6.93629506 -1.10916204  1.04878817 -0.09346589]]
[[ 0.57462196  0.93608471 -6.9345027  -1.10927195  1.05082745 -0.09529384]]
[[ 0.56949582  0.93306964 -6.93545668 -1.11130488  1.05356469 -0.0969089 ]]
[[ 0.56805856  0.93334539 -6.93463924 -1.11207614  1.05534723 -0.097913  ]]
[[ 0.57623     0.93843321 -6.9327218  -1.10951538  1.05152854 -0.0956515 ]]
[[ 0.57878655  0.93848228 -6.93303847 -1.10968832  1.05069302 -0.09432581]]
[[ 0.57306875  0.93544418 -6.9351393  -1.11113488  1.0545966  -0.09623406]]
[[ 0.57674048  0.93664921 -6.935668   -1.11068992  1.05194309 -0.09465352]]
[[ 0.58166568  0.93917362 -6.93443248 -1.10985116  1.04936202 -0.09299243]]
[[ 0.57744495  0.93989306 -6.93419368 -1.11057326  1.05258196 -0.09565153]]
[[ 0.58163207  0.94072395 -6.93478025 -1.10985948  1.04964283 -0.09366078]]
[[ 0.58677373  0.9408185  -6.93337613 -1.11098701  1.04807007 -0.09075399]]
[[ 0.58082408  0.9409752  -6.93340858 -1.11117168  1.05196296 -0.09422445]]
[[ 0.57929448  0.94156472 -6.9332256  -1.1100677   1.05189413 -0.09527478]]
[[ 0.5797287   0.94156594 -6.93123087 -1.11059374  1.05211695 -0.09510955]]
[[ 0.57599364  0.93923035 -6.93450559 -1.11049238  1.0525208  -0.09612466]]
[[ 0.57546233  0.93867692 -6.93327977 -1.11234247  1.05203233 -0.09586967]]
[[ 0.57502188  0.93865808 -6.93491182 -1.11084113  1.05210844 -0.0962724 ]]
[[ 0.57642139  0.94057754 -6.93400427 -1.11027247  1.05144556 -0.09634199]]
[[ 0.57708123  0.94468363 -6.9319331  -1.10894792  1.05195415 -0.09788082]]
[[ 0.57718841  0.94106676 -6.93058239 -1.11209837  1.05280556 -0.09616178]]
[[ 0.57239929  0.94276217 -6.92899691 -1.11319852  1.05669548 -0.09957374]]
[[ 0.57351615  0.93960006 -6.9310242  -1.11218787  1.05458518 -0.09760871]]
[[ 0.57572775  0.9392872  -6.93060052 -1.1122632   1.05420505 -0.09632534]]
[[ 0.58058696  0.93840151 -6.93275185 -1.11038666  1.05021127 -0.09330937]]
[[ 0.58233442  0.93971898 -6.93072479 -1.11102371  1.05060953 -0.09300798]]
[[ 0.57836691  0.93739438 -6.93084578 -1.11363011  1.05063298 -0.09376235]]
[[ 0.57402507  0.93991386 -6.92865163 -1.11276357  1.05477638 -0.0974839 ]]
[[ 0.57660587  0.9354333  -6.92890185 -1.11383629  1.05162622 -0.0940064 ]]
[[ 0.57282834  0.93595054 -6.92713269 -1.11479511  1.05510038 -0.09640717]]
[[ 0.57415919  0.93812908 -6.92978765 -1.11228113  1.05153437 -0.09638084]]
[[ 0.57326567  0.93546886 -6.92798504 -1.11425508  1.05353156 -0.0958778 ]]
[[ 0.57010777  0.93572503 -6.93026901 -1.11373099  1.05436119 -0.09760518]]
[[ 0.57052805  0.9369707  -6.92941395 -1.11291959  1.05399795 -0.0979187 ]]
[[ 0.56841528  0.94115072 -6.9301914  -1.11230695  1.05418883 -0.10059131]]
[[ 0.56798479  0.93797057 -6.92981185 -1.113586    1.05451141 -0.09949173]]
[[ 0.57032236  0.94146355 -6.92582999 -1.11436206  1.05439974 -0.09955331]]
[[ 0.56841305  0.94460765 -6.92538106 -1.11360788  1.05578617 -0.10192033]]
[[ 0.56775035  0.94347361 -6.92392271 -1.11476881  1.0576192  -0.10193245]]
[[ 0.567683    0.94598435 -6.92363638 -1.11334665  1.05816258 -0.10314893]]
[[ 0.56919783  0.94654111 -6.92059809 -1.11587154  1.05812883 -0.10233484]]
[[ 0.56437548  0.94505114 -6.91781105 -1.11879969  1.06146636 -0.10428231]]
[[ 0.5653251   0.94543999 -6.91810042 -1.1180646   1.05946896 -0.1037184 ]]
[[ 0.56243854  0.94583992 -6.91438843 -1.11915324  1.06270481 -0.10559432]]
[[ 0.56844248  0.94965587 -6.91074788 -1.11916728  1.06043595 -0.1038701 ]]
[[ 0.56444038  0.94880711 -6.90868056 -1.1222584   1.0640942  -0.10561598]]
[[ 0.56735861  0.94925318 -6.91071257 -1.12180299  1.06162439 -0.10414169]]
[[ 0.56568881  0.9494987  -6.90935893 -1.12177826  1.06365108 -0.10529055]]
[[ 0.5690337   0.95186255 -6.90740937 -1.12166638  1.06123293 -0.10426387]]
[[ 0.56550384  0.95230591 -6.90706221 -1.12163545  1.06263024 -0.10633611]]
[[ 0.56222986  0.95114378 -6.90442413 -1.12427601  1.06688593 -0.10774115]]
[[ 0.56547615  0.95176456 -6.9049561  -1.12366522  1.06449311 -0.10615648]]
[[ 0.56792893  0.9526391  -6.90415281 -1.1230114   1.06352962 -0.10520681]]
[[ 0.5687437   0.95234046 -6.90373041 -1.12290603  1.0634294  -0.10467527]]
[[ 0.56403073  0.95201597 -6.90141418 -1.12513811  1.06659417 -0.10702019]]
[[ 0.56308172  0.95376307 -6.90118845 -1.12489699  1.06847052 -0.10838589]]
[[ 0.56310109  0.95426623 -6.90110227 -1.12410789  1.06769734 -0.10850933]]
[[ 0.56702326  0.95321304 -6.90078431 -1.12418907  1.06619964 -0.10594284]]
[[ 0.5654364   0.9515794  -6.89896114 -1.12605015  1.06750155 -0.10608351]]
[[ 0.56519664  0.9507378  -6.89666793 -1.12734136  1.06879523 -0.10590449]]
[[ 0.56532273  0.95415541 -6.8966332  -1.12595559  1.06822491 -0.10721018]]
[[ 0.56161244  0.95311163 -6.89589772 -1.12626429  1.07020809 -0.10884551]]
[[ 0.56336135  0.95018015 -6.89484718 -1.12803199  1.07004496 -0.10663432]]
[[ 0.56239705  0.95130451 -6.89535478 -1.12683996  1.0707233  -0.10775625]]
[[ 0.5624242   0.95207612 -6.89483841 -1.1271375   1.06977823 -0.10785896]]
[[ 0.560979    0.95338555 -6.89381896 -1.12720141  1.07007418 -0.10909392]]
[[ 0.56096793  0.95237683 -6.89480532 -1.12746141  1.07109562 -0.10886301]]
[[ 0.56148676  0.95137947 -6.89554052 -1.12745827  1.06927899 -0.10794792]]
[[ 0.56103012  0.95276607 -6.89354764 -1.12765596  1.07032001 -0.10875251]]
[[ 0.5610989   0.95255218 -6.89445535 -1.12797551  1.06940343 -0.10849929]]
[[ 0.56113224  0.95333431 -6.89541016 -1.12720345  1.06933593 -0.10888161]]
[[ 0.56237511  0.95103501 -6.89842768 -1.12643041  1.06819277 -0.1073644 ]]
[[ 0.56160822  0.95027893 -6.89829988 -1.12677438  1.0689029  -0.10749702]]
[[ 0.56341602  0.95201939 -6.89617031 -1.1262738   1.06815258 -0.10728976]]
[[ 0.56354137  0.95195123 -6.89725221 -1.12610296  1.06805166 -0.10717975]]
[[ 0.55886087  0.95278128 -6.89654085 -1.12660244  1.06986852 -0.10994381]]
[[ 0.55536981  0.95250531 -6.89588115 -1.12680813  1.0716027  -0.1117104 ]]
[[ 0.55901104  0.95161775 -6.89529151 -1.12748094  1.06938585 -0.10925117]]
[[ 0.55785074  0.95146193 -6.89437608 -1.12722649  1.07068663 -0.10992052]]
[[ 0.55842942  0.95097804 -6.89516768 -1.12746484  1.07075669 -0.10946601]]
[[ 0.55664871  0.9513907  -6.89531161 -1.12737045  1.07071291 -0.11040303]]
[[ 0.55822629  0.95087008 -6.89598237 -1.12723573  1.06918273 -0.10931601]]
[[ 0.5520555   0.95338371 -6.89546018 -1.1276178   1.07321032 -0.11382006]]
[[ 0.55852194  0.95117638 -6.89728221 -1.12679483  1.0678062  -0.10915531]]
[[ 0.55385412  0.95117893 -6.89575215 -1.12817245  1.07200966 -0.11186675]]
[[ 0.55945383  0.9490624  -6.89458323 -1.12891132  1.06866629 -0.10779254]]
[[ 0.57487033  0.94468061 -6.898615   -1.13040006  1.05679191 -0.09681537]]
[[ 0.54850444  0.94808631 -6.89833381 -1.1261076   1.07487869 -0.11381321]]
[[ 0.55998657  0.94054575 -6.90129323 -1.12955408  1.06481204 -0.10345123]]
[[ 0.55944989  0.94677285 -6.89827112 -1.12638213  1.06715454 -0.10669035]]
[[ 0.56736859  0.95544213 -6.89911224 -1.11954424  1.05864393 -0.10585163]]
[[ 0.53168578  0.95432064 -6.89149731 -1.12704158  1.08807626 -0.1258891 ]]
[[ 0.5421659   0.95824666 -6.89142755 -1.12422756  1.08087719 -0.12162953]]
[[ 0.54901865  0.95825049 -6.89005885 -1.12387558  1.07749782 -0.11782938]]
[[ 0.56466346  0.95833823 -6.88818725 -1.12510155  1.06737473 -0.10888867]]
[[ 0.54678994  0.95544353 -6.89048256 -1.12657086  1.07690895 -0.11752925]]
[[ 0.55816153  0.94442489 -6.89228096 -1.13202415  1.0694206  -0.10617051]]
[[ 0.55574057  0.94633857 -6.89061052 -1.13114036  1.07122608 -0.10847938]]
[[ 0.57055236  0.95376739 -6.88805683 -1.12817501  1.06147133 -0.10316939]]
[[ 0.57675711  0.9498804  -6.89116719 -1.12847018  1.05687293 -0.0980067 ]]
[[ 0.57743023  0.94084201 -6.89330835 -1.13303051  1.05434705 -0.09337592]]
[[ 0.56154781  0.94523364 -6.89047273 -1.1314933   1.06600224 -0.10451176]]
[[ 0.56726054  0.94366197 -6.89004731 -1.13390724  1.06212013 -0.10028468]]
[[ 0.56421123  0.95035044 -6.88897941 -1.1297573   1.06494336 -0.10521237]]
[[ 0.56445153  0.95181624 -6.8907923  -1.12778036  1.06298258 -0.10563162]]
[[ 0.53989791  0.95398097 -6.88672326 -1.12810187  1.08153779 -0.12089539]]
[[ 0.52890517  0.95215186 -6.88642171 -1.1296703   1.08952159 -0.12649444]]
[[ 0.53774762  0.95305738 -6.88543242 -1.12912468  1.0845312  -0.12199077]]
[[ 0.54475021  0.95200354 -6.88522443 -1.12958957  1.07968638 -0.11744519]]
[[ 0.54963175  0.94806055 -6.887291   -1.13110783  1.07328381 -0.11254939]]
[[ 0.56355917  0.95401631 -6.88918796 -1.12558424  1.06293811 -0.10724169]]
[[ 0.56765826  0.94711387 -6.89011477 -1.13123985  1.06241895 -0.10184891]]
[[ 0.57457444  0.94063338 -6.88993614 -1.13522463  1.05708408 -0.09482814]]
[[ 0.57002432  0.93914261 -6.88798051 -1.13591419  1.05986552 -0.09669215]]
[[ 0.56661072  0.95088178 -6.88520138 -1.12859626  1.06169121 -0.1039354 ]]
[[ 0.54916645  0.95453101 -6.88145164 -1.12865359  1.0743878  -0.11566135]]
[[ 0.51350574  0.94269106 -6.87992008 -1.13843158  1.09633949 -0.13019791]]
[[ 0.52809765  0.93543598 -6.87784492 -1.1467703   1.08914282 -0.11827353]]
[[ 0.54762009  0.96249687 -6.88598788 -1.11698867  1.07141978 -0.12013707]]
[[ 0.5582926   0.95728285 -6.88013973 -1.1274384   1.06757779 -0.11134904]]
[[ 0.5238905   0.94012803 -6.87779701 -1.14213156  1.09117147 -0.12308121]]
[[ 0.52239454  0.94425189 -6.87905058 -1.13622456  1.09156408 -0.1261268 ]]
[[ 0.53938117  0.95029576 -6.87571536 -1.13401912  1.08269575 -0.11920244]]
[[ 0.55543734  0.95822094 -6.87418068 -1.13010017  1.07317799 -0.11359416]]
[[ 0.53890618  0.94634193 -6.87280327 -1.1405343   1.08393962 -0.11734667]]
[[ 0.53424423  0.9481788  -6.87450063 -1.1366957   1.08640851 -0.12101501]]
[[ 0.54275314  0.95065534 -6.87663089 -1.13370052  1.08003663 -0.11730929]]
[[ 0.54278877  0.94604211 -6.87488639 -1.13642565  1.08040412 -0.11530492]]
[[ 0.54038566  0.94451723 -6.87264584 -1.13974924  1.08357848 -0.11602   ]]
[[ 0.53963351  0.94508278 -6.87096947 -1.13946919  1.08542271 -0.11688719]]
[[ 0.54557063  0.94751341 -6.86999174 -1.13833137  1.08159436 -0.11451721]]
[[ 0.54120468  0.94689562 -6.8696819  -1.13934823  1.08427863 -0.11659843]]
[[ 0.5441396   0.94789069 -6.86958526 -1.13862416  1.08328157 -0.11549907]]
[[ 0.54777161  0.94853301 -6.86889542 -1.13968468  1.08069697 -0.11348617]]
[[ 0.54259567  0.94920289 -6.86731048 -1.14078536  1.08513427 -0.11678434]]
[[ 0.54489306  0.95098091 -6.86660553 -1.13910633  1.08500535 -0.11652327]]
[[ 0.54799056  0.95125903 -6.86482233 -1.1409004   1.0846077  -0.11488663]]
[[ 0.54790518  0.94934168 -6.86586108 -1.14094541  1.08367849 -0.11404021]]
[[ 0.54758627  0.94705504 -6.8643988  -1.14274825  1.0836857  -0.11308096]]
[[ 0.54946792  0.94659237 -6.86678581 -1.14079555  1.08178844 -0.11193864]]
[[ 0.54116302  0.94719028 -6.86929164 -1.13933744  1.08537561 -0.1168602 ]]
[[ 0.54370766  0.94562195 -6.86960838 -1.1395416   1.0841026  -0.11483871]]
[[ 0.53900426  0.94791754 -6.86554862 -1.14024459  1.08907209 -0.11863172]]
[[ 0.54030244  0.94419034 -6.86804863 -1.14028218  1.08554166 -0.11605218]]
[[ 0.53759373  0.94502928 -6.86790955 -1.1391748   1.08774444 -0.11818464]]
[[ 0.54039423  0.94299751 -6.86690989 -1.14131081  1.0855707  -0.11551721]]
[[ 0.54159114  0.93980352 -6.86658232 -1.14319623  1.085019   -0.11353698]]
[[ 0.54549954  0.94873871 -6.86475797 -1.13808536  1.08450308 -0.11549783]]
[[ 0.54033983  0.94552654 -6.86633449 -1.13921999  1.08998798 -0.11740265]]
[[ 0.55087815  0.93985677 -6.86976926 -1.14267032  1.07855538 -0.10804001]]
[[ 0.50310423  0.94671785 -6.86216397 -1.14102071  1.1187468  -0.1395223 ]]
[[ 0.54631316  0.94517388 -6.86905151 -1.13908977  1.08122987 -0.11309301]]
[[ 0.53423446  0.94739059 -6.85308627 -1.14862747  1.10070296 -0.12135426]]
[[ 0.57352724  0.94665595 -6.8622491  -1.14306999  1.07044454 -0.09851854]]
[[ 0.56920371  0.93467397 -6.86020463 -1.15122613  1.07502826 -0.09573151]]
[[ 0.56746013  0.93748806 -6.85281544 -1.15340907  1.07875352 -0.09791817]]
[[ 0.55955621  0.94078022 -6.84836551 -1.15439823  1.08544744 -0.10372638]]
[[ 0.54491201  0.94803618 -6.84615111 -1.14999458  1.09744511 -0.11582593]]
[[ 0.55205734  0.95155756 -6.84331465 -1.14984706  1.09265195 -0.11308494]]
[[ 0.53994595  0.94484403 -6.84072486 -1.1567968   1.10300647 -0.11704349]]
[[ 0.54357535  0.94473059 -6.83847401 -1.15740986  1.10093472 -0.11491307]]
[[ 0.5503108   0.94584007 -6.84118943 -1.15368759  1.0945124  -0.11163775]]
[[ 0.54594781  0.94668515 -6.83923821 -1.1548552   1.09784535 -0.1143724 ]]
[[ 0.54967909  0.94391315 -6.84040214 -1.15564576  1.09514966 -0.11105945]]
[[ 0.5487637   0.94452239 -6.84189406 -1.15492006  1.09670133 -0.11206274]]
[[ 0.55727802  0.94348775 -6.84351307 -1.15396049  1.08890135 -0.10658313]]
[[ 0.55639856  0.94202763 -6.84257333 -1.15549016  1.09102022 -0.10656231]]
[[ 0.55333939  0.94475998 -6.84166391 -1.1541885   1.09247714 -0.10945699]]
[[ 0.55240333  0.94427735 -6.84174472 -1.15585434  1.09302397 -0.10954425]]
[[ 0.55356642  0.94316148 -6.84396446 -1.15458714  1.09163632 -0.1085326 ]]
[[ 0.55290008  0.9465606  -6.84147825 -1.1540202   1.0930608  -0.11044033]]
[[ 0.55821747  0.94306509 -6.83860319 -1.15714797  1.09022173 -0.10578984]]
[[ 0.55910678  0.94454936 -6.83447629 -1.15940895  1.09377162 -0.10617005]]
[[ 0.55915363  0.94522672 -6.83578423 -1.15869871  1.09291057 -0.10640201]]
[[ 0.55718475  0.94640907 -6.83500645 -1.15757917  1.09534052 -0.10824541]]
[[ 0.56301608  0.94332857 -6.83422063 -1.16014719  1.09031588 -0.1032704 ]]
[[ 0.56295946  0.94459914 -6.83138618 -1.16045857  1.09105907 -0.1039086 ]]
[[ 0.55924766  0.9446416  -6.83134365 -1.16118085  1.09261034 -0.10581655]]
[[ 0.55607409  0.94672325 -6.83140375 -1.16026321  1.09491668 -0.10861793]]
[[ 0.5550699   0.94914342 -6.82833374 -1.1609329   1.09509445 -0.1099576 ]]
[[ 0.55955286  0.9501632  -6.82863454 -1.16090204  1.09242778 -0.1077992 ]]
[[ 0.55889798  0.94613533 -6.82718588 -1.16367725  1.09441773 -0.10651959]]
[[ 0.56051501  0.94703277 -6.82523948 -1.16436473  1.09452897 -0.10607772]]
[[ 0.5652577   0.95067501 -6.82264966 -1.16396625  1.09498437 -0.10529408]]
[[ 0.56843762  0.95084827 -6.82182133 -1.16400562  1.09349018 -0.10364578]]
[[ 0.56017523  0.94968789 -6.81934978 -1.16568556  1.10137003 -0.1080559 ]]
[[ 0.5648498   0.95039356 -6.81781601 -1.16664911  1.09856559 -0.10555017]]
[[ 0.56469971  0.95207915 -6.81544508 -1.16682563  1.09959438 -0.10644254]]
[[ 0.56629777  0.94988146 -6.81471702 -1.16864327  1.09837922 -0.10439249]]
[[ 0.56160597  0.9494003  -6.81674847 -1.16774935  1.10009363 -0.10678911]]
[[ 0.56196919  0.95006572 -6.82044454 -1.16563046  1.09761033 -0.10679158]]
[[ 0.56171683  0.9491947  -6.82061017 -1.1638625   1.09920597 -0.10695374]]
[[ 0.56401263  0.9477699  -6.8222243  -1.16425578  1.09602751 -0.10480105]]
[[ 0.56544751  0.94888354 -6.8226575  -1.16490856  1.09540809 -0.10426441]]
[[ 0.56890299  0.94921101 -6.82633486 -1.16199923  1.09080874 -0.10248075]]
[[ 0.56445572  0.94916683 -6.82649344 -1.16212746  1.09488263 -0.10516982]]
[[ 0.56432795  0.95040846 -6.82913732 -1.16122512  1.09437286 -0.10574785]]
[[ 0.56609252  0.95287794 -6.8308065  -1.1591004   1.0928842  -0.10585435]]
[[ 0.5631862   0.95335444 -6.82755514 -1.16063135  1.09470197 -0.10757321]]
[[ 0.56400026  0.95324505 -6.82575684 -1.16160835  1.09582727 -0.10718891]]
[[ 0.56689853  0.95094742 -6.826785   -1.16266061  1.09337204 -0.10437166]]
[[ 0.56270579  0.95199719 -6.8276605  -1.16153291  1.09650088 -0.10736941]]
[[ 0.56762834  0.95276781 -6.8294671  -1.15954921  1.09215217 -0.10486013]]
[[ 0.56263497  0.95361378 -6.83140327 -1.15856568  1.09387717 -0.10801688]]
[[ 0.5613928   0.95241327 -6.83303226 -1.15833484  1.0944297  -0.10819649]]
[[ 0.56063191  0.95214216 -6.83230951 -1.15860402  1.09558488 -0.10853597]]
[[ 0.55971523  0.95445255 -6.8338103  -1.15683112  1.095057   -0.10999776]]
[[ 0.55982786  0.95554514 -6.83344768 -1.15675401  1.09429134 -0.11019177]]
[[ 0.55790763  0.95527554 -6.83243251 -1.15792911  1.09585223 -0.11109455]]
[[ 0.56151856  0.95349201 -6.83212525 -1.15928305  1.09216507 -0.10803895]]
[[ 0.55503022  0.95079596 -6.83170695 -1.15962715  1.09926864 -0.11115808]]
[[ 0.5624221   0.95369324 -6.83297647 -1.15707805  1.09253763 -0.10809795]]
[[ 0.56084597  0.95228684 -6.83202301 -1.15782369  1.09468688 -0.10855564]]
[[ 0.56346621  0.9502304  -6.83048291 -1.16009399  1.09388814 -0.10611771]]
[[ 0.56024451  0.95055654 -6.82943629 -1.16051107  1.09616197 -0.10801182]]
[[ 0.5612211   0.95380429 -6.8254767  -1.1600717   1.09727634 -0.10904401]]
[[ 0.55866235  0.9529283  -6.82541009 -1.16095348  1.09942705 -0.11011733]]
[[ 0.55991839  0.94922975 -6.82706441 -1.16221946  1.09748558 -0.1076929 ]]
[[ 0.56896244  0.94943674 -6.82812113 -1.16109873  1.09092726 -0.10259724]]
[[ 0.56987255  0.94966809 -6.82672119 -1.16209689  1.09023471 -0.10202966]]
[[ 0.564156    0.94963411 -6.82558278 -1.16245905  1.09504395 -0.10542604]]
[[ 0.56435     0.94893361 -6.82792012 -1.16149791  1.09307288 -0.10487224]]
[[ 0.56070132  0.9479374  -6.82768838 -1.16157309  1.09639702 -0.10666821]]
[[ 0.56478924  0.94769902 -6.82771127 -1.16166346  1.09381269 -0.10426053]]
[[ 0.56512841  0.94839907 -6.82952242 -1.16018975  1.09262087 -0.10438372]]
[[ 0.55760446  0.95024203 -6.82835271 -1.1601401   1.09728223 -0.10937472]]
[[ 0.55789917  0.94939283 -6.83008546 -1.15951842  1.09613499 -0.10880916]]
[[ 0.5591274   0.94900578 -6.82925005 -1.15969081  1.09702007 -0.10820488]]
[[ 0.56474859  0.94820007 -6.82918473 -1.16079761  1.09383569 -0.10461524]]
[[ 0.55807898  0.95027689 -6.82540064 -1.16182859  1.09962565 -0.10942266]]
[[ 0.56108513  0.95057895 -6.82822241 -1.15991277  1.09584843 -0.10773908]]
[[ 0.56282649  0.94986862 -6.82856124 -1.16022962  1.09472319 -0.10646688]]
[[ 0.56131282  0.94826182 -6.82609163 -1.1628944   1.09730552 -0.10659172]]
[[ 0.56561425  0.94970126 -6.82354888 -1.16322631  1.09688197 -0.1049484 ]]
[[ 0.56475001  0.94907183 -6.82279091 -1.16345235  1.09713705 -0.1050176 ]]
[[ 0.56384854  0.95034117 -6.82039291 -1.16440975  1.09871186 -0.10607049]]
[[ 0.56851297  0.94933259 -6.81810876 -1.1656357   1.09593553 -0.10292118]]
[[ 0.56307023  0.9502407  -6.81519037 -1.16731803  1.10074529 -0.1063964 ]]
[[ 0.56745292  0.94749583 -6.81583885 -1.16812991  1.09808298 -0.10285191]]
[[ 0.56396501  0.94823262 -6.81056043 -1.16982532  1.1020802  -0.10522113]]
[[ 0.56456536  0.94868516 -6.80655539 -1.17189957  1.10180972 -0.10473478]]
[[ 0.5634377   0.94780433 -6.80372612 -1.1741594   1.10284534 -0.10488859]]
[[ 0.56278537  0.94929649 -6.80164101 -1.17419532  1.1051528  -0.10608048]]
[[ 0.56636773  0.94894339 -6.8030182  -1.17408642  1.10224978 -0.10379448]]
[[ 0.5652817   0.94798172 -6.80194316 -1.17428394  1.10385234 -0.10414904]]
[[ 0.56681551  0.94789763 -6.80069994 -1.17488985  1.10348353 -0.103246  ]]
[[ 0.566268    0.94712143 -6.80001655 -1.17582957  1.10446638 -0.10329183]]
[[ 0.56518596  0.94611915 -6.79940678 -1.17540501  1.10532712 -0.10361987]]
[[ 0.56562031  0.94421749 -6.79976003 -1.17601515  1.1051024  -0.1025545 ]]
[[ 0.56385321  0.94529749 -6.7979182  -1.176154    1.10635115 -0.10397437]]
[[ 0.56141799  0.94576374 -6.79721706 -1.17611259  1.10862031 -0.10556425]]
[[ 0.56046318  0.94566626 -6.79768781 -1.176234    1.10786579 -0.10588306]]
[[ 0.55784923  0.94613321 -6.79692663 -1.17671911  1.10996759 -0.10754376]]
[[ 0.56101056  0.94465432 -6.79660267 -1.17608216  1.10777073 -0.10524737]]
[[ 0.5597508   0.9436045  -6.7953029  -1.17869191  1.10878374 -0.10524184]]
[[ 0.56005831  0.94605068 -6.79382328 -1.17866232  1.10832076 -0.1060234 ]]
[[ 0.56002568  0.94773959 -6.79500768 -1.17689683  1.10810131 -0.10687994]]
[[ 0.55586684  0.94866028 -6.79635377 -1.17564903  1.10992917 -0.1096247 ]]
[[ 0.55566489  0.95106374 -6.79700018 -1.1745221   1.11020293 -0.11080422]]
[[ 0.54800744  0.95214321 -6.79254832 -1.1774573   1.11665375 -0.11544025]]
[[ 0.55056954  0.9523229  -6.79120738 -1.17762779  1.11707678 -0.11442457]]
[[ 0.5431736   0.95351435 -6.79037012 -1.17712182  1.12169117 -0.11915149]]
[[ 0.54549044  0.94324486 -6.79341229 -1.18436548  1.11955876 -0.1129401 ]]
[[ 0.58070383  0.95610825 -6.79553308 -1.17123349  1.09671663 -0.09918703]]
[[ 0.58249565  0.94974488 -6.79576142 -1.17761809  1.09546867 -0.09500378]]
[[ 0.60593484  0.95085964 -6.79615961 -1.17489003  1.08033927 -0.0822582 ]]
[[ 0.61262471  0.9452695  -6.79400506 -1.1796159   1.07656199 -0.07572065]]
[[ 0.6032025   0.94304147 -6.79614984 -1.1805964   1.08142135 -0.07999114]]
[[ 0.58571446  0.94978329 -6.79559027 -1.1775651   1.09352119 -0.09293874]]
[[ 0.58333591  0.95159327 -6.79282485 -1.17782474  1.09472428 -0.09502168]]
[[ 0.57680419  0.95146928 -6.79260013 -1.17771787  1.10006219 -0.09881439]]
[[ 0.57145462  0.95033789 -6.79035567 -1.17860374  1.10394055 -0.10153899]]
[[ 0.56751342  0.95179674 -6.79010367 -1.17746429  1.10595788 -0.10447599]]
[[ 0.56584682  0.95378506 -6.78885752 -1.17787829  1.1067321  -0.106037  ]]
[[ 0.56210145  0.95711655 -6.78772915 -1.17656216  1.11044308 -0.10987135]]
[[ 0.5593398   0.95182828 -6.79004576 -1.17890992  1.11236201 -0.10910563]]
[[ 0.5603607   0.95527115 -6.78676739 -1.17834689  1.11264    -0.11001422]]
[[ 0.56833583  0.95157354 -6.78670007 -1.1815256   1.10632243 -0.10344709]]
[[ 0.56084507  0.95623712 -6.7838107  -1.18020798  1.11199952 -0.1098137 ]]
[[ 0.56418698  0.95482956 -6.78180393 -1.18250022  1.11077316 -0.10721637]]
[[ 0.56668027  0.95712244 -6.78195745 -1.18157917  1.10969525 -0.10689449]]
[[ 0.55937863  0.95742212 -6.77956088 -1.18187803  1.11549638 -0.11126546]]
[[ 0.56555673  0.95613368 -6.77903422 -1.18313272  1.11162343 -0.10713307]]
[[ 0.56124916  0.95752684 -6.77783424 -1.18417034  1.11499282 -0.11008896]]
[[ 0.56210981  0.95653016 -6.77688793 -1.18494581  1.11381075 -0.10904494]]
[[ 0.56081583  0.95429874 -6.7757079  -1.18630689  1.11663098 -0.10904402]]
[[ 0.56164346  0.95644776 -6.77368536 -1.18567892  1.11600623 -0.10949182]]
[[ 0.56326738  0.95570742 -6.77357942 -1.1859974   1.11464531 -0.10815218]]
[[ 0.56083018  0.95439519 -6.77162049 -1.18724075  1.11629262 -0.10895381]]
[[ 0.55995824  0.95430849 -6.77266303 -1.18686221  1.11702438 -0.10943828]]
[[ 0.56331742  0.95396987 -6.7726477  -1.18711122  1.11561997 -0.10744179]]
[[ 0.55972166  0.95360811 -6.77354124 -1.18685821  1.11655183 -0.10924182]]
[[ 0.56017507  0.95494782 -6.77152288 -1.18691068  1.11697444 -0.10962859]]
[[ 0.55955272  0.95469945 -6.77012597 -1.18775819  1.11812107 -0.1098775 ]]
[[ 0.55923455  0.95392035 -6.76558433 -1.19031504  1.11958811 -0.10971143]]
[[ 0.55982039  0.95566331 -6.76357546 -1.1908431   1.11981945 -0.11007433]]
[[ 0.55783632  0.95676834 -6.76253837 -1.1916129   1.12125639 -0.11153557]]
[[ 0.55842497  0.95612118 -6.76023975 -1.19211343  1.12132665 -0.1109179 ]]
[[ 0.55528483  0.95685184 -6.75932915 -1.19295334  1.12306994 -0.11282909]]
[[ 0.55314445  0.95588594 -6.75635177 -1.1941886   1.12576388 -0.11379478]]
[[ 0.55593369  0.95755665 -6.75561741 -1.1943425   1.12457059 -0.11289787]]
[[ 0.55680191  0.95504787 -6.75186701 -1.19762067  1.1251009  -0.11121146]]
[[ 0.5546451   0.95660849 -6.75157385 -1.19750368  1.12685505 -0.11310944]]
[[ 0.55792458  0.95719779 -6.75108501 -1.19731274  1.12681315 -0.11174336]]
[[ 0.56057743  0.95925908 -6.75234425 -1.19553167  1.12481892 -0.11120273]]
[[ 0.56082348  0.95874937 -6.75209308 -1.19627112  1.12510937 -0.11078201]]
[[ 0.56056428  0.95749031 -6.75101057 -1.19754351  1.12613695 -0.11046188]]
[[ 0.55962069  0.95721193 -6.75000381 -1.197651    1.12805698 -0.11107374]]
[[ 0.56274462  0.95808775 -6.74680164 -1.1986874   1.12745191 -0.10975026]]
[[ 0.56217574  0.95868164 -6.7464603  -1.19754942  1.1283533  -0.11053795]]
[[ 0.56296527  0.95579287 -6.74593049 -1.20048023  1.12711859 -0.108518  ]]
[[ 0.56524497  0.95995294 -6.74444807 -1.19924395  1.12602962 -0.10902821]]
[[ 0.55753024  0.95656132 -6.74403865 -1.20212922  1.13088929 -0.11186235]]
[[ 0.55431531  0.95996151 -6.74096224 -1.20099745  1.1351475  -0.11541658]]
[[ 0.57231506  0.95738026 -6.74343607 -1.20211027  1.1216233  -0.10368988]]
[[ 0.57199637  0.96168072 -6.74141816 -1.20061049  1.12441928 -0.10604688]]
[[ 0.60254199  0.95405612 -6.74316738 -1.20440373  1.10217708 -0.08481662]]
[[ 0.62364919  0.95466988 -6.74730503 -1.2005561   1.08727509 -0.07314144]]
[[ 0.59041961  0.95568675 -6.74441389 -1.20123098  1.11307858 -0.09298884]]
[[ 0.59650719  0.96032398 -6.74373827 -1.1986013   1.10565532 -0.09120443]]
[[ 0.57024634  0.96859558 -6.73630026 -1.19626234  1.12639278 -0.11028221]]
[[ 0.54167403  0.95284902 -6.73831661 -1.20703829  1.14678564 -0.11963315]]
[[ 0.55052445  0.95969011 -6.73612056 -1.20487208  1.13968233 -0.11728101]]
[[ 0.56582052  0.97009686 -6.73749139 -1.19674321  1.12907489 -0.11324231]]
[[ 0.56533107  0.96427696 -6.73750729 -1.20050999  1.12915742 -0.1108434 ]]
[[ 0.55807633  0.96274137 -6.73564904 -1.20174046  1.13604105 -0.11458175]]
[[ 0.5589112   0.96046856 -6.73435275 -1.20360739  1.13648988 -0.11316172]]
[[ 0.57955896  0.96187335 -6.73792404 -1.19982459  1.12018747 -0.10194174]]
[[ 0.57378213  0.96150917 -6.73573466 -1.20244698  1.12585339 -0.105018  ]]
[[ 0.56654355  0.96462684 -6.7354774  -1.20076141  1.13122086 -0.11064038]]
[[ 0.52052559  0.96397902 -6.72833797 -1.20555038  1.1643697  -0.13673725]]
[[ 0.56857684  0.95963215 -6.73293864 -1.20600975  1.12668208 -0.10665283]]
[[ 0.5677587   0.96826622 -6.72801177 -1.20406936  1.13167022 -0.11119443]]
[[ 0.55023273  0.96855656 -6.72491786 -1.20589072  1.14705394 -0.1217786 ]]
[[ 0.55947637  0.96543785 -6.72704408 -1.20507131  1.13771402 -0.11487452]]
[[ 0.55729476  0.96189843 -6.72346482 -1.20902002  1.14258691 -0.11478554]]
[[ 0.57346538  0.96327856 -6.72143103 -1.20975397  1.13239691 -0.10601567]]
[[ 0.55706081  0.96237956 -6.7181454  -1.21213923  1.14665361 -0.11526868]]
[[ 0.55639643  0.96263826 -6.71866168 -1.21081771  1.14543766 -0.11569131]]
[[ 0.55242041  0.96640244 -6.71642633 -1.21033819  1.14845566 -0.11946267]]
[[ 0.56636494  0.96302447 -6.71494864 -1.21315227  1.14010117 -0.10996632]]
[[ 0.56888416  0.96536098 -6.71423103 -1.21280724  1.13953438 -0.10959652]]
[[ 0.57131498  0.96458511 -6.71380253 -1.2133464   1.13842012 -0.10795693]]
[[ 0.55936821  0.96451901 -6.71310834 -1.21412885  1.14755281 -0.11488414]]
[[ 0.56599447  0.96284819 -6.71155097 -1.21525739  1.14333178 -0.11040901]]
[[ 0.56322516  0.96321456 -6.71117536 -1.21618507  1.14451472 -0.11188055]]
[[ 0.56648313  0.96367777 -6.71007101 -1.21688996  1.14300984 -0.110122  ]]
[[ 0.56639349  0.96577922 -6.70884988 -1.21585153  1.14340099 -0.1110687 ]]
[[ 0.56462734  0.96451044 -6.70746639 -1.21695984  1.14552712 -0.11169841]]
[[ 0.56499565  0.96264612 -6.70706556 -1.21830842  1.14556455 -0.11060199]]
[[ 0.56827819  0.96408059 -6.70421797 -1.21923741  1.14408047 -0.10931613]]
[[ 0.56891542  0.96548674 -6.70364234 -1.21888438  1.14418579 -0.10958833]]
[[ 0.56606253  0.96473189 -6.70417937 -1.21935474  1.14544025 -0.11086571]]
[[ 0.56611518  0.96752546 -6.7034355  -1.21802911  1.14716783 -0.11229948]]
[[ 0.56753019  0.96657089 -6.7017668  -1.21947375  1.14805256 -0.11128217]]
[[ 0.5652648   0.97006148 -6.69875916 -1.22041739  1.15010345 -0.11388566]]
[[ 0.56849417  0.96942744 -6.69915843 -1.221462    1.14765173 -0.11157844]]
[[ 0.56947888  0.96963413 -6.6964298  -1.22273311  1.14741277 -0.11101   ]]
[[ 0.567976    0.96978719 -6.69490644 -1.22220629  1.1494036  -0.11215259]]
[[ 0.57135419  0.96962269 -6.6948819  -1.22328408  1.14843823 -0.11026261]]
[[ 0.56869812  0.97035155 -6.69111029 -1.22519316  1.15068958 -0.11192281]]
[[ 0.57059435  0.97141003 -6.69019946 -1.22463721  1.14989678 -0.11133888]]
[[ 0.57037677  0.97035002 -6.69035841 -1.2252301   1.14882018 -0.11076659]]
[[ 0.56732296  0.96956841 -6.68832545 -1.22705569  1.15091947 -0.11203948]]
[[ 0.57114685  0.97141144 -6.68923104 -1.22630957  1.14984369 -0.11079542]]
[[ 0.56983472  0.97435106 -6.68496932 -1.22669196  1.15327922 -0.11306104]]
[[ 0.57260471  0.97207033 -6.68837571 -1.22469452  1.1501584  -0.11059216]]
[[ 0.56816321  0.96918606 -6.68839416 -1.22649722  1.15291772 -0.11174568]]
[[ 0.56744085  0.96864093 -6.6891765  -1.22630012  1.15183889 -0.1117828 ]]
[[ 0.57893235  0.9681065  -6.69016529 -1.22646288  1.14338538 -0.1048143 ]]
[[ 0.57313989  0.96997233 -6.68727025 -1.22659153  1.14984477 -0.10915496]]
[[ 0.57315665  0.9680022  -6.68749672 -1.2265607   1.15026123 -0.1085933 ]]
[[ 0.56657618  0.97021646 -6.6870242  -1.2265442   1.154641   -0.11321897]]
[[ 0.57271959  0.96682183 -6.6873298  -1.22790182  1.15070491 -0.10830821]]
[[ 0.57622224  0.97113328 -6.68566196 -1.22692157  1.14981201 -0.10826319]]
[[ 0.57276259  0.96786732 -6.68700802 -1.22816017  1.15090209 -0.10863941]]
[[ 0.57124521  0.97015548 -6.68674721 -1.22678976  1.1528432  -0.11064958]]
[[ 0.57174503  0.9729759  -6.68617745 -1.22632264  1.15352844 -0.11169647]]
[[ 0.56823427  0.97272186 -6.68696428 -1.22622819  1.15598445 -0.11362172]]
[[ 0.5654419   0.97113332 -6.6847761  -1.22744335  1.15853706 -0.1145514 ]]
[[ 0.57477009  0.97083929 -6.68630115 -1.2270262   1.15275364 -0.10913254]]
[[ 0.57587578  0.97375221 -6.68510191 -1.22642642  1.15382612 -0.10987901]]
[[ 0.58031385  0.96989835 -6.68691838 -1.2266516   1.15133988 -0.10586775]]
[[ 0.57862333  0.97042565 -6.68404808 -1.22845323  1.15368215 -0.10704498]]
[[ 0.58143537  0.97038419 -6.68232557 -1.22862623  1.15346537 -0.10559443]]
[[ 0.58727432  0.9719425  -6.68083627 -1.22847124  1.15149742 -0.10312608]]
[[ 0.58269562  0.97290996 -6.67917447 -1.23042027  1.15568609 -0.10606252]]
[[ 0.58317432  0.97293592 -6.67866047 -1.23081214  1.1552196  -0.10571199]]
[[ 0.58376688  0.97376293 -6.67718198 -1.23077989  1.15486074 -0.1057397 ]]
[[ 0.58834171  0.97262398 -6.67914165 -1.23058062  1.15215079 -0.10274202]]
[[ 0.59262114  0.97223957 -6.67862954 -1.23125834  1.15176084 -0.1003587 ]]
[[ 0.58754816  0.9748578  -6.67735389 -1.23061996  1.15571394 -0.10446874]]
[[ 0.59097322  0.97351901 -6.6806431  -1.22909449  1.15178824 -0.10194453]]
[[ 0.58684539  0.97226212 -6.68054106 -1.22981351  1.15499438 -0.10386525]]
[[ 0.5906586   0.97148064 -6.68301972 -1.22834795  1.1508829  -0.10128409]]
[[ 0.59078444  0.97156248 -6.68258492 -1.22886612  1.15093099 -0.10125866]]
[[ 0.59041547  0.97139952 -6.68186059 -1.22978939  1.15122258 -0.10127577]]
[[ 0.59121333  0.97153713 -6.68326561 -1.2288856   1.15032217 -0.1008821 ]]
[[ 0.59044631  0.97437979 -6.68083447 -1.22936413  1.15186134 -0.10252239]]
[[ 0.59135296  0.97289033 -6.67864236 -1.23123409  1.15166946 -0.10130181]]
[[ 0.5909642   0.97427898 -6.67822993 -1.23247857  1.15245768 -0.10200703]]
[[ 0.59330326  0.97698536 -6.67813758 -1.23115115  1.15136382 -0.1019773 ]]
[[ 0.59321791  0.98311215 -6.67620741 -1.2279922   1.1534084  -0.10503268]]
[[ 0.57428409  0.97711575 -6.67936568 -1.23199468  1.16318249 -0.11268805]]
[[ 0.61157716  0.97228532 -6.68418517 -1.23229132  1.13734561 -0.08900536]]
[[ 0.60739703  0.97128721 -6.68689646 -1.23086628  1.14072816 -0.09120801]]
[[ 0.59753055  0.96933605 -6.69012318 -1.23245324  1.13941487 -0.0947571 ]]
[[ 0.56375876  0.99289749 -6.6858759  -1.21517637  1.16699815 -0.12599545]]
[[ 0.53606934  0.99499831 -6.6740774  -1.22358228  1.19131352 -0.14266876]]
[[ 0.54475206  0.9841498  -6.67872496 -1.22918997  1.18346356 -0.13262896]]
[[ 0.55826426  0.98762008 -6.68372961 -1.22369658  1.17377224 -0.12667377]]
[[ 0.59451744  0.98666614 -6.6850493  -1.22490455  1.14869588 -0.10527131]]
[[ 0.60618715  0.98589816 -6.6870387  -1.22506374  1.14202222 -0.09839876]]
[[ 0.60390316  0.97940264 -6.69224859 -1.22736082  1.1420159  -0.09675299]]
[[ 0.61344578  0.9814771  -6.6945036  -1.22432929  1.13426386 -0.09218132]]
[[ 0.62142184  0.98608557 -6.69404756 -1.22285544  1.12988121 -0.0895825 ]]
[[ 0.61779968  0.98416241 -6.69633503 -1.22309843  1.13136401 -0.09067221]]
[[ 0.61474694  0.98551336 -6.69605826 -1.22201753  1.13386729 -0.09314481]]
[[ 0.616816    0.98500195 -6.69622691 -1.22163959  1.13217354 -0.09176109]]
[[ 0.59517568  1.02075262 -6.6892644  -1.18673105  1.15598451 -0.11836667]]
[[ 0.61993622  1.09276805 -6.6795032  -1.12570352  1.14089187 -0.13425406]]
[[ 0.60175405  1.08540031 -6.636706   -1.15787667  1.17192704 -0.13972473]]
[[ 0.58055393  1.07682243 -6.65068529 -1.15859696  1.1819984  -0.14986857]]
[[ 0.60494215  1.06057859 -6.6686938  -1.16706051  1.15367616 -0.12980846]]
[[ 0.59250114  1.05710487 -6.66496225 -1.16627368  1.16583305 -0.13378429]]
[[ 0.56717055  1.0700543  -6.62103131 -1.19044492  1.19924809 -0.15527626]]
[[ 0.58194445  1.05240817 -6.64447895 -1.19312267  1.17732316 -0.13994188]]
[[ 0.59361852  1.02933112 -6.6548444  -1.20986349  1.16333585 -0.12293177]]
[[ 0.5855007   1.01976385 -6.66397496 -1.21330845  1.16558322 -0.12393592]]
[[ 0.5859895   1.00996224 -6.67168723 -1.21530354  1.16127639 -0.11979229]]
[[ 0.59766841  1.00652056 -6.67232824 -1.2198422   1.15200984 -0.11141751]]
[[ 0.59497269  1.0041042  -6.67420866 -1.22156968  1.15240928 -0.11190064]]
[[ 0.58727785  0.99805457 -6.67681243 -1.22363194  1.15768978 -0.11400514]]
[[ 0.59607211  0.99682946 -6.67496543 -1.22614742  1.15288725 -0.10848524]]
[[ 0.60936988  1.0253047  -6.64946926 -1.2064282   1.15402378 -0.11011672]]
[[ 0.64531804  1.15057749 -6.59847705 -1.11563596  1.14938036 -0.14160871]]
[[ 0.65714805  1.17340917 -6.57281763 -1.11976181  1.15479733 -0.14489824]]
[[ 0.66574053  1.16422344 -6.603944   -1.10668282  1.13330966 -0.13601178]]
[[ 0.62018824  1.07668611 -6.60999051 -1.18622005  1.16532016 -0.12417207]]
[[ 0.72697097  1.19564451 -6.44014988 -1.19706126  1.14385785 -0.10764916]]
[[ 0.70538194  1.11184294 -6.44413101 -1.26043087  1.16087673 -0.08223205]]
[[ 0.64623387  1.11390981 -6.52906012 -1.21071646  1.17251146 -0.12294172]]
[[ 0.64699993  1.07207674 -6.57122712 -1.22180036  1.15586641 -0.106495  ]]
[[ 0.64017833  1.05254277 -6.59568572 -1.22826523  1.15418246 -0.10340496]]
[[ 0.61332237  1.03769302 -6.62372491 -1.22433834  1.16280537 -0.11385671]]
[[ 0.60635495  1.02138023 -6.64037297 -1.22731836  1.16134788 -0.11160625]]
[[ 0.61391607  1.01982402 -6.65093519 -1.22543345  1.15243969 -0.10703059]]
[[ 0.60842508  1.01544217 -6.65757668 -1.22638804  1.15393143 -0.10858892]]
[[ 0.59894943  1.00621018 -6.66592785 -1.22762628  1.15774935 -0.11035011]]
[[ 0.62544057  1.06597701 -6.72630377 -1.13385409  1.11211524 -0.12488479]]
[[ 0.69845082  1.09091894 -6.84099489 -1.03515579  1.00237843 -0.09638504]]
[[ 0.68645774  1.0720428  -6.88838788 -1.01311359  0.98627218 -0.09629107]]
[[ 0.70122905  1.10507063 -6.90663742 -0.97154806  0.96550611 -0.10392087]]
[[ 0.73177059  1.06756496 -6.86258323 -1.04061444  0.96869099 -0.06510434]]
[[ 0.71033595  1.04970827 -6.8103583  -1.09236127  1.01167231 -0.06893416]]
[[ 0.6589976   1.03785816 -6.7591404  -1.12547223  1.07541423 -0.08894773]]
[[ 0.64627719  1.05302888 -6.74091326 -1.1300391   1.09350739 -0.10452714]]
[[ 0.67709868  1.04701679 -6.7206184  -1.15211291  1.08152605 -0.08439482]]
[[ 0.64437271  1.02096476 -6.70505293 -1.18708318  1.11321853 -0.09147437]]
[[ 0.613669    1.00767606 -6.70127437 -1.2005684   1.13665375 -0.10349342]]
[[ 0.63114356  1.01293001 -6.69215237 -1.20425335  1.12727217 -0.09565581]]
[[ 0.64064922  1.01012492 -6.68545961 -1.21046165  1.12658714 -0.08945912]]
[[ 0.6141184   0.99654177 -6.67836775 -1.22369815  1.14827223 -0.09874973]]
[[ 0.61352463  0.99564793 -6.67550371 -1.22580853  1.1482033  -0.0985505 ]]
[[ 0.63095659  1.00090697 -6.67235675 -1.22327763  1.13739821 -0.09096215]]
[[ 0.62096053  0.99613062 -6.67088932 -1.22788332  1.1450577  -0.09463233]]
[[ 0.60679792  0.98799822 -6.66892527 -1.23348919  1.15526761 -0.09915934]]
[[ 0.62035599  0.99348593 -6.66625285 -1.23066034  1.14647185 -0.09381963]]
[[ 0.61968724  0.99189072 -6.66528801 -1.23158147  1.14853817 -0.09375121]]
[[ 0.61160538  0.98831864 -6.66366993 -1.2358889   1.15540723 -0.09683827]]
[[ 0.61365971  0.98819194 -6.66367908 -1.23514338  1.15513926 -0.09587393]]
[[ 0.63060058  0.99171813 -6.66232073 -1.23291766  1.14422282 -0.08778743]]
[[ 0.62185659  0.98914771 -6.65804649 -1.23887215  1.15225057 -0.09148101]]
[[ 0.61754531  0.98406871 -6.65704098 -1.2413349   1.15593051 -0.09184033]]
[[ 0.62259575  0.98791948 -6.65421548 -1.24079027  1.1543115  -0.09071865]]
[[ 0.62890677  0.98930153 -6.65148626 -1.24053335  1.15096301 -0.08782542]]
[[ 0.62606178  0.98522565 -6.64973769 -1.24341543  1.15431877 -0.08781097]]
[[ 0.62138077  0.98258233 -6.6512417  -1.24463723  1.15653753 -0.08923372]]
[[ 0.62684294  0.98529501 -6.65001462 -1.24320107  1.15324942 -0.08735057]]
[[ 0.62913641  0.98923675 -6.65133629 -1.24070435  1.1501385  -0.08762182]]
[[ 0.62439255  0.98520805 -6.65261671 -1.24239103  1.15284855 -0.08858894]]
[[ 0.61956014  0.98201647 -6.65189025 -1.24460518  1.15576067 -0.08984074]]
[[ 0.62189545  0.98256762 -6.65271765 -1.24332304  1.1534944  -0.08871803]]
[[ 0.62433472  0.98563366 -6.65129731 -1.24249004  1.15229153 -0.08862106]]
[[ 0.62110035  0.98454654 -6.65084813 -1.24282442  1.1550469  -0.09006583]]
[[ 0.62029638  0.98201967 -6.6531312  -1.24340479  1.15505552 -0.08938302]]
[[ 0.62136247  0.98304845 -6.65332459 -1.24260766  1.1534719  -0.08913886]]
[[ 0.6313434   0.98223154 -6.65427766 -1.24031948  1.14770723 -0.08349094]]
[[ 0.62963268  0.98398531 -6.64930601 -1.24171918  1.15114667 -0.0854033 ]]
[[ 0.62587359  0.98125893 -6.65262419 -1.24030129  1.15264541 -0.0865447 ]]
[[ 0.6232919   0.97408333 -6.65206985 -1.24687239  1.15388506 -0.08446787]]
[[ 0.62434794  0.97528744 -6.65257488 -1.24402224  1.15502356 -0.08486662]]
[[ 0.62318515  0.97468296 -6.65472603 -1.24286526  1.15213172 -0.08488369]]
[[ 0.62652583  0.97371905 -6.65207269 -1.24572378  1.15103622 -0.0825388 ]]
[[ 0.62713753  0.97489088 -6.64932467 -1.24664059  1.15164561 -0.08267969]]
[[ 0.63270797  0.97505538 -6.64846077 -1.2461797   1.14814126 -0.07961844]]
[[ 0.62341731  0.97796103 -6.64636843 -1.24536019  1.15541415 -0.08633174]]
[[ 0.61990981  0.97275654 -6.64802844 -1.24815236  1.15636479 -0.08589283]]
[[ 0.61480044  0.97863831 -6.6455885  -1.24638155  1.1604484  -0.09133392]]
[[ 0.61713774  0.97926816 -6.64234397 -1.24816949  1.15858733 -0.08995972]]
[[ 0.6081401   0.98288581 -6.64035359 -1.24747231  1.16408705 -0.09661196]]
[[ 0.60834434  0.98165132 -6.6409743  -1.24840145  1.16517511 -0.09605904]]
[[ 0.60628342  0.98067961 -6.64184722 -1.24776573  1.16539373 -0.09681158]]
[[ 0.60727389  0.97988495 -6.63994204 -1.24953096  1.16513001 -0.09570906]]
[[ 0.61529874  0.98432617 -6.63930101 -1.24548291  1.1594498  -0.0931631 ]]
[[ 0.60145115  0.9747308  -6.63821585 -1.25251895  1.16883314 -0.0966428 ]]
[[ 0.60185558  0.97687278 -6.63774582 -1.25239783  1.16870349 -0.09720946]]
[[ 0.61871117  0.98855105 -6.63492595 -1.24626717  1.15754623 -0.09272537]]
[[ 0.61400393  0.98463616 -6.63583586 -1.24927277  1.16071605 -0.09358327]]
[[ 0.59568992  0.97862164 -6.63594922 -1.25290342  1.17300003 -0.10138051]]
[[ 0.59765034  0.97817543 -6.63625533 -1.25198695  1.17144567 -0.10019682]]
[[ 0.60904627  0.98274866 -6.63385682 -1.25030834  1.16525779 -0.09586892]]
[[ 0.60964271  0.97919639 -6.6340225  -1.25283104  1.16578283 -0.09399207]]
[[ 0.60689742  0.97359198 -6.63679312 -1.25336384  1.16708001 -0.09330558]]
[[ 0.61289084  0.97849243 -6.63691497 -1.24997708  1.16170322 -0.0919043 ]]
[[ 0.61876955  0.98007183 -6.63411973 -1.25103622  1.15879529 -0.089201  ]]
[[ 0.61257241  0.97780147 -6.63374762 -1.25352009  1.16316544 -0.09166328]]
[[ 0.61984216  0.97487889 -6.6353954  -1.25333819  1.15867206 -0.08629144]]
[[ 0.63666021  0.9657546  -6.6458787  -1.25355813  1.14026209 -0.07200512]]
[[ 0.61701073  0.98625982 -6.64267765 -1.24047636  1.15512497 -0.09295029]]
[[ 0.55871739  0.97332703 -6.63658754 -1.25647037  1.19572818 -0.12002184]]
[[ 0.56139613  0.99013617 -6.63165168 -1.24594231  1.19438678 -0.12606531]]
[[ 0.59989573  0.99571008 -6.63292337 -1.24182573  1.16748354 -0.10639043]]
[[ 0.57287203  0.99176892 -6.6356409  -1.24280428  1.18567038 -0.12034276]]
[[ 0.56011187  0.98572646 -6.632159   -1.25091499  1.19487725 -0.12453636]]
[[ 0.58034768  0.98845167 -6.63487691 -1.24795441  1.17777438 -0.1137944 ]]
[[ 0.59390946  0.9921295  -6.6349066  -1.24405932  1.16843589 -0.10784863]]
[[ 0.59610903  0.98695807 -6.63539285 -1.24799488  1.1669707  -0.10409893]]
[[ 0.58630224  0.98181629 -6.63350544 -1.25161716  1.17527222 -0.10761789]]
[[ 0.58680361  0.98401767 -6.63073904 -1.24985946  1.17586067 -0.10855504]]
[[ 0.59494664  0.98516819 -6.62897461 -1.25017827  1.172301   -0.10450464]]
[[ 0.58833414  0.97947332 -6.62678522 -1.25750303  1.17672848 -0.10528103]]
[[ 0.59229685  0.99310924 -6.63332699 -1.24035998  1.17230443 -0.10991909]]
[[ 0.59609174  0.97699844 -6.63135193 -1.25587427  1.16765903 -0.09963193]]
[[ 0.57219985  0.97795143 -6.63607681 -1.25066731  1.18400173 -0.11423633]]
[[ 0.61555771  0.97336626 -6.64488746 -1.24857822  1.14735146 -0.0866848 ]]
[[ 0.64023312  0.98766616 -6.64118091 -1.24001609  1.13582611 -0.07962218]]
[[ 0.60676221  0.97990298 -6.63851281 -1.24753375  1.16020522 -0.09540345]]
[[ 0.60116275  0.97175365 -6.64251277 -1.2520152   1.1605362  -0.09449579]]
[[ 0.60053284  0.98639952 -6.63383152 -1.24807876  1.16347676 -0.1011469 ]]
[[ 0.60050759  0.97682909 -6.6417721  -1.24869801  1.15896436 -0.09672185]]
[[ 0.59861752  0.98185778 -6.63761433 -1.24745866  1.16098909 -0.09999827]]
[[ 0.5947421   0.98052632 -6.63869816 -1.24770137  1.16247107 -0.10159826]]
[[ 0.59169035  0.98101637 -6.6389443  -1.24893795  1.16515503 -0.10343694]]
[[ 0.59174368  0.98592866 -6.63779977 -1.24765751  1.16570242 -0.1055598 ]]
[[ 0.59077264  0.98566906 -6.64069137 -1.24616653  1.16452866 -0.10589153]]
[[ 0.5861748   0.98868555 -6.63871526 -1.24674444  1.16801954 -0.10968212]]
[[ 0.58698303  0.98803698 -6.64080256 -1.24555803  1.16670384 -0.10893362]]
[[ 0.58822205  0.98876082 -6.64066038 -1.24547292  1.16628805 -0.10857419]]
[[ 0.58232259  0.98751313 -6.64235357 -1.24468067  1.1674491  -0.11114248]]
[[ 0.58104184  0.98310871 -6.64511173 -1.24378626  1.16730567 -0.11014404]]
[[ 0.58144019  0.98498121 -6.64598001 -1.24330812  1.16519632 -0.11047564]]
[[ 0.58067137  0.98571781 -6.64866647 -1.24069243  1.16387735 -0.11123011]]
[[ 0.57511283  0.98543931 -6.64918025 -1.24036128  1.16800098 -0.11443633]]
[[ 0.57858583  0.98450425 -6.65058203 -1.24072441  1.16540075 -0.11203632]]
[[ 0.57745939  0.98585094 -6.65093141 -1.24019371  1.16452759 -0.11299129]]
[[ 0.56967091  0.98607215 -6.65314909 -1.23929627  1.1682084  -0.11740179]]
[[ 0.57154027  0.98740944 -6.6572173  -1.23638737  1.16508589 -0.11696883]]
[[ 0.57507016  0.98518852 -6.6577214  -1.23607697  1.16249334 -0.11406829]]
[[ 0.56920048  0.98324272 -6.65849525 -1.23732724  1.16664329 -0.11658915]]
[[ 0.57076239  0.9859031  -6.65889435 -1.23657648  1.16652629 -0.1168713 ]]
[[ 0.57651428  0.98607828 -6.65835919 -1.23589313  1.16362697 -0.11380189]]
[[ 0.57452909  0.98685631 -6.66003042 -1.23523746  1.16449765 -0.1152325 ]]
[[ 0.57094927  0.98543732 -6.66002473 -1.23591403  1.16647938 -0.11661744]]
[[ 0.5737913   0.98642019 -6.66050962 -1.23475934  1.16411901 -0.11546772]]
[[ 0.5727567   0.98425232 -6.66388507 -1.2336354   1.16338016 -0.11517014]]
[[ 0.5721597   0.98389479 -6.66571917 -1.23345163  1.16384169 -0.11535152]]
[[ 0.57527621  0.98395702 -6.66608871 -1.23302063  1.16230694 -0.11378641]]
[[ 0.57561046  0.98483677 -6.66704733 -1.23210868  1.16176499 -0.11396665]]
[[ 0.57204671  0.98662607 -6.66678122 -1.23256915  1.16325034 -0.11647397]]
[[ 0.5741829   0.98569843 -6.66478711 -1.23323282  1.16241517 -0.11493045]]
[[ 0.57404159  0.9861075  -6.66382107 -1.23378835  1.16275427 -0.11511261]]
[[ 0.572132    0.98415435 -6.66525685 -1.23349417  1.16351839 -0.11542652]]
[[ 0.57321102  0.98346174 -6.66649853 -1.23281543  1.16205422 -0.1145111 ]]
[[ 0.57677783  0.98215661 -6.66735818 -1.23261231  1.16071711 -0.11214365]]
[[ 0.57377214  0.98091164 -6.66754855 -1.23308776  1.16261601 -0.11326454]]
[[ 0.57437587  0.98020997 -6.66483061 -1.23402129  1.16366814 -0.11280634]]
[[ 0.57778579  0.98168725 -6.66532798 -1.2328242   1.16215158 -0.1116584 ]]
[[ 0.57669015  0.97944459 -6.66472006 -1.23480887  1.16282605 -0.11121844]]
[[ 0.57922202  0.97983882 -6.66479404 -1.23500156  1.16102517 -0.10983786]]
[[ 0.58072979  0.98186068 -6.6628772  -1.23453878  1.16188617 -0.11006836]]
[[ 0.57888266  0.97942072 -6.66096471 -1.23600554  1.16414735 -0.11022666]]
[[ 0.58340358  0.97696266 -6.65991585 -1.23704436  1.163196   -0.10682323]]
[[ 0.58468436  0.97639953 -6.66071043 -1.23702829  1.16241839 -0.10591286]]
[[ 0.58212133  0.97519594 -6.65876821 -1.23813859  1.16453653 -0.10688214]]
[[ 0.58582732  0.97500504 -6.65914413 -1.23758299  1.16373195 -0.10500044]]
[[ 0.58675112  0.97586123 -6.66193425 -1.23606499  1.16172875 -0.10480872]]
[[ 0.58575407  0.97478071 -6.66330785 -1.23584074  1.16167032 -0.10487516]]
[[ 0.58687093  0.97104128 -6.66343366 -1.23665935  1.16187279 -0.10285568]]
[[ 0.5899649   0.97168348 -6.66112204 -1.2372463   1.16203559 -0.10156952]]
[[ 0.58837567  0.97031243 -6.66039542 -1.23750614  1.16258387 -0.10183689]]
[[ 0.58937902  0.97038289 -6.65874355 -1.23870017  1.16323864 -0.1013839 ]]
[[ 0.5899868   0.97000877 -6.65778387 -1.23935935  1.16317418 -0.10083995]]
[[ 0.59093636  0.96808165 -6.65708816 -1.24000624  1.16364427 -0.09966759]]
[[ 0.58974725  0.96822376 -6.65911728 -1.23904042  1.16320025 -0.10040538]]
[[ 0.59253481  0.96529785 -6.6586689  -1.23947735  1.1628837  -0.0978463 ]]
[[ 0.59487066  0.96560128 -6.6583356  -1.23952381  1.16254813 -0.09679057]]
[[ 0.5946375   0.96432368 -6.65579858 -1.24108677  1.16373841 -0.09636778]]
[[ 0.59618247  0.96677965 -6.6538546  -1.24207413  1.16446039 -0.09657025]]
[[ 0.59763784  0.9665082  -6.65479368 -1.24167408  1.16384286 -0.09572959]]
[[ 0.59732509  0.96666934 -6.65470361 -1.24178296  1.16388892 -0.09595049]]
[[ 0.59822036  0.96698521 -6.65435899 -1.24165983  1.1638964  -0.09572321]]
[[ 0.59887573  0.96627968 -6.65685251 -1.24034821  1.16257198 -0.0950331 ]]
[[ 0.59850516  0.96545933 -6.65558023 -1.2414232   1.16318608 -0.09484325]]
[[ 0.60128953  0.96544827 -6.65679053 -1.24089093  1.16224543 -0.0934358 ]]
[[ 0.60184746  0.96441577 -6.65518827 -1.24209843  1.16298213 -0.09270789]]
[[ 0.60356591  0.96448482 -6.65429506 -1.24227827  1.16351458 -0.0920358 ]]
[[ 0.6022613   0.96441893 -6.65331676 -1.24245189  1.16389815 -0.09261673]]
[[ 0.6037727   0.96358523 -6.65091786 -1.24395038  1.16447754 -0.09150931]]
[[ 0.60317781  0.96488053 -6.65080908 -1.24428648  1.16466162 -0.09221839]]
[[ 0.60361125  0.96196683 -6.64971498 -1.24522637  1.16502992 -0.09088082]]
[[ 0.60579371  0.96322998 -6.65065926 -1.24416238  1.16432098 -0.09032724]]
[[ 0.6061504   0.96069961 -6.64904604 -1.2454515   1.16485077 -0.0891115 ]]
[[ 0.60571682  0.9596446  -6.64804478 -1.2459079   1.16485574 -0.08896302]]
[[ 0.60778884  0.95881882 -6.64829205 -1.24611727  1.16470075 -0.08763365]]
[[ 0.60831596  0.95862799 -6.64849466 -1.2457475   1.16479659 -0.08735442]]
[[ 0.60957549  0.9616343  -6.6486084  -1.24548176  1.16444587 -0.08792492]]
[[ 0.61065444  0.96229122 -6.647547   -1.24630255  1.16439515 -0.0875341 ]]
[[ 0.60946861  0.96467117 -6.64785099 -1.24597508  1.16478668 -0.08913905]]
[[ 0.60817742  0.96543466 -6.64873327 -1.24538009  1.16493569 -0.0901755 ]]
[[ 0.6125412   0.96613941 -6.65103327 -1.24373701  1.16285476 -0.08823618]]
[[ 0.61279962  0.96569452 -6.65301032 -1.24313058  1.16220697 -0.08787913]]
[[ 0.61282536  0.96651434 -6.65132639 -1.24401918  1.16292768 -0.08824051]]
[[ 0.61432597  0.96900006 -6.65240814 -1.24310444  1.16228712 -0.08849709]]
[[ 0.61268947  0.96961666 -6.65355486 -1.2422975   1.16221408 -0.08955196]]
[[ 0.61356408  0.97018424 -6.65346571 -1.24238805  1.16216543 -0.08932246]]
[[ 0.61319242  0.97040545 -6.65141982 -1.24358991  1.16306375 -0.08961655]]
[[ 0.61557163  0.96999108 -6.65166995 -1.24317485  1.1624784  -0.08827894]]
[[ 0.61377333  0.96947916 -6.64893397 -1.24432691  1.16407044 -0.08906437]]
[[ 0.61238014  0.96827079 -6.64802645 -1.24511532  1.16446647 -0.08917766]]
[[ 0.61505176  0.97134952 -6.64912994 -1.24392653  1.16300082 -0.08891709]]
[[ 0.61123803  0.97148106 -6.64656036 -1.24558869  1.16504757 -0.09091468]]
[[ 0.61079784  0.96962209 -6.64402127 -1.24686999  1.16608646 -0.09040844]]
[[ 0.61180187  0.97097554 -6.64250975 -1.24716664  1.16603962 -0.09041355]]
[[ 0.60994619  0.96958678 -6.64181948 -1.24764561  1.1669949  -0.09088966]]
[[ 0.60922817  0.97029835 -6.64072236 -1.24825832  1.16765454 -0.09152803]]
[[ 0.60919272  0.97151771 -6.63909256 -1.24837899  1.16749067 -0.09195003]]
[[ 0.60784014  0.97023683 -6.63844849 -1.24915455  1.1682914  -0.0921591 ]]
[[ 0.60653623  0.9694163  -6.63594521 -1.25094112  1.16981871 -0.09246802]]
[[ 0.60703558  0.97027669 -6.6337647  -1.25125358  1.17025322 -0.09253852]]
[[ 0.60913257  0.9697465  -6.6343737  -1.25103156  1.17000148 -0.09133435]]
[[ 0.60792553  0.97261654 -6.63204895 -1.25176375  1.17147261 -0.09313447]]
[[ 0.60763452  0.97422193 -6.6287064  -1.25315544  1.17275225 -0.09389309]]
[[ 0.60707675  0.97367987 -6.62674183 -1.25430191  1.17379131 -0.09398432]]
[[ 0.60472469  0.97246481 -6.62555921 -1.25512156  1.17496239 -0.0947883 ]]
[[ 0.60502179  0.9722302  -6.62715619 -1.25388563  1.17366925 -0.09449004]]
[[ 0.6051242   0.97206389 -6.62760949 -1.25383923  1.17341635 -0.09438201]]
[[ 0.60348489  0.96929048 -6.62835806 -1.25409228  1.17347132 -0.09411017]]
[[ 0.60322341  0.96827925 -6.62774864 -1.25434482  1.1734993  -0.09380782]]
[[ 0.60325101  0.96853056 -6.62842301 -1.25388424  1.17308914 -0.09392816]]
[[ 0.6013062   0.96747086 -6.63027009 -1.2534343   1.17314397 -0.09448198]]
[[ 0.60121642  0.96710263 -6.63337198 -1.25199948  1.17184864 -0.09434781]]
[[ 0.60290743  0.96685421 -6.6355152  -1.25037941  1.16937177 -0.09328828]]
[[ 0.60103355  0.96783687 -6.63684292 -1.24894143  1.17054218 -0.09487799]]
[[ 0.60272421  0.96669599 -6.63594072 -1.25118718  1.17017032 -0.09329021]]
[[ 0.60709712  0.96661724 -6.63518752 -1.25184897  1.16740284 -0.0906915 ]]
[[ 0.60895216  0.96546781 -6.63503525 -1.25279405  1.16711263 -0.08920907]]
[[ 0.60819126  0.96622113 -6.63598479 -1.25153876  1.16730847 -0.08996938]]
[[ 0.6091384   0.96648725 -6.63521253 -1.25096649  1.16736735 -0.08971475]]
[[ 0.60984983  0.96559296 -6.63441893 -1.25199778  1.16645175 -0.0887199 ]]
[[ 0.60576789  0.96561581 -6.63338698 -1.25329769  1.16836485 -0.09078928]]
[[ 0.60340499  0.96584364 -6.63288006 -1.252963    1.16977257 -0.09225241]]
[[ 0.60474217  0.96718947 -6.63181786 -1.25326903  1.16956481 -0.09205633]]
[[ 0.61227853  0.96241491 -6.63340934 -1.254527    1.16390791 -0.08565368]]
[[ 0.60815732  0.96720687 -6.63319962 -1.25204431  1.16737423 -0.09026914]]
[[ 0.60101064  0.96853487 -6.62782145 -1.25318488  1.17524949 -0.09525329]]
[[ 0.60665933  0.96401539 -6.62852441 -1.25630257  1.17126041 -0.08979097]]
[[ 0.61022075  0.96497452 -6.62637124 -1.25662173  1.16954666 -0.08816153]]
[[ 0.60667664  0.96988719 -6.62850922 -1.2531111   1.17125434 -0.09237667]]
[[ 0.60543258  0.9699998  -6.62850907 -1.25166386  1.17259104 -0.09343096]]
[[ 0.60702703  0.96427156 -6.62606495 -1.25849938  1.17223606 -0.08963358]]
[[ 0.61801615  0.96787018 -6.62347942 -1.25814713  1.16601512 -0.08482067]]
[[ 0.61490817  0.9715658  -6.62218003 -1.25456604  1.16860338 -0.0885127 ]]
[[ 0.60629354  0.9667992  -6.62285356 -1.25822252  1.17463466 -0.09127782]]
[[ 0.60765371  0.96404139 -6.62061772 -1.26244415  1.17408834 -0.08908244]]
[[ 0.58179589  0.96742686 -6.61877245 -1.26137335  1.19315085 -0.10559017]]
[[ 0.60583137  0.97135531 -6.62021677 -1.25721047  1.17376348 -0.09332632]]
[[ 0.5900629   0.95748965 -6.62742263 -1.2612319   1.18162299 -0.09611318]]
[[ 0.61858697  0.95280875 -6.62639983 -1.26458049  1.16143446 -0.07742197]]
[[ 0.62340892  0.96912997 -6.61678652 -1.25910683  1.16333365 -0.08227067]]
[[ 0.63575464  0.96000062 -6.62416732 -1.26252905  1.15598045 -0.07135558]]
[[ 0.63744     0.95443238 -6.62456349 -1.26529978  1.15213804 -0.06774081]]
[[ 0.64382554  0.96288654 -6.6239202  -1.26062008  1.14666859 -0.06761457]]
[[ 0.6318496   0.96769709 -6.62096376 -1.26011222  1.15896083 -0.07704074]]
[[ 0.63061427  0.96130027 -6.62274091 -1.2632252   1.15896713 -0.07489943]]
[[ 0.62385487  0.95728911 -6.61870511 -1.26849922  1.16594858 -0.07699474]]
[[ 0.61907202  0.96039998 -6.61485405 -1.2681312   1.17178393 -0.08135007]]
[[ 0.62727114  0.96258091 -6.61270206 -1.26730997  1.16661001 -0.07760671]]
[[ 0.61936137  0.96282792 -6.61195434 -1.26799282  1.17151801 -0.08208962]]
[[ 0.612864    0.96330561 -6.61378101 -1.26707534  1.17433978 -0.08589585]]
[[ 0.61142165  0.96576929 -6.61100206 -1.26769421  1.17604581 -0.08770164]]
[[ 0.62079067  0.96747465 -6.60799488 -1.26856453  1.17115014 -0.08307263]]
[[ 0.61832806  0.96602609 -6.60444161 -1.2714064   1.17459012 -0.0838519 ]]
