[[0. 0. 0. 0. 0. 0.]]
[[-2.98873942e-03 -1.07359967e-04 -2.23920753e-04 -1.54195008e-04
  -1.59484101e-03  6.11724626e-06]]
[[-1.70435572e-03 -1.65534264e-03  7.66936325e-04  5.03461629e-04
  -9.96021912e-04  2.87920950e-06]]
[[ 4.02589688e-04 -3.02010995e-03  1.52570326e-03  9.60594007e-04
   5.25147794e-05  2.47178908e-05]]
[[ 5.55963118e-06 -5.32002009e-04  2.87438010e-03 -3.42934130e-04
  -2.29879873e-04  6.00836685e-07]]
[[-0.00088952 -0.00210354  0.0031074   0.00052063 -0.0008237  -0.0001018 ]]
[[-4.96140560e-04 -1.40441271e-03  7.77160386e-03  1.55425983e-04
  -6.58957485e-04 -8.32779366e-05]]
[[-1.32406569e-03 -2.13655525e-04  8.86896992e-03 -9.88947147e-04
  -1.30605392e-03 -2.93047139e-05]]
[[-5.41038955e-04  7.16578635e-04  9.91300171e-03 -1.50340489e-03
  -7.31452682e-04  6.60728981e-05]]
[[-4.79798357e-04  1.16910581e-04  1.21277975e-02 -1.04881706e-03
  -9.31293261e-04 -6.79155770e-07]]
[[ 7.81535284e-05  7.16490391e-04  1.14663627e-02 -1.10772318e-03
  -6.70263691e-04  1.42965972e-05]]
[[ 1.37625886e-03  2.08164923e-04  1.21879632e-02 -1.05980313e-03
  -1.07846398e-05  7.67226988e-05]]
[[-3.65917636e-04 -3.11674169e-04  1.08344498e-02 -1.07195945e-03
  -9.07785480e-04  2.74291589e-05]]
[[-3.94765874e-04 -8.72668960e-04  1.01732533e-02 -6.94682695e-04
  -8.27613148e-04  1.16584804e-05]]
[[-7.06203666e-04  6.66921735e-04  1.25071567e-02 -1.33284142e-03
  -1.27199952e-03  8.86899117e-05]]
[[-0.00015096  0.00176679  0.01383854 -0.00173053 -0.0010455   0.00019392]]
[[-0.00123294  0.00060684  0.01604143 -0.00170291 -0.00159089  0.00010607]]
[[ 0.00064814  0.00172773  0.0185498  -0.00233366 -0.00058447  0.00034308]]
[[ 2.06441472e-03  3.62221087e-03  2.01699785e-02 -3.21855305e-03
   1.18098906e-05  4.74610044e-04]]
[[ 0.00132764  0.00532594  0.01977736 -0.00365648 -0.00047705  0.00054741]]
[[ 0.00364506  0.00470052  0.02044323 -0.00355779  0.00074136  0.00055642]]
[[ 0.00327157  0.00358404  0.01970329 -0.00319976  0.00065205  0.00048164]]
[[ 0.003709    0.0034395   0.01747476 -0.00313137  0.00107627  0.00047181]]
[[ 0.00352808  0.0042588   0.01885715 -0.00324894  0.00069688  0.00051238]]
[[ 0.0041392   0.00439717  0.0201565  -0.00318336  0.00111303  0.00051818]]
[[ 0.00472431  0.00503146  0.02434055 -0.00385406  0.00111006  0.00055381]]
[[ 0.00539735  0.00642197  0.02326834 -0.00467582  0.00175758  0.00072079]]
[[ 0.00390026  0.00741103  0.0251287  -0.00511925  0.00078631  0.00063282]]
[[ 0.00470195  0.00859038  0.02543543 -0.00547853  0.00114395  0.0007794 ]]
[[ 0.0035561   0.00677247  0.02679513 -0.00465089  0.00045734  0.00061608]]
[[ 2.84866736e-03  7.76335562e-03  2.81858481e-02 -5.43725502e-03
   6.48804859e-05  6.04931616e-04]]
[[ 0.00030375  0.00748327  0.02629698 -0.00531634 -0.00118674  0.00051626]]
[[-0.00141932  0.00920717  0.02724084 -0.00592191 -0.00222956  0.00052063]]
[[-0.002384    0.01032372  0.02809923 -0.00649584 -0.00267645  0.00056371]]
[[-0.0040848   0.00936754  0.02839923 -0.00608651 -0.00367925  0.00051897]]
[[-0.00454123  0.01019172  0.02904105 -0.00648335 -0.00378054  0.00054347]]
[[-0.00307003  0.0099468   0.03157101 -0.00647365 -0.00338966  0.00050951]]
[[-0.0020969   0.01359432  0.03090771 -0.00826922 -0.00273876  0.00072659]]
[[-0.00090168  0.01468768  0.030607   -0.00872839 -0.0021626   0.00083727]]
[[-0.00314629  0.01544167  0.0302947  -0.00904694 -0.00325392  0.00077523]]
[[-0.00500536  0.0156455   0.02974025 -0.00927581 -0.00408368  0.00068573]]
[[-0.00368022  0.01658027  0.03047539 -0.00948018 -0.00357189  0.00078297]]
[[-0.00553814  0.01863096  0.0301572  -0.01048696 -0.00432693  0.00082436]]
[[-0.00485911  0.01871886  0.02964004 -0.01039707 -0.00411569  0.00083794]]
[[-0.00665687  0.01915011  0.02976469 -0.01093758 -0.00479189  0.00081587]]
[[-0.00842841  0.01829679  0.02851054 -0.01010007 -0.00582368  0.00073811]]
[[-0.00759621  0.0171066   0.02725183 -0.00934017 -0.00523219  0.00073866]]
[[-0.00875588  0.01642216  0.02555914 -0.00865401 -0.00589434  0.00068298]]
[[-0.00796073  0.01557335  0.02411061 -0.00860337 -0.00522363  0.00070245]]
[[-0.00741443  0.01547092  0.02287204 -0.00829228 -0.00494052  0.00068913]]
[[-0.00626009  0.01647075  0.02415589 -0.00861537 -0.0045093   0.00078833]]
[[-0.00653899  0.01687848  0.02480776 -0.00873269 -0.00467139  0.00080442]]
[[-0.00564649  0.01494093  0.02444608 -0.00800406 -0.00404178  0.00078224]]
[[-0.00629734  0.01568967  0.02315561 -0.00836765 -0.00429239  0.00078768]]
[[-0.00700706  0.01584553  0.02457002 -0.00816605 -0.00474842  0.00082098]]
[[-0.00513117  0.01478576  0.02335072 -0.0077178  -0.00367929  0.00084789]]
[[-0.00656958  0.01717784  0.02152178 -0.00899912 -0.00416443  0.00087971]]
[[-0.00730662  0.01647722  0.01844062 -0.00852536 -0.0043019   0.00078599]]
[[-0.00453426  0.01557499  0.01703435 -0.00781487 -0.00285049  0.00086288]]
[[-0.00426485  0.0167738   0.01643153 -0.00839237 -0.00269326  0.00089841]]
[[-0.00525002  0.01546025  0.01230988 -0.00767693 -0.00296109  0.00080153]]
[[-0.0032756   0.01476708  0.01195446 -0.00741888 -0.0018273   0.00090255]]
[[-0.00173694  0.01175005  0.01115134 -0.00586385 -0.00106507  0.00077889]]
[[-0.00220464  0.01299175  0.01117768 -0.00650228 -0.00126557  0.00080873]]
[[-0.00274235  0.01369388  0.00942849 -0.00663831 -0.00152128  0.00080001]]
[[-0.00364134  0.01245158  0.00999463 -0.00616407 -0.00199796  0.00071149]]
[[-0.00189106  0.01252214  0.00882116 -0.00632668 -0.00093158  0.0007298 ]]
[[-0.0044372   0.01228686  0.00750942 -0.00606819 -0.00232645  0.00069936]]
[[-0.00432952  0.01172875  0.00848612 -0.00552893 -0.0023479   0.00063437]]
[[-0.00083656  0.01071481  0.00989319 -0.00518347 -0.00065263  0.00073358]]
[[ 0.00089259  0.00905132  0.01331406 -0.00471894  0.00015465  0.00075341]]
[[-0.00055391  0.01187653  0.01450581 -0.00605998 -0.00070862  0.0008805 ]]
[[-7.58286455e-05  1.26685556e-02  1.63898264e-02 -6.54048747e-03
  -5.02611822e-04  8.56360841e-04]]
[[-5.47631502e-05  1.31682725e-02  1.76591165e-02 -6.65531383e-03
  -6.08544988e-04  8.54486083e-04]]
[[ 0.00062952  0.01393357  0.01715982 -0.00726705 -0.00021108  0.00091732]]
[[-0.00267518  0.01328353  0.01743365 -0.00701397 -0.00182634  0.0007501 ]]
[[-0.00383346  0.01178055  0.0154178  -0.00606006 -0.00245941  0.00061701]]
[[-0.00320357  0.01234453  0.01606092 -0.00618067 -0.00211756  0.00072628]]
[[-0.00306957  0.01259362  0.01746902 -0.00635747 -0.00218167  0.00073987]]
[[-0.00364032  0.01198416  0.01526545 -0.00633361 -0.00219994  0.00074071]]
[[-0.00476585  0.01137753  0.01364308 -0.00594188 -0.00265743  0.00067914]]
[[-0.00306488  0.01178444  0.01281116 -0.00575332 -0.00194283  0.00073447]]
[[ 0.00830592  0.01166654  0.01396773 -0.00371565 -0.00788788  0.00039425]]
[[-0.00019597  0.0014294   0.00438585 -0.0061588  -0.00279439  0.0002661 ]]
[[ 0.01353504  0.00217434  0.00743211 -0.00309432 -0.00847121 -0.00024786]]
[[ 1.74025546e-02 -3.61935324e-03  2.91886994e-05 -5.09994698e-03
  -8.84166681e-03  5.04459080e-05]]
[[ 0.02295477  0.00032702 -0.00082219 -0.00521281 -0.00760527  0.00031499]]
[[ 2.31579809e-02 -1.12164136e-02 -7.95152029e-03 -5.28900971e-03
  -6.14903902e-03 -3.50748573e-05]]
[[ 0.01448355 -0.01286121 -0.01528529 -0.00453598 -0.0039544  -0.00026782]]
[[-0.01097395  0.01427043 -0.01187658  0.00120903  0.00184497  0.00061268]]
[[-0.02093693  0.01858402 -0.00668898  0.00183593  0.00492437  0.00096245]]
[[-0.01565674  0.00984413 -0.00925149 -0.00093041  0.00258138  0.00071056]]
[[-0.00622639  0.00656508 -0.01623549 -0.00195569  0.00116161  0.00052078]]
[[ 1.10634120e-02  5.09232082e-03 -1.33440536e-02  8.44277379e-05
  -3.96794172e-03  2.52649287e-04]]
[[-0.00574517  0.01743475 -0.02254608  0.00229814  0.00166592  0.00070653]]
[[-0.0020416   0.00720073 -0.0188075  -0.00153841  0.00153039  0.00033539]]
[[ 0.00013747  0.00614152 -0.01825117 -0.00023431  0.00065382  0.00013464]]
[[-0.00153633  0.02235815 -0.01799659  0.00204796  0.00014843  0.00076454]]
[[-0.00864021  0.02456635 -0.0194479   0.00145266  0.00352841  0.00100827]]
[[-0.0108571   0.01404839 -0.0125871  -0.00260611  0.0041202   0.00086779]]
[[ 0.01144585  0.00271824 -0.01417353 -0.00211309 -0.00341428  0.00020575]]
[[ 0.00567667  0.01757735 -0.01064875  0.00347884 -0.00545538  0.00011651]]
[[-0.00150157  0.01714089 -0.01424606  0.00250224 -0.00196602  0.00046613]]
[[ 0.00352133  0.00799356 -0.01185575  0.00039509 -0.00107575  0.00052517]]
[[-0.00247404  0.00684563 -0.01675347 -0.00129412  0.0028374   0.00059279]]
[[ 0.00495531  0.01005693 -0.01386824  0.00106553 -0.00113204  0.00033877]]
[[ 1.14895418e-02  2.46026883e-03 -1.61670331e-02  6.58526034e-04
  -3.03842354e-03  8.88174528e-05]]
[[ 1.49322142e-02 -6.01430187e-04 -1.33751249e-02  5.09628161e-04
  -3.42094474e-03 -8.92191815e-05]]
[[ 0.0361641  -0.02062428 -0.01799874 -0.00300599 -0.00341462 -0.0004234 ]]
[[ 0.03972909 -0.02072683 -0.02903285  0.00037983 -0.00846747 -0.00096736]]
[[ 0.03564536 -0.00076275 -0.02993539  0.00421504 -0.01021094 -0.00036268]]
[[ 0.03370843 -0.01192748 -0.02293901  0.001156   -0.00167564  0.00018724]]
[[ 0.02276669 -0.05077211 -0.03027536 -0.01084653  0.00930879 -0.00012158]]
[[ 0.02130331  0.01583151 -0.02511227  0.01024079 -0.00478134  0.00228864]]
[[ 0.03166331  0.02970624 -0.02526286  0.00678304 -0.00759025  0.00111781]]
[[ 0.01458348 -0.02082961 -0.02294185 -0.01181825  0.01108615  0.00251038]]
[[ 0.01544717 -0.0444543  -0.03604061 -0.0167012   0.01511047 -0.00061178]]
[[ 0.01091379  0.06249925 -0.03002065  0.01193571 -0.00818124  0.00227854]]
[[ 0.05118857 -0.03087972  0.01446016 -0.0105345  -0.00952807 -0.00277605]]
[[ 0.02907824 -0.13033     0.02465314 -0.04723061  0.0131673  -0.00654623]]
[[-0.00520694 -0.1559376   0.30729321 -0.02464086  0.01402186 -0.00776396]]
[[-0.12172624 -0.23952487  1.3358664   0.10186789 -0.05296576  0.01660329]]
[[-0.28700343 -0.29204295  3.41763289  0.36454849 -0.2168594   0.07358074]]
[[-0.52088622 -0.21094237  6.15756071  0.76656759 -0.48574487  0.14204474]]
[[-0.81842619 -0.23574147  9.68769962  1.25078048 -0.80024066  0.17453763]]
[[-1.20378825 -0.26761122 13.4934131   1.74891837 -1.06559027  0.21512706]]
[[-1.65060136 -0.37595068 16.93979407  2.164947   -1.19388183  0.25261039]]
[[-1.99568589 -0.42001872 20.03209866  2.55650135 -1.37743998  0.27342611]]
[[-2.31824137 -0.50599188 23.21915926  2.94689683 -1.59388538  0.26270871]]
[[-2.63085625 -0.6037786  26.23858066  3.2620847  -1.7730315   0.24544889]]
[[-2.92694882 -0.88143417 29.35731551  3.46217219 -1.89351737  0.26328191]]
[[-3.07817306 -1.2823919  31.91246382  3.52535999 -2.00625891  0.2760074 ]]
[[-3.26197496 -1.59352623 33.9298791   3.54785011 -2.06383519  0.28247737]]
[[-3.36262534 -1.9031739  35.34363517  3.49670764 -2.10843738  0.27691442]]
[[-3.33682489 -2.1647045  35.95106259  3.35938519 -2.11782524  0.27162181]]
[[-3.278278   -2.49367202 35.38646892  3.05584753 -1.97636099  0.26451527]]
[[-3.04509382 -2.76626538 32.55897858  2.48122989 -1.68340374  0.23189765]]
[[-2.06624739 -1.97464195 23.47977737  1.76314325 -1.31804855  0.17730188]]
[[-1.44220001 -1.51597651 16.00561162  1.14312181 -0.86178093  0.12170343]]
[[-1.00548062 -1.04771961 10.96557513  0.77255543 -0.58611791  0.08278599]]
[[-0.69007336 -0.82146812  7.27428008  0.47317074 -0.38174577  0.07761425]]
[[-0.46339587 -0.68004371  4.97110085  0.27801582 -0.23699793  0.05216655]]
[[-0.29514555 -0.5065242   3.16460607  0.14537253 -0.1102745   0.03500167]]
[[-0.16350399 -0.31347442  1.78779696  0.07824289 -0.01280933  0.02112504]]
[[-0.04726723 -0.28274397  0.76195487 -0.01669378  0.07576601  0.00909469]]
[[ 0.06195918 -0.30230143  0.08822396 -0.08814466  0.11926953 -0.0047162 ]]
[[ 0.17447772 -0.38288211 -0.39802944 -0.19656918  0.1688494  -0.01481417]]
[[ 0.26508922 -0.44904262 -0.61084249 -0.23287731  0.15860789 -0.0190372 ]]
[[ 0.23100343 -0.36374566 -0.40181587 -0.17060808  0.09504564 -0.01582415]]
[[ 0.15827566 -0.22442939 -0.25998369 -0.08958609  0.04667777 -0.01072498]]
[[ 0.13706567 -0.20894059 -0.17809366 -0.07954936  0.03209394 -0.00710533]]
[[ 0.07183015 -0.24298716 -0.12537242 -0.09368618  0.05311946 -0.00455658]]
[[ 0.05799104 -0.17651498 -0.07693852 -0.06164108  0.03488322 -0.00368423]]
[[ 0.08066861 -0.152222   -0.0810945  -0.07195764  0.01388184 -0.00398094]]
[[ 0.03244643 -0.18439811 -0.0863755  -0.08523581  0.04205625 -0.0013248 ]]
[[ 0.03756048 -0.19751191 -0.13140502 -0.08644755  0.05413806 -0.00574195]]
[[ 0.05662684 -0.16341168 -0.17080819 -0.07848834  0.04660773 -0.00554137]]
[[ 0.04862257 -0.11267875 -0.16309228 -0.06424638  0.03319049 -0.00281436]]
[[ 0.05142106 -0.15721668 -0.119933   -0.06320924  0.02174872 -0.00512722]]
[[ 0.08020355 -0.15384536 -0.07814412 -0.06853095  0.00981097 -0.00335283]]
[[ 0.06656052 -0.08152623 -0.04840158 -0.03991053 -0.00616616 -0.00398148]]
[[ 0.02431535 -0.08328588 -0.02921389 -0.02898549 -0.0023528  -0.00205507]]
[[ 0.00391106 -0.10947824 -0.02910796 -0.03135114  0.00962794 -0.00369022]]
[[-0.00665276 -0.08275864 -0.02672719 -0.02720098  0.00903924 -0.00415796]]
[[ 0.02747563 -0.05905934  0.05332601  0.001      -0.01993464 -0.01200412]]
[[ 0.0103929  -0.03582596  0.19105094  0.03749651 -0.03254095 -0.01061494]]
[[ 0.00537766 -0.01885835  0.43511521  0.0973552  -0.05206649 -0.0156518 ]]
[[ 0.00698905  0.0077276   0.74072471  0.16991338 -0.07862239 -0.01849931]]
[[-0.00841236  0.08817507  1.11192118  0.26187506 -0.11193089 -0.01400203]]
[[-0.06524906  0.09491108  1.27821578  0.29855184 -0.10149887 -0.01009353]]
[[-0.04240963  0.08098341  1.09512142  0.26208048 -0.09677665 -0.01189635]]
[[-0.02029817  0.05734599  0.74225648  0.18449213 -0.08367727 -0.01181189]]
[[-0.01790682  0.10008902  0.53008015  0.14205856 -0.06618703 -0.00918501]]
[[-0.0151167   0.0320807   0.39630211  0.10290504 -0.05171941 -0.00991173]]
[[-0.02104908 -0.00291293  0.33391753  0.09024674 -0.04439446 -0.01153959]]
[[ 0.01269703  0.03285666  0.25972843  0.08872298 -0.06664681 -0.01343725]]
[[ 0.02356117  0.05619     0.1879154   0.07952593 -0.07313918 -0.01585308]]
[[ 0.06737731 -0.03785567  0.1316574   0.04093403 -0.06559139 -0.02053727]]
[[ 0.08958743 -0.08117322  0.16291568  0.02302162 -0.05976086 -0.01508065]]
[[ 0.09601175 -0.08365989  0.07027046  0.00416472 -0.05718183 -0.0141297 ]]
[[ 0.09556897 -0.12894687  0.12007079 -0.01977227 -0.03652766 -0.00811143]]
[[ 0.11934719 -0.27621904  0.14383294 -0.09803004 -0.00666232 -0.00556886]]
[[ 0.15973675 -0.26426486  0.1487273  -0.10392346 -0.01559164 -0.0063502 ]]
[[ 0.11963152 -0.19784566  0.1542808  -0.05859127 -0.01417924 -0.00579046]]
[[-0.03631542 -0.1490349   0.06454355 -0.05638575  0.0654764   0.00034374]]
[[-0.02590064 -0.12415021 -0.03312491 -0.04703908  0.06078664  0.00269008]]
[[ 0.01073411 -0.0452178  -0.24914403 -0.01596816  0.05336245  0.00107363]]
[[-6.50549505e-04 -9.56812548e-02 -1.06244094e+00 -7.04073141e-02
   1.62091043e-01  5.13795708e-04]]
[[ 1.99207331e-01 -1.06906517e-01 -2.30124355e+00 -3.98124935e-02
   1.54923601e-01 -1.23015532e-03]]
[[ 3.00236725e-01 -8.25150043e-02 -3.61775296e+00 -3.55094778e-02
   2.19336134e-01  2.34981534e-04]]
[[ 3.70629844e-01  6.55538568e-03 -4.92792494e+00  1.98345013e-03
   2.79499247e-01  3.06793985e-03]]
[[ 4.73927874e-01  1.17302747e-02 -6.07367911e+00  2.62767455e-03
   3.30943383e-01  6.31421003e-03]]
[[ 0.52336029  0.05912541 -7.09063863  0.04516658  0.39146107  0.01443355]]
[[ 0.50458716  0.21092403 -7.86530353  0.1116405   0.44216192  0.02725133]]
[[ 0.51164589  0.35529744 -8.45230024  0.20284954  0.44508678  0.04359955]]
[[ 0.54834179  0.47854439 -8.93457368  0.2858228   0.42910132  0.05764008]]
[[ 0.56624955  0.57401257 -9.37181288  0.35038099  0.44907687  0.06655075]]
[[ 0.52988491  0.64833632 -9.86626265  0.37415691  0.51567891  0.07818324]]
[[  0.45241018   0.73468122 -10.29165805   0.3933291    0.5886761
    0.08646791]]
[[  0.41286043   0.78549125 -10.58503908   0.40607983   0.64341892
    0.09377097]]
[[  0.28402632   0.81157371 -11.01693536   0.37883842   0.797474
    0.10644285]]
[[  0.08954192   0.91368637 -11.74765875   0.36848521   1.01019866
    0.12415129]]
[[ -0.03698134   1.00271513 -12.4033806    0.37893297   1.16344334
    0.14028266]]
[[ -0.26415644   1.06934744 -13.07618681   0.3590958    1.39713187
    0.15776563]]
[[ -0.50393146   1.0801815  -13.73741246   0.30239608   1.66010405
    0.17255225]]
[[ -0.53537945   1.1220963  -14.00870503   0.30278173   1.71460484
    0.18147786]]
[[ -0.32560386   1.24133349 -13.9952012    0.42210126   1.50034166
    0.19177667]]
[[  0.25250421   1.07919643 -13.93157503   0.52199702   1.05978809
    0.20247273]]
[[  0.57411579   1.1757743  -13.66923721   0.67943339   0.73948217
    0.19261614]]
[[  0.9580778    1.18596648 -13.42335065   0.78510446   0.39945296
    0.17181167]]
[[  1.35274842   0.86616171 -12.06103346   0.67762031   0.11427028
    0.14044144]]
[[ 1.41583641  0.17120941 -8.39386473  0.30850626 -0.03730444  0.08688308]]
[[ 1.12167585 -0.09006175 -5.72197248  0.11700326 -0.02371794  0.07019951]]
[[ 8.48891250e-01 -1.77263506e-01 -4.31465161e+00  2.30480267e-03
  -4.76746306e-02  8.29308952e-02]]
[[ 0.89853847 -0.58397127 -5.52578788 -0.25909657 -0.11400406  0.14420286]]
[[ 1.21205466 -0.94394876 -8.45702066 -0.43326382 -0.30083227  0.16836284]]
[[  1.85986494  -1.28721673 -11.78135575  -0.49287973  -0.63377758
    0.1642436 ]]
[[  2.52901073  -1.50486833 -14.71228042  -0.41926403  -1.02609156
    0.13023588]]
[[  3.06185355  -1.62031236 -17.13075874  -0.30925718  -1.34292093
    0.0847859 ]]
[[  3.46240227  -1.67377058 -18.73072231  -0.20458378  -1.56725151
    0.04455888]]
[[ 3.78216772e+00 -1.66980670e+00 -2.00256852e+01 -1.04999649e-01
  -1.72456388e+00  1.31455146e-02]]
[[ 3.89220527e+00 -1.54173805e+00 -2.09549738e+01 -4.71495680e-02
  -1.77919903e+00 -1.54094106e-02]]
[[  4.00573243  -1.47229272 -21.7244493   -0.04761432  -1.77866956
   -0.04513431]]
[[  4.09236413  -1.5077666  -22.46942547  -0.11079149  -1.72969262
   -0.0674928 ]]
[[  4.20231907  -1.53564556 -23.18552655  -0.16069474  -1.69423401
   -0.10046076]]
[[  4.23592721  -1.52455483 -23.8507295   -0.21109189  -1.64029479
   -0.12418136]]
[[  3.67181152  -1.21696234 -24.55762753  -0.31588796  -1.31009225
   -0.1393161 ]]
[[  2.17401052  -0.68985736 -24.79732649  -0.53597769  -0.35335895
   -0.10884654]]
[[  0.19841273  -0.28979128 -24.99723956  -0.73008243   0.95560934
   -0.06190142]]
[[-1.71663360e+00 -1.05436182e-01 -2.51482429e+01 -9.10557414e-01
   2.28734459e+00 -1.87460758e-02]]
[[-3.01890832e+00 -2.16834860e-02 -2.49413697e+01 -1.01959185e+00
   3.15985637e+00 -4.71630304e-03]]
[[-3.97522785e+00  1.72262279e-01 -2.46533914e+01 -1.02647637e+00
   3.76651151e+00 -1.65903877e-02]]
[[ -4.52814038   0.39058661 -24.392184    -0.99976824   4.09881731
   -0.03659071]]
[[ -4.70709829   0.56537498 -24.47631225  -0.98766288   4.15546919
   -0.06357516]]
[[ -4.61410307   0.72736253 -24.62833449  -0.97587901   4.0710864
   -0.09305787]]
[[ -4.45840274   0.95783117 -24.74707278  -0.91708176   3.91726134
   -0.10513681]]
[[ -4.23756216   1.194828   -24.62116554  -0.82945532   3.71941281
   -0.11733856]]
[[ -3.93293509   1.3758994  -24.4019279   -0.76174398   3.49159763
   -0.14136234]]
[[ -3.42948728   1.48263328 -24.07666567  -0.70394078   3.12167071
   -0.17343516]]
[[ -2.53407341   1.55220964 -23.37892704  -0.53047433   2.39727218
   -0.23178611]]
[[ -1.40839799   1.63343896 -22.58884318  -0.15253982   1.39314473
   -0.30991214]]
[[ -0.10353159   1.60707241 -21.88573672   0.33405581   0.30744656
   -0.38336867]]
[[  1.34374708   1.32334688 -21.35561086   0.84533834  -0.67064965
   -0.45211852]]
[[  2.81961206   0.84474567 -20.80599991   1.34711232  -1.53034355
   -0.50781164]]
[[  4.18086481   0.26628572 -20.17428378   1.77748214  -2.25425695
   -0.55022821]]
[[  5.3327423   -0.30250462 -19.68207168   2.12652134  -2.8296883
   -0.58842849]]
[[  6.40807063  -0.90389629 -19.20734335   2.49259064  -3.37213624
   -0.63426712]]
[[  7.31593019  -1.37010337 -18.86846945   2.86212661  -3.82971786
   -0.67358672]]
[[  8.06935751  -1.76674173 -18.62642847   3.16880714  -4.19406346
   -0.69017636]]
[[  8.60666819  -2.11472211 -18.49797901   3.30114979  -4.41815962
   -0.70596321]]
[[  9.04980386  -2.4448987  -18.43624437   3.323182    -4.53435209
   -0.71530401]]
[[  9.4411008   -2.76552023 -18.3899593    3.33295439  -4.63338094
   -0.72267566]]
[[  9.67717873  -2.98878353 -18.33122314   3.31123333  -4.68645148
   -0.69622347]]
[[  9.6860052   -3.11324258 -17.95540933   3.19291335  -4.66408527
   -0.66358188]]
[[  9.49997322  -3.13572376 -17.40907004   2.97749331  -4.55742672
   -0.61890392]]
[[  8.20770694  -2.72271643 -14.5057748    2.27843377  -3.98565365
   -0.53555261]]
[[ 6.64193743 -2.36595092 -7.03771361  1.46197966 -2.75357956 -0.38899081]]
[[ 5.32221651 -2.56824605  0.31638374  0.60073854 -1.35814304 -0.17838383]]
[[ 4.07551733 -2.87029258  6.04999799 -0.0511441  -0.0697019   0.00698549]]
[[ 2.94936649 -3.00729113 10.1916817  -0.41659137  0.98123446  0.13412185]]
[[ 2.42019942 -2.84149882  9.66485869 -0.67411378  1.29280915  0.1767746 ]]
[[ 2.22637313 -2.45151291  6.45182251 -0.78455535  0.93852372  0.14878506]]
[[ 1.30249315 -1.62727227  8.67972218 -0.55987926  0.69664099  0.09411043]]
[[ 0.38706189 -0.90115691 13.77025341 -0.23283053  0.50006509  0.04719237]]
[[-0.25265293 -0.6790851  18.29880236 -0.02135563  0.37198714  0.02141914]]
[[-7.25010556e-01 -6.72461425e-01  2.10681604e+01  6.88853745e-02
   3.76073769e-01  1.20780527e-02]]
[[-1.00372561e+00 -6.91143000e-01  2.22857144e+01  1.25890585e-01
   3.98857493e-01 -4.43324751e-03]]
[[-1.00515013 -0.76353959 22.90963274  0.1649402   0.33749148 -0.02538241]]
[[-1.07047891 -0.57099999 23.20215773  0.24478359  0.28820391 -0.03949547]]
[[-1.09880351 -0.62761934 22.8320029   0.21456642  0.27026573 -0.04159199]]
[[-1.07923653 -0.61733696 21.89188526  0.20475669  0.2232819  -0.03234937]]
[[-1.01433314 -0.63824215 20.77149077  0.19001515  0.13800567 -0.02571049]]
[[-0.92340932 -0.71928805 19.79577654  0.16480557  0.06366643 -0.02806513]]
[[-0.96022392 -0.55512505 19.26038585  0.19053803  0.05141983 -0.02378018]]
[[-0.95394126 -0.34640351 19.0653003   0.22994552  0.04014318 -0.02015014]]
[[-0.91623415 -0.14375869 19.06150863  0.28002033  0.02053042 -0.02603509]]
[[-9.20685432e-01 -1.83611551e-03  1.91781653e+01  3.23725690e-01
   2.31838362e-02 -2.75152942e-02]]
[[-9.61024603e-01  4.81062589e-02  1.91816644e+01  3.33223422e-01
   5.45728253e-02 -1.79558049e-02]]
[[-9.53648959e-01  1.69537677e-02  1.91726743e+01  3.22994806e-01
   6.25780106e-02 -1.94139321e-02]]
[[-0.89310285  0.01946672 19.19393315  0.31727902  0.0436493  -0.02286048]]
[[-9.28575643e-01  1.24856235e-02  1.93873409e+01  3.03827212e-01
   8.12870867e-02 -1.61939366e-02]]
[[-9.80213546e-01  6.78731894e-02  1.97447358e+01  3.12238150e-01
   1.08960368e-01 -1.34316347e-02]]
[[-1.01254314e+00  1.21205685e-01  2.01015083e+01  3.20606769e-01
   1.22605159e-01 -1.21003264e-02]]
[[-1.03937068e+00  1.73517907e-01  2.01486302e+01  3.31791137e-01
   1.32778766e-01 -6.24449173e-03]]
[[-1.04646390e+00  2.02303148e-01  1.98075765e+01  3.25375891e-01
   1.45636579e-01  4.53581357e-03]]
[[-1.02134129e+00  1.35790680e-01  1.90959460e+01  2.98601480e-01
   1.61413118e-01  5.77986059e-03]]
[[-9.85678285e-01  1.75814101e-01  1.79060350e+01  2.72895308e-01
   1.65880463e-01  8.80619531e-03]]
[[-9.23941096e-01  2.78211075e-01  1.61256162e+01  2.59363889e-01
   8.40743261e-02  4.00590729e-03]]
[[-0.88795791  0.34415947 13.46461386  0.20406215  0.05229971  0.01433801]]
[[-0.76280169  0.28466075 10.54639646  0.12102596  0.02733172  0.0192063 ]]
[[-5.07295740e-01 -6.41434714e-02  7.81822509e+00  1.69151729e-03
   2.25581831e-04  2.15200001e-02]]
[[-0.34758569 -0.01989131  5.40458672 -0.01717345 -0.04864168  0.01816564]]
[[-0.25307601 -0.06757972  3.61319793 -0.04580944 -0.06003098  0.01146764]]
[[-0.16340243 -0.11984625  2.30873648 -0.0881987  -0.0635425   0.00733886]]
[[-8.59194947e-02 -8.44817488e-02  1.49456542e+00 -8.58871277e-02
  -8.41652087e-02  9.07884582e-04]]
[[-2.23564943e-02 -3.27897040e-02  9.86197573e-01 -6.73633308e-02
  -1.14019516e-01 -1.79831138e-04]]
[[-0.01355256 -0.08931399  0.61781113 -0.09726475 -0.10132694 -0.0010327 ]]
[[ 0.08715702 -0.24781741  1.52960088 -0.13682754 -0.11679012  0.0022852 ]]
[[ 0.06266601 -0.36514292  4.79211074 -0.07593283 -0.11603211  0.02563965]]
[[ 0.10728655 -0.72068708  9.58208734 -0.05288926 -0.11841152  0.07364199]]
[[ 0.23144199 -1.09988522 14.07881018 -0.02452555 -0.14598186  0.12547208]]
[[ 0.5037139  -1.45023186 17.96694086  0.03404869 -0.24595934  0.15980014]]
[[ 0.89286153 -1.81046333 20.84850513  0.04318131 -0.35919682  0.17520786]]
[[ 1.19788999 -1.85762896 23.1017232   0.17718731 -0.53206514  0.18224715]]
[[ 1.44328564 -1.89602613 24.75626846  0.27192973 -0.66337699  0.20379832]]
[[ 1.5433502  -1.89269223 25.88202873  0.35592133 -0.74812642  0.22626781]]
[[ 1.53743955 -1.74224113 26.71966723  0.45620383 -0.80361776  0.24000262]]
[[ 1.52491557 -1.63370751 27.48378811  0.53332567 -0.85563597  0.25317532]]
[[ 1.45395394 -1.49386197 28.10218212  0.6151995  -0.90508716  0.26563823]]
[[ 1.33290721 -1.25848777 28.52347192  0.69283665 -0.93563705  0.27981426]]
[[ 1.21989726 -1.05187253 28.85423932  0.76540658 -0.96646965  0.28447937]]
[[ 1.09910215 -0.79381808 29.14880046  0.86794986 -1.01332613  0.28218766]]
[[ 0.99645994 -0.50586809 29.4262139   0.97311205 -1.06060268  0.28263072]]
[[ 0.91420525 -0.37663609 29.63553996  1.02213527 -1.07246685  0.29468729]]
[[ 0.80171277 -0.35705838 29.49899029  1.00855363 -1.01336831  0.31965906]]
[[ 0.7322326  -0.31994739 29.17578884  1.02410978 -0.98405845  0.35493482]]
[[ 0.74615897 -0.35947885 28.69302328  1.00112411 -0.9484806   0.40469979]]
[[ 0.77361503 -0.48278803 27.95653183  0.94988658 -0.89144865  0.46727119]]
[[ 0.83911533 -0.55560494 27.03071038  0.90888515 -0.86650798  0.53042009]]
[[ 0.87467132 -0.60931631 25.87003036  0.86896011 -0.83216173  0.60098081]]
[[ 0.87647729 -0.55695698 24.65081131  0.8653471  -0.8109443   0.6812998 ]]
[[ 0.80307477 -0.46763913 23.65166364  0.90363084 -0.78066569  0.77060749]]
[[ 0.74662146 -0.35200819 22.87331441  0.94171297 -0.75925407  0.88271664]]
[[ 0.67170301 -0.38740756 22.18509744  0.92676166 -0.69391897  1.00915085]]
[[ 0.62184002 -0.37716499 21.69961606  0.94907765 -0.65007367  1.13078033]]
[[ 0.56146918 -0.32408556 21.40651799  0.99640607 -0.637384    1.2401819 ]]
[[ 0.56452704 -0.3084189  21.16018039  1.01065986 -0.61851634  1.32961969]]
[[ 0.56891041 -0.45180357 20.9326563   0.99155687 -0.5831288   1.41403563]]
[[ 0.55951521 -0.56994989 20.77720103  0.96271058 -0.54680652  1.48560157]]
[[ 0.57584419 -0.70949903 20.7084852   0.93194222 -0.51911709  1.54087053]]
[[ 0.5904423  -0.96449681 20.80305475  0.88247774 -0.47390074  1.59215217]]
[[ 0.55671985 -1.06297204 20.87331465  0.87142351 -0.44344265  1.6316684 ]]
[[ 0.47286884 -1.18637638 20.79200772  0.84838717 -0.39365966  1.65091669]]
[[ 0.37913171 -1.36121386 20.76203076  0.82405968 -0.33418751  1.66247378]]
[[ 0.17747654 -1.54255302 20.94023123  0.80251821 -0.234759    1.69190529]]
[[-0.04340689 -1.71289537 21.2458166   0.79717585 -0.14228314  1.71508094]]
[[-0.28806691 -1.83764584 21.78255373  0.81806982 -0.0613581   1.73360836]]
[[-0.48641887 -1.97680734 22.19210962  0.81715516  0.03070419  1.75142874]]
[[-0.55582175 -1.90500127 22.65924842  0.88068059  0.03745576  1.75065751]]
[[-5.54482945e-01 -1.76420037e+00  2.30959280e+01  9.62678890e-01
   3.84684633e-04  1.71909983e+00]]
[[-0.53163965 -1.59255861 23.32630004  1.04282189 -0.05699599  1.66484429]]
[[-0.52301974 -1.46277129 23.38575506  1.10096447 -0.10117207  1.60804541]]
[[-0.45141462 -1.40346167 23.13959737  1.12224889 -0.1467696   1.53386138]]
[[-0.33463895 -1.37579153 22.29332586  1.07724234 -0.18794216  1.43116791]]
[[-0.05120117 -1.57461024 20.75710453  0.92935063 -0.23859024  1.28637709]]
[[ 0.32499608 -1.65594811 18.34020408  0.74858937 -0.3194282   1.08390781]]
[[ 0.62923474 -1.70378586 15.4606012   0.52849855 -0.36733139  0.86061289]]
[[ 0.85167075 -1.66569426 12.17294466  0.30725204 -0.37388866  0.62933222]]
[[ 0.83908344 -1.56622273  8.60775832  0.08265022 -0.30424836  0.43052289]]
[[ 4.98203568e-01 -1.13140534e+00  5.83237342e+00  5.56226670e-03
  -2.05182546e-01  2.95498577e-01]]
[[ 0.03968456 -0.80931778  3.72192688 -0.08027999 -0.0559347   0.23132381]]
[[-0.28477193 -0.67943291  2.62601008 -0.14387668  0.10028131  0.18335674]]
[[-0.30702997 -0.50552037  1.7618636  -0.15171815  0.08866415  0.12879552]]
[[-0.32827479 -0.35204276  1.21671439 -0.14908163  0.07668749  0.09358652]]
[[-0.24293516 -0.35184957  0.78474671 -0.17589207  0.0313582   0.06354114]]
[[-0.08884889 -0.37650892  0.51388296 -0.17159504 -0.05757918  0.03466243]]
[[ 0.00584313 -0.27690189  0.81886163 -0.12483038 -0.08673897  0.01098246]]
[[ 0.09921477 -0.23213015  1.59476901 -0.12271972 -0.04281886  0.00422087]]
[[ 0.10077838 -0.11448596  2.778107   -0.10740455  0.06175446 -0.00560963]]
[[ 1.32134294e-01 -2.19638963e-01  4.04032851e+00 -1.84664435e-01
   2.22710935e-01 -1.58655046e-03]]
[[ 0.10890646 -0.27279183  5.13081853 -0.24928757  0.37581456  0.01484234]]
[[ 0.10643659 -0.29070438  6.03448986 -0.29884466  0.49682952  0.02845087]]
[[ 0.06406402 -0.34128322  6.47827634 -0.35128325  0.58196273  0.0421762 ]]
[[ 0.05907983 -0.40245823  6.6342015  -0.40103044  0.63719204  0.05198962]]
[[-0.01178725 -0.43726432  6.66797066 -0.43892114  0.69568199  0.06210013]]
[[-0.03893721 -0.46685797  6.80139546 -0.46262385  0.73998835  0.06458163]]
[[-0.02231192 -0.51193726  6.62053681 -0.48526349  0.73231532  0.06324328]]
[[-0.12602341 -0.49077152  5.08777958 -0.44571122  0.61882649  0.05900953]]
[[-0.18015087 -0.40179638  3.47404215 -0.36473255  0.44019302  0.04249541]]
[[ 0.06043505 -0.45463985  2.30963285 -0.32305392  0.18393971  0.00886683]]
[[ 8.83039185e-02 -5.37744163e-01  1.46258951e+00 -3.41527070e-01
   9.42369955e-02  1.02654516e-03]]
[[ 0.12141968 -0.50450989  0.9797302  -0.29800453 -0.00530094 -0.01808636]]
[[-0.1570631   0.06812189  1.28753566  0.0833453  -0.11288031 -0.04728496]]
[[-0.39572799  0.56919172  1.6480427   0.42052414 -0.20515928 -0.08785654]]
[[-0.53053402  0.94722145  2.01696628  0.7061066  -0.32058261 -0.12735691]]
[[-0.53324648  1.11564609  2.05742844  0.80364779 -0.4006277  -0.14307079]]
[[-0.41601348  0.78619177  1.45763995  0.54365118 -0.31618336 -0.11104335]]
[[-0.39351815  0.44519236  0.98908985  0.30646195 -0.19561339 -0.0727241 ]]
[[-0.36840867  0.1996469   0.66457213  0.14190341 -0.11108482 -0.04963971]]
[[-0.32574526  0.07411738  0.45363532  0.04274596 -0.07402919 -0.03102047]]
[[-0.28516111  0.00427454  0.32117716 -0.01349965 -0.05826413 -0.01989781]]
[[-0.27053181 -0.10759331  0.20957053 -0.0771366  -0.02837949 -0.0140721 ]]
[[-0.25778059 -0.1714786   0.13860305 -0.11379615 -0.01201179 -0.00872864]]
[[-0.24870968 -0.16517093  0.10910909 -0.12629079 -0.00766117 -0.00509944]]
[[-0.25208623 -0.18040996  0.07469525 -0.13808624  0.00106056 -0.00225731]]
[[-0.26656833 -0.21144868  0.05854203 -0.15282243  0.01304706 -0.00110161]]
[[-0.28104066 -0.2303659   0.038087   -0.16369546  0.02159383  0.00148606]]
[[-0.26293087 -0.19536261  0.04261113 -0.15101767  0.00433002 -0.0027289 ]]
[[-0.28181453 -0.18087893  0.10508896 -0.13984033  0.00762277 -0.00095508]]
[[-0.29126814 -0.16772084  0.22529978 -0.12169434  0.00735461 -0.00439288]]
[[-0.30658645 -0.1342308   0.37664147 -0.09082486  0.00249329 -0.00740788]]
[[-0.31742625 -0.12486173  0.50276027 -0.07046355 -0.00150024 -0.00651451]]
[[-0.29176048 -0.16414543  0.59919721 -0.07402083 -0.00664783 -0.0104228 ]]
[[-0.3005435  -0.16159357  0.72903145 -0.05949497 -0.00703957 -0.00941735]]
[[-0.29450068 -0.16683176  0.85656359 -0.04930687 -0.01142597 -0.00762175]]
[[-0.29906174 -0.16677585  0.96328154 -0.02979902 -0.02076178 -0.00568692]]
[[-0.36249926 -0.0422606   1.15548853  0.06561679 -0.03597149 -0.01150346]]
[[-0.3574195  -0.12412731  0.93219484 -0.00798308 -0.01481529 -0.00988524]]
[[-0.32671445 -0.04567347  0.75752199 -0.00907974 -0.04207509 -0.02163287]]
[[-0.30098218 -0.0522561   0.61575384 -0.03913282 -0.05192856 -0.02817596]]
[[-0.31691002 -0.04659795  0.64494374 -0.03416531 -0.04897774 -0.02993469]]
[[-0.32710658 -0.0574465   0.72442342 -0.03165985 -0.04163304 -0.02776116]]
[[-0.34707397 -0.03363012  0.82431531 -0.00944981 -0.04256483 -0.0254472 ]]
[[-0.34920981 -0.06214744  0.86002065 -0.01550175 -0.04409446 -0.02471084]]
[[-0.32276821  0.00376025  0.91420126  0.0299984  -0.08098517 -0.03277829]]
[[-0.29992847  0.02795148  0.77964812  0.02979912 -0.10477358 -0.0389851 ]]
[[-0.28813103 -0.0418267   0.54417026 -0.02844313 -0.07183784 -0.02846946]]
[[-0.25031227 -0.09445728  0.31690509 -0.07771265 -0.06633625 -0.02684802]]
[[-0.23521679 -0.14306664  0.19647255 -0.10809689 -0.0489015  -0.02052441]]
[[-0.25000172 -0.19267298  0.13732797 -0.13825905 -0.02069266 -0.01468045]]
[[-0.25202099 -0.15129141  0.16365241 -0.11404114 -0.02957669 -0.01573953]]
[[-0.28567252 -0.12694931  0.39426187 -0.03908144 -0.03830605 -0.01529943]]
[[-0.22875878 -0.17504137  0.49885579 -0.03310299 -0.06405858 -0.02715572]]
[[-0.21232218 -0.20437985  0.53240836 -0.05623487 -0.05534494 -0.02107452]]
[[-0.21380364 -0.27673416  0.70220355 -0.07993847 -0.03323348 -0.00752945]]
[[-0.26203836 -0.27408734  0.88846117 -0.06507897 -0.01367643  0.00529413]]
[[-0.3708221  -0.16916999  1.11814878  0.00754417  0.00575442  0.01289344]]
[[-0.35802619 -0.05558961  1.01311594  0.03312542 -0.02971118 -0.00113128]]
[[-0.31765732 -0.03358835  0.72877468  0.00226979 -0.03799849 -0.00966842]]
[[-0.30468941 -0.11700816  0.49884348 -0.05989923 -0.01536748 -0.00582685]]
[[-0.28730494 -0.16500436  0.35565061 -0.09441586 -0.00571342 -0.00179775]]
[[-0.27686025 -0.18657173  0.24048585 -0.12123416  0.00624937 -0.00099034]]
[[-1.81574144e-01 -2.59163980e-01  2.34886873e-01 -1.30027882e-01
   1.41682609e-02  1.31653299e-04]]
[[-0.06469391 -0.40383437  0.30077338 -0.13669721  0.00270983 -0.01049391]]
[[-0.18932617  0.08229257  0.45152286 -0.08450298 -0.0370154  -0.00286437]]
[[-0.29559099  0.4266776   0.32364783 -0.08450574 -0.0591078  -0.00246645]]
[[-0.30047786  0.25189762  0.18992157 -0.11668779 -0.0283954  -0.00063301]]
[[-0.27538814  0.14141265  0.13435393 -0.12800138 -0.02052049  0.00078008]]
[[-0.25989393  0.01748518  0.10255771 -0.1424199  -0.00471634  0.00139266]]
[[-0.15988004 -0.14831263  0.09844636 -0.16029446  0.0593445   0.00722942]]
[[-0.14255579 -0.17256718 -0.0934416  -0.15672095  0.07490216  0.00526179]]
[[-0.14784886  0.06020281 -0.11542443 -0.21176834  0.04812049  0.01178686]]
[[-0.07913372  0.11603121  0.58475868 -0.2864365   0.07000083  0.0140356 ]]
[[-0.07006177  0.71686108  2.33491317 -0.60239019  0.00849334  0.04126229]]
[[-0.05604247  1.21952416  4.45652066 -0.92610292 -0.07484863  0.0642047 ]]
[[-0.14613596  1.19595276  5.38403908 -0.97626999 -0.13856738  0.05951304]]
[[-0.21493902  0.855865    3.91772402 -0.79210535 -0.10324726  0.04375337]]
[[-0.20286182  0.49548639  2.66328368 -0.59233141 -0.06771897  0.03012875]]
[[-0.21506694  0.24739298  1.81707338 -0.46022306 -0.03296885  0.02135767]]
[[-0.22425005  0.09371449  1.24929806 -0.36922415 -0.0129587   0.01552067]]
[[-2.33560960e-01  3.70737848e-03  8.60642625e-01 -3.02682318e-01
  -5.65829429e-04  1.20816595e-02]]
[[-0.24589948 -0.0705907   0.60630355 -0.26517533  0.01511992  0.00986827]]
[[-0.25141792 -0.15153114  0.40577261 -0.24818414  0.028752    0.00762764]]
[[-0.24332471 -0.16992714  0.29967058 -0.22264467  0.0271203   0.0067735 ]]
[[-0.21199614 -0.19260809  0.19892972 -0.21089113  0.01845043  0.00540491]]
[[-0.20437739 -0.27238964  0.00465259 -0.25692551  0.03609007  0.00486126]]
[[-0.22583038 -0.29232376 -0.01002535 -0.24972626  0.04961329  0.00467848]]
[[-0.23964115 -0.23092487  0.00044668 -0.21423859  0.03845626  0.00507641]]
[[-0.17944593 -0.30284132  0.01180457 -0.24659998  0.02742108 -0.00228497]]
[[-2.09640516e-01 -3.09509309e-01  1.36122105e-02 -2.42205406e-01
   4.18717924e-02 -5.32134683e-05]]
[[-0.20102873 -0.27285029  0.04538759 -0.22136279  0.02297382  0.00303302]]
[[-0.19059305 -0.33055103  0.21378438 -0.21774488  0.02076779  0.0043829 ]]
[[-0.17461895 -0.26429615  0.36752362 -0.15920783 -0.020716    0.00358606]]
[[-0.24735481 -0.23758038  0.32745175 -0.15903328  0.0149741   0.00774218]]
[[-0.24808408 -0.24452378  0.22598855 -0.17873825  0.02275881  0.00605518]]
[[-0.24874037 -0.19174477  0.17262693 -0.16574919  0.01359909  0.00546351]]
[[-0.25375418 -0.20678184  0.12283374 -0.17708431  0.02166369  0.00454777]]
[[-0.26258206 -0.22711618  0.08670108 -0.1896229   0.03163929  0.00414515]]
[[-0.25727677 -0.19650518  0.0672553  -0.17838372  0.02403523  0.00390337]]
[[-0.25387032 -0.20911762  0.05259554 -0.1813415   0.02492596  0.00555731]]
[[-0.2460314  -0.22510275  0.0382168  -0.19018761  0.02999647  0.00338656]]
[[-0.24388795 -0.22243616  0.03700692 -0.18400017  0.02561077  0.00449915]]
[[-0.235955   -0.21977869  0.01955769 -0.18143892  0.02008144  0.00413883]]
[[-0.25523226 -0.22605091  0.0119749  -0.1884255   0.03288503  0.00383662]]
[[-0.25125215 -0.21871007  0.020579   -0.18597494  0.02903776  0.0032497 ]]
[[-0.24819627 -0.22118071  0.02868488 -0.18503366  0.02662724  0.00436368]]
[[-0.24431541 -0.22914027  0.02427194 -0.18971333  0.03080962  0.00294759]]
[[-0.24865064 -0.23243441  0.03659597 -0.18992904  0.03500313  0.00541167]]
[[-0.24427911 -0.22095994  0.03427377 -0.1844508   0.02945714  0.00325818]]
[[-0.24088134 -0.20963921  0.03914214 -0.17695565  0.02459864  0.00350297]]
[[-0.24838401 -0.26212932  0.03177344 -0.19628827  0.0391162   0.0045185 ]]
[[-0.2348422  -0.23717612  0.03169927 -0.18942063  0.03173776  0.00301563]]
[[-0.23232755 -0.20847965  0.03178135 -0.17755347  0.02360406  0.00410327]]
[[-0.22992758 -0.24016816  0.0337552  -0.18726733  0.02907962  0.0028366 ]]
[[-0.23454738 -0.2653492   0.03472223 -0.19583957  0.0366247   0.00255208]]
[[-0.23633189 -0.21406976  0.03988157 -0.17784267  0.0268562   0.00464414]]
[[-0.23809081 -0.2020123   0.04010309 -0.17428148  0.02510772  0.00534017]]
[[-0.23990356 -0.24112104  0.03877538 -0.18896028  0.03099268  0.00277391]]
[[-0.25025078 -0.25179932  0.04547897 -0.19006323  0.03521369  0.00428704]]
[[-0.25114777 -0.17976997  0.06662781 -0.16317805  0.02271831  0.00429496]]
[[-0.25054743 -0.20589601  0.12028103 -0.16989028  0.02772343  0.00547464]]
[[-0.23627102 -0.25947174  0.49018126 -0.15193338  0.0220397   0.00349726]]
[[-0.26114949 -0.25887256  1.19606613 -0.084195    0.0068681   0.00203035]]
[[-2.60396027e-01 -3.15508723e-01  2.00467636e+00 -4.79748415e-02
   4.30926284e-03  1.85816471e-03]]
[[-0.27369506 -0.39963218  2.93919787 -0.01326489  0.00890925  0.00536113]]
[[-0.30234732 -0.47389223  3.66473386  0.008365    0.02675927  0.00795569]]
[[-0.30653567 -0.54729097  4.37687017  0.02908747  0.030513    0.01008285]]
[[-0.29246547 -0.62378076  5.12248511  0.04823312  0.02951054  0.01007652]]
[[-0.30985936 -0.66911961  5.71876976  0.0742447   0.03525691  0.01331826]]
[[-0.3203912  -0.67636536  6.17438304  0.1134648   0.02350046  0.01174419]]
[[-0.33860437 -0.68961486  6.16261283  0.10695905  0.03628855  0.01191648]]
[[-0.32519216 -0.57468525  5.06307783  0.05866144  0.03389893  0.01220207]]
[[-0.3010067  -0.48709083  3.44051601 -0.03645794  0.04461283  0.01116772]]
[[-0.27826517 -0.44896037  2.47208422 -0.08645132  0.04381783  0.0080278 ]]
[[-0.25281824 -0.44553539  2.95290087 -0.03697625  0.00909727  0.0032908 ]]
[[-0.33927101 -0.65101657  5.44862274  0.04698815  0.05977219  0.01369529]]
[[-0.41020765 -0.94645594  8.34614844  0.13067176  0.10332721  0.02203812]]
[[-0.45347844 -1.13499024 11.28924435  0.29133265  0.07917015  0.02166396]]
[[-0.49396939 -1.26393725 13.8070981   0.44036106  0.05766648  0.02260688]]
[[-0.53893372 -1.36080691 15.83489619  0.55495097  0.0469024   0.02515874]]
[[-0.58852063 -1.40487921 17.2402602   0.65042721  0.03091957  0.02546456]]
[[-5.53533422e-01 -1.52514208e+00  1.82842710e+01  6.87146797e-01
   1.28541946e-03  2.03188686e-02]]
[[-5.72320261e-01 -1.52065877e+00  1.93088857e+01  7.76234669e-01
  -2.83482910e-02  1.86401759e-02]]
[[-0.66886455 -1.65496023 20.51571185  0.79486397  0.04972317  0.0330837 ]]
[[-0.92298251 -1.67540056 21.78754391  0.86658314  0.21300838  0.06266051]]
[[-1.16704129 -1.66871645 22.90468887  0.95322795  0.37833219  0.09235256]]
[[-1.33802587 -1.6845555  23.72193408  1.01131498  0.51217636  0.11733439]]
[[-1.37791212 -1.65759311 24.36446407  1.08289401  0.54681328  0.12814878]]
[[-1.31899886 -1.61476832 24.84554393  1.15274415  0.50357297  0.12352238]]
[[-1.20120709 -1.66620559 25.03681776  1.15992253  0.42440719  0.11078   ]]
[[-0.94101497 -1.66995451 24.7654574   1.17673497  0.20103126  0.06677269]]
[[-6.28274386e-01 -1.67012793e+00  2.38342964e+01  1.13736818e+00
  -4.76928408e-02  1.86451997e-02]]
[[-3.02402432e-01 -1.85472639e+00  2.23507870e+01  9.37989166e-01
  -1.96585154e-01 -1.77163171e-02]]
[[ 8.32370499e-03 -2.15954504e+00  2.04603727e+01  6.10532591e-01
  -2.45751354e-01 -3.33317214e-02]]
[[ 0.19112001 -2.23360506 18.29538808  0.37483483 -0.2543573  -0.04115122]]
[[ 0.25962325 -2.22129157 16.0728657   0.16862512 -0.22256154 -0.04017998]]
[[ 0.29920914 -2.27337601 14.38602548 -0.02630649 -0.17523773 -0.03806769]]
[[ 0.29750457 -2.32058614 12.92598144 -0.19265515 -0.11056274 -0.03400957]]
[[ 0.29993558 -2.24631484 11.90619812 -0.2440506  -0.10946197 -0.03388223]]
[[ 0.32052956 -2.10872322 11.30178319 -0.20975726 -0.15679552 -0.04279215]]
[[ 0.34238929 -1.95350636 10.79732674 -0.16567972 -0.21002769 -0.05059478]]
[[ 0.37366166 -1.83763013 10.19290496 -0.13446019 -0.24516156 -0.05369789]]
[[ 0.33663698 -1.67183144  9.46141269 -0.10084812 -0.26115682 -0.05576787]]
[[ 2.70543365e-01 -1.42259657e+00  8.85304828e+00 -5.42196100e-03
  -2.98856776e-01 -5.81903297e-02]]
[[ 0.34473913 -1.01113769  7.95426014 -0.03714484 -0.24820933 -0.04463984]]
[[ 0.11897188 -1.08159487  7.14959403 -0.12269623 -0.2332035  -0.06568396]]
[[-0.07521639 -1.03864148  6.62999007 -0.211031   -0.26225304 -0.081835  ]]
[[-0.22471025 -0.82331071  6.42736534 -0.33899571 -0.29658607 -0.09313715]]
[[-0.31871921 -0.98694497  6.6251104  -0.4995565  -0.34121723 -0.12787371]]
[[-0.34566204 -0.88696581  7.30704105 -0.74528684 -0.34624525 -0.13545667]]
[[-0.37838623 -0.76250689  8.29873828 -0.98228155 -0.36251737 -0.12874229]]
[[-0.70077024 -1.24226812  8.64049361 -0.77369635 -0.49180743 -0.15592114]]
[[-0.72986108 -1.75804372  7.0262102  -0.34618122 -0.44389414 -0.15867506]]
[[-0.57108827 -1.3008252   5.30419204 -0.26634705 -0.33418906 -0.11617204]]
[[-0.55505602 -0.8012111   3.73412929 -0.18081383 -0.22756086 -0.07428908]]
[[-0.59694604 -0.69469043  2.62483949 -0.23370772 -0.05779052 -0.05340248]]
[[-0.62310579 -0.51860471  1.94195741 -0.22498091  0.01375067 -0.0272991 ]]
[[-0.55391677 -0.34028112  1.48243597 -0.17089255 -0.00440307 -0.0163817 ]]
[[-0.52680164 -0.33299238  1.03120325 -0.20615974  0.04056495 -0.00981356]]
[[-0.58888227 -0.27239788  0.72139882 -0.19787916  0.10414085  0.00561241]]
[[-0.41379342 -0.36012566  0.52558145 -0.24128286  0.07281593  0.00583279]]
[[-0.41074696 -0.40253047  0.35804859 -0.27143107  0.12565223  0.00265724]]
[[-0.39927125 -0.42957414  0.36102293 -0.25895543  0.16180347 -0.03139648]]
[[-0.43554063 -0.50253018  0.19376464 -0.28969185  0.21084694 -0.03506921]]
[[-0.58131982 -0.44914101  0.09367684 -0.291928    0.29421452 -0.02757424]]
[[-0.5925433  -0.61988131  0.08997855 -0.42997076  0.32654046 -0.02115644]]
[[-0.39374086 -0.5030296  -0.00977671 -0.30100061  0.14208244 -0.00222805]]
[[-0.29762845 -0.59550776 -0.15105515 -0.28661092  0.09030251  0.0128882 ]]
[[-2.82750105e-01 -4.75819065e-01 -6.64702227e-01 -2.51285346e-01
   9.97989007e-02  3.38812292e-04]]
[[-0.21248441 -0.38221494 -0.89084253 -0.30180322  0.08411027 -0.02255744]]
[[-0.22319225 -0.35431302 -0.55869232 -0.30283667  0.09662614 -0.0073662 ]]
[[-0.25823581 -0.54264966 -0.42075917 -0.42000768  0.15032039  0.00489915]]
[[-0.30118176 -0.5971538  -0.34767017 -0.44851247  0.1919656  -0.01239181]]
[[-0.26297046 -0.53827964 -0.34784929 -0.37032421  0.14044203  0.01766405]]
[[-0.36330698 -0.49423017 -0.8033626  -0.30706116  0.05729141 -0.01682864]]
[[-0.42196026 -0.34149902 -0.99591558 -0.22096373 -0.06662771 -0.02165044]]
[[-0.62923142 -0.49387123 -0.78496861 -0.34038677  0.05391924  0.02765561]]
[[-0.63816846 -0.46782536 -0.52971476 -0.33798157  0.07585208  0.02994682]]
[[-0.54322413 -0.45810669 -0.31835449 -0.33375939  0.05937862  0.00480319]]
[[-0.69761454 -0.21963609 -0.30766093 -0.25645482  0.14369048  0.00769779]]
[[-0.61171137 -0.07423188 -0.29487847 -0.18136523  0.08776024 -0.00302671]]
[[-0.59543807 -0.11227095 -0.24173388 -0.18180611  0.1057315  -0.00690026]]
[[-0.68968912  0.11383755 -0.410392   -0.08410191  0.10302356 -0.00840508]]
[[-0.78253999  0.39046883 -0.25383562  0.00568723  0.09925716 -0.01308752]]
[[-0.78481632  0.60749784 -0.05554974  0.07905848  0.07903147 -0.01114929]]
[[-0.92159146  0.71089405  0.27484611  0.06474263  0.15216719 -0.02270993]]
[[-0.7704035   0.81615395 -0.21757806  0.17379566  0.02775661 -0.01580457]]
[[-0.68827664  0.75630442 -0.19503754  0.14508547  0.01937085 -0.01729394]]
[[-0.54263648  0.58254014  0.37804053  0.07206896  0.00522757 -0.00764636]]
[[-0.60870626  0.59638308  0.64322706  0.0182492   0.03918242  0.00319261]]
[[-0.50326956  0.53981211  0.71962549 -0.05687779  0.01763704  0.01012639]]
[[-0.40507191  0.43816161  0.59872855 -0.07088533 -0.02150787  0.00786854]]
[[-0.48144953  0.41345058  0.45734886 -0.05359307  0.01532603  0.00133176]]
[[-0.39402489  0.16695646  0.38410766 -0.14038128  0.01900892 -0.00099753]]
[[-0.35446518  0.06216051  0.23993275 -0.16370219  0.01268689  0.0012875 ]]
[[-0.56673028  0.08084808  0.10251046 -0.14477824  0.12175715  0.0077817 ]]
[[-0.80991646  0.17738468  0.30041465 -0.11772018  0.22495876  0.01818298]]
[[-0.65437831  0.32299926  0.35343181  0.01116336  0.07811846  0.03092873]]
[[-0.73423201  0.22774473  0.84925985 -0.09558942  0.13512099  0.01354174]]
[[-0.7457178   0.24495267  0.74570929 -0.08301261  0.14030962  0.01800578]]
[[-0.6899166   0.29347531  0.43223906 -0.01587975  0.10757176  0.03149072]]
[[-0.9909469   0.51867275  0.51723061  0.06222818  0.24619607  0.02983858]]
[[-0.96678433  0.440756    0.83539701  0.01709181  0.20205785  0.03079713]]
[[-0.80847714  0.29886165  0.4881775  -0.01069752  0.15390437  0.0301209 ]]
[[-0.66959362  0.02894689  0.35330355 -0.1393752   0.16664202  0.01680211]]
[[-0.47620614  0.04695575  0.32318017 -0.09701328  0.04992687  0.01620087]]
[[-0.54090385 -0.03433112  0.2929802  -0.17043611  0.11911416  0.00606464]]
[[-0.5683604  -0.03256408  0.5483007  -0.1984519   0.11324396  0.0007397 ]]
[[-0.77020134 -0.09416643  1.51474548 -0.36833198  0.22356291 -0.01751073]]
[[-0.98667074 -0.00796819  3.23928494 -0.53841236  0.27813838 -0.03165352]]
[[-1.23320549  0.04956273  4.83254677 -0.69490482  0.35780667 -0.04973605]]
[[-1.3269095   0.18625751  6.00283008 -0.7761958   0.3545771  -0.04631353]]
[[-1.43974748  0.28783222  6.51995738 -0.79490697  0.39391875 -0.04121547]]
[[-1.62268206  0.42723423  6.36698311 -0.74632187  0.47985939 -0.04447578]]
[[-1.4918301   0.27833439  6.09431658 -0.76513234  0.45617616 -0.02236182]]
[[-1.57465121  0.64494586  4.80865513 -0.47929631  0.49392745  0.0091688 ]]
[[-1.49413393  0.87120191  3.09354819 -0.16587616  0.41399133  0.02086597]]
[[-1.29562143  0.81024531  2.72763246 -0.00780137  0.18706862  0.06807753]]
[[-1.17865336  0.57422598  3.033759   -0.036327    0.09253291  0.07996984]]
[[-1.49658451  0.66277736  1.61331525  0.06625065  0.25690492  0.00174128]]
[[-1.66203973e+00  8.74072024e-01  1.04378492e+00  2.02695034e-01
   2.41960281e-01 -6.73254255e-04]]
[[-1.43264837  0.55382919  1.18607101 -0.01306629  0.26962106  0.00235535]]
[[-1.15178678e+00  3.40001834e-01  9.47832677e-01 -1.25541456e-01
   2.68760878e-01  3.90812128e-04]]
[[-0.92289346  0.27351372  0.78605574 -0.15471758  0.20460189  0.0031007 ]]
[[-0.81696381  0.16544918  0.60558171 -0.17455822  0.19456419  0.0042934 ]]
[[-0.7540895   0.19680668  0.58297036 -0.13027384  0.12562353  0.01355644]]
[[-0.44239827  0.28266316  0.69374776 -0.01293121 -0.12623546  0.04330421]]
[[-0.59434126  0.34441606  0.52687864  0.02778239 -0.02212067  0.03724474]]
[[-0.59846151  0.41857931  0.18376717  0.08172545 -0.00857463  0.04922275]]
[[-0.27012375  0.43396583  0.04283799  0.18442334 -0.23268001  0.0710865 ]]
[[-0.04419102  0.24169482  0.00428703  0.09920154 -0.30044875  0.07011308]]
[[-0.31928415  0.32537445 -0.00790796  0.08324712 -0.11183475  0.0735602 ]]
[[-0.34599874  0.33366463 -0.05589983  0.08478938 -0.07239759  0.06652044]]
[[-0.3251036   0.41018429  0.03500671  0.12313268 -0.09157919  0.0616105 ]]
[[-0.40839049  0.5170558   0.49105925  0.15475283 -0.10759296  0.04835133]]
[[-0.40709161  0.45704133  1.47858532  0.16117727 -0.20692528  0.05092362]]
[[-0.41603856  0.35571465  3.15482135  0.13201367 -0.3099809   0.05345443]]
[[-0.36539887  0.35483114  4.55933765  0.20040058 -0.40628063  0.0503214 ]]
[[-0.62910541  0.23360377  5.28333497  0.2924892  -0.29490578  0.03188016]]
[[-0.79895724  0.16210825  5.35752806  0.45665584 -0.15244265  0.05358697]]
[[-0.64735551  0.01012142  5.82944408  0.50325416 -0.17638484  0.08057657]]
[[-0.54465484 -0.14014539  5.84392819  0.58895367 -0.19354922  0.1017375 ]]
[[-0.84371671  0.07174388  6.20295463  0.79145499 -0.121257    0.12795905]]
[[-0.99456089  0.2078557   7.58556392  0.87081053 -0.17134313  0.15585433]]
[[-1.18096296  0.30028141  8.61925614  0.89125704 -0.09764362  0.16194286]]
[[-1.10470417 -0.00955488  9.03794082  0.76062127 -0.08429637  0.1688259 ]]
[[-1.21405655 -0.08964474  8.62230274  0.80639957 -0.05054178  0.18788194]]
[[-1.25480377 -0.01006323  8.14940532  0.93231644 -0.08022696  0.20758429]]
[[-1.23138616  0.05702974  8.20711712  0.98372823 -0.16203668  0.2176699 ]]
[[-1.17923078  0.03146458  8.34757214  0.91136479 -0.17793144  0.21810023]]
[[-0.93762948 -0.01710389  8.93910688  0.80255188 -0.3028189   0.22515447]]
[[-0.85903089  0.04201664  8.83916997  0.79573195 -0.31682263  0.21914172]]
[[-0.89367499  0.08458168  8.12960331  0.87038117 -0.22936418  0.20216979]]
[[-1.03296439  0.15252074  7.674691    0.87469645 -0.15473298  0.19625668]]
[[-9.92896876e-01  2.20752390e-03  7.24481457e+00  7.30244769e-01
  -1.07434738e-01  1.68520618e-01]]
[[-1.02627783 -0.02910174  6.61843711  0.56618045  0.00853935  0.12485698]]
[[-0.75583496 -0.10186047  5.92576265  0.3984282  -0.0284051   0.08458846]]
[[-0.52467118 -0.26296446  4.42794898  0.16640542  0.04461848  0.04659588]]
[[-0.46321651 -0.20545131  3.62089033  0.02405498  0.01092005  0.03266788]]
[[-0.5101172  -0.181553    2.91700473 -0.11667538  0.0366131   0.01705645]]
[[-0.46647368 -0.35757407  2.54680414 -0.2934012   0.07105112 -0.00387563]]
[[-0.37096421 -0.25536187  1.97634177 -0.26022962  0.02071547  0.00538794]]
[[-2.81636251e-01 -3.02125969e-01  1.80122851e+00 -2.89169789e-01
  -2.30937854e-02  3.98125728e-04]]
[[-0.22026263 -0.2366199   1.09634765 -0.2274349  -0.03550763  0.01908199]]
[[-0.14721009 -0.26433615  0.75250811 -0.23490539 -0.04584405  0.01769459]]
[[-0.11438374 -0.27431525  0.52902203 -0.2407922  -0.0540947   0.01625642]]
[[-0.11440868 -0.27694828  0.3636714  -0.17158926 -0.13601278  0.02622511]]
[[-0.10316164 -0.08858461  0.27492861 -0.04689429 -0.21136392  0.03843465]]
[[-0.41112661  0.20476233  0.64792163  0.00701163 -0.10862303  0.03647361]]
[[-0.42782456  0.09349232  0.84042532 -0.09177802 -0.04876171  0.02705608]]
[[-0.42121724  0.0504837   0.64746075 -0.09549774 -0.01246407  0.03037367]]
[[-0.47805082  0.09649385  0.59769237 -0.08852873  0.0205665   0.03199454]]
[[-0.42345546  0.06743455  0.79091311 -0.12852064 -0.02896754  0.0301278 ]]
[[-0.4443861  -0.01757449  0.70733029 -0.21120929  0.0166806   0.00808932]]
[[-0.50219372  0.00642811  0.76516182 -0.21244014  0.03861314  0.00545663]]
[[-0.48533173  0.11954536  0.78101488 -0.15875294 -0.00107993  0.01095933]]
[[-0.4392871  -0.09411962  0.65297698 -0.23129223  0.05414457  0.00311124]]
[[-0.38301913 -0.00999391  0.31704114 -0.13801284  0.02223671  0.01459856]]
[[-0.38022747 -0.00426624  0.16248325 -0.13239617  0.04052342  0.01383725]]
[[-0.48061636 -0.03017989  0.13371435 -0.15721598  0.10586629  0.01339814]]
[[-0.45285865  0.02862679  0.10389365 -0.13633661  0.07334895  0.01230868]]
[[-0.46899029 -0.15303402  0.04380758 -0.23440735  0.14245983  0.00163246]]
[[-0.45065057 -0.14901749  0.04050553 -0.23534477  0.1286477  -0.00462099]]
[[-0.42015577 -0.10224021  0.00686734 -0.20572181  0.10056125 -0.00531359]]
[[-0.39373121 -0.22124413 -0.05325524 -0.25587881  0.12013148 -0.00569371]]
[[-0.36215041 -0.32716057 -0.14027162 -0.2857695   0.12765753 -0.00615563]]
[[-0.34575374 -0.24712779 -0.11880377 -0.2517335   0.09338135 -0.00169268]]
[[-3.30910001e-01 -1.32105474e-01 -5.45506655e-02 -2.19157671e-01
   6.46849698e-02  8.58819834e-05]]
[[-0.32725776 -0.22542576 -0.14489406 -0.23931583  0.08095353 -0.00143449]]
[[-0.42350807 -0.31287383 -0.05376852 -0.26462783  0.12511436 -0.00357589]]
[[-0.33678001 -0.19854345 -0.17882937 -0.20949102  0.07606829  0.00604891]]
[[-0.33295695 -0.14049179 -0.12109222 -0.18654247  0.05416044  0.00760554]]
[[-0.34226629 -0.22881171 -0.09598464 -0.22276032  0.07554719  0.00740936]]
[[-0.38501722 -0.20214426 -0.25566334 -0.18623495  0.09658992  0.00516651]]
[[-0.42404137 -0.1740151  -0.22037346 -0.18546138  0.11487496  0.00309036]]
[[-0.41392386 -0.14057247 -0.30534052 -0.16741935  0.11019923  0.00601649]]
[[-0.39578373 -0.14192666 -0.20093814 -0.17869623  0.09085792  0.00254614]]
[[-0.29713705 -0.23995179  0.03482411 -0.24283575  0.01434987 -0.01907364]]
[[-0.22341503 -0.16013945  0.61561499 -0.17118968 -0.06013547 -0.07984498]]
[[-0.59696301 -0.17217738  2.98901866  0.00398421  0.07545238 -0.01867321]]
[[-1.59722786 -0.14439851 11.19560369  0.49654037  0.36884784  0.02415946]]
[[-2.39435807 -0.43855142 21.29154211  1.03031874  0.45171361  0.07434415]]
[[-3.37721852 -1.12402456 32.3093859   1.39366564  1.05803614  0.15437407]]
[[-4.44016622 -1.81012142 43.7399306   1.646776    1.90416244  0.25792761]]
[[-5.44454382 -2.47836545 55.97903127  1.78232495  2.39786614  0.39433347]]
[[-7.14611049 -2.62126034 68.68087289  1.71578561  3.25848037  0.61955206]]
[[-9.09935664 -1.95452616 77.5089876   1.64068621  4.23626572  0.86734982]]
[[-10.63911004  -0.35376388  83.8265008    1.86553838   4.93189998
    1.09729822]]
[[-11.69924071   0.7121397   88.45099921   2.11298751   5.42028584
    1.27792625]]
[[-13.18868966   1.77392751  92.24625302   2.00916354   6.07871498
    1.42797596]]
[[-14.45336351   3.11620094  93.59855689   1.89135866   6.69504517
    1.55394247]]
[[-15.20863874   4.6691875   95.12163285   1.99214637   6.76724448
    1.63209094]]
[[-14.7177921    4.94982796  94.19195679   2.13687505   6.47637755
    1.6662048 ]]
[[-14.30425729   4.9519554   92.48714092   2.11024699   6.20508926
    1.6438011 ]]
[[-14.01677329   4.95253623  91.03822663   1.84361515   5.26988999
    1.7097952 ]]
[[-14.3486183    5.5103143   86.42058753   1.35471909   3.88036274
    1.68355832]]
[[-14.23659359   5.7653658   82.32670546   0.92682028   2.55510536
    1.56413698]]
[[-13.51655028   4.840839    77.88254806   0.72640925   1.59929286
    1.46942895]]
[[-12.44292691   4.30110391  73.06398567   1.14607563   1.28948337
    1.45148492]]
[[-11.35597281   3.81217286  70.47591577   1.75374579   1.11631256
    1.40412982]]
[[-10.64998107   2.89928447  70.11785154   2.16825104   1.13797856
    1.3311165 ]]
[[-10.31179058   2.68532972  69.86821291   2.7185241    1.24639877
    1.27852756]]
[[-9.65384982  2.37609776 69.99320631  3.32069074  0.98660803  1.24986061]]
[[-9.24933428  1.66565087 71.30229582  3.72320207  0.94422765  1.23257714]]
[[-8.90489177  1.22315445 72.89841083  4.09722422  0.80954784  1.19027299]]
[[-8.6068155   0.77709858 74.14578258  4.3588536   0.69735361  1.11455964]]
[[-8.18940312e+00  3.75957814e-02  7.49479879e+01  4.49391153e+00
   5.46965684e-01  1.02277037e+00]]
[[-7.82126168 -0.65472496 75.53678015  4.51205806  0.38527521  0.92070056]]
[[-7.30915670e+00 -1.48194298e+00  7.57445785e+01  4.48530713e+00
   7.55546013e-02  8.09318030e-01]]
[[-6.91821456e+00 -2.15309802e+00  7.48267540e+01  4.39152527e+00
  -5.79368946e-02  7.40608429e-01]]
[[-6.14578952 -2.92248464 70.70132405  4.03875039 -0.31647177  0.64464813]]
[[-4.91193467 -3.03167026 59.97984132  3.20246008 -0.42237696  0.47483306]]
[[-3.55561366 -2.97291537 47.35262924  2.09487098 -0.39871297  0.31594092]]
[[-2.21601097 -2.9069367  34.84146241  0.92122404 -0.29337077  0.18427437]]
[[-1.20514902 -2.52530817 25.35697006  0.12625874 -0.28367495  0.12740419]]
[[-0.25397625 -2.32483657 18.82993374 -0.48221913 -0.40325291  0.1107846 ]]
[[ 0.11970867 -2.04383649 15.64407903 -0.80360067 -0.45803321  0.11131323]]
[[ 0.1096085  -1.73306167 13.51680217 -0.94432741 -0.36834815  0.10360017]]
[[ 0.09450231 -1.4536325  11.67779315 -0.97093037 -0.26653263  0.08099792]]
[[-0.05492875 -1.15877243 11.449007   -1.02249431 -0.23458815  0.06828546]]
[[-0.05999468 -1.11614716 12.63445743 -1.27773083 -0.31099821  0.05996812]]
[[-0.14665101 -0.68488179 11.99227804 -1.08099432 -0.36820291  0.0845016 ]]
[[ 0.05117007 -0.73096417 10.21864694 -1.00077978 -0.39371003  0.06810109]]
[[ 0.23879368 -0.65160405  9.94372068 -0.91538863 -0.57823458  0.07839312]]
[[ 0.30579745 -0.46869701 11.25840624 -0.91734021 -0.79934147  0.11511247]]
[[ 0.16665486  0.01775457 13.05623252 -0.73094876 -0.98821693  0.18776427]]
[[-0.06616049  0.45616065 13.8361271  -0.54907712 -0.99295352  0.26670248]]
[[-0.46439576  0.9142079  14.31502838 -0.418994   -0.83605104  0.35645403]]
[[-0.47180612  0.98928146 15.0851084  -0.52235314 -0.87001666  0.456683  ]]
[[-0.11229721  0.64098083 14.24568457 -0.59072563 -1.00106651  0.43023329]]
[[-0.15367115  0.39485693 13.92603616 -0.69720392 -0.93066271  0.42137235]]
[[ 3.13424287e-03  4.48495772e-01  1.48827431e+01 -5.76687753e-01
  -1.22167029e+00  5.53462912e-01]]
[[ 0.05358057  0.6960593  14.74023272 -0.34630222 -1.40553464  0.64635371]]
[[ 0.04469555  0.51456601 11.3860985  -0.26476018 -1.03877174  0.47891937]]
[[ 0.13911269  0.20415192  7.66036235 -0.26371017 -0.65207342  0.32719893]]
[[ 0.20144076  0.05779324  5.02247156 -0.24097664 -0.39475102  0.22011663]]
[[ 0.26177729 -0.16113825  3.17590821 -0.31587275 -0.18722051  0.14063031]]
[[ 0.33917299 -0.32596099  2.13640378 -0.31167798 -0.0956178   0.07989449]]
[[ 0.39618893 -0.39175786  1.42682563 -0.28483725 -0.04942151  0.05171566]]
[[ 0.44501519 -0.75194931  0.33741054 -0.48345314  0.11604263  0.0261639 ]]
[[ 0.43402561 -0.75523797 -0.1936316  -0.47092475  0.14267929  0.01196121]]
[[ 0.26057888 -0.59255947 -1.08035473 -0.47935932  0.28363993  0.02992881]]
[[ 0.12540204 -0.64727213 -0.89620471 -0.45128208  0.33349872  0.02597046]]
[[ 0.33365215 -0.32884942 -3.12496405 -0.48721685  0.45249289  0.00659576]]
[[ 0.75783082 -0.23725416 -7.24933911 -0.74054497  0.73576169 -0.01736086]]
[[  0.99356162  -0.0237144  -11.27755093  -0.85944423   1.04979632
    0.02011516]]
[[  1.2760781    0.10488141 -14.52379751  -0.51667929   1.16584004
    0.07275336]]
[[  1.19118099   0.102801   -12.52551508  -0.24966203   0.91677808
    0.08542418]]
[[ 1.04788241  0.01431745 -9.85497801 -0.21747145  0.81925779  0.08368654]]
[[ 0.9965579   0.24125349 -9.33234953 -0.19694672  0.92735402  0.05823948]]
[[  1.58541252   0.11057422 -10.21258051  -0.33489187   0.92375522
    0.03687918]]
[[  2.39545382  -0.15272833 -11.91706458  -0.57959361   0.82346006
    0.0227079 ]]
[[ 3.15267193e+00 -5.00187689e-02 -1.40329121e+01 -5.82717353e-01
   5.45317978e-01 -3.42364567e-03]]
[[  3.58843855   0.12089746 -16.08704402  -0.61807321   0.37978499
   -0.04186552]]
[[  3.98891183   0.18485902 -18.13729716  -0.72678046   0.25995234
   -0.07341512]]
[[  4.34762857   0.13860791 -20.02068857  -0.8757161    0.20408079
   -0.08700625]]
[[  4.47114941   0.18125964 -21.28947428  -0.96555739   0.20144644
   -0.09819085]]
[[  4.53354059   0.3171766  -21.99288904  -0.94433663   0.15831788
   -0.11974193]]
[[  4.400899     0.5886673  -22.26815278  -0.88972088   0.17012798
   -0.12223027]]
[[  3.96770502   0.9391032  -22.52247051  -0.88371834   0.38314901
   -0.08470285]]
[[  3.80292416   1.04014872 -22.94556867  -0.89815089   0.40918403
   -0.06111072]]
[[  3.76019177   1.13154365 -22.92683969  -0.8883081    0.41417332
   -0.06213121]]
[[  3.52510405   1.31126764 -22.67681926  -0.86997019   0.48250298
   -0.04788277]]
[[  3.37938159   1.40218086 -22.47768044  -0.869971     0.50160658
   -0.07610904]]
[[  3.07019809   1.62832418 -22.22907261  -0.81416295   0.5801156
   -0.06344457]]
[[  2.77599279   1.86726841 -22.10681634  -0.73973367   0.64067794
   -0.05118565]]
[[  2.89431005   1.92085731 -22.40749424  -0.71672537   0.59199581
   -0.09182955]]
[[  2.93164559   1.98393747 -22.73477522  -0.72245308   0.58973011
   -0.11595856]]
[[  2.90498461   2.11354425 -23.56388812  -0.75026648   0.64856566
   -0.09413664]]
[[  3.22208322   1.9374434  -25.61324971  -0.98949711   0.74477812
   -0.09172199]]
[[  3.50936674   1.78543126 -27.52160421  -1.21381009   0.84183814
   -0.10491202]]
[[  3.81635112   1.52255476 -28.88839662  -1.42451136   0.89333068
   -0.08321109]]
[[  4.13104942   1.44104408 -29.7210826   -1.47623008   0.85072152
   -0.08541537]]
[[  4.21051999   1.51183585 -30.26673191  -1.46602671   0.85367774
   -0.07830618]]
[[  4.29736393   1.5157908  -30.7883622   -1.48460961   0.86570317
   -0.06798663]]
[[  4.24525099   1.52456245 -30.36974775  -1.51288971   0.91476477
   -0.06042121]]
[[  4.13411372   1.63993363 -29.63800686  -1.45652854   0.92372644
   -0.03125217]]
[[ 3.84474281e+00  1.87112435e+00 -2.88440730e+01 -1.29528193e+00
   9.33696399e-01  2.42759419e-02]]
[[  3.84143742   1.84191215 -27.91693435  -1.28268557   0.91699288
    0.07508099]]
[[  3.90868404   1.64338063 -27.34790189  -1.3562344    0.94923788
    0.12877751]]
[[  3.68273773   1.81563202 -26.92337454  -1.31063275   1.02982289
    0.17245303]]
[[  3.36099779   1.92412061 -26.83018612  -1.31392282   1.17492182
    0.18435509]]
[[  3.3329109    1.89817229 -27.21613347  -1.29224867   1.15267797
    0.15452017]]
[[  3.31899463   1.96520359 -27.95405403  -1.28946427   1.14490122
    0.13283578]]
[[  3.77361151   2.27355715 -31.55505325  -1.31298758   1.05268778
    0.09656877]]
[[  4.12054394   2.82791879 -38.13245777  -1.60322775   1.28386108
    0.11974388]]
[[  4.78749563   3.00233557 -44.9124062   -2.02362643   1.45329492
    0.07197779]]
[[ 5.34780809e+00  3.34947230e+00 -4.99969765e+01 -2.23228455e+00
   1.51200581e+00 -6.68019264e-03]]
[[  5.95594497   3.63346755 -53.79066578  -2.29480253   1.42773035
   -0.08974918]]
[[  6.49028439   3.6528973  -56.73132339  -2.33581737   1.32639008
   -0.14388747]]
[[  6.87034275   3.72379601 -58.4647291   -2.30191252   1.21391869
   -0.18418207]]
[[  7.04418775   3.84534179 -58.69474285  -2.15381809   1.08576011
   -0.21761912]]
[[  7.06714023   4.03378777 -57.73886787  -1.85591538   0.88551342
   -0.23365625]]
[[  6.78733132   4.37992963 -55.51992738  -1.50342704   0.74192795
   -0.21044875]]
[[  6.44442734   4.67507727 -52.97524798  -1.14977923   0.61093863
   -0.20800348]]
[[  6.31464142   4.63203327 -50.33112968  -0.93936088   0.48704551
   -0.17726346]]
[[  5.88701698   4.3680346  -46.54294394  -0.87912224   0.5118717
   -0.12744279]]
[[  5.00818686   3.6216875  -39.04686091  -0.78648665   0.4270932
   -0.09414525]]
[[  3.71287055   2.58196826 -27.66065468  -0.52884384   0.23478158
   -0.05007374]]
[[ 2.56883076e+00  1.43018343e+00 -1.90056774e+01 -5.62233508e-01
   2.81521858e-01  1.77267125e-02]]
[[  1.77358012   1.04444528 -13.46510027  -0.39453205   0.29774569
    0.05232258]]
[[ 1.15520253  0.69038804 -9.26987895 -0.29383926  0.31934542  0.10431563]]
[[ 0.6865258   0.78076453 -4.40546095  0.17786675  0.02569637  0.08128043]]
[[ 0.45764968  0.72521413  1.16201486  0.68832143 -0.40809055 -0.00681584]]
[[ 0.67405307 -0.14307752  2.16678423  0.390471   -0.43994863 -0.00255484]]
[[ 0.7283979  -0.46757238  2.08238977  0.24372162 -0.40686259 -0.04695064]]
[[ 0.7179603  -0.74147887  1.40507971 -0.00432068 -0.23609206 -0.02496473]]
[[ 0.72156548 -0.42282157  0.91481194  0.08685228 -0.25431734  0.00654818]]
[[ 0.73666804 -0.10991051  0.40983971  0.21413237 -0.32055336 -0.00805553]]
[[ 0.68267329 -0.12823434 -0.09614509  0.15172818 -0.23406789  0.00296526]]
[[ 0.18656498  0.07412173 -0.84696523  0.0651185   0.09251122  0.03912813]]
[[ 0.07880897  0.21695682 -0.74409898  0.12310419  0.11183891  0.00681746]]
[[ 0.0452996   0.34998375  0.17541143  0.38472222 -0.10854651 -0.00232287]]
[[-0.23142202  0.57729478  1.01523521  0.5342555  -0.07718412  0.03002954]]
[[-0.39126234  0.66350848  2.14645989  0.64968343 -0.12939898  0.0653694 ]]
[[-0.34132276  0.60377126  3.01229553  0.71741323 -0.24312581  0.08072841]]
[[-0.21948662  0.43404003  3.59951926  0.69984779 -0.30805033  0.10089664]]
[[-0.13033941  0.24756087  4.05771895  0.64780192 -0.3167484   0.11077321]]
[[-0.06676753  0.09504997  4.25758367  0.57937916 -0.2942887   0.11600101]]
[[-2.86250107e-03 -5.73812517e-02  4.40185414e+00  5.14105331e-01
  -2.82961636e-01  1.18366377e-01]]
[[-0.15818744  0.04017834  4.39600029  0.54725762 -0.18821484  0.11964755]]
[[-0.0776565  -0.03389351  4.3124217   0.51467681 -0.20501664  0.11523769]]
[[-4.15462967e-03 -8.56657584e-02  4.16972176e+00  4.95338819e-01
  -2.35401317e-01  1.08866513e-01]]
[[ 0.0855423  -0.06692459  3.84020545  0.47600166 -0.27007066  0.09578299]]
[[ 0.24151648 -0.08678218  3.37952045  0.43286808 -0.31464169  0.08396963]]
[[ 0.28600075 -0.0438372   3.0315976   0.39237761 -0.31931867  0.08229767]]
[[ 0.31508747 -0.06374013  2.88605607  0.34976535 -0.31465515  0.08434437]]
[[ 0.31619539 -0.01639065  2.85253743  0.37842664 -0.3327733   0.08876149]]
[[ 0.36903031  0.02176149  2.89182221  0.40443222 -0.37674908  0.08938235]]
[[ 0.47569303  0.0215851   2.88743738  0.43814646 -0.45122817  0.08290672]]
[[ 0.58476614  0.03263857  2.91532553  0.45808098 -0.5073166   0.07530532]]
[[ 0.43593371  0.07664198  3.56514675  0.38047339 -0.42995479  0.05850672]]
[[ 0.09874487  0.19711723  5.40982947  0.24925988 -0.33719313  0.05469699]]
[[ 0.08502353  0.11611875  7.63389855  0.07049972 -0.47394906  0.06656364]]
[[-0.3159564   0.47108712 10.50840149 -0.01198058 -0.44834634  0.07321973]]
[[-0.52664326  0.95852557 14.98806482 -0.18803215 -0.46266977  0.10759012]]
[[-0.72591139  1.71516649 19.24799465 -0.26015913 -0.44177404  0.14817487]]
[[-1.01181628  2.46117996 23.68420242 -0.39008603 -0.30245515  0.16022455]]
[[-1.14976788  2.88170759 27.9181988  -0.60458484 -0.25473157  0.16707497]]
[[-1.17777307  2.91283459 31.29698294 -0.87202491 -0.23295564  0.17346763]]
[[-1.11048205  2.89901277 33.7375096  -1.0590486  -0.31560274  0.19409385]]
[[-1.07593138  2.46756403 30.44558103 -1.01496706 -0.40169182  0.24937384]]
[[-1.28074734  1.43617979 26.7143772  -0.88241226 -0.48073187  0.23000282]]
[[-1.98522094  0.31221688 32.32577744 -0.08137092 -0.68967932  0.34079782]]
[[-4.1001822  -1.48277522 44.3045488   1.08664702 -0.0663684   0.40928222]]
[[-5.68687615 -3.50798362 56.01822821  2.17842715  0.23738988  0.44813125]]
[[-7.30961819 -4.97468432 65.76836133  3.09475232  0.91504764  0.57798472]]
[[-8.35587833 -5.89772803 73.18674729  3.9548257   1.19213657  0.73505661]]
[[-9.18201885 -5.75374685 77.74559057  4.86082144  1.24952224  0.92205696]]
[[-9.6990999  -5.23922991 79.46946092  5.69393937  1.15932054  1.00211021]]
[[-9.7082954  -5.46693298 79.44791813  6.14658504  0.93698012  0.96367228]]
[[-9.74037665 -5.58214108 78.68698058  6.4209002   0.74399869  0.89927241]]
[[-9.5293231  -5.61350813 77.6598991   6.62302277  0.39981314  0.8017121 ]]
[[-9.32714417 -5.53094129 76.60457455  6.77415449  0.08002825  0.70378922]]
[[-8.91982012 -5.42299318 74.70248366  6.8719746  -0.22797483  0.61430013]]
[[-7.64666535 -5.42093138 68.99106306  6.82812814 -0.27902139  0.4688172 ]]
[[-5.97341999 -4.94090473 59.97092943  6.54484978 -0.22105467  0.31153249]]
[[-4.74163383 -4.57509314 51.60146075  6.11940961 -0.1997364   0.17227621]]
[[-3.89604855 -4.6233487  45.70719196  5.83291904 -0.24088795  0.06360567]]
[[-3.21693561e+00 -4.13406109e+00  4.17123438e+01  5.95215939e+00
  -5.21488342e-01  8.17913460e-04]]
[[-3.05363243e+00 -4.28298638e+00  4.16343664e+01  5.95725672e+00
  -4.69151177e-01 -1.70253322e-02]]
[[-3.79444317e+00 -5.09481573e+00  4.52889998e+01  5.94117998e+00
  -5.21331541e-02  2.20860306e-03]]
[[-4.58090618 -6.0948497  49.91948208  6.2058375   0.06578027  0.06526505]]
[[-4.98536848 -6.86659201 52.97541249  6.41810643 -0.16494299  0.11135349]]
[[-4.74955446e+00 -7.63994798e+00  5.23228089e+01  6.12768268e+00
  -6.09357403e-01  1.67433853e-02]]
[[-4.10300140e+00 -7.19729245e+00  4.63761322e+01  5.23561888e+00
  -7.75261272e-01  2.48348338e-03]]
[[-3.31891531 -5.93705181 37.82581324  4.20159228 -0.77483918  0.06985225]]
[[-2.31927222e+00 -4.57578386e+00  3.01976125e+01  3.57300005e+00
  -1.07685991e+00  1.74067949e-02]]
[[-1.74226149e+00 -3.32950390e+00  2.41339267e+01  3.14396294e+00
  -1.17523147e+00  7.32170056e-03]]
[[-1.09138790e+00 -2.83324037e+00  1.95520435e+01  2.62088945e+00
  -1.14126822e+00 -3.41260009e-04]]
[[-1.16246889 -2.5876847  17.2320723   2.26252414 -0.76780594  0.05680409]]
[[-8.87742756e-01 -2.31412350e+00  1.55148099e+01  2.06690209e+00
  -8.47710229e-01  5.91127460e-03]]
[[-0.64988471 -2.0089277  13.93275559  1.96600385 -0.8989985  -0.01731083]]
[[-0.29399616 -1.95107588 12.54709836  1.73088635 -0.86846416 -0.02785085]]
[[-0.09969215 -1.97903935 10.78707338  1.36718799 -0.69871653 -0.01525382]]
[[-0.07485143 -1.97096381  9.41625639  1.03772451 -0.43847845  0.0141532 ]]
[[-0.13631925 -2.02272239  8.37015119  0.72038013 -0.16066013  0.03887102]]
[[ 0.03867651 -2.12563754  7.18471896  0.47909895 -0.1008655   0.02977033]]
[[ 0.23146889 -2.04755166  6.34201246  0.38217224 -0.13392199  0.01146181]]
[[ 0.43694603 -2.22873112  6.08002952  0.19456482 -0.08777297  0.05283348]]
[[ 0.61267025 -2.25257725  5.43902088  0.09804947 -0.1087675   0.08050557]]
[[ 0.58644652 -1.97031955  4.95734608  0.18351499 -0.14927172  0.0333715 ]]
[[ 0.74577565 -1.81258221  4.52788669  0.24607364 -0.29617223 -0.03844013]]
[[ 0.82362943 -1.75513779  4.34125827  0.28277476 -0.34986073 -0.07792978]]
[[ 0.93860716 -1.64664307  4.28243517  0.35841514 -0.44428147 -0.09566027]]
[[ 1.08012708 -1.64436544  4.14570706  0.37187144 -0.5113453  -0.10251299]]
[[ 0.87861102 -1.42370586  4.2750192   0.45166482 -0.44239421 -0.11964577]]
[[ 0.84061473 -1.48768733  4.0329383   0.40847807 -0.38653481 -0.08932863]]
[[ 0.72229985 -1.37121386  3.49745513  0.35137228 -0.26344944 -0.03948155]]
[[ 0.68532011 -1.29205107  2.97435649  0.2698736  -0.18435438 -0.02247186]]
[[ 0.71931966 -1.2446518   2.53319318  0.22860667 -0.17216808 -0.0291889 ]]
[[ 0.71058186 -1.18214495  2.0600143   0.17692347 -0.1278276  -0.02753438]]
[[ 0.65461218 -1.11648825  1.60690729  0.10261107 -0.03872653 -0.00605681]]
[[ 0.52233399 -1.04912437  1.35334928  0.03096161  0.11702722  0.01338198]]
[[ 0.56020893 -1.1426357   1.17835413 -0.07560491  0.15743056  0.01735025]]
[[ 0.67063761 -1.19267038  1.00816846 -0.11251216  0.13406522  0.02172746]]
[[ 0.6396685  -1.22796041  1.29301356 -0.15141361  0.1931789   0.0223615 ]]
[[ 0.60281947 -1.0260074   1.29898773 -0.09614105  0.17114034 -0.00606358]]
[[ 0.46409812 -0.57253356  1.32470999  0.05189339  0.07358479 -0.07007613]]
[[ 0.42545902 -0.31446474  1.31202016  0.13366823 -0.0292996  -0.1215071 ]]
[[ 0.39809381 -0.06282086  1.72425385  0.18348486 -0.06287748 -0.15603534]]
[[ 0.18286189  0.26329944  1.76499194  0.29424147 -0.15581436 -0.16868446]]
[[-0.14135312  0.66702806  1.70793777  0.46233685 -0.22862134 -0.18372615]]
[[-0.21989301  0.87044306  1.68260577  0.58225399 -0.35955889 -0.19922411]]
[[-0.11238303  0.77533599  1.95921313  0.58030749 -0.40055898 -0.19293094]]
[[-0.05096472  0.59462181  2.82225429  0.48995288 -0.26343837 -0.16395651]]
[[-0.24398142  0.41411436  4.16936132  0.29828416  0.14513763 -0.09711974]]
[[-0.29797739  0.31643392  5.51843536  0.2113879   0.43329996 -0.03253876]]
[[-0.37129284  0.43105966  7.11091089  0.28075389  0.66846897 -0.02281574]]
[[-3.70976738e-01  4.18417438e-01  8.33129987e+00  2.47780275e-01
   8.66095935e-01 -4.65773561e-03]]
[[-0.2923747   0.20507467  8.62367286  0.10395691  0.94721257  0.01964593]]
[[-0.66084569  0.59578281  9.197187    0.25755154  1.12275287  0.01966737]]
[[-1.1761755   1.01317539  9.38091077  0.37600358  1.2968864   0.07026467]]
[[-1.43362248  1.08382528  8.6569471   0.35892698  1.21467624  0.12430807]]
[[-1.59651791  1.42970351  7.8234743   0.46649887  0.99021315  0.11683837]]
[[-1.93228459  1.73138215  7.17951882  0.48998968  1.03534421  0.11515256]]
[[-2.07525904  1.97359809  6.09923211  0.54555339  0.88589092  0.12055624]]
[[-2.2903578   2.03720841  5.94845138  0.55457512  0.97239778  0.14476237]]
[[-2.13177368  1.81016864  5.79178195  0.4664664   0.93655514  0.17765807]]
[[-1.65372031  1.3835343   4.57388185  0.24742017  0.69064697  0.23069129]]
[[-1.29760766  1.14237424  3.69285493  0.25699946  0.44448239  0.22304708]]
[[-1.13756564  0.7724861   5.06200201  0.28950724  0.63890303  0.24598777]]
[[-1.31434362  0.84418819  6.75904207  0.40568369  0.92934471  0.2659349 ]]
[[-1.38803025  0.98086001  9.14465957  0.65247982  1.16017927  0.2579499 ]]
[[-1.35258691  0.82129256 10.42616559  0.592154    1.34071496  0.29635054]]
[[-1.09954248  0.76039162 10.23168748  0.56369539  1.21718175  0.26079245]]
[[-1.40198008  1.07059823  9.97687832  0.72588679  1.48997675  0.1951354 ]]
[[-1.45266157  0.99280472  9.00321135  0.63942492  1.53422868  0.17489271]]
[[-0.97808876 -0.16197263  7.19563161  0.08727228  1.48110446  0.24914648]]
[[-0.59266644 -0.70921894  5.85700737 -0.17488543  1.34526208  0.24913141]]
[[-0.37446835 -0.39075165  5.0075998   0.0658345   1.01051785  0.13358587]]
[[-0.19393558 -0.3200116   4.84735817  0.12047681  0.92835478  0.07341639]]
[[ 0.04760175 -0.50006373  4.66664556  0.01895143  0.8841531   0.05678172]]
[[ 0.15817855 -0.71951444  4.45677686 -0.12714195  0.92474442  0.07323509]]
[[ 0.39172982 -0.96637067  3.55780094 -0.25909579  0.81125982  0.07837235]]
[[ 0.52789762 -0.90982437  2.83269395 -0.19074558  0.62730098  0.05024214]]
[[ 0.55539377 -0.8702853   2.15947097 -0.15555768  0.51340586  0.03363529]]
[[ 1.13078141 -1.59555556  3.03251981 -0.26276957 -0.02034385 -0.10380436]]
[[ 1.0809878  -1.7156167   2.23966906 -0.31967512  0.03266536 -0.1040379 ]]
[[ 1.30684476 -1.6371977   1.2775585  -0.21901205 -0.03433068 -0.08008555]]
[[ 1.37588536 -1.60629804  0.60368298 -0.13126539 -0.03012204 -0.06425105]]
[[ 1.47200241 -1.59937632  0.08835118 -0.09444721 -0.04374007 -0.0532115 ]]
[[ 1.49171757 -1.70994651 -0.84092718 -0.19925515  0.04731206 -0.02664149]]
[[ 1.18761335 -1.70863598 -1.89285883 -0.30804086  0.05887921  0.00661521]]
[[ 1.16472539 -1.44278547 -2.74419243 -0.26664896 -0.05913999 -0.00674634]]
[[ 1.10721518e+00 -1.48523324e+00 -3.67790962e+00 -3.57734168e-01
  -9.41608210e-02  2.01693554e-03]]
[[ 0.52011167 -1.3309883  -3.99042151 -0.61353941  0.13884603  0.0386894 ]]
[[-0.14851473 -1.89959729 -4.58051528 -1.39964894  0.70821666 -0.06229878]]
[[ 0.02615286 -2.1336994  -4.49610821 -1.51828514  0.72652274 -0.08264771]]
[[ 0.34457337 -1.74811596 -3.9821859  -1.13390203  0.46938477 -0.02412551]]
[[ 0.2075328  -1.2648326  -3.78547482 -0.87285099  0.31302019  0.03146954]]
[[-0.0680261  -0.92707236 -4.12405309 -0.73033532  0.21334735  0.08280578]]
[[-0.25137601 -0.58551925 -4.93816758 -0.59902944  0.06811463  0.10240295]]
[[-0.51305367 -0.06302504 -5.43556901 -0.42403738 -0.07570272  0.10227572]]
[[-0.62772039  0.19091319 -5.56110096 -0.2990255  -0.13622792  0.06580123]]
[[-0.78854151  0.12563274 -5.58617245 -0.31126482 -0.03452275  0.0356417 ]]
[[-1.07466245e+00  4.02980439e-03 -5.62442343e+00 -4.22744110e-01
   1.07420952e-01  4.24792275e-02]]
[[-1.04458793  0.01422852 -5.49804869 -0.42344182  0.11388264  0.04334356]]
[[-1.35901598 -0.08696596 -4.44648033 -0.48494809  0.43930572  0.09181966]]
[[-1.72252264  0.13770316 -3.04275191 -0.38237335  0.6170795   0.11391121]]
[[-2.10234158  0.29081916 -1.56048293 -0.31790894  0.93362102  0.14966739]]
[[-2.26802853  0.56568594 -0.71117714 -0.25087897  0.97659387  0.17688964]]
[[-2.4652549   0.88186895 -0.00991139 -0.13727678  1.00305301  0.1877245 ]]
[[-2.53581497  1.38764697  0.29828219  0.11310276  0.88857433  0.13318736]]
[[-2.07222402  1.4520788   1.66485024  0.20829898  0.63216359  0.11033232]]
[[-1.69289928  1.5107921   2.69053267  0.3347396   0.35064712  0.08354103]]
[[-1.30302649  1.43379894  3.55412969  0.44893268  0.15433246  0.07330488]]
[[-1.23299819  1.24887267  3.19552731  0.34184276  0.14769316  0.10045488]]
[[-0.68073202  0.89808806  3.52716685  0.24298388 -0.11812253  0.16327305]]
[[-0.51405064  0.87409818  3.98376393  0.24081015 -0.21123441  0.15021174]]
[[-0.78388326  0.93449115  2.46239374  0.15824913 -0.1729823   0.10770664]]
[[-0.8909529   1.05458723  1.1113593   0.14546058 -0.30476012  0.06184051]]
[[-0.62897792  1.07035972  1.52226299  0.16906288 -0.48063669  0.05322221]]
[[-0.30179681  0.72444755  3.2374994   0.0507382  -0.54869233  0.17318686]]
[[ 0.18279531  0.46315691  4.81781789  0.03516236 -0.78798034  0.2640039 ]]
[[ 0.31635286  0.30063995  6.35337711  0.03410909 -0.84797697  0.34571334]]
[[ 0.44577518  0.19474474  7.81210719  0.0806977  -0.88529033  0.40393063]]
[[-0.2041246   0.26121063  6.16873471 -0.1010721  -0.58436877  0.34943922]]
[[-0.43060589  0.42028109  4.60521821 -0.20154955 -0.60319073  0.27340993]]
[[-0.07399657  0.28613735  5.69943214 -0.14998203 -0.66815924  0.24691978]]
[[ 6.98416200e-02  3.80769170e-01  7.60356604e+00  2.20833474e-03
  -7.00121534e-01  2.75414789e-01]]
[[ 0.11040258  0.26431493  9.01482112 -0.09805892 -0.67070437  0.37671338]]
[[ 3.76029675e-02  6.66789011e-03  9.91861807e+00 -2.48595276e-01
  -5.35805009e-01  4.89915132e-01]]
[[ 0.19317711 -0.12151073 11.32976951 -0.20449341 -0.52347152  0.52411766]]
[[ 0.26381766 -0.24700626 11.77230162 -0.23295737 -0.4824895   0.51880944]]
[[ 0.4008485  -0.16228449 11.87609962 -0.09155791 -0.56110756  0.45638917]]
[[-0.1160941  -0.36688001  7.80276533 -0.31809    -0.38536248  0.32108207]]
[[-0.4144792  -0.22207129  4.85029397 -0.29903627 -0.24560366  0.22506279]]
[[-0.16959497 -0.2395479   2.99445448 -0.27058067 -0.15511617  0.16615203]]
[[ 0.19023409 -0.35112785  1.86874035 -0.22431121 -0.1330797   0.11405771]]
[[ 0.58145187 -0.37070617  0.79214751 -0.12604441 -0.21787164  0.06059146]]
[[ 1.24187634 -0.59227337 -0.10454221  0.05269282 -0.50998756 -0.06512363]]
[[ 1.57282879 -0.31744795 -0.79926722  0.29934584 -0.73975282 -0.14524588]]
[[ 1.74567694 -0.04681208 -1.49824626  0.47322429 -0.97113098 -0.18332423]]
[[ 1.56650866 -0.10934603 -1.4473919   0.41073135 -0.86505149 -0.191912  ]]
[[ 1.242034   -0.33762849 -1.0997619   0.20506723 -0.51943432 -0.10607363]]
[[ 1.02464042 -0.09303916 -1.10030849  0.25219219 -0.47551086 -0.08771657]]
[[ 0.88790934 -0.21335233 -0.87872367  0.1591051  -0.31602408 -0.06718601]]
[[ 0.86222809 -0.72979203 -1.11938    -0.19259925 -0.10025667 -0.03662848]]
[[ 0.99307408 -0.78240808 -1.10541161 -0.24259141 -0.13308229 -0.04927953]]
[[ 1.42342323 -0.97999896 -1.36324544 -0.28315241 -0.31767509 -0.05315018]]
[[ 1.41177036 -1.15227607 -1.43223413 -0.3492755  -0.27265635 -0.02714149]]
[[ 1.24142614 -1.02359262 -1.1430375  -0.30467778 -0.18504366 -0.01770072]]
[[ 1.06887493e+00 -9.14348043e-01 -9.13929203e-01 -2.88832486e-01
  -9.05910433e-02 -9.29352594e-04]]
[[ 0.87147872 -1.06150216 -0.77719317 -0.32801994  0.04419842  0.00917747]]
[[ 0.98640175 -0.84090923 -0.9588443  -0.17453232 -0.0924659  -0.01630967]]
[[ 1.05276612 -0.55873748 -1.09475195 -0.06601425 -0.1925383  -0.03819247]]
[[ 0.90671908 -0.28665625 -0.94977603  0.00585538 -0.15943316 -0.01443918]]
[[ 0.90368366 -0.50359589 -1.06312044 -0.11023752 -0.09193383 -0.01321141]]
[[ 0.96859133 -0.78924469 -1.72395989 -0.31516722  0.01974684 -0.01807744]]
[[ 0.75382476 -0.61192019 -2.37891534 -0.40765899  0.18855072  0.03570639]]
[[ 0.63244028 -0.37063883 -2.904409   -0.40444371  0.28384979  0.08905175]]
[[ 0.36024698 -0.02689828 -3.57168403 -0.29918066  0.37171488  0.14644763]]
[[ 0.45894925  0.35676913 -4.0842349  -0.15962554  0.2612791   0.1421621 ]]
[[ 0.52226706  0.78429043 -4.36883004 -0.02512376  0.18895792  0.16943311]]
[[ 0.46600347  1.36645918 -4.27815214  0.10803349  0.16682681  0.18606914]]
[[ 0.37520147  1.88417389 -3.63999312  0.17003313  0.17997142  0.16044785]]
[[ 0.26852806  2.04801822 -2.05088675  0.34145259  0.13250996  0.18383017]]
[[ 0.23091068  2.25406744  0.1166863   0.69729548 -0.06537205  0.30030219]]
[[ 0.09185451  2.58005862  2.80969889  1.25998892 -0.33459338  0.44037403]]
[[-3.18072962e-03  2.36590533e+00  3.79656141e+00  1.05004802e+00
  -6.08300198e-02  5.59529799e-01]]
[[ 0.74085441  1.85942168  2.94619814  0.51977763 -0.10682958  0.47825649]]
[[ 1.1637686   1.10792058  3.99716809  0.25258568 -0.20174108  0.41551933]]
[[ 0.96397809  1.15109767  6.13240381  0.55960303 -0.26371579  0.50479543]]
[[ 0.64801147  1.47055925  7.82759927  0.98915434 -0.32485663  0.60134148]]
[[ 0.52576403  1.74957347  8.62231842  1.52834653 -0.55762982  0.63145462]]
[[ 0.54172135  1.57980853  9.01607802  1.7095297  -0.52526632  0.7394429 ]]
[[ 0.3859395   1.72723916  9.13886279  1.78917994 -0.46694235  0.80989508]]
[[ 0.91226171  1.40954773  6.05905996  0.89349841 -0.28552463  0.66805089]]
[[ 1.49776606  1.27728093  4.38926243  0.41975059 -0.36195514  0.53961165]]
[[ 1.67009831  1.45664296  3.05349512  0.22439264 -0.39381009  0.4487683 ]]
[[ 1.8171283   1.68058673  1.913822    0.14209932 -0.46949301  0.36619937]]
[[ 1.73000077  1.95229525  1.25539418  0.14506255 -0.46069929  0.35720369]]
[[ 1.71699268  2.2618488   1.07781215  0.23583783 -0.56149068  0.3224964 ]]
[[ 1.52778347  2.49983715  1.08279386  0.34640653 -0.62499972  0.29421882]]
[[ 1.43785604  2.6019337   0.95224819  0.45760962 -0.67358998  0.28438308]]
[[ 1.25226143  2.87001374  0.8197702   0.52501527 -0.63017027  0.28226651]]
[[ 1.099955    3.07134995  0.48438655  0.42803253 -0.44694143  0.41389836]]
[[ 0.95085862  3.29588905  0.18365029  0.35680796 -0.26767831  0.53164077]]
[[ 0.77366463  3.31099309 -0.16326693  0.22743171 -0.05725094  0.57223268]]
[[ 0.58345221  3.23506236 -0.64576118  0.08327091  0.15113904  0.63701626]]
[[ 0.36064127  3.10689394 -1.20096794 -0.06609944  0.39131827  0.73006373]]
[[ 0.2909361   2.75102178 -1.18938052 -0.14826459  0.55707091  0.81207588]]
[[ 0.16187322  2.41823222 -0.92188509 -0.18100409  0.76424622  0.91968413]]
[[ 0.21103987  2.00468554 -0.89692883 -0.34041     0.93578876  1.01906769]]
[[ 0.10007743  1.76900948 -1.91966378 -0.68882684  1.25879373  1.01838637]]
[[ 0.35553346  1.86039919 -2.93604279 -0.77926511  1.14170482  0.95478376]]
[[ 0.20075587  2.12158307 -0.54112354 -0.19677753  0.88509093  1.00190141]]
[[ 0.13055738  2.02586549 -0.17891176 -0.3213417   0.9448866   0.98818703]]
[[ 0.30581928  1.55389354 -0.27030748 -0.6812368   0.95675397  0.91929661]]
[[ 0.32324266  1.07413074  0.30292129 -0.77460348  0.85743241  0.74677669]]
[[ 0.76711147  0.16900826  0.99213242 -0.70379409  0.51631625  0.47507844]]
[[ 1.10908118 -0.12079996  0.88712094 -0.39927356  0.13186218  0.27316039]]
[[ 0.73585566 -0.45913161  0.57587054 -0.38048016  0.2876224   0.23724818]]
[[ 1.37989238 -0.16987448 -0.03912099  0.09534293 -0.37773352 -0.0442456 ]]
[[ 1.54347483 -0.22972562 -0.67126604  0.16080272 -0.47368461 -0.12616733]]
[[ 1.92052092 -0.43460428 -1.02947555  0.14444221 -0.65404839 -0.16227862]]
[[ 2.15342561 -0.92321463 -1.24105858 -0.05414128 -0.644251   -0.15793753]]
[[ 1.65188221 -0.60730203 -0.8712606   0.10193774 -0.57175195 -0.13021565]]
[[ 2.24190962 -0.32639844 -1.1755328   0.53237687 -1.11584922 -0.30436921]]
[[ 2.32451657 -0.60315954 -1.13945174  0.36992196 -1.02359935 -0.28293158]]
[[ 1.95400363 -1.04515784 -1.0017045   0.05762009 -0.64194685 -0.19149055]]
[[ 1.82587402 -1.0847979  -1.30996767 -0.04976248 -0.48553678 -0.1501763 ]]
[[ 1.57922666 -0.86590466 -1.69372777 -0.03054494 -0.48103422 -0.08651432]]
[[ 1.68951255 -0.07373405 -2.36157698  0.44581396 -0.9514717  -0.06794399]]
[[ 1.67138588  0.13543283 -2.11671612  0.69972727 -1.08178274 -0.03284794]]
[[ 1.81949781  0.17258308 -1.90190712  0.8390923  -1.19118945 -0.03047127]]
[[ 2.31237587 -0.41627278 -2.11396058  0.59388705 -1.13130161  0.01692886]]
[[ 1.96630905 -0.89487421 -1.91535976  0.18978574 -0.69735761  0.08226386]]
[[ 1.59198394 -0.51905786 -2.13301129  0.26300145 -0.59185211  0.13677956]]
[[ 1.52597814 -0.6166413  -2.62531031  0.17768037 -0.52907791  0.15207628]]
[[ 1.65789351 -0.91239143 -2.93771332  0.03754772 -0.56699131  0.10272464]]
[[ 1.88647929 -1.00340278 -2.87092862  0.05544467 -0.7017618   0.03762518]]
[[ 1.80210267 -0.31075615 -3.08608766  0.4307882  -1.03523386 -0.04690463]]
[[ 1.77369739 -0.50803012 -3.94820733  0.39883497 -1.02818908 -0.01049263]]
[[ 2.16197312e+00 -6.96831958e-01 -4.37931466e+00  4.55937186e-01
  -1.27627095e+00 -3.67797787e-03]]
[[ 2.38447964 -0.98559709 -4.52358828  0.32096777 -1.30173477 -0.03505351]]
[[ 3.48095355 -1.52545117 -5.73999679  0.68757931 -1.78606692 -0.01633905]]
[[ 3.32247785 -1.74413926 -6.41728307  0.50887308 -1.67462162  0.01969641]]
[[ 2.71625734 -1.80192869 -7.4212144   0.44810432 -1.23037936  0.04543371]]
[[ 2.60646039 -1.77126073 -7.2879716   0.41432146 -1.03256111  0.05440591]]
[[ 2.4330546  -1.88322345 -5.66072296  0.19773943 -0.79931825  0.04997806]]
[[ 2.22164652 -1.82307058 -4.40797934  0.08061727 -0.58402462  0.03548416]]
[[ 1.72557133 -1.49990215 -3.27745338  0.06146252 -0.34206882  0.02925451]]
[[ 1.37343647 -1.40083558 -2.34355161 -0.04135401 -0.21916968  0.02433315]]
[[ 1.20296405 -1.48596686 -1.59349631 -0.19731666 -0.16068653  0.01555949]]
[[ 1.18116223 -1.53374848 -1.24512429 -0.29645345 -0.10530301  0.00258487]]
[[ 1.05381815 -1.50953526 -1.02891887 -0.37315773  0.00691535 -0.00299953]]
[[ 9.16647537e-01 -1.40553337e+00 -7.54695144e-01 -3.60277281e-01
   4.70037957e-02 -1.72397462e-04]]
[[ 0.83800429 -1.37735837 -0.72940967 -0.37527395  0.06127799  0.02079718]]
[[ 0.43862798 -1.26277488 -1.20028598 -0.42990703  0.36180939  0.16596619]]
[[ 0.37040896 -0.96473463 -1.60351962 -0.27385462  0.4310499   0.18205998]]
[[ 0.78457788 -0.76320311 -2.81819962 -0.35596081  0.71099942  0.1853895 ]]
[[ 1.06480926 -0.5360863  -3.938723   -0.5760629   2.0204606   0.20845486]]
[[ 1.76753852  0.21936093 -4.42227868 -0.60578636  4.08078276  0.24600041]]
[[ 2.85871826  0.68844082 -4.43633304 -0.8503318   6.21611076  0.30941642]]
[[ 4.12155866  1.90948569 -3.90220932 -0.86320763  7.68568847  0.33976175]]
[[ 5.59269595  2.6246601  -3.49527374 -0.9029672   8.67336842  0.26480449]]
[[ 7.37790913  3.28624282 -2.94162511 -0.82335464  9.2920444   0.11998281]]
[[ 9.20473942  4.05955174 -1.6528404  -0.44213379  9.40081598 -0.1213939 ]]
[[10.84074382  5.0103534  -0.30746653  0.1026207   9.17045194 -0.45117953]]
[[12.33420947  5.67862287  1.10621608  0.75695753  8.49289619 -0.85147733]]
[[14.02562504  5.94666343  2.21763335  1.41689755  7.61672642 -1.27175889]]
[[15.12637117  5.94495389  2.63050047  2.04023802  6.63610821 -1.50328032]]
[[15.55203967  5.9223951   1.89519293  2.5213335   5.66498262 -1.58305641]]
[[15.74030036  6.2092596   0.56569528  2.69057998  5.34028031 -1.65201719]]
[[16.91950432  6.10567217 -0.05061997  3.12610798  4.84744146 -1.8346994 ]]
[[17.96690851  5.8854784  -0.3755454   3.71564879  4.23777663 -2.00807898]]
[[18.24163044  5.96691769 -0.88864333  3.92036794  3.96455868 -2.15924247]]
[[17.95716437  6.40839071 -1.60758316  3.8877263   4.06103678 -2.25304391]]
[[17.73116712  6.82945997 -2.35563662  3.87901198  4.18054468 -2.35566819]]
[[17.33399941  7.42283161 -3.03514767  3.73079743  4.52445351 -2.3979038 ]]
[[16.99434724  7.79011344 -3.35940258  3.785229    4.54956114 -2.45723009]]
[[16.50829963  7.42401734 -4.23185657  3.49911217  4.34182939 -2.22741609]]
[[14.57764452  5.27496341 -3.72556214  3.2476752   2.62019841 -1.78998931]]
[[10.79997363  3.61567244 -2.46755539  2.53855026  1.53100524 -1.24516911]]
[[ 7.63863284  2.19494091 -1.94676999  1.64864517  1.05439375 -0.82864351]]
[[ 5.52457729  1.05251118 -1.74546278  1.03797842  0.78151747 -0.56116913]]
[[ 4.37146705  0.27019187 -1.8991739   0.69938635  0.38551474 -0.41214191]]
[[ 3.42743167 -0.1924784  -1.71379599  0.45098558  0.21146738 -0.28817874]]
[[ 2.75746606 -0.47352357 -1.4279984   0.26859557  0.08014205 -0.1995782 ]]
[[ 2.26095362 -0.67855286 -1.23890726  0.12985656  0.02125762 -0.14762944]]
[[ 1.92458658 -0.83268646 -1.16405764  0.02294336  0.00411063 -0.0986743 ]]
[[ 1.74205492 -0.9515877  -1.20051381 -0.04946618 -0.02664096 -0.06936214]]
[[ 1.67700014 -1.09106844 -1.30531743 -0.11838837 -0.07073072 -0.04861184]]
[[ 1.7009214  -1.25393224 -1.70560783 -0.180561   -0.20242115 -0.04059534]]
[[ 2.00691429 -1.57494163 -3.22482192 -0.20965798 -0.67523742 -0.06959482]]
[[ 2.2317963  -1.79985941 -4.42621206 -0.16107012 -1.24915343 -0.19782068]]
[[ 2.15090501 -1.74696469 -6.70889942 -0.06573845 -1.57674985 -0.19951912]]
[[ 2.63348262 -1.95626238 -9.08631763  0.14523127 -2.13728869 -0.25486895]]
[[ 2.9736494  -2.70577097 -8.90559508  0.76627356 -3.40739991 -0.42730309]]
[[ 2.26066017 -3.97959492 -8.70300651  1.606223   -5.37901724 -0.60566317]]
[[ 0.81022744 -5.3597894  -8.12125722  2.24981879 -7.27248811 -0.6982028 ]]
[[-0.67496134 -6.31594493 -6.83343794  2.98943323 -8.96205058 -0.75243489]]
[[ -2.47490802  -6.90756363  -4.27520996   3.47940028 -10.32535296
   -0.74670866]]
[[ -4.62848585  -7.31230363  -1.15285328   3.56085397 -11.27812763
   -0.67817367]]
[[ -6.72944535  -7.88406944   1.77874454   3.32838121 -11.96597652
   -0.56430935]]
[[ -9.08861026  -8.32513043   5.14077837   2.92730362 -12.33227334
   -0.37149586]]
[[-11.03316778  -8.99921064   8.5874092    2.42255344 -12.49488323
   -0.26502354]]
[[-12.96339465  -9.79927883  10.97114598   1.67091006 -12.27143611
   -0.18209374]]
[[-14.71527826 -10.71995347  13.15804134   0.95072128 -12.0428316
   -0.0814336 ]]
[[-1.58745000e+01 -1.14085436e+01  1.43195474e+01  4.35042170e-01
  -1.19005931e+01  2.02167397e-03]]
[[-16.86326094 -12.09130066  14.45305583  -0.02836929 -11.8486812
    0.14108159]]
[[-17.74868996 -12.65306754  14.08066445  -0.35080932 -11.92045689
    0.32401433]]
[[-18.55481296 -12.73887619  14.30606644  -0.34983149 -12.10341571
    0.48770037]]
[[-19.07506024 -12.52468973  14.51875813  -0.18260829 -12.32883193
    0.59969085]]
[[-19.34281976 -12.54721184  14.40149958  -0.11695024 -12.48499572
    0.72723749]]
[[-19.57451747 -12.46836884  14.31655782  -0.03239223 -12.59079298
    0.85189594]]
[[-19.91648866 -12.23543624  14.14433037   0.09320718 -12.62798958
    0.98827442]]
[[-20.13908091 -11.8298834   14.22913052   0.32760456 -12.67620763
    1.13741524]]
[[-20.42121489 -11.39532124  13.91463362   0.50716596 -12.63314733
    1.25468555]]
[[-20.46702812 -11.11924797  13.49387296   0.67924859 -12.67871581
    1.33861672]]
[[-20.6080137  -10.9064919   12.89836657   0.70535703 -12.56591903
    1.39098401]]
[[-20.93881111 -10.77077709  12.30128097   0.62651887 -12.26406801
    1.41770147]]
[[-20.88113438 -10.58061059  12.18391423   0.6646905  -12.0615002
    1.40986007]]
[[-20.80365459 -10.62365998  12.21889626   0.59154053 -11.80713202
    1.4278096 ]]
[[-20.74982234 -10.66669354  12.07940791   0.44380364 -11.44438442
    1.45152285]]
[[-20.88310174 -10.48535002  11.84357014   0.33649133 -10.81209115
    1.49431642]]
[[-20.86698431 -10.32275906  11.83318472   0.25837819 -10.31109513
    1.50801092]]
[[-20.47445986 -10.13978403  11.3190276    0.18728479  -9.91524489
    1.49899781]]
[[-19.95636469  -9.93872266  10.81484004   0.16096675  -9.63549965
    1.52474388]]
[[-19.38318012  -9.69762143   9.67339561   0.08695773  -9.30169239
    1.57557885]]
[[-18.67700296  -9.47919642   8.4055162   -0.01945819  -8.99876509
    1.57314504]]
[[-16.82361657  -8.94665643   6.28447517  -0.29057125  -8.15714935
    1.41897043]]
[[-12.56092079  -7.55229783   2.79401067  -0.69487724  -6.1185088
    0.96955262]]
[[-8.70936695 -5.71652421  1.32286653 -0.73890561 -3.88562762  0.60439124]]
[[-5.91682888 -4.34463743  0.58732077 -0.63423169 -2.60850828  0.40370845]]
[[-4.03270029 -3.46042527  0.21409393 -0.56020696 -1.67585118  0.26289457]]
[[-2.79864478 -2.761093   -0.09485648 -0.48501567 -1.04441449  0.17936816]]
[[-2.10713947 -2.1990202  -0.18336746 -0.41827491 -0.49114652  0.12521477]]
[[-1.44295796 -1.57874716 -0.31638909 -0.30458037  0.05401721  0.06618252]]
[[-0.99771171 -1.27055637 -0.8013517  -0.33927188  0.64206326  0.0308213 ]]
[[-0.48703738 -0.77307232 -1.59050593 -0.27259987  1.16371214 -0.02280175]]
[[-0.24036543 -0.65323414 -1.89443108 -0.28182304  1.18771884 -0.00736226]]
[[-0.2277444  -0.9701537  -1.43505197 -0.36883741  0.94563238 -0.00225357]]
[[-2.31940057e-01 -1.17849933e+00 -1.10183229e+00 -4.16056681e-01
   7.74569033e-01  8.13163856e-04]]
[[-0.24696586 -1.29457576 -0.87714462 -0.44882783  0.66734889  0.00411104]]
[[-0.21645913 -1.43218388 -0.87693161 -0.52347103  0.6289798   0.00524003]]
[[-0.2004115  -1.45455717 -0.70574736 -0.5157404   0.54746491  0.01065217]]
[[-0.22457962 -1.57158972 -0.6077002  -0.53794132  0.51564392  0.00750777]]
[[-0.23476531 -1.55893859 -0.53484034 -0.53449374  0.48765883  0.00794945]]
[[-0.20814217 -1.43060649 -0.47211834 -0.48967092  0.43903833  0.0094453 ]]
[[-0.27492595 -1.4282208  -0.3244248  -0.50040166  0.45032336 -0.00504186]]
[[-0.25151136 -1.15596503 -0.32840009 -0.27614308  0.30848247 -0.03384722]]
[[-0.2754748  -1.40443441 -0.36999515 -0.40709879  0.37023874 -0.01446194]]
[[-0.47905638 -1.06300234 -0.5083565  -0.37686663  0.41120185 -0.06005855]]
[[-0.32900014 -1.44241858 -1.65581069 -0.49385261  0.43850619 -0.13321677]]
[[ 0.13142202 -1.99446601 -2.41838675 -0.5730773   0.26292863 -0.25342799]]
[[ 0.21178839 -1.72989899 -2.8908281  -0.35686083  0.18755128 -0.28575296]]
[[ 0.24394556 -1.93284589 -2.70314846 -0.53104327  0.21700929 -0.28894029]]
[[ 0.24274985 -2.27883436 -1.98261143 -0.73568406  0.26790816 -0.26770926]]
[[ 0.20979176 -2.38154046 -1.09303414 -0.79049321  0.26246513 -0.23125708]]
[[ 0.03863422 -1.97705541 -0.81733261 -0.67665181  0.29189547 -0.14616839]]
[[-0.19958004 -1.66011979 -0.44882311 -0.60529281  0.35507676 -0.11862244]]
[[ 0.2597175  -0.71021624 -1.36394323 -1.4266895   0.51658247 -0.15022813]]
[[ 1.86427576  0.92402069 -4.60588926 -3.8642194   0.95695749 -0.2414578 ]]
[[ 3.1637559   2.73756909 -8.34703161 -6.60494082  1.58626561 -0.30577713]]
[[  4.17325014   4.38901794 -10.36592213  -8.35963684   1.90378135
   -0.25610855]]
[[  4.94830208   6.01685075 -12.00057648 -10.12451118   2.23482302
   -0.19694754]]
[[  5.31153937   7.70399277 -12.61151246 -11.61343472   2.55460849
   -0.07212744]]
[[  5.61018426   9.55439766 -12.16042206 -12.87130175   2.77814273
    0.17474995]]
[[  5.77087937  11.22262504 -11.40722614 -13.70646146   2.91470533
    0.35999421]]
[[  5.85631985  12.78448817 -10.15818861 -14.04923633   2.91705868
    0.4999239 ]]
[[  5.71426672  14.17688622  -8.60698108 -14.04926612   2.8606234
    0.5657294 ]]
[[  5.243485    15.29077688  -7.15610782 -13.78003973   2.81943203
    0.59746602]]
[[  4.66730867  16.43781853  -5.74466111 -13.33671237   2.73395018
    0.6401878 ]]
[[  3.86881414  18.01534871  -3.73491089 -12.51346887   2.49101781
    0.72526479]]
[[  2.85553303  19.55335954  -1.6861414  -11.47503238   2.21223875
    0.86122649]]
[[  1.30594947  21.78298838  -0.23140594 -10.41161687   2.3278567
    1.01936348]]
[[-6.99851174e-03  2.33647415e+01  2.01277878e-01 -9.48006608e+00
   2.51515069e+00  1.10001208e+00]]
[[-1.05729706 23.17772655 -0.22290189 -7.78293076  2.29102519  1.07949498]]
[[-1.5785655  19.15739274 -0.83555657 -5.25579486  1.58760376  0.90153652]]
[[-1.72527085 13.68771922 -0.93710039 -3.26651446  1.11002545  0.63275812]]
[[-1.54997681  9.02511078 -0.82317821 -2.33702791  0.91231546  0.43530336]]
[[-1.35883231  6.17264221 -0.66263606 -1.65019715  0.72296442  0.30781946]]
[[-1.20655557  4.32557386 -0.50398831 -1.16951436  0.57245794  0.22397858]]
[[-1.22856753  2.74671914 -0.43738524 -0.9289913   0.57319077  0.15432709]]
[[-1.20380448  1.76062642 -0.44218622 -0.7521219   0.5501366   0.11416837]]
[[-1.09590093  1.34776186 -0.3393828  -0.54771106  0.45473887  0.09114737]]
[[-1.04307413  0.92941236 -0.25630687 -0.45045126  0.40800193  0.06837773]]
[[-1.07750192  0.4211648  -0.22066824 -0.43967639  0.43164745  0.04740248]]
[[-1.07201253  0.23667867 -0.21138987 -0.40025349  0.42358716  0.04071539]]
[[-1.00159239  0.37908391 -0.19296271 -0.29798464  0.34952555  0.04067103]]
[[-1.01946247  0.17750588 -0.17784031 -0.31099302  0.3685797   0.03243355]]
[[-1.03735951 -0.02585847 -0.34893376 -0.34226013  0.39137882  0.03986387]]
[[-1.12704506  0.05720707 -0.6341345  -0.31519036  0.41334743  0.04912358]]
[[-1.28784128  0.11968532 -0.94161997 -0.28300664  0.42987609  0.06068881]]
[[-1.27038632 -0.02391887 -1.62747988 -0.33049099  0.47088836  0.06435201]]
[[-1.0366024  -0.11557126 -2.42441903 -0.36088999  0.46957076  0.06272766]]
[[-0.89607811  0.04633983 -2.90199919 -0.29505548  0.42002235  0.07008299]]
[[-0.94088935  0.11612333 -3.01714749 -0.19905269  0.3880674   0.07836278]]
[[-1.08237444  0.19349622 -2.68407022 -0.01021971  0.32499069  0.09595716]]
[[-1.2199596   0.22246598 -2.24010589  0.20101511  0.26186353  0.11265187]]
[[-1.286178    0.25024717 -1.9704346   0.26738358  0.24653191  0.11375192]]
[[-1.12826579  0.18445454 -1.36140669  0.12565374  0.25977936  0.08718055]]
[[-1.04721046  0.09458818 -1.08212087 -0.01780767  0.3002321   0.06529176]]
[[-0.92416728  0.07109693 -1.88833824 -0.07957238  0.38002229  0.05631033]]
[[-5.19120442e-01  1.53919526e-03 -4.12594561e+00 -1.58215614e-01
   4.41588309e-01  4.05214128e-02]]
[[-0.21771006  0.09578688 -6.02999456 -0.1442862   0.47394594  0.0411686 ]]
[[ 0.14502323 -0.03215055 -7.48150937 -0.20847522  0.46401048  0.02389744]]
[[ 6.16054293e-01 -2.26699495e-01 -8.81923921e+00 -2.90522884e-01
   3.72224808e-01 -1.13231403e-04]]
[[  1.21949232  -0.47466148 -10.00748262  -0.34313486   0.1766629
   -0.02973405]]
[[  1.88637429  -0.73420287 -10.92543444  -0.36758415  -0.08632426
   -0.05554843]]
[[  2.62373978  -1.04368154 -11.73843983  -0.38946533  -0.38848933
   -0.08571476]]
[[  3.30425622  -1.30498837 -12.40740193  -0.35360395  -0.69985086
   -0.10676364]]
[[  3.71824821  -1.45615831 -12.92745836  -0.32207158  -0.89230886
   -0.12020193]]
[[  4.09769796  -1.52722366 -13.46847054  -0.24887989  -1.09178357
   -0.12974119]]
[[  4.59122293  -1.69934193 -14.05031537  -0.18373156  -1.31196704
   -0.14153711]]
[[  5.05362554  -1.91229557 -14.62521938  -0.13025976  -1.48927913
   -0.15513199]]
[[  5.5023552   -2.07880151 -15.2285952   -0.0427566   -1.66404104
   -0.1605536 ]]
[[  5.86077461  -2.15490916 -15.81258663   0.10944336  -1.84758701
   -0.1607407 ]]
[[  6.28005914  -2.3681337  -16.19673534   0.18058955  -1.99849735
   -0.17132781]]
[[  6.66291491  -2.59051996 -16.46374402   0.24826028  -2.14163634
   -0.17884394]]
[[  7.02085418  -2.83701354 -16.79261495   0.30410837  -2.26477311
   -0.18607292]]
[[  7.32910329  -2.97704597 -17.04489962   0.40766371  -2.39205096
   -0.18586908]]
[[  7.55145587  -3.0691202  -17.25757486   0.53272518  -2.50451752
   -0.18026147]]
[[  7.74386573  -3.10444714 -17.29721055   0.68370534  -2.62370453
   -0.16906143]]
[[  7.88991559  -3.15262159 -17.30603771   0.74906045  -2.70576733
   -0.16815376]]
[[  8.01202157  -3.22363477 -17.24459713   0.78933135  -2.77320126
   -0.16862197]]
[[  8.05775882  -3.26724908 -17.24116413   0.79271453  -2.7899423
   -0.17188429]]
[[  8.03463849  -3.27353371 -17.23776322   0.76838636  -2.77354405
   -0.17563062]]
[[  7.99585457  -3.24368169 -17.29445551   0.75820505  -2.75752648
   -0.17339748]]
[[  7.99594829  -3.23638809 -17.39971963   0.72336519  -2.72707229
   -0.17449352]]
[[  8.10199913  -3.32247403 -17.62802041   0.69925571  -2.71917478
   -0.18383035]]
[[  8.31031097  -3.44222863 -17.9395314    0.73172112  -2.75486001
   -0.19061776]]
[[  8.46814563  -3.51770955 -18.23283799   0.77870228  -2.79658455
   -0.19166025]]
[[  8.6205803   -3.59152911 -18.45221811   0.81549845  -2.82683088
   -0.18928549]]
[[  8.68590673  -3.62995253 -18.60244816   0.81962533  -2.83475345
   -0.18989494]]
[[  8.64503715  -3.54481207 -18.67454974   0.86364748  -2.83829119
   -0.18223231]]
[[  8.55982518  -3.4746053  -18.71135991   0.87762421  -2.82471554
   -0.17303427]]
[[  8.46519771  -3.39787855 -18.72504778   0.87393083  -2.79967918
   -0.16382232]]
[[  8.37685836  -3.31851348 -18.76814044   0.86723964  -2.76936148
   -0.15823307]]
[[  8.28407143  -3.25759407 -18.87522247   0.85143971  -2.72980636
   -0.1556371 ]]
[[  8.18201951  -3.16657093 -18.98356325   0.81361214  -2.67502715
   -0.15129574]]
[[  8.09010728  -3.10943905 -19.12921309   0.77778069  -2.62228841
   -0.15146062]]
[[  8.00627404  -3.06364019 -19.26216027   0.73613715  -2.57057484
   -0.14591979]]
[[  7.92817501  -3.01112779 -19.3764844    0.68453075  -2.5159401
   -0.14934914]]
[[  7.86384357  -3.01594531 -19.48056653   0.62689382  -2.46066192
   -0.14998868]]
[[  7.86738989  -3.04624378 -19.55478084   0.58254132  -2.43047975
   -0.15624577]]
[[  7.70585236  -2.94772967 -19.42876112   0.55084796  -2.388309
   -0.14959245]]
[[  6.68143523  -2.52620956 -17.56430253   0.36455318  -2.07770258
   -0.13875741]]
[[  4.414189    -1.72420238 -13.26946432   0.18119543  -1.31534653
   -0.09084338]]
[[ 2.59400600e+00 -1.30928202e+00 -9.32894058e+00 -1.88159182e-03
  -7.06818555e-01 -6.11801582e-02]]
[[ 1.33733358 -0.96840556 -6.50474994 -0.11909824 -0.30303408 -0.03807688]]
[[ 0.46520451 -0.6319201  -4.61989403 -0.16924008 -0.03692648 -0.01718991]]
[[-0.17218938 -0.51150929 -3.31793178 -0.23930487  0.17449379 -0.00880076]]
[[-6.98749719e-01 -6.23417721e-01 -2.49092920e+00 -3.81018978e-01
   4.23143767e-01  1.93079445e-04]]
[[-0.90803112 -0.3367475  -1.8653375  -0.3321098   0.43921284  0.00905524]]
[[-1.08437795 -0.23571146 -1.44057357 -0.32205108  0.47126577  0.01078173]]
[[-1.21025515 -0.37271737 -1.30227781 -0.39371834  0.52884027  0.00466454]]
[[-0.81492375 -0.57448474 -3.43671911 -0.70481918  0.4862717  -0.0387694 ]]
[[-0.98685525 -0.65365798 -4.90380559 -0.99386494  0.73087349 -0.01602054]]
[[-1.18899885 -0.382757   -4.08516131 -0.78208603  0.76018786  0.00797723]]
[[-1.49200188  0.23319542 -5.84742787 -0.53987369  0.84603587  0.04011783]]
[[-2.17251079  1.43399614 -6.50774977 -0.02317623  1.06300645  0.12476777]]
[[-2.29330112  2.05029211 -8.96537104  0.043007    1.13115017  0.15629241]]
[[ -2.35336936   2.23671925 -12.18106606  -0.14948897   1.28730383
    0.17237224]]
[[ -2.3252809    2.07813    -14.64344539  -0.40257209   1.4133791
    0.17025695]]
[[ -2.13832447   2.12095629 -16.33253158  -0.51492706   1.37223601
    0.15454842]]
[[ -1.90303757   2.15262032 -17.45842532  -0.59409594   1.28858497
    0.13497249]]
[[ -1.76993995   2.07000593 -18.20661669  -0.67135503   1.25921026
    0.12350043]]
[[ -1.66846895   2.01619663 -18.77449212  -0.7219678    1.23530771
    0.10978841]]
[[ -1.63038341   2.10045576 -19.15125725  -0.71848228   1.22010876
    0.11343329]]
[[ -1.64570119   2.18191242 -19.30185555  -0.70010567   1.23273592
    0.11522232]]
[[ -1.68909128   2.25413121 -19.35712552  -0.66447403   1.24465425
    0.11938818]]
[[ -1.72522643   2.34334085 -19.3518394   -0.62015155   1.24057474
    0.12622931]]
[[ -1.79352079   2.42248899 -19.35480258  -0.58764105   1.26650891
    0.13818329]]
[[ -1.80807699   2.48220131 -19.39067843  -0.57176567   1.26859713
    0.14034397]]
[[ -1.78402195   2.4971537  -19.31020425  -0.56008731   1.2317488
    0.13926428]]
[[ -1.58965323   2.38834025 -19.00827159  -0.56420563   1.08424664
    0.11719086]]
[[ -1.3251086    2.16323872 -18.07932438  -0.5725719    0.89282554
    0.08662866]]
[[ -1.09036135   1.85146481 -15.64299487  -0.49699055   0.6591474
    0.05859799]]
[[-9.34133969e-01  1.07519215e+00 -1.29701987e+01 -7.34740468e-01
   6.74017067e-01 -6.85219556e-03]]
[[ -0.60331899  -0.64587584 -10.84692631  -1.43011577   0.85611664
   -0.11330196]]
[[-0.76873226 -0.45641097 -8.28104515 -1.12057314  0.7513567  -0.06079552]]
[[-0.74776427 -0.31065979 -6.53625873 -0.89598229  0.58692071 -0.0431858 ]]
[[-0.71303806 -0.53473228 -5.40826496 -0.9629593   0.58244534 -0.04112577]]
[[-1.00227349 -1.36487044 -5.61885765 -1.30143486  0.9026088  -0.0267186 ]]
[[-1.14915615 -0.91390215 -4.50491288 -1.0092191   0.83473006 -0.00833896]]
[[-1.14034481 -0.6792919  -3.4893264  -0.76780829  0.69168955 -0.00647042]]
[[-1.04382927 -0.41721524 -3.31650117 -0.53493754  0.48150058  0.00484854]]
[[-0.8126134  -0.83422709 -6.037178   -0.67006654  0.44924101  0.01455875]]
[[-0.62960043 -1.465245   -9.319621   -0.90942043  0.50646811  0.0170351 ]]
[[ -0.4839072   -2.0819093  -11.92704956  -1.16546829   0.57281534
    0.02003208]]
[[ -0.34087384  -2.54806971 -13.80691776  -1.35478376   0.60211358
    0.02595745]]
[[ -0.14922022  -2.70570118 -15.09785777  -1.37103822   0.52544275
    0.03040917]]
[[  0.07504431  -2.73093194 -16.24981565  -1.29641168   0.39178952
    0.03713042]]
[[  0.18784095  -2.82847741 -17.32705022  -1.29534955   0.34921905
    0.03719764]]
[[  0.29763086  -2.92876371 -18.42642969  -1.28820931   0.30424776
    0.04044937]]
[[  0.44478341  -3.00680542 -19.34455442  -1.27076048   0.23652834
    0.04029802]]
[[  0.48306143  -3.06422375 -20.1955675   -1.24856259   0.208814
    0.0437037 ]]
[[  0.54882914  -3.07619123 -20.83137229  -1.21433877   0.15460145
    0.04762938]]
[[  0.63968841  -3.05652702 -21.32077434  -1.16597061   0.09141325
    0.04941169]]
[[  0.66337184  -3.02092967 -21.67085937  -1.11623898   0.05609563
    0.05114245]]
[[  0.65289557  -2.94316013 -21.86959636  -1.05247132   0.0304038
    0.05302003]]
[[  0.56582277  -2.93756469 -21.96252481  -1.06135275   0.07567512
    0.05086122]]
[[  0.39700999  -3.03463933 -21.95149601  -1.14810487   0.20638485
    0.046965  ]]
[[  0.2290258   -3.06635135 -21.79113486  -1.20712342   0.33088823
    0.04259297]]
[[ -0.05017665  -3.14764537 -21.66946916  -1.30820286   0.52196736
    0.0400846 ]]
[[ -0.37276894  -3.35373379 -21.50122653  -1.46812763   0.76363946
    0.0287861 ]]
[[ -0.62922776  -3.50146305 -21.17303911  -1.58376983   0.94516744
    0.02349061]]
[[-9.00639256e-01 -3.60895899e+00 -2.07295052e+01 -1.68430195e+00
   1.12700488e+00  1.48031310e-02]]
[[-1.18372174e+00 -3.71612735e+00 -2.03413980e+01 -1.77675967e+00
   1.31893675e+00  2.29368628e-03]]
[[-1.60321000e+00 -3.91509759e+00 -2.01796088e+01 -1.89053332e+00
   1.57168465e+00 -1.12696317e-02]]
[[ -1.89429109  -3.96257377 -19.89628997  -1.94488578   1.75088212
   -0.02289209]]
[[ -2.07804697  -3.91036642 -19.43518493  -1.93906086   1.84641701
   -0.02611702]]
[[ -2.15671667  -3.77771511 -19.1973512   -1.87614973   1.86146731
   -0.03092809]]
[[ -2.17788685  -3.54046406 -18.95718633  -1.76546608   1.82338828
   -0.02894622]]
[[ -2.16738558  -3.22450836 -18.47753349  -1.61829877   1.74853092
   -0.02582091]]
[[ -2.08860177  -2.85803749 -17.8925695   -1.4507319    1.62669619
   -0.01817408]]
[[-1.78069283e+00 -2.12807334e+00 -1.49928397e+01 -1.09984350e+00
   1.24281898e+00 -9.83172380e-03]]
[[-1.65549968e+00 -1.32793983e+00 -1.02399832e+01 -8.12269861e-01
   9.68558379e-01  3.75743199e-03]]
[[-1.24515329 -0.76551959 -7.09601525 -0.59585374  0.54885972 -0.01506598]]
[[-1.22213496 -0.28855993 -4.6649364  -0.39955888  0.40960386 -0.00974417]]
[[-1.13556316 -0.45225462 -3.54049326 -0.49922277  0.42646894 -0.01805273]]
[[-0.51793774 -0.39738683 -3.97155826 -0.43679153  0.16280511 -0.01941362]]
[[ 0.61048943  0.11912575 -7.32511028  0.1793504  -0.48124321  0.02200915]]
[[  1.66266762  -0.09631393 -11.4821448    0.32017776  -0.71130636
    0.02370175]]
[[  3.04481909  -0.28343298 -15.15976528   0.79745836  -1.21662432
    0.05540982]]
[[  3.84762431  -0.15690414 -18.39432833   1.28228767  -1.54413497
    0.10770443]]
[[  4.64461207  -0.10054236 -21.11550706   1.74505359  -1.83518497
    0.14857136]]
[[  5.45763996  -0.2176594  -23.60245958   2.10047592  -2.05260805
    0.17819836]]
[[  6.19594132  -0.42233698 -25.59650494   2.30148943  -2.19936853
    0.1847131 ]]
[[  6.8178606   -0.74610695 -26.89344379   2.35498221  -2.30517008
    0.17650364]]
[[  7.6445842   -1.27706299 -28.00659722   2.41361965  -2.45940155
    0.15163281]]
[[  8.27919319  -1.71512876 -28.22444385   2.45738784  -2.62391154
    0.12433769]]
[[  8.77487747  -2.25928979 -28.12390301   2.34955993  -2.72307259
    0.09233643]]
[[  9.03028428  -2.36825586 -27.78296908   2.42735471  -2.8443882
    0.08903382]]
[[  9.40615172  -2.80699028 -27.90327961   2.24665304  -2.86113683
    0.05237331]]
[[ 1.00757267e+01 -3.65486812e+00 -2.83144207e+01  1.91298612e+00
  -2.86241908e+00 -1.91080932e-02]]
[[ 10.58019323  -4.2740569  -28.42016946   1.66835041  -2.86649882
   -0.06617938]]
[[ 11.02128175  -4.81793037 -28.4656035    1.48485204  -2.89427474
   -0.10530153]]
[[ 11.38125957  -5.22570874 -28.15419309   1.38216373  -2.96524861
   -0.1350857 ]]
[[ 11.7308891   -5.63395087 -27.44366889   1.30836854  -3.09407129
   -0.17206274]]
[[ 11.93846195  -5.92971036 -26.50036412   1.27839227  -3.21497904
   -0.19561574]]
[[ 12.08701916  -6.1733783  -25.50125558   1.24218397  -3.32978491
   -0.21833306]]
[[ 12.26242767  -6.44082822 -24.52829697   1.29091551  -3.47352514
   -0.23201058]]
[[ 12.4172986   -6.6419988  -23.45412362   1.36600562  -3.64221058
   -0.24651369]]
[[ 11.65888966  -6.19329223 -21.29722511   1.24565822  -3.57434345
   -0.233455  ]]
[[  8.16091102  -4.41420074 -15.37237002   0.75913693  -2.58129289
   -0.16226492]]
[[  5.29520937  -2.93839959 -10.37227284   0.44517204  -1.70592132
   -0.08126679]]
[[ 2.77745411 -1.96007496 -7.49345513  0.1978338  -0.49396817  0.04798381]]
[[-0.07668389 -0.27100757 -6.56325891  0.16907631  1.67228854  0.31312705]]
[[-2.64120542  2.2603849  -5.61675897  0.40577418  3.7514105   0.58966895]]
[[-4.8857536   4.55696322 -4.32615642  0.65426311  5.48826149  0.82434853]]
[[-7.07576032  6.61416565 -3.72214333  0.8287173   7.25079563  1.09001237]]
[[-8.59851409  8.85357284 -3.68966533  1.18412866  8.24773321  1.35198431]]
[[-9.11988221 11.10309823 -4.22447102  1.73110606  8.1198403   1.51399045]]
[[-9.24317852 12.76287066 -4.90310665  2.1563744   7.86103739  1.63474706]]
[[-9.04241288 13.59303627 -5.05889334  2.44013462  7.45760839  1.68088382]]
[[-8.98497823 14.17347558 -5.13093951  2.6079182   7.28207076  1.69693457]]
[[-8.85509524 14.58173293 -5.19878118  2.73334722  7.0512978   1.6956353 ]]
[[-8.6629165  14.85967812 -5.34545444  2.84834222  6.77995321  1.69884451]]
[[-8.3889319  14.96108499 -5.59742972  2.9290976   6.47715818  1.67643385]]
[[-7.99086282 14.82655764 -5.75480974  2.98769219  6.05554911  1.62348207]]
[[-7.47895636 14.427683   -5.76069358  3.03262326  5.52481292  1.54122406]]
[[-6.34347864 12.88916361 -5.26509393  3.01555503  4.26218393  1.2816915 ]]
[[-4.63416327  9.3531131  -4.16835176  2.3031039   2.91981667  0.9034316 ]]
[[-3.22555045  6.35295836 -3.07475837  1.50023041  2.05881843  0.62406986]]
[[-2.2712465   4.30798698 -2.14708021  0.9598704   1.46648162  0.43325513]]
[[-1.80067639  2.82681589 -1.63173126  0.56052264  1.21603993  0.38004198]]
[[-1.7723045   3.00972339 -2.28287197  0.84368525  0.95917765  0.43727002]]
[[-1.96110323  4.81661936 -3.70787304  1.70573948  0.53437702  0.59171635]]
[[-2.1492515   7.22597214 -5.38399549  2.68139888  0.148697    0.84878996]]
[[-2.24533352  8.8021017  -6.69829321  3.27556721 -0.08475091  0.97112774]]
[[-2.21232301  9.27082919 -7.29352407  3.48208802 -0.26868996  0.91361199]]
[[-2.14661074  9.36443575 -7.53137175  3.60271357 -0.48485174  0.83146565]]
[[-1.88735579  9.40663789 -7.37596259  3.9327301  -0.98836782  0.74118603]]
[[-1.56880634  8.46634323 -6.55610682  3.75607282 -1.2371817   0.60144787]]
[[-1.26335037  6.07087971 -5.08223386  2.65388891 -0.75921478  0.42167449]]
[[-1.00221634  4.89671307 -4.09725579  2.19135535 -0.67537316  0.34061663]]
[[-0.77879928  3.33422581 -3.2593275   1.50885438 -0.35972019  0.22703629]]
[[-0.40904086  2.02647851 -2.51732347  0.89476846 -0.21192495  0.14885506]]
[[-0.29845964  1.43261582 -2.06068538  0.53224689 -0.06412798  0.0827017 ]]
[[-0.13469427  0.85401324 -2.1136874   0.26926161  0.01464855  0.0552011 ]]
[[ 0.06701223  0.40166062 -2.39054051  0.06857377  0.05928476  0.00639282]]
[[ 0.28477657  0.21200218 -2.75263922 -0.04346551  0.10163035 -0.01678484]]
[[ 0.3840186   0.01096892 -3.04250013 -0.16524909  0.19036951 -0.02152043]]
[[ 0.48062726 -0.18704904 -3.24020004 -0.26535019  0.25724447 -0.02737193]]
[[ 0.55784998 -0.27652927 -3.32744509 -0.30892735  0.29213613 -0.02527613]]
[[ 0.54641345 -0.27681004 -3.319041   -0.30492684  0.32531283 -0.01498097]]
[[ 0.60352965 -0.31752069 -3.31371797 -0.30794367  0.33458539 -0.01827847]]
[[ 0.69572564 -0.37009553 -3.31473365 -0.3143631   0.32252043 -0.01875499]]
[[ 0.79539568 -0.36198136 -3.34065248 -0.29601236  0.29251456 -0.01768155]]
[[ 0.8499586  -0.42921852 -3.38044008 -0.32097834  0.29241329 -0.01609729]]
[[ 0.87861591 -0.49495209 -3.43869126 -0.34854451  0.30825765 -0.00996489]]
[[ 0.93524654 -0.54316961 -3.52521819 -0.36880014  0.31688072  0.00560067]]
[[ 0.92160016 -0.5726646  -3.56011588 -0.38531079  0.35029387  0.02247702]]
[[ 0.92689559 -0.60549734 -3.46804108 -0.38200287  0.35774994  0.03393672]]
[[ 0.94608858 -0.62213381 -3.37763756 -0.36366493  0.34676491  0.04088743]]
[[ 0.90042851 -0.55420969 -3.37628976 -0.32815936  0.33711275  0.03529848]]
[[ 0.91663693 -0.46489405 -3.38949606 -0.27888375  0.28722745  0.01364372]]
[[ 0.81464904 -0.5217685  -2.83402098 -0.29018547  0.22949674 -0.02368868]]
[[ 0.57187244 -0.49123113 -2.02566744 -0.26997969  0.21909773 -0.00931471]]
[[ 0.39705156 -0.48932968 -1.47893994 -0.25541249  0.21803917  0.00439953]]
[[ 0.27044378 -0.47035854 -1.09656177 -0.24346659  0.22595803  0.01051589]]
[[ 0.20002651 -0.46885039 -0.85152413 -0.24082489  0.22315319  0.01468835]]
[[ 0.12237478 -0.44444307 -0.6862678  -0.23184379  0.22967377  0.02042548]]
[[ 0.09907812 -0.45957189 -0.57972127 -0.2334651   0.23066257  0.02090459]]
[[ 0.06162447 -0.46581787 -0.50799447 -0.236438    0.24194721  0.02371829]]
[[ 0.05546199 -0.45453696 -0.45794466 -0.22621667  0.22969087  0.02636062]]
[[ 0.02495243 -0.45752176 -0.42109252 -0.22696459  0.2444974   0.02852191]]
[[ 0.01204022 -0.47763999 -0.389339   -0.22924279  0.25016618  0.03056891]]
[[ 0.01761744 -0.42825351 -0.28049811 -0.1997089   0.21472963  0.03321114]]
[[ 0.02438257 -0.42913709 -0.27397574 -0.20146304  0.21621105  0.03208497]]
[[ 0.04575537 -0.48475272 -0.23222684 -0.22271386  0.20747135  0.02634444]]
[[ 0.09462747 -0.55139334 -0.2026391  -0.26735112  0.19441545  0.02097902]]
[[ 0.59368807 -0.80069884 -0.9489155  -0.34724606  0.01140966  0.00100832]]
[[ 1.509634   -1.11781661 -2.60157874 -0.34842557 -0.38633959 -0.03849281]]
[[ 2.66824299 -1.57575226 -4.36133126 -0.30703606 -0.88744058 -0.07297352]]
[[ 2.85864754 -1.54074774 -5.26225849 -0.2680246  -0.95735836 -0.06025262]]
[[ 2.15468543 -1.09249963 -5.61947647 -0.20159418 -0.57799068  0.00950422]]
[[ 1.65426133 -0.61662115 -6.18557411 -0.09120542 -0.35641754  0.07701987]]
[[ 1.58381858 -0.43768543 -7.51192049 -0.11177488 -0.29211454  0.09600583]]
[[ 1.58832486 -0.26224751 -9.2115472  -0.12079535 -0.24189455  0.10638415]]
[[  1.61863459  -0.3971365  -10.2619643   -0.2784767   -0.12282592
    0.11959023]]
[[ 1.27645861 -0.45204424 -7.31684478 -0.17295565 -0.08537236  0.06613402]]
[[ 0.80638111 -0.84786641 -4.4620385  -0.33040711  0.13135886  0.10649105]]
[[ 0.6067373  -0.81156511 -3.58435076 -0.35202009  0.15222607  0.1149602 ]]
[[ 0.63451328 -0.68088998 -3.57707108 -0.30644837  0.03941577  0.09929128]]
[[ 3.89008391e-01 -5.76240195e-01 -9.12577260e+00  8.75646077e-01
  -2.36105609e-01  5.30214022e-03]]
[[  0.13497084  -0.7692454  -13.06379099   1.7508415   -0.36411611
   -0.02565061]]
[[ 1.29330221e-01 -1.12219515e+00 -1.51080746e+01  2.20314200e+00
  -4.14737633e-01  9.21485367e-03]]
[[ 1.15508524e-01 -1.17728215e+00 -1.61197103e+01  2.48396518e+00
  -4.65417124e-01  1.45074063e-02]]
[[  0.31563915  -0.67143824 -18.64636233   2.38607646  -0.4135048
    0.02154054]]
[[ 1.80478677e+00 -7.14911453e-01 -2.55019654e+01  9.30343396e-01
  -1.96172935e-02 -1.97888754e-01]]
[[ 2.38009906e+00  2.41078540e-01 -3.25725342e+01 -1.58019161e-02
   4.21344062e-01 -4.17921217e-01]]
[[  3.21019164   0.91642689 -38.65227008  -0.77674983   0.65508869
   -0.60956154]]
[[  3.99373526   1.04231631 -42.59421859  -1.41534017   0.79878541
   -0.76628652]]
[[  4.51410757   1.2093144  -44.31590651  -1.68288785   0.78592291
   -0.87748464]]
[[  4.89787506   1.30331209 -45.25755763  -1.8431209    0.74270947
   -0.97692511]]
[[  5.5305662    1.06454547 -45.49065071  -1.89097336   0.58197781
   -1.05852189]]
[[  6.15363344   0.81659772 -44.86074562  -1.76468039   0.34737234
   -1.12396006]]
[[  6.28144004   0.95536586 -43.4430898   -1.52126184   0.13681158
   -1.16139337]]
[[  6.49399459   0.88732892 -41.95291277  -1.30708741  -0.06254702
   -1.16461238]]
[[  6.97019291   0.4519477  -40.83969975  -1.21680307  -0.23867434
   -1.17502963]]
[[  6.44594327   0.71497995 -38.78214159  -0.90122335  -0.31421928
   -1.14347409]]
[[  5.61770013   0.88905861 -35.83125218  -0.55172228  -0.30992103
   -1.04064278]]
[[  4.40038896   0.43093061 -28.31474204  -0.13930388  -0.30112572
   -0.7975857 ]]
[[  3.13601631   0.04440454 -19.59783012  -0.12651836  -0.19251614
   -0.50096318]]
[[  2.27171428  -0.02396049 -13.53368802  -0.11215544  -0.12628788
   -0.33304225]]
[[ 1.6227433  -0.31557316 -9.15701544 -0.1537374  -0.02901871 -0.25967374]]
[[ 1.04111676 -0.2294659  -5.72712569  0.02382338 -0.01547345 -0.21323506]]
[[ 0.54731797 -0.26360989 -3.43686312  0.13306305  0.07138377 -0.20511363]]
[[ 0.17714017 -0.31023257 -1.55793714  0.27146921  0.11033904 -0.22226861]]
[[-0.0607265  -0.27322469  0.02581408  0.4487058   0.07154686 -0.22997536]]
[[-0.20212815 -0.35365453  0.85932496  0.48863446  0.09795372 -0.2085708 ]]
[[-0.21314509 -0.41186012  0.46808797  0.28482511  0.17249569 -0.14482592]]
[[-0.19351983 -0.4283129   0.06021936  0.13130735  0.20863253 -0.09298512]]
[[-0.09147017 -0.54533486 -1.85982718 -0.11341228  0.33344732 -0.03507986]]
[[ 0.2640417  -0.96859959 -6.48154327 -0.89129578  0.66508448 -0.07247576]]
[[  0.68858846  -1.01246854 -10.36434023  -1.47144766   0.85305593
   -0.09181092]]
[[  1.04723377  -0.92834574 -12.68023948  -1.7440768    0.88218308
   -0.10654298]]
[[  1.35564663  -0.86420531 -13.7888896   -1.85709326   0.83255447
   -0.10517172]]
[[  1.5981813   -0.81313839 -14.59304292  -1.90261332   0.7652553
   -0.08717231]]
[[  1.6767935   -0.68609174 -15.30690917  -1.90919997   0.75335476
   -0.08325701]]
[[  1.61591632  -0.50204648 -15.75541916  -1.85020117   0.75977856
   -0.08353228]]
[[  1.53013186  -0.25223    -16.12992992  -1.74854253   0.75145453
   -0.08543175]]
[[  1.41559047   0.04099277 -16.41632829  -1.62135179   0.73359986
   -0.08032625]]
[[  1.31081404   0.37756444 -16.44847351  -1.43238459   0.66957359
   -0.06896962]]
[[  1.16324526   0.67619972 -15.93921753  -1.16171771   0.57035833
   -0.04275623]]
[[  0.44902183   0.75663187 -11.77977324  -0.41375069   0.4399805
    0.01966281]]
[[-1.11479407  0.89819326 -3.60116141  0.67432706  0.68974403  0.20510695]]
[[-2.50970453  1.00146714  5.51226848  1.76544959  0.90528634  0.39005014]]
[[-3.66286578  0.96379128 13.94869582  2.65352787  1.14156336  0.54724444]]
[[-4.4567025   0.83259183 20.57076173  3.33767259  1.22700475  0.62435954]]
[[-4.87222812  0.68991495 25.33215631  3.8384792   1.16522288  0.69718184]]
[[-5.25707884  0.54085571 30.01450372  4.3074216   1.10936064  0.73469656]]
[[-5.62791228  0.49837981 35.56499893  4.76229106  1.04352909  0.78213031]]
[[-5.71369175  0.13459771 40.43292055  4.87961613  0.9423393   0.86109708]]
[[-5.37271596 -0.22350025 40.20126264  4.60011693  0.8176756   0.89310236]]
[[-3.55476928 -0.76979837 29.22839313  3.0490264   0.54982892  0.71340424]]
[[-2.2731846  -0.50266425 19.76838908  2.07594051  0.36223718  0.4928343 ]]
[[-1.47879085 -0.60557682 13.46782444  1.36703785  0.26996953  0.33766276]]
[[-0.92838131 -0.74173124  8.94248893  0.79208559  0.27858099  0.23144124]]
[[-0.58094623 -0.51510896  6.0343661   0.51307711  0.22706868  0.16860698]]
[[-0.38436705 -0.41874006  4.00293987  0.32431898  0.19307891  0.12143638]]
[[-0.24391625 -0.55710377  2.66967091  0.12393048  0.21239997  0.08773432]]
[[-0.08195803 -0.61419625  1.6639922  -0.01744875  0.21591256  0.06626882]]
[[ 0.05340949 -0.49579202  1.05832409 -0.048795    0.17493518  0.05089618]]
[[ 0.09423265 -0.53943682  0.64283928 -0.09329798  0.16955953  0.03987691]]
[[ 0.11780017 -0.64217043  0.32946043 -0.16761216  0.19562149  0.03106409]]
[[ 0.13613938 -0.53737029  0.1337145  -0.16161747  0.1787565   0.029466  ]]
[[ 0.16217225 -0.42681974  0.02267744 -0.14396934  0.15419763  0.02758129]]
[[ 0.163833   -0.57784354 -0.07145197 -0.19005865  0.17794722  0.02083535]]
[[ 0.16067655 -0.63910265 -0.14710273 -0.22347052  0.1969177   0.01910501]]
[[ 0.18931692 -0.45139825 -0.17226271 -0.16780567  0.15192371  0.02235085]]
[[ 0.18831665 -0.45490823 -0.19888154 -0.16732051  0.14697302  0.0195536 ]]
[[ 0.15219859 -0.61856415 -0.2391883  -0.23048242  0.1936009   0.01732085]]
[[ 0.16465028 -0.57451139 -0.25879629 -0.21735437  0.18043589  0.01893731]]
[[ 0.20613853 -0.41316618 -0.25595129 -0.16017913  0.13372916  0.02098037]]
[[ 0.18002951 -0.46633137 -0.26810375 -0.1794721   0.15108452  0.01852375]]
[[ 0.16061704 -0.65752492 -0.29570145 -0.23774965  0.19355459  0.01582215]]
[[ 0.1730002  -0.57971689 -0.3068673  -0.21085129  0.17418969  0.0163381 ]]
[[ 0.21200277 -0.38845787 -0.29455886 -0.14594011  0.11973034  0.01782353]]
[[ 0.17122541 -0.56344753 -0.30374609 -0.20049192  0.16944137  0.01819085]]
[[ 0.15538769 -0.69506528 -0.32584895 -0.23876048  0.19734892  0.01559303]]
[[ 0.19393744 -0.52134034 -0.31703102 -0.18340418  0.15388631  0.01890686]]
[[ 0.21142325 -0.42997302 -0.30854656 -0.15421923  0.13152726  0.0176587 ]]
[[ 0.18283685 -0.62747848 -0.32157566 -0.20786637  0.17480616  0.01582997]]
[[ 0.17494269 -0.68622344 -0.33890506 -0.22777511  0.19046936  0.01390571]]
[[ 0.2049846  -0.47771008 -0.32882252 -0.16824355  0.14702031  0.01756963]]
[[ 0.21154864 -0.45514927 -0.31992919 -0.16318426  0.14033605  0.0178357 ]]
[[ 0.16834365 -0.67152533 -0.33208865 -0.21412982  0.18436438  0.01619341]]
[[ 0.17587761 -0.68277828 -0.35089596 -0.22380005  0.18671787  0.01487393]]
[[ 0.23688529 -0.44093863 -0.33775349 -0.15475424  0.12615692  0.01736466]]
[[ 0.2106137  -0.49970676 -0.32773755 -0.15886027  0.13315357  0.01715195]]
[[ 0.15886919 -0.70861415 -0.34939535 -0.22663991  0.19433487  0.01574666]]
[[ 0.16768159 -0.63586784 -0.3594045  -0.20426906  0.17819231  0.01735641]]
[[ 0.20334658 -0.41751421 -0.34241227 -0.14175701  0.12991993  0.0189111 ]]
[[ 0.18214647 -0.54195762 -0.3492704  -0.17555013  0.1561941   0.01794014]]
[[ 0.15832529 -0.72893882 -0.36959934 -0.23939204  0.19917458  0.01562337]]
[[ 0.20221748 -0.60504972 -0.37258108 -0.20501443  0.16539437  0.01508033]]
[[ 0.21653569 -0.39101434 -0.34259468 -0.13434378  0.11811409  0.01948103]]
[[ 0.16297824 -0.61448466 -0.35622398 -0.19537032  0.168699    0.01427544]]
[[ 0.13275869 -0.76195442 -0.3772043  -0.24376111  0.20947695  0.01432206]]
[[ 0.18585409 -0.49221109 -0.3749179  -0.16661126  0.14732378  0.01956511]]
[[ 0.20630757 -0.43503396 -0.35524651 -0.15233631  0.12851593  0.01662978]]
[[ 0.15947269 -0.70501262 -0.3654596  -0.22898824  0.18707394  0.01157199]]
[[ 0.15671374 -0.74328612 -0.37670396 -0.23797244  0.19276378  0.01500769]]
[[ 0.20265956 -0.44383673 -0.37525056 -0.1575729   0.13193028  0.01972625]]
[[ 0.20147105 -0.48653977 -0.36210366 -0.16490344  0.13142761  0.01654151]]
[[ 0.15169157 -0.75020225 -0.37923106 -0.23905962  0.19153311  0.01254864]]
[[ 0.18236073 -0.6457661  -0.39036823 -0.21992915  0.17184319  0.01591534]]
[[ 0.22227096 -0.39633497 -0.36240955 -0.13718884  0.10828577  0.01613822]]
[[ 0.17726506 -0.58397083 -0.35548008 -0.18481591  0.14363331  0.01233024]]
[[ 0.14976086 -0.80728254 -0.38927703 -0.25157953  0.19388922  0.01071239]]
[[ 0.18538621 -0.58962648 -0.40538158 -0.20715437  0.15542115  0.01599891]]
[[ 0.19104822 -0.38259975 -0.36643573 -0.13614669  0.10960698  0.02024118]]
[[ 0.15045632 -0.67660758 -0.37387548 -0.20943051  0.15788501  0.01052858]]
[[ 0.14194965 -0.82665722 -0.40410535 -0.25963945  0.19147423  0.01151971]]
[[ 0.21175446 -0.46088359 -0.39637967 -0.15568884  0.11017758  0.01643863]]
[[ 0.1791855  -0.44130193 -0.37733584 -0.13928886  0.10405953  0.01417819]]
[[ 0.10396653 -0.77472478 -0.40157037 -0.23334556  0.18859265  0.01182985]]
[[ 0.12429583 -0.75805789 -0.41889749 -0.24503245  0.19328976  0.0136937 ]]
[[ 0.19031976 -0.40643102 -0.38919761 -0.14147962  0.11157182  0.0174932 ]]
[[ 0.15359499 -0.55568489 -0.37620021 -0.17000422  0.13093308  0.01488432]]
[[ 0.1187406  -0.80753964 -0.39838537 -0.25222716  0.19627026  0.01323613]]
[[ 0.16365127 -0.65509722 -0.40508487 -0.21381365  0.16318591  0.01721759]]
[[ 0.193554   -0.41625688 -0.36579553 -0.13855375  0.11327044  0.01616392]]
[[ 0.14344445 -0.64222518 -0.36939647 -0.20537041  0.16482135  0.01250865]]
[[ 0.12946993 -0.81733743 -0.39221859 -0.26211519  0.2088927   0.01433682]]
[[ 0.18933362 -0.55263864 -0.38240688 -0.18377747  0.14206868  0.01748563]]
[[ 0.18863578 -0.45317501 -0.3498841  -0.14988657  0.12324945  0.01763953]]
[[ 0.14422243 -0.72039625 -0.36452908 -0.22696804  0.18418689  0.01291903]]
[[ 0.14892166 -0.767032   -0.38051639 -0.2594815   0.20297016  0.01378556]]
[[ 0.20782174 -0.46931844 -0.3531698  -0.16688644  0.13228608  0.01514549]]
[[ 0.19820123 -0.52225881 -0.34021948 -0.1734199   0.13280752  0.01425373]]
[[ 0.16119122 -0.76635801 -0.35988947 -0.24630994  0.19251928  0.0116424 ]]
[[ 0.17722292 -0.68750871 -0.38779691 -0.2367048   0.18145414  0.01360785]]
[[ 0.21914446 -0.41537189 -0.35004219 -0.15225759  0.12050612  0.01651532]]
[[ 0.1607598  -0.56086322 -0.34937472 -0.18727245  0.15495308  0.01452486]]
[[ 0.14161052 -0.79336555 -0.37527805 -0.25943479  0.20829723  0.01264923]]
[[ 0.19227186 -0.56934052 -0.36549283 -0.19538852  0.15381828  0.01299106]]
[[ 0.20665921 -0.40972118 -0.32757358 -0.13642678  0.11030063  0.01626815]]
[[ 0.15390749 -0.63777063 -0.33515683 -0.19863095  0.16172595  0.01481704]]
[[ 0.1459823  -0.79192339 -0.36819676 -0.26304452  0.20817524  0.01286897]]
[[ 0.18250531 -0.48149077 -0.3568134  -0.16893746  0.14536487  0.01862225]]
[[ 0.17709422 -0.41823417 -0.3226183  -0.13848399  0.12527734  0.01800078]]
[[ 0.13255056 -0.73067066 -0.35031281 -0.21849268  0.18632261  0.01344237]]
[[ 0.15962248 -0.7725343  -0.37727155 -0.25331632  0.19602344  0.01237632]]
[[ 0.23051671 -0.44642979 -0.34735862 -0.14841322  0.11648157  0.01834724]]
[[ 0.20100165 -0.50747698 -0.3243552  -0.14829559  0.11619235  0.01420206]]
[[ 0.17452529 -0.83264129 -0.36311661 -0.25353219  0.19377906  0.01060736]]
[[ 0.1934094  -0.71331906 -0.38959053 -0.23304366  0.16956667  0.01514576]]
[[ 0.23217952 -0.35071854 -0.3166486  -0.11076776  0.08882016  0.01650559]]
[[ 0.18018842 -0.57280059 -0.32165386 -0.17391175  0.13591301  0.01568744]]
[[ 0.14734805 -0.8698366  -0.35685788 -0.27919545  0.21406745  0.01263358]]
[[ 0.20309364 -0.53037743 -0.3386942  -0.17052016  0.13470085  0.01605268]]
[[ 0.22801281 -0.35045703 -0.29873248 -0.10429393  0.07878756  0.01588081]]
[[ 0.16166278 -0.69584852 -0.31330462 -0.20593197  0.16499717  0.01424819]]
[[ 0.16001279 -0.84027134 -0.35716942 -0.26745465  0.19997241  0.01217347]]
[[ 0.23945992 -0.40722475 -0.32743829 -0.13353853  0.10096448  0.01566151]]
[[ 0.22371615 -0.43244802 -0.31238069 -0.12158877  0.08336416  0.01485539]]
[[ 0.18082609 -0.80822434 -0.34061648 -0.23891956  0.17828624  0.01135086]]
[[ 0.19912759 -0.74741792 -0.36793505 -0.23278596  0.16367658  0.01369419]]
[[ 0.25712025 -0.35050064 -0.31162465 -0.09469031  0.06358082  0.01619504]]
[[ 0.21961472 -0.54186085 -0.31430149 -0.16203507  0.10831427  0.01386263]]
[[ 0.17602545 -0.86506276 -0.36164542 -0.26715292  0.19098179  0.00970189]]
[[ 0.21895336 -0.5945658  -0.35395178 -0.18966698  0.13781785  0.01423281]]
[[ 0.24513786 -0.35802645 -0.30272533 -0.10724991  0.07403984  0.01769875]]
[[ 0.20232084 -0.68243217 -0.31487706 -0.1941344   0.13967196  0.01310508]]
[[ 0.19808926 -0.86681592 -0.35258036 -0.27255697  0.18697048  0.01009826]]
[[ 0.25904286 -0.45883582 -0.32603306 -0.14486052  0.09932198  0.01377424]]
[[ 0.24625798 -0.41522977 -0.30702236 -0.12699294  0.08066844  0.01446504]]
[[ 0.19188067 -0.77818631 -0.33343012 -0.22857816  0.17048105  0.0104133 ]]
[[ 0.190305   -0.80906716 -0.3688321  -0.25513962  0.1824239   0.0113222 ]]
[[ 0.26179741 -0.36182983 -0.31376194 -0.10015863  0.07159444  0.01721948]]
[[ 0.22143411 -0.48777506 -0.31516004 -0.13962635  0.09424623  0.0154091 ]]
[[ 0.17965747 -0.9033676  -0.36248112 -0.27335062  0.19560886  0.01163272]]
[[ 0.21904588 -0.69972745 -0.36933304 -0.21304291  0.14408081  0.01202803]]
[[ 0.25263901 -0.3293066  -0.3098458  -0.08166477  0.05313485  0.01589529]]
[[ 0.20975375 -0.63110146 -0.32679089 -0.17929064  0.12005836  0.01008828]]
[[ 0.17580568 -0.9676125  -0.37172007 -0.29187344  0.19689958  0.00972296]]
[[ 0.23574157 -0.57576419 -0.34671542 -0.16426744  0.10676185  0.01365057]]
[[ 0.22726597 -0.38848146 -0.32159321 -0.10297321  0.06052778  0.01338153]]
[[ 0.18765971 -0.83879746 -0.35074899 -0.24376099  0.16783149  0.01026128]]
[[ 0.21510771 -0.80779894 -0.37375707 -0.25097295  0.16346002  0.01218053]]
[[ 0.25292124 -0.386825   -0.31642141 -0.11267072  0.07099238  0.01492869]]
[[ 0.21149466 -0.64255342 -0.33188598 -0.18669356  0.12798006  0.011747  ]]
[[ 0.21089355 -0.85723325 -0.36073276 -0.26336899  0.18352377  0.01117602]]
[[ 0.25660274 -0.44945118 -0.30762123 -0.12876723  0.0921444   0.01494181]]
[[ 0.23458512 -0.49230394 -0.29840978 -0.14312097  0.10101186  0.01367359]]
[[ 0.2232242  -0.86678878 -0.35465775 -0.27497053  0.19113073  0.01231249]]
[[ 0.25699418 -0.59039771 -0.33451139 -0.18613998  0.12827713  0.01453665]]
[[ 0.26809709 -0.41686508 -0.29814717 -0.13475999  0.0915348   0.01648068]]
[[ 0.23603377 -0.76862093 -0.31495449 -0.24180759  0.17516001  0.01310958]]
[[ 0.24341949 -0.76453875 -0.33347102 -0.25177906  0.17742318  0.01438329]]
[[ 0.27670331 -0.39030677 -0.28235735 -0.11839531  0.08795155  0.01615864]]
[[ 0.24578602 -0.62726712 -0.30593597 -0.1871375   0.13608561  0.0130243 ]]
[[ 0.2322046  -0.844672   -0.34419003 -0.26935422  0.1904048   0.01205707]]
[[ 0.17741453 -0.47148656 -0.31510716 -0.16458817  0.08111308  0.01289042]]
[[ 0.00631375 -0.36923456 -0.23334781 -0.26452018  0.01459982  0.0044258 ]]
[[ 0.51828005 -0.22831769  0.51379491 -0.62123175  0.28265482  0.07212838]]
[[ 0.77150502  0.75201761  1.56826527 -1.11653058  0.34989188  0.14501721]]
[[ 0.93512217  1.27120774  2.36010057 -1.44859473  0.39399755  0.20159778]]
[[ 1.00513505  1.34462224  2.35076925 -1.50981355  0.44466257  0.23332132]]
[[ 0.85355914  1.21918882  1.28528042 -1.27779197  0.43518038  0.22469225]]
[[ 0.69447435  0.60493372  0.73115961 -0.92995174  0.35311324  0.15725135]]
[[ 0.56500949  0.20979423  0.41879693 -0.7043441   0.2994923   0.11282465]]
[[ 0.48684053 -0.02630725  0.21203881 -0.54693633  0.25820366  0.0835306 ]]
[[ 0.43691851 -0.19152772  0.07346029 -0.43809443  0.22686304  0.06311081]]
[[ 0.39420918 -0.3345719  -0.02615839 -0.37346902  0.21474217  0.04911644]]
[[ 0.36725059 -0.42310524 -0.09193681 -0.32304135  0.20350923  0.03919178]]
[[ 0.35371841 -0.46159493 -0.13454286 -0.28808616  0.1910071   0.03307805]]
[[ 0.33995045 -0.48859673 -0.16577833 -0.26089836  0.18180164  0.02867029]]
[[ 0.33233548 -0.52537014 -0.18437324 -0.24942562  0.18049067  0.02566611]]
[[ 0.32373466 -0.55745212 -0.19697975 -0.24387951  0.18064863  0.02354465]]
[[ 0.32115812 -0.55639778 -0.20602191 -0.23561217  0.17643259  0.02238601]]
[[ 0.32214613 -0.55484422 -0.21249312 -0.22733521  0.17321466  0.02164788]]
[[ 0.31764216 -0.56609105 -0.21748582 -0.22471274  0.17255156  0.02074237]]
[[ 0.31366724 -0.58540503 -0.22262451 -0.22639954  0.17464288  0.0200361 ]]
[[ 0.31524479 -0.58416057 -0.22404958 -0.22363455  0.17431495  0.01988814]]
[[ 0.3171182  -0.57070963 -0.22522826 -0.2201359   0.17112001  0.01992632]]
[[ 0.31639163 -0.57499444 -0.22631403 -0.21913405  0.17092857  0.01961452]]
[[ 0.31433461 -0.58536983 -0.22627647 -0.22118956  0.17335671  0.01931109]]
[[ 0.31109897 -0.59285368 -0.22938717 -0.22070551  0.17369882  0.01908221]]
[[ 0.32858141 -0.57838376 -0.22665472 -0.21815718  0.16533569  0.0190709 ]]
[[ 0.32906775 -0.57089232 -0.22310775 -0.21578571  0.16932512  0.01969375]]
[[ 0.3161098  -0.58497975 -0.22606142 -0.22250355  0.17729411  0.01987856]]
[[ 0.31945553 -0.59045645 -0.22984443 -0.2251463   0.17701322  0.01981895]]
[[ 0.32986466 -0.5701923  -0.22977251 -0.21566623  0.16693885  0.01939123]]
[[ 0.32776018 -0.56214175 -0.22619214 -0.21327819  0.16566916  0.01946176]]
[[ 0.32804107 -0.59102681 -0.2342773  -0.22688046  0.17476291  0.01976156]]
[[ 0.33790224 -0.58231199 -0.22215043 -0.22063777  0.16946878  0.01956223]]
[[ 0.33732408 -0.55626299 -0.21919931 -0.21197441  0.16634246  0.01978456]]
[[ 0.33852161 -0.5824832  -0.22630991 -0.22336742  0.17302137  0.01998287]]
[[ 0.34665409 -0.57974796 -0.21830344 -0.21809843  0.1667736   0.01945941]]
[[ 0.33938366 -0.56169279 -0.21271089 -0.21259957  0.16766131  0.01975311]]
[[ 0.33362617 -0.5676485  -0.21266909 -0.21608442  0.17543351  0.02029208]]
[[ 0.34006604 -0.57073007 -0.21857769 -0.21991274  0.17660342  0.02060576]]
[[ 0.33584196 -0.55211895 -0.21752424 -0.21314365  0.17440405  0.0210115 ]]
[[ 0.34112671 -0.56206078 -0.21233121 -0.21551704  0.17297808  0.02038841]]
[[ 0.35112529 -0.58118283 -0.21651464 -0.22103154  0.16953341  0.01975732]]
[[ 0.35550505 -0.56410651 -0.21261116 -0.21767446  0.16656918  0.02003713]]
[[ 0.36223419 -0.5539355  -0.21076634 -0.21244456  0.16231677  0.01996786]]
[[ 0.35588289 -0.56580299 -0.20948275 -0.21442322  0.16738773  0.01991802]]
[[ 0.34834429 -0.5678162  -0.21308027 -0.2170849   0.17097885  0.02024087]]
[[ 0.35141989 -0.55554052 -0.2168538  -0.21768147  0.17336621  0.02102644]]
[[ 0.34269758 -0.53770693 -0.21489492 -0.2159533   0.17662984  0.0218931 ]]
[[ 0.34391601 -0.53854798 -0.21212495 -0.21529422  0.17599284  0.02023682]]
[[ 0.33828566 -0.54802767 -0.2078594  -0.22035686  0.18232495  0.02059199]]
[[ 0.35298898 -0.5407765  -0.20591792 -0.21668582  0.17510607  0.01996639]]
[[ 0.35275224 -0.54233244 -0.20296684 -0.21958552  0.17602807  0.02249311]]
[[ 0.35342825 -0.53298219 -0.2048966  -0.21695381  0.1748558   0.02167594]]
[[ 0.36027345 -0.54577456 -0.20529166 -0.21958437  0.17289942  0.02276845]]
[[ 0.36131593 -0.54733301 -0.2073537  -0.22397158  0.1741578   0.02005686]]
[[ 0.37096228 -0.54430698 -0.2067929  -0.2206149   0.16907201  0.02191513]]
[[ 0.37688571 -0.53238287 -0.20924272 -0.21543094  0.16204081  0.02100677]]
[[ 0.37330209 -0.54845686 -0.20494324 -0.22330147  0.16848131  0.02078612]]
[[ 0.36296783 -0.55385671 -0.20364669 -0.22491606  0.17379375  0.02082807]]
[[ 0.36038276 -0.54031438 -0.21134875 -0.22330916  0.1739216   0.02223906]]
[[ 0.36402745 -0.51391738 -0.20697336 -0.21752155  0.16823291  0.02056844]]
[[ 0.36628282 -0.53743559 -0.20149974 -0.21962841  0.16676004  0.02262513]]
[[ 0.35847216 -0.56605627 -0.21239477 -0.23325927  0.17581186  0.02231241]]
[[ 0.37280932 -0.53968198 -0.21887227 -0.22706515  0.16811796  0.02348825]]
[[ 0.35448967 -0.5075169  -0.21204312 -0.21790813  0.16872564  0.022336  ]]
[[ 0.35820605 -0.55596059 -0.21971581 -0.23230652  0.17585233  0.02330446]]
[[ 0.35251151 -0.55672579 -0.21770881 -0.23646794  0.18245259  0.02042268]]
[[ 0.3652062  -0.52795484 -0.21126207 -0.22509611  0.16918946  0.02201323]]
[[ 0.37342247 -0.50920815 -0.21136906 -0.21879978  0.16124609  0.02020912]]
[[ 0.36083097 -0.5514286  -0.20996163 -0.22909442  0.1697581   0.02236199]]
[[ 0.35733127 -0.56670151 -0.21826805 -0.23785704  0.17625166  0.02315996]]
[[ 0.36524071 -0.52104746 -0.21562515 -0.22744273  0.16645422  0.02193829]]
[[ 0.35637409 -0.49787614 -0.20819684 -0.21779472  0.16282178  0.02222571]]
[[ 0.33363586 -0.54138828 -0.22149949 -0.23314173  0.17791373  0.02308956]]
[[ 0.52596849 -0.6431181  -0.36758184 -0.2340228   0.2121725   0.02055871]]
[[ 0.63033653 -0.54699975 -0.48600379 -0.21015105  0.20764116  0.01758897]]
[[ 1.20580198  0.63074243  0.55120441 -0.34012063  0.19632815 -0.04091457]]
[[ 2.15016364  3.59359494  5.3130648  -0.52650327  0.02291675 -0.12442605]]
[[ 3.34401494  6.71929987 10.32135415 -0.66164035 -0.18652103 -0.21943216]]
[[ 4.79794055  9.62250538 14.63060929 -0.80467814 -0.31601186 -0.32978011]]
[[ 6.0801549  11.79409245 17.4934274  -0.89350817 -0.3802564  -0.4335568 ]]
[[ 6.4814422  12.70586649 17.84564639 -0.91028164 -0.42435598 -0.48310608]]
[[ 6.06446568 11.73355618 16.15380035 -0.9258668  -0.36664023 -0.44049205]]
[[ 4.8061526   8.25501765 12.23692338 -0.86693362 -0.14028967 -0.31272031]]
[[ 3.51781794  3.9692325   7.37057807 -0.59089843  0.02598327 -0.18631813]]
[[ 2.1620197  -1.02123109  2.20781853 -0.20080248  0.18348631 -0.07516922]]
[[ 0.82421303 -5.69311092 -2.35695771  0.27991615  0.27903805 -0.0078802 ]]
[[ 0.02490126 -6.29142217 -3.87891891  1.01866441  0.01240735 -0.03359423]]
[[ 1.36734497 -6.10301456 -2.47280302 -0.0257231   0.57221601 -0.08472066]]
[[ 2.01548123 -1.2602779  -0.34797476  0.39658385 -0.0691072  -0.127472  ]]
[[ 2.36167555  1.15808136  1.10709888  0.13715609 -0.17066178 -0.15934357]]
[[ 3.12227192  4.04665435  3.15804418 -0.2833262  -0.2262522  -0.21048686]]
[[ 4.16796613  8.27488215  5.4485209  -0.309073   -0.56870598 -0.3056603 ]]
[[ 5.59116608 11.81341103  8.19797681 -0.56887003 -0.67223978 -0.42391152]]
[[ 6.51101447 14.34566653 10.00765517 -0.71194004 -0.75541294 -0.53017882]]
[[ 7.19706152 15.72936251 11.43093348 -0.83502398 -0.77733513 -0.6338741 ]]
[[ 6.61537822 15.23139295 10.27660186 -0.76977436 -0.81433881 -0.59880576]]
[[ 5.8538831  13.28075355  7.93542754 -0.81781104 -0.74176986 -0.5054943 ]]
[[ 4.69990737 10.50510269  5.46949663 -0.77524012 -0.5423015  -0.40629575]]
[[ 4.1041555   9.22705467  4.02390738 -0.78794422 -0.4830086  -0.35151662]]
[[ 5.54085336 11.67371101  6.19654693 -1.03602072 -0.5070618  -0.48742876]]
[[ 6.30371845 14.07120955  9.1489544  -1.1197965  -0.54213609 -0.6403568 ]]
[[ 6.32684022 15.01193312  9.78592539 -1.16075971 -0.65579773 -0.69699658]]
[[ 6.00372601 14.63203947  9.46935079 -1.36502013 -0.61978759 -0.69441499]]
[[ 5.40802002 13.71480639  8.36266408 -1.29905569 -0.66001685 -0.64188579]]
[[ 5.17942467 12.04217958  7.2189302  -1.49065487 -0.4501991  -0.57037608]]
[[ 4.52254466 10.94859571  6.02950396 -1.27901784 -0.46304072 -0.50020594]]
[[ 3.89038964  8.70102082  4.28198441 -1.27746288 -0.26743286 -0.4119892 ]]
[[ 3.34451266  7.24951325  2.96997287 -1.18539282 -0.20455086 -0.3582973 ]]
[[ 2.91485337  6.65967655  2.1097489  -1.03447389 -0.23882436 -0.32183777]]
[[ 2.60971951  5.71294017  1.38213613 -1.0252399  -0.15792175 -0.29077102]]
[[ 2.34838625  4.76496367  0.7551993  -1.02585367 -0.07645061 -0.25825094]]
[[ 2.0217197   3.87568562  0.24807042 -0.85997899 -0.0728886  -0.21852421]]
[[ 1.58615001  2.40018787 -0.20553414 -0.72322894 -0.01800553 -0.16457113]]
[[ 1.01558089  1.01450738 -0.39666781 -0.60772073  0.02972966 -0.11798781]]
[[ 0.74440734  0.32830743 -0.43861063 -0.53346185  0.0441306  -0.08593814]]
[[ 0.76308758  0.33451575 -0.53721376 -0.52011826  0.05535465 -0.07485649]]
[[ 1.03608704  1.16972746 -0.25331417 -0.60844517  0.03175196 -0.09032854]]
[[ 1.42988393  2.58342603  0.33744627 -0.73079887 -0.03584426 -0.12458828]]
[[ 1.73178595  3.67118779  0.73877492 -0.8240677  -0.08957829 -0.15215505]]
[[ 1.95489164  4.3716407   0.87901561 -0.90886767 -0.11158231 -0.17247397]]
[[ 2.0699149   4.91585264  0.95051903 -0.95852513 -0.14572117 -0.18696498]]
[[ 2.54954146  6.61914401  2.17363897 -1.1292745  -0.20833657 -0.24866861]]
[[ 4.03335407 10.3489397   6.27271011 -1.40324624 -0.36223288 -0.35428216]]
[[ 5.4349112  13.51164639 11.10869564 -1.83852491 -0.37279389 -0.49616102]]
[[ 5.89566606 15.03321285 13.93748271 -1.95942922 -0.39019874 -0.64164582]]
[[ 6.10893816 15.53245238 14.71984783 -1.86249673 -0.44815387 -0.7170824 ]]
[[ 6.30817518 14.70108367 13.97227083 -2.09012414 -0.28428386 -0.71864629]]
[[ 6.18729729 13.54339526 12.38539104 -2.09837602 -0.19874738 -0.66126504]]
[[ 5.94332056 11.19135153 10.2283904  -2.17867687  0.05440095 -0.58794655]]
[[ 5.42550273  9.17980189  8.07022237 -2.08326633  0.17141494 -0.52015141]]
[[ 4.68976855  7.7353198   6.2964736  -1.86149213  0.17952925 -0.45129177]]
[[ 4.07413925  5.62976455  4.54196507 -1.79278015  0.31517759 -0.38679092]]
[[ 3.46445579  3.72707326  2.8936634  -1.76212383  0.44295923 -0.3287755 ]]
[[ 3.28394821  3.76929117  2.87110575 -1.65171599  0.3965208  -0.33262861]]
[[ 3.11047564  3.08964214  3.02421683 -1.73006412  0.52225057 -0.32567978]]
[[ 2.58680938  2.40404466  2.4347959  -1.54483976  0.47193282 -0.28019501]]
[[ 1.89498365  0.73745232  1.00364252 -1.33629533  0.47503992 -0.21541363]]
[[ 1.34654976 -1.4405092  -0.81661371 -1.20909168  0.54645352 -0.16665398]]
[[ 0.68195074 -3.41736864 -2.96527615 -0.93238563  0.56794473 -0.10642524]]
[[-0.3803215  -7.35679052 -5.23724467 -0.36072999  0.5984038  -0.03744061]]
[[-1.32282196e+00 -1.10069938e+01 -5.93256351e+00  1.90202604e-01
   6.18921295e-01  2.28784186e-03]]
[[ -1.56580261 -12.70511033  -5.21618657   0.29091793   0.69083273
    0.02205969]]
[[ -2.21392695 -14.51240057  -5.61949514   0.72305234   0.6504028
    0.04171551]]
[[ -2.36310312 -15.6537208   -5.5075963    0.89285884   0.66602618
    0.02172226]]
[[-2.06632556e+00 -1.60038224e+01 -5.82022003e+00  9.25992264e-01
   7.21591863e-01  9.97384127e-03]]
[[-1.80687949e+00 -1.60593007e+01 -6.84800858e+00  9.90629952e-01
   7.55819234e-01  1.24470037e-02]]
[[ -1.38505666 -14.35445367  -6.97184368   0.81251586   0.73378343
    0.02018565]]
[[ -1.0033012  -11.15167248  -5.91499438   0.54627157   0.58510774
    0.01735187]]
[[-7.12078472e-01 -8.18647528e+00 -4.20098288e+00  1.61210174e-01
   4.86319991e-01  4.33733189e-03]]
[[-4.58704285e-01 -5.88850322e+00 -3.00469972e+00 -1.21132607e-03
   3.59416030e-01 -6.80205605e-04]]
[[-0.31940995 -4.60313404 -2.19419509 -0.17279329  0.31786617 -0.00816366]]
[[-0.2156834  -3.77933645 -1.65883394 -0.32293965  0.30866832 -0.01379323]]
[[-0.10600587 -2.97231526 -1.28433204 -0.35659456  0.24662093 -0.01487634]]
[[-0.04588786 -2.53332686 -1.04624958 -0.41438062  0.23598249 -0.01537648]]
[[-0.04057635 -2.413146   -0.89239727 -0.50324777  0.26210212 -0.01887973]]
[[-0.00580884 -2.06399264 -0.74555177 -0.48140803  0.22052899 -0.01785328]]
[[ 0.00923435 -1.82099699 -0.65579662 -0.46853574  0.19114311 -0.01769731]]
[[ 0.00981246 -1.91840315 -0.62987014 -0.54596899  0.23495002 -0.02024068]]
[[ 0.00587514 -1.85651392 -0.59003918 -0.55149481  0.23036434 -0.02075372]]
[[ 0.02801673 -1.62130324 -0.52465541 -0.49640217  0.18760981 -0.0185351 ]]
[[ 0.02533329 -1.67410539 -0.52258378 -0.52571745  0.20503982 -0.0197881 ]]
[[ 0.02118456 -1.78795182 -0.5367491  -0.5770693   0.23515837 -0.02073483]]
[[ 0.03516794 -1.62987742 -0.50884928 -0.53529218  0.2053613  -0.018432  ]]
[[ 0.04140517 -1.58243002 -0.49184398 -0.52065035  0.1937881  -0.0186763 ]]
[[ 0.04037418 -1.68424199 -0.502231   -0.55717068  0.2185573  -0.01973728]]
[[ 0.03822585 -1.68751393 -0.4971936  -0.56061972  0.22112159 -0.01983162]]
[[ 0.05238621 -1.61028757 -0.48451503 -0.5418492   0.20869072 -0.01833003]]
[[ 0.05530143 -1.59810272 -0.48409389 -0.5419868   0.20830593 -0.01794459]]
[[ 0.05009312 -1.65199402 -0.48560208 -0.55537008  0.21784999 -0.01896536]]
[[ 0.04748493 -1.67291998 -0.48749724 -0.56336839  0.22364769 -0.01915831]]
[[ 0.0572716  -1.6212966  -0.48229088 -0.55076635  0.21496466 -0.01817518]]
[[ 0.05811262 -1.59508629 -0.48070869 -0.54384438  0.2098471  -0.01782105]]
[[ 0.05193881 -1.63180278 -0.48313013 -0.55436516  0.21518852 -0.01859835]]
[[ 0.04869835 -1.66176074 -0.48575148 -0.56204651  0.22175248 -0.01902733]]
[[ 0.05351552 -1.62993341 -0.48364083 -0.5543459   0.21631369 -0.01842339]]
[[ 0.05807451 -1.59391239 -0.47762609 -0.54719891  0.2099783  -0.01786731]]
